  diet: larder=fruit onlyfood=on
  odometer A: recur=shipped emita=shipped biasa=shipped   odometer B: charb=shipped recurb=shipped emitb=shipped biasb=shipped carryb=shipped
trailfollow: mode=gap gate=shipped frames=24000 seeds=24 seed0=1 ants=20 relay=60 near=10 food=400 refill=400 stop=6000 homebias=shipped cropcap=shipped hungergate=shipped arho=shipped brho=shipped adiffuse=shipped arise=off/off tumble=shipped persist=shipped tumblegrad=shipped homewire=shipped
  gate shipped: off -45.0  on +0.5  along ±6.0
  breadoff=false decisioncsv=true dtag= COLONY_SPACING=2 STACK_DEPTH=4 layfrom=founders
  landed 2026-09-09: units 0/1 = b2 (off -45, on +0.5, along 6); units 2/3 = saturated (off -45, on +30, along 6). See open-bugs-handoff.md Z7.

  gap seed   arm     alive     ate J  arrive@    dead@    carry    @nest  visitors  trips reach 0-25-50-75-100
----- ---- ----- --------- --------- -------- -------- -------- -------- --------- ------ ------------------
    DECISION CENSUS: 12599 decisions, reconciled against the rows and the engine's counters
      leg     setting          n  stepped    felllaunched swappedcrossingreversedblocked_roll_fairoll_fai no_body
      empty   pocket         520    14.0%   35.0%    0.0%    0.0%    0.0%    0.0%    5.6%   23.7%   21.7%    0.0%
      empty   corridor      1913    49.1%    4.0%    0.0%    0.0%    0.0%    0.0%    1.7%   21.9%   23.3%    0.0%
      empty   junction      5896    38.8%    5.8%    0.0%    0.0%    0.0%    0.0%    1.2%   27.1%   27.1%    0.0%
      empty   open          2143    39.6%    7.2%    0.0%    0.0%    0.0%    0.0%    0.0%   26.8%   26.4%    0.0%
      spoil   pocket         554    27.8%    1.4%    0.0%    0.0%    0.0%    0.0%   24.9%   20.9%   24.9%    0.0%
      spoil   corridor       564    45.0%    0.4%    0.0%    0.0%    0.0%    0.0%    9.6%   23.2%   21.8%    0.0%
      spoil   junction       919    46.6%    1.0%    0.0%    0.0%    0.0%    0.0%    5.2%   23.7%   23.5%    0.0%
      spoil   open            90    46.7%    4.4%    0.0%    0.0%    0.0%    0.0%    0.0%   25.6%   23.3%    0.0%
    DECISIONS: rows not written (decisionnorows)
   90    1  mute    0/0            0        0     4662        0        0    0/20        0         16 2 2 0 0
                A READ  ant-readable homeward along >= 0.02 on  57.6% of route-cell samples | FOODWARD   0.5% | plane lit on  58.4% | peak amt  65535 cells  57
                THE LOOP, ANT BY ANT:
                  0. lived                                     20    100.0% of prev    100.0% of all
                  1. reached the food                           0      0.0% of prev      0.0% of all
                  2. picked food up out there                   0      0.0% of prev      0.0% of all
                  3. turned for home with it                    0      0.0% of prev      0.0% of all
                  4. got back to the nest still holding it      0      0.0% of prev      0.0% of all
                  5. PUT IT DOWN there                          0      0.0% of prev      0.0% of all
                  6. went back out again                        0      0.0% of prev      0.0% of all
                  7. reached the food a SECOND time             0      0.0% of prev      0.0% of all
                RETURN LEDGER reached food    0 of   20 ants | came back    0 | trips laden    0 empty    0 | LOOPERS    0 of   20 ants ( 0.0% of those that reached food), repeat    0, most loops by one ant   0
                BY ANCHOR AT PICKUP  anchor ON nest material:    0 loops /    0 pickups (  0.0%) | anchor OFF it:    0 /    0 (  0.0%)
                BY BIRTH SITE  born ON comb:   0 of   0 that reached food looped (  0.0%) | born OFF comb:   0 of   0 (  0.0%)
                founded x   30..68   (nest cursor 48 MATERIAL x 26..70 20 of 20 founders born on it; food 138; nearest founder 70 cells out, farthest 108, nominal gap 90)  occupancy/1k [57 13 2 1 0 0 0 0]  carry->nest       0  born    0 died   20 (starved   20)
                own trail: route pk    0 end    0 along +0.0000  B nest->food [0,0,0,0,0]  blocked      372  kin swaps       0  ticks     12599  tumbles      3576 (homeward        0, 0.00%)  drops       0  DELIVERED     0  leg home n    0 med     0 p90     0 (laden n    0 med     0 p90     0)  appetite held         0 J of         0  trips born-on-comb    0 (20 ants) / born-off    0 (0 ants)
                channel A: PEAK amt  65535 cells   57 (of 91 route)  POLARITY|| +0.27755 && +0.27171 SPAN +0.01401 edge   6.0  end nest->food [12079,7114,783,0,0]  nest   25  AtNest 39.54%
                Carrying: laden     12762  of which SPOIL     12762 (100.0%)
    DECISION CENSUS: 12346 decisions, reconciled against the rows and the engine's counters
      leg     setting          n  stepped    felllaunched swappedcrossingreversedblocked_roll_fairoll_fai no_body
      empty   pocket         993    24.0%   16.8%    0.0%    0.0%    0.0%    0.0%   12.9%   23.5%   22.9%    0.0%
      empty   corridor      1615    44.6%    4.2%    0.0%    0.0%    0.0%    0.0%    1.9%   25.4%   23.9%    0.0%
      empty   junction      5433    38.3%    6.3%    0.0%    0.0%    0.0%    0.0%    1.0%   27.5%   26.9%    0.0%
      empty   open          1964    42.6%    9.0%    0.0%    0.0%    0.0%    0.0%    0.0%   23.7%   24.7%    0.0%
      spoil   pocket         848    30.8%    0.9%    0.0%    0.0%    0.0%    0.0%   26.5%   21.0%   20.8%    0.0%
      spoil   corridor       593    41.7%    0.5%    0.0%    0.0%    0.0%    0.0%    6.9%   24.3%   26.6%    0.0%
      spoil   junction       742    45.6%    1.2%    0.0%    0.0%    0.0%    0.0%    3.6%   23.3%   26.3%    0.0%
      spoil   open           158    56.3%    5.7%    0.0%    0.0%    0.0%    0.0%    0.0%   19.0%   19.0%    0.0%
    DECISIONS: rows not written (decisionnorows)
   90    2  mute    0/0            0        0     4074        0        0    0/20        0         13 6 1 0 0
                A READ  ant-readable homeward along >= 0.02 on  51.5% of route-cell samples | FOODWARD   0.7% | plane lit on  57.3% | peak amt  65535 cells  55
                THE LOOP, ANT BY ANT:
                  0. lived                                     20    100.0% of prev    100.0% of all
                  1. reached the food                           0      0.0% of prev      0.0% of all
                  2. picked food up out there                   0      0.0% of prev      0.0% of all
                  3. turned for home with it                    0      0.0% of prev      0.0% of all
                  4. got back to the nest still holding it      0      0.0% of prev      0.0% of all
                  5. PUT IT DOWN there                          0      0.0% of prev      0.0% of all
                  6. went back out again                        0      0.0% of prev      0.0% of all
                  7. reached the food a SECOND time             0      0.0% of prev      0.0% of all
                RETURN LEDGER reached food    0 of   20 ants | came back    0 | trips laden    0 empty    0 | LOOPERS    0 of   20 ants ( 0.0% of those that reached food), repeat    0, most loops by one ant   0
                BY ANCHOR AT PICKUP  anchor ON nest material:    0 loops /    0 pickups (  0.0%) | anchor OFF it:    0 /    0 (  0.0%)
                BY BIRTH SITE  born ON comb:   0 of   0 that reached food looped (  0.0%) | born OFF comb:   0 of   0 (  0.0%)
                founded x   30..68   (nest cursor 48 MATERIAL x 26..70 20 of 20 founders born on it; food 138; nearest founder 70 cells out, farthest 108, nominal gap 90)  occupancy/1k [53 17 2 0 0 0 0 0]  carry->nest       0  born    0 died   20 (starved   20)
                own trail: route pk    0 end    0 along +0.0000  B nest->food [0,0,0,0,0]  blocked      505  kin swaps       0  ticks     12346  tumbles      3631 (homeward        0, 0.00%)  drops       0  DELIVERED     0  leg home n    0 med     0 p90     0 (laden n    0 med     0 p90     0)  appetite held         0 J of         0  trips born-on-comb    0 (20 ants) / born-off    0 (0 ants)
                channel A: PEAK amt  65535 cells   55 (of 91 route)  POLARITY|| +0.27054 && +0.26579 SPAN +0.02266 edge   6.0  end nest->food [11572,7860,822,0,0]  nest   25  AtNest 39.01%
                Carrying: laden     14046  of which SPOIL     14046 (100.0%)
    DECISION CENSUS: 13060 decisions, reconciled against the rows and the engine's counters
      leg     setting          n  stepped    felllaunched swappedcrossingreversedblocked_roll_fairoll_fai no_body
      empty   pocket         573    14.8%   30.7%    0.0%    0.0%    0.0%    0.0%    8.6%   24.3%   21.6%    0.0%
      empty   corridor      2300    49.7%    2.4%    0.0%    0.0%    0.0%    0.0%    1.3%   23.6%   23.0%    0.0%
      empty   junction      5703    37.3%    4.5%    0.0%    0.0%    0.0%    0.0%    0.9%   28.2%   29.0%    0.0%
      empty   open          1648    39.7%    6.9%    0.0%    0.0%    0.0%    0.0%    0.0%   27.4%   26.1%    0.0%
      laden   corridor       225    22.2%    0.4%    0.0%    0.0%    0.0%    0.0%    0.0%   37.8%   39.6%    0.0%
      laden   junction        65    20.0%    0.0%    0.0%    0.0%    0.0%    0.0%    0.0%   35.4%   44.6%    0.0%
      spoil   pocket         615    28.6%    3.7%    0.0%    0.0%    0.0%    0.0%   21.6%   22.4%   23.6%    0.0%
      spoil   corridor       781    49.6%    0.3%    0.0%    0.0%    0.0%    0.0%    8.2%   20.1%   21.9%    0.0%
      spoil   junction      1026    48.5%    1.3%    0.0%    0.0%    0.0%    0.0%    3.7%   24.4%   22.1%    0.0%
      spoil   open           124    50.8%    2.4%    0.0%    0.0%    0.0%    0.0%    0.0%   24.2%   22.6%    0.0%
    DECISIONS: rows not written (decisionnorows)
   90    3  mute    0/0          228     2052     6204     1740      300    1/20        1         11 4 3 2 0
                A READ  ant-readable homeward along >= 0.02 on  67.5% of route-cell samples | FOODWARD   2.1% | plane lit on  72.0% | peak amt  65535 cells  88
                THE LOOP, ANT BY ANT:
                  0. lived                                     20    100.0% of prev    100.0% of all
                  1. reached the food                           1      5.0% of prev      5.0% of all
                  2. picked food up out there                   1    100.0% of prev      5.0% of all
                  3. turned for home with it                    1    100.0% of prev      5.0% of all
                  4. got back to the nest still holding it      1    100.0% of prev      5.0% of all
                  5. PUT IT DOWN there                          1    100.0% of prev      5.0% of all
                  6. went back out again                        1    100.0% of prev      5.0% of all
                  7. reached the food a SECOND time             0      0.0% of prev      0.0% of all
                RETURN LEDGER reached food    1 of   20 ants | came back    1 | trips laden    1 empty    0 | LOOPERS    1 of   20 ants (100.0% of those that reached food), repeat    0, most loops by one ant   1
                BY ANCHOR AT PICKUP  anchor ON nest material:    1 loops /    1 pickups (100.0%) | anchor OFF it:    0 /    0 (  0.0%)
                BY BIRTH SITE  born ON comb:   1 of   1 that reached food looped (100.0%) | born OFF comb:   0 of   0 (  0.0%)
                LEGS legs[1339] laden[1339]
                founded x   30..68   (nest cursor 48 MATERIAL x 26..70 20 of 20 founders born on it; food 138; nearest founder 70 cells out, farthest 108, nominal gap 90)  occupancy/1k [52 13 5 3 1 1 0 0]  carry->nest      62  born    0 died   20 (starved   19)
                own trail: route pk    0 end    0 along +0.0000  B nest->food [0,0,0,0,0]  blocked      368  kin swaps       0  ticks     13061  tumbles      3794 (homeward       27, 0.71%)  drops       0  DELIVERED     0  leg home n    1 med  1339 p90  1339 (laden n    1 med  1339 p90  1339)  appetite held         0 J of       960  trips born-on-comb    1 (20 ants) / born-off    0 (0 ants)
                channel A: PEAK amt  65535 cells   88 (of 91 route)  POLARITY|| +0.22839 && +0.23076 SPAN +0.02534 edge   5.8  end nest->food [12046,7986,1291,0,0]  nest   25  AtNest 40.36%
                Carrying: laden     17016  of which SPOIL     15276 ( 89.8%)
    DECISION CENSUS: 12396 decisions, reconciled against the rows and the engine's counters
      leg     setting          n  stepped    felllaunched swappedcrossingreversedblocked_roll_fairoll_fai no_body
      empty   pocket         580    13.3%   31.2%    0.0%    0.0%    0.0%    0.0%    4.8%   25.7%   25.0%    0.0%
      empty   corridor      1540    43.6%    4.7%    0.0%    0.0%    0.0%    0.0%    2.5%   25.6%   23.6%    0.0%
      empty   junction      6037    40.5%    5.8%    0.0%    0.0%    0.0%    0.0%    1.0%   26.3%   26.4%    0.0%
      empty   open          2412    42.7%    9.3%    0.0%    0.0%    0.0%    0.0%    0.0%   24.8%   23.3%    0.0%
      spoil   pocket         300    24.0%    4.3%    0.0%    0.0%    0.0%    0.0%   16.3%   25.7%   29.7%    0.0%
      spoil   corridor       444    39.2%    0.2%    0.0%    0.0%    0.0%    0.0%   11.7%   23.2%   25.7%    0.0%
      spoil   junction       928    49.1%    2.0%    0.0%    0.0%    0.0%    0.0%    4.2%   22.8%   21.8%    0.0%
      spoil   open           155    53.5%    5.8%    0.0%    0.0%    0.0%    0.0%    0.0%   24.5%   16.1%    0.0%
    DECISIONS: rows not written (decisionnorows)
   90    4  mute    0/0            0        0     4062        0        0    0/20        0         12 6 2 0 0
                A READ  ant-readable homeward along >= 0.02 on  57.2% of route-cell samples | FOODWARD   0.8% | plane lit on  63.3% | peak amt  65535 cells  67
                THE LOOP, ANT BY ANT:
                  0. lived                                     20    100.0% of prev    100.0% of all
                  1. reached the food                           0      0.0% of prev      0.0% of all
                  2. picked food up out there                   0      0.0% of prev      0.0% of all
                  3. turned for home with it                    0      0.0% of prev      0.0% of all
                  4. got back to the nest still holding it      0      0.0% of prev      0.0% of all
                  5. PUT IT DOWN there                          0      0.0% of prev      0.0% of all
                  6. went back out again                        0      0.0% of prev      0.0% of all
                  7. reached the food a SECOND time             0      0.0% of prev      0.0% of all
                RETURN LEDGER reached food    0 of   20 ants | came back    0 | trips laden    0 empty    0 | LOOPERS    0 of   20 ants ( 0.0% of those that reached food), repeat    0, most loops by one ant   0
                BY ANCHOR AT PICKUP  anchor ON nest material:    0 loops /    0 pickups (  0.0%) | anchor OFF it:    0 /    0 (  0.0%)
                BY BIRTH SITE  born ON comb:   0 of   0 that reached food looped (  0.0%) | born OFF comb:   0 of   0 (  0.0%)
                founded x   30..68   (nest cursor 48 MATERIAL x 26..70 20 of 20 founders born on it; food 138; nearest founder 70 cells out, farthest 108, nominal gap 90)  occupancy/1k [52 14 4 1 0 0 0 0]  carry->nest       0  born    0 died   20 (starved   20)
                own trail: route pk    0 end    0 along +0.0000  B nest->food [0,0,0,0,0]  blocked      267  kin swaps       0  ticks     12396  tumbles      3423 (homeward        0, 0.00%)  drops       0  DELIVERED     0  leg home n    0 med     0 p90     0 (laden n    0 med     0 p90     0)  appetite held         0 J of         0  trips born-on-comb    0 (20 ants) / born-off    0 (0 ants)
                channel A: PEAK amt  65535 cells   67 (of 91 route)  POLARITY|| +0.25486 && +0.25759 SPAN +0.01687 edge   6.0  end nest->food [11536,8289,1148,0,0]  nest   25  AtNest 38.69%
                Carrying: laden     10962  of which SPOIL     10962 (100.0%)
    DECISION CENSUS: 12569 decisions, reconciled against the rows and the engine's counters
      leg     setting          n  stepped    felllaunched swappedcrossingreversedblocked_roll_fairoll_fai no_body
      empty   pocket         725    23.9%   18.8%    0.0%    0.0%    0.0%    0.0%   13.0%   23.4%   21.0%    0.0%
      empty   corridor      1781    45.7%    3.1%    0.0%    0.0%    0.0%    0.0%    1.5%   24.8%   24.9%    0.0%
      empty   junction      5700    38.0%    5.5%    0.0%    0.0%    0.0%    0.0%    1.2%   27.5%   27.9%    0.0%
      empty   open          1910    39.9%    7.3%    0.0%    0.0%    0.0%    0.0%    0.0%   25.3%   27.4%    0.0%
      spoil   pocket        1025    29.1%    0.5%    0.0%    0.0%    0.0%    0.0%   22.0%   25.0%   23.5%    0.0%
      spoil   corridor       583    43.2%    0.3%    0.0%    0.0%    0.0%    0.0%    8.2%   25.2%   23.0%    0.0%
      spoil   junction       758    48.9%    0.8%    0.0%    0.0%    0.0%    0.0%    3.4%   25.7%   21.1%    0.0%
      spoil   open            87    65.5%    0.0%    0.0%    0.0%    0.0%    0.0%    0.0%   17.2%   17.2%    0.0%
    DECISIONS: rows not written (decisionnorows)
   90    5  mute    0/0            0        0     4404        0        0    0/20        0          9 9 2 0 0
                A READ  ant-readable homeward along >= 0.02 on  51.7% of route-cell samples | FOODWARD   4.3% | plane lit on  62.8% | peak amt  65535 cells  63
                THE LOOP, ANT BY ANT:
                  0. lived                                     20    100.0% of prev    100.0% of all
                  1. reached the food                           0      0.0% of prev      0.0% of all
                  2. picked food up out there                   0      0.0% of prev      0.0% of all
                  3. turned for home with it                    0      0.0% of prev      0.0% of all
                  4. got back to the nest still holding it      0      0.0% of prev      0.0% of all
                  5. PUT IT DOWN there                          0      0.0% of prev      0.0% of all
                  6. went back out again                        0      0.0% of prev      0.0% of all
                  7. reached the food a SECOND time             0      0.0% of prev      0.0% of all
                RETURN LEDGER reached food    0 of   20 ants | came back    0 | trips laden    0 empty    0 | LOOPERS    0 of   20 ants ( 0.0% of those that reached food), repeat    0, most loops by one ant   0
                BY ANCHOR AT PICKUP  anchor ON nest material:    0 loops /    0 pickups (  0.0%) | anchor OFF it:    0 /    0 (  0.0%)
                BY BIRTH SITE  born ON comb:   0 of   0 that reached food looped (  0.0%) | born OFF comb:   0 of   0 (  0.0%)
                founded x   30..68   (nest cursor 48 MATERIAL x 26..70 20 of 20 founders born on it; food 138; nearest founder 70 cells out, farthest 108, nominal gap 90)  occupancy/1k [48 19 6 0 0 0 0 0]  carry->nest       0  born    0 died   20 (starved   19)
                own trail: route pk    0 end    0 along +0.0000  B nest->food [0,0,0,0,0]  blocked      488  kin swaps       0  ticks     12570  tumbles      3762 (homeward        0, 0.00%)  drops       0  DELIVERED     0  leg home n    0 med     0 p90     0 (laden n    0 med     0 p90     0)  appetite held         0 J of         0  trips born-on-comb    0 (20 ants) / born-off    0 (0 ants)
                channel A: PEAK amt  65535 cells   63 (of 91 route)  POLARITY|| +0.24582 && +0.24719 SPAN +0.02218 edge   6.0  end nest->food [11121,8509,1303,0,0]  nest   25  AtNest 36.64%
                Carrying: laden     14718  of which SPOIL     14718 (100.0%)
    DECISION CENSUS: 12523 decisions, reconciled against the rows and the engine's counters
      leg     setting          n  stepped    felllaunched swappedcrossingreversedblocked_roll_fairoll_fai no_body
      empty   pocket         644    14.4%   33.9%    0.0%    0.0%    0.0%    0.0%    5.6%   23.1%   23.0%    0.0%
      empty   corridor      1435    46.8%    4.9%    0.0%    0.0%    0.0%    0.0%    1.6%   22.3%   24.3%    0.0%
      empty   junction      6476    36.7%    7.0%    0.0%    0.0%    0.0%    0.0%    1.0%   27.0%   28.3%    0.0%
      empty   open          2160    41.2%    7.4%    0.0%    0.0%    0.0%    0.0%    0.0%   25.2%   26.3%    0.0%
      spoil   pocket         424    27.1%    4.0%    0.0%    0.0%    0.0%    0.0%   21.2%   26.2%   21.5%    0.0%
      spoil   corridor       393    39.7%    0.5%    0.0%    0.0%    0.0%    0.0%   10.9%   24.4%   24.4%    0.0%
      spoil   junction       851    49.8%    2.1%    0.0%    0.0%    0.0%    0.0%    4.9%   21.9%   21.3%    0.0%
      spoil   open           140    44.3%    6.4%    0.0%    0.0%    0.0%    0.0%    0.0%   25.0%   24.3%    0.0%
    DECISIONS: rows not written (decisionnorows)
   90    6  mute    0/0            0        0     4728        0        0    0/20        0         12 6 2 0 0
                A READ  ant-readable homeward along >= 0.02 on  58.1% of route-cell samples | FOODWARD   1.6% | plane lit on  64.5% | peak amt  65535 cells  66
                THE LOOP, ANT BY ANT:
                  0. lived                                     20    100.0% of prev    100.0% of all
                  1. reached the food                           0      0.0% of prev      0.0% of all
                  2. picked food up out there                   0      0.0% of prev      0.0% of all
                  3. turned for home with it                    0      0.0% of prev      0.0% of all
                  4. got back to the nest still holding it      0      0.0% of prev      0.0% of all
                  5. PUT IT DOWN there                          0      0.0% of prev      0.0% of all
                  6. went back out again                        0      0.0% of prev      0.0% of all
                  7. reached the food a SECOND time             0      0.0% of prev      0.0% of all
                RETURN LEDGER reached food    0 of   20 ants | came back    0 | trips laden    0 empty    0 | LOOPERS    0 of   20 ants ( 0.0% of those that reached food), repeat    0, most loops by one ant   0
                BY ANCHOR AT PICKUP  anchor ON nest material:    0 loops /    0 pickups (  0.0%) | anchor OFF it:    0 /    0 (  0.0%)
                BY BIRTH SITE  born ON comb:   0 of   0 that reached food looped (  0.0%) | born OFF comb:   0 of   0 (  0.0%)
                founded x   30..68   (nest cursor 48 MATERIAL x 26..70 20 of 20 founders born on it; food 138; nearest founder 70 cells out, farthest 108, nominal gap 90)  occupancy/1k [55 12 4 0 0 0 0 0]  carry->nest       0  born    0 died   20 (starved   20)
                own trail: route pk    0 end    0 along +0.0000  B nest->food [0,0,0,0,0]  blocked      298  kin swaps       0  ticks     12523  tumbles      3490 (homeward        0, 0.00%)  drops       0  DELIVERED     0  leg home n    0 med     0 p90     0 (laden n    0 med     0 p90     0)  appetite held         0 J of         0  trips born-on-comb    0 (20 ants) / born-off    0 (0 ants)
                channel A: PEAK amt  65535 cells   66 (of 91 route)  POLARITY|| +0.24501 && +0.24756 SPAN +0.03347 edge   6.0  end nest->food [11474,7945,1052,0,0]  nest   25  AtNest 37.75%
                Carrying: laden     10848  of which SPOIL     10848 (100.0%)
    DECISION CENSUS: 13474 decisions, reconciled against the rows and the engine's counters
      leg     setting          n  stepped    felllaunched swappedcrossingreversedblocked_roll_fairoll_fai no_body
      empty   pocket         583    18.0%   26.6%    0.0%    0.0%    0.0%    0.0%    9.6%   24.2%   21.6%    0.0%
      empty   corridor      1625    48.2%    4.6%    0.0%    0.0%    0.0%    0.0%    0.7%   22.2%   24.4%    0.0%
      empty   junction      6588    37.7%    5.9%    0.0%    0.0%    0.0%    0.0%    1.0%   28.1%   27.4%    0.0%
      empty   open          2283    38.2%    7.0%    0.0%    0.0%    0.0%    0.0%    0.0%   28.6%   26.2%    0.0%
      laden   pocket           2     0.0%    0.0%    0.0%    0.0%    0.0%    0.0%    0.0%   50.0%   50.0%    0.0%
      laden   corridor        84    47.6%    1.2%    0.0%    0.0%    0.0%    0.0%    0.0%   20.2%   31.0%    0.0%
      laden   junction       182    32.4%    2.7%    0.0%    0.0%    0.0%    0.0%    1.6%   33.0%   30.2%    0.0%
      laden   open            23    26.1%    4.3%    0.0%    0.0%    0.0%    0.0%    0.0%   30.4%   39.1%    0.0%
      spoil   pocket         788    32.6%    0.6%    0.0%    0.0%    0.0%    0.0%   27.7%   17.8%   21.3%    0.0%
      spoil   corridor       445    51.7%    0.2%    0.0%    0.0%    0.0%    0.0%    8.3%   19.3%   20.4%    0.0%
      spoil   junction       731    46.1%    2.3%    0.0%    0.0%    0.0%    0.0%    4.4%   27.4%   19.8%    0.0%
      spoil   open           140    54.3%    2.9%    0.0%    0.0%    0.0%    0.0%    0.0%   17.1%   25.7%    0.0%
    DECISIONS: rows not written (decisionnorows)
   90    7  mute    0/0          228     2544     4926     1746     1122    1/20        1          9 6 3 2 0
                A READ  ant-readable homeward along >= 0.02 on  64.1% of route-cell samples | FOODWARD   3.0% | plane lit on  74.6% | peak amt  65535 cells  87
                THE LOOP, ANT BY ANT:
                  0. lived                                     20    100.0% of prev    100.0% of all
                  1. reached the food                           1      5.0% of prev      5.0% of all
                  2. picked food up out there                   1    100.0% of prev      5.0% of all
                  3. turned for home with it                    1    100.0% of prev      5.0% of all
                  4. got back to the nest still holding it      1    100.0% of prev      5.0% of all
                  5. PUT IT DOWN there                          1    100.0% of prev      5.0% of all
                  6. went back out again                        1    100.0% of prev      5.0% of all
                  7. reached the food a SECOND time             0      0.0% of prev      0.0% of all
                RETURN LEDGER reached food    1 of   20 ants | came back    1 | trips laden    1 empty    0 | LOOPERS    1 of   20 ants (100.0% of those that reached food), repeat    0, most loops by one ant   1
                BY ANCHOR AT PICKUP  anchor ON nest material:    1 loops /    1 pickups (100.0%) | anchor OFF it:    0 /    0 (  0.0%)
                BY BIRTH SITE  born ON comb:   1 of   1 that reached food looped (100.0%) | born OFF comb:   0 of   0 (  0.0%)
                LEGS legs[541] laden[541]
                founded x   30..68   (nest cursor 48 MATERIAL x 26..70 20 of 20 founders born on it; food 138; nearest founder 70 cells out, farthest 108, nominal gap 90)  occupancy/1k [50 16 9 2 1 0 0 0]  carry->nest      71  born    0 died   20 (starved   20)
                own trail: route pk    0 end    0 along +0.0000  B nest->food [0,0,0,0,0]  blocked      422  kin swaps       0  ticks     13474  tumbles      3963 (homeward       24, 0.61%)  drops      51  DELIVERED    51  leg home n    1 med   541 p90   541 (laden n    1 med   541 p90   541)  appetite held         0 J of       960  trips born-on-comb    1 (20 ants) / born-off    0 (0 ants)
                channel A: PEAK amt  65535 cells   87 (of 91 route)  POLARITY|| +0.21379 && +0.21007 SPAN +0.00701 edge   5.9  end nest->food [12161,9796,2166,0,0]  nest   25  AtNest 38.30%
                Carrying: laden     14370  of which SPOIL     12912 ( 89.9%)
    DECISION CENSUS: 15503 decisions, reconciled against the rows and the engine's counters
      leg     setting          n  stepped    felllaunched swappedcrossingreversedblocked_roll_fairoll_fai no_body
      empty   pocket         586    15.9%   32.4%    0.0%    0.0%    0.0%    0.0%    7.2%   22.0%   22.5%    0.0%
      empty   corridor      2163    44.9%    2.8%    0.0%    0.0%    0.0%    0.0%    1.2%   24.6%   26.5%    0.0%
      empty   junction      6661    33.4%    6.0%    0.0%    0.0%    0.0%    0.0%    0.9%   30.9%   28.8%    0.0%
      empty   open          2052    43.9%    9.0%    0.0%    0.0%    0.0%    0.0%    0.0%   23.5%   23.7%    0.0%
      laden   pocket          15     6.7%   86.7%    0.0%    0.0%    0.0%    0.0%    0.0%    0.0%    6.7%    0.0%
      laden   corridor        63    61.9%    0.0%    0.0%    0.0%    0.0%    0.0%    1.6%   15.9%   20.6%    0.0%
      laden   junction      1422     7.7%    0.0%    0.0%    0.0%    0.0%    0.0%    0.2%   47.4%   44.7%    0.0%
      laden   open           108     5.6%    0.0%    0.0%    0.0%    0.0%    0.0%    0.0%   43.5%   50.9%    0.0%
      spoil   pocket        1228    30.9%    1.0%    0.0%    0.0%    0.0%    0.0%   22.9%   22.2%   23.0%    0.0%
      spoil   corridor       401    45.1%    0.2%    0.0%    0.0%    0.0%    0.0%   10.7%   22.9%   20.9%    0.0%
      spoil   junction       684    47.1%    1.2%    0.0%    0.0%    0.0%    0.0%    4.4%   28.1%   19.3%    0.0%
      spoil   open           120    48.3%    4.2%    0.0%    0.0%    0.0%    0.0%    0.0%   22.5%   25.0%    0.0%
    DECISIONS: rows not written (decisionnorows)
   90    8  mute    0/0         1500     4362    19858     9648     9162    1/21        1         10 8 1 2 0
                A READ  ant-readable homeward along >= 0.02 on  59.6% of route-cell samples | FOODWARD   5.9% | plane lit on  71.4% | peak amt  65535 cells  86
                THE LOOP, ANT BY ANT:
                  0. lived                                     21    100.0% of prev    100.0% of all
                  1. reached the food                           1      4.8% of prev      4.8% of all
                  2. picked food up out there                   1    100.0% of prev      4.8% of all
                  3. turned for home with it                    1    100.0% of prev      4.8% of all
                  4. got back to the nest still holding it      1    100.0% of prev      4.8% of all
                  5. PUT IT DOWN there                          1    100.0% of prev      4.8% of all
                  6. went back out again                        0      0.0% of prev      0.0% of all
                  7. reached the food a SECOND time             0      0.0% of prev      0.0% of all
                RETURN LEDGER reached food    1 of   21 ants | came back    1 | trips laden    1 empty    0 | LOOPERS    1 of   21 ants (100.0% of those that reached food), repeat    0, most loops by one ant   1
                BY ANCHOR AT PICKUP  anchor ON nest material:    1 loops /    1 pickups (100.0%) | anchor OFF it:    0 /    0 (  0.0%)
                BY BIRTH SITE  born ON comb:   1 of   1 that reached food looped (100.0%) | born OFF comb:   0 of   0 (  0.0%)
                LEGS legs[439] laden[439]
                founded x   30..68   (nest cursor 48 MATERIAL x 26..70 20 of 21 founders born on it; food 138; nearest founder 70 cells out, farthest 108, nominal gap 90)  occupancy/1k [49 31 5 2 2 1 0 0]  carry->nest      61  born    1 died   21 (starved   21)
                own trail: route pk    0 end    0 along +0.0000  B nest->food [0,0,0,0,0]  blocked      484  kin swaps       0  ticks     15503  tumbles      5002 (homeward      108, 2.16%)  drops     364  DELIVERED   364  leg home n    1 med   439 p90   439 (laden n    1 med   439 p90   439)  appetite held         0 J of      5306  trips born-on-comb    1 (21 ants) / born-off    0 (0 ants)
                channel A: PEAK amt  65535 cells   86 (of 91 route)  POLARITY|| +0.23032 && +0.23148 SPAN +0.01645 edge   6.0  end nest->food [12076,11706,1426,0,0]  nest   25  AtNest 44.30%
                Carrying: laden     24300  of which SPOIL     14730 ( 60.6%)
    DECISION CENSUS: 12572 decisions, reconciled against the rows and the engine's counters
      leg     setting          n  stepped    felllaunched swappedcrossingreversedblocked_roll_fairoll_fai no_body
      empty   pocket         545    14.3%   29.7%    0.0%    0.0%    0.0%    0.0%    5.7%   23.5%   26.8%    0.0%
      empty   corridor      1667    44.8%    5.3%    0.0%    0.0%    0.0%    0.0%    1.3%   24.5%   24.2%    0.0%
      empty   junction      6061    38.6%    6.9%    0.0%    0.0%    0.0%    0.0%    1.4%   26.2%   26.9%    0.0%
      empty   open          2128    41.7%    8.0%    0.0%    0.0%    0.0%    0.0%    0.0%   25.0%   25.3%    0.0%
      spoil   pocket         726    28.8%    1.1%    0.0%    0.0%    0.0%    0.0%   23.0%   22.9%   24.2%    0.0%
      spoil   corridor       449    47.0%    0.9%    0.0%    0.0%    0.0%    0.0%    9.6%   21.2%   21.4%    0.0%
      spoil   junction       857    46.9%    1.2%    0.0%    0.0%    0.0%    0.0%    6.3%   23.6%   22.1%    0.0%
      spoil   open           139    41.7%    2.9%    0.0%    0.0%    0.0%    0.0%    0.0%   24.5%   30.9%    0.0%
    DECISIONS: rows not written (decisionnorows)
   90    9  mute    0/0            0        0     4332        0        0    0/20        0         13 5 1 1 0
                A READ  ant-readable homeward along >= 0.02 on  62.3% of route-cell samples | FOODWARD   1.3% | plane lit on  65.1% | peak amt  65535 cells  74
                THE LOOP, ANT BY ANT:
                  0. lived                                     20    100.0% of prev    100.0% of all
                  1. reached the food                           0      0.0% of prev      0.0% of all
                  2. picked food up out there                   0      0.0% of prev      0.0% of all
                  3. turned for home with it                    0      0.0% of prev      0.0% of all
                  4. got back to the nest still holding it      0      0.0% of prev      0.0% of all
                  5. PUT IT DOWN there                          0      0.0% of prev      0.0% of all
                  6. went back out again                        0      0.0% of prev      0.0% of all
                  7. reached the food a SECOND time             0      0.0% of prev      0.0% of all
                RETURN LEDGER reached food    0 of   20 ants | came back    0 | trips laden    0 empty    0 | LOOPERS    0 of   20 ants ( 0.0% of those that reached food), repeat    0, most loops by one ant   0
                BY ANCHOR AT PICKUP  anchor ON nest material:    0 loops /    0 pickups (  0.0%) | anchor OFF it:    0 /    0 (  0.0%)
                BY BIRTH SITE  born ON comb:   0 of   0 that reached food looped (  0.0%) | born OFF comb:   0 of   0 (  0.0%)
                founded x   30..68   (nest cursor 48 MATERIAL x 26..70 20 of 20 founders born on it; food 138; nearest founder 70 cells out, farthest 108, nominal gap 90)  occupancy/1k [53 15 2 1 1 0 0 0]  carry->nest       0  born    0 died   20 (starved   20)
                own trail: route pk    0 end    0 along +0.0000  B nest->food [0,0,0,0,0]  blocked      399  kin swaps       0  ticks     12572  tumbles      3554 (homeward        0, 0.00%)  drops       0  DELIVERED     0  leg home n    0 med     0 p90     0 (laden n    0 med     0 p90     0)  appetite held         0 J of         0  trips born-on-comb    0 (20 ants) / born-off    0 (0 ants)
                channel A: PEAK amt  65535 cells   74 (of 91 route)  POLARITY|| +0.24334 && +0.24483 SPAN +0.02481 edge   6.0  end nest->food [12497,7648,882,0,0]  nest   25  AtNest 40.30%
                Carrying: laden     13026  of which SPOIL     13026 (100.0%)
    DECISION CENSUS: 12723 decisions, reconciled against the rows and the engine's counters
      leg     setting          n  stepped    felllaunched swappedcrossingreversedblocked_roll_fairoll_fai no_body
      empty   pocket         548    15.5%   34.9%    0.0%    0.0%    0.0%    0.0%    4.7%   22.1%   22.8%    0.0%
      empty   corridor      1830    49.1%    3.3%    0.0%    0.0%    0.0%    0.0%    1.2%   22.6%   23.7%    0.0%
      empty   junction      6643    36.9%    6.2%    0.0%    0.0%    0.0%    0.0%    1.0%   28.1%   27.8%    0.0%
      empty   open          2256    42.2%    8.7%    0.0%    0.0%    0.0%    0.0%    0.0%   23.8%   25.4%    0.0%
      spoil   pocket         283    29.0%    4.2%    0.0%    0.0%    0.0%    0.0%   25.8%   23.0%   18.0%    0.0%
      spoil   corridor       318    32.1%    0.3%    0.0%    0.0%    0.0%    0.0%   14.2%   25.8%   27.7%    0.0%
      spoil   junction       746    50.4%    1.5%    0.0%    0.0%    0.0%    0.0%    4.4%   19.2%   24.5%    0.0%
      spoil   open            99    50.5%    1.0%    0.0%    0.0%    0.0%    0.0%    0.0%   23.2%   25.3%    0.0%
    DECISIONS: rows not written (decisionnorows)
   90   10  mute    0/0            0        0     4572        0        0    0/20        0         12 6 1 1 0
                A READ  ant-readable homeward along >= 0.02 on  64.9% of route-cell samples | FOODWARD   1.7% | plane lit on  64.6% | peak amt  65535 cells  74
                THE LOOP, ANT BY ANT:
                  0. lived                                     20    100.0% of prev    100.0% of all
                  1. reached the food                           0      0.0% of prev      0.0% of all
                  2. picked food up out there                   0      0.0% of prev      0.0% of all
                  3. turned for home with it                    0      0.0% of prev      0.0% of all
                  4. got back to the nest still holding it      0      0.0% of prev      0.0% of all
                  5. PUT IT DOWN there                          0      0.0% of prev      0.0% of all
                  6. went back out again                        0      0.0% of prev      0.0% of all
                  7. reached the food a SECOND time             0      0.0% of prev      0.0% of all
                RETURN LEDGER reached food    0 of   20 ants | came back    0 | trips laden    0 empty    0 | LOOPERS    0 of   20 ants ( 0.0% of those that reached food), repeat    0, most loops by one ant   0
                BY ANCHOR AT PICKUP  anchor ON nest material:    0 loops /    0 pickups (  0.0%) | anchor OFF it:    0 /    0 (  0.0%)
                BY BIRTH SITE  born ON comb:   0 of   0 that reached food looped (  0.0%) | born OFF comb:   0 of   0 (  0.0%)
                founded x   30..68   (nest cursor 48 MATERIAL x 26..70 20 of 20 founders born on it; food 138; nearest founder 70 cells out, farthest 108, nominal gap 90)  occupancy/1k [61 8 2 1 0 0 0 0]  carry->nest       0  born    0 died   20 (starved   20)
                own trail: route pk    0 end    0 along +0.0000  B nest->food [0,0,0,0,0]  blocked      266  kin swaps       0  ticks     12723  tumbles      3520 (homeward        0, 0.00%)  drops       0  DELIVERED     0  leg home n    0 med     0 p90     0 (laden n    0 med     0 p90     0)  appetite held         0 J of         0  trips born-on-comb    0 (20 ants) / born-off    0 (0 ants)
                channel A: PEAK amt  65535 cells   74 (of 91 route)  POLARITY|| +0.24814 && +0.24938 SPAN +0.03447 edge   6.0  end nest->food [11959,6569,638,0,0]  nest   25  AtNest 39.84%
                Carrying: laden      8676  of which SPOIL      8676 (100.0%)
    DECISION CENSUS: 12515 decisions, reconciled against the rows and the engine's counters
      leg     setting          n  stepped    felllaunched swappedcrossingreversedblocked_roll_fairoll_fai no_body
      empty   pocket         569    18.8%   26.5%    0.0%    0.0%    0.0%    0.0%    7.0%   23.2%   24.4%    0.0%
      empty   corridor      1293    45.3%    4.6%    0.0%    0.0%    0.0%    0.0%    1.2%   24.1%   24.8%    0.0%
      empty   junction      5961    36.5%    7.2%    0.0%    0.0%    0.0%    0.0%    1.1%   27.5%   27.7%    0.0%
      empty   open          2318    42.4%   10.3%    0.0%    0.0%    0.0%    0.0%    0.0%   23.1%   24.2%    0.0%
      spoil   pocket        1017    29.9%    1.2%    0.0%    0.0%    0.0%    0.0%   23.9%   21.7%   23.3%    0.0%
      spoil   corridor       373    42.6%    1.1%    0.0%    0.0%    0.0%    0.0%    9.4%   24.9%   22.0%    0.0%
      spoil   junction       832    48.3%    1.8%    0.0%    0.0%    0.0%    0.0%    4.3%   21.8%   23.8%    0.0%
      spoil   open           152    50.7%    5.9%    0.0%    0.0%    0.0%    0.0%    0.0%   21.7%   21.7%    0.0%
    DECISIONS: rows not written (decisionnorows)
   90   11  mute    0/0            0        0     4614        0        0    0/20        0         11 7 1 1 0
                A READ  ant-readable homeward along >= 0.02 on  60.0% of route-cell samples | FOODWARD   0.8% | plane lit on  65.3% | peak amt  65535 cells  74
                THE LOOP, ANT BY ANT:
                  0. lived                                     20    100.0% of prev    100.0% of all
                  1. reached the food                           0      0.0% of prev      0.0% of all
                  2. picked food up out there                   0      0.0% of prev      0.0% of all
                  3. turned for home with it                    0      0.0% of prev      0.0% of all
                  4. got back to the nest still holding it      0      0.0% of prev      0.0% of all
                  5. PUT IT DOWN there                          0      0.0% of prev      0.0% of all
                  6. went back out again                        0      0.0% of prev      0.0% of all
                  7. reached the food a SECOND time             0      0.0% of prev      0.0% of all
                RETURN LEDGER reached food    0 of   20 ants | came back    0 | trips laden    0 empty    0 | LOOPERS    0 of   20 ants ( 0.0% of those that reached food), repeat    0, most loops by one ant   0
                BY ANCHOR AT PICKUP  anchor ON nest material:    0 loops /    0 pickups (  0.0%) | anchor OFF it:    0 /    0 (  0.0%)
                BY BIRTH SITE  born ON comb:   0 of   0 that reached food looped (  0.0%) | born OFF comb:   0 of   0 (  0.0%)
                founded x   30..68   (nest cursor 48 MATERIAL x 26..70 20 of 20 founders born on it; food 138; nearest founder 70 cells out, farthest 108, nominal gap 90)  occupancy/1k [53 15 4 0 0 0 0 0]  carry->nest       0  born    0 died   20 (starved   20)
                own trail: route pk    0 end    0 along +0.0000  B nest->food [0,0,0,0,0]  blocked      436  kin swaps       0  ticks     12515  tumbles      3581 (homeward        0, 0.00%)  drops       0  DELIVERED     0  leg home n    0 med     0 p90     0 (laden n    0 med     0 p90     0)  appetite held         0 J of         0  trips born-on-comb    0 (20 ants) / born-off    0 (0 ants)
                channel A: PEAK amt  65535 cells   74 (of 91 route)  POLARITY|| +0.25107 && +0.25265 SPAN +0.01238 edge   6.0  end nest->food [11783,8000,1195,0,0]  nest   25  AtNest 42.72%
                Carrying: laden     14244  of which SPOIL     14244 (100.0%)
    DECISION CENSUS: 12259 decisions, reconciled against the rows and the engine's counters
      leg     setting          n  stepped    felllaunched swappedcrossingreversedblocked_roll_fairoll_fai no_body
      empty   pocket         581    16.4%   33.4%    0.0%    0.0%    0.0%    0.0%    7.6%   20.0%   22.7%    0.0%
      empty   corridor      1100    42.1%    6.2%    0.0%    0.0%    0.0%    0.0%    3.1%   24.2%   24.5%    0.0%
      empty   junction      5738    36.1%    5.9%    0.0%    0.0%    0.0%    0.0%    1.0%   27.4%   29.6%    0.0%
      empty   open          1652    43.4%    7.1%    0.0%    0.0%    0.0%    0.0%    0.0%   24.8%   24.6%    0.0%
      spoil   pocket        1178    30.5%    1.8%    0.0%    0.0%    0.0%    0.0%   22.9%   22.7%   22.2%    0.0%
      spoil   corridor      1092    50.6%    0.3%    0.0%    0.0%    0.0%    0.0%    5.1%   23.7%   20.2%    0.0%
      spoil   junction       820    46.2%    1.1%    0.0%    0.0%    0.0%    0.0%    4.3%   22.3%   26.1%    0.0%
      spoil   open            98    45.9%    5.1%    0.0%    0.0%    0.0%    0.0%    0.0%   22.4%   26.5%    0.0%
    DECISIONS: rows not written (decisionnorows)
   90   12  mute    0/0            0        0     4506        0        0    0/20        0         15 4 1 0 0
                A READ  ant-readable homeward along >= 0.02 on  57.9% of route-cell samples | FOODWARD   1.1% | plane lit on  58.5% | peak amt  65535 cells  57
                THE LOOP, ANT BY ANT:
                  0. lived                                     20    100.0% of prev    100.0% of all
                  1. reached the food                           0      0.0% of prev      0.0% of all
                  2. picked food up out there                   0      0.0% of prev      0.0% of all
                  3. turned for home with it                    0      0.0% of prev      0.0% of all
                  4. got back to the nest still holding it      0      0.0% of prev      0.0% of all
                  5. PUT IT DOWN there                          0      0.0% of prev      0.0% of all
                  6. went back out again                        0      0.0% of prev      0.0% of all
                  7. reached the food a SECOND time             0      0.0% of prev      0.0% of all
                RETURN LEDGER reached food    0 of   20 ants | came back    0 | trips laden    0 empty    0 | LOOPERS    0 of   20 ants ( 0.0% of those that reached food), repeat    0, most loops by one ant   0
                BY ANCHOR AT PICKUP  anchor ON nest material:    0 loops /    0 pickups (  0.0%) | anchor OFF it:    0 /    0 (  0.0%)
                BY BIRTH SITE  born ON comb:   0 of   0 that reached food looped (  0.0%) | born OFF comb:   0 of   0 (  0.0%)
                founded x   30..68   (nest cursor 48 MATERIAL x 26..70 20 of 20 founders born on it; food 138; nearest founder 70 cells out, farthest 108, nominal gap 90)  occupancy/1k [60 9 2 0 0 0 0 0]  carry->nest       0  born    0 died   20 (starved   20)
                own trail: route pk    0 end    0 along +0.0000  B nest->food [0,0,0,0,0]  blocked      496  kin swaps       0  ticks     12259  tumbles      3594 (homeward        0, 0.00%)  drops       0  DELIVERED     0  leg home n    0 med     0 p90     0 (laden n    0 med     0 p90     0)  appetite held         0 J of         0  trips born-on-comb    0 (20 ants) / born-off    0 (0 ants)
                channel A: PEAK amt  65535 cells   57 (of 91 route)  POLARITY|| +0.26670 && +0.26932 SPAN +0.01395 edge   6.0  end nest->food [11673,6872,592,0,0]  nest   25  AtNest 51.17%
                Carrying: laden     19128  of which SPOIL     19128 (100.0%)
    DECISION CENSUS: 12746 decisions, reconciled against the rows and the engine's counters
      leg     setting          n  stepped    felllaunched swappedcrossingreversedblocked_roll_fairoll_fai no_body
      empty   pocket         485    12.8%   40.2%    0.0%    0.0%    0.0%    0.0%    5.2%   22.7%   19.2%    0.0%
      empty   corridor      1704    42.6%    5.9%    0.0%    0.0%    0.0%    0.0%    1.8%   25.9%   23.8%    0.0%
      empty   junction      6819    36.9%    6.4%    0.0%    0.0%    0.0%    0.0%    0.9%   29.0%   26.9%    0.0%
      empty   open          2102    44.0%    7.5%    0.0%    0.0%    0.0%    0.0%    0.0%   24.5%   24.1%    0.0%
      spoil   pocket         367    30.2%    3.5%    0.0%    0.0%    0.0%    0.0%   22.1%   22.9%   21.3%    0.0%
      spoil   corridor       266    40.2%    0.8%    0.0%    0.0%    0.0%    0.0%   15.4%   21.4%   22.2%    0.0%
      spoil   junction       907    46.7%    0.9%    0.0%    0.0%    0.0%    0.0%    3.7%   23.8%   24.8%    0.0%
      spoil   open            96    58.3%    5.2%    0.0%    0.0%    0.0%    0.0%    0.0%   20.8%   15.6%    0.0%
    DECISIONS: rows not written (decisionnorows)
   90   13  mute    0/0            0        0     4536        0        0    0/20        0          7 8 4 1 0
                A READ  ant-readable homeward along >= 0.02 on  59.9% of route-cell samples | FOODWARD   4.2% | plane lit on  70.3% | peak amt  65535 cells  84
                THE LOOP, ANT BY ANT:
                  0. lived                                     20    100.0% of prev    100.0% of all
                  1. reached the food                           0      0.0% of prev      0.0% of all
                  2. picked food up out there                   0      0.0% of prev      0.0% of all
                  3. turned for home with it                    0      0.0% of prev      0.0% of all
                  4. got back to the nest still holding it      0      0.0% of prev      0.0% of all
                  5. PUT IT DOWN there                          0      0.0% of prev      0.0% of all
                  6. went back out again                        0      0.0% of prev      0.0% of all
                  7. reached the food a SECOND time             0      0.0% of prev      0.0% of all
                RETURN LEDGER reached food    0 of   20 ants | came back    0 | trips laden    0 empty    0 | LOOPERS    0 of   20 ants ( 0.0% of those that reached food), repeat    0, most loops by one ant   0
                BY ANCHOR AT PICKUP  anchor ON nest material:    0 loops /    0 pickups (  0.0%) | anchor OFF it:    0 /    0 (  0.0%)
                BY BIRTH SITE  born ON comb:   0 of   0 that reached food looped (  0.0%) | born OFF comb:   0 of   0 (  0.0%)
                founded x   30..68   (nest cursor 48 MATERIAL x 26..70 20 of 20 founders born on it; food 138; nearest founder 70 cells out, farthest 108, nominal gap 90)  occupancy/1k [48 13 8 3 1 0 0 0]  carry->nest       0  born    0 died   20 (starved   20)
                own trail: route pk    0 end    0 along +0.0000  B nest->food [0,0,0,0,0]  blocked      270  kin swaps       0  ticks     12746  tumbles      3691 (homeward        0, 0.00%)  drops       0  DELIVERED     0  leg home n    0 med     0 p90     0 (laden n    0 med     0 p90     0)  appetite held         0 J of         0  trips born-on-comb    0 (20 ants) / born-off    0 (0 ants)
                channel A: PEAK amt  65535 cells   84 (of 91 route)  POLARITY|| +0.21926 && +0.21513 SPAN +0.02297 edge   6.0  end nest->food [10494,8391,1827,0,0]  nest   25  AtNest 38.54%
                Carrying: laden      9816  of which SPOIL      9816 (100.0%)
    DECISION CENSUS: 12913 decisions, reconciled against the rows and the engine's counters
      leg     setting          n  stepped    felllaunched swappedcrossingreversedblocked_roll_fairoll_fai no_body
      empty   pocket         593    18.0%   30.2%    0.0%    0.0%    0.0%    0.0%    8.1%   19.9%   23.8%    0.0%
      empty   corridor      2123    51.2%    3.3%    0.0%    0.0%    0.0%    0.0%    0.9%   21.7%   22.8%    0.0%
      empty   junction      6479    35.9%    5.9%    0.0%    0.0%    0.0%    0.0%    1.0%   28.7%   28.5%    0.0%
      empty   open          1656    43.1%    7.7%    0.0%    0.0%    0.0%    0.0%    0.0%   24.0%   25.2%    0.0%
      laden   pocket          12    16.7%   41.7%    0.0%    0.0%    0.0%    0.0%    0.0%   25.0%   16.7%    0.0%
      laden   corridor        57    70.2%    0.0%    0.0%    0.0%    0.0%    0.0%    0.0%   10.5%   19.3%    0.0%
      laden   junction        66    43.9%    1.5%    0.0%    0.0%    0.0%    0.0%    0.0%   30.3%   24.2%    0.0%
      laden   open             2   100.0%    0.0%    0.0%    0.0%    0.0%    0.0%    0.0%    0.0%    0.0%    0.0%
      spoil   pocket         612    29.9%    1.8%    0.0%    0.0%    0.0%    0.0%   25.3%   23.4%   19.6%    0.0%
      spoil   corridor       429    43.8%    0.5%    0.0%    0.0%    0.0%    0.0%   11.2%   22.4%   22.1%    0.0%
      spoil   junction       758    46.0%    2.1%    0.0%    0.0%    0.0%    0.0%    2.6%   24.9%   24.3%    0.0%
      spoil   open           126    53.2%    3.2%    0.0%    0.0%    0.0%    0.0%    0.0%   23.0%   20.6%    0.0%
    DECISIONS: rows not written (decisionnorows)
   90   14  mute    0/0          107     3480     4920      822      270    1/20        1         11 4 3 2 0
                A READ  ant-readable homeward along >= 0.02 on  67.6% of route-cell samples | FOODWARD   1.4% | plane lit on  72.9% | peak amt  65535 cells  87
                THE LOOP, ANT BY ANT:
                  0. lived                                     20    100.0% of prev    100.0% of all
                  1. reached the food                           1      5.0% of prev      5.0% of all
                  2. picked food up out there                   1    100.0% of prev      5.0% of all
                  3. turned for home with it                    1    100.0% of prev      5.0% of all
                  4. got back to the nest still holding it      1    100.0% of prev      5.0% of all
                  5. PUT IT DOWN there                          1    100.0% of prev      5.0% of all
                  6. went back out again                        0      0.0% of prev      0.0% of all
                  7. reached the food a SECOND time             0      0.0% of prev      0.0% of all
                RETURN LEDGER reached food    1 of   20 ants | came back    1 | trips laden    1 empty    0 | LOOPERS    1 of   20 ants (100.0% of those that reached food), repeat    0, most loops by one ant   1
                BY ANCHOR AT PICKUP  anchor ON nest material:    1 loops /    1 pickups (100.0%) | anchor OFF it:    0 /    0 (  0.0%)
                BY BIRTH SITE  born ON comb:   1 of   1 that reached food looped (100.0%) | born OFF comb:   0 of   0 (  0.0%)
                LEGS legs[469] laden[469]
                founded x   30..68   (nest cursor 48 MATERIAL x 26..70 20 of 20 founders born on it; food 138; nearest founder 70 cells out, farthest 108, nominal gap 90)  occupancy/1k [54 12 3 2 2 1 0 0]  carry->nest      66  born    0 died   20 (starved   20)
                own trail: route pk    0 end    0 along +0.0000  B nest->food [0,0,0,0,0]  blocked      352  kin swaps       0  ticks     12913  tumbles      3672 (homeward       11, 0.30%)  drops      13  DELIVERED    13  leg home n    1 med   469 p90   469 (laden n    1 med   469 p90   469)  appetite held         0 J of       452  trips born-on-comb    1 (20 ants) / born-off    0 (0 ants)
                channel A: PEAK amt  65535 cells   87 (of 91 route)  POLARITY|| +0.22356 && +0.22235 SPAN +0.02155 edge   5.9  end nest->food [11707,7737,1230,0,0]  nest   25  AtNest 38.93%
                Carrying: laden     12372  of which SPOIL     11604 ( 93.8%)
    DECISION CENSUS: 12657 decisions, reconciled against the rows and the engine's counters
      leg     setting          n  stepped    felllaunched swappedcrossingreversedblocked_roll_fairoll_fai no_body
      empty   pocket         629    21.3%   25.8%    0.0%    0.0%    0.0%    0.0%   11.0%   21.9%   20.0%    0.0%
      empty   corridor      1910    47.5%    4.5%    0.0%    0.0%    0.0%    0.0%    1.3%   22.7%   24.0%    0.0%
      empty   junction      5766    37.9%    6.4%    0.0%    0.0%    0.0%    0.0%    0.8%   27.5%   27.3%    0.0%
      empty   open          1810    42.0%    8.0%    0.0%    0.0%    0.0%    0.0%    0.0%   23.4%   26.6%    0.0%
      spoil   pocket        1102    35.4%    0.7%    0.0%    0.0%    0.0%    0.0%   30.3%   15.8%   17.8%    0.0%
      spoil   corridor       577    44.4%    0.5%    0.0%    0.0%    0.0%    0.0%   10.2%   21.1%   23.7%    0.0%
      spoil   junction       754    44.8%    1.2%    0.0%    0.0%    0.0%    0.0%    3.2%   28.8%   22.0%    0.0%
      spoil   open           109    49.5%    5.5%    0.0%    0.0%    0.0%    0.0%    0.0%   22.0%   22.9%    0.0%
    DECISIONS: rows not written (decisionnorows)
   90   15  mute    0/0            0        0     4308        0        0    0/20        0         10 6 3 1 0
                A READ  ant-readable homeward along >= 0.02 on  63.5% of route-cell samples | FOODWARD   2.7% | plane lit on  71.3% | peak amt  65535 cells  75
                THE LOOP, ANT BY ANT:
                  0. lived                                     20    100.0% of prev    100.0% of all
                  1. reached the food                           0      0.0% of prev      0.0% of all
                  2. picked food up out there                   0      0.0% of prev      0.0% of all
                  3. turned for home with it                    0      0.0% of prev      0.0% of all
                  4. got back to the nest still holding it      0      0.0% of prev      0.0% of all
                  5. PUT IT DOWN there                          0      0.0% of prev      0.0% of all
                  6. went back out again                        0      0.0% of prev      0.0% of all
                  7. reached the food a SECOND time             0      0.0% of prev      0.0% of all
                RETURN LEDGER reached food    0 of   20 ants | came back    0 | trips laden    0 empty    0 | LOOPERS    0 of   20 ants ( 0.0% of those that reached food), repeat    0, most loops by one ant   0
                BY ANCHOR AT PICKUP  anchor ON nest material:    0 loops /    0 pickups (  0.0%) | anchor OFF it:    0 /    0 (  0.0%)
                BY BIRTH SITE  born ON comb:   0 of   0 that reached food looped (  0.0%) | born OFF comb:   0 of   0 (  0.0%)
                founded x   30..68   (nest cursor 48 MATERIAL x 26..70 20 of 20 founders born on it; food 138; nearest founder 70 cells out, farthest 108, nominal gap 90)  occupancy/1k [49 16 4 3 1 0 0 0]  carry->nest       0  born    0 died   20 (starved   20)
                own trail: route pk    0 end    0 along +0.0000  B nest->food [0,0,0,0,0]  blocked      559  kin swaps       0  ticks     12657  tumbles      3678 (homeward        0, 0.00%)  drops       0  DELIVERED     0  leg home n    0 med     0 p90     0 (laden n    0 med     0 p90     0)  appetite held         0 J of         0  trips born-on-comb    0 (20 ants) / born-off    0 (0 ants)
                channel A: PEAK amt  65535 cells   75 (of 91 route)  POLARITY|| +0.22801 && +0.22649 SPAN +0.01769 edge   6.0  end nest->food [11367,8267,1458,0,0]  nest   25  AtNest 35.11%
                Carrying: laden     15252  of which SPOIL     15252 (100.0%)
    DECISION CENSUS: 13813 decisions, reconciled against the rows and the engine's counters
      leg     setting          n  stepped    felllaunched swappedcrossingreversedblocked_roll_fairoll_fai no_body
      empty   pocket         615    16.9%   35.1%    0.0%    0.0%    0.0%    0.0%    9.1%   18.5%   20.3%    0.0%
      empty   corridor      2127    46.1%    4.1%    0.0%    0.0%    0.0%    0.0%    1.8%   24.5%   23.5%    0.0%
      empty   junction      7246    37.4%    6.0%    0.0%    0.0%    0.0%    0.0%    1.0%   26.7%   28.9%    0.0%
      empty   open          2167    43.3%   10.0%    0.0%    0.0%    0.0%    0.0%    0.0%   22.9%   23.8%    0.0%
      laden   pocket          26    19.2%    0.0%    0.0%    0.0%    0.0%    0.0%    3.8%   30.8%   46.2%    0.0%
      laden   corridor       117    53.0%    0.0%    0.0%    0.0%    0.0%    0.0%    0.0%   19.7%   27.4%    0.0%
      laden   junction        94    35.1%    3.2%    0.0%    0.0%    0.0%    0.0%    1.1%   35.1%   25.5%    0.0%
      laden   open            30    33.3%    0.0%    0.0%    0.0%    0.0%    0.0%    0.0%   40.0%   26.7%    0.0%
      spoil   pocket         253    29.6%    1.2%    0.0%    0.0%    0.0%    0.0%   26.9%   22.1%   20.2%    0.0%
      spoil   corridor       362    45.0%    0.6%    0.0%    0.0%    0.0%    0.0%   10.2%   24.0%   20.2%    0.0%
      spoil   junction       666    50.5%    1.8%    0.0%    0.0%    0.0%    0.0%    3.9%   20.7%   23.1%    0.0%
      spoil   open           110    53.6%    3.6%    0.0%    0.0%    0.0%    0.0%    0.0%   18.2%   24.5%    0.0%
    DECISIONS: rows not written (decisionnorows)
   90   16  mute    0/0          209     1914     4758     1602     1038    1/20        1         13 3 2 2 0
                A READ  ant-readable homeward along >= 0.02 on  67.3% of route-cell samples | FOODWARD   2.7% | plane lit on  75.0% | peak amt  65535 cells  87
                THE LOOP, ANT BY ANT:
                  0. lived                                     20    100.0% of prev    100.0% of all
                  1. reached the food                           1      5.0% of prev      5.0% of all
                  2. picked food up out there                   1    100.0% of prev      5.0% of all
                  3. turned for home with it                    1    100.0% of prev      5.0% of all
                  4. got back to the nest still holding it      1    100.0% of prev      5.0% of all
                  5. PUT IT DOWN there                          1    100.0% of prev      5.0% of all
                  6. went back out again                        0      0.0% of prev      0.0% of all
                  7. reached the food a SECOND time             0      0.0% of prev      0.0% of all
                RETURN LEDGER reached food    1 of   20 ants | came back    1 | trips laden    1 empty    0 | LOOPERS    1 of   20 ants (100.0% of those that reached food), repeat    0, most loops by one ant   1
                BY ANCHOR AT PICKUP  anchor ON nest material:    1 loops /    1 pickups (100.0%) | anchor OFF it:    0 /    0 (  0.0%)
                BY BIRTH SITE  born ON comb:   1 of   1 that reached food looped (100.0%) | born OFF comb:   0 of   0 (  0.0%)
                LEGS legs[523] laden[523]
                founded x   30..68   (nest cursor 48 MATERIAL x 26..70 20 of 20 founders born on it; food 138; nearest founder 70 cells out, farthest 108, nominal gap 90)  occupancy/1k [62 11 2 1 2 1 0 0]  carry->nest      66  born    0 died   20 (starved   20)
                own trail: route pk    0 end    0 along +0.0000  B nest->food [0,0,0,0,0]  blocked      299  kin swaps       0  ticks     13813  tumbles      3745 (homeward       18, 0.48%)  drops      46  DELIVERED    46  leg home n    1 med   523 p90   523 (laden n    1 med   523 p90   523)  appetite held         0 J of       881  trips born-on-comb    1 (20 ants) / born-off    0 (0 ants)
                channel A: PEAK amt  65535 cells   87 (of 91 route)  POLARITY|| +0.22219 && +0.22372 SPAN +0.02464 edge   5.9  end nest->food [12538,8238,1176,0,0]  nest   25  AtNest 37.29%
                Carrying: laden      9948  of which SPOIL      8538 ( 85.8%)
    DECISION CENSUS: 16601 decisions, reconciled against the rows and the engine's counters
      leg     setting          n  stepped    felllaunched swappedcrossingreversedblocked_roll_fairoll_fai no_body
      empty   pocket         621    16.3%   32.9%    0.0%    0.0%    0.0%    0.0%    6.3%   21.7%   22.9%    0.0%
      empty   corridor      2034    47.3%    3.3%    0.0%    0.0%    0.0%    0.0%    1.1%   26.0%   22.3%    0.0%
      empty   junction      7532    34.4%    4.3%    0.0%    0.0%    0.0%    0.0%    0.8%   30.5%   29.9%    0.0%
      empty   open          2114    39.0%    6.9%    0.0%    0.0%    0.0%    0.0%    0.0%   26.0%   28.1%    0.0%
      laden   pocket           5    20.0%    0.0%    0.0%    0.0%    0.0%    0.0%    0.0%   20.0%   60.0%    0.0%
      laden   corridor       146    42.5%    0.0%    0.0%    0.0%    0.0%    0.0%    0.7%   28.8%   28.1%    0.0%
      laden   junction      1796     9.0%    0.1%    0.0%    0.0%    0.0%    0.0%    0.0%   44.3%   46.7%    0.0%
      laden   open            72    15.3%    1.4%    0.0%    0.0%    0.0%    0.0%    0.0%   48.6%   34.7%    0.0%
      spoil   pocket         584    29.1%    4.1%    0.0%    0.0%    0.0%    0.0%   24.3%   23.6%   18.8%    0.0%
      spoil   corridor       473    46.9%    0.0%    0.0%    0.0%    0.0%    0.0%   11.4%   19.5%   22.2%    0.0%
      spoil   junction      1098    48.1%    1.1%    0.0%    0.0%    0.0%    0.0%    6.5%   22.1%   22.2%    0.0%
      spoil   open           126    48.4%    1.6%    0.0%    0.0%    0.0%    0.0%    0.0%   21.4%   28.6%    0.0%
    DECISIONS: rows not written (decisionnorows)
   90   17  mute    0/0         1822     1992    22433    12114    11394    1/21        1         12 7 1 1 0
                A READ  ant-readable homeward along >= 0.02 on  50.8% of route-cell samples | FOODWARD   5.9% | plane lit on  67.5% | peak amt  65535 cells  87
                THE LOOP, ANT BY ANT:
                  0. lived                                     21    100.0% of prev    100.0% of all
                  1. reached the food                           1      4.8% of prev      4.8% of all
                  2. picked food up out there                   1    100.0% of prev      4.8% of all
                  3. turned for home with it                    1    100.0% of prev      4.8% of all
                  4. got back to the nest still holding it      1    100.0% of prev      4.8% of all
                  5. PUT IT DOWN there                          1    100.0% of prev      4.8% of all
                  6. went back out again                        1    100.0% of prev      4.8% of all
                  7. reached the food a SECOND time             0      0.0% of prev      0.0% of all
                RETURN LEDGER reached food    1 of   21 ants | came back    1 | trips laden    1 empty    0 | LOOPERS    1 of   21 ants (100.0% of those that reached food), repeat    0, most loops by one ant   1
                BY ANCHOR AT PICKUP  anchor ON nest material:    1 loops /    1 pickups (100.0%) | anchor OFF it:    0 /    0 (  0.0%)
                BY BIRTH SITE  born ON comb:   1 of   1 that reached food looped (100.0%) | born OFF comb:   0 of   0 (  0.0%)
                LEGS legs[655] laden[655]
                founded x   30..68   (nest cursor 48 MATERIAL x 26..70 20 of 21 founders born on it; food 138; nearest founder 70 cells out, farthest 108, nominal gap 90)  occupancy/1k [57 32 6 1 0 0 0 0]  carry->nest      44  born    1 died   21 (starved   21)
                own trail: route pk    0 end    0 along +0.0000  B nest->food [0,0,0,0,0]  blocked      394  kin swaps       0  ticks     16601  tumbles      5279 (homeward      114, 2.16%)  drops     587  DELIVERED   587  leg home n    1 med   655 p90   655 (laden n    1 med   655 p90   655)  appetite held         0 J of      6663  trips born-on-comb    1 (20 ants) / born-off    0 (1 ants)
                channel A: PEAK amt  65535 cells   87 (of 91 route)  POLARITY|| +0.23662 && +0.23235 SPAN +0.02814 edge   6.0  end nest->food [13082,15023,1478,0,0]  nest   25  AtNest 47.01%
                Carrying: laden     25712  of which SPOIL     14072 ( 54.7%)
    DECISION CENSUS: 16594 decisions, reconciled against the rows and the engine's counters
      leg     setting          n  stepped    felllaunched swappedcrossingreversedblocked_roll_fairoll_fai no_body
      empty   pocket         810    11.9%   23.6%    0.0%    0.0%    0.0%    0.0%    4.4%   28.1%   32.0%    0.0%
      empty   corridor      2407    44.7%    3.2%    0.0%    0.0%    0.0%    0.0%    1.7%   25.8%   24.7%    0.0%
      empty   junction      6575    39.9%    5.2%    0.0%    0.0%    0.0%    0.0%    1.1%   27.1%   26.6%    0.0%
      empty   open          1844    42.6%    7.0%    0.0%    0.0%    0.0%    0.0%    0.0%   25.5%   24.8%    0.0%
      laden   pocket         855     0.6%    0.0%    0.0%    0.0%    0.0%    0.0%    0.1%   50.1%   49.2%    0.0%
      laden   corridor      1376     7.9%    0.0%    0.0%    0.0%    0.0%    0.0%    0.2%   47.4%   44.5%    0.0%
      laden   junction       459    14.6%    0.4%    0.0%    0.0%    0.0%    0.0%    0.0%   42.9%   42.0%    0.0%
      laden   open            18    22.2%    0.0%    0.0%    0.0%    0.0%    0.0%    0.0%   33.3%   44.4%    0.0%
      spoil   pocket         394    29.2%    4.6%    0.0%    0.0%    0.0%    0.0%   24.6%   20.6%   21.1%    0.0%
      spoil   corridor       555    41.6%    1.3%    0.0%    0.0%    0.0%    0.0%    9.0%   24.5%   23.6%    0.0%
      spoil   junction      1146    48.3%    1.2%    0.0%    0.0%    0.0%    0.0%    4.5%   23.1%   22.9%    0.0%
      spoil   open           155    52.9%    1.9%    0.0%    0.0%    0.0%    0.0%    0.0%   20.6%   24.5%    0.0%
    DECISIONS: rows not written (decisionnorows)
   90   18  mute    2/1         3175     3882        0    14998    14056    2/22        2         12 7 1 2 0
                A READ  ant-readable homeward along >= 0.02 on  58.0% of route-cell samples | FOODWARD   7.7% | plane lit on  73.7% | peak amt  64811 cells  89
                THE LOOP, ANT BY ANT:
                  0. lived                                     22    100.0% of prev    100.0% of all
                  1. reached the food                           2      9.1% of prev      9.1% of all
                  2. picked food up out there                   2    100.0% of prev      9.1% of all
                  3. turned for home with it                    2    100.0% of prev      9.1% of all
                  4. got back to the nest still holding it      2    100.0% of prev      9.1% of all
                  5. PUT IT DOWN there                          2    100.0% of prev      9.1% of all
                  6. went back out again                        2    100.0% of prev      9.1% of all
                  7. reached the food a SECOND time             0      0.0% of prev      0.0% of all
                RETURN LEDGER reached food    2 of   22 ants | came back    2 | trips laden    2 empty    0 | LOOPERS    2 of   22 ants (100.0% of those that reached food), repeat    0, most loops by one ant   1
                BY ANCHOR AT PICKUP  anchor ON nest material:    2 loops /    2 pickups (100.0%) | anchor OFF it:    0 /    0 (  0.0%)
                BY BIRTH SITE  born ON comb:   2 of   2 that reached food looped (100.0%) | born OFF comb:   0 of   0 (  0.0%)
                LEGS legs[469,346] laden[469,346]
                founded x   30..68   (nest cursor 48 MATERIAL x 26..70 20 of 22 founders born on it; food 138; nearest founder 70 cells out, farthest 108, nominal gap 90)  occupancy/1k [52 31 9 1 0 0 0 0]  carry->nest     130  born    2 died   20 (starved   20)
                own trail: route pk    0 end    0 along +0.0000  B nest->food [0,0,0,0,0]  blocked      353  kin swaps       0  ticks     16594  tumbles      5250 (homeward       88, 1.68%)  drops     685  DELIVERED   685  leg home n    2 med   469 p90   469 (laden n    2 med   469 p90   469)  appetite held         0 J of      9092  trips born-on-comb    2 (21 ants) / born-off    0 (1 ants)
                channel A: PEAK amt  64811 cells   89 (of 91 route)  POLARITY|| +0.21989 && +0.21711 SPAN +0.03587 edge   5.6  end nest->food [12266,15417,1965,0,0]  nest   25  AtNest 47.88%
                Carrying: laden     28475  of which SPOIL     13477 ( 47.3%)
    DECISION CENSUS: 12606 decisions, reconciled against the rows and the engine's counters
      leg     setting          n  stepped    felllaunched swappedcrossingreversedblocked_roll_fairoll_fai no_body
      empty   pocket         518    15.1%   36.1%    0.0%    0.0%    0.0%    0.0%    5.4%   21.6%   21.8%    0.0%
      empty   corridor       996    42.7%    6.8%    0.0%    0.0%    0.0%    0.0%    1.8%   24.0%   24.7%    0.0%
      empty   junction      6086    39.4%    7.4%    0.0%    0.0%    0.0%    0.0%    1.0%   26.4%   25.9%    0.0%
      empty   open          2728    39.5%    8.2%    0.0%    0.0%    0.0%    0.0%    0.0%   26.4%   26.0%    0.0%
      spoil   pocket         971    26.9%    1.6%    0.0%    0.0%    0.0%    0.0%   20.0%   24.7%   26.8%    0.0%
      spoil   corridor       424    41.7%    1.2%    0.0%    0.0%    0.0%    0.0%   13.2%   20.5%   23.3%    0.0%
      spoil   junction       742    48.7%    1.6%    0.0%    0.0%    0.0%    0.0%    4.6%   22.1%   23.0%    0.0%
      spoil   open           141    34.0%    2.8%    0.0%    0.0%    0.0%    0.0%    0.0%   31.9%   31.2%    0.0%
    DECISIONS: rows not written (decisionnorows)
   90   19  mute    0/0            0        0     4314        0        0    0/20        0         12 6 2 0 0
                A READ  ant-readable homeward along >= 0.02 on  56.7% of route-cell samples | FOODWARD   1.6% | plane lit on  63.3% | peak amt  65535 cells  67
                THE LOOP, ANT BY ANT:
                  0. lived                                     20    100.0% of prev    100.0% of all
                  1. reached the food                           0      0.0% of prev      0.0% of all
                  2. picked food up out there                   0      0.0% of prev      0.0% of all
                  3. turned for home with it                    0      0.0% of prev      0.0% of all
                  4. got back to the nest still holding it      0      0.0% of prev      0.0% of all
                  5. PUT IT DOWN there                          0      0.0% of prev      0.0% of all
                  6. went back out again                        0      0.0% of prev      0.0% of all
                  7. reached the food a SECOND time             0      0.0% of prev      0.0% of all
                RETURN LEDGER reached food    0 of   20 ants | came back    0 | trips laden    0 empty    0 | LOOPERS    0 of   20 ants ( 0.0% of those that reached food), repeat    0, most loops by one ant   0
                BY ANCHOR AT PICKUP  anchor ON nest material:    0 loops /    0 pickups (  0.0%) | anchor OFF it:    0 /    0 (  0.0%)
                BY BIRTH SITE  born ON comb:   0 of   0 that reached food looped (  0.0%) | born OFF comb:   0 of   0 (  0.0%)
                founded x   30..68   (nest cursor 48 MATERIAL x 26..70 20 of 20 founders born on it; food 138; nearest founder 70 cells out, farthest 108, nominal gap 90)  occupancy/1k [50 18 3 1 0 0 0 0]  carry->nest       0  born    0 died   20 (starved   20)
                own trail: route pk    0 end    0 along +0.0000  B nest->food [0,0,0,0,0]  blocked      389  kin swaps       0  ticks     12606  tumbles      3603 (homeward        0, 0.00%)  drops       0  DELIVERED     0  leg home n    0 med     0 p90     0 (laden n    0 med     0 p90     0)  appetite held         0 J of         0  trips born-on-comb    0 (20 ants) / born-off    0 (0 ants)
                channel A: PEAK amt  65535 cells   67 (of 91 route)  POLARITY|| +0.25464 && +0.25586 SPAN +0.02066 edge   6.0  end nest->food [11982,8206,1136,0,0]  nest   25  AtNest 41.18%
                Carrying: laden     13668  of which SPOIL     13668 (100.0%)
    DECISION CENSUS: 13302 decisions, reconciled against the rows and the engine's counters
      leg     setting          n  stepped    felllaunched swappedcrossingreversedblocked_roll_fairoll_fai no_body
      empty   pocket         882    21.9%   18.9%    0.0%    0.0%    0.0%    0.0%   12.8%   23.6%   22.8%    0.0%
      empty   corridor      2275    50.5%    3.2%    0.0%    0.0%    0.0%    0.0%    1.1%   22.9%   22.4%    0.0%
      empty   junction      6191    37.5%    5.6%    0.0%    0.0%    0.0%    0.0%    0.6%   28.4%   27.8%    0.0%
      empty   open          2099    37.4%    7.1%    0.0%    0.0%    0.0%    0.0%    0.0%   28.5%   26.9%    0.0%
      spoil   pocket         852    30.6%    0.9%    0.0%    0.0%    0.0%    0.0%   25.6%   21.0%   21.8%    0.0%
      spoil   corridor       357    44.3%    1.1%    0.0%    0.0%    0.0%    0.0%   11.5%   20.4%   22.7%    0.0%
      spoil   junction       554    47.8%    1.6%    0.0%    0.0%    0.0%    0.0%    4.7%   22.7%   23.1%    0.0%
      spoil   open            92    50.0%    2.2%    0.0%    0.0%    0.0%    0.0%    0.0%   27.2%   20.7%    0.0%
    DECISIONS: rows not written (decisionnorows)
   90   20  mute    0/0            0        0     4530        0        0    0/20        0         10 4 5 1 0
                A READ  ant-readable homeward along >= 0.02 on  60.6% of route-cell samples | FOODWARD   4.7% | plane lit on  71.9% | peak amt  63676 cells  82
                THE LOOP, ANT BY ANT:
                  0. lived                                     20    100.0% of prev    100.0% of all
                  1. reached the food                           0      0.0% of prev      0.0% of all
                  2. picked food up out there                   0      0.0% of prev      0.0% of all
                  3. turned for home with it                    0      0.0% of prev      0.0% of all
                  4. got back to the nest still holding it      0      0.0% of prev      0.0% of all
                  5. PUT IT DOWN there                          0      0.0% of prev      0.0% of all
                  6. went back out again                        0      0.0% of prev      0.0% of all
                  7. reached the food a SECOND time             0      0.0% of prev      0.0% of all
                RETURN LEDGER reached food    0 of   20 ants | came back    0 | trips laden    0 empty    0 | LOOPERS    0 of   20 ants ( 0.0% of those that reached food), repeat    0, most loops by one ant   0
                BY ANCHOR AT PICKUP  anchor ON nest material:    0 loops /    0 pickups (  0.0%) | anchor OFF it:    0 /    0 (  0.0%)
                BY BIRTH SITE  born ON comb:   0 of   0 that reached food looped (  0.0%) | born OFF comb:   0 of   0 (  0.0%)
                founded x   30..68   (nest cursor 48 MATERIAL x 26..70 20 of 20 founders born on it; food 138; nearest founder 70 cells out, farthest 108, nominal gap 90)  occupancy/1k [46 17 7 4 1 0 0 0]  carry->nest       0  born    0 died   20 (starved   20)
                own trail: route pk    0 end    0 along +0.0000  B nest->food [0,0,0,0,0]  blocked      461  kin swaps       0  ticks     13302  tumbles      3950 (homeward        0, 0.00%)  drops       0  DELIVERED     0  leg home n    0 med     0 p90     0 (laden n    0 med     0 p90     0)  appetite held         0 J of         0  trips born-on-comb    0 (20 ants) / born-off    0 (0 ants)
                channel A: PEAK amt  63676 cells   82 (of 91 route)  POLARITY|| +0.21676 && +0.21689 SPAN +0.03378 edge   6.0  end nest->food [10101,7675,1528,0,0]  nest   25  AtNest 36.04%
                Carrying: laden     11130  of which SPOIL     11130 (100.0%)
    DECISION CENSUS: 12546 decisions, reconciled against the rows and the engine's counters
      leg     setting          n  stepped    felllaunched swappedcrossingreversedblocked_roll_fairoll_fai no_body
      empty   pocket         706    13.5%   31.7%    0.0%    0.0%    0.0%    0.0%    6.7%   23.9%   24.2%    0.0%
      empty   corridor      2096    49.0%    3.3%    0.0%    0.0%    0.0%    0.0%    1.3%   23.0%   23.3%    0.0%
      empty   junction      6515    40.1%    5.6%    0.0%    0.0%    0.0%    0.0%    1.3%   27.1%   25.9%    0.0%
      empty   open          1581    45.0%    7.6%    0.0%    0.0%    0.0%    0.0%    0.0%   22.1%   25.4%    0.0%
      spoil   pocket         327    25.1%    4.3%    0.0%    0.0%    0.0%    0.0%   20.2%   24.2%   26.3%    0.0%
      spoil   corridor       341    37.8%    2.1%    0.0%    0.0%    0.0%    0.0%   12.3%   23.5%   24.3%    0.0%
      spoil   junction       853    46.5%    0.9%    0.0%    0.0%    0.0%    0.0%    3.5%   22.7%   26.3%    0.0%
      spoil   open           127    59.1%    0.8%    0.0%    0.0%    0.0%    0.0%    0.0%   16.5%   23.6%    0.0%
    DECISIONS: rows not written (decisionnorows)
   90   21  mute    0/0            0        0     4410        0        0    0/20        0         12 5 1 2 0
                A READ  ant-readable homeward along >= 0.02 on  63.0% of route-cell samples | FOODWARD   1.8% | plane lit on  68.2% | peak amt  63978 cells  76
                THE LOOP, ANT BY ANT:
                  0. lived                                     20    100.0% of prev    100.0% of all
                  1. reached the food                           0      0.0% of prev      0.0% of all
                  2. picked food up out there                   0      0.0% of prev      0.0% of all
                  3. turned for home with it                    0      0.0% of prev      0.0% of all
                  4. got back to the nest still holding it      0      0.0% of prev      0.0% of all
                  5. PUT IT DOWN there                          0      0.0% of prev      0.0% of all
                  6. went back out again                        0      0.0% of prev      0.0% of all
                  7. reached the food a SECOND time             0      0.0% of prev      0.0% of all
                RETURN LEDGER reached food    0 of   20 ants | came back    0 | trips laden    0 empty    0 | LOOPERS    0 of   20 ants ( 0.0% of those that reached food), repeat    0, most loops by one ant   0
                BY ANCHOR AT PICKUP  anchor ON nest material:    0 loops /    0 pickups (  0.0%) | anchor OFF it:    0 /    0 (  0.0%)
                BY BIRTH SITE  born ON comb:   0 of   0 that reached food looped (  0.0%) | born OFF comb:   0 of   0 (  0.0%)
                founded x   30..68   (nest cursor 48 MATERIAL x 26..70 20 of 20 founders born on it; food 138; nearest founder 70 cells out, farthest 108, nominal gap 90)  occupancy/1k [53 13 5 1 1 0 0 0]  carry->nest       0  born    0 died   20 (starved   20)
                own trail: route pk    0 end    0 along +0.0000  B nest->food [0,0,0,0,0]  blocked      297  kin swaps       0  ticks     12546  tumbles      3437 (homeward        0, 0.00%)  drops       0  DELIVERED     0  leg home n    0 med     0 p90     0 (laden n    0 med     0 p90     0)  appetite held         0 J of         0  trips born-on-comb    0 (20 ants) / born-off    0 (0 ants)
                channel A: PEAK amt  63978 cells   76 (of 91 route)  POLARITY|| +0.22912 && +0.22791 SPAN +0.04175 edge   6.0  end nest->food [11307,7447,1193,0,0]  nest   25  AtNest 35.94%
                Carrying: laden      9888  of which SPOIL      9888 (100.0%)
    DECISION CENSUS: 15082 decisions, reconciled against the rows and the engine's counters
      leg     setting          n  stepped    felllaunched swappedcrossingreversedblocked_roll_fairoll_fai no_body
      empty   pocket        1006    20.7%   22.2%    0.0%    0.0%    0.0%    0.0%   13.7%   21.0%   22.5%    0.0%
      empty   corridor      2309    47.6%    2.1%    0.0%    0.0%    0.0%    0.0%    1.3%   24.6%   24.4%    0.0%
      empty   junction      6263    41.0%    5.1%    0.0%    0.0%    0.0%    0.0%    1.0%   26.3%   26.7%    0.0%
      empty   open          1761    41.2%    7.0%    0.0%    0.0%    0.0%    0.0%    0.0%   26.8%   25.0%    0.0%
      laden   pocket         314     0.3%    1.6%    0.0%    0.0%    0.0%    0.0%    0.6%   46.8%   50.6%    0.0%
      laden   corridor       264    31.1%    0.0%    0.0%    0.0%    0.0%    0.0%    0.4%   38.3%   30.3%    0.0%
      laden   junction       289    12.8%    0.7%    0.0%    0.0%    0.0%    0.0%    0.3%   41.2%   45.0%    0.0%
      laden   open             4     0.0%    0.0%    0.0%    0.0%    0.0%    0.0%    0.0%   25.0%   75.0%    0.0%
      spoil   pocket        1008    32.4%    0.4%    0.0%    0.0%    0.0%    0.0%   27.6%   19.7%   19.8%    0.0%
      spoil   corridor       711    47.5%    0.3%    0.0%    0.0%    0.0%    0.0%    5.3%   24.3%   22.5%    0.0%
      spoil   junction      1009    44.8%    1.0%    0.0%    0.0%    0.0%    0.0%    4.6%   24.4%   25.3%    0.0%
      spoil   open           144    44.4%    1.4%    0.0%    0.0%    0.0%    0.0%    0.0%   26.4%   27.8%    0.0%
    DECISIONS: rows not written (decisionnorows)
   90   22  mute    0/0          684     3240    11508     5226     3780    2/20        2         14 2 2 2 0
                A READ  ant-readable homeward along >= 0.02 on  64.3% of route-cell samples | FOODWARD   2.6% | plane lit on  72.4% | peak amt  65535 cells  89
                THE LOOP, ANT BY ANT:
                  0. lived                                     20    100.0% of prev    100.0% of all
                  1. reached the food                           2     10.0% of prev     10.0% of all
                  2. picked food up out there                   2    100.0% of prev     10.0% of all
                  3. turned for home with it                    2    100.0% of prev     10.0% of all
                  4. got back to the nest still holding it      2    100.0% of prev     10.0% of all
                  5. PUT IT DOWN there                          2    100.0% of prev     10.0% of all
                  6. went back out again                        1     50.0% of prev      5.0% of all
                  7. reached the food a SECOND time             0      0.0% of prev      0.0% of all
                RETURN LEDGER reached food    2 of   20 ants | came back    2 | trips laden    2 empty    0 | LOOPERS    2 of   20 ants (100.0% of those that reached food), repeat    0, most loops by one ant   1
                BY ANCHOR AT PICKUP  anchor ON nest material:    2 loops /    2 pickups (100.0%) | anchor OFF it:    0 /    0 (  0.0%)
                BY BIRTH SITE  born ON comb:   2 of   2 that reached food looped (100.0%) | born OFF comb:   0 of   0 (  0.0%)
                LEGS legs[805,505] laden[805,505]
                founded x   30..68   (nest cursor 48 MATERIAL x 26..70 20 of 20 founders born on it; food 138; nearest founder 70 cells out, farthest 108, nominal gap 90)  occupancy/1k [55 17 10 3 1 0 1 0]  carry->nest     116  born    0 died   20 (starved   20)
                own trail: route pk    0 end    0 along +0.0000  B nest->food [0,0,0,0,0]  blocked      595  kin swaps       0  ticks     15082  tumbles      4520 (homeward       84, 1.86%)  drops       0  DELIVERED     0  leg home n    2 med   805 p90   805 (laden n    2 med   805 p90   805)  appetite held         0 J of      2880  trips born-on-comb    2 (20 ants) / born-off    0 (0 ants)
                channel A: PEAK amt  65535 cells   89 (of 91 route)  POLARITY|| +0.22751 && +0.22659 SPAN +0.02862 edge   5.6  end nest->food [12964,9236,1334,0,0]  nest   25  AtNest 32.70%
                Carrying: laden     22458  of which SPOIL     17232 ( 76.7%)
    DECISION CENSUS: 14464 decisions, reconciled against the rows and the engine's counters
      leg     setting          n  stepped    felllaunched swappedcrossingreversedblocked_roll_fairoll_fai no_body
      empty   pocket         921    17.7%   20.8%    0.0%    0.0%    0.0%    0.0%    7.3%   27.8%   26.4%    0.0%
      empty   corridor      1818    42.0%    3.2%    0.0%    0.0%    0.0%    0.0%    1.7%   26.0%   27.0%    0.0%
      empty   junction      6145    38.4%    5.9%    0.0%    0.0%    0.0%    0.0%    0.9%   27.8%   27.0%    0.0%
      empty   open          2242    40.6%    9.6%    0.0%    0.0%    0.0%    0.0%    0.0%   25.2%   24.7%    0.0%
      laden   corridor        61    70.5%    0.0%    0.0%    0.0%    0.0%    0.0%    0.0%    9.8%   19.7%    0.0%
      laden   junction       520     1.9%    0.0%    0.0%    0.0%    0.0%    0.0%    0.2%   49.2%   48.7%    0.0%
      spoil   pocket         818    23.7%    1.0%    0.0%    0.0%    0.0%    0.0%   17.1%   28.5%   29.7%    0.0%
      spoil   corridor       768    44.8%    0.3%    0.0%    0.0%    0.0%    0.0%    7.0%   25.3%   22.7%    0.0%
      spoil   junction      1037    45.1%    1.1%    0.0%    0.0%    0.0%    0.0%    5.6%   24.8%   23.4%    0.0%
      spoil   open           134    56.0%    1.5%    0.0%    0.0%    0.0%    0.0%    0.0%   23.1%   19.4%    0.0%
    DECISIONS: rows not written (decisionnorows)
   90   23  mute    0/0          456     3936    16152     3486        0    1/20        1         14 3 1 2 0
                A READ  ant-readable homeward along >= 0.02 on  62.6% of route-cell samples | FOODWARD   1.1% | plane lit on  66.9% | peak amt  65535 cells  89
                THE LOOP, ANT BY ANT:
                  0. lived                                     20    100.0% of prev    100.0% of all
                  1. reached the food                           1      5.0% of prev      5.0% of all
                  2. picked food up out there                   1    100.0% of prev      5.0% of all
                  3. turned for home with it                    1    100.0% of prev      5.0% of all
                  4. got back to the nest still holding it      0      0.0% of prev      0.0% of all
                  5. PUT IT DOWN there                          0      0.0% of prev      0.0% of all
                  6. went back out again                        0      0.0% of prev      0.0% of all
                  7. reached the food a SECOND time             0      0.0% of prev      0.0% of all
                RETURN LEDGER reached food    1 of   20 ants | came back    1 | trips laden    0 empty    1 | LOOPERS    0 of   20 ants ( 0.0% of those that reached food), repeat    0, most loops by one ant   0
                BY ANCHOR AT PICKUP  anchor ON nest material:    0 loops /    1 pickups (  0.0%) | anchor OFF it:    0 /    0 (  0.0%)
                BY BIRTH SITE  born ON comb:   0 of   1 that reached food looped (  0.0%) | born OFF comb:   0 of   0 (  0.0%)
                LEGS legs[4303] laden[]
                founded x   30..68   (nest cursor 48 MATERIAL x 26..70 20 of 20 founders born on it; food 138; nearest founder 70 cells out, farthest 108, nominal gap 90)  occupancy/1k [51 17 13 1 1 0 0 0]  carry->nest      52  born    0 died   20 (starved   20)
                own trail: route pk    0 end    0 along +0.0000  B nest->food [0,0,0,0,0]  blocked      408  kin swaps       0  ticks     14464  tumbles      4387 (homeward       78, 1.78%)  drops       0  DELIVERED     0  leg home n    1 med  4303 p90  4303 (laden n    0 med     0 p90     0)  appetite held         0 J of      1920  trips born-on-comb    1 (20 ants) / born-off    0 (0 ants)
                channel A: PEAK amt  65535 cells   89 (of 91 route)  POLARITY|| +0.24682 && +0.24941 SPAN +0.02357 edge   5.7  end nest->food [12000,7244,665,0,0]  nest   25  AtNest 34.85%
                Carrying: laden     20028  of which SPOIL     16542 ( 82.6%)
    DECISION CENSUS: 13805 decisions, reconciled against the rows and the engine's counters
      leg     setting          n  stepped    felllaunched swappedcrossingreversedblocked_roll_fairoll_fai no_body
      empty   pocket         612    16.8%   32.5%    0.0%    0.0%    0.0%    0.0%    7.4%   21.7%   21.6%    0.0%
      empty   corridor      1463    44.1%    4.8%    0.0%    0.0%    0.0%    0.0%    1.4%   24.9%   24.9%    0.0%
      empty   junction      6359    36.2%    6.0%    0.0%    0.0%    0.0%    0.0%    1.1%   28.2%   28.5%    0.0%
      empty   open          2104    41.8%    9.2%    0.0%    0.0%    0.0%    0.0%    0.0%   24.6%   24.4%    0.0%
      laden   pocket          30     0.0%   56.7%    0.0%    0.0%    0.0%    0.0%    3.3%   16.7%   23.3%    0.0%
      laden   corridor       173    23.1%    0.0%    0.0%    0.0%    0.0%    0.0%    0.0%   32.9%   43.9%    0.0%
      laden   junction       958     7.0%    0.0%    0.0%    0.0%    0.0%    0.0%    0.2%   45.5%   47.3%    0.0%
      laden   open             5    20.0%    0.0%    0.0%    0.0%    0.0%    0.0%    0.0%   40.0%   40.0%    0.0%
      spoil   pocket         607    31.5%    2.5%    0.0%    0.0%    0.0%    0.0%   26.2%   21.3%   18.6%    0.0%
      spoil   corridor       524    42.7%    1.3%    0.0%    0.0%    0.0%    0.0%   12.6%   21.2%   22.1%    0.0%
      spoil   junction       797    54.0%    1.1%    0.0%    0.0%    0.0%    0.0%    4.0%   19.9%   21.0%    0.0%
      spoil   open           173    46.8%    4.6%    0.0%    0.0%    0.0%    0.0%    0.0%   25.4%   23.1%    0.0%
    DECISIONS: rows not written (decisionnorows)
   90   24  mute    0/0         1394     3798    14790     6996     6348    1/21        1         13 3 3 2 0
                A READ  ant-readable homeward along >= 0.02 on  59.9% of route-cell samples | FOODWARD   2.1% | plane lit on  71.1% | peak amt  65535 cells  89
                THE LOOP, ANT BY ANT:
                  0. lived                                     21    100.0% of prev    100.0% of all
                  1. reached the food                           1      4.8% of prev      4.8% of all
                  2. picked food up out there                   1    100.0% of prev      4.8% of all
                  3. turned for home with it                    1    100.0% of prev      4.8% of all
                  4. got back to the nest still holding it      1    100.0% of prev      4.8% of all
                  5. PUT IT DOWN there                          1    100.0% of prev      4.8% of all
                  6. went back out again                        1    100.0% of prev      4.8% of all
                  7. reached the food a SECOND time             0      0.0% of prev      0.0% of all
                RETURN LEDGER reached food    1 of   21 ants | came back    1 | trips laden    1 empty    0 | LOOPERS    1 of   21 ants (100.0% of those that reached food), repeat    0, most loops by one ant   1
                BY ANCHOR AT PICKUP  anchor ON nest material:    1 loops /    1 pickups (100.0%) | anchor OFF it:    0 /    0 (  0.0%)
                BY BIRTH SITE  born ON comb:   1 of   1 that reached food looped (100.0%) | born OFF comb:   0 of   0 (  0.0%)
                LEGS legs[577] laden[577]
                founded x   30..68   (nest cursor 48 MATERIAL x 26..70 20 of 21 founders born on it; food 138; nearest founder 70 cells out, farthest 108, nominal gap 90)  occupancy/1k [45 22 9 3 1 0 0 0]  carry->nest      76  born    1 died   21 (starved   20)
                own trail: route pk    0 end    0 along +0.0000  B nest->food [0,0,0,0,0]  blocked      395  kin swaps       0  ticks     13806  tumbles      4145 (homeward       48, 1.16%)  drops     355  DELIVERED   355  leg home n    1 med   577 p90   577 (laden n    1 med   577 p90   577)  appetite held         0 J of      3848  trips born-on-comb    1 (21 ants) / born-off    0 (0 ants)
                channel A: PEAK amt  65535 cells   89 (of 91 route)  POLARITY|| +0.23308 && +0.23351 SPAN +0.01309 edge   5.8  end nest->food [11002,9166,1683,0,0]  nest   25  AtNest 44.08%
                Carrying: laden     19618  of which SPOIL     12742 ( 65.0%)
    DECISION CENSUS: 12567 decisions, reconciled against the rows and the engine's counters
      leg     setting          n  stepped    felllaunched swappedcrossingreversedblocked_roll_fairoll_fai no_body
      empty   pocket         497    13.3%   35.4%    0.0%    0.0%    0.0%    0.0%    5.2%   24.7%   21.3%    0.0%
      empty   corridor      1879    48.1%    4.5%    0.0%    0.0%    0.0%    0.0%    1.7%   22.5%   23.3%    0.0%
      empty   junction      5920    38.9%    5.9%    0.0%    0.0%    0.0%    0.0%    1.2%   26.8%   27.2%    0.0%
      empty   open          2130    39.8%    7.2%    0.0%    0.0%    0.0%    0.0%    0.0%   26.7%   26.3%    0.0%
      spoil   pocket         562    27.8%    1.6%    0.0%    0.0%    0.0%    0.0%   24.2%   21.4%   25.1%    0.0%
      spoil   corridor       556    45.0%    0.7%    0.0%    0.0%    0.0%    0.0%    9.0%   23.4%   21.9%    0.0%
      spoil   junction       936    46.6%    1.1%    0.0%    0.0%    0.0%    0.0%    5.2%   23.6%   23.5%    0.0%
      spoil   open            87    46.0%    4.6%    0.0%    0.0%    0.0%    0.0%    0.0%   27.6%   21.8%    0.0%
    DECISIONS: rows not written (decisionnorows)
  140    1  mute    0/0            0        0     4494        0        0    0/20        0         17 3 0 0 0
                A READ  ant-readable homeward along >= 0.02 on  35.8% of route-cell samples | FOODWARD   0.3% | plane lit on  36.5% | peak amt  65535 cells  55
                THE LOOP, ANT BY ANT:
                  0. lived                                     20    100.0% of prev    100.0% of all
                  1. reached the food                           0      0.0% of prev      0.0% of all
                  2. picked food up out there                   0      0.0% of prev      0.0% of all
                  3. turned for home with it                    0      0.0% of prev      0.0% of all
                  4. got back to the nest still holding it      0      0.0% of prev      0.0% of all
                  5. PUT IT DOWN there                          0      0.0% of prev      0.0% of all
                  6. went back out again                        0      0.0% of prev      0.0% of all
                  7. reached the food a SECOND time             0      0.0% of prev      0.0% of all
                RETURN LEDGER reached food    0 of   20 ants | came back    0 | trips laden    0 empty    0 | LOOPERS    0 of   20 ants ( 0.0% of those that reached food), repeat    0, most loops by one ant   0
                BY ANCHOR AT PICKUP  anchor ON nest material:    0 loops /    0 pickups (  0.0%) | anchor OFF it:    0 /    0 (  0.0%)
                BY BIRTH SITE  born ON comb:   0 of   0 that reached food looped (  0.0%) | born OFF comb:   0 of   0 (  0.0%)
                founded x   30..68   (nest cursor 48 MATERIAL x 26..70 20 of 20 founders born on it; food 188; nearest founder 120 cells out, farthest 158, nominal gap 140)  occupancy/1k [66 7 1 0 0 0 0 0]  carry->nest       0  born    0 died   20 (starved   20)
                own trail: route pk    0 end    0 along +0.0000  B nest->food [0,0,0,0,0]  blocked      364  kin swaps       0  ticks     12567  tumbles      3561 (homeward        0, 0.00%)  drops       0  DELIVERED     0  leg home n    0 med     0 p90     0 (laden n    0 med     0 p90     0)  appetite held         0 J of         0  trips born-on-comb    0 (20 ants) / born-off    0 (0 ants)
                channel A: PEAK amt  65535 cells   55 (of 141 route)  POLARITY|| +0.28282 && +0.27318 SPAN +0.01091 edge   6.0  end nest->food [12149,2847,0,0,0]  nest   25  AtNest 39.35%
                Carrying: laden     12846  of which SPOIL     12846 (100.0%)
    DECISION CENSUS: 12313 decisions, reconciled against the rows and the engine's counters
      leg     setting          n  stepped    felllaunched swappedcrossingreversedblocked_roll_fairoll_fai no_body
      empty   pocket         889    24.6%   17.8%    0.0%    0.0%    0.0%    0.0%   14.5%   20.9%   22.2%    0.0%
      empty   corridor      1582    44.4%    4.6%    0.0%    0.0%    0.0%    0.0%    1.6%   24.7%   24.8%    0.0%
      empty   junction      5172    37.6%    5.9%    0.0%    0.0%    0.0%    0.0%    0.9%   28.8%   26.8%    0.0%
      empty   open          1773    42.6%    8.5%    0.0%    0.0%    0.0%    0.0%    0.0%   23.3%   25.6%    0.0%
      spoil   pocket        1041    31.9%    0.5%    0.0%    0.0%    0.0%    0.0%   26.6%   20.7%   20.4%    0.0%
      spoil   corridor       877    48.6%    0.0%    0.0%    0.0%    0.0%    0.0%    4.9%   21.7%   24.9%    0.0%
      spoil   junction       854    50.7%    0.0%    0.0%    0.0%    0.0%    0.0%    4.0%   21.5%   23.8%    0.0%
      spoil   open           125    52.8%    0.8%    0.0%    0.0%    0.0%    0.0%    0.0%   25.6%   20.8%    0.0%
    DECISIONS: rows not written (decisionnorows)
  140    2  mute    0/0            0        0     4104        0        0    0/20        0         15 4 1 0 0
                A READ  ant-readable homeward along >= 0.02 on  37.7% of route-cell samples | FOODWARD   2.3% | plane lit on  43.8% | peak amt  65535 cells  86
                THE LOOP, ANT BY ANT:
                  0. lived                                     20    100.0% of prev    100.0% of all
                  1. reached the food                           0      0.0% of prev      0.0% of all
                  2. picked food up out there                   0      0.0% of prev      0.0% of all
                  3. turned for home with it                    0      0.0% of prev      0.0% of all
                  4. got back to the nest still holding it      0      0.0% of prev      0.0% of all
                  5. PUT IT DOWN there                          0      0.0% of prev      0.0% of all
                  6. went back out again                        0      0.0% of prev      0.0% of all
                  7. reached the food a SECOND time             0      0.0% of prev      0.0% of all
                RETURN LEDGER reached food    0 of   20 ants | came back    0 | trips laden    0 empty    0 | LOOPERS    0 of   20 ants ( 0.0% of those that reached food), repeat    0, most loops by one ant   0
                BY ANCHOR AT PICKUP  anchor ON nest material:    0 loops /    0 pickups (  0.0%) | anchor OFF it:    0 /    0 (  0.0%)
                BY BIRTH SITE  born ON comb:   0 of   0 that reached food looped (  0.0%) | born OFF comb:   0 of   0 (  0.0%)
                founded x   30..68   (nest cursor 48 MATERIAL x 26..70 20 of 20 founders born on it; food 188; nearest founder 120 cells out, farthest 158, nominal gap 140)  occupancy/1k [60 10 1 0 0 0 0 0]  carry->nest       0  born    0 died   20 (starved   20)
                own trail: route pk    0 end    0 along +0.0000  B nest->food [0,0,0,0,0]  blocked      557  kin swaps       0  ticks     12313  tumbles      3657 (homeward        0, 0.00%)  drops       0  DELIVERED     0  leg home n    0 med     0 p90     0 (laden n    0 med     0 p90     0)  appetite held         0 J of         0  trips born-on-comb    0 (20 ants) / born-off    0 (0 ants)
                channel A: PEAK amt  65535 cells   86 (of 141 route)  POLARITY|| +0.23869 && +0.23919 SPAN +0.00830 edge   6.0  end nest->food [11632,4127,0,0,0]  nest   25  AtNest 40.33%
                Carrying: laden     17382  of which SPOIL     17382 (100.0%)
    DECISION CENSUS: 12746 decisions, reconciled against the rows and the engine's counters
      leg     setting          n  stepped    felllaunched swappedcrossingreversedblocked_roll_fairoll_fai no_body
      empty   pocket         463    14.5%   34.6%    0.0%    0.0%    0.0%    0.0%    6.3%   24.4%   20.3%    0.0%
      empty   corridor      2222    49.5%    2.3%    0.0%    0.0%    0.0%    0.0%    1.7%   23.4%   23.2%    0.0%
      empty   junction      5622    37.4%    4.3%    0.0%    0.0%    0.0%    0.0%    1.0%   28.5%   28.9%    0.0%
      empty   open          1564    38.9%    6.2%    0.0%    0.0%    0.0%    0.0%    0.0%   27.8%   27.0%    0.0%
      laden   pocket           5    20.0%   40.0%    0.0%    0.0%    0.0%    0.0%    0.0%    0.0%   40.0%    0.0%
      laden   corridor       186    55.9%    0.5%    0.0%    0.0%    0.0%    0.0%    0.5%   17.7%   25.3%    0.0%
      laden   junction        54    40.7%    0.0%    0.0%    0.0%    0.0%    0.0%    0.0%   27.8%   31.5%    0.0%
      spoil   pocket         785    31.1%    1.3%    0.0%    0.0%    0.0%    0.0%   23.8%   21.7%   22.2%    0.0%
      spoil   corridor       714    48.2%    0.1%    0.0%    0.0%    0.0%    0.0%    9.0%   21.6%   21.1%    0.0%
      spoil   junction      1012    48.7%    1.5%    0.0%    0.0%    0.0%    0.0%    4.4%   23.2%   22.1%    0.0%
      spoil   open           119    53.8%    1.7%    0.0%    0.0%    0.0%    0.0%    0.0%   21.8%   22.7%    0.0%
    DECISIONS: rows not written (decisionnorows)
  140    3  mute    0/0          192     3432     6318     1470      336    1/20        1         16 3 0 1 0
                A READ  ant-readable homeward along >= 0.02 on  40.8% of route-cell samples | FOODWARD   3.3% | plane lit on  48.5% | peak amt  65535 cells 138
                THE LOOP, ANT BY ANT:
                  0. lived                                     20    100.0% of prev    100.0% of all
                  1. reached the food                           1      5.0% of prev      5.0% of all
                  2. picked food up out there                   1    100.0% of prev      5.0% of all
                  3. turned for home with it                    1    100.0% of prev      5.0% of all
                  4. got back to the nest still holding it      1    100.0% of prev      5.0% of all
                  5. PUT IT DOWN there                          1    100.0% of prev      5.0% of all
                  6. went back out again                        0      0.0% of prev      0.0% of all
                  7. reached the food a SECOND time             0      0.0% of prev      0.0% of all
                RETURN LEDGER reached food    1 of   20 ants | came back    1 | trips laden    1 empty    0 | LOOPERS    1 of   20 ants (100.0% of those that reached food), repeat    0, most loops by one ant   1
                BY ANCHOR AT PICKUP  anchor ON nest material:    1 loops /    1 pickups (100.0%) | anchor OFF it:    0 /    0 (  0.0%)
                BY BIRTH SITE  born ON comb:   1 of   1 that reached food looped (100.0%) | born OFF comb:   0 of   0 (  0.0%)
                LEGS legs[1075] laden[1075]
                founded x   30..68   (nest cursor 48 MATERIAL x 26..70 20 of 20 founders born on it; food 188; nearest founder 120 cells out, farthest 158, nominal gap 140)  occupancy/1k [63 7 2 0 0 0 0 0]  carry->nest     118  born    0 died   20 (starved   19)
                own trail: route pk    0 end    0 along +0.0000  B nest->food [0,0,0,0,0]  blocked      418  kin swaps       0  ticks     12747  tumbles      3723 (homeward       22, 0.59%)  drops      15  DELIVERED    15  leg home n    1 med  1075 p90  1075 (laden n    1 med  1075 p90  1075)  appetite held         0 J of       808  trips born-on-comb    1 (20 ants) / born-off    0 (0 ants)
                channel A: PEAK amt  65535 cells  138 (of 141 route)  POLARITY|| +0.22793 && +0.23199 SPAN +0.02612 edge   6.1  end nest->food [12141,3530,0,0,0]  nest   25  AtNest 41.32%
                Carrying: laden     17250  of which SPOIL     15786 ( 91.5%)
    DECISION CENSUS: 12396 decisions, reconciled against the rows and the engine's counters
      leg     setting          n  stepped    felllaunched swappedcrossingreversedblocked_roll_fairoll_fai no_body
      empty   pocket         581    17.6%   25.6%    0.0%    0.0%    0.0%    0.0%    7.9%   24.8%   24.1%    0.0%
      empty   corridor      1634    43.3%    5.1%    0.0%    0.0%    0.0%    0.0%    2.1%   26.3%   23.1%    0.0%
      empty   junction      5717    40.0%    5.7%    0.0%    0.0%    0.0%    0.0%    1.3%   26.4%   26.6%    0.0%
      empty   open          2285    42.0%    8.9%    0.0%    0.0%    0.0%    0.0%    0.0%   25.3%   23.9%    0.0%
      spoil   pocket         483    28.0%    1.9%    0.0%    0.0%    0.0%    0.0%   23.6%   22.6%   24.0%    0.0%
      spoil   corridor       533    42.0%    0.2%    0.0%    0.0%    0.0%    0.0%   13.3%   21.8%   22.7%    0.0%
      spoil   junction      1009    49.3%    1.1%    0.0%    0.0%    0.0%    0.0%    4.3%   23.1%   22.3%    0.0%
      spoil   open           154    51.3%    6.5%    0.0%    0.0%    0.0%    0.0%    0.0%   22.1%   20.1%    0.0%
    DECISIONS: rows not written (decisionnorows)
  140    4  mute    0/0            0        0     4062        0        0    0/20        0         18 2 0 0 0
                A READ  ant-readable homeward along >= 0.02 on  38.7% of route-cell samples | FOODWARD   0.5% | plane lit on  42.1% | peak amt  65535 cells  71
                THE LOOP, ANT BY ANT:
                  0. lived                                     20    100.0% of prev    100.0% of all
                  1. reached the food                           0      0.0% of prev      0.0% of all
                  2. picked food up out there                   0      0.0% of prev      0.0% of all
                  3. turned for home with it                    0      0.0% of prev      0.0% of all
                  4. got back to the nest still holding it      0      0.0% of prev      0.0% of all
                  5. PUT IT DOWN there                          0      0.0% of prev      0.0% of all
                  6. went back out again                        0      0.0% of prev      0.0% of all
                  7. reached the food a SECOND time             0      0.0% of prev      0.0% of all
                RETURN LEDGER reached food    0 of   20 ants | came back    0 | trips laden    0 empty    0 | LOOPERS    0 of   20 ants ( 0.0% of those that reached food), repeat    0, most loops by one ant   0
                BY ANCHOR AT PICKUP  anchor ON nest material:    0 loops /    0 pickups (  0.0%) | anchor OFF it:    0 /    0 (  0.0%)
                BY BIRTH SITE  born ON comb:   0 of   0 that reached food looped (  0.0%) | born OFF comb:   0 of   0 (  0.0%)
                founded x   30..68   (nest cursor 48 MATERIAL x 26..70 20 of 20 founders born on it; food 188; nearest founder 120 cells out, farthest 158, nominal gap 140)  occupancy/1k [62 10 1 0 0 0 0 0]  carry->nest       0  born    0 died   20 (starved   20)
                own trail: route pk    0 end    0 along +0.0000  B nest->food [0,0,0,0,0]  blocked      382  kin swaps       0  ticks     12396  tumbles      3537 (homeward        0, 0.00%)  drops       0  DELIVERED     0  leg home n    0 med     0 p90     0 (laden n    0 med     0 p90     0)  appetite held         0 J of         0  trips born-on-comb    0 (20 ants) / born-off    0 (0 ants)
                channel A: PEAK amt  65535 cells   71 (of 141 route)  POLARITY|| +0.25097 && +0.25448 SPAN +0.01359 edge   6.0  end nest->food [11783,3315,0,0,0]  nest   25  AtNest 40.05%
                Carrying: laden     13074  of which SPOIL     13074 (100.0%)
    DECISION CENSUS: 12511 decisions, reconciled against the rows and the engine's counters
      leg     setting          n  stepped    felllaunched swappedcrossingreversedblocked_roll_fairoll_fai no_body
      empty   pocket         834    26.7%   15.9%    0.0%    0.0%    0.0%    0.0%   15.0%   22.3%   20.0%    0.0%
      empty   corridor      1770    49.3%    2.4%    0.0%    0.0%    0.0%    0.0%    1.2%   22.8%   24.4%    0.0%
      empty   junction      5291    37.0%    4.9%    0.0%    0.0%    0.0%    0.0%    1.4%   28.4%   28.3%    0.0%
      empty   open          1751    37.9%    6.7%    0.0%    0.0%    0.0%    0.0%    0.0%   27.4%   28.0%    0.0%
      spoil   pocket        1341    30.6%    1.9%    0.0%    0.0%    0.0%    0.0%   24.8%   21.4%   21.2%    0.0%
      spoil   corridor       699    46.4%    0.6%    0.0%    0.0%    0.0%    0.0%    5.3%   24.2%   23.6%    0.0%
      spoil   junction       754    48.5%    0.4%    0.0%    0.0%    0.0%    0.0%    4.8%   24.8%   21.5%    0.0%
      spoil   open            71    57.7%    0.0%    0.0%    0.0%    0.0%    0.0%    0.0%   21.1%   21.1%    0.0%
    DECISIONS: rows not written (decisionnorows)
  140    5  mute    0/0            0        0     4368        0        0    0/20        0         17 2 0 1 0
                A READ  ant-readable homeward along >= 0.02 on  38.0% of route-cell samples | FOODWARD   2.5% | plane lit on  43.7% | peak amt  65535 cells 113
                THE LOOP, ANT BY ANT:
                  0. lived                                     20    100.0% of prev    100.0% of all
                  1. reached the food                           0      0.0% of prev      0.0% of all
                  2. picked food up out there                   0      0.0% of prev      0.0% of all
                  3. turned for home with it                    0      0.0% of prev      0.0% of all
                  4. got back to the nest still holding it      0      0.0% of prev      0.0% of all
                  5. PUT IT DOWN there                          0      0.0% of prev      0.0% of all
                  6. went back out again                        0      0.0% of prev      0.0% of all
                  7. reached the food a SECOND time             0      0.0% of prev      0.0% of all
                RETURN LEDGER reached food    0 of   20 ants | came back    0 | trips laden    0 empty    0 | LOOPERS    0 of   20 ants ( 0.0% of those that reached food), repeat    0, most loops by one ant   0
                BY ANCHOR AT PICKUP  anchor ON nest material:    0 loops /    0 pickups (  0.0%) | anchor OFF it:    0 /    0 (  0.0%)
                BY BIRTH SITE  born ON comb:   0 of   0 that reached food looped (  0.0%) | born OFF comb:   0 of   0 (  0.0%)
                founded x   30..68   (nest cursor 48 MATERIAL x 26..70 20 of 20 founders born on it; food 188; nearest founder 120 cells out, farthest 158, nominal gap 140)  occupancy/1k [56 15 0 0 0 0 0 0]  carry->nest       0  born    0 died   20 (starved   19)
                own trail: route pk    0 end    0 along +0.0000  B nest->food [0,0,0,0,0]  blocked      627  kin swaps       0  ticks     12512  tumbles      3859 (homeward        0, 0.00%)  drops       0  DELIVERED     0  leg home n    0 med     0 p90     0 (laden n    0 med     0 p90     0)  appetite held         0 J of         0  trips born-on-comb    0 (20 ants) / born-off    0 (0 ants)
                channel A: PEAK amt  65535 cells  113 (of 141 route)  POLARITY|| +0.23716 && +0.23938 SPAN +0.01876 edge   6.7  end nest->food [10995,3204,0,0,0]  nest   25  AtNest 34.41%
                Carrying: laden     17190  of which SPOIL     17190 (100.0%)
    DECISION CENSUS: 12547 decisions, reconciled against the rows and the engine's counters
      leg     setting          n  stepped    felllaunched swappedcrossingreversedblocked_roll_fairoll_fai no_body
      empty   pocket         652    20.6%   27.5%    0.0%    0.0%    0.0%    0.0%   10.7%   20.6%   20.7%    0.0%
      empty   corridor      1373    47.3%    4.6%    0.0%    0.0%    0.0%    0.0%    1.6%   22.9%   23.5%    0.0%
      empty   junction      6333    36.0%    6.4%    0.0%    0.0%    0.0%    0.0%    0.9%   27.8%   28.9%    0.0%
      empty   open          2098    41.4%    7.2%    0.0%    0.0%    0.0%    0.0%    0.0%   25.2%   26.2%    0.0%
      spoil   pocket         733    31.5%    1.5%    0.0%    0.0%    0.0%    0.0%   26.5%   21.1%   19.4%    0.0%
      spoil   corridor       393    39.9%    0.8%    0.0%    0.0%    0.0%    0.0%    9.9%   25.7%   23.7%    0.0%
      spoil   junction       842    51.3%    1.4%    0.0%    0.0%    0.0%    0.0%    4.5%   22.0%   20.8%    0.0%
      spoil   open           123    43.1%    3.3%    0.0%    0.0%    0.0%    0.0%    0.0%   26.0%   27.6%    0.0%
    DECISIONS: rows not written (decisionnorows)
  140    6  mute    0/0            0        0     4458        0        0    0/20        0         16 4 0 0 0
                A READ  ant-readable homeward along >= 0.02 on  37.4% of route-cell samples | FOODWARD   1.0% | plane lit on  41.6% | peak amt  65535 cells  66
                THE LOOP, ANT BY ANT:
                  0. lived                                     20    100.0% of prev    100.0% of all
                  1. reached the food                           0      0.0% of prev      0.0% of all
                  2. picked food up out there                   0      0.0% of prev      0.0% of all
                  3. turned for home with it                    0      0.0% of prev      0.0% of all
                  4. got back to the nest still holding it      0      0.0% of prev      0.0% of all
                  5. PUT IT DOWN there                          0      0.0% of prev      0.0% of all
                  6. went back out again                        0      0.0% of prev      0.0% of all
                  7. reached the food a SECOND time             0      0.0% of prev      0.0% of all
                RETURN LEDGER reached food    0 of   20 ants | came back    0 | trips laden    0 empty    0 | LOOPERS    0 of   20 ants ( 0.0% of those that reached food), repeat    0, most loops by one ant   0
                BY ANCHOR AT PICKUP  anchor ON nest material:    0 loops /    0 pickups (  0.0%) | anchor OFF it:    0 /    0 (  0.0%)
                BY BIRTH SITE  born ON comb:   0 of   0 that reached food looped (  0.0%) | born OFF comb:   0 of   0 (  0.0%)
                founded x   30..68   (nest cursor 48 MATERIAL x 26..70 20 of 20 founders born on it; food 188; nearest founder 120 cells out, farthest 158, nominal gap 140)  occupancy/1k [62 10 1 0 0 0 0 0]  carry->nest       0  born    0 died   20 (starved   20)
                own trail: route pk    0 end    0 along +0.0000  B nest->food [0,0,0,0,0]  blocked      419  kin swaps       0  ticks     12547  tumbles      3632 (homeward        0, 0.00%)  drops       0  DELIVERED     0  leg home n    0 med     0 p90     0 (laden n    0 med     0 p90     0)  appetite held         0 J of         0  trips born-on-comb    0 (20 ants) / born-off    0 (0 ants)
                channel A: PEAK amt  65535 cells   66 (of 141 route)  POLARITY|| +0.24645 && +0.24958 SPAN +0.02242 edge   6.0  end nest->food [12106,3741,0,0,0]  nest   25  AtNest 37.43%
                Carrying: laden     12546  of which SPOIL     12546 (100.0%)
    DECISION CENSUS: 12702 decisions, reconciled against the rows and the engine's counters
      leg     setting          n  stepped    felllaunched swappedcrossingreversedblocked_roll_fairoll_fai no_body
      empty   pocket         564    16.7%   31.2%    0.0%    0.0%    0.0%    0.0%    6.9%   23.2%   22.0%    0.0%
      empty   corridor      1734    50.0%    3.5%    0.0%    0.0%    0.0%    0.0%    1.5%   21.6%   23.4%    0.0%
      empty   junction      6377    37.3%    5.6%    0.0%    0.0%    0.0%    0.0%    0.9%   28.3%   27.9%    0.0%
      empty   open          2221    38.0%    7.1%    0.0%    0.0%    0.0%    0.0%    0.0%   28.4%   26.5%    0.0%
      laden   junction        37     8.1%    0.0%    0.0%    0.0%    0.0%    0.0%    0.0%   45.9%   45.9%    0.0%
      laden   open            52     7.7%   11.5%    0.0%    0.0%    0.0%    0.0%    0.0%   32.7%   48.1%    0.0%
      spoil   pocket         351    29.1%    1.4%    0.0%    0.0%    0.0%    0.0%   25.1%   20.5%   23.9%    0.0%
      spoil   corridor       403    43.4%    0.5%    0.0%    0.0%    0.0%    0.0%   14.1%   21.1%   20.8%    0.0%
      spoil   junction       846    47.9%    0.9%    0.0%    0.0%    0.0%    0.0%    5.4%   25.8%   20.0%    0.0%
      spoil   open           117    63.2%    3.4%    0.0%    0.0%    0.0%    0.0%    0.0%   17.9%   15.4%    0.0%
    DECISIONS: rows not written (decisionnorows)
  140    7  mute    0/0         1277     3696     4446      546        0    2/21        0         15 4 0 2 0
                A READ  ant-readable homeward along >= 0.02 on  38.6% of route-cell samples | FOODWARD   4.1% | plane lit on  47.6% | peak amt  65535 cells 139
                THE LOOP, ANT BY ANT:
                  0. lived                                     21    100.0% of prev    100.0% of all
                  1. reached the food                           2      9.5% of prev      9.5% of all
                  2. picked food up out there                   2    100.0% of prev      9.5% of all
                  3. turned for home with it                    0      0.0% of prev      0.0% of all
                  4. got back to the nest still holding it      0      0.0% of prev      0.0% of all
                  5. PUT IT DOWN there                          0      0.0% of prev      0.0% of all
                  6. went back out again                        0      0.0% of prev      0.0% of all
                  7. reached the food a SECOND time             0      0.0% of prev      0.0% of all
                RETURN LEDGER reached food    2 of   21 ants | came back    0 | trips laden    0 empty    0 | LOOPERS    0 of   21 ants ( 0.0% of those that reached food), repeat    0, most loops by one ant   0
                BY ANCHOR AT PICKUP  anchor ON nest material:    0 loops /    1 pickups (  0.0%) | anchor OFF it:    0 /    1 (  0.0%)
                BY BIRTH SITE  born ON comb:   0 of   1 that reached food looped (  0.0%) | born OFF comb:   0 of   1 (  0.0%)
                founded x   30..68   (nest cursor 48 MATERIAL x 26..70 20 of 21 founders born on it; food 188; nearest founder 120 cells out, farthest 158, nominal gap 140)  occupancy/1k [53 18 1 0 0 0 0 0]  carry->nest      -3  born    1 died   21 (starved   19)
                own trail: route pk    0 end    0 along +0.0000  B nest->food [0,0,0,0,0]  blocked      316  kin swaps       0  ticks     12704  tumbles      3686 (homeward       19, 0.52%)  drops       0  DELIVERED     0  leg home n    0 med     0 p90     0 (laden n    0 med     0 p90     0)  appetite held         0 J of       291  trips born-on-comb    0 (20 ants) / born-off    0 (1 ants)
                channel A: PEAK amt  65535 cells  139 (of 141 route)  POLARITY|| +0.21551 && +0.21306 SPAN +0.00951 edge   6.9  end nest->food [11469,4637,0,0,0]  nest   25  AtNest 40.24%
                Carrying: laden     10848  of which SPOIL     10302 ( 95.0%)
    DECISION CENSUS: 12789 decisions, reconciled against the rows and the engine's counters
      leg     setting          n  stepped    felllaunched swappedcrossingreversedblocked_roll_fairoll_fai no_body
      empty   pocket         594    11.1%   43.4%    0.0%    0.0%    0.0%    0.0%    3.4%   20.5%   21.5%    0.0%
      empty   corridor      2478    47.1%    3.5%    0.0%    0.0%    0.0%    0.0%    1.3%   23.2%   24.9%    0.0%
      empty   junction      6633    37.8%    6.6%    0.0%    0.0%    0.0%    0.0%    0.9%   28.3%   26.5%    0.0%
      empty   open          1865    45.2%    9.1%    0.0%    0.0%    0.0%    0.0%    0.0%   23.5%   22.2%    0.0%
      spoil   pocket         155    27.7%    7.7%    0.0%    0.0%    0.0%    0.0%   25.8%   20.6%   18.1%    0.0%
      spoil   corridor       217    37.8%    0.0%    0.0%    0.0%    0.0%    0.0%   18.9%   20.3%   23.0%    0.0%
      spoil   junction       759    46.9%    0.5%    0.0%    0.0%    0.0%    0.0%    4.9%   27.1%   20.6%    0.0%
      spoil   open            88    51.1%    0.0%    0.0%    0.0%    0.0%    0.0%    0.0%   19.3%   29.5%    0.0%
    DECISIONS: rows not written (decisionnorows)
  140    8  mute    0/0            0        0     4884        0        0    0/20        0         16 1 2 1 0
                A READ  ant-readable homeward along >= 0.02 on  42.5% of route-cell samples | FOODWARD   2.6% | plane lit on  49.5% | peak amt  65535 cells 132
                THE LOOP, ANT BY ANT:
                  0. lived                                     20    100.0% of prev    100.0% of all
                  1. reached the food                           0      0.0% of prev      0.0% of all
                  2. picked food up out there                   0      0.0% of prev      0.0% of all
                  3. turned for home with it                    0      0.0% of prev      0.0% of all
                  4. got back to the nest still holding it      0      0.0% of prev      0.0% of all
                  5. PUT IT DOWN there                          0      0.0% of prev      0.0% of all
                  6. went back out again                        0      0.0% of prev      0.0% of all
                  7. reached the food a SECOND time             0      0.0% of prev      0.0% of all
                RETURN LEDGER reached food    0 of   20 ants | came back    0 | trips laden    0 empty    0 | LOOPERS    0 of   20 ants ( 0.0% of those that reached food), repeat    0, most loops by one ant   0
                BY ANCHOR AT PICKUP  anchor ON nest material:    0 loops /    0 pickups (  0.0%) | anchor OFF it:    0 /    0 (  0.0%)
                BY BIRTH SITE  born ON comb:   0 of   0 that reached food looped (  0.0%) | born OFF comb:   0 of   0 (  0.0%)
                founded x   30..68   (nest cursor 48 MATERIAL x 26..70 20 of 20 founders born on it; food 188; nearest founder 120 cells out, farthest 158, nominal gap 140)  occupancy/1k [57 11 3 2 0 0 0 0]  carry->nest       0  born    0 died   20 (starved   20)
                own trail: route pk    0 end    0 along +0.0000  B nest->food [0,0,0,0,0]  blocked      230  kin swaps       0  ticks     12789  tumbles      3543 (homeward        0, 0.00%)  drops       0  DELIVERED     0  leg home n    0 med     0 p90     0 (laden n    0 med     0 p90     0)  appetite held         0 J of         0  trips born-on-comb    0 (20 ants) / born-off    0 (0 ants)
                channel A: PEAK amt  65535 cells  132 (of 141 route)  POLARITY|| +0.21790 && +0.21847 SPAN +0.02789 edge   6.5  end nest->food [11434,3647,0,0,0]  nest   25  AtNest 38.36%
                Carrying: laden      7314  of which SPOIL      7314 (100.0%)
    DECISION CENSUS: 12498 decisions, reconciled against the rows and the engine's counters
      leg     setting          n  stepped    felllaunched swappedcrossingreversedblocked_roll_fairoll_fai no_body
      empty   pocket         527    12.9%   32.1%    0.0%    0.0%    0.0%    0.0%    4.9%   23.3%   26.8%    0.0%
      empty   corridor      1599    44.0%    5.4%    0.0%    0.0%    0.0%    0.0%    1.4%   24.7%   24.5%    0.0%
      empty   junction      5892    37.9%    6.8%    0.0%    0.0%    0.0%    0.0%    1.5%   26.5%   27.3%    0.0%
      empty   open          2116    42.1%    8.0%    0.0%    0.0%    0.0%    0.0%    0.0%   24.8%   25.1%    0.0%
      spoil   pocket         750    28.1%    2.0%    0.0%    0.0%    0.0%    0.0%   22.7%   22.5%   24.7%    0.0%
      spoil   corridor       511    49.3%    1.0%    0.0%    0.0%    0.0%    0.0%    9.0%   20.2%   20.5%    0.0%
      spoil   junction       957    48.3%    0.9%    0.0%    0.0%    0.0%    0.0%    6.8%   22.3%   21.7%    0.0%
      spoil   open           146    45.9%    3.4%    0.0%    0.0%    0.0%    0.0%    0.0%   21.9%   28.8%    0.0%
    DECISIONS: rows not written (decisionnorows)
  140    9  mute    0/0            0        0     4242        0        0    0/20        0         18 1 1 0 0
                A READ  ant-readable homeward along >= 0.02 on  40.4% of route-cell samples | FOODWARD   0.9% | plane lit on  42.0% | peak amt  65535 cells  74
                THE LOOP, ANT BY ANT:
                  0. lived                                     20    100.0% of prev    100.0% of all
                  1. reached the food                           0      0.0% of prev      0.0% of all
                  2. picked food up out there                   0      0.0% of prev      0.0% of all
                  3. turned for home with it                    0      0.0% of prev      0.0% of all
                  4. got back to the nest still holding it      0      0.0% of prev      0.0% of all
                  5. PUT IT DOWN there                          0      0.0% of prev      0.0% of all
                  6. went back out again                        0      0.0% of prev      0.0% of all
                  7. reached the food a SECOND time             0      0.0% of prev      0.0% of all
                RETURN LEDGER reached food    0 of   20 ants | came back    0 | trips laden    0 empty    0 | LOOPERS    0 of   20 ants ( 0.0% of those that reached food), repeat    0, most loops by one ant   0
                BY ANCHOR AT PICKUP  anchor ON nest material:    0 loops /    0 pickups (  0.0%) | anchor OFF it:    0 /    0 (  0.0%)
                BY BIRTH SITE  born ON comb:   0 of   0 that reached food looped (  0.0%) | born OFF comb:   0 of   0 (  0.0%)
                founded x   30..68   (nest cursor 48 MATERIAL x 26..70 20 of 20 founders born on it; food 188; nearest founder 120 cells out, farthest 158, nominal gap 140)  occupancy/1k [64 6 2 1 0 0 0 0]  carry->nest       0  born    0 died   20 (starved   20)
                own trail: route pk    0 end    0 along +0.0000  B nest->food [0,0,0,0,0]  blocked      418  kin swaps       0  ticks     12498  tumbles      3541 (homeward        0, 0.00%)  drops       0  DELIVERED     0  leg home n    0 med     0 p90     0 (laden n    0 med     0 p90     0)  appetite held         0 J of         0  trips born-on-comb    0 (20 ants) / born-off    0 (0 ants)
                channel A: PEAK amt  65535 cells   74 (of 141 route)  POLARITY|| +0.24443 && +0.24650 SPAN +0.02108 edge   6.0  end nest->food [12564,3028,0,0,0]  nest   25  AtNest 41.27%
                Carrying: laden     14184  of which SPOIL     14184 (100.0%)
    DECISION CENSUS: 12823 decisions, reconciled against the rows and the engine's counters
      leg     setting          n  stepped    felllaunched swappedcrossingreversedblocked_roll_fairoll_fai no_body
      empty   pocket         653    19.8%   28.6%    0.0%    0.0%    0.0%    0.0%    8.3%   23.1%   20.2%    0.0%
      empty   corridor      1701    49.3%    3.6%    0.0%    0.0%    0.0%    0.0%    1.6%   22.7%   22.8%    0.0%
      empty   junction      6529    36.1%    6.7%    0.0%    0.0%    0.0%    0.0%    1.1%   28.1%   28.1%    0.0%
      empty   open          2358    41.9%   10.1%    0.0%    0.0%    0.0%    0.0%    0.0%   22.9%   25.1%    0.0%
      spoil   pocket         405    30.4%    3.2%    0.0%    0.0%    0.0%    0.0%   24.2%   23.0%   19.3%    0.0%
      spoil   corridor       369    40.1%    0.5%    0.0%    0.0%    0.0%    0.0%   11.4%   22.0%   26.0%    0.0%
      spoil   junction       699    49.5%    1.6%    0.0%    0.0%    0.0%    0.0%    3.7%   20.0%   25.2%    0.0%
      spoil   open           109    50.5%    2.8%    0.0%    0.0%    0.0%    0.0%    0.0%   22.9%   23.9%    0.0%
    DECISIONS: rows not written (decisionnorows)
  140   10  mute    0/0            0        0     4362        0        0    0/20        0         18 1 1 0 0
                A READ  ant-readable homeward along >= 0.02 on  43.2% of route-cell samples | FOODWARD   0.7% | plane lit on  42.8% | peak amt  64757 cells  74
                THE LOOP, ANT BY ANT:
                  0. lived                                     20    100.0% of prev    100.0% of all
                  1. reached the food                           0      0.0% of prev      0.0% of all
                  2. picked food up out there                   0      0.0% of prev      0.0% of all
                  3. turned for home with it                    0      0.0% of prev      0.0% of all
                  4. got back to the nest still holding it      0      0.0% of prev      0.0% of all
                  5. PUT IT DOWN there                          0      0.0% of prev      0.0% of all
                  6. went back out again                        0      0.0% of prev      0.0% of all
                  7. reached the food a SECOND time             0      0.0% of prev      0.0% of all
                RETURN LEDGER reached food    0 of   20 ants | came back    0 | trips laden    0 empty    0 | LOOPERS    0 of   20 ants ( 0.0% of those that reached food), repeat    0, most loops by one ant   0
                BY ANCHOR AT PICKUP  anchor ON nest material:    0 loops /    0 pickups (  0.0%) | anchor OFF it:    0 /    0 (  0.0%)
                BY BIRTH SITE  born ON comb:   0 of   0 that reached food looped (  0.0%) | born OFF comb:   0 of   0 (  0.0%)
                founded x   30..68   (nest cursor 48 MATERIAL x 26..70 20 of 20 founders born on it; food 188; nearest founder 120 cells out, farthest 158, nominal gap 140)  occupancy/1k [66 7 2 1 0 0 0 0]  carry->nest       0  born    0 died   20 (starved   20)
                own trail: route pk    0 end    0 along +0.0000  B nest->food [0,0,0,0,0]  blocked      316  kin swaps       0  ticks     12823  tumbles      3566 (homeward        0, 0.00%)  drops       0  DELIVERED     0  leg home n    0 med     0 p90     0 (laden n    0 med     0 p90     0)  appetite held         0 J of         0  trips born-on-comb    0 (20 ants) / born-off    0 (0 ants)
                channel A: PEAK amt  64757 cells   74 (of 141 route)  POLARITY|| +0.24229 && +0.24413 SPAN +0.03302 edge   6.0  end nest->food [11705,2576,0,0,0]  nest   25  AtNest 38.97%
                Carrying: laden      9492  of which SPOIL      9492 (100.0%)
    DECISION CENSUS: 12452 decisions, reconciled against the rows and the engine's counters
      leg     setting          n  stepped    felllaunched swappedcrossingreversedblocked_roll_fairoll_fai no_body
      empty   pocket         613    19.1%   26.8%    0.0%    0.0%    0.0%    0.0%    7.0%   23.2%   24.0%    0.0%
      empty   corridor      1247    43.2%    4.6%    0.0%    0.0%    0.0%    0.0%    1.4%   25.0%   25.8%    0.0%
      empty   junction      5885    36.4%    7.1%    0.0%    0.0%    0.0%    0.0%    1.1%   27.7%   27.8%    0.0%
      empty   open          2255    41.9%   10.4%    0.0%    0.0%    0.0%    0.0%    0.0%   23.1%   24.6%    0.0%
      spoil   pocket        1046    29.9%    1.4%    0.0%    0.0%    0.0%    0.0%   24.1%   21.4%   23.1%    0.0%
      spoil   corridor       386    42.7%    1.0%    0.0%    0.0%    0.0%    0.0%   10.6%   24.6%   21.0%    0.0%
      spoil   junction       874    49.3%    1.5%    0.0%    0.0%    0.0%    0.0%    4.8%   21.3%   23.1%    0.0%
      spoil   open           146    49.3%    6.2%    0.0%    0.0%    0.0%    0.0%    0.0%   22.6%   21.9%    0.0%
    DECISIONS: rows not written (decisionnorows)
  140   11  mute    0/0            0        0     4614        0        0    0/20        0         16 4 0 0 0
                A READ  ant-readable homeward along >= 0.02 on  37.4% of route-cell samples | FOODWARD   0.4% | plane lit on  40.3% | peak amt  65535 cells  74
                THE LOOP, ANT BY ANT:
                  0. lived                                     20    100.0% of prev    100.0% of all
                  1. reached the food                           0      0.0% of prev      0.0% of all
                  2. picked food up out there                   0      0.0% of prev      0.0% of all
                  3. turned for home with it                    0      0.0% of prev      0.0% of all
                  4. got back to the nest still holding it      0      0.0% of prev      0.0% of all
                  5. PUT IT DOWN there                          0      0.0% of prev      0.0% of all
                  6. went back out again                        0      0.0% of prev      0.0% of all
                  7. reached the food a SECOND time             0      0.0% of prev      0.0% of all
                RETURN LEDGER reached food    0 of   20 ants | came back    0 | trips laden    0 empty    0 | LOOPERS    0 of   20 ants ( 0.0% of those that reached food), repeat    0, most loops by one ant   0
                BY ANCHOR AT PICKUP  anchor ON nest material:    0 loops /    0 pickups (  0.0%) | anchor OFF it:    0 /    0 (  0.0%)
                BY BIRTH SITE  born ON comb:   0 of   0 that reached food looped (  0.0%) | born OFF comb:   0 of   0 (  0.0%)
                founded x   30..68   (nest cursor 48 MATERIAL x 26..70 20 of 20 founders born on it; food 188; nearest founder 120 cells out, farthest 158, nominal gap 140)  occupancy/1k [63 10 0 0 0 0 0 0]  carry->nest       0  born    0 died   20 (starved   20)
                own trail: route pk    0 end    0 along +0.0000  B nest->food [0,0,0,0,0]  blocked      457  kin swaps       0  ticks     12452  tumbles      3601 (homeward        0, 0.00%)  drops       0  DELIVERED     0  leg home n    0 med     0 p90     0 (laden n    0 med     0 p90     0)  appetite held         0 J of         0  trips born-on-comb    0 (20 ants) / born-off    0 (0 ants)
                channel A: PEAK amt  65535 cells   74 (of 141 route)  POLARITY|| +0.25935 && +0.26041 SPAN +0.01086 edge   6.0  end nest->food [11777,3456,0,0,0]  nest   25  AtNest 42.68%
                Carrying: laden     14712  of which SPOIL     14712 (100.0%)
    DECISION CENSUS: 12542 decisions, reconciled against the rows and the engine's counters
      leg     setting          n  stepped    felllaunched swappedcrossingreversedblocked_roll_fairoll_fai no_body
      empty   pocket         526    12.5%   30.8%    0.0%    0.0%    0.0%    0.0%    5.1%   23.6%   27.9%    0.0%
      empty   corridor      1756    50.3%    3.5%    0.0%    0.0%    0.0%    0.0%    1.0%   22.0%   23.1%    0.0%
      empty   junction      5648    35.2%    5.6%    0.0%    0.0%    0.0%    0.0%    1.1%   28.7%   29.4%    0.0%
      empty   open          2017    43.2%    8.3%    0.0%    0.0%    0.0%    0.0%    0.0%   24.5%   24.0%    0.0%
      spoil   pocket         880    29.5%    1.2%    0.0%    0.0%    0.0%    0.0%   24.4%   21.5%   23.3%    0.0%
      spoil   corridor       743    42.5%    0.3%    0.0%    0.0%    0.0%    0.0%   10.8%   24.5%   21.9%    0.0%
      spoil   junction       781    46.5%    1.5%    0.0%    0.0%    0.0%    0.0%    4.4%   21.0%   26.6%    0.0%
      spoil   open           191    51.3%    4.7%    0.0%    0.0%    0.0%    0.0%    0.0%   20.4%   23.6%    0.0%
    DECISIONS: rows not written (decisionnorows)
  140   12  mute    0/0            0        0     4476        0        0    0/20        0         17 2 1 0 0
                A READ  ant-readable homeward along >= 0.02 on  43.6% of route-cell samples | FOODWARD   1.7% | plane lit on  45.2% | peak amt  65535 cells  88
                THE LOOP, ANT BY ANT:
                  0. lived                                     20    100.0% of prev    100.0% of all
                  1. reached the food                           0      0.0% of prev      0.0% of all
                  2. picked food up out there                   0      0.0% of prev      0.0% of all
                  3. turned for home with it                    0      0.0% of prev      0.0% of all
                  4. got back to the nest still holding it      0      0.0% of prev      0.0% of all
                  5. PUT IT DOWN there                          0      0.0% of prev      0.0% of all
                  6. went back out again                        0      0.0% of prev      0.0% of all
                  7. reached the food a SECOND time             0      0.0% of prev      0.0% of all
                RETURN LEDGER reached food    0 of   20 ants | came back    0 | trips laden    0 empty    0 | LOOPERS    0 of   20 ants ( 0.0% of those that reached food), repeat    0, most loops by one ant   0
                BY ANCHOR AT PICKUP  anchor ON nest material:    0 loops /    0 pickups (  0.0%) | anchor OFF it:    0 /    0 (  0.0%)
                BY BIRTH SITE  born ON comb:   0 of   0 that reached food looped (  0.0%) | born OFF comb:   0 of   0 (  0.0%)
                founded x   30..68   (nest cursor 48 MATERIAL x 26..70 20 of 20 founders born on it; food 188; nearest founder 120 cells out, farthest 158, nominal gap 140)  occupancy/1k [66 4 1 1 0 0 0 0]  carry->nest       0  born    0 died   20 (starved   20)
                own trail: route pk    0 end    0 along +0.0000  B nest->food [0,0,0,0,0]  blocked      437  kin swaps       0  ticks     12542  tumbles      3637 (homeward        0, 0.00%)  drops       0  DELIVERED     0  leg home n    0 med     0 p90     0 (laden n    0 med     0 p90     0)  appetite held         0 J of         0  trips born-on-comb    0 (20 ants) / born-off    0 (0 ants)
                channel A: PEAK amt  65535 cells   88 (of 141 route)  POLARITY|| +0.23146 && +0.23324 SPAN +0.02213 edge   6.0  end nest->food [11873,2601,0,0,0]  nest   25  AtNest 45.48%
                Carrying: laden     15570  of which SPOIL     15570 (100.0%)
    DECISION CENSUS: 12613 decisions, reconciled against the rows and the engine's counters
      leg     setting          n  stepped    felllaunched swappedcrossingreversedblocked_roll_fairoll_fai no_body
      empty   pocket         431    13.2%   41.8%    0.0%    0.0%    0.0%    0.0%    3.7%   22.5%   18.8%    0.0%
      empty   corridor      1766    44.1%    4.2%    0.0%    0.0%    0.0%    0.0%    1.1%   25.9%   24.7%    0.0%
      empty   junction      6631    36.5%    6.2%    0.0%    0.0%    0.0%    0.0%    0.8%   29.6%   26.9%    0.0%
      empty   open          2052    42.6%    7.8%    0.0%    0.0%    0.0%    0.0%    0.0%   25.0%   24.6%    0.0%
      spoil   pocket         238    26.9%    5.5%    0.0%    0.0%    0.0%    0.0%   21.4%   22.3%   23.9%    0.0%
      spoil   corridor       300    44.3%    0.7%    0.0%    0.0%    0.0%    0.0%   17.0%   16.7%   21.3%    0.0%
      spoil   junction      1077    48.0%    0.7%    0.0%    0.0%    0.0%    0.0%    4.5%   23.4%   23.3%    0.0%
      spoil   open           118    62.7%    5.9%    0.0%    0.0%    0.0%    0.0%    0.0%   16.1%   15.3%    0.0%
    DECISIONS: rows not written (decisionnorows)
  140   13  mute    0/0            0        0     4428        0        0    0/20        0         12 8 0 0 0
                A READ  ant-readable homeward along >= 0.02 on  34.2% of route-cell samples | FOODWARD   3.9% | plane lit on  42.3% | peak amt  65535 cells  61
                THE LOOP, ANT BY ANT:
                  0. lived                                     20    100.0% of prev    100.0% of all
                  1. reached the food                           0      0.0% of prev      0.0% of all
                  2. picked food up out there                   0      0.0% of prev      0.0% of all
                  3. turned for home with it                    0      0.0% of prev      0.0% of all
                  4. got back to the nest still holding it      0      0.0% of prev      0.0% of all
                  5. PUT IT DOWN there                          0      0.0% of prev      0.0% of all
                  6. went back out again                        0      0.0% of prev      0.0% of all
                  7. reached the food a SECOND time             0      0.0% of prev      0.0% of all
                RETURN LEDGER reached food    0 of   20 ants | came back    0 | trips laden    0 empty    0 | LOOPERS    0 of   20 ants ( 0.0% of those that reached food), repeat    0, most loops by one ant   0
                BY ANCHOR AT PICKUP  anchor ON nest material:    0 loops /    0 pickups (  0.0%) | anchor OFF it:    0 /    0 (  0.0%)
                BY BIRTH SITE  born ON comb:   0 of   0 that reached food looped (  0.0%) | born OFF comb:   0 of   0 (  0.0%)
                founded x   30..68   (nest cursor 48 MATERIAL x 26..70 20 of 20 founders born on it; food 188; nearest founder 120 cells out, farthest 158, nominal gap 140)  occupancy/1k [55 17 3 0 0 0 0 0]  carry->nest       0  born    0 died   20 (starved   20)
                own trail: route pk    0 end    0 along +0.0000  B nest->food [0,0,0,0,0]  blocked      238  kin swaps       0  ticks     12613  tumbles      3645 (homeward        0, 0.00%)  drops       0  DELIVERED     0  leg home n    0 med     0 p90     0 (laden n    0 med     0 p90     0)  appetite held         0 J of         0  trips born-on-comb    0 (20 ants) / born-off    0 (0 ants)
                channel A: PEAK amt  65535 cells   61 (of 141 route)  POLARITY|| +0.23053 && +0.22630 SPAN +0.02310 edge   6.0  end nest->food [10321,4633,0,0,0]  nest   25  AtNest 40.21%
                Carrying: laden     10398  of which SPOIL     10398 (100.0%)
    DECISION CENSUS: 12809 decisions, reconciled against the rows and the engine's counters
      leg     setting          n  stepped    felllaunched swappedcrossingreversedblocked_roll_fairoll_fai no_body
      empty   pocket         741    17.8%   28.9%    0.0%    0.0%    0.0%    0.0%    7.7%   20.9%   24.7%    0.0%
      empty   corridor      1948    49.5%    3.5%    0.0%    0.0%    0.0%    0.0%    1.2%   22.5%   23.3%    0.0%
      empty   junction      6542    36.1%    5.9%    0.0%    0.0%    0.0%    0.0%    0.8%   28.5%   28.7%    0.0%
      empty   open          1563    43.6%    7.1%    0.0%    0.0%    0.0%    0.0%    0.0%   24.4%   24.8%    0.0%
      spoil   pocket         818    29.8%    1.0%    0.0%    0.0%    0.0%    0.0%   23.5%   24.1%   21.6%    0.0%
      spoil   corridor       425    46.8%    0.0%    0.0%    0.0%    0.0%    0.0%    9.6%   22.6%   20.9%    0.0%
      spoil   junction       686    45.8%    0.7%    0.0%    0.0%    0.0%    0.0%    2.8%   25.1%   25.7%    0.0%
      spoil   open            86    50.0%    2.3%    0.0%    0.0%    0.0%    0.0%    0.0%   24.4%   23.3%    0.0%
    DECISIONS: rows not written (decisionnorows)
  140   14  mute    0/0            0        0     4488        0        0    0/20        0         16 3 1 0 0
                A READ  ant-readable homeward along >= 0.02 on  44.2% of route-cell samples | FOODWARD   0.9% | plane lit on  45.4% | peak amt  65535 cells  86
                THE LOOP, ANT BY ANT:
                  0. lived                                     20    100.0% of prev    100.0% of all
                  1. reached the food                           0      0.0% of prev      0.0% of all
                  2. picked food up out there                   0      0.0% of prev      0.0% of all
                  3. turned for home with it                    0      0.0% of prev      0.0% of all
                  4. got back to the nest still holding it      0      0.0% of prev      0.0% of all
                  5. PUT IT DOWN there                          0      0.0% of prev      0.0% of all
                  6. went back out again                        0      0.0% of prev      0.0% of all
                  7. reached the food a SECOND time             0      0.0% of prev      0.0% of all
                RETURN LEDGER reached food    0 of   20 ants | came back    0 | trips laden    0 empty    0 | LOOPERS    0 of   20 ants ( 0.0% of those that reached food), repeat    0, most loops by one ant   0
                BY ANCHOR AT PICKUP  anchor ON nest material:    0 loops /    0 pickups (  0.0%) | anchor OFF it:    0 /    0 (  0.0%)
                BY BIRTH SITE  born ON comb:   0 of   0 that reached food looped (  0.0%) | born OFF comb:   0 of   0 (  0.0%)
                founded x   30..68   (nest cursor 48 MATERIAL x 26..70 20 of 20 founders born on it; food 188; nearest founder 120 cells out, farthest 158, nominal gap 140)  occupancy/1k [61 10 3 1 0 0 0 0]  carry->nest       0  born    0 died   20 (starved   20)
                own trail: route pk    0 end    0 along +0.0000  B nest->food [0,0,0,0,0]  blocked      385  kin swaps       0  ticks     12809  tumbles      3712 (homeward        0, 0.00%)  drops       0  DELIVERED     0  leg home n    0 med     0 p90     0 (laden n    0 med     0 p90     0)  appetite held         0 J of         0  trips born-on-comb    0 (20 ants) / born-off    0 (0 ants)
                channel A: PEAK amt  65535 cells   86 (of 141 route)  POLARITY|| +0.23110 && +0.23105 SPAN +0.03280 edge   6.0  end nest->food [11695,2920,0,0,0]  nest   25  AtNest 39.08%
                Carrying: laden     12090  of which SPOIL     12090 (100.0%)
    DECISION CENSUS: 12306 decisions, reconciled against the rows and the engine's counters
      leg     setting          n  stepped    felllaunched swappedcrossingreversedblocked_roll_fairoll_fai no_body
      empty   pocket         484    16.1%   32.6%    0.0%    0.0%    0.0%    0.0%    5.4%   22.7%   23.1%    0.0%
      empty   corridor      1866    47.9%    3.3%    0.0%    0.0%    0.0%    0.0%    1.9%   23.8%   23.1%    0.0%
      empty   junction      5660    38.6%    6.3%    0.0%    0.0%    0.0%    0.0%    0.9%   27.0%   27.3%    0.0%
      empty   open          2078    44.3%    8.7%    0.0%    0.0%    0.0%    0.0%    0.0%   23.1%   23.9%    0.0%
      spoil   pocket         544    28.3%    1.3%    0.0%    0.0%    0.0%    0.0%   23.3%   22.1%   25.0%    0.0%
      spoil   corridor       574    41.6%    0.7%    0.0%    0.0%    0.0%    0.0%   12.4%   21.3%   24.0%    0.0%
      spoil   junction       956    47.5%    1.0%    0.0%    0.0%    0.0%    0.0%    4.2%   25.7%   21.5%    0.0%
      spoil   open           144    56.9%    3.5%    0.0%    0.0%    0.0%    0.0%    0.0%   22.2%   17.4%    0.0%
    DECISIONS: rows not written (decisionnorows)
  140   15  mute    0/0            0        0     4326        0        0    0/20        0         17 2 1 0 0
                A READ  ant-readable homeward along >= 0.02 on  35.4% of route-cell samples | FOODWARD   4.4% | plane lit on  43.7% | peak amt  65535 cells  76
                THE LOOP, ANT BY ANT:
                  0. lived                                     20    100.0% of prev    100.0% of all
                  1. reached the food                           0      0.0% of prev      0.0% of all
                  2. picked food up out there                   0      0.0% of prev      0.0% of all
                  3. turned for home with it                    0      0.0% of prev      0.0% of all
                  4. got back to the nest still holding it      0      0.0% of prev      0.0% of all
                  5. PUT IT DOWN there                          0      0.0% of prev      0.0% of all
                  6. went back out again                        0      0.0% of prev      0.0% of all
                  7. reached the food a SECOND time             0      0.0% of prev      0.0% of all
                RETURN LEDGER reached food    0 of   20 ants | came back    0 | trips laden    0 empty    0 | LOOPERS    0 of   20 ants ( 0.0% of those that reached food), repeat    0, most loops by one ant   0
                BY ANCHOR AT PICKUP  anchor ON nest material:    0 loops /    0 pickups (  0.0%) | anchor OFF it:    0 /    0 (  0.0%)
                BY BIRTH SITE  born ON comb:   0 of   0 that reached food looped (  0.0%) | born OFF comb:   0 of   0 (  0.0%)
                founded x   30..68   (nest cursor 48 MATERIAL x 26..70 20 of 20 founders born on it; food 188; nearest founder 120 cells out, farthest 158, nominal gap 140)  occupancy/1k [54 16 0 1 0 0 0 0]  carry->nest       0  born    0 died   20 (starved   20)
                own trail: route pk    0 end    0 along +0.0000  B nest->food [0,0,0,0,0]  blocked      349  kin swaps       0  ticks     12306  tumbles      3431 (homeward        0, 0.00%)  drops       0  DELIVERED     0  leg home n    0 med     0 p90     0 (laden n    0 med     0 p90     0)  appetite held         0 J of         0  trips born-on-comb    0 (20 ants) / born-off    0 (0 ants)
                channel A: PEAK amt  65535 cells   76 (of 141 route)  POLARITY|| +0.23370 && +0.23349 SPAN +0.01632 edge   6.0  end nest->food [11094,4133,0,0,0]  nest   25  AtNest 38.82%
                Carrying: laden     13308  of which SPOIL     13308 (100.0%)
    DECISION CENSUS: 13156 decisions, reconciled against the rows and the engine's counters
      leg     setting          n  stepped    felllaunched swappedcrossingreversedblocked_roll_fairoll_fai no_body
      empty   pocket         581    18.4%   32.9%    0.0%    0.0%    0.0%    0.0%    8.8%   20.1%   19.8%    0.0%
      empty   corridor      2426    49.0%    3.1%    0.0%    0.0%    0.0%    0.0%    1.4%   23.7%   22.8%    0.0%
      empty   junction      6971    37.3%    5.3%    0.0%    0.0%    0.0%    0.0%    1.1%   27.1%   29.2%    0.0%
      empty   open          1749    40.8%    8.5%    0.0%    0.0%    0.0%    0.0%    0.0%   24.8%   26.0%    0.0%
      spoil   pocket         238    29.8%    1.3%    0.0%    0.0%    0.0%    0.0%   29.0%   22.3%   17.6%    0.0%
      spoil   corridor       392    45.9%    0.3%    0.0%    0.0%    0.0%    0.0%    9.9%   22.2%   21.7%    0.0%
      spoil   junction       701    49.8%    1.9%    0.0%    0.0%    0.0%    0.0%    4.3%   20.3%   23.8%    0.0%
      spoil   open            98    51.0%    7.1%    0.0%    0.0%    0.0%    0.0%    0.0%   19.4%   22.4%    0.0%
    DECISIONS: rows not written (decisionnorows)
  140   16  mute    0/0            0        0     4698        0        0    0/20        0         15 3 2 0 0
                A READ  ant-readable homeward along >= 0.02 on  43.8% of route-cell samples | FOODWARD   3.1% | plane lit on  50.2% | peak amt  65535 cells 105
                THE LOOP, ANT BY ANT:
                  0. lived                                     20    100.0% of prev    100.0% of all
                  1. reached the food                           0      0.0% of prev      0.0% of all
                  2. picked food up out there                   0      0.0% of prev      0.0% of all
                  3. turned for home with it                    0      0.0% of prev      0.0% of all
                  4. got back to the nest still holding it      0      0.0% of prev      0.0% of all
                  5. PUT IT DOWN there                          0      0.0% of prev      0.0% of all
                  6. went back out again                        0      0.0% of prev      0.0% of all
                  7. reached the food a SECOND time             0      0.0% of prev      0.0% of all
                RETURN LEDGER reached food    0 of   20 ants | came back    0 | trips laden    0 empty    0 | LOOPERS    0 of   20 ants ( 0.0% of those that reached food), repeat    0, most loops by one ant   0
                BY ANCHOR AT PICKUP  anchor ON nest material:    0 loops /    0 pickups (  0.0%) | anchor OFF it:    0 /    0 (  0.0%)
                BY BIRTH SITE  born ON comb:   0 of   0 that reached food looped (  0.0%) | born OFF comb:   0 of   0 (  0.0%)
                founded x   30..68   (nest cursor 48 MATERIAL x 26..70 20 of 20 founders born on it; food 188; nearest founder 120 cells out, farthest 158, nominal gap 140)  occupancy/1k [65 7 3 2 0 0 0 0]  carry->nest       0  born    0 died   20 (starved   20)
                own trail: route pk    0 end    0 along +0.0000  B nest->food [0,0,0,0,0]  blocked      299  kin swaps       0  ticks     13156  tumbles      3613 (homeward        0, 0.00%)  drops       0  DELIVERED     0  leg home n    0 med     0 p90     0 (laden n    0 med     0 p90     0)  appetite held         0 J of         0  trips born-on-comb    0 (20 ants) / born-off    0 (0 ants)
                channel A: PEAK amt  65535 cells  105 (of 141 route)  POLARITY|| +0.21266 && +0.21351 SPAN +0.03001 edge   6.2  end nest->food [11716,3582,0,0,0]  nest   25  AtNest 37.74%
                Carrying: laden      8574  of which SPOIL      8574 (100.0%)
    DECISION CENSUS: 12829 decisions, reconciled against the rows and the engine's counters
      leg     setting          n  stepped    felllaunched swappedcrossingreversedblocked_roll_fairoll_fai no_body
      empty   pocket         567    13.1%   35.8%    0.0%    0.0%    0.0%    0.0%    5.3%   22.8%   23.1%    0.0%
      empty   corridor      2123    48.9%    3.1%    0.0%    0.0%    0.0%    0.0%    0.9%   24.4%   22.6%    0.0%
      empty   junction      6068    37.9%    5.4%    0.0%    0.0%    0.0%    0.0%    0.9%   28.7%   27.2%    0.0%
      empty   open          2076    38.8%    6.4%    0.0%    0.0%    0.0%    0.0%    0.0%   26.5%   28.3%    0.0%
      spoil   pocket         569    30.4%    1.9%    0.0%    0.0%    0.0%    0.0%   24.3%   24.3%   19.2%    0.0%
      spoil   corridor       438    46.6%    0.5%    0.0%    0.0%    0.0%    0.0%   11.4%   20.1%   21.5%    0.0%
      spoil   junction       872    46.2%    1.6%    0.0%    0.0%    0.0%    0.0%    5.3%   23.3%   23.6%    0.0%
      spoil   open           116    44.8%    1.7%    0.0%    0.0%    0.0%    0.0%    0.0%   22.4%   31.0%    0.0%
    DECISIONS: rows not written (decisionnorows)
  140   17  mute    0/0            0        0     4278        0        0    0/20        0         16 3 1 0 0
                A READ  ant-readable homeward along >= 0.02 on  40.8% of route-cell samples | FOODWARD   2.1% | plane lit on  45.2% | peak amt  65535 cells  96
                THE LOOP, ANT BY ANT:
                  0. lived                                     20    100.0% of prev    100.0% of all
                  1. reached the food                           0      0.0% of prev      0.0% of all
                  2. picked food up out there                   0      0.0% of prev      0.0% of all
                  3. turned for home with it                    0      0.0% of prev      0.0% of all
                  4. got back to the nest still holding it      0      0.0% of prev      0.0% of all
                  5. PUT IT DOWN there                          0      0.0% of prev      0.0% of all
                  6. went back out again                        0      0.0% of prev      0.0% of all
                  7. reached the food a SECOND time             0      0.0% of prev      0.0% of all
                RETURN LEDGER reached food    0 of   20 ants | came back    0 | trips laden    0 empty    0 | LOOPERS    0 of   20 ants ( 0.0% of those that reached food), repeat    0, most loops by one ant   0
                BY ANCHOR AT PICKUP  anchor ON nest material:    0 loops /    0 pickups (  0.0%) | anchor OFF it:    0 /    0 (  0.0%)
                BY BIRTH SITE  born ON comb:   0 of   0 that reached food looped (  0.0%) | born OFF comb:   0 of   0 (  0.0%)
                founded x   30..68   (nest cursor 48 MATERIAL x 26..70 20 of 20 founders born on it; food 188; nearest founder 120 cells out, farthest 158, nominal gap 140)  occupancy/1k [66 7 1 1 0 0 0 0]  carry->nest       0  born    0 died   20 (starved   20)
                own trail: route pk    0 end    0 along +0.0000  B nest->food [0,0,0,0,0]  blocked      338  kin swaps       0  ticks     12829  tumbles      3734 (homeward        0, 0.00%)  drops       0  DELIVERED     0  leg home n    0 med     0 p90     0 (laden n    0 med     0 p90     0)  appetite held         0 J of         0  trips born-on-comb    0 (20 ants) / born-off    0 (0 ants)
                channel A: PEAK amt  65535 cells   96 (of 141 route)  POLARITY|| +0.23273 && +0.23896 SPAN +0.03501 edge   6.0  end nest->food [11886,2949,0,0,0]  nest   25  AtNest 40.63%
                Carrying: laden     11970  of which SPOIL     11970 (100.0%)
    DECISION CENSUS: 12568 decisions, reconciled against the rows and the engine's counters
      leg     setting          n  stepped    felllaunched swappedcrossingreversedblocked_roll_fairoll_fai no_body
      empty   pocket         572    11.4%   37.1%    0.0%    0.0%    0.0%    0.0%    3.5%   20.3%   27.8%    0.0%
      empty   corridor      2254    48.5%    3.4%    0.0%    0.0%    0.0%    0.0%    1.5%   23.6%   22.9%    0.0%
      empty   junction      6272    40.6%    5.4%    0.0%    0.0%    0.0%    0.0%    1.2%   26.3%   26.5%    0.0%
      empty   open          1690    43.3%    6.3%    0.0%    0.0%    0.0%    0.0%    0.0%   26.2%   24.3%    0.0%
      spoil   pocket         222    26.6%    4.1%    0.0%    0.0%    0.0%    0.0%   22.1%   24.3%   23.0%    0.0%
      spoil   corridor       406    35.2%    1.0%    0.0%    0.0%    0.0%    0.0%   11.3%   26.8%   25.6%    0.0%
      spoil   junction      1005    45.7%    1.1%    0.0%    0.0%    0.0%    0.0%    5.3%   24.0%   24.0%    0.0%
      spoil   open           147    48.3%    4.8%    0.0%    0.0%    0.0%    0.0%    0.0%   25.2%   21.8%    0.0%
    DECISIONS: rows not written (decisionnorows)
  140   18  mute    0/0            0        0     4542        0        0    0/20        0         15 4 1 0 0
                A READ  ant-readable homeward along >= 0.02 on  42.6% of route-cell samples | FOODWARD   1.3% | plane lit on  44.6% | peak amt  61366 cells  77
                THE LOOP, ANT BY ANT:
                  0. lived                                     20    100.0% of prev    100.0% of all
                  1. reached the food                           0      0.0% of prev      0.0% of all
                  2. picked food up out there                   0      0.0% of prev      0.0% of all
                  3. turned for home with it                    0      0.0% of prev      0.0% of all
                  4. got back to the nest still holding it      0      0.0% of prev      0.0% of all
                  5. PUT IT DOWN there                          0      0.0% of prev      0.0% of all
                  6. went back out again                        0      0.0% of prev      0.0% of all
                  7. reached the food a SECOND time             0      0.0% of prev      0.0% of all
                RETURN LEDGER reached food    0 of   20 ants | came back    0 | trips laden    0 empty    0 | LOOPERS    0 of   20 ants ( 0.0% of those that reached food), repeat    0, most loops by one ant   0
                BY ANCHOR AT PICKUP  anchor ON nest material:    0 loops /    0 pickups (  0.0%) | anchor OFF it:    0 /    0 (  0.0%)
                BY BIRTH SITE  born ON comb:   0 of   0 that reached food looped (  0.0%) | born OFF comb:   0 of   0 (  0.0%)
                founded x   30..68   (nest cursor 48 MATERIAL x 26..70 20 of 20 founders born on it; food 188; nearest founder 120 cells out, farthest 158, nominal gap 140)  occupancy/1k [60 11 2 1 0 0 0 0]  carry->nest       0  born    0 died   20 (starved   20)
                own trail: route pk    0 end    0 along +0.0000  B nest->food [0,0,0,0,0]  blocked      280  kin swaps       0  ticks     12568  tumbles      3462 (homeward        0, 0.00%)  drops       0  DELIVERED     0  leg home n    0 med     0 p90     0 (laden n    0 med     0 p90     0)  appetite held         0 J of         0  trips born-on-comb    0 (20 ants) / born-off    0 (0 ants)
                channel A: PEAK amt  61366 cells   77 (of 141 route)  POLARITY|| +0.22443 && +0.22392 SPAN +0.04134 edge   6.0  end nest->food [10283,3253,0,0,0]  nest   25  AtNest 36.93%
                Carrying: laden     10680  of which SPOIL     10680 (100.0%)
    DECISION CENSUS: 12619 decisions, reconciled against the rows and the engine's counters
      leg     setting          n  stepped    felllaunched swappedcrossingreversedblocked_roll_fairoll_fai no_body
      empty   pocket         614    18.6%   30.0%    0.0%    0.0%    0.0%    0.0%    8.5%   22.3%   20.7%    0.0%
      empty   corridor      1495    46.7%    5.6%    0.0%    0.0%    0.0%    0.0%    1.7%   22.9%   23.1%    0.0%
      empty   junction      5492    38.4%    7.4%    0.0%    0.0%    0.0%    0.0%    1.0%   26.3%   26.8%    0.0%
      empty   open          2644    38.2%    8.6%    0.0%    0.0%    0.0%    0.0%    0.0%   26.6%   26.7%    0.0%
      spoil   pocket         975    29.0%    0.8%    0.0%    0.0%    0.0%    0.0%   21.1%   24.7%   24.3%    0.0%
      spoil   corridor       518    42.9%    0.4%    0.0%    0.0%    0.0%    0.0%   11.4%   22.6%   22.8%    0.0%
      spoil   junction       710    45.6%    0.7%    0.0%    0.0%    0.0%    0.0%    5.6%   23.1%   24.9%    0.0%
      spoil   open           171    34.5%    2.3%    0.0%    0.0%    0.0%    0.0%    0.0%   32.2%   31.0%    0.0%
    DECISIONS: rows not written (decisionnorows)
  140   19  mute    0/0            0        0     4158        0        0    0/20        0         18 1 1 0 0
                A READ  ant-readable homeward along >= 0.02 on  37.7% of route-cell samples | FOODWARD   0.6% | plane lit on  39.9% | peak amt  65535 cells  78
                THE LOOP, ANT BY ANT:
                  0. lived                                     20    100.0% of prev    100.0% of all
                  1. reached the food                           0      0.0% of prev      0.0% of all
                  2. picked food up out there                   0      0.0% of prev      0.0% of all
                  3. turned for home with it                    0      0.0% of prev      0.0% of all
                  4. got back to the nest still holding it      0      0.0% of prev      0.0% of all
                  5. PUT IT DOWN there                          0      0.0% of prev      0.0% of all
                  6. went back out again                        0      0.0% of prev      0.0% of all
                  7. reached the food a SECOND time             0      0.0% of prev      0.0% of all
                RETURN LEDGER reached food    0 of   20 ants | came back    0 | trips laden    0 empty    0 | LOOPERS    0 of   20 ants ( 0.0% of those that reached food), repeat    0, most loops by one ant   0
                BY ANCHOR AT PICKUP  anchor ON nest material:    0 loops /    0 pickups (  0.0%) | anchor OFF it:    0 /    0 (  0.0%)
                BY BIRTH SITE  born ON comb:   0 of   0 that reached food looped (  0.0%) | born OFF comb:   0 of   0 (  0.0%)
                founded x   30..68   (nest cursor 48 MATERIAL x 26..70 20 of 20 founders born on it; food 188; nearest founder 120 cells out, farthest 158, nominal gap 140)  occupancy/1k [65 8 1 0 0 0 0 0]  carry->nest       0  born    0 died   20 (starved   20)
                own trail: route pk    0 end    0 along +0.0000  B nest->food [0,0,0,0,0]  blocked      440  kin swaps       0  ticks     12619  tumbles      3644 (homeward        0, 0.00%)  drops       0  DELIVERED     0  leg home n    0 med     0 p90     0 (laden n    0 med     0 p90     0)  appetite held         0 J of         0  trips born-on-comb    0 (20 ants) / born-off    0 (0 ants)
                channel A: PEAK amt  65535 cells   78 (of 141 route)  POLARITY|| +0.26305 && +0.26464 SPAN +0.01498 edge   6.0  end nest->food [12328,2877,0,0,0]  nest   25  AtNest 39.44%
                Carrying: laden     14244  of which SPOIL     14244 (100.0%)
    DECISION CENSUS: 13246 decisions, reconciled against the rows and the engine's counters
      leg     setting          n  stepped    felllaunched swappedcrossingreversedblocked_roll_fairoll_fai no_body
      empty   pocket         842    19.4%   21.9%    0.0%    0.0%    0.0%    0.0%   10.1%   26.1%   22.6%    0.0%
      empty   corridor      2264    50.0%    3.3%    0.0%    0.0%    0.0%    0.0%    1.2%   23.1%   22.4%    0.0%
      empty   junction      6479    37.9%    5.9%    0.0%    0.0%    0.0%    0.0%    0.8%   27.8%   27.6%    0.0%
      empty   open          2191    38.8%    6.8%    0.0%    0.0%    0.0%    0.0%    0.0%   28.3%   26.0%    0.0%
      spoil   pocket         553    28.2%    1.8%    0.0%    0.0%    0.0%    0.0%   25.0%   21.0%   24.1%    0.0%
      spoil   corridor       287    41.8%    0.7%    0.0%    0.0%    0.0%    0.0%   15.3%   17.4%   24.7%    0.0%
      spoil   junction       539    48.8%    1.3%    0.0%    0.0%    0.0%    0.0%    5.2%   21.0%   23.7%    0.0%
      spoil   open            91    51.6%    2.2%    0.0%    0.0%    0.0%    0.0%    0.0%   25.3%   20.9%    0.0%
    DECISIONS: rows not written (decisionnorows)
  140   20  mute    0/0            0        0     4428        0        0    0/20        0         15 4 1 0 0
                A READ  ant-readable homeward along >= 0.02 on  39.0% of route-cell samples | FOODWARD   2.7% | plane lit on  45.9% | peak amt  64452 cells  82
                THE LOOP, ANT BY ANT:
                  0. lived                                     20    100.0% of prev    100.0% of all
                  1. reached the food                           0      0.0% of prev      0.0% of all
                  2. picked food up out there                   0      0.0% of prev      0.0% of all
                  3. turned for home with it                    0      0.0% of prev      0.0% of all
                  4. got back to the nest still holding it      0      0.0% of prev      0.0% of all
                  5. PUT IT DOWN there                          0      0.0% of prev      0.0% of all
                  6. went back out again                        0      0.0% of prev      0.0% of all
                  7. reached the food a SECOND time             0      0.0% of prev      0.0% of all
                RETURN LEDGER reached food    0 of   20 ants | came back    0 | trips laden    0 empty    0 | LOOPERS    0 of   20 ants ( 0.0% of those that reached food), repeat    0, most loops by one ant   0
                BY ANCHOR AT PICKUP  anchor ON nest material:    0 loops /    0 pickups (  0.0%) | anchor OFF it:    0 /    0 (  0.0%)
                BY BIRTH SITE  born ON comb:   0 of   0 that reached food looped (  0.0%) | born OFF comb:   0 of   0 (  0.0%)
                founded x   30..68   (nest cursor 48 MATERIAL x 26..70 20 of 20 founders born on it; food 188; nearest founder 120 cells out, farthest 158, nominal gap 140)  occupancy/1k [56 17 4 1 0 0 0 0]  carry->nest       0  born    0 died   20 (starved   20)
                own trail: route pk    0 end    0 along +0.0000  B nest->food [0,0,0,0,0]  blocked      375  kin swaps       0  ticks     13246  tumbles      3841 (homeward        0, 0.00%)  drops       0  DELIVERED     0  leg home n    0 med     0 p90     0 (laden n    0 med     0 p90     0)  appetite held         0 J of         0  trips born-on-comb    0 (20 ants) / born-off    0 (0 ants)
                channel A: PEAK amt  64452 cells   82 (of 141 route)  POLARITY|| +0.22115 && +0.22182 SPAN +0.03110 edge   6.0  end nest->food [10640,3988,0,0,0]  nest   25  AtNest 36.82%
                Carrying: laden      8820  of which SPOIL      8820 (100.0%)
    DECISION CENSUS: 12611 decisions, reconciled against the rows and the engine's counters
      leg     setting          n  stepped    felllaunched swappedcrossingreversedblocked_roll_fairoll_fai no_body
      empty   pocket         718    17.1%   29.4%    0.0%    0.0%    0.0%    0.0%    8.5%   23.4%   21.6%    0.0%
      empty   corridor      2056    49.7%    3.3%    0.0%    0.0%    0.0%    0.0%    1.4%   22.3%   23.4%    0.0%
      empty   junction      6370    39.2%    5.6%    0.0%    0.0%    0.0%    0.0%    1.4%   27.4%   26.5%    0.0%
      empty   open          1642    45.6%    8.8%    0.0%    0.0%    0.0%    0.0%    0.0%   21.3%   24.4%    0.0%
      spoil   pocket         393    28.0%    2.0%    0.0%    0.0%    0.0%    0.0%   22.6%   23.2%   24.2%    0.0%
      spoil   corridor       387    38.8%    1.3%    0.0%    0.0%    0.0%    0.0%   14.5%   22.7%   22.7%    0.0%
      spoil   junction       938    48.9%    1.2%    0.0%    0.0%    0.0%    0.0%    4.2%   21.7%   24.0%    0.0%
      spoil   open           107    54.2%    1.9%    0.0%    0.0%    0.0%    0.0%    0.0%   14.0%   29.9%    0.0%
    DECISIONS: rows not written (decisionnorows)
  140   21  mute    0/0            0        0     4410        0        0    0/20        0         17 2 1 0 0
                A READ  ant-readable homeward along >= 0.02 on  39.7% of route-cell samples | FOODWARD   2.1% | plane lit on  44.8% | peak amt  65535 cells  93
                THE LOOP, ANT BY ANT:
                  0. lived                                     20    100.0% of prev    100.0% of all
                  1. reached the food                           0      0.0% of prev      0.0% of all
                  2. picked food up out there                   0      0.0% of prev      0.0% of all
                  3. turned for home with it                    0      0.0% of prev      0.0% of all
                  4. got back to the nest still holding it      0      0.0% of prev      0.0% of all
                  5. PUT IT DOWN there                          0      0.0% of prev      0.0% of all
                  6. went back out again                        0      0.0% of prev      0.0% of all
                  7. reached the food a SECOND time             0      0.0% of prev      0.0% of all
                RETURN LEDGER reached food    0 of   20 ants | came back    0 | trips laden    0 empty    0 | LOOPERS    0 of   20 ants ( 0.0% of those that reached food), repeat    0, most loops by one ant   0
                BY ANCHOR AT PICKUP  anchor ON nest material:    0 loops /    0 pickups (  0.0%) | anchor OFF it:    0 /    0 (  0.0%)
                BY BIRTH SITE  born ON comb:   0 of   0 that reached food looped (  0.0%) | born OFF comb:   0 of   0 (  0.0%)
                founded x   30..68   (nest cursor 48 MATERIAL x 26..70 20 of 20 founders born on it; food 188; nearest founder 120 cells out, farthest 158, nominal gap 140)  occupancy/1k [62 9 1 1 0 0 0 0]  carry->nest       0  born    0 died   20 (starved   20)
                own trail: route pk    0 end    0 along +0.0000  B nest->food [0,0,0,0,0]  blocked      360  kin swaps       0  ticks     12611  tumbles      3477 (homeward        0, 0.00%)  drops       0  DELIVERED     0  leg home n    0 med     0 p90     0 (laden n    0 med     0 p90     0)  appetite held         0 J of         0  trips born-on-comb    0 (20 ants) / born-off    0 (0 ants)
                channel A: PEAK amt  65535 cells   93 (of 141 route)  POLARITY|| +0.22658 && +0.22450 SPAN +0.04225 edge   6.0  end nest->food [11032,3466,0,0,0]  nest   25  AtNest 35.48%
                Carrying: laden     10950  of which SPOIL     10950 (100.0%)
    DECISION CENSUS: 12365 decisions, reconciled against the rows and the engine's counters
      leg     setting          n  stepped    felllaunched swappedcrossingreversedblocked_roll_fairoll_fai no_body
      empty   pocket         602    15.3%   33.4%    0.0%    0.0%    0.0%    0.0%    5.5%   22.9%   22.9%    0.0%
      empty   corridor      1541    43.0%    4.4%    0.0%    0.0%    0.0%    0.0%    1.9%   25.3%   25.3%    0.0%
      empty   junction      6115    41.4%    6.8%    0.0%    0.0%    0.0%    0.0%    1.0%   25.2%   25.7%    0.0%
      empty   open          2322    42.7%   10.0%    0.0%    0.0%    0.0%    0.0%    0.0%   23.9%   23.4%    0.0%
      spoil   pocket         410    26.6%    3.2%    0.0%    0.0%    0.0%    0.0%   21.5%   23.9%   24.9%    0.0%
      spoil   corridor       404    39.1%    0.5%    0.0%    0.0%    0.0%    0.0%   11.9%   27.7%   20.8%    0.0%
      spoil   junction       831    47.3%    0.8%    0.0%    0.0%    0.0%    0.0%    3.7%   25.3%   22.9%    0.0%
      spoil   open           140    51.4%    3.6%    0.0%    0.0%    0.0%    0.0%    0.0%   20.7%   24.3%    0.0%
    DECISIONS: rows not written (decisionnorows)
  140   22  mute    0/0            0        0     4206        0        0    0/20        0         14 5 1 0 0
                A READ  ant-readable homeward along >= 0.02 on  40.0% of route-cell samples | FOODWARD   0.7% | plane lit on  43.2% | peak amt  65535 cells  76
                THE LOOP, ANT BY ANT:
                  0. lived                                     20    100.0% of prev    100.0% of all
                  1. reached the food                           0      0.0% of prev      0.0% of all
                  2. picked food up out there                   0      0.0% of prev      0.0% of all
                  3. turned for home with it                    0      0.0% of prev      0.0% of all
                  4. got back to the nest still holding it      0      0.0% of prev      0.0% of all
                  5. PUT IT DOWN there                          0      0.0% of prev      0.0% of all
                  6. went back out again                        0      0.0% of prev      0.0% of all
                  7. reached the food a SECOND time             0      0.0% of prev      0.0% of all
                RETURN LEDGER reached food    0 of   20 ants | came back    0 | trips laden    0 empty    0 | LOOPERS    0 of   20 ants ( 0.0% of those that reached food), repeat    0, most loops by one ant   0
                BY ANCHOR AT PICKUP  anchor ON nest material:    0 loops /    0 pickups (  0.0%) | anchor OFF it:    0 /    0 (  0.0%)
                BY BIRTH SITE  born ON comb:   0 of   0 that reached food looped (  0.0%) | born OFF comb:   0 of   0 (  0.0%)
                founded x   30..68   (nest cursor 48 MATERIAL x 26..70 20 of 20 founders born on it; food 188; nearest founder 120 cells out, farthest 158, nominal gap 140)  occupancy/1k [58 12 2 0 0 0 0 0]  carry->nest       0  born    0 died   20 (starved   20)
                own trail: route pk    0 end    0 along +0.0000  B nest->food [0,0,0,0,0]  blocked      291  kin swaps       0  ticks     12365  tumbles      3362 (homeward        0, 0.00%)  drops       0  DELIVERED     0  leg home n    0 med     0 p90     0 (laden n    0 med     0 p90     0)  appetite held         0 J of         0  trips born-on-comb    0 (20 ants) / born-off    0 (0 ants)
                channel A: PEAK amt  65535 cells   76 (of 141 route)  POLARITY|| +0.24001 && +0.23794 SPAN +0.01556 edge   6.0  end nest->food [11998,3835,0,0,0]  nest   25  AtNest 39.12%
                Carrying: laden     10710  of which SPOIL     10710 (100.0%)
    DECISION CENSUS: 12296 decisions, reconciled against the rows and the engine's counters
      leg     setting          n  stepped    felllaunched swappedcrossingreversedblocked_roll_fairoll_fai no_body
      empty   pocket         554    21.7%   24.0%    0.0%    0.0%    0.0%    0.0%    8.8%   23.8%   21.7%    0.0%
      empty   corridor      1545    44.3%    4.3%    0.0%    0.0%    0.0%    0.0%    1.9%   23.8%   25.6%    0.0%
      empty   junction      5650    38.3%    5.4%    0.0%    0.0%    0.0%    0.0%    0.9%   28.6%   26.7%    0.0%
      empty   open          2001    39.4%    8.9%    0.0%    0.0%    0.0%    0.0%    0.0%   25.9%   25.8%    0.0%
      spoil   pocket         612    26.8%    3.1%    0.0%    0.0%    0.0%    0.0%   23.0%   25.0%   22.1%    0.0%
      spoil   corridor       616    41.1%    0.8%    0.0%    0.0%    0.0%    0.0%   13.8%   23.5%   20.8%    0.0%
      spoil   junction      1172    48.4%    1.1%    0.0%    0.0%    0.0%    0.0%    4.6%   23.9%   22.0%    0.0%
      spoil   open           146    58.9%    1.4%    0.0%    0.0%    0.0%    0.0%    0.0%   19.2%   20.5%    0.0%
    DECISIONS: rows not written (decisionnorows)
  140   23  mute    0/0            0        0     4494        0        0    0/20        0         18 2 0 0 0
                A READ  ant-readable homeward along >= 0.02 on  35.3% of route-cell samples | FOODWARD   1.0% | plane lit on  39.1% | peak amt  65535 cells  65
                THE LOOP, ANT BY ANT:
                  0. lived                                     20    100.0% of prev    100.0% of all
                  1. reached the food                           0      0.0% of prev      0.0% of all
                  2. picked food up out there                   0      0.0% of prev      0.0% of all
                  3. turned for home with it                    0      0.0% of prev      0.0% of all
                  4. got back to the nest still holding it      0      0.0% of prev      0.0% of all
                  5. PUT IT DOWN there                          0      0.0% of prev      0.0% of all
                  6. went back out again                        0      0.0% of prev      0.0% of all
                  7. reached the food a SECOND time             0      0.0% of prev      0.0% of all
                RETURN LEDGER reached food    0 of   20 ants | came back    0 | trips laden    0 empty    0 | LOOPERS    0 of   20 ants ( 0.0% of those that reached food), repeat    0, most loops by one ant   0
                BY ANCHOR AT PICKUP  anchor ON nest material:    0 loops /    0 pickups (  0.0%) | anchor OFF it:    0 /    0 (  0.0%)
                BY BIRTH SITE  born ON comb:   0 of   0 that reached food looped (  0.0%) | born OFF comb:   0 of   0 (  0.0%)
                founded x   30..68   (nest cursor 48 MATERIAL x 26..70 20 of 20 founders born on it; food 188; nearest founder 120 cells out, farthest 158, nominal gap 140)  occupancy/1k [59 11 1 0 0 0 0 0]  carry->nest       0  born    0 died   20 (starved   20)
                own trail: route pk    0 end    0 along +0.0000  B nest->food [0,0,0,0,0]  blocked      410  kin swaps       0  ticks     12296  tumbles      3652 (homeward        0, 0.00%)  drops       0  DELIVERED     0  leg home n    0 med     0 p90     0 (laden n    0 med     0 p90     0)  appetite held         0 J of         0  trips born-on-comb    0 (20 ants) / born-off    0 (0 ants)
                channel A: PEAK amt  65535 cells   65 (of 141 route)  POLARITY|| +0.26231 && +0.25976 SPAN +0.02065 edge   6.0  end nest->food [12355,3630,0,0,0]  nest   25  AtNest 41.24%
                Carrying: laden     15276  of which SPOIL     15276 (100.0%)
    DECISION CENSUS: 11868 decisions, reconciled against the rows and the engine's counters
      leg     setting          n  stepped    felllaunched swappedcrossingreversedblocked_roll_fairoll_fai no_body
      empty   pocket         587    16.0%   31.3%    0.0%    0.0%    0.0%    0.0%    6.6%   22.5%   23.5%    0.0%
      empty   corridor      1232    42.8%    5.6%    0.0%    0.0%    0.0%    0.0%    1.7%   24.6%   25.3%    0.0%
      empty   junction      5863    37.3%    6.8%    0.0%    0.0%    0.0%    0.0%    1.1%   27.2%   27.6%    0.0%
      empty   open          2121    42.1%    9.2%    0.0%    0.0%    0.0%    0.0%    0.0%   24.3%   24.3%    0.0%
      spoil   pocket         608    30.9%    2.8%    0.0%    0.0%    0.0%    0.0%   25.8%   21.1%   19.4%    0.0%
      spoil   corridor       501    40.7%    1.4%    0.0%    0.0%    0.0%    0.0%   13.6%   22.2%   22.2%    0.0%
      spoil   junction       777    54.4%    1.3%    0.0%    0.0%    0.0%    0.0%    3.6%   19.4%   21.2%    0.0%
      spoil   open           179    48.6%    3.9%    0.0%    0.0%    0.0%    0.0%    0.0%   24.0%   23.5%    0.0%
    DECISIONS: rows not written (decisionnorows)
  140   24  mute    0/0            0        0     4440        0        0    0/20        0         16 3 1 0 0
                A READ  ant-readable homeward along >= 0.02 on  39.3% of route-cell samples | FOODWARD   0.5% | plane lit on  43.7% | peak amt  65535 cells 103
                THE LOOP, ANT BY ANT:
                  0. lived                                     20    100.0% of prev    100.0% of all
                  1. reached the food                           0      0.0% of prev      0.0% of all
                  2. picked food up out there                   0      0.0% of prev      0.0% of all
                  3. turned for home with it                    0      0.0% of prev      0.0% of all
                  4. got back to the nest still holding it      0      0.0% of prev      0.0% of all
                  5. PUT IT DOWN there                          0      0.0% of prev      0.0% of all
                  6. went back out again                        0      0.0% of prev      0.0% of all
                  7. reached the food a SECOND time             0      0.0% of prev      0.0% of all
                RETURN LEDGER reached food    0 of   20 ants | came back    0 | trips laden    0 empty    0 | LOOPERS    0 of   20 ants ( 0.0% of those that reached food), repeat    0, most loops by one ant   0
                BY ANCHOR AT PICKUP  anchor ON nest material:    0 loops /    0 pickups (  0.0%) | anchor OFF it:    0 /    0 (  0.0%)
                BY BIRTH SITE  born ON comb:   0 of   0 that reached food looped (  0.0%) | born OFF comb:   0 of   0 (  0.0%)
                founded x   30..68   (nest cursor 48 MATERIAL x 26..70 20 of 20 founders born on it; food 188; nearest founder 120 cells out, farthest 158, nominal gap 140)  occupancy/1k [58 9 2 0 0 0 0 0]  carry->nest       0  born    0 died   20 (starved   19)
                own trail: route pk    0 end    0 along +0.0000  B nest->food [0,0,0,0,0]  blocked      379  kin swaps       0  ticks     11869  tumbles      3360 (homeward        0, 0.00%)  drops       0  DELIVERED     0  leg home n    0 med     0 p90     0 (laden n    0 med     0 p90     0)  appetite held         0 J of         0  trips born-on-comb    0 (20 ants) / born-off    0 (0 ants)
                channel A: PEAK amt  65535 cells  103 (of 141 route)  POLARITY|| +0.24482 && +0.24825 SPAN +0.01425 edge   6.0  end nest->food [10946,3464,0,0,0]  nest   25  AtNest 40.11%
                Carrying: laden     12396  of which SPOIL     12396 (100.0%)
    DECISION CENSUS: 12567 decisions, reconciled against the rows and the engine's counters
      leg     setting          n  stepped    felllaunched swappedcrossingreversedblocked_roll_fairoll_fai no_body
      empty   pocket         497    13.3%   35.4%    0.0%    0.0%    0.0%    0.0%    5.2%   24.7%   21.3%    0.0%
      empty   corridor      1879    48.1%    4.5%    0.0%    0.0%    0.0%    0.0%    1.7%   22.5%   23.3%    0.0%
      empty   junction      5920    38.9%    5.9%    0.0%    0.0%    0.0%    0.0%    1.2%   26.8%   27.2%    0.0%
      empty   open          2130    39.8%    7.2%    0.0%    0.0%    0.0%    0.0%    0.0%   26.7%   26.3%    0.0%
      spoil   pocket         562    27.8%    1.6%    0.0%    0.0%    0.0%    0.0%   24.2%   21.4%   25.1%    0.0%
      spoil   corridor       556    45.0%    0.7%    0.0%    0.0%    0.0%    0.0%    9.0%   23.4%   21.9%    0.0%
      spoil   junction       936    46.6%    1.1%    0.0%    0.0%    0.0%    0.0%    5.2%   23.6%   23.5%    0.0%
      spoil   open            87    46.0%    4.6%    0.0%    0.0%    0.0%    0.0%    0.0%   27.6%   21.8%    0.0%
    DECISIONS: rows not written (decisionnorows)
  200    1  mute    0/0            0        0     4494        0        0    0/20        0         20 0 0 0 0
                A READ  ant-readable homeward along >= 0.02 on  25.1% of route-cell samples | FOODWARD   0.2% | plane lit on  25.6% | peak amt  65535 cells  55
                THE LOOP, ANT BY ANT:
                  0. lived                                     20    100.0% of prev    100.0% of all
                  1. reached the food                           0      0.0% of prev      0.0% of all
                  2. picked food up out there                   0      0.0% of prev      0.0% of all
                  3. turned for home with it                    0      0.0% of prev      0.0% of all
                  4. got back to the nest still holding it      0      0.0% of prev      0.0% of all
                  5. PUT IT DOWN there                          0      0.0% of prev      0.0% of all
                  6. went back out again                        0      0.0% of prev      0.0% of all
                  7. reached the food a SECOND time             0      0.0% of prev      0.0% of all
                RETURN LEDGER reached food    0 of   20 ants | came back    0 | trips laden    0 empty    0 | LOOPERS    0 of   20 ants ( 0.0% of those that reached food), repeat    0, most loops by one ant   0
                BY ANCHOR AT PICKUP  anchor ON nest material:    0 loops /    0 pickups (  0.0%) | anchor OFF it:    0 /    0 (  0.0%)
                BY BIRTH SITE  born ON comb:   0 of   0 that reached food looped (  0.0%) | born OFF comb:   0 of   0 (  0.0%)
                founded x   30..68   (nest cursor 48 MATERIAL x 26..70 20 of 20 founders born on it; food 248; nearest founder 180 cells out, farthest 218, nominal gap 200)  occupancy/1k [72 3 0 0 0 0 0 0]  carry->nest       0  born    0 died   20 (starved   20)
                own trail: route pk    0 end    0 along +0.0000  B nest->food [0,0,0,0,0]  blocked      364  kin swaps       0  ticks     12567  tumbles      3561 (homeward        0, 0.00%)  drops       0  DELIVERED     0  leg home n    0 med     0 p90     0 (laden n    0 med     0 p90     0)  appetite held         0 J of         0  trips born-on-comb    0 (20 ants) / born-off    0 (0 ants)
                channel A: PEAK amt  65535 cells   55 (of 201 route)  POLARITY|| +0.28282 && +0.27318 SPAN +0.01091 edge   6.0  end nest->food [12149,226,0,0,0]  nest   25  AtNest 39.35%
                Carrying: laden     12846  of which SPOIL     12846 (100.0%)
    DECISION CENSUS: 12313 decisions, reconciled against the rows and the engine's counters
      leg     setting          n  stepped    felllaunched swappedcrossingreversedblocked_roll_fairoll_fai no_body
      empty   pocket         889    24.6%   17.8%    0.0%    0.0%    0.0%    0.0%   14.5%   20.9%   22.2%    0.0%
      empty   corridor      1582    44.4%    4.6%    0.0%    0.0%    0.0%    0.0%    1.6%   24.7%   24.8%    0.0%
      empty   junction      5172    37.6%    5.9%    0.0%    0.0%    0.0%    0.0%    0.9%   28.8%   26.8%    0.0%
      empty   open          1773    42.6%    8.5%    0.0%    0.0%    0.0%    0.0%    0.0%   23.3%   25.6%    0.0%
      spoil   pocket        1041    31.9%    0.5%    0.0%    0.0%    0.0%    0.0%   26.6%   20.7%   20.4%    0.0%
      spoil   corridor       877    48.6%    0.0%    0.0%    0.0%    0.0%    0.0%    4.9%   21.7%   24.9%    0.0%
      spoil   junction       854    50.7%    0.0%    0.0%    0.0%    0.0%    0.0%    4.0%   21.5%   23.8%    0.0%
      spoil   open           125    52.8%    0.8%    0.0%    0.0%    0.0%    0.0%    0.0%   25.6%   20.8%    0.0%
    DECISIONS: rows not written (decisionnorows)
  200    2  mute    0/0            0        0     4104        0        0    0/20        0         17 3 0 0 0
                A READ  ant-readable homeward along >= 0.02 on  26.5% of route-cell samples | FOODWARD   1.6% | plane lit on  30.7% | peak amt  65535 cells  86
                THE LOOP, ANT BY ANT:
                  0. lived                                     20    100.0% of prev    100.0% of all
                  1. reached the food                           0      0.0% of prev      0.0% of all
                  2. picked food up out there                   0      0.0% of prev      0.0% of all
                  3. turned for home with it                    0      0.0% of prev      0.0% of all
                  4. got back to the nest still holding it      0      0.0% of prev      0.0% of all
                  5. PUT IT DOWN there                          0      0.0% of prev      0.0% of all
                  6. went back out again                        0      0.0% of prev      0.0% of all
                  7. reached the food a SECOND time             0      0.0% of prev      0.0% of all
                RETURN LEDGER reached food    0 of   20 ants | came back    0 | trips laden    0 empty    0 | LOOPERS    0 of   20 ants ( 0.0% of those that reached food), repeat    0, most loops by one ant   0
                BY ANCHOR AT PICKUP  anchor ON nest material:    0 loops /    0 pickups (  0.0%) | anchor OFF it:    0 /    0 (  0.0%)
                BY BIRTH SITE  born ON comb:   0 of   0 that reached food looped (  0.0%) | born OFF comb:   0 of   0 (  0.0%)
                founded x   30..68   (nest cursor 48 MATERIAL x 26..70 20 of 20 founders born on it; food 248; nearest founder 180 cells out, farthest 218, nominal gap 200)  occupancy/1k [69 3 0 0 0 0 0 0]  carry->nest       0  born    0 died   20 (starved   20)
                own trail: route pk    0 end    0 along +0.0000  B nest->food [0,0,0,0,0]  blocked      557  kin swaps       0  ticks     12313  tumbles      3657 (homeward        0, 0.00%)  drops       0  DELIVERED     0  leg home n    0 med     0 p90     0 (laden n    0 med     0 p90     0)  appetite held         0 J of         0  trips born-on-comb    0 (20 ants) / born-off    0 (0 ants)
                channel A: PEAK amt  65535 cells   86 (of 201 route)  POLARITY|| +0.23869 && +0.23919 SPAN +0.00830 edge   6.0  end nest->food [11632,515,0,0,0]  nest   25  AtNest 40.33%
                Carrying: laden     17382  of which SPOIL     17382 (100.0%)
    DECISION CENSUS: 12285 decisions, reconciled against the rows and the engine's counters
      leg     setting          n  stepped    felllaunched swappedcrossingreversedblocked_roll_fairoll_fai no_body
      empty   pocket         450    14.4%   34.2%    0.0%    0.0%    0.0%    0.0%    6.2%   24.4%   20.7%    0.0%
      empty   corridor      2211    49.9%    2.3%    0.0%    0.0%    0.0%    0.0%    1.6%   23.1%   23.1%    0.0%
      empty   junction      5493    37.0%    4.3%    0.0%    0.0%    0.0%    0.0%    0.9%   28.7%   29.1%    0.0%
      empty   open          1562    38.9%    6.2%    0.0%    0.0%    0.0%    0.0%    0.0%   27.8%   27.0%    0.0%
      spoil   pocket         783    31.0%    1.3%    0.0%    0.0%    0.0%    0.0%   23.8%   21.7%   22.2%    0.0%
      spoil   corridor       687    48.2%    0.1%    0.0%    0.0%    0.0%    0.0%    9.2%   21.1%   21.4%    0.0%
      spoil   junction       982    48.3%    1.5%    0.0%    0.0%    0.0%    0.0%    4.3%   23.3%   22.6%    0.0%
      spoil   open           117    53.8%    1.7%    0.0%    0.0%    0.0%    0.0%    0.0%   22.2%   22.2%    0.0%
    DECISIONS: rows not written (decisionnorows)
  200    3  mute    0/0            0        0     4614        0        0    0/20        0         18 1 1 0 0
                A READ  ant-readable homeward along >= 0.02 on  28.5% of route-cell samples | FOODWARD   2.2% | plane lit on  33.4% | peak amt  65535 cells 142
                THE LOOP, ANT BY ANT:
                  0. lived                                     20    100.0% of prev    100.0% of all
                  1. reached the food                           0      0.0% of prev      0.0% of all
                  2. picked food up out there                   0      0.0% of prev      0.0% of all
                  3. turned for home with it                    0      0.0% of prev      0.0% of all
                  4. got back to the nest still holding it      0      0.0% of prev      0.0% of all
                  5. PUT IT DOWN there                          0      0.0% of prev      0.0% of all
                  6. went back out again                        0      0.0% of prev      0.0% of all
                  7. reached the food a SECOND time             0      0.0% of prev      0.0% of all
                RETURN LEDGER reached food    0 of   20 ants | came back    0 | trips laden    0 empty    0 | LOOPERS    0 of   20 ants ( 0.0% of those that reached food), repeat    0, most loops by one ant   0
                BY ANCHOR AT PICKUP  anchor ON nest material:    0 loops /    0 pickups (  0.0%) | anchor OFF it:    0 /    0 (  0.0%)
                BY BIRTH SITE  born ON comb:   0 of   0 that reached food looped (  0.0%) | born OFF comb:   0 of   0 (  0.0%)
                founded x   30..68   (nest cursor 48 MATERIAL x 26..70 20 of 20 founders born on it; food 248; nearest founder 180 cells out, farthest 218, nominal gap 200)  occupancy/1k [67 4 0 0 0 0 0 0]  carry->nest       0  born    0 died   20 (starved   19)
                own trail: route pk    0 end    0 along +0.0000  B nest->food [0,0,0,0,0]  blocked      406  kin swaps       0  ticks     12286  tumbles      3606 (homeward        0, 0.00%)  drops       0  DELIVERED     0  leg home n    0 med     0 p90     0 (laden n    0 med     0 p90     0)  appetite held         0 J of         0  trips born-on-comb    0 (20 ants) / born-off    0 (0 ants)
                channel A: PEAK amt  65535 cells  142 (of 201 route)  POLARITY|| +0.22855 && +0.23364 SPAN +0.02663 edge   6.4  end nest->food [11677,395,0,0,0]  nest   25  AtNest 41.95%
                Carrying: laden     15414  of which SPOIL     15414 (100.0%)
    DECISION CENSUS: 12396 decisions, reconciled against the rows and the engine's counters
      leg     setting          n  stepped    felllaunched swappedcrossingreversedblocked_roll_fairoll_fai no_body
      empty   pocket         581    17.6%   25.6%    0.0%    0.0%    0.0%    0.0%    7.9%   24.8%   24.1%    0.0%
      empty   corridor      1634    43.3%    5.1%    0.0%    0.0%    0.0%    0.0%    2.1%   26.3%   23.1%    0.0%
      empty   junction      5717    40.0%    5.7%    0.0%    0.0%    0.0%    0.0%    1.3%   26.4%   26.6%    0.0%
      empty   open          2285    42.0%    8.9%    0.0%    0.0%    0.0%    0.0%    0.0%   25.3%   23.9%    0.0%
      spoil   pocket         483    28.0%    1.9%    0.0%    0.0%    0.0%    0.0%   23.6%   22.6%   24.0%    0.0%
      spoil   corridor       533    42.0%    0.2%    0.0%    0.0%    0.0%    0.0%   13.3%   21.8%   22.7%    0.0%
      spoil   junction      1009    49.3%    1.1%    0.0%    0.0%    0.0%    0.0%    4.3%   23.1%   22.3%    0.0%
      spoil   open           154    51.3%    6.5%    0.0%    0.0%    0.0%    0.0%    0.0%   22.1%   20.1%    0.0%
    DECISIONS: rows not written (decisionnorows)
  200    4  mute    0/0            0        0     4062        0        0    0/20        0         18 2 0 0 0
                A READ  ant-readable homeward along >= 0.02 on  27.2% of route-cell samples | FOODWARD   0.3% | plane lit on  29.5% | peak amt  65535 cells  71
                THE LOOP, ANT BY ANT:
                  0. lived                                     20    100.0% of prev    100.0% of all
                  1. reached the food                           0      0.0% of prev      0.0% of all
                  2. picked food up out there                   0      0.0% of prev      0.0% of all
                  3. turned for home with it                    0      0.0% of prev      0.0% of all
                  4. got back to the nest still holding it      0      0.0% of prev      0.0% of all
                  5. PUT IT DOWN there                          0      0.0% of prev      0.0% of all
                  6. went back out again                        0      0.0% of prev      0.0% of all
                  7. reached the food a SECOND time             0      0.0% of prev      0.0% of all
                RETURN LEDGER reached food    0 of   20 ants | came back    0 | trips laden    0 empty    0 | LOOPERS    0 of   20 ants ( 0.0% of those that reached food), repeat    0, most loops by one ant   0
                BY ANCHOR AT PICKUP  anchor ON nest material:    0 loops /    0 pickups (  0.0%) | anchor OFF it:    0 /    0 (  0.0%)
                BY BIRTH SITE  born ON comb:   0 of   0 that reached food looped (  0.0%) | born OFF comb:   0 of   0 (  0.0%)
                founded x   30..68   (nest cursor 48 MATERIAL x 26..70 20 of 20 founders born on it; food 248; nearest founder 180 cells out, farthest 218, nominal gap 200)  occupancy/1k [69 4 0 0 0 0 0 0]  carry->nest       0  born    0 died   20 (starved   20)
                own trail: route pk    0 end    0 along +0.0000  B nest->food [0,0,0,0,0]  blocked      382  kin swaps       0  ticks     12396  tumbles      3537 (homeward        0, 0.00%)  drops       0  DELIVERED     0  leg home n    0 med     0 p90     0 (laden n    0 med     0 p90     0)  appetite held         0 J of         0  trips born-on-comb    0 (20 ants) / born-off    0 (0 ants)
                channel A: PEAK amt  65535 cells   71 (of 201 route)  POLARITY|| +0.25097 && +0.25448 SPAN +0.01359 edge   6.0  end nest->food [11783,323,0,0,0]  nest   25  AtNest 40.05%
                Carrying: laden     13074  of which SPOIL     13074 (100.0%)
    DECISION CENSUS: 12511 decisions, reconciled against the rows and the engine's counters
      leg     setting          n  stepped    felllaunched swappedcrossingreversedblocked_roll_fairoll_fai no_body
      empty   pocket         834    26.7%   15.9%    0.0%    0.0%    0.0%    0.0%   15.0%   22.3%   20.0%    0.0%
      empty   corridor      1770    49.3%    2.4%    0.0%    0.0%    0.0%    0.0%    1.2%   22.8%   24.4%    0.0%
      empty   junction      5291    37.0%    4.9%    0.0%    0.0%    0.0%    0.0%    1.4%   28.4%   28.3%    0.0%
      empty   open          1751    37.9%    6.7%    0.0%    0.0%    0.0%    0.0%    0.0%   27.4%   28.0%    0.0%
      spoil   pocket        1341    30.6%    1.9%    0.0%    0.0%    0.0%    0.0%   24.8%   21.4%   21.2%    0.0%
      spoil   corridor       699    46.4%    0.6%    0.0%    0.0%    0.0%    0.0%    5.3%   24.2%   23.6%    0.0%
      spoil   junction       754    48.5%    0.4%    0.0%    0.0%    0.0%    0.0%    4.8%   24.8%   21.5%    0.0%
      spoil   open            71    57.7%    0.0%    0.0%    0.0%    0.0%    0.0%    0.0%   21.1%   21.1%    0.0%
    DECISIONS: rows not written (decisionnorows)
  200    5  mute    0/0            0        0     4368        0        0    0/20        0         18 1 1 0 0
                A READ  ant-readable homeward along >= 0.02 on  26.6% of route-cell samples | FOODWARD   1.7% | plane lit on  30.7% | peak amt  65535 cells 113
                THE LOOP, ANT BY ANT:
                  0. lived                                     20    100.0% of prev    100.0% of all
                  1. reached the food                           0      0.0% of prev      0.0% of all
                  2. picked food up out there                   0      0.0% of prev      0.0% of all
                  3. turned for home with it                    0      0.0% of prev      0.0% of all
                  4. got back to the nest still holding it      0      0.0% of prev      0.0% of all
                  5. PUT IT DOWN there                          0      0.0% of prev      0.0% of all
                  6. went back out again                        0      0.0% of prev      0.0% of all
                  7. reached the food a SECOND time             0      0.0% of prev      0.0% of all
                RETURN LEDGER reached food    0 of   20 ants | came back    0 | trips laden    0 empty    0 | LOOPERS    0 of   20 ants ( 0.0% of those that reached food), repeat    0, most loops by one ant   0
                BY ANCHOR AT PICKUP  anchor ON nest material:    0 loops /    0 pickups (  0.0%) | anchor OFF it:    0 /    0 (  0.0%)
                BY BIRTH SITE  born ON comb:   0 of   0 that reached food looped (  0.0%) | born OFF comb:   0 of   0 (  0.0%)
                founded x   30..68   (nest cursor 48 MATERIAL x 26..70 20 of 20 founders born on it; food 248; nearest founder 180 cells out, farthest 218, nominal gap 200)  occupancy/1k [69 3 0 0 0 0 0 0]  carry->nest       0  born    0 died   20 (starved   19)
                own trail: route pk    0 end    0 along +0.0000  B nest->food [0,0,0,0,0]  blocked      627  kin swaps       0  ticks     12512  tumbles      3859 (homeward        0, 0.00%)  drops       0  DELIVERED     0  leg home n    0 med     0 p90     0 (laden n    0 med     0 p90     0)  appetite held         0 J of         0  trips born-on-comb    0 (20 ants) / born-off    0 (0 ants)
                channel A: PEAK amt  65535 cells  113 (of 201 route)  POLARITY|| +0.23716 && +0.23938 SPAN +0.01876 edge   6.7  end nest->food [10995,258,0,0,0]  nest   25  AtNest 34.41%
                Carrying: laden     17190  of which SPOIL     17190 (100.0%)
    DECISION CENSUS: 12547 decisions, reconciled against the rows and the engine's counters
      leg     setting          n  stepped    felllaunched swappedcrossingreversedblocked_roll_fairoll_fai no_body
      empty   pocket         652    20.6%   27.5%    0.0%    0.0%    0.0%    0.0%   10.7%   20.6%   20.7%    0.0%
      empty   corridor      1373    47.3%    4.6%    0.0%    0.0%    0.0%    0.0%    1.6%   22.9%   23.5%    0.0%
      empty   junction      6333    36.0%    6.4%    0.0%    0.0%    0.0%    0.0%    0.9%   27.8%   28.9%    0.0%
      empty   open          2098    41.4%    7.2%    0.0%    0.0%    0.0%    0.0%    0.0%   25.2%   26.2%    0.0%
      spoil   pocket         733    31.5%    1.5%    0.0%    0.0%    0.0%    0.0%   26.5%   21.1%   19.4%    0.0%
      spoil   corridor       393    39.9%    0.8%    0.0%    0.0%    0.0%    0.0%    9.9%   25.7%   23.7%    0.0%
      spoil   junction       842    51.3%    1.4%    0.0%    0.0%    0.0%    0.0%    4.5%   22.0%   20.8%    0.0%
      spoil   open           123    43.1%    3.3%    0.0%    0.0%    0.0%    0.0%    0.0%   26.0%   27.6%    0.0%
    DECISIONS: rows not written (decisionnorows)
  200    6  mute    0/0            0        0     4458        0        0    0/20        0         18 2 0 0 0
                A READ  ant-readable homeward along >= 0.02 on  26.2% of route-cell samples | FOODWARD   0.7% | plane lit on  29.2% | peak amt  65535 cells  66
                THE LOOP, ANT BY ANT:
                  0. lived                                     20    100.0% of prev    100.0% of all
                  1. reached the food                           0      0.0% of prev      0.0% of all
                  2. picked food up out there                   0      0.0% of prev      0.0% of all
                  3. turned for home with it                    0      0.0% of prev      0.0% of all
                  4. got back to the nest still holding it      0      0.0% of prev      0.0% of all
                  5. PUT IT DOWN there                          0      0.0% of prev      0.0% of all
                  6. went back out again                        0      0.0% of prev      0.0% of all
                  7. reached the food a SECOND time             0      0.0% of prev      0.0% of all
                RETURN LEDGER reached food    0 of   20 ants | came back    0 | trips laden    0 empty    0 | LOOPERS    0 of   20 ants ( 0.0% of those that reached food), repeat    0, most loops by one ant   0
                BY ANCHOR AT PICKUP  anchor ON nest material:    0 loops /    0 pickups (  0.0%) | anchor OFF it:    0 /    0 (  0.0%)
                BY BIRTH SITE  born ON comb:   0 of   0 that reached food looped (  0.0%) | born OFF comb:   0 of   0 (  0.0%)
                founded x   30..68   (nest cursor 48 MATERIAL x 26..70 20 of 20 founders born on it; food 248; nearest founder 180 cells out, farthest 218, nominal gap 200)  occupancy/1k [70 3 0 0 0 0 0 0]  carry->nest       0  born    0 died   20 (starved   20)
                own trail: route pk    0 end    0 along +0.0000  B nest->food [0,0,0,0,0]  blocked      419  kin swaps       0  ticks     12547  tumbles      3632 (homeward        0, 0.00%)  drops       0  DELIVERED     0  leg home n    0 med     0 p90     0 (laden n    0 med     0 p90     0)  appetite held         0 J of         0  trips born-on-comb    0 (20 ants) / born-off    0 (0 ants)
                channel A: PEAK amt  65535 cells   66 (of 201 route)  POLARITY|| +0.24645 && +0.24958 SPAN +0.02242 edge   6.0  end nest->food [12106,346,0,0,0]  nest   25  AtNest 37.43%
                Carrying: laden     12546  of which SPOIL     12546 (100.0%)
    DECISION CENSUS: 12612 decisions, reconciled against the rows and the engine's counters
      leg     setting          n  stepped    felllaunched swappedcrossingreversedblocked_roll_fairoll_fai no_body
      empty   pocket         564    16.7%   31.2%    0.0%    0.0%    0.0%    0.0%    6.9%   23.2%   22.0%    0.0%
      empty   corridor      1737    50.0%    3.5%    0.0%    0.0%    0.0%    0.0%    1.5%   21.6%   23.4%    0.0%
      empty   junction      6374    37.3%    5.6%    0.0%    0.0%    0.0%    0.0%    0.9%   28.3%   27.8%    0.0%
      empty   open          2220    38.0%    7.1%    0.0%    0.0%    0.0%    0.0%    0.0%   28.4%   26.5%    0.0%
      spoil   pocket         351    29.1%    1.4%    0.0%    0.0%    0.0%    0.0%   25.1%   20.5%   23.9%    0.0%
      spoil   corridor       403    43.4%    0.5%    0.0%    0.0%    0.0%    0.0%   14.1%   21.1%   20.8%    0.0%
      spoil   junction       846    47.9%    0.9%    0.0%    0.0%    0.0%    0.0%    5.4%   25.8%   20.0%    0.0%
      spoil   open           117    63.2%    3.4%    0.0%    0.0%    0.0%    0.0%    0.0%   17.9%   15.4%    0.0%
    DECISIONS: rows not written (decisionnorows)
  200    7  mute    0/0            0        0     4446        0        0    0/20        0         17 2 1 0 0
                A READ  ant-readable homeward along >= 0.02 on  27.1% of route-cell samples | FOODWARD   2.8% | plane lit on  33.3% | peak amt  65535 cells 137
                THE LOOP, ANT BY ANT:
                  0. lived                                     20    100.0% of prev    100.0% of all
                  1. reached the food                           0      0.0% of prev      0.0% of all
                  2. picked food up out there                   0      0.0% of prev      0.0% of all
                  3. turned for home with it                    0      0.0% of prev      0.0% of all
                  4. got back to the nest still holding it      0      0.0% of prev      0.0% of all
                  5. PUT IT DOWN there                          0      0.0% of prev      0.0% of all
                  6. went back out again                        0      0.0% of prev      0.0% of all
                  7. reached the food a SECOND time             0      0.0% of prev      0.0% of all
                RETURN LEDGER reached food    0 of   20 ants | came back    0 | trips laden    0 empty    0 | LOOPERS    0 of   20 ants ( 0.0% of those that reached food), repeat    0, most loops by one ant   0
                BY ANCHOR AT PICKUP  anchor ON nest material:    0 loops /    0 pickups (  0.0%) | anchor OFF it:    0 /    0 (  0.0%)
                BY BIRTH SITE  born ON comb:   0 of   0 that reached food looped (  0.0%) | born OFF comb:   0 of   0 (  0.0%)
                founded x   30..68   (nest cursor 48 MATERIAL x 26..70 20 of 20 founders born on it; food 248; nearest founder 180 cells out, farthest 218, nominal gap 200)  occupancy/1k [66 7 1 0 0 0 0 0]  carry->nest       0  born    0 died   20 (starved   20)
                own trail: route pk    0 end    0 along +0.0000  B nest->food [0,0,0,0,0]  blocked      316  kin swaps       0  ticks     12612  tumbles      3651 (homeward        0, 0.00%)  drops       0  DELIVERED     0  leg home n    0 med     0 p90     0 (laden n    0 med     0 p90     0)  appetite held         0 J of         0  trips born-on-comb    0 (20 ants) / born-off    0 (0 ants)
                channel A: PEAK amt  65535 cells  137 (of 201 route)  POLARITY|| +0.21574 && +0.21349 SPAN +0.00967 edge   7.1  end nest->food [11469,781,0,0,0]  nest   25  AtNest 40.56%
                Carrying: laden     10302  of which SPOIL     10302 (100.0%)
    DECISION CENSUS: 12789 decisions, reconciled against the rows and the engine's counters
      leg     setting          n  stepped    felllaunched swappedcrossingreversedblocked_roll_fairoll_fai no_body
      empty   pocket         594    11.1%   43.4%    0.0%    0.0%    0.0%    0.0%    3.4%   20.5%   21.5%    0.0%
      empty   corridor      2478    47.1%    3.5%    0.0%    0.0%    0.0%    0.0%    1.3%   23.2%   24.9%    0.0%
      empty   junction      6633    37.8%    6.6%    0.0%    0.0%    0.0%    0.0%    0.9%   28.3%   26.5%    0.0%
      empty   open          1865    45.2%    9.1%    0.0%    0.0%    0.0%    0.0%    0.0%   23.5%   22.2%    0.0%
      spoil   pocket         155    27.7%    7.7%    0.0%    0.0%    0.0%    0.0%   25.8%   20.6%   18.1%    0.0%
      spoil   corridor       217    37.8%    0.0%    0.0%    0.0%    0.0%    0.0%   18.9%   20.3%   23.0%    0.0%
      spoil   junction       759    46.9%    0.5%    0.0%    0.0%    0.0%    0.0%    4.9%   27.1%   20.6%    0.0%
      spoil   open            88    51.1%    0.0%    0.0%    0.0%    0.0%    0.0%    0.0%   19.3%   29.5%    0.0%
    DECISIONS: rows not written (decisionnorows)
  200    8  mute    0/0            0        0     4884        0        0    0/20        0         16 3 1 0 0
                A READ  ant-readable homeward along >= 0.02 on  29.8% of route-cell samples | FOODWARD   1.8% | plane lit on  34.7% | peak amt  65535 cells 132
                THE LOOP, ANT BY ANT:
                  0. lived                                     20    100.0% of prev    100.0% of all
                  1. reached the food                           0      0.0% of prev      0.0% of all
                  2. picked food up out there                   0      0.0% of prev      0.0% of all
                  3. turned for home with it                    0      0.0% of prev      0.0% of all
                  4. got back to the nest still holding it      0      0.0% of prev      0.0% of all
                  5. PUT IT DOWN there                          0      0.0% of prev      0.0% of all
                  6. went back out again                        0      0.0% of prev      0.0% of all
                  7. reached the food a SECOND time             0      0.0% of prev      0.0% of all
                RETURN LEDGER reached food    0 of   20 ants | came back    0 | trips laden    0 empty    0 | LOOPERS    0 of   20 ants ( 0.0% of those that reached food), repeat    0, most loops by one ant   0
                BY ANCHOR AT PICKUP  anchor ON nest material:    0 loops /    0 pickups (  0.0%) | anchor OFF it:    0 /    0 (  0.0%)
                BY BIRTH SITE  born ON comb:   0 of   0 that reached food looped (  0.0%) | born OFF comb:   0 of   0 (  0.0%)
                founded x   30..68   (nest cursor 48 MATERIAL x 26..70 20 of 20 founders born on it; food 248; nearest founder 180 cells out, farthest 218, nominal gap 200)  occupancy/1k [65 5 3 0 0 0 0 0]  carry->nest       0  born    0 died   20 (starved   20)
                own trail: route pk    0 end    0 along +0.0000  B nest->food [0,0,0,0,0]  blocked      230  kin swaps       0  ticks     12789  tumbles      3543 (homeward        0, 0.00%)  drops       0  DELIVERED     0  leg home n    0 med     0 p90     0 (laden n    0 med     0 p90     0)  appetite held         0 J of         0  trips born-on-comb    0 (20 ants) / born-off    0 (0 ants)
                channel A: PEAK amt  65535 cells  132 (of 201 route)  POLARITY|| +0.21790 && +0.21847 SPAN +0.02789 edge   6.5  end nest->food [11434,563,0,0,0]  nest   25  AtNest 38.36%
                Carrying: laden      7314  of which SPOIL      7314 (100.0%)
    DECISION CENSUS: 12498 decisions, reconciled against the rows and the engine's counters
      leg     setting          n  stepped    felllaunched swappedcrossingreversedblocked_roll_fairoll_fai no_body
      empty   pocket         527    12.9%   32.1%    0.0%    0.0%    0.0%    0.0%    4.9%   23.3%   26.8%    0.0%
      empty   corridor      1599    44.0%    5.4%    0.0%    0.0%    0.0%    0.0%    1.4%   24.7%   24.5%    0.0%
      empty   junction      5892    37.9%    6.8%    0.0%    0.0%    0.0%    0.0%    1.5%   26.5%   27.3%    0.0%
      empty   open          2116    42.1%    8.0%    0.0%    0.0%    0.0%    0.0%    0.0%   24.8%   25.1%    0.0%
      spoil   pocket         750    28.1%    2.0%    0.0%    0.0%    0.0%    0.0%   22.7%   22.5%   24.7%    0.0%
      spoil   corridor       511    49.3%    1.0%    0.0%    0.0%    0.0%    0.0%    9.0%   20.2%   20.5%    0.0%
      spoil   junction       957    48.3%    0.9%    0.0%    0.0%    0.0%    0.0%    6.8%   22.3%   21.7%    0.0%
      spoil   open           146    45.9%    3.4%    0.0%    0.0%    0.0%    0.0%    0.0%   21.9%   28.8%    0.0%
    DECISIONS: rows not written (decisionnorows)
  200    9  mute    0/0            0        0     4242        0        0    0/20        0         18 2 0 0 0
                A READ  ant-readable homeward along >= 0.02 on  28.4% of route-cell samples | FOODWARD   0.6% | plane lit on  29.5% | peak amt  65535 cells  74
                THE LOOP, ANT BY ANT:
                  0. lived                                     20    100.0% of prev    100.0% of all
                  1. reached the food                           0      0.0% of prev      0.0% of all
                  2. picked food up out there                   0      0.0% of prev      0.0% of all
                  3. turned for home with it                    0      0.0% of prev      0.0% of all
                  4. got back to the nest still holding it      0      0.0% of prev      0.0% of all
                  5. PUT IT DOWN there                          0      0.0% of prev      0.0% of all
                  6. went back out again                        0      0.0% of prev      0.0% of all
                  7. reached the food a SECOND time             0      0.0% of prev      0.0% of all
                RETURN LEDGER reached food    0 of   20 ants | came back    0 | trips laden    0 empty    0 | LOOPERS    0 of   20 ants ( 0.0% of those that reached food), repeat    0, most loops by one ant   0
                BY ANCHOR AT PICKUP  anchor ON nest material:    0 loops /    0 pickups (  0.0%) | anchor OFF it:    0 /    0 (  0.0%)
                BY BIRTH SITE  born ON comb:   0 of   0 that reached food looped (  0.0%) | born OFF comb:   0 of   0 (  0.0%)
                founded x   30..68   (nest cursor 48 MATERIAL x 26..70 20 of 20 founders born on it; food 248; nearest founder 180 cells out, farthest 218, nominal gap 200)  occupancy/1k [69 3 1 0 0 0 0 0]  carry->nest       0  born    0 died   20 (starved   20)
                own trail: route pk    0 end    0 along +0.0000  B nest->food [0,0,0,0,0]  blocked      418  kin swaps       0  ticks     12498  tumbles      3541 (homeward        0, 0.00%)  drops       0  DELIVERED     0  leg home n    0 med     0 p90     0 (laden n    0 med     0 p90     0)  appetite held         0 J of         0  trips born-on-comb    0 (20 ants) / born-off    0 (0 ants)
                channel A: PEAK amt  65535 cells   74 (of 201 route)  POLARITY|| +0.24443 && +0.24650 SPAN +0.02108 edge   6.0  end nest->food [12564,311,0,0,0]  nest   25  AtNest 41.27%
                Carrying: laden     14184  of which SPOIL     14184 (100.0%)
    DECISION CENSUS: 12823 decisions, reconciled against the rows and the engine's counters
      leg     setting          n  stepped    felllaunched swappedcrossingreversedblocked_roll_fairoll_fai no_body
      empty   pocket         653    19.8%   28.6%    0.0%    0.0%    0.0%    0.0%    8.3%   23.1%   20.2%    0.0%
      empty   corridor      1701    49.3%    3.6%    0.0%    0.0%    0.0%    0.0%    1.6%   22.7%   22.8%    0.0%
      empty   junction      6529    36.1%    6.7%    0.0%    0.0%    0.0%    0.0%    1.1%   28.1%   28.1%    0.0%
      empty   open          2358    41.9%   10.1%    0.0%    0.0%    0.0%    0.0%    0.0%   22.9%   25.1%    0.0%
      spoil   pocket         405    30.4%    3.2%    0.0%    0.0%    0.0%    0.0%   24.2%   23.0%   19.3%    0.0%
      spoil   corridor       369    40.1%    0.5%    0.0%    0.0%    0.0%    0.0%   11.4%   22.0%   26.0%    0.0%
      spoil   junction       699    49.5%    1.6%    0.0%    0.0%    0.0%    0.0%    3.7%   20.0%   25.2%    0.0%
      spoil   open           109    50.5%    2.8%    0.0%    0.0%    0.0%    0.0%    0.0%   22.9%   23.9%    0.0%
    DECISIONS: rows not written (decisionnorows)
  200   10  mute    0/0            0        0     4362        0        0    0/20        0         18 2 0 0 0
                A READ  ant-readable homeward along >= 0.02 on  30.3% of route-cell samples | FOODWARD   0.5% | plane lit on  30.0% | peak amt  64757 cells  74
                THE LOOP, ANT BY ANT:
                  0. lived                                     20    100.0% of prev    100.0% of all
                  1. reached the food                           0      0.0% of prev      0.0% of all
                  2. picked food up out there                   0      0.0% of prev      0.0% of all
                  3. turned for home with it                    0      0.0% of prev      0.0% of all
                  4. got back to the nest still holding it      0      0.0% of prev      0.0% of all
                  5. PUT IT DOWN there                          0      0.0% of prev      0.0% of all
                  6. went back out again                        0      0.0% of prev      0.0% of all
                  7. reached the food a SECOND time             0      0.0% of prev      0.0% of all
                RETURN LEDGER reached food    0 of   20 ants | came back    0 | trips laden    0 empty    0 | LOOPERS    0 of   20 ants ( 0.0% of those that reached food), repeat    0, most loops by one ant   0
                BY ANCHOR AT PICKUP  anchor ON nest material:    0 loops /    0 pickups (  0.0%) | anchor OFF it:    0 /    0 (  0.0%)
                BY BIRTH SITE  born ON comb:   0 of   0 that reached food looped (  0.0%) | born OFF comb:   0 of   0 (  0.0%)
                founded x   30..68   (nest cursor 48 MATERIAL x 26..70 20 of 20 founders born on it; food 248; nearest founder 180 cells out, farthest 218, nominal gap 200)  occupancy/1k [71 3 1 0 0 0 0 0]  carry->nest       0  born    0 died   20 (starved   20)
                own trail: route pk    0 end    0 along +0.0000  B nest->food [0,0,0,0,0]  blocked      316  kin swaps       0  ticks     12823  tumbles      3566 (homeward        0, 0.00%)  drops       0  DELIVERED     0  leg home n    0 med     0 p90     0 (laden n    0 med     0 p90     0)  appetite held         0 J of         0  trips born-on-comb    0 (20 ants) / born-off    0 (0 ants)
                channel A: PEAK amt  64757 cells   74 (of 201 route)  POLARITY|| +0.24229 && +0.24413 SPAN +0.03302 edge   6.0  end nest->food [11705,257,0,0,0]  nest   25  AtNest 38.97%
                Carrying: laden      9492  of which SPOIL      9492 (100.0%)
    DECISION CENSUS: 12452 decisions, reconciled against the rows and the engine's counters
      leg     setting          n  stepped    felllaunched swappedcrossingreversedblocked_roll_fairoll_fai no_body
      empty   pocket         613    19.1%   26.8%    0.0%    0.0%    0.0%    0.0%    7.0%   23.2%   24.0%    0.0%
      empty   corridor      1247    43.2%    4.6%    0.0%    0.0%    0.0%    0.0%    1.4%   25.0%   25.8%    0.0%
      empty   junction      5885    36.4%    7.1%    0.0%    0.0%    0.0%    0.0%    1.1%   27.7%   27.8%    0.0%
      empty   open          2255    41.9%   10.4%    0.0%    0.0%    0.0%    0.0%    0.0%   23.1%   24.6%    0.0%
      spoil   pocket        1046    29.9%    1.4%    0.0%    0.0%    0.0%    0.0%   24.1%   21.4%   23.1%    0.0%
      spoil   corridor       386    42.7%    1.0%    0.0%    0.0%    0.0%    0.0%   10.6%   24.6%   21.0%    0.0%
      spoil   junction       874    49.3%    1.5%    0.0%    0.0%    0.0%    0.0%    4.8%   21.3%   23.1%    0.0%
      spoil   open           146    49.3%    6.2%    0.0%    0.0%    0.0%    0.0%    0.0%   22.6%   21.9%    0.0%
    DECISIONS: rows not written (decisionnorows)
  200   11  mute    0/0            0        0     4614        0        0    0/20        0         18 2 0 0 0
                A READ  ant-readable homeward along >= 0.02 on  26.2% of route-cell samples | FOODWARD   0.3% | plane lit on  28.3% | peak amt  65535 cells  74
                THE LOOP, ANT BY ANT:
                  0. lived                                     20    100.0% of prev    100.0% of all
                  1. reached the food                           0      0.0% of prev      0.0% of all
                  2. picked food up out there                   0      0.0% of prev      0.0% of all
                  3. turned for home with it                    0      0.0% of prev      0.0% of all
                  4. got back to the nest still holding it      0      0.0% of prev      0.0% of all
                  5. PUT IT DOWN there                          0      0.0% of prev      0.0% of all
                  6. went back out again                        0      0.0% of prev      0.0% of all
                  7. reached the food a SECOND time             0      0.0% of prev      0.0% of all
                RETURN LEDGER reached food    0 of   20 ants | came back    0 | trips laden    0 empty    0 | LOOPERS    0 of   20 ants ( 0.0% of those that reached food), repeat    0, most loops by one ant   0
                BY ANCHOR AT PICKUP  anchor ON nest material:    0 loops /    0 pickups (  0.0%) | anchor OFF it:    0 /    0 (  0.0%)
                BY BIRTH SITE  born ON comb:   0 of   0 that reached food looped (  0.0%) | born OFF comb:   0 of   0 (  0.0%)
                founded x   30..68   (nest cursor 48 MATERIAL x 26..70 20 of 20 founders born on it; food 248; nearest founder 180 cells out, farthest 218, nominal gap 200)  occupancy/1k [70 3 0 0 0 0 0 0]  carry->nest       0  born    0 died   20 (starved   20)
                own trail: route pk    0 end    0 along +0.0000  B nest->food [0,0,0,0,0]  blocked      457  kin swaps       0  ticks     12452  tumbles      3601 (homeward        0, 0.00%)  drops       0  DELIVERED     0  leg home n    0 med     0 p90     0 (laden n    0 med     0 p90     0)  appetite held         0 J of         0  trips born-on-comb    0 (20 ants) / born-off    0 (0 ants)
                channel A: PEAK amt  65535 cells   74 (of 201 route)  POLARITY|| +0.25935 && +0.26041 SPAN +0.01086 edge   6.0  end nest->food [11777,325,0,0,0]  nest   25  AtNest 42.68%
                Carrying: laden     14712  of which SPOIL     14712 (100.0%)
    DECISION CENSUS: 12542 decisions, reconciled against the rows and the engine's counters
      leg     setting          n  stepped    felllaunched swappedcrossingreversedblocked_roll_fairoll_fai no_body
      empty   pocket         526    12.5%   30.8%    0.0%    0.0%    0.0%    0.0%    5.1%   23.6%   27.9%    0.0%
      empty   corridor      1756    50.3%    3.5%    0.0%    0.0%    0.0%    0.0%    1.0%   22.0%   23.1%    0.0%
      empty   junction      5648    35.2%    5.6%    0.0%    0.0%    0.0%    0.0%    1.1%   28.7%   29.4%    0.0%
      empty   open          2017    43.2%    8.3%    0.0%    0.0%    0.0%    0.0%    0.0%   24.5%   24.0%    0.0%
      spoil   pocket         880    29.5%    1.2%    0.0%    0.0%    0.0%    0.0%   24.4%   21.5%   23.3%    0.0%
      spoil   corridor       743    42.5%    0.3%    0.0%    0.0%    0.0%    0.0%   10.8%   24.5%   21.9%    0.0%
      spoil   junction       781    46.5%    1.5%    0.0%    0.0%    0.0%    0.0%    4.4%   21.0%   26.6%    0.0%
      spoil   open           191    51.3%    4.7%    0.0%    0.0%    0.0%    0.0%    0.0%   20.4%   23.6%    0.0%
    DECISIONS: rows not written (decisionnorows)
  200   12  mute    0/0            0        0     4476        0        0    0/20        0         17 3 0 0 0
                A READ  ant-readable homeward along >= 0.02 on  30.6% of route-cell samples | FOODWARD   1.2% | plane lit on  31.7% | peak amt  65535 cells  88
                THE LOOP, ANT BY ANT:
                  0. lived                                     20    100.0% of prev    100.0% of all
                  1. reached the food                           0      0.0% of prev      0.0% of all
                  2. picked food up out there                   0      0.0% of prev      0.0% of all
                  3. turned for home with it                    0      0.0% of prev      0.0% of all
                  4. got back to the nest still holding it      0      0.0% of prev      0.0% of all
                  5. PUT IT DOWN there                          0      0.0% of prev      0.0% of all
                  6. went back out again                        0      0.0% of prev      0.0% of all
                  7. reached the food a SECOND time             0      0.0% of prev      0.0% of all
                RETURN LEDGER reached food    0 of   20 ants | came back    0 | trips laden    0 empty    0 | LOOPERS    0 of   20 ants ( 0.0% of those that reached food), repeat    0, most loops by one ant   0
                BY ANCHOR AT PICKUP  anchor ON nest material:    0 loops /    0 pickups (  0.0%) | anchor OFF it:    0 /    0 (  0.0%)
                BY BIRTH SITE  born ON comb:   0 of   0 that reached food looped (  0.0%) | born OFF comb:   0 of   0 (  0.0%)
                founded x   30..68   (nest cursor 48 MATERIAL x 26..70 20 of 20 founders born on it; food 248; nearest founder 180 cells out, farthest 218, nominal gap 200)  occupancy/1k [70 2 2 0 0 0 0 0]  carry->nest       0  born    0 died   20 (starved   20)
                own trail: route pk    0 end    0 along +0.0000  B nest->food [0,0,0,0,0]  blocked      437  kin swaps       0  ticks     12542  tumbles      3637 (homeward        0, 0.00%)  drops       0  DELIVERED     0  leg home n    0 med     0 p90     0 (laden n    0 med     0 p90     0)  appetite held         0 J of         0  trips born-on-comb    0 (20 ants) / born-off    0 (0 ants)
                channel A: PEAK amt  65535 cells   88 (of 201 route)  POLARITY|| +0.23146 && +0.23324 SPAN +0.02213 edge   6.0  end nest->food [11873,263,0,0,0]  nest   25  AtNest 45.48%
                Carrying: laden     15570  of which SPOIL     15570 (100.0%)
    DECISION CENSUS: 12613 decisions, reconciled against the rows and the engine's counters
      leg     setting          n  stepped    felllaunched swappedcrossingreversedblocked_roll_fairoll_fai no_body
      empty   pocket         431    13.2%   41.8%    0.0%    0.0%    0.0%    0.0%    3.7%   22.5%   18.8%    0.0%
      empty   corridor      1766    44.1%    4.2%    0.0%    0.0%    0.0%    0.0%    1.1%   25.9%   24.7%    0.0%
      empty   junction      6631    36.5%    6.2%    0.0%    0.0%    0.0%    0.0%    0.8%   29.6%   26.9%    0.0%
      empty   open          2052    42.6%    7.8%    0.0%    0.0%    0.0%    0.0%    0.0%   25.0%   24.6%    0.0%
      spoil   pocket         238    26.9%    5.5%    0.0%    0.0%    0.0%    0.0%   21.4%   22.3%   23.9%    0.0%
      spoil   corridor       300    44.3%    0.7%    0.0%    0.0%    0.0%    0.0%   17.0%   16.7%   21.3%    0.0%
      spoil   junction      1077    48.0%    0.7%    0.0%    0.0%    0.0%    0.0%    4.5%   23.4%   23.3%    0.0%
      spoil   open           118    62.7%    5.9%    0.0%    0.0%    0.0%    0.0%    0.0%   16.1%   15.3%    0.0%
    DECISIONS: rows not written (decisionnorows)
  200   13  mute    0/0            0        0     4428        0        0    0/20        0         18 2 0 0 0
                A READ  ant-readable homeward along >= 0.02 on  24.0% of route-cell samples | FOODWARD   2.7% | plane lit on  29.6% | peak amt  65535 cells  61
                THE LOOP, ANT BY ANT:
                  0. lived                                     20    100.0% of prev    100.0% of all
                  1. reached the food                           0      0.0% of prev      0.0% of all
                  2. picked food up out there                   0      0.0% of prev      0.0% of all
                  3. turned for home with it                    0      0.0% of prev      0.0% of all
                  4. got back to the nest still holding it      0      0.0% of prev      0.0% of all
                  5. PUT IT DOWN there                          0      0.0% of prev      0.0% of all
                  6. went back out again                        0      0.0% of prev      0.0% of all
                  7. reached the food a SECOND time             0      0.0% of prev      0.0% of all
                RETURN LEDGER reached food    0 of   20 ants | came back    0 | trips laden    0 empty    0 | LOOPERS    0 of   20 ants ( 0.0% of those that reached food), repeat    0, most loops by one ant   0
                BY ANCHOR AT PICKUP  anchor ON nest material:    0 loops /    0 pickups (  0.0%) | anchor OFF it:    0 /    0 (  0.0%)
                BY BIRTH SITE  born ON comb:   0 of   0 that reached food looped (  0.0%) | born OFF comb:   0 of   0 (  0.0%)
                founded x   30..68   (nest cursor 48 MATERIAL x 26..70 20 of 20 founders born on it; food 248; nearest founder 180 cells out, farthest 218, nominal gap 200)  occupancy/1k [65 9 0 0 0 0 0 0]  carry->nest       0  born    0 died   20 (starved   20)
                own trail: route pk    0 end    0 along +0.0000  B nest->food [0,0,0,0,0]  blocked      238  kin swaps       0  ticks     12613  tumbles      3645 (homeward        0, 0.00%)  drops       0  DELIVERED     0  leg home n    0 med     0 p90     0 (laden n    0 med     0 p90     0)  appetite held         0 J of         0  trips born-on-comb    0 (20 ants) / born-off    0 (0 ants)
                channel A: PEAK amt  65535 cells   61 (of 201 route)  POLARITY|| +0.23053 && +0.22630 SPAN +0.02310 edge   6.0  end nest->food [10321,828,0,0,0]  nest   25  AtNest 40.21%
                Carrying: laden     10398  of which SPOIL     10398 (100.0%)
    DECISION CENSUS: 12809 decisions, reconciled against the rows and the engine's counters
      leg     setting          n  stepped    felllaunched swappedcrossingreversedblocked_roll_fairoll_fai no_body
      empty   pocket         741    17.8%   28.9%    0.0%    0.0%    0.0%    0.0%    7.7%   20.9%   24.7%    0.0%
      empty   corridor      1948    49.5%    3.5%    0.0%    0.0%    0.0%    0.0%    1.2%   22.5%   23.3%    0.0%
      empty   junction      6542    36.1%    5.9%    0.0%    0.0%    0.0%    0.0%    0.8%   28.5%   28.7%    0.0%
      empty   open          1563    43.6%    7.1%    0.0%    0.0%    0.0%    0.0%    0.0%   24.4%   24.8%    0.0%
      spoil   pocket         818    29.8%    1.0%    0.0%    0.0%    0.0%    0.0%   23.5%   24.1%   21.6%    0.0%
      spoil   corridor       425    46.8%    0.0%    0.0%    0.0%    0.0%    0.0%    9.6%   22.6%   20.9%    0.0%
      spoil   junction       686    45.8%    0.7%    0.0%    0.0%    0.0%    0.0%    2.8%   25.1%   25.7%    0.0%
      spoil   open            86    50.0%    2.3%    0.0%    0.0%    0.0%    0.0%    0.0%   24.4%   23.3%    0.0%
    DECISIONS: rows not written (decisionnorows)
  200   14  mute    0/0            0        0     4488        0        0    0/20        0         16 4 0 0 0
                A READ  ant-readable homeward along >= 0.02 on  31.0% of route-cell samples | FOODWARD   0.7% | plane lit on  31.8% | peak amt  65535 cells  86
                THE LOOP, ANT BY ANT:
                  0. lived                                     20    100.0% of prev    100.0% of all
                  1. reached the food                           0      0.0% of prev      0.0% of all
                  2. picked food up out there                   0      0.0% of prev      0.0% of all
                  3. turned for home with it                    0      0.0% of prev      0.0% of all
                  4. got back to the nest still holding it      0      0.0% of prev      0.0% of all
                  5. PUT IT DOWN there                          0      0.0% of prev      0.0% of all
                  6. went back out again                        0      0.0% of prev      0.0% of all
                  7. reached the food a SECOND time             0      0.0% of prev      0.0% of all
                RETURN LEDGER reached food    0 of   20 ants | came back    0 | trips laden    0 empty    0 | LOOPERS    0 of   20 ants ( 0.0% of those that reached food), repeat    0, most loops by one ant   0
                BY ANCHOR AT PICKUP  anchor ON nest material:    0 loops /    0 pickups (  0.0%) | anchor OFF it:    0 /    0 (  0.0%)
                BY BIRTH SITE  born ON comb:   0 of   0 that reached food looped (  0.0%) | born OFF comb:   0 of   0 (  0.0%)
                founded x   30..68   (nest cursor 48 MATERIAL x 26..70 20 of 20 founders born on it; food 248; nearest founder 180 cells out, farthest 218, nominal gap 200)  occupancy/1k [68 5 2 0 0 0 0 0]  carry->nest       0  born    0 died   20 (starved   20)
                own trail: route pk    0 end    0 along +0.0000  B nest->food [0,0,0,0,0]  blocked      385  kin swaps       0  ticks     12809  tumbles      3712 (homeward        0, 0.00%)  drops       0  DELIVERED     0  leg home n    0 med     0 p90     0 (laden n    0 med     0 p90     0)  appetite held         0 J of         0  trips born-on-comb    0 (20 ants) / born-off    0 (0 ants)
                channel A: PEAK amt  65535 cells   86 (of 201 route)  POLARITY|| +0.23110 && +0.23105 SPAN +0.03280 edge   6.0  end nest->food [11695,378,0,0,0]  nest   25  AtNest 39.08%
                Carrying: laden     12090  of which SPOIL     12090 (100.0%)
    DECISION CENSUS: 12306 decisions, reconciled against the rows and the engine's counters
      leg     setting          n  stepped    felllaunched swappedcrossingreversedblocked_roll_fairoll_fai no_body
      empty   pocket         484    16.1%   32.6%    0.0%    0.0%    0.0%    0.0%    5.4%   22.7%   23.1%    0.0%
      empty   corridor      1866    47.9%    3.3%    0.0%    0.0%    0.0%    0.0%    1.9%   23.8%   23.1%    0.0%
      empty   junction      5660    38.6%    6.3%    0.0%    0.0%    0.0%    0.0%    0.9%   27.0%   27.3%    0.0%
      empty   open          2078    44.3%    8.7%    0.0%    0.0%    0.0%    0.0%    0.0%   23.1%   23.9%    0.0%
      spoil   pocket         544    28.3%    1.3%    0.0%    0.0%    0.0%    0.0%   23.3%   22.1%   25.0%    0.0%
      spoil   corridor       574    41.6%    0.7%    0.0%    0.0%    0.0%    0.0%   12.4%   21.3%   24.0%    0.0%
      spoil   junction       956    47.5%    1.0%    0.0%    0.0%    0.0%    0.0%    4.2%   25.7%   21.5%    0.0%
      spoil   open           144    56.9%    3.5%    0.0%    0.0%    0.0%    0.0%    0.0%   22.2%   17.4%    0.0%
    DECISIONS: rows not written (decisionnorows)
  200   15  mute    0/0            0        0     4326        0        0    0/20        0         19 1 0 0 0
                A READ  ant-readable homeward along >= 0.02 on  24.8% of route-cell samples | FOODWARD   3.1% | plane lit on  30.7% | peak amt  65535 cells  76
                THE LOOP, ANT BY ANT:
                  0. lived                                     20    100.0% of prev    100.0% of all
                  1. reached the food                           0      0.0% of prev      0.0% of all
                  2. picked food up out there                   0      0.0% of prev      0.0% of all
                  3. turned for home with it                    0      0.0% of prev      0.0% of all
                  4. got back to the nest still holding it      0      0.0% of prev      0.0% of all
                  5. PUT IT DOWN there                          0      0.0% of prev      0.0% of all
                  6. went back out again                        0      0.0% of prev      0.0% of all
                  7. reached the food a SECOND time             0      0.0% of prev      0.0% of all
                RETURN LEDGER reached food    0 of   20 ants | came back    0 | trips laden    0 empty    0 | LOOPERS    0 of   20 ants ( 0.0% of those that reached food), repeat    0, most loops by one ant   0
                BY ANCHOR AT PICKUP  anchor ON nest material:    0 loops /    0 pickups (  0.0%) | anchor OFF it:    0 /    0 (  0.0%)
                BY BIRTH SITE  born ON comb:   0 of   0 that reached food looped (  0.0%) | born OFF comb:   0 of   0 (  0.0%)
                founded x   30..68   (nest cursor 48 MATERIAL x 26..70 20 of 20 founders born on it; food 248; nearest founder 180 cells out, farthest 218, nominal gap 200)  occupancy/1k [66 4 2 0 0 0 0 0]  carry->nest       0  born    0 died   20 (starved   20)
                own trail: route pk    0 end    0 along +0.0000  B nest->food [0,0,0,0,0]  blocked      349  kin swaps       0  ticks     12306  tumbles      3431 (homeward        0, 0.00%)  drops       0  DELIVERED     0  leg home n    0 med     0 p90     0 (laden n    0 med     0 p90     0)  appetite held         0 J of         0  trips born-on-comb    0 (20 ants) / born-off    0 (0 ants)
                channel A: PEAK amt  65535 cells   76 (of 201 route)  POLARITY|| +0.23370 && +0.23349 SPAN +0.01632 edge   6.0  end nest->food [11094,452,0,0,0]  nest   25  AtNest 38.82%
                Carrying: laden     13308  of which SPOIL     13308 (100.0%)
    DECISION CENSUS: 13156 decisions, reconciled against the rows and the engine's counters
      leg     setting          n  stepped    felllaunched swappedcrossingreversedblocked_roll_fairoll_fai no_body
      empty   pocket         581    18.4%   32.9%    0.0%    0.0%    0.0%    0.0%    8.8%   20.1%   19.8%    0.0%
      empty   corridor      2426    49.0%    3.1%    0.0%    0.0%    0.0%    0.0%    1.4%   23.7%   22.8%    0.0%
      empty   junction      6971    37.3%    5.3%    0.0%    0.0%    0.0%    0.0%    1.1%   27.1%   29.2%    0.0%
      empty   open          1749    40.8%    8.5%    0.0%    0.0%    0.0%    0.0%    0.0%   24.8%   26.0%    0.0%
      spoil   pocket         238    29.8%    1.3%    0.0%    0.0%    0.0%    0.0%   29.0%   22.3%   17.6%    0.0%
      spoil   corridor       392    45.9%    0.3%    0.0%    0.0%    0.0%    0.0%    9.9%   22.2%   21.7%    0.0%
      spoil   junction       701    49.8%    1.9%    0.0%    0.0%    0.0%    0.0%    4.3%   20.3%   23.8%    0.0%
      spoil   open            98    51.0%    7.1%    0.0%    0.0%    0.0%    0.0%    0.0%   19.4%   22.4%    0.0%
    DECISIONS: rows not written (decisionnorows)
  200   16  mute    0/0            0        0     4698        0        0    0/20        0         17 2 1 0 0
                A READ  ant-readable homeward along >= 0.02 on  30.7% of route-cell samples | FOODWARD   2.1% | plane lit on  35.2% | peak amt  65535 cells 105
                THE LOOP, ANT BY ANT:
                  0. lived                                     20    100.0% of prev    100.0% of all
                  1. reached the food                           0      0.0% of prev      0.0% of all
                  2. picked food up out there                   0      0.0% of prev      0.0% of all
                  3. turned for home with it                    0      0.0% of prev      0.0% of all
                  4. got back to the nest still holding it      0      0.0% of prev      0.0% of all
                  5. PUT IT DOWN there                          0      0.0% of prev      0.0% of all
                  6. went back out again                        0      0.0% of prev      0.0% of all
                  7. reached the food a SECOND time             0      0.0% of prev      0.0% of all
                RETURN LEDGER reached food    0 of   20 ants | came back    0 | trips laden    0 empty    0 | LOOPERS    0 of   20 ants ( 0.0% of those that reached food), repeat    0, most loops by one ant   0
                BY ANCHOR AT PICKUP  anchor ON nest material:    0 loops /    0 pickups (  0.0%) | anchor OFF it:    0 /    0 (  0.0%)
                BY BIRTH SITE  born ON comb:   0 of   0 that reached food looped (  0.0%) | born OFF comb:   0 of   0 (  0.0%)
                founded x   30..68   (nest cursor 48 MATERIAL x 26..70 20 of 20 founders born on it; food 248; nearest founder 180 cells out, farthest 218, nominal gap 200)  occupancy/1k [70 4 3 0 0 0 0 0]  carry->nest       0  born    0 died   20 (starved   20)
                own trail: route pk    0 end    0 along +0.0000  B nest->food [0,0,0,0,0]  blocked      299  kin swaps       0  ticks     13156  tumbles      3613 (homeward        0, 0.00%)  drops       0  DELIVERED     0  leg home n    0 med     0 p90     0 (laden n    0 med     0 p90     0)  appetite held         0 J of         0  trips born-on-comb    0 (20 ants) / born-off    0 (0 ants)
                channel A: PEAK amt  65535 cells  105 (of 201 route)  POLARITY|| +0.21266 && +0.21351 SPAN +0.03001 edge   6.2  end nest->food [11716,564,0,0,0]  nest   25  AtNest 37.74%
                Carrying: laden      8574  of which SPOIL      8574 (100.0%)
    DECISION CENSUS: 12829 decisions, reconciled against the rows and the engine's counters
      leg     setting          n  stepped    felllaunched swappedcrossingreversedblocked_roll_fairoll_fai no_body
      empty   pocket         567    13.1%   35.8%    0.0%    0.0%    0.0%    0.0%    5.3%   22.8%   23.1%    0.0%
      empty   corridor      2123    48.9%    3.1%    0.0%    0.0%    0.0%    0.0%    0.9%   24.4%   22.6%    0.0%
      empty   junction      6068    37.9%    5.4%    0.0%    0.0%    0.0%    0.0%    0.9%   28.7%   27.2%    0.0%
      empty   open          2076    38.8%    6.4%    0.0%    0.0%    0.0%    0.0%    0.0%   26.5%   28.3%    0.0%
      spoil   pocket         569    30.4%    1.9%    0.0%    0.0%    0.0%    0.0%   24.3%   24.3%   19.2%    0.0%
      spoil   corridor       438    46.6%    0.5%    0.0%    0.0%    0.0%    0.0%   11.4%   20.1%   21.5%    0.0%
      spoil   junction       872    46.2%    1.6%    0.0%    0.0%    0.0%    0.0%    5.3%   23.3%   23.6%    0.0%
      spoil   open           116    44.8%    1.7%    0.0%    0.0%    0.0%    0.0%    0.0%   22.4%   31.0%    0.0%
    DECISIONS: rows not written (decisionnorows)
  200   17  mute    0/0            0        0     4278        0        0    0/20        0         18 2 0 0 0
                A READ  ant-readable homeward along >= 0.02 on  28.6% of route-cell samples | FOODWARD   1.4% | plane lit on  31.7% | peak amt  65535 cells  96
                THE LOOP, ANT BY ANT:
                  0. lived                                     20    100.0% of prev    100.0% of all
                  1. reached the food                           0      0.0% of prev      0.0% of all
                  2. picked food up out there                   0      0.0% of prev      0.0% of all
                  3. turned for home with it                    0      0.0% of prev      0.0% of all
                  4. got back to the nest still holding it      0      0.0% of prev      0.0% of all
                  5. PUT IT DOWN there                          0      0.0% of prev      0.0% of all
                  6. went back out again                        0      0.0% of prev      0.0% of all
                  7. reached the food a SECOND time             0      0.0% of prev      0.0% of all
                RETURN LEDGER reached food    0 of   20 ants | came back    0 | trips laden    0 empty    0 | LOOPERS    0 of   20 ants ( 0.0% of those that reached food), repeat    0, most loops by one ant   0
                BY ANCHOR AT PICKUP  anchor ON nest material:    0 loops /    0 pickups (  0.0%) | anchor OFF it:    0 /    0 (  0.0%)
                BY BIRTH SITE  born ON comb:   0 of   0 that reached food looped (  0.0%) | born OFF comb:   0 of   0 (  0.0%)
                founded x   30..68   (nest cursor 48 MATERIAL x 26..70 20 of 20 founders born on it; food 248; nearest founder 180 cells out, farthest 218, nominal gap 200)  occupancy/1k [70 3 1 0 0 0 0 0]  carry->nest       0  born    0 died   20 (starved   20)
                own trail: route pk    0 end    0 along +0.0000  B nest->food [0,0,0,0,0]  blocked      338  kin swaps       0  ticks     12829  tumbles      3734 (homeward        0, 0.00%)  drops       0  DELIVERED     0  leg home n    0 med     0 p90     0 (laden n    0 med     0 p90     0)  appetite held         0 J of         0  trips born-on-comb    0 (20 ants) / born-off    0 (0 ants)
                channel A: PEAK amt  65535 cells   96 (of 201 route)  POLARITY|| +0.23273 && +0.23896 SPAN +0.03501 edge   6.0  end nest->food [11886,175,0,0,0]  nest   25  AtNest 40.63%
                Carrying: laden     11970  of which SPOIL     11970 (100.0%)
    DECISION CENSUS: 12568 decisions, reconciled against the rows and the engine's counters
      leg     setting          n  stepped    felllaunched swappedcrossingreversedblocked_roll_fairoll_fai no_body
      empty   pocket         572    11.4%   37.1%    0.0%    0.0%    0.0%    0.0%    3.5%   20.3%   27.8%    0.0%
      empty   corridor      2254    48.5%    3.4%    0.0%    0.0%    0.0%    0.0%    1.5%   23.6%   22.9%    0.0%
      empty   junction      6272    40.6%    5.4%    0.0%    0.0%    0.0%    0.0%    1.2%   26.3%   26.5%    0.0%
      empty   open          1690    43.3%    6.3%    0.0%    0.0%    0.0%    0.0%    0.0%   26.2%   24.3%    0.0%
      spoil   pocket         222    26.6%    4.1%    0.0%    0.0%    0.0%    0.0%   22.1%   24.3%   23.0%    0.0%
      spoil   corridor       406    35.2%    1.0%    0.0%    0.0%    0.0%    0.0%   11.3%   26.8%   25.6%    0.0%
      spoil   junction      1005    45.7%    1.1%    0.0%    0.0%    0.0%    0.0%    5.3%   24.0%   24.0%    0.0%
      spoil   open           147    48.3%    4.8%    0.0%    0.0%    0.0%    0.0%    0.0%   25.2%   21.8%    0.0%
    DECISIONS: rows not written (decisionnorows)
  200   18  mute    0/0            0        0     4542        0        0    0/20        0         17 3 0 0 0
                A READ  ant-readable homeward along >= 0.02 on  29.9% of route-cell samples | FOODWARD   0.9% | plane lit on  31.3% | peak amt  61366 cells  77
                THE LOOP, ANT BY ANT:
                  0. lived                                     20    100.0% of prev    100.0% of all
                  1. reached the food                           0      0.0% of prev      0.0% of all
                  2. picked food up out there                   0      0.0% of prev      0.0% of all
                  3. turned for home with it                    0      0.0% of prev      0.0% of all
                  4. got back to the nest still holding it      0      0.0% of prev      0.0% of all
                  5. PUT IT DOWN there                          0      0.0% of prev      0.0% of all
                  6. went back out again                        0      0.0% of prev      0.0% of all
                  7. reached the food a SECOND time             0      0.0% of prev      0.0% of all
                RETURN LEDGER reached food    0 of   20 ants | came back    0 | trips laden    0 empty    0 | LOOPERS    0 of   20 ants ( 0.0% of those that reached food), repeat    0, most loops by one ant   0
                BY ANCHOR AT PICKUP  anchor ON nest material:    0 loops /    0 pickups (  0.0%) | anchor OFF it:    0 /    0 (  0.0%)
                BY BIRTH SITE  born ON comb:   0 of   0 that reached food looped (  0.0%) | born OFF comb:   0 of   0 (  0.0%)
                founded x   30..68   (nest cursor 48 MATERIAL x 26..70 20 of 20 founders born on it; food 248; nearest founder 180 cells out, farthest 218, nominal gap 200)  occupancy/1k [66 7 1 0 0 0 0 0]  carry->nest       0  born    0 died   20 (starved   20)
                own trail: route pk    0 end    0 along +0.0000  B nest->food [0,0,0,0,0]  blocked      280  kin swaps       0  ticks     12568  tumbles      3462 (homeward        0, 0.00%)  drops       0  DELIVERED     0  leg home n    0 med     0 p90     0 (laden n    0 med     0 p90     0)  appetite held         0 J of         0  trips born-on-comb    0 (20 ants) / born-off    0 (0 ants)
                channel A: PEAK amt  61366 cells   77 (of 201 route)  POLARITY|| +0.22443 && +0.22392 SPAN +0.04134 edge   6.0  end nest->food [10283,515,0,0,0]  nest   25  AtNest 36.93%
                Carrying: laden     10680  of which SPOIL     10680 (100.0%)
    DECISION CENSUS: 12619 decisions, reconciled against the rows and the engine's counters
      leg     setting          n  stepped    felllaunched swappedcrossingreversedblocked_roll_fairoll_fai no_body
      empty   pocket         614    18.6%   30.0%    0.0%    0.0%    0.0%    0.0%    8.5%   22.3%   20.7%    0.0%
      empty   corridor      1495    46.7%    5.6%    0.0%    0.0%    0.0%    0.0%    1.7%   22.9%   23.1%    0.0%
      empty   junction      5492    38.4%    7.4%    0.0%    0.0%    0.0%    0.0%    1.0%   26.3%   26.8%    0.0%
      empty   open          2644    38.2%    8.6%    0.0%    0.0%    0.0%    0.0%    0.0%   26.6%   26.7%    0.0%
      spoil   pocket         975    29.0%    0.8%    0.0%    0.0%    0.0%    0.0%   21.1%   24.7%   24.3%    0.0%
      spoil   corridor       518    42.9%    0.4%    0.0%    0.0%    0.0%    0.0%   11.4%   22.6%   22.8%    0.0%
      spoil   junction       710    45.6%    0.7%    0.0%    0.0%    0.0%    0.0%    5.6%   23.1%   24.9%    0.0%
      spoil   open           171    34.5%    2.3%    0.0%    0.0%    0.0%    0.0%    0.0%   32.2%   31.0%    0.0%
    DECISIONS: rows not written (decisionnorows)
  200   19  mute    0/0            0        0     4158        0        0    0/20        0         19 1 0 0 0
                A READ  ant-readable homeward along >= 0.02 on  26.4% of route-cell samples | FOODWARD   0.4% | plane lit on  28.0% | peak amt  65535 cells  78
                THE LOOP, ANT BY ANT:
                  0. lived                                     20    100.0% of prev    100.0% of all
                  1. reached the food                           0      0.0% of prev      0.0% of all
                  2. picked food up out there                   0      0.0% of prev      0.0% of all
                  3. turned for home with it                    0      0.0% of prev      0.0% of all
                  4. got back to the nest still holding it      0      0.0% of prev      0.0% of all
                  5. PUT IT DOWN there                          0      0.0% of prev      0.0% of all
                  6. went back out again                        0      0.0% of prev      0.0% of all
                  7. reached the food a SECOND time             0      0.0% of prev      0.0% of all
                RETURN LEDGER reached food    0 of   20 ants | came back    0 | trips laden    0 empty    0 | LOOPERS    0 of   20 ants ( 0.0% of those that reached food), repeat    0, most loops by one ant   0
                BY ANCHOR AT PICKUP  anchor ON nest material:    0 loops /    0 pickups (  0.0%) | anchor OFF it:    0 /    0 (  0.0%)
                BY BIRTH SITE  born ON comb:   0 of   0 that reached food looped (  0.0%) | born OFF comb:   0 of   0 (  0.0%)
                founded x   30..68   (nest cursor 48 MATERIAL x 26..70 20 of 20 founders born on it; food 248; nearest founder 180 cells out, farthest 218, nominal gap 200)  occupancy/1k [72 2 0 0 0 0 0 0]  carry->nest       0  born    0 died   20 (starved   20)
                own trail: route pk    0 end    0 along +0.0000  B nest->food [0,0,0,0,0]  blocked      440  kin swaps       0  ticks     12619  tumbles      3644 (homeward        0, 0.00%)  drops       0  DELIVERED     0  leg home n    0 med     0 p90     0 (laden n    0 med     0 p90     0)  appetite held         0 J of         0  trips born-on-comb    0 (20 ants) / born-off    0 (0 ants)
                channel A: PEAK amt  65535 cells   78 (of 201 route)  POLARITY|| +0.26305 && +0.26464 SPAN +0.01498 edge   6.0  end nest->food [12328,120,0,0,0]  nest   25  AtNest 39.44%
                Carrying: laden     14244  of which SPOIL     14244 (100.0%)
    DECISION CENSUS: 13246 decisions, reconciled against the rows and the engine's counters
      leg     setting          n  stepped    felllaunched swappedcrossingreversedblocked_roll_fairoll_fai no_body
      empty   pocket         842    19.4%   21.9%    0.0%    0.0%    0.0%    0.0%   10.1%   26.1%   22.6%    0.0%
      empty   corridor      2264    50.0%    3.3%    0.0%    0.0%    0.0%    0.0%    1.2%   23.1%   22.4%    0.0%
      empty   junction      6479    37.9%    5.9%    0.0%    0.0%    0.0%    0.0%    0.8%   27.8%   27.6%    0.0%
      empty   open          2191    38.8%    6.8%    0.0%    0.0%    0.0%    0.0%    0.0%   28.3%   26.0%    0.0%
      spoil   pocket         553    28.2%    1.8%    0.0%    0.0%    0.0%    0.0%   25.0%   21.0%   24.1%    0.0%
      spoil   corridor       287    41.8%    0.7%    0.0%    0.0%    0.0%    0.0%   15.3%   17.4%   24.7%    0.0%
      spoil   junction       539    48.8%    1.3%    0.0%    0.0%    0.0%    0.0%    5.2%   21.0%   23.7%    0.0%
      spoil   open            91    51.6%    2.2%    0.0%    0.0%    0.0%    0.0%    0.0%   25.3%   20.9%    0.0%
    DECISIONS: rows not written (decisionnorows)
  200   20  mute    0/0            0        0     4428        0        0    0/20        0         16 4 0 0 0
                A READ  ant-readable homeward along >= 0.02 on  27.4% of route-cell samples | FOODWARD   1.9% | plane lit on  32.2% | peak amt  64452 cells  82
                THE LOOP, ANT BY ANT:
                  0. lived                                     20    100.0% of prev    100.0% of all
                  1. reached the food                           0      0.0% of prev      0.0% of all
                  2. picked food up out there                   0      0.0% of prev      0.0% of all
                  3. turned for home with it                    0      0.0% of prev      0.0% of all
                  4. got back to the nest still holding it      0      0.0% of prev      0.0% of all
                  5. PUT IT DOWN there                          0      0.0% of prev      0.0% of all
                  6. went back out again                        0      0.0% of prev      0.0% of all
                  7. reached the food a SECOND time             0      0.0% of prev      0.0% of all
                RETURN LEDGER reached food    0 of   20 ants | came back    0 | trips laden    0 empty    0 | LOOPERS    0 of   20 ants ( 0.0% of those that reached food), repeat    0, most loops by one ant   0
                BY ANCHOR AT PICKUP  anchor ON nest material:    0 loops /    0 pickups (  0.0%) | anchor OFF it:    0 /    0 (  0.0%)
                BY BIRTH SITE  born ON comb:   0 of   0 that reached food looped (  0.0%) | born OFF comb:   0 of   0 (  0.0%)
                founded x   30..68   (nest cursor 48 MATERIAL x 26..70 20 of 20 founders born on it; food 248; nearest founder 180 cells out, farthest 218, nominal gap 200)  occupancy/1k [67 9 2 0 0 0 0 0]  carry->nest       0  born    0 died   20 (starved   20)
                own trail: route pk    0 end    0 along +0.0000  B nest->food [0,0,0,0,0]  blocked      375  kin swaps       0  ticks     13246  tumbles      3841 (homeward        0, 0.00%)  drops       0  DELIVERED     0  leg home n    0 med     0 p90     0 (laden n    0 med     0 p90     0)  appetite held         0 J of         0  trips born-on-comb    0 (20 ants) / born-off    0 (0 ants)
                channel A: PEAK amt  64452 cells   82 (of 201 route)  POLARITY|| +0.22115 && +0.22182 SPAN +0.03110 edge   6.0  end nest->food [10640,700,0,0,0]  nest   25  AtNest 36.82%
                Carrying: laden      8820  of which SPOIL      8820 (100.0%)
    DECISION CENSUS: 12611 decisions, reconciled against the rows and the engine's counters
      leg     setting          n  stepped    felllaunched swappedcrossingreversedblocked_roll_fairoll_fai no_body
      empty   pocket         718    17.1%   29.4%    0.0%    0.0%    0.0%    0.0%    8.5%   23.4%   21.6%    0.0%
      empty   corridor      2056    49.7%    3.3%    0.0%    0.0%    0.0%    0.0%    1.4%   22.3%   23.4%    0.0%
      empty   junction      6370    39.2%    5.6%    0.0%    0.0%    0.0%    0.0%    1.4%   27.4%   26.5%    0.0%
      empty   open          1642    45.6%    8.8%    0.0%    0.0%    0.0%    0.0%    0.0%   21.3%   24.4%    0.0%
      spoil   pocket         393    28.0%    2.0%    0.0%    0.0%    0.0%    0.0%   22.6%   23.2%   24.2%    0.0%
      spoil   corridor       387    38.8%    1.3%    0.0%    0.0%    0.0%    0.0%   14.5%   22.7%   22.7%    0.0%
      spoil   junction       938    48.9%    1.2%    0.0%    0.0%    0.0%    0.0%    4.2%   21.7%   24.0%    0.0%
      spoil   open           107    54.2%    1.9%    0.0%    0.0%    0.0%    0.0%    0.0%   14.0%   29.9%    0.0%
    DECISIONS: rows not written (decisionnorows)
  200   21  mute    0/0            0        0     4410        0        0    0/20        0         18 2 0 0 0
                A READ  ant-readable homeward along >= 0.02 on  27.9% of route-cell samples | FOODWARD   1.5% | plane lit on  31.4% | peak amt  65535 cells  93
                THE LOOP, ANT BY ANT:
                  0. lived                                     20    100.0% of prev    100.0% of all
                  1. reached the food                           0      0.0% of prev      0.0% of all
                  2. picked food up out there                   0      0.0% of prev      0.0% of all
                  3. turned for home with it                    0      0.0% of prev      0.0% of all
                  4. got back to the nest still holding it      0      0.0% of prev      0.0% of all
                  5. PUT IT DOWN there                          0      0.0% of prev      0.0% of all
                  6. went back out again                        0      0.0% of prev      0.0% of all
                  7. reached the food a SECOND time             0      0.0% of prev      0.0% of all
                RETURN LEDGER reached food    0 of   20 ants | came back    0 | trips laden    0 empty    0 | LOOPERS    0 of   20 ants ( 0.0% of those that reached food), repeat    0, most loops by one ant   0
                BY ANCHOR AT PICKUP  anchor ON nest material:    0 loops /    0 pickups (  0.0%) | anchor OFF it:    0 /    0 (  0.0%)
                BY BIRTH SITE  born ON comb:   0 of   0 that reached food looped (  0.0%) | born OFF comb:   0 of   0 (  0.0%)
                founded x   30..68   (nest cursor 48 MATERIAL x 26..70 20 of 20 founders born on it; food 248; nearest founder 180 cells out, farthest 218, nominal gap 200)  occupancy/1k [68 5 1 0 0 0 0 0]  carry->nest       0  born    0 died   20 (starved   20)
                own trail: route pk    0 end    0 along +0.0000  B nest->food [0,0,0,0,0]  blocked      360  kin swaps       0  ticks     12611  tumbles      3477 (homeward        0, 0.00%)  drops       0  DELIVERED     0  leg home n    0 med     0 p90     0 (laden n    0 med     0 p90     0)  appetite held         0 J of         0  trips born-on-comb    0 (20 ants) / born-off    0 (0 ants)
                channel A: PEAK amt  65535 cells   93 (of 201 route)  POLARITY|| +0.22658 && +0.22450 SPAN +0.04225 edge   6.0  end nest->food [11032,497,0,0,0]  nest   25  AtNest 35.48%
                Carrying: laden     10950  of which SPOIL     10950 (100.0%)
    DECISION CENSUS: 12365 decisions, reconciled against the rows and the engine's counters
      leg     setting          n  stepped    felllaunched swappedcrossingreversedblocked_roll_fairoll_fai no_body
      empty   pocket         602    15.3%   33.4%    0.0%    0.0%    0.0%    0.0%    5.5%   22.9%   22.9%    0.0%
      empty   corridor      1541    43.0%    4.4%    0.0%    0.0%    0.0%    0.0%    1.9%   25.3%   25.3%    0.0%
      empty   junction      6115    41.4%    6.8%    0.0%    0.0%    0.0%    0.0%    1.0%   25.2%   25.7%    0.0%
      empty   open          2322    42.7%   10.0%    0.0%    0.0%    0.0%    0.0%    0.0%   23.9%   23.4%    0.0%
      spoil   pocket         410    26.6%    3.2%    0.0%    0.0%    0.0%    0.0%   21.5%   23.9%   24.9%    0.0%
      spoil   corridor       404    39.1%    0.5%    0.0%    0.0%    0.0%    0.0%   11.9%   27.7%   20.8%    0.0%
      spoil   junction       831    47.3%    0.8%    0.0%    0.0%    0.0%    0.0%    3.7%   25.3%   22.9%    0.0%
      spoil   open           140    51.4%    3.6%    0.0%    0.0%    0.0%    0.0%    0.0%   20.7%   24.3%    0.0%
    DECISIONS: rows not written (decisionnorows)
  200   22  mute    0/0            0        0     4206        0        0    0/20        0         17 3 0 0 0
                A READ  ant-readable homeward along >= 0.02 on  28.1% of route-cell samples | FOODWARD   0.5% | plane lit on  30.3% | peak amt  65535 cells  76
                THE LOOP, ANT BY ANT:
                  0. lived                                     20    100.0% of prev    100.0% of all
                  1. reached the food                           0      0.0% of prev      0.0% of all
                  2. picked food up out there                   0      0.0% of prev      0.0% of all
                  3. turned for home with it                    0      0.0% of prev      0.0% of all
                  4. got back to the nest still holding it      0      0.0% of prev      0.0% of all
                  5. PUT IT DOWN there                          0      0.0% of prev      0.0% of all
                  6. went back out again                        0      0.0% of prev      0.0% of all
                  7. reached the food a SECOND time             0      0.0% of prev      0.0% of all
                RETURN LEDGER reached food    0 of   20 ants | came back    0 | trips laden    0 empty    0 | LOOPERS    0 of   20 ants ( 0.0% of those that reached food), repeat    0, most loops by one ant   0
                BY ANCHOR AT PICKUP  anchor ON nest material:    0 loops /    0 pickups (  0.0%) | anchor OFF it:    0 /    0 (  0.0%)
                BY BIRTH SITE  born ON comb:   0 of   0 that reached food looped (  0.0%) | born OFF comb:   0 of   0 (  0.0%)
                founded x   30..68   (nest cursor 48 MATERIAL x 26..70 20 of 20 founders born on it; food 248; nearest founder 180 cells out, farthest 218, nominal gap 200)  occupancy/1k [67 6 0 0 0 0 0 0]  carry->nest       0  born    0 died   20 (starved   20)
                own trail: route pk    0 end    0 along +0.0000  B nest->food [0,0,0,0,0]  blocked      291  kin swaps       0  ticks     12365  tumbles      3362 (homeward        0, 0.00%)  drops       0  DELIVERED     0  leg home n    0 med     0 p90     0 (laden n    0 med     0 p90     0)  appetite held         0 J of         0  trips born-on-comb    0 (20 ants) / born-off    0 (0 ants)
                channel A: PEAK amt  65535 cells   76 (of 201 route)  POLARITY|| +0.24001 && +0.23794 SPAN +0.01556 edge   6.0  end nest->food [11998,576,0,0,0]  nest   25  AtNest 39.12%
                Carrying: laden     10710  of which SPOIL     10710 (100.0%)
    DECISION CENSUS: 12296 decisions, reconciled against the rows and the engine's counters
      leg     setting          n  stepped    felllaunched swappedcrossingreversedblocked_roll_fairoll_fai no_body
      empty   pocket         554    21.7%   24.0%    0.0%    0.0%    0.0%    0.0%    8.8%   23.8%   21.7%    0.0%
      empty   corridor      1545    44.3%    4.3%    0.0%    0.0%    0.0%    0.0%    1.9%   23.8%   25.6%    0.0%
      empty   junction      5650    38.3%    5.4%    0.0%    0.0%    0.0%    0.0%    0.9%   28.6%   26.7%    0.0%
      empty   open          2001    39.4%    8.9%    0.0%    0.0%    0.0%    0.0%    0.0%   25.9%   25.8%    0.0%
      spoil   pocket         612    26.8%    3.1%    0.0%    0.0%    0.0%    0.0%   23.0%   25.0%   22.1%    0.0%
      spoil   corridor       616    41.1%    0.8%    0.0%    0.0%    0.0%    0.0%   13.8%   23.5%   20.8%    0.0%
      spoil   junction      1172    48.4%    1.1%    0.0%    0.0%    0.0%    0.0%    4.6%   23.9%   22.0%    0.0%
      spoil   open           146    58.9%    1.4%    0.0%    0.0%    0.0%    0.0%    0.0%   19.2%   20.5%    0.0%
    DECISIONS: rows not written (decisionnorows)
  200   23  mute    0/0            0        0     4494        0        0    0/20        0         19 1 0 0 0
                A READ  ant-readable homeward along >= 0.02 on  24.8% of route-cell samples | FOODWARD   0.7% | plane lit on  27.4% | peak amt  65535 cells  65
                THE LOOP, ANT BY ANT:
                  0. lived                                     20    100.0% of prev    100.0% of all
                  1. reached the food                           0      0.0% of prev      0.0% of all
                  2. picked food up out there                   0      0.0% of prev      0.0% of all
                  3. turned for home with it                    0      0.0% of prev      0.0% of all
                  4. got back to the nest still holding it      0      0.0% of prev      0.0% of all
                  5. PUT IT DOWN there                          0      0.0% of prev      0.0% of all
                  6. went back out again                        0      0.0% of prev      0.0% of all
                  7. reached the food a SECOND time             0      0.0% of prev      0.0% of all
                RETURN LEDGER reached food    0 of   20 ants | came back    0 | trips laden    0 empty    0 | LOOPERS    0 of   20 ants ( 0.0% of those that reached food), repeat    0, most loops by one ant   0
                BY ANCHOR AT PICKUP  anchor ON nest material:    0 loops /    0 pickups (  0.0%) | anchor OFF it:    0 /    0 (  0.0%)
                BY BIRTH SITE  born ON comb:   0 of   0 that reached food looped (  0.0%) | born OFF comb:   0 of   0 (  0.0%)
                founded x   30..68   (nest cursor 48 MATERIAL x 26..70 20 of 20 founders born on it; food 248; nearest founder 180 cells out, farthest 218, nominal gap 200)  occupancy/1k [69 3 0 0 0 0 0 0]  carry->nest       0  born    0 died   20 (starved   20)
                own trail: route pk    0 end    0 along +0.0000  B nest->food [0,0,0,0,0]  blocked      410  kin swaps       0  ticks     12296  tumbles      3652 (homeward        0, 0.00%)  drops       0  DELIVERED     0  leg home n    0 med     0 p90     0 (laden n    0 med     0 p90     0)  appetite held         0 J of         0  trips born-on-comb    0 (20 ants) / born-off    0 (0 ants)
                channel A: PEAK amt  65535 cells   65 (of 201 route)  POLARITY|| +0.26231 && +0.25976 SPAN +0.02065 edge   6.0  end nest->food [12355,297,0,0,0]  nest   25  AtNest 41.24%
                Carrying: laden     15276  of which SPOIL     15276 (100.0%)
    DECISION CENSUS: 11868 decisions, reconciled against the rows and the engine's counters
      leg     setting          n  stepped    felllaunched swappedcrossingreversedblocked_roll_fairoll_fai no_body
      empty   pocket         587    16.0%   31.3%    0.0%    0.0%    0.0%    0.0%    6.6%   22.5%   23.5%    0.0%
      empty   corridor      1232    42.8%    5.6%    0.0%    0.0%    0.0%    0.0%    1.7%   24.6%   25.3%    0.0%
      empty   junction      5863    37.3%    6.8%    0.0%    0.0%    0.0%    0.0%    1.1%   27.2%   27.6%    0.0%
      empty   open          2121    42.1%    9.2%    0.0%    0.0%    0.0%    0.0%    0.0%   24.3%   24.3%    0.0%
      spoil   pocket         608    30.9%    2.8%    0.0%    0.0%    0.0%    0.0%   25.8%   21.1%   19.4%    0.0%
      spoil   corridor       501    40.7%    1.4%    0.0%    0.0%    0.0%    0.0%   13.6%   22.2%   22.2%    0.0%
      spoil   junction       777    54.4%    1.3%    0.0%    0.0%    0.0%    0.0%    3.6%   19.4%   21.2%    0.0%
      spoil   open           179    48.6%    3.9%    0.0%    0.0%    0.0%    0.0%    0.0%   24.0%   23.5%    0.0%
    DECISIONS: rows not written (decisionnorows)
  200   24  mute    0/0            0        0     4440        0        0    0/20        0         17 3 0 0 0
                A READ  ant-readable homeward along >= 0.02 on  27.6% of route-cell samples | FOODWARD   0.4% | plane lit on  30.6% | peak amt  65535 cells 103
                THE LOOP, ANT BY ANT:
                  0. lived                                     20    100.0% of prev    100.0% of all
                  1. reached the food                           0      0.0% of prev      0.0% of all
                  2. picked food up out there                   0      0.0% of prev      0.0% of all
                  3. turned for home with it                    0      0.0% of prev      0.0% of all
                  4. got back to the nest still holding it      0      0.0% of prev      0.0% of all
                  5. PUT IT DOWN there                          0      0.0% of prev      0.0% of all
                  6. went back out again                        0      0.0% of prev      0.0% of all
                  7. reached the food a SECOND time             0      0.0% of prev      0.0% of all
                RETURN LEDGER reached food    0 of   20 ants | came back    0 | trips laden    0 empty    0 | LOOPERS    0 of   20 ants ( 0.0% of those that reached food), repeat    0, most loops by one ant   0
                BY ANCHOR AT PICKUP  anchor ON nest material:    0 loops /    0 pickups (  0.0%) | anchor OFF it:    0 /    0 (  0.0%)
                BY BIRTH SITE  born ON comb:   0 of   0 that reached food looped (  0.0%) | born OFF comb:   0 of   0 (  0.0%)
                founded x   30..68   (nest cursor 48 MATERIAL x 26..70 20 of 20 founders born on it; food 248; nearest founder 180 cells out, farthest 218, nominal gap 200)  occupancy/1k [64 5 0 0 0 0 0 0]  carry->nest       0  born    0 died   20 (starved   19)
                own trail: route pk    0 end    0 along +0.0000  B nest->food [0,0,0,0,0]  blocked      379  kin swaps       0  ticks     11869  tumbles      3360 (homeward        0, 0.00%)  drops       0  DELIVERED     0  leg home n    0 med     0 p90     0 (laden n    0 med     0 p90     0)  appetite held         0 J of         0  trips born-on-comb    0 (20 ants) / born-off    0 (0 ants)
                channel A: PEAK amt  65535 cells  103 (of 201 route)  POLARITY|| +0.24482 && +0.24825 SPAN +0.01425 edge   6.0  end nest->food [10946,458,0,0,0]  nest   25  AtNest 40.11%
                Carrying: laden     12396  of which SPOIL     12396 (100.0%)

  larder put out, over the whole sweep: 96000-98160 J, against a need near 46,800 J
    for 52 ants over 24,000 frames -- so these colonies are provisioned, not starved.
  intake off anything that is not the larder is ASSERTED to be 0 in every row, not printed.

  `self` vs `mute` is the real question: do the ants' OWN trails do anything?
  `visitors` is DISTINCT ants that reached the food over distinct ants that ever lived --
    recruitment, which `near` ant-ticks cannot see: 50 visitors and 1 resident read alike.
  `trips` is nest -> food -> nest, closed on the RETURN. `reach` buckets every ant by how
  `occupancy` is ant-ticks in 8 equal bands, NEST END FIRST, food end last -- a commuting
    colony is bimodal, a dispersing one slides its mass right, a homebody is a spike at 0.
  `carry->nest` is signed cells moved while holding larder, POSITIVE = homeward. Near zero
    means food is picked up and wandered with, which is a different fault from not finding it.
    far it ever got, as a share of the gap, so a commuting population is visible as a shape.
  `hand` vs `self` only says whether a laid ramp beats what they bootstrap.
  `hmute` is the DECAY BASELINE for `route pk`: our ramp laid, the ants silenced.
  `flatN`/`flatF` are the POLARITY metric's negative controls: a FLAT channel A blob over
    the nest half / the food half, ants' EmitA silenced. A field with no ramp in it at all.
    A correct metric reads 0 on both. POLARITY|| is predicted to read ~+0.12 and ~-0.12,
    which brackets every polarity figure in the report -- see `lay_flat`.
  `homeA` lays a channel A HOMING ramp and no food trail -- if laden ants only fail
    to route because they cannot find their way home, this is where their own B appears.
  `carry` is ant-ticks holding larder in the crop; `carry@nest` is those inside the +-26 nest band --
    that pair is the answer to "is food being carried back", which a cell census cannot give.
  `other J` must read 0 in every row: it is the check that `onlyfood` held.
  A gap where `alive` reaches 0 in every arm is measuring a dead colony, not a deaf one.
