  diet: larder=fruit onlyfood=on
  odometer A: recur=shipped emita=shipped biasa=shipped   odometer B: charb=shipped recurb=shipped emitb=shipped biasb=shipped carryb=shipped
trailfollow: mode=gap gate=shipped frames=24000 seeds=24 seed0=1 ants=20 relay=60 near=10 food=400 refill=400 stop=6000 homebias=shipped cropcap=shipped hungergate=shipped arho=shipped brho=shipped adiffuse=shipped arise=off/off tumble=shipped persist=shipped tumblegrad=shipped homewire=shipped
  gate shipped: off -45.0  on +0.5  along ±6.0
  breadoff=true decisioncsv=true dtag=breadoff COLONY_SPACING=2 STACK_DEPTH=4 layfrom=founders
  landed 2026-09-09: units 0/1 = b2 (off -45, on +0.5, along 6); units 2/3 = saturated (off -45, on +30, along 6). See open-bugs-handoff.md Z7.

  gap seed   arm     alive     ate J  arrive@    dead@    carry    @nest  visitors  trips reach 0-25-50-75-100
----- ---- ----- --------- --------- -------- -------- -------- -------- --------- ------ ------------------
    DECISION CENSUS: 12470 decisions, reconciled against the rows and the engine's counters
      leg     setting          n  stepped    felllaunched swappedcrossingreversedblocked_roll_fairoll_fai no_body
      empty   pocket         619    17.4%   29.2%    0.0%    0.0%    0.0%    0.0%    8.7%   22.0%   22.6%    0.0%
      empty   corridor      1946    51.0%    2.6%    0.0%    0.0%    0.0%    0.0%    1.5%   22.9%   22.0%    0.0%
      empty   junction      5810    39.5%    5.0%    0.0%    0.0%    0.0%    0.0%    0.9%   26.6%   28.1%    0.0%
      empty   open          1635    40.1%    5.9%    0.0%    0.0%    0.0%    0.0%    0.0%   28.4%   25.7%    0.0%
      spoil   pocket         832    30.8%    1.6%    0.0%    0.0%    0.0%    0.0%   25.1%   21.8%   20.8%    0.0%
      spoil   corridor       403    41.2%    0.2%    0.0%    0.0%    0.0%    0.0%   13.9%   22.1%   22.6%    0.0%
      spoil   junction      1033    44.8%    1.0%    0.0%    0.0%    0.0%    0.0%    3.5%   26.7%   24.0%    0.0%
      spoil   open           192    53.1%    3.6%    0.0%    0.0%    0.0%    0.0%    0.0%   20.3%   22.9%    0.0%
    DECISIONS: rows not written (decisionnorows)
   90    1  hand    0/0            0     3912     4482        0        0    1/20        0         14 2 3 1 0
                A READ  ant-readable homeward along >= 0.02 on  63.7% of route-cell samples | FOODWARD   1.2% | plane lit on  67.0% | peak amt  64656 cells  85
                THE LOOP, ANT BY ANT:
                  0. lived                                     20    100.0% of prev    100.0% of all
                  1. reached the food                           1      5.0% of prev      5.0% of all
                  2. picked food up out there                   0      0.0% of prev      0.0% of all
                  3. turned for home with it                    0      0.0% of prev      0.0% of all
                  4. got back to the nest still holding it      0      0.0% of prev      0.0% of all
                  5. PUT IT DOWN there                          0      0.0% of prev      0.0% of all
                  6. went back out again                        0      0.0% of prev      0.0% of all
                  7. reached the food a SECOND time             0      0.0% of prev      0.0% of all
                RETURN LEDGER reached food    1 of   20 ants | came back    0 | trips laden    0 empty    0 | LOOPERS    0 of   20 ants ( 0.0% of those that reached food), repeat    0, most loops by one ant   0
                BY ANCHOR AT PICKUP  anchor ON nest material:    0 loops /    0 pickups (  0.0%) | anchor OFF it:    0 /    0 (  0.0%)
                BY BIRTH SITE  born ON comb:   0 of   1 that reached food looped (  0.0%) | born OFF comb:   0 of   0 (  0.0%)
                founded x   30..68   (nest cursor 48 MATERIAL x 26..70 20 of 20 founders born on it; food 138; nearest founder 70 cells out, farthest 108, nominal gap 90)  occupancy/1k [54 14 2 1 1 0 0 0]  carry->nest       0  born    0 died   20 (starved   20)
                own trail: route pk    0 end    0 along +0.0000  B nest->food [2106,4688,7388,9970,8306]  blocked      435  kin swaps       0  ticks     12470  tumbles      3609 (homeward        0, 0.00%)  drops       0  DELIVERED     0  leg home n    0 med     0 p90     0 (laden n    0 med     0 p90     0)  appetite held         0 J of         0  trips born-on-comb    0 (20 ants) / born-off    0 (0 ants)
                channel A: PEAK amt  64656 cells   85 (of 91 route)  POLARITY|| +0.24291 && +0.24323 SPAN +0.03458 edge   6.0  end nest->food [11009,6643,790,0,0]  nest   25  AtNest 37.72%
                Carrying: laden     14760  of which SPOIL     14760 (100.0%)
    DECISION CENSUS: 16559 decisions, reconciled against the rows and the engine's counters
      leg     setting          n  stepped    felllaunched swappedcrossingreversedblocked_roll_fairoll_fai no_body
      empty   pocket         939    24.1%   17.1%    0.0%    0.0%    0.0%    0.0%   12.6%   21.0%   25.2%    0.0%
      empty   corridor      2100    44.0%    2.9%    0.0%    0.0%    0.0%    0.0%    1.2%   25.4%   26.6%    0.0%
      empty   junction      6036    35.4%    4.8%    0.0%    0.0%    0.0%    0.0%    0.9%   30.4%   28.5%    0.0%
      empty   open          1655    44.9%    7.9%    0.0%    0.0%    0.0%    0.0%    0.0%   22.2%   25.0%    0.0%
      laden   pocket         948     0.2%    0.4%    0.0%    0.0%    0.0%    0.0%    0.3%   51.3%   47.8%    0.0%
      laden   corridor       739     6.2%    0.0%    0.0%    0.0%    0.0%    0.0%    0.0%   46.3%   47.5%    0.0%
      laden   junction      1029     4.4%    0.0%    0.0%    0.0%    0.0%    0.0%    0.1%   49.0%   46.6%    0.0%
      laden   open           118     8.5%    0.0%    0.0%    0.0%    0.0%    0.0%    0.0%   46.6%   44.9%    0.0%
      spoil   pocket        1262    30.4%    1.0%    0.0%    0.0%    0.0%    0.0%   24.6%   21.8%   22.2%    0.0%
      spoil   corridor       690    49.1%    0.3%    0.0%    0.0%    0.0%    0.0%    5.7%   21.9%   23.0%    0.0%
      spoil   junction       930    45.3%    1.5%    0.0%    0.0%    0.0%    0.0%    4.0%   23.4%   25.8%    0.0%
      spoil   open           113    56.6%    3.5%    0.0%    0.0%    0.0%    0.0%    0.0%   23.0%   16.8%    0.0%
    DECISIONS: rows not written (decisionnorows)
   90    2  hand    1/1         2107     3342        0    17005    16519    1/21        1         10 9 1 1 0
                A READ  ant-readable homeward along >= 0.02 on  54.4% of route-cell samples | FOODWARD  10.2% | plane lit on  68.7% | peak amt  65535 cells  87
                THE LOOP, ANT BY ANT:
                  0. lived                                     21    100.0% of prev    100.0% of all
                  1. reached the food                           1      4.8% of prev      4.8% of all
                  2. picked food up out there                   1    100.0% of prev      4.8% of all
                  3. turned for home with it                    1    100.0% of prev      4.8% of all
                  4. got back to the nest still holding it      1    100.0% of prev      4.8% of all
                  5. PUT IT DOWN there                          1    100.0% of prev      4.8% of all
                  6. went back out again                        1    100.0% of prev      4.8% of all
                  7. reached the food a SECOND time             0      0.0% of prev      0.0% of all
                RETURN LEDGER reached food    1 of   21 ants | came back    1 | trips laden    1 empty    0 | LOOPERS    1 of   21 ants (100.0% of those that reached food), repeat    0, most loops by one ant   1
                BY ANCHOR AT PICKUP  anchor ON nest material:    1 loops /    1 pickups (100.0%) | anchor OFF it:    0 /    0 (  0.0%)
                BY BIRTH SITE  born ON comb:   1 of   1 that reached food looped (100.0%) | born OFF comb:   0 of   0 (  0.0%)
                LEGS legs[457] laden[457]
                founded x   30..68   (nest cursor 48 MATERIAL x 26..70 20 of 21 founders born on it; food 138; nearest founder 70 cells out, farthest 108, nominal gap 90)  occupancy/1k [48 40 6 2 0 0 0 0]  carry->nest      70  born    1 died   20 (starved   19)
                own trail: route pk   15 end    0 along +0.0000  B nest->food [2106,4737,7408,9988,8306]  blocked      590  kin swaps       0  ticks     16560  tumbles      5579 (homeward       26, 0.47%)  drops     842  DELIVERED   842  leg home n    1 med   457 p90   457 (laden n    1 med   457 p90   457)  appetite held         0 J of      9053  trips born-on-comb    1 (21 ants) / born-off    0 (0 ants)
                channel A: PEAK amt  65535 cells   87 (of 91 route)  POLARITY|| +0.22879 && +0.22649 SPAN +0.01874 edge   5.9  end nest->food [11658,12358,1904,0,0]  nest   25  AtNest 50.56%
                Carrying: laden     34975  of which SPOIL     18450 ( 52.8%)
    DECISION CENSUS: 12778 decisions, reconciled against the rows and the engine's counters
      leg     setting          n  stepped    felllaunched swappedcrossingreversedblocked_roll_fairoll_fai no_body
      empty   pocket         705    20.7%   26.4%    0.0%    0.0%    0.0%    0.0%   11.5%   21.4%   20.0%    0.0%
      empty   corridor      1611    47.1%    4.6%    0.0%    0.0%    0.0%    0.0%    1.0%   22.9%   24.4%    0.0%
      empty   junction      5639    34.9%    7.0%    0.0%    0.0%    0.0%    0.0%    1.2%   28.3%   28.7%    0.0%
      empty   open          1971    39.6%    7.9%    0.0%    0.0%    0.0%    0.0%    0.0%   25.7%   26.8%    0.0%
      spoil   pocket        1332    31.6%    0.7%    0.0%    0.0%    0.0%    0.0%   24.6%   21.2%   21.9%    0.0%
      spoil   corridor       728    50.5%    0.5%    0.0%    0.0%    0.0%    0.0%    7.3%   21.8%   19.8%    0.0%
      spoil   junction       696    45.4%    1.6%    0.0%    0.0%    0.0%    0.0%    4.0%   25.6%   23.4%    0.0%
      spoil   open            96    49.0%    3.1%    0.0%    0.0%    0.0%    0.0%    0.0%   29.2%   18.8%    0.0%
    DECISIONS: rows not written (decisionnorows)
   90    3  hand    0/0            0        0     4866        0        0    0/20        0         12 7 1 0 0
                A READ  ant-readable homeward along >= 0.02 on  56.2% of route-cell samples | FOODWARD   1.4% | plane lit on  61.3% | peak amt  65535 cells  64
                THE LOOP, ANT BY ANT:
                  0. lived                                     20    100.0% of prev    100.0% of all
                  1. reached the food                           0      0.0% of prev      0.0% of all
                  2. picked food up out there                   0      0.0% of prev      0.0% of all
                  3. turned for home with it                    0      0.0% of prev      0.0% of all
                  4. got back to the nest still holding it      0      0.0% of prev      0.0% of all
                  5. PUT IT DOWN there                          0      0.0% of prev      0.0% of all
                  6. went back out again                        0      0.0% of prev      0.0% of all
                  7. reached the food a SECOND time             0      0.0% of prev      0.0% of all
                RETURN LEDGER reached food    0 of   20 ants | came back    0 | trips laden    0 empty    0 | LOOPERS    0 of   20 ants ( 0.0% of those that reached food), repeat    0, most loops by one ant   0
                BY ANCHOR AT PICKUP  anchor ON nest material:    0 loops /    0 pickups (  0.0%) | anchor OFF it:    0 /    0 (  0.0%)
                BY BIRTH SITE  born ON comb:   0 of   0 that reached food looped (  0.0%) | born OFF comb:   0 of   0 (  0.0%)
                founded x   30..68   (nest cursor 48 MATERIAL x 26..70 20 of 20 founders born on it; food 138; nearest founder 70 cells out, farthest 108, nominal gap 90)  occupancy/1k [55 15 4 0 0 0 0 0]  carry->nest       0  born    0 died   20 (starved   19)
                own trail: route pk    0 end    0 along +0.0000  B nest->food [2106,4688,7388,9970,8306]  blocked      572  kin swaps       0  ticks     12779  tumbles      3844 (homeward        0, 0.00%)  drops       0  DELIVERED     0  leg home n    0 med     0 p90     0 (laden n    0 med     0 p90     0)  appetite held         0 J of         0  trips born-on-comb    0 (20 ants) / born-off    0 (0 ants)
                channel A: PEAK amt  65535 cells   64 (of 91 route)  POLARITY|| +0.26083 && +0.26519 SPAN +0.01369 edge   6.0  end nest->food [11340,7495,773,0,0]  nest   25  AtNest 36.38%
                Carrying: laden     17118  of which SPOIL     17118 (100.0%)
    DECISION CENSUS: 12708 decisions, reconciled against the rows and the engine's counters
      leg     setting          n  stepped    felllaunched swappedcrossingreversedblocked_roll_fairoll_fai no_body
      empty   pocket         408    16.7%   28.7%    0.0%    0.0%    0.0%    0.0%    6.6%   23.0%   25.0%    0.0%
      empty   corridor      2150    49.0%    2.7%    0.0%    0.0%    0.0%    0.0%    1.2%   24.1%   23.0%    0.0%
      empty   junction      5392    39.0%    5.9%    0.0%    0.0%    0.0%    0.0%    1.2%   27.1%   26.8%    0.0%
      empty   open          2225    40.7%    7.7%    0.0%    0.0%    0.0%    0.0%    0.0%   26.3%   25.3%    0.0%
      laden   corridor        80    61.2%    0.0%    0.0%    0.0%    0.0%    0.0%    0.0%   21.2%   17.5%    0.0%
      laden   junction       112    31.2%    0.0%    0.0%    0.0%    0.0%    0.0%    1.8%   33.0%   33.9%    0.0%
      laden   open             2     0.0%    0.0%    0.0%    0.0%    0.0%    0.0%    0.0%  100.0%    0.0%    0.0%
      spoil   pocket         569    29.9%    1.8%    0.0%    0.0%    0.0%    0.0%   22.5%   22.7%   23.2%    0.0%
      spoil   corridor       565    44.4%    1.1%    0.0%    0.0%    0.0%    0.0%   12.2%   21.1%   21.2%    0.0%
      spoil   junction      1080    48.1%    1.4%    0.0%    0.0%    0.0%    0.0%    4.9%   23.5%   22.1%    0.0%
      spoil   open           125    55.2%    3.2%    0.0%    0.0%    0.0%    0.0%    0.0%   21.6%   20.0%    0.0%
    DECISIONS: rows not written (decisionnorows)
   90    4  hand    0/0          152     2856     4842     1164      648    2/20        1         14 4 0 2 0
                A READ  ant-readable homeward along >= 0.02 on  63.3% of route-cell samples | FOODWARD   0.9% | plane lit on  68.8% | peak amt  65535 cells  89
                THE LOOP, ANT BY ANT:
                  0. lived                                     20    100.0% of prev    100.0% of all
                  1. reached the food                           2     10.0% of prev     10.0% of all
                  2. picked food up out there                   1     50.0% of prev      5.0% of all
                  3. turned for home with it                    1    100.0% of prev      5.0% of all
                  4. got back to the nest still holding it      1    100.0% of prev      5.0% of all
                  5. PUT IT DOWN there                          1    100.0% of prev      5.0% of all
                  6. went back out again                        0      0.0% of prev      0.0% of all
                  7. reached the food a SECOND time             0      0.0% of prev      0.0% of all
                RETURN LEDGER reached food    2 of   20 ants | came back    1 | trips laden    1 empty    0 | LOOPERS    1 of   20 ants (50.0% of those that reached food), repeat    0, most loops by one ant   1
                BY ANCHOR AT PICKUP  anchor ON nest material:    1 loops /    1 pickups (100.0%) | anchor OFF it:    0 /    0 (  0.0%)
                BY BIRTH SITE  born ON comb:   1 of   2 that reached food looped ( 50.0%) | born OFF comb:   0 of   0 (  0.0%)
                LEGS legs[469] laden[469]
                founded x   30..68   (nest cursor 48 MATERIAL x 26..70 20 of 20 founders born on it; food 138; nearest founder 70 cells out, farthest 108, nominal gap 90)  occupancy/1k [55 13 2 1 1 0 0 0]  carry->nest      62  born    0 died   20 (starved   20)
                own trail: route pk    0 end    0 along +0.0000  B nest->food [2106,4748,7409,9989,8306]  blocked      369  kin swaps       0  ticks     12708  tumbles      3615 (homeward       17, 0.47%)  drops      35  DELIVERED    35  leg home n    1 med   469 p90   469 (laden n    1 med   469 p90   469)  appetite held         0 J of       640  trips born-on-comb    1 (20 ants) / born-off    0 (0 ants)
                channel A: PEAK amt  65535 cells   89 (of 91 route)  POLARITY|| +0.24155 && +0.24322 SPAN +0.01938 edge   5.7  end nest->food [12009,7947,968,0,0]  nest   25  AtNest 40.82%
                Carrying: laden     15198  of which SPOIL     14226 ( 93.6%)
    DECISION CENSUS: 12600 decisions, reconciled against the rows and the engine's counters
      leg     setting          n  stepped    felllaunched swappedcrossingreversedblocked_roll_fairoll_fai no_body
      empty   pocket         861    23.8%   17.7%    0.0%    0.0%    0.0%    0.0%   12.4%   23.3%   22.8%    0.0%
      empty   corridor      1234    33.7%    4.5%    0.0%    0.0%    0.0%    0.0%    1.1%   30.1%   30.7%    0.0%
      empty   junction      5606    37.7%    6.7%    0.0%    0.0%    0.0%    0.0%    1.1%   27.2%   27.3%    0.0%
      empty   open          2004    40.2%    9.1%    0.0%    0.0%    0.0%    0.0%    0.0%   25.3%   25.3%    0.0%
      spoil   pocket        1640    33.5%    0.7%    0.0%    0.0%    0.0%    0.0%   26.3%   20.7%   18.8%    0.0%
      spoil   corridor       446    38.3%    0.4%    0.0%    0.0%    0.0%    0.0%   10.3%   22.2%   28.7%    0.0%
      spoil   junction       717    50.2%    1.1%    0.0%    0.0%    0.0%    0.0%    3.1%   24.1%   21.5%    0.0%
      spoil   open            92    54.3%    3.3%    0.0%    0.0%    0.0%    0.0%    0.0%   20.7%   21.7%    0.0%
    DECISIONS: rows not written (decisionnorows)
   90    5  hand    0/0            0        0     4386        0        0    0/20        0         11 8 1 0 0
                A READ  ant-readable homeward along >= 0.02 on  54.2% of route-cell samples | FOODWARD   1.7% | plane lit on  60.1% | peak amt  65535 cells  58
                THE LOOP, ANT BY ANT:
                  0. lived                                     20    100.0% of prev    100.0% of all
                  1. reached the food                           0      0.0% of prev      0.0% of all
                  2. picked food up out there                   0      0.0% of prev      0.0% of all
                  3. turned for home with it                    0      0.0% of prev      0.0% of all
                  4. got back to the nest still holding it      0      0.0% of prev      0.0% of all
                  5. PUT IT DOWN there                          0      0.0% of prev      0.0% of all
                  6. went back out again                        0      0.0% of prev      0.0% of all
                  7. reached the food a SECOND time             0      0.0% of prev      0.0% of all
                RETURN LEDGER reached food    0 of   20 ants | came back    0 | trips laden    0 empty    0 | LOOPERS    0 of   20 ants ( 0.0% of those that reached food), repeat    0, most loops by one ant   0
                BY ANCHOR AT PICKUP  anchor ON nest material:    0 loops /    0 pickups (  0.0%) | anchor OFF it:    0 /    0 (  0.0%)
                BY BIRTH SITE  born ON comb:   0 of   0 that reached food looped (  0.0%) | born OFF comb:   0 of   0 (  0.0%)
                founded x   30..68   (nest cursor 48 MATERIAL x 26..70 20 of 20 founders born on it; food 138; nearest founder 70 cells out, farthest 108, nominal gap 90)  occupancy/1k [51 16 6 1 0 0 0 0]  carry->nest       0  born    0 died   20 (starved   19)
                own trail: route pk    0 end    0 along +0.0000  B nest->food [2106,4688,7388,9970,8306]  blocked      681  kin swaps       0  ticks     12601  tumbles      3918 (homeward        0, 0.00%)  drops       0  DELIVERED     0  leg home n    0 med     0 p90     0 (laden n    0 med     0 p90     0)  appetite held         0 J of         0  trips born-on-comb    0 (20 ants) / born-off    0 (0 ants)
                channel A: PEAK amt  65535 cells   58 (of 91 route)  POLARITY|| +0.25656 && +0.24938 SPAN +0.00423 edge   6.0  end nest->food [11606,8537,1422,0,0]  nest   25  AtNest 40.19%
                Carrying: laden     17370  of which SPOIL     17370 (100.0%)
    DECISION CENSUS: 12903 decisions, reconciled against the rows and the engine's counters
      leg     setting          n  stepped    felllaunched swappedcrossingreversedblocked_roll_fairoll_fai no_body
      empty   pocket         628    12.9%   34.7%    0.0%    0.0%    0.0%    0.0%    4.0%   25.5%   22.9%    0.0%
      empty   corridor      1925    50.1%    3.3%    0.0%    0.0%    0.0%    0.0%    1.5%   20.9%   24.3%    0.0%
      empty   junction      6579    36.4%    5.8%    0.0%    0.0%    0.0%    0.0%    1.0%   28.4%   28.3%    0.0%
      empty   open          1963    42.1%    6.6%    0.0%    0.0%    0.0%    0.0%    0.0%   25.8%   25.5%    0.0%
      spoil   pocket         352    27.0%    2.3%    0.0%    0.0%    0.0%    0.0%   26.1%   19.6%   25.0%    0.0%
      spoil   corridor       468    40.8%    1.1%    0.0%    0.0%    0.0%    0.0%   11.8%   20.3%   26.1%    0.0%
      spoil   junction       854    48.9%    2.9%    0.0%    0.0%    0.0%    0.0%    3.4%   21.5%   23.2%    0.0%
      spoil   open           134    54.5%    1.5%    0.0%    0.0%    0.0%    0.0%    0.0%   26.1%   17.9%    0.0%
    DECISIONS: rows not written (decisionnorows)
   90    6  hand    0/0            0        0     5058        0        0    0/20        0         11 6 2 1 0
                A READ  ant-readable homeward along >= 0.02 on  62.4% of route-cell samples | FOODWARD   2.4% | plane lit on  69.4% | peak amt  64273 cells  77
                THE LOOP, ANT BY ANT:
                  0. lived                                     20    100.0% of prev    100.0% of all
                  1. reached the food                           0      0.0% of prev      0.0% of all
                  2. picked food up out there                   0      0.0% of prev      0.0% of all
                  3. turned for home with it                    0      0.0% of prev      0.0% of all
                  4. got back to the nest still holding it      0      0.0% of prev      0.0% of all
                  5. PUT IT DOWN there                          0      0.0% of prev      0.0% of all
                  6. went back out again                        0      0.0% of prev      0.0% of all
                  7. reached the food a SECOND time             0      0.0% of prev      0.0% of all
                RETURN LEDGER reached food    0 of   20 ants | came back    0 | trips laden    0 empty    0 | LOOPERS    0 of   20 ants ( 0.0% of those that reached food), repeat    0, most loops by one ant   0
                BY ANCHOR AT PICKUP  anchor ON nest material:    0 loops /    0 pickups (  0.0%) | anchor OFF it:    0 /    0 (  0.0%)
                BY BIRTH SITE  born ON comb:   0 of   0 that reached food looped (  0.0%) | born OFF comb:   0 of   0 (  0.0%)
                founded x   30..68   (nest cursor 48 MATERIAL x 26..70 20 of 20 founders born on it; food 138; nearest founder 70 cells out, farthest 108, nominal gap 90)  occupancy/1k [54 14 5 1 1 0 0 0]  carry->nest       0  born    0 died   20 (starved   20)
                own trail: route pk    0 end    0 along +0.0000  B nest->food [2106,4688,7388,9970,8306]  blocked      297  kin swaps       0  ticks     12903  tumbles      3619 (homeward        0, 0.00%)  drops       0  DELIVERED     0  leg home n    0 med     0 p90     0 (laden n    0 med     0 p90     0)  appetite held         0 J of         0  trips born-on-comb    0 (20 ants) / born-off    0 (0 ants)
                channel A: PEAK amt  64273 cells   77 (of 91 route)  POLARITY|| +0.23000 && +0.22910 SPAN +0.03387 edge   6.0  end nest->food [12087,8498,1450,0,0]  nest   25  AtNest 41.05%
                Carrying: laden     10848  of which SPOIL     10848 (100.0%)
    DECISION CENSUS: 16498 decisions, reconciled against the rows and the engine's counters
      leg     setting          n  stepped    felllaunched swappedcrossingreversedblocked_roll_fairoll_fai no_body
      empty   pocket         525    13.7%   31.0%    0.0%    0.0%    0.0%    0.0%    5.9%   26.9%   22.5%    0.0%
      empty   corridor      1682    44.2%    3.5%    0.0%    0.0%    0.0%    0.0%    1.5%   25.7%   25.0%    0.0%
      empty   junction      7387    31.8%    6.4%    0.0%    0.0%    0.0%    0.0%    1.0%   30.9%   29.9%    0.0%
      empty   open          2918    37.1%    8.1%    0.0%    0.0%    0.0%    0.0%    0.0%   28.0%   26.8%    0.0%
      laden   pocket          77     0.0%    1.3%    0.0%    0.0%    0.0%    0.0%    3.9%   48.1%   46.8%    0.0%
      laden   corridor       316    13.0%    0.9%    0.0%    0.0%    0.0%    0.0%    0.6%   41.5%   44.0%    0.0%
      laden   junction      1298     8.4%    0.2%    0.0%    0.0%    0.0%    0.0%    0.2%   47.6%   43.7%    0.0%
      laden   open           291     5.8%    0.3%    0.0%    0.0%    0.0%    0.0%    0.0%   46.4%   47.4%    0.0%
      spoil   pocket         368    28.3%    3.5%    0.0%    0.0%    0.0%    0.0%   19.3%   23.6%   25.3%    0.0%
      spoil   corridor       503    43.9%    0.4%    0.0%    0.0%    0.0%    0.0%   13.5%   24.3%   17.9%    0.0%
      spoil   junction      1000    47.7%    0.8%    0.0%    0.0%    0.0%    0.0%    5.1%   24.8%   21.6%    0.0%
      spoil   open           133    47.4%    3.8%    0.0%    0.0%    0.0%    0.0%    0.0%   30.1%   18.8%    0.0%
    DECISIONS: rows not written (decisionnorows)
   90    7  hand    1/1         1553     2544        0    11892    11334    1/20        1         5 12 1 2 0
                A READ  ant-readable homeward along >= 0.02 on  58.6% of route-cell samples | FOODWARD   5.2% | plane lit on  71.6% | peak amt  65535 cells  87
                THE LOOP, ANT BY ANT:
                  0. lived                                     20    100.0% of prev    100.0% of all
                  1. reached the food                           1      5.0% of prev      5.0% of all
                  2. picked food up out there                   1    100.0% of prev      5.0% of all
                  3. turned for home with it                    1    100.0% of prev      5.0% of all
                  4. got back to the nest still holding it      1    100.0% of prev      5.0% of all
                  5. PUT IT DOWN there                          1    100.0% of prev      5.0% of all
                  6. went back out again                        1    100.0% of prev      5.0% of all
                  7. reached the food a SECOND time             0      0.0% of prev      0.0% of all
                RETURN LEDGER reached food    1 of   20 ants | came back    1 | trips laden    1 empty    0 | LOOPERS    1 of   20 ants (100.0% of those that reached food), repeat    0, most loops by one ant   1
                BY ANCHOR AT PICKUP  anchor ON nest material:    1 loops /    1 pickups (100.0%) | anchor OFF it:    0 /    0 (  0.0%)
                BY BIRTH SITE  born ON comb:   1 of   1 that reached food looped (100.0%) | born OFF comb:   0 of   0 (  0.0%)
                LEGS legs[475] laden[475]
                founded x   30..68   (nest cursor 48 MATERIAL x 26..70 20 of 20 founders born on it; food 138; nearest founder 70 cells out, farthest 108, nominal gap 90)  occupancy/1k [60 24 10 1 0 0 0 0]  carry->nest      64  born    0 died   19 (starved   19)
                own trail: route pk   11 end    9 along +0.0022  B nest->food [2106,4892,7410,9990,8306]  blocked      327  kin swaps       0  ticks     16498  tumbles      5417 (homeward       44, 0.81%)  drops     815  DELIVERED   815  leg home n    1 med   475 p90   475 (laden n    1 med   475 p90   475)  appetite held         0 J of      6541  trips born-on-comb    1 (20 ants) / born-off    0 (0 ants)
                channel A: PEAK amt  65535 cells   87 (of 91 route)  POLARITY|| +0.22174 && +0.22152 SPAN +0.00893 edge   5.9  end nest->food [12328,10296,1923,0,0]  nest   25  AtNest 49.90%
                Carrying: laden     23916  of which SPOIL     12234 ( 51.2%)
    DECISION CENSUS: 15147 decisions, reconciled against the rows and the engine's counters
      leg     setting          n  stepped    felllaunched swappedcrossingreversedblocked_roll_fairoll_fai no_body
      empty   pocket         816    15.3%   29.4%    0.0%    0.0%    0.0%    0.0%    6.4%   26.0%   22.9%    0.0%
      empty   corridor      3072    45.5%    1.6%    0.0%    0.0%    0.0%    0.0%    0.6%   26.4%   25.9%    0.0%
      empty   junction      7014    35.2%    4.7%    0.0%    0.0%    0.0%    0.0%    1.1%   30.1%   28.9%    0.0%
      empty   open          1698    42.3%    6.8%    0.0%    0.0%    0.0%    0.0%    0.0%   24.6%   26.3%    0.0%
      laden   pocket          79     2.5%   11.4%    0.0%    0.0%    0.0%    0.0%    1.3%   49.4%   35.4%    0.0%
      laden   corridor        81    43.2%    0.0%    0.0%    0.0%    0.0%    0.0%    2.5%   21.0%   33.3%    0.0%
      laden   junction       427     8.2%    0.2%    0.0%    0.0%    0.0%    0.0%    0.2%   49.9%   41.5%    0.0%
      spoil   pocket         658    32.1%    2.0%    0.0%    0.0%    0.0%    0.0%   26.3%   20.2%   19.5%    0.0%
      spoil   corridor       410    48.5%    0.0%    0.0%    0.0%    0.0%    0.0%   10.0%   21.0%   20.5%    0.0%
      spoil   junction       783    48.7%    0.6%    0.0%    0.0%    0.0%    0.0%    5.7%   23.9%   21.1%    0.0%
      spoil   open           109    42.2%    0.9%    0.0%    0.0%    0.0%    0.0%    0.0%   29.4%   27.5%    0.0%
    DECISIONS: rows not written (decisionnorows)
   90    8  hand    0/0          461     3660    17352     3522     2892    1/20        1         12 5 2 1 0
                A READ  ant-readable homeward along >= 0.02 on  61.8% of route-cell samples | FOODWARD   4.7% | plane lit on  70.1% | peak amt  65535 cells  86
                THE LOOP, ANT BY ANT:
                  0. lived                                     20    100.0% of prev    100.0% of all
                  1. reached the food                           1      5.0% of prev      5.0% of all
                  2. picked food up out there                   1    100.0% of prev      5.0% of all
                  3. turned for home with it                    1    100.0% of prev      5.0% of all
                  4. got back to the nest still holding it      1    100.0% of prev      5.0% of all
                  5. PUT IT DOWN there                          1    100.0% of prev      5.0% of all
                  6. went back out again                        1    100.0% of prev      5.0% of all
                  7. reached the food a SECOND time             0      0.0% of prev      0.0% of all
                RETURN LEDGER reached food    1 of   20 ants | came back    1 | trips laden    1 empty    0 | LOOPERS    1 of   20 ants (100.0% of those that reached food), repeat    0, most loops by one ant   1
                BY ANCHOR AT PICKUP  anchor ON nest material:    1 loops /    1 pickups (100.0%) | anchor OFF it:    0 /    0 (  0.0%)
                BY BIRTH SITE  born ON comb:   1 of   1 that reached food looped (100.0%) | born OFF comb:   0 of   0 (  0.0%)
                LEGS legs[559] laden[559]
                founded x   30..68   (nest cursor 48 MATERIAL x 26..70 20 of 20 founders born on it; food 138; nearest founder 70 cells out, farthest 108, nominal gap 90)  occupancy/1k [53 23 7 2 2 1 0 0]  carry->nest      64  born    0 died   20 (starved   20)
                own trail: route pk    0 end    0 along +0.0000  B nest->food [2106,4734,7409,10019,8306]  blocked      409  kin swaps       0  ticks     15147  tumbles      4671 (homeward       25, 0.54%)  drops     100  DELIVERED   100  leg home n    1 med   559 p90   559 (laden n    1 med   559 p90   559)  appetite held         0 J of      1940  trips born-on-comb    1 (20 ants) / born-off    0 (0 ants)
                channel A: PEAK amt  65535 cells   86 (of 91 route)  POLARITY|| +0.23798 && +0.23955 SPAN +0.02170 edge   6.0  end nest->food [13805,9033,1062,0,0]  nest   25  AtNest 41.47%
                Carrying: laden     15282  of which SPOIL     11760 ( 77.0%)
    DECISION CENSUS: 12698 decisions, reconciled against the rows and the engine's counters
      leg     setting          n  stepped    felllaunched swappedcrossingreversedblocked_roll_fairoll_fai no_body
      empty   pocket         601    13.0%   37.9%    0.0%    0.0%    0.0%    0.0%    4.5%   20.3%   24.3%    0.0%
      empty   corridor      1947    45.4%    3.8%    0.0%    0.0%    0.0%    0.0%    1.4%   25.6%   23.8%    0.0%
      empty   junction      6442    39.5%    6.3%    0.0%    0.0%    0.0%    0.0%    1.1%   25.9%   27.2%    0.0%
      empty   open          2282    40.5%    8.8%    0.0%    0.0%    0.0%    0.0%    0.0%   25.3%   25.5%    0.0%
      spoil   pocket         284    27.1%    1.4%    0.0%    0.0%    0.0%    0.0%   25.4%   25.7%   20.4%    0.0%
      spoil   corridor       286    43.0%    0.0%    0.0%    0.0%    0.0%    0.0%    9.1%   23.4%   24.5%    0.0%
      spoil   junction       713    48.2%    1.8%    0.0%    0.0%    0.0%    0.0%    5.3%   21.0%   23.6%    0.0%
      spoil   open           143    57.3%    2.1%    0.0%    0.0%    0.0%    0.0%    0.0%   21.0%   19.6%    0.0%
    DECISIONS: rows not written (decisionnorows)
   90    9  hand    0/0            0        0     4572        0        0    0/20        0          7 9 3 1 0
                A READ  ant-readable homeward along >= 0.02 on  58.6% of route-cell samples | FOODWARD   5.9% | plane lit on  70.2% | peak amt  65535 cells  74
                THE LOOP, ANT BY ANT:
                  0. lived                                     20    100.0% of prev    100.0% of all
                  1. reached the food                           0      0.0% of prev      0.0% of all
                  2. picked food up out there                   0      0.0% of prev      0.0% of all
                  3. turned for home with it                    0      0.0% of prev      0.0% of all
                  4. got back to the nest still holding it      0      0.0% of prev      0.0% of all
                  5. PUT IT DOWN there                          0      0.0% of prev      0.0% of all
                  6. went back out again                        0      0.0% of prev      0.0% of all
                  7. reached the food a SECOND time             0      0.0% of prev      0.0% of all
                RETURN LEDGER reached food    0 of   20 ants | came back    0 | trips laden    0 empty    0 | LOOPERS    0 of   20 ants ( 0.0% of those that reached food), repeat    0, most loops by one ant   0
                BY ANCHOR AT PICKUP  anchor ON nest material:    0 loops /    0 pickups (  0.0%) | anchor OFF it:    0 /    0 (  0.0%)
                BY BIRTH SITE  born ON comb:   0 of   0 that reached food looped (  0.0%) | born OFF comb:   0 of   0 (  0.0%)
                founded x   30..68   (nest cursor 48 MATERIAL x 26..70 20 of 20 founders born on it; food 138; nearest founder 70 cells out, farthest 108, nominal gap 90)  occupancy/1k [42 22 6 1 2 0 0 0]  carry->nest       0  born    0 died   20 (starved   20)
                own trail: route pk    0 end    0 along +0.0000  B nest->food [2106,4688,7388,9970,8306]  blocked      261  kin swaps       0  ticks     12698  tumbles      3449 (homeward        0, 0.00%)  drops       0  DELIVERED     0  leg home n    0 med     0 p90     0 (laden n    0 med     0 p90     0)  appetite held         0 J of         0  trips born-on-comb    0 (20 ants) / born-off    0 (0 ants)
                channel A: PEAK amt  65535 cells   74 (of 91 route)  POLARITY|| +0.21981 && +0.21691 SPAN +0.01851 edge   6.0  end nest->food [11017,9135,1748,0,0]  nest   25  AtNest 41.94%
                Carrying: laden      8556  of which SPOIL      8556 (100.0%)
    DECISION CENSUS: 13147 decisions, reconciled against the rows and the engine's counters
      leg     setting          n  stepped    felllaunched swappedcrossingreversedblocked_roll_fairoll_fai no_body
      empty   pocket         473    15.4%   33.0%    0.0%    0.0%    0.0%    0.0%    6.1%   22.2%   23.3%    0.0%
      empty   corridor      2045    49.3%    3.1%    0.0%    0.0%    0.0%    0.0%    1.2%   23.0%   23.3%    0.0%
      empty   junction      6071    35.9%    5.4%    0.0%    0.0%    0.0%    0.0%    0.9%   28.6%   29.2%    0.0%
      empty   open          2157    38.5%    7.2%    0.0%    0.0%    0.0%    0.0%    0.0%   26.3%   28.0%    0.0%
      spoil   pocket        1292    32.7%    0.6%    0.0%    0.0%    0.0%    0.0%   25.6%   20.7%   20.4%    0.0%
      spoil   corridor       353    41.9%    0.6%    0.0%    0.0%    0.0%    0.0%   11.0%   24.1%   22.4%    0.0%
      spoil   junction       645    47.8%    1.1%    0.0%    0.0%    0.0%    0.0%    4.5%   24.3%   22.3%    0.0%
      spoil   open           111    55.0%    2.7%    0.0%    0.0%    0.0%    0.0%    0.0%   21.6%   20.7%    0.0%
    DECISIONS: rows not written (decisionnorows)
   90   10  hand    0/0            0     3612     4800        0        0    1/20        0         10 6 2 2 0
                A READ  ant-readable homeward along >= 0.02 on  64.9% of route-cell samples | FOODWARD   1.8% | plane lit on  70.6% | peak amt  65535 cells  85
                THE LOOP, ANT BY ANT:
                  0. lived                                     20    100.0% of prev    100.0% of all
                  1. reached the food                           1      5.0% of prev      5.0% of all
                  2. picked food up out there                   0      0.0% of prev      0.0% of all
                  3. turned for home with it                    0      0.0% of prev      0.0% of all
                  4. got back to the nest still holding it      0      0.0% of prev      0.0% of all
                  5. PUT IT DOWN there                          0      0.0% of prev      0.0% of all
                  6. went back out again                        0      0.0% of prev      0.0% of all
                  7. reached the food a SECOND time             0      0.0% of prev      0.0% of all
                RETURN LEDGER reached food    1 of   20 ants | came back    0 | trips laden    0 empty    0 | LOOPERS    0 of   20 ants ( 0.0% of those that reached food), repeat    0, most loops by one ant   0
                BY ANCHOR AT PICKUP  anchor ON nest material:    0 loops /    0 pickups (  0.0%) | anchor OFF it:    0 /    0 (  0.0%)
                BY BIRTH SITE  born ON comb:   0 of   1 that reached food looped (  0.0%) | born OFF comb:   0 of   0 (  0.0%)
                founded x   30..68   (nest cursor 48 MATERIAL x 26..70 20 of 20 founders born on it; food 138; nearest founder 70 cells out, farthest 108, nominal gap 90)  occupancy/1k [58 12 3 2 1 0 0 0]  carry->nest       0  born    0 died   20 (starved   20)
                own trail: route pk    0 end    0 along +0.0000  B nest->food [2106,4688,7388,9970,8306]  blocked      510  kin swaps       0  ticks     13147  tumbles      3921 (homeward        0, 0.00%)  drops       0  DELIVERED     0  leg home n    0 med     0 p90     0 (laden n    0 med     0 p90     0)  appetite held         0 J of         0  trips born-on-comb    0 (20 ants) / born-off    0 (0 ants)
                channel A: PEAK amt  65535 cells   85 (of 91 route)  POLARITY|| +0.22948 && +0.22990 SPAN +0.02589 edge   6.0  end nest->food [11672,7793,1107,0,0]  nest   25  AtNest 37.56%
                Carrying: laden     14406  of which SPOIL     14406 (100.0%)
    DECISION CENSUS: 14781 decisions, reconciled against the rows and the engine's counters
      leg     setting          n  stepped    felllaunched swappedcrossingreversedblocked_roll_fairoll_fai no_body
      empty   pocket         640    16.9%   22.0%    0.0%    0.0%    0.0%    0.0%    5.5%   27.2%   28.4%    0.0%
      empty   corridor      1899    41.9%    3.3%    0.0%    0.0%    0.0%    0.0%    0.8%   26.7%   27.3%    0.0%
      empty   junction      6704    33.7%    5.4%    0.0%    0.0%    0.0%    0.0%    0.9%   29.6%   30.4%    0.0%
      empty   open          1879    43.7%    8.9%    0.0%    0.0%    0.0%    0.0%    0.0%   23.7%   23.7%    0.0%
      laden   corridor       656     8.2%    0.0%    0.0%    0.0%    0.0%    0.0%    0.2%   46.8%   44.8%    0.0%
      laden   junction        50    30.0%    0.0%    0.0%    0.0%    0.0%    0.0%    0.0%   42.0%   28.0%    0.0%
      spoil   pocket        1151    29.8%    2.2%    0.0%    0.0%    0.0%    0.0%   22.1%   22.8%   23.1%    0.0%
      spoil   corridor       530    40.8%    0.6%    0.0%    0.0%    0.0%    0.0%    8.7%   22.6%   27.4%    0.0%
      spoil   junction      1154    50.1%    0.6%    0.0%    0.0%    0.0%    0.0%    4.0%   21.6%   23.7%    0.0%
      spoil   open           118    49.2%    4.2%    0.0%    0.0%    0.0%    0.0%    0.0%   24.6%   22.0%    0.0%
    DECISIONS: rows not written (decisionnorows)
   90   11  hand    0/0          553     3402    19080     4236     3690    1/20        1         11 7 1 1 0
                A READ  ant-readable homeward along >= 0.02 on  60.8% of route-cell samples | FOODWARD   3.5% | plane lit on  68.2% | peak amt  65535 cells  89
                THE LOOP, ANT BY ANT:
                  0. lived                                     20    100.0% of prev    100.0% of all
                  1. reached the food                           1      5.0% of prev      5.0% of all
                  2. picked food up out there                   1    100.0% of prev      5.0% of all
                  3. turned for home with it                    1    100.0% of prev      5.0% of all
                  4. got back to the nest still holding it      1    100.0% of prev      5.0% of all
                  5. PUT IT DOWN there                          1    100.0% of prev      5.0% of all
                  6. went back out again                        0      0.0% of prev      0.0% of all
                  7. reached the food a SECOND time             0      0.0% of prev      0.0% of all
                RETURN LEDGER reached food    1 of   20 ants | came back    1 | trips laden    1 empty    0 | LOOPERS    1 of   20 ants (100.0% of those that reached food), repeat    0, most loops by one ant   1
                BY ANCHOR AT PICKUP  anchor ON nest material:    1 loops /    1 pickups (100.0%) | anchor OFF it:    0 /    0 (  0.0%)
                BY BIRTH SITE  born ON comb:   1 of   1 that reached food looped (100.0%) | born OFF comb:   0 of   0 (  0.0%)
                LEGS legs[445] laden[445]
                founded x   30..68   (nest cursor 48 MATERIAL x 26..70 20 of 20 founders born on it; food 138; nearest founder 70 cells out, farthest 108, nominal gap 90)  occupancy/1k [62 17 5 0 1 0 0 0]  carry->nest      66  born    0 died   20 (starved   20)
                own trail: route pk    0 end    0 along +0.0000  B nest->food [2106,4723,7409,9990,8307]  blocked      461  kin swaps       0  ticks     14781  tumbles      4564 (homeward      191, 4.18%)  drops       1  DELIVERED     1  leg home n    1 med   445 p90   445 (laden n    1 med   445 p90   445)  appetite held         0 J of      2329  trips born-on-comb    1 (20 ants) / born-off    0 (0 ants)
                channel A: PEAK amt  65535 cells   89 (of 91 route)  POLARITY|| +0.25172 && +0.25608 SPAN +0.01474 edge   5.7  end nest->food [15560,9041,886,0,0]  nest   25  AtNest 42.65%
                Carrying: laden     21954  of which SPOIL     17718 ( 80.7%)
    DECISION CENSUS: 12124 decisions, reconciled against the rows and the engine's counters
      leg     setting          n  stepped    felllaunched swappedcrossingreversedblocked_roll_fairoll_fai no_body
      empty   pocket         635    14.2%   37.2%    0.0%    0.0%    0.0%    0.0%    5.8%   21.9%   20.9%    0.0%
      empty   corridor      1302    45.9%    5.0%    0.0%    0.0%    0.0%    0.0%    2.3%   23.1%   23.7%    0.0%
      empty   junction      5993    38.5%    4.8%    0.0%    0.0%    0.0%    0.0%    1.0%   27.1%   28.4%    0.0%
      empty   open          1686    46.4%    5.8%    0.0%    0.0%    0.0%    0.0%    0.0%   23.3%   24.5%    0.0%
      spoil   pocket         507    25.2%    2.0%    0.0%    0.0%    0.0%    0.0%   20.3%   25.8%   26.6%    0.0%
      spoil   corridor       720    43.1%    0.4%    0.0%    0.0%    0.0%    0.0%    7.2%   26.9%   22.4%    0.0%
      spoil   junction      1069    50.0%    1.2%    0.0%    0.0%    0.0%    0.0%    4.7%   19.6%   24.6%    0.0%
      spoil   open           212    51.4%    2.8%    0.0%    0.0%    0.0%    0.0%    0.0%   20.3%   25.5%    0.0%
    DECISIONS: rows not written (decisionnorows)
   90   12  hand    0/0            0     3240     4308        0        0    1/20        0         11 6 2 1 0
                A READ  ant-readable homeward along >= 0.02 on  64.3% of route-cell samples | FOODWARD   1.7% | plane lit on  65.8% | peak amt  63952 cells  87
                THE LOOP, ANT BY ANT:
                  0. lived                                     20    100.0% of prev    100.0% of all
                  1. reached the food                           1      5.0% of prev      5.0% of all
                  2. picked food up out there                   0      0.0% of prev      0.0% of all
                  3. turned for home with it                    0      0.0% of prev      0.0% of all
                  4. got back to the nest still holding it      0      0.0% of prev      0.0% of all
                  5. PUT IT DOWN there                          0      0.0% of prev      0.0% of all
                  6. went back out again                        0      0.0% of prev      0.0% of all
                  7. reached the food a SECOND time             0      0.0% of prev      0.0% of all
                RETURN LEDGER reached food    1 of   20 ants | came back    0 | trips laden    0 empty    0 | LOOPERS    0 of   20 ants ( 0.0% of those that reached food), repeat    0, most loops by one ant   0
                BY ANCHOR AT PICKUP  anchor ON nest material:    0 loops /    0 pickups (  0.0%) | anchor OFF it:    0 /    0 (  0.0%)
                BY BIRTH SITE  born ON comb:   0 of   1 that reached food looped (  0.0%) | born OFF comb:   0 of   0 (  0.0%)
                founded x   30..68   (nest cursor 48 MATERIAL x 26..70 20 of 20 founders born on it; food 138; nearest founder 70 cells out, farthest 108, nominal gap 90)  occupancy/1k [55 11 2 1 0 0 0 0]  carry->nest       0  born    0 died   20 (starved   20)
                own trail: route pk    0 end    0 along +0.0000  B nest->food [2106,4688,7388,9970,8306]  blocked      334  kin swaps       0  ticks     12124  tumbles      3371 (homeward        0, 0.00%)  drops       0  DELIVERED     0  leg home n    0 med     0 p90     0 (laden n    0 med     0 p90     0)  appetite held         0 J of         0  trips born-on-comb    0 (20 ants) / born-off    0 (0 ants)
                channel A: PEAK amt  63952 cells   87 (of 91 route)  POLARITY|| +0.24030 && +0.24265 SPAN +0.01922 edge   5.9  end nest->food [12129,7648,1109,0,0]  nest   25  AtNest 42.56%
                Carrying: laden     15048  of which SPOIL     15048 (100.0%)
    DECISION CENSUS: 12573 decisions, reconciled against the rows and the engine's counters
      leg     setting          n  stepped    felllaunched swappedcrossingreversedblocked_roll_fairoll_fai no_body
      empty   pocket         569    15.3%   34.1%    0.0%    0.0%    0.0%    0.0%    5.4%   20.9%   24.3%    0.0%
      empty   corridor      1335    42.3%    7.0%    0.0%    0.0%    0.0%    0.0%    1.9%   25.2%   23.5%    0.0%
      empty   junction      6716    37.4%    6.6%    0.0%    0.0%    0.0%    0.0%    1.1%   28.2%   26.6%    0.0%
      empty   open          2190    43.1%    7.0%    0.0%    0.0%    0.0%    0.0%    0.0%   26.5%   23.4%    0.0%
      spoil   pocket         429    28.4%    2.1%    0.0%    0.0%    0.0%    0.0%   19.3%   24.0%   26.1%    0.0%
      spoil   corridor       316    43.4%    0.9%    0.0%    0.0%    0.0%    0.0%   13.6%   20.3%   21.8%    0.0%
      spoil   junction       880    46.1%    2.2%    0.0%    0.0%    0.0%    0.0%    5.5%   22.8%   23.4%    0.0%
      spoil   open           138    54.3%    3.6%    0.0%    0.0%    0.0%    0.0%    0.0%   18.8%   23.2%    0.0%
    DECISIONS: rows not written (decisionnorows)
   90   13  hand    0/0            0        0     4242        0        0    0/20        0          9 8 3 0 0
                A READ  ant-readable homeward along >= 0.02 on  58.1% of route-cell samples | FOODWARD   1.2% | plane lit on  61.5% | peak amt  65535 cells  57
                THE LOOP, ANT BY ANT:
                  0. lived                                     20    100.0% of prev    100.0% of all
                  1. reached the food                           0      0.0% of prev      0.0% of all
                  2. picked food up out there                   0      0.0% of prev      0.0% of all
                  3. turned for home with it                    0      0.0% of prev      0.0% of all
                  4. got back to the nest still holding it      0      0.0% of prev      0.0% of all
                  5. PUT IT DOWN there                          0      0.0% of prev      0.0% of all
                  6. went back out again                        0      0.0% of prev      0.0% of all
                  7. reached the food a SECOND time             0      0.0% of prev      0.0% of all
                RETURN LEDGER reached food    0 of   20 ants | came back    0 | trips laden    0 empty    0 | LOOPERS    0 of   20 ants ( 0.0% of those that reached food), repeat    0, most loops by one ant   0
                BY ANCHOR AT PICKUP  anchor ON nest material:    0 loops /    0 pickups (  0.0%) | anchor OFF it:    0 /    0 (  0.0%)
                BY BIRTH SITE  born ON comb:   0 of   0 that reached food looped (  0.0%) | born OFF comb:   0 of   0 (  0.0%)
                founded x   30..68   (nest cursor 48 MATERIAL x 26..70 20 of 20 founders born on it; food 138; nearest founder 70 cells out, farthest 108, nominal gap 90)  occupancy/1k [55 11 6 2 0 0 0 0]  carry->nest       0  born    0 died   20 (starved   20)
                own trail: route pk    0 end    0 along +0.0000  B nest->food [2106,4688,7388,9970,8306]  blocked      306  kin swaps       0  ticks     12573  tumbles      3634 (homeward        0, 0.00%)  drops       0  DELIVERED     0  leg home n    0 med     0 p90     0 (laden n    0 med     0 p90     0)  appetite held         0 J of         0  trips born-on-comb    0 (20 ants) / born-off    0 (0 ants)
                channel A: PEAK amt  65535 cells   57 (of 91 route)  POLARITY|| +0.25455 && +0.24369 SPAN +0.01175 edge   6.0  end nest->food [11775,7868,1141,0,0]  nest   25  AtNest 38.87%
                Carrying: laden     10578  of which SPOIL     10578 (100.0%)
    DECISION CENSUS: 12571 decisions, reconciled against the rows and the engine's counters
      leg     setting          n  stepped    felllaunched swappedcrossingreversedblocked_roll_fairoll_fai no_body
      empty   pocket         679    16.1%   34.0%    0.0%    0.0%    0.0%    0.0%    6.0%   20.8%   23.1%    0.0%
      empty   corridor      1685    46.2%    3.6%    0.0%    0.0%    0.0%    0.0%    2.1%   24.3%   23.8%    0.0%
      empty   junction      6542    36.3%    5.2%    0.0%    0.0%    0.0%    0.0%    0.8%   28.8%   28.8%    0.0%
      empty   open          1783    44.4%    8.7%    0.0%    0.0%    0.0%    0.0%    0.0%   24.2%   22.7%    0.0%
      spoil   pocket         419    22.7%    5.3%    0.0%    0.0%    0.0%    0.0%   18.4%   27.7%   26.0%    0.0%
      spoil   corridor       357    44.5%    2.2%    0.0%    0.0%    0.0%    0.0%   12.3%   21.8%   19.0%    0.0%
      spoil   junction       931    49.6%    1.5%    0.0%    0.0%    0.0%    0.0%    6.1%   20.2%   22.6%    0.0%
      spoil   open           175    58.3%    2.9%    0.0%    0.0%    0.0%    0.0%    0.0%   18.9%   20.0%    0.0%
    DECISIONS: rows not written (decisionnorows)
   90   14  hand    0/0            0        0     5028        0        0    0/20        0         13 5 2 0 0
                A READ  ant-readable homeward along >= 0.02 on  61.0% of route-cell samples | FOODWARD   1.0% | plane lit on  63.9% | peak amt  65535 cells  64
                THE LOOP, ANT BY ANT:
                  0. lived                                     20    100.0% of prev    100.0% of all
                  1. reached the food                           0      0.0% of prev      0.0% of all
                  2. picked food up out there                   0      0.0% of prev      0.0% of all
                  3. turned for home with it                    0      0.0% of prev      0.0% of all
                  4. got back to the nest still holding it      0      0.0% of prev      0.0% of all
                  5. PUT IT DOWN there                          0      0.0% of prev      0.0% of all
                  6. went back out again                        0      0.0% of prev      0.0% of all
                  7. reached the food a SECOND time             0      0.0% of prev      0.0% of all
                RETURN LEDGER reached food    0 of   20 ants | came back    0 | trips laden    0 empty    0 | LOOPERS    0 of   20 ants ( 0.0% of those that reached food), repeat    0, most loops by one ant   0
                BY ANCHOR AT PICKUP  anchor ON nest material:    0 loops /    0 pickups (  0.0%) | anchor OFF it:    0 /    0 (  0.0%)
                BY BIRTH SITE  born ON comb:   0 of   0 that reached food looped (  0.0%) | born OFF comb:   0 of   0 (  0.0%)
                founded x   30..68   (nest cursor 48 MATERIAL x 26..70 20 of 20 founders born on it; food 138; nearest founder 70 cells out, farthest 108, nominal gap 90)  occupancy/1k [60 9 3 1 0 0 0 0]  carry->nest       0  born    0 died   20 (starved   20)
                own trail: route pk    0 end    0 along +0.0000  B nest->food [2106,4688,7388,9970,8306]  blocked      309  kin swaps       0  ticks     12571  tumbles      3589 (homeward        0, 0.00%)  drops       0  DELIVERED     0  leg home n    0 med     0 p90     0 (laden n    0 med     0 p90     0)  appetite held         0 J of         0  trips born-on-comb    0 (20 ants) / born-off    0 (0 ants)
                channel A: PEAK amt  65535 cells   64 (of 91 route)  POLARITY|| +0.25119 && +0.25392 SPAN +0.03921 edge   6.0  end nest->food [11670,7053,860,0,0]  nest   25  AtNest 42.28%
                Carrying: laden     11292  of which SPOIL     11292 (100.0%)
    DECISION CENSUS: 12781 decisions, reconciled against the rows and the engine's counters
      leg     setting          n  stepped    felllaunched swappedcrossingreversedblocked_roll_fairoll_fai no_body
      empty   pocket         514    15.6%   36.2%    0.0%    0.0%    0.0%    0.0%    6.0%   20.8%   21.4%    0.0%
      empty   corridor      2095    48.4%    3.5%    0.0%    0.0%    0.0%    0.0%    1.2%   23.0%   23.8%    0.0%
      empty   junction      6229    39.2%    6.6%    0.0%    0.0%    0.0%    0.0%    0.9%   27.1%   26.1%    0.0%
      empty   open          2139    44.4%    8.5%    0.0%    0.0%    0.0%    0.0%    0.0%   22.4%   24.7%    0.0%
      laden   corridor       103    58.3%    0.0%    0.0%    0.0%    0.0%    0.0%    1.0%   18.4%   22.3%    0.0%
      laden   junction        17    29.4%    0.0%    0.0%    0.0%    0.0%    0.0%    0.0%   52.9%   17.6%    0.0%
      spoil   pocket         356    27.5%    1.7%    0.0%    0.0%    0.0%    0.0%   25.6%   22.2%   23.0%    0.0%
      spoil   corridor       330    41.5%    0.6%    0.0%    0.0%    0.0%    0.0%   14.2%   22.7%   20.9%    0.0%
      spoil   junction       848    44.5%    0.8%    0.0%    0.0%    0.0%    0.0%    5.1%   24.9%   24.8%    0.0%
      spoil   open           150    64.0%    6.0%    0.0%    0.0%    0.0%    0.0%    0.0%   12.0%   18.0%    0.0%
    DECISIONS: rows not written (decisionnorows)
   90   15  hand    0/0           94     3384     5976      720       66    1/20        1         9 10 0 1 0
                A READ  ant-readable homeward along >= 0.02 on  54.4% of route-cell samples | FOODWARD   5.8% | plane lit on  66.0% | peak amt  65535 cells  87
                THE LOOP, ANT BY ANT:
                  0. lived                                     20    100.0% of prev    100.0% of all
                  1. reached the food                           1      5.0% of prev      5.0% of all
                  2. picked food up out there                   1    100.0% of prev      5.0% of all
                  3. turned for home with it                    1    100.0% of prev      5.0% of all
                  4. got back to the nest still holding it      1    100.0% of prev      5.0% of all
                  5. PUT IT DOWN there                          1    100.0% of prev      5.0% of all
                  6. went back out again                        0      0.0% of prev      0.0% of all
                  7. reached the food a SECOND time             0      0.0% of prev      0.0% of all
                RETURN LEDGER reached food    1 of   20 ants | came back    1 | trips laden    1 empty    0 | LOOPERS    1 of   20 ants (100.0% of those that reached food), repeat    0, most loops by one ant   1
                BY ANCHOR AT PICKUP  anchor ON nest material:    1 loops /    1 pickups (100.0%) | anchor OFF it:    0 /    0 (  0.0%)
                BY BIRTH SITE  born ON comb:   1 of   1 that reached food looped (100.0%) | born OFF comb:   0 of   0 (  0.0%)
                LEGS legs[565] laden[565]
                founded x   30..68   (nest cursor 48 MATERIAL x 26..70 20 of 20 founders born on it; food 138; nearest founder 70 cells out, farthest 108, nominal gap 90)  occupancy/1k [49 18 5 1 0 1 0 0]  carry->nest      59  born    0 died   20 (starved   20)
                own trail: route pk    0 end    0 along +0.0000  B nest->food [2106,4703,7408,9989,8306]  blocked      296  kin swaps       0  ticks     12781  tumbles      3467 (homeward        5, 0.14%)  drops       6  DELIVERED     6  leg home n    1 med   565 p90   565 (laden n    1 med   565 p90   565)  appetite held         0 J of       396  trips born-on-comb    1 (20 ants) / born-off    0 (0 ants)
                channel A: PEAK amt  65535 cells   87 (of 91 route)  POLARITY|| +0.24052 && +0.23224 SPAN +0.02894 edge   5.9  end nest->food [11680,8981,1403,0,0]  nest   25  AtNest 37.17%
                Carrying: laden     10824  of which SPOIL     10104 ( 93.3%)
    DECISION CENSUS: 13551 decisions, reconciled against the rows and the engine's counters
      leg     setting          n  stepped    felllaunched swappedcrossingreversedblocked_roll_fairoll_fai no_body
      empty   pocket         526    14.6%   35.4%    0.0%    0.0%    0.0%    0.0%    7.8%   24.0%   18.3%    0.0%
      empty   corridor      1855    49.6%    4.5%    0.0%    0.0%    0.0%    0.0%    1.0%   22.6%   22.3%    0.0%
      empty   junction      6812    34.5%    7.1%    0.0%    0.0%    0.0%    0.0%    0.8%   28.1%   29.4%    0.0%
      empty   open          2655    42.9%    9.2%    0.0%    0.0%    0.0%    0.0%    0.0%   23.4%   24.6%    0.0%
      laden   pocket          19     0.0%    5.3%    0.0%    0.0%    0.0%    0.0%   21.1%   47.4%   26.3%    0.0%
      laden   corridor       108    52.8%    0.0%    0.0%    0.0%    0.0%    0.0%    0.0%   21.3%   25.9%    0.0%
      laden   junction        75    33.3%    6.7%    0.0%    0.0%    0.0%    0.0%    0.0%   44.0%   16.0%    0.0%
      laden   open            43    20.9%    9.3%    0.0%    0.0%    0.0%    0.0%    0.0%   39.5%   30.2%    0.0%
      spoil   pocket         387    28.4%    4.9%    0.0%    0.0%    0.0%    0.0%   22.5%   24.5%   19.6%    0.0%
      spoil   corridor       229    45.9%    0.4%    0.0%    0.0%    0.0%    0.0%   14.8%   16.6%   22.3%    0.0%
      spoil   junction       682    49.9%    2.3%    0.0%    0.0%    0.0%    0.0%    4.4%   19.8%   23.6%    0.0%
      spoil   open           160    60.0%    4.4%    0.0%    0.0%    0.0%    0.0%    0.0%   15.6%   20.0%    0.0%
    DECISIONS: rows not written (decisionnorows)
   90   16  hand    0/0          192     1914     4644     1470      918    1/20        1         10 6 2 2 0
                A READ  ant-readable homeward along >= 0.02 on  67.1% of route-cell samples | FOODWARD   2.6% | plane lit on  73.4% | peak amt  65535 cells  87
                THE LOOP, ANT BY ANT:
                  0. lived                                     20    100.0% of prev    100.0% of all
                  1. reached the food                           1      5.0% of prev      5.0% of all
                  2. picked food up out there                   1    100.0% of prev      5.0% of all
                  3. turned for home with it                    1    100.0% of prev      5.0% of all
                  4. got back to the nest still holding it      1    100.0% of prev      5.0% of all
                  5. PUT IT DOWN there                          1    100.0% of prev      5.0% of all
                  6. went back out again                        1    100.0% of prev      5.0% of all
                  7. reached the food a SECOND time             0      0.0% of prev      0.0% of all
                RETURN LEDGER reached food    1 of   20 ants | came back    1 | trips laden    1 empty    0 | LOOPERS    1 of   20 ants (100.0% of those that reached food), repeat    0, most loops by one ant   1
                BY ANCHOR AT PICKUP  anchor ON nest material:    1 loops /    1 pickups (100.0%) | anchor OFF it:    0 /    0 (  0.0%)
                BY BIRTH SITE  born ON comb:   1 of   1 that reached food looped (100.0%) | born OFF comb:   0 of   0 (  0.0%)
                LEGS legs[511] laden[511]
                founded x   30..68   (nest cursor 48 MATERIAL x 26..70 20 of 20 founders born on it; food 138; nearest founder 70 cells out, farthest 108, nominal gap 90)  occupancy/1k [62 10 3 1 1 1 0 0]  carry->nest      62  born    0 died   20 (starved   20)
                own trail: route pk    0 end    0 along +0.0000  B nest->food [2106,4703,7409,9991,8306]  blocked      272  kin swaps       0  ticks     13551  tumbles      3727 (homeward       12, 0.32%)  drops      47  DELIVERED    47  leg home n    1 med   511 p90   511 (laden n    1 med   511 p90   511)  appetite held         0 J of       808  trips born-on-comb    1 (20 ants) / born-off    0 (0 ants)
                channel A: PEAK amt  65535 cells   87 (of 91 route)  POLARITY|| +0.22675 && +0.22926 SPAN +0.03045 edge   5.9  end nest->food [12742,8104,1134,0,0]  nest   25  AtNest 39.18%
                Carrying: laden     10218  of which SPOIL      8760 ( 85.7%)
    DECISION CENSUS: 13904 decisions, reconciled against the rows and the engine's counters
      leg     setting          n  stepped    felllaunched swappedcrossingreversedblocked_roll_fairoll_fai no_body
      empty   pocket         679    18.1%   26.4%    0.0%    0.0%    0.0%    0.0%    8.2%   25.6%   21.6%    0.0%
      empty   corridor      2646    47.0%    2.1%    0.0%    0.0%    0.0%    0.0%    1.8%   25.6%   23.5%    0.0%
      empty   junction      5903    38.9%    4.8%    0.0%    0.0%    0.0%    0.0%    1.1%   27.9%   27.4%    0.0%
      empty   open          1675    40.9%    6.9%    0.0%    0.0%    0.0%    0.0%    0.0%   25.5%   26.7%    0.0%
      laden   pocket          22     0.0%   22.7%    0.0%    0.0%    0.0%    0.0%    0.0%   40.9%   36.4%    0.0%
      laden   corridor       128    40.6%    0.0%    0.0%    0.0%    0.0%    0.0%    0.8%   30.5%   28.1%    0.0%
      laden   junction       296    18.6%    0.7%    0.0%    0.0%    0.0%    0.0%    0.3%   38.9%   41.6%    0.0%
      laden   open            35    17.1%    0.0%    0.0%    0.0%    0.0%    0.0%    0.0%   31.4%   51.4%    0.0%
      spoil   pocket         642    28.7%    1.4%    0.0%    0.0%    0.0%    0.0%   21.8%   26.3%   21.8%    0.0%
      spoil   corridor       645    43.9%    0.6%    0.0%    0.0%    0.0%    0.0%    7.1%   25.3%   23.1%    0.0%
      spoil   junction      1116    45.0%    0.8%    0.0%    0.0%    0.0%    0.0%    4.4%   22.9%   26.9%    0.0%
      spoil   open           117    52.1%    1.7%    0.0%    0.0%    0.0%    0.0%    0.0%   20.5%   25.6%    0.0%
    DECISIONS: rows not written (decisionnorows)
   90   17  hand    0/0          377     1992     8334     2886     2250    1/20        1         14 4 1 1 0
                A READ  ant-readable homeward along >= 0.02 on  60.3% of route-cell samples | FOODWARD   5.0% | plane lit on  67.6% | peak amt  65535 cells  87
                THE LOOP, ANT BY ANT:
                  0. lived                                     20    100.0% of prev    100.0% of all
                  1. reached the food                           1      5.0% of prev      5.0% of all
                  2. picked food up out there                   1    100.0% of prev      5.0% of all
                  3. turned for home with it                    1    100.0% of prev      5.0% of all
                  4. got back to the nest still holding it      1    100.0% of prev      5.0% of all
                  5. PUT IT DOWN there                          1    100.0% of prev      5.0% of all
                  6. went back out again                        0      0.0% of prev      0.0% of all
                  7. reached the food a SECOND time             0      0.0% of prev      0.0% of all
                RETURN LEDGER reached food    1 of   20 ants | came back    1 | trips laden    1 empty    0 | LOOPERS    1 of   20 ants (100.0% of those that reached food), repeat    0, most loops by one ant   1
                BY ANCHOR AT PICKUP  anchor ON nest material:    1 loops /    1 pickups (100.0%) | anchor OFF it:    0 /    0 (  0.0%)
                BY BIRTH SITE  born ON comb:   1 of   1 that reached food looped (100.0%) | born OFF comb:   0 of   0 (  0.0%)
                LEGS legs[571] laden[571]
                founded x   30..68   (nest cursor 48 MATERIAL x 26..70 20 of 20 founders born on it; food 138; nearest founder 70 cells out, farthest 108, nominal gap 90)  occupancy/1k [61 15 2 1 0 0 0 0]  carry->nest      58  born    0 died   20 (starved   20)
                own trail: route pk    0 end    0 along +0.0000  B nest->food [2106,4707,7407,9989,8306]  blocked      403  kin swaps       0  ticks     13904  tumbles      4112 (homeward       29, 0.71%)  drops     119  DELIVERED   119  leg home n    1 med   571 p90   571 (laden n    1 med   571 p90   571)  appetite held         0 J of      1587  trips born-on-comb    1 (20 ants) / born-off    0 (0 ants)
                channel A: PEAK amt  65535 cells   87 (of 91 route)  POLARITY|| +0.24190 && +0.24465 SPAN +0.03380 edge   6.0  end nest->food [13251,7973,777,0,0]  nest   25  AtNest 41.58%
                Carrying: laden     18006  of which SPOIL     15630 ( 86.8%)
    DECISION CENSUS: 12384 decisions, reconciled against the rows and the engine's counters
      leg     setting          n  stepped    felllaunched swappedcrossingreversedblocked_roll_fairoll_fai no_body
      empty   pocket         807    20.2%   23.2%    0.0%    0.0%    0.0%    0.0%    9.3%   22.7%   24.7%    0.0%
      empty   corridor      2062    44.8%    3.4%    0.0%    0.0%    0.0%    0.0%    1.6%   25.5%   24.6%    0.0%
      empty   junction      5368    41.6%    4.6%    0.0%    0.0%    0.0%    0.0%    1.4%   27.0%   25.4%    0.0%
      empty   open          1733    45.1%    5.3%    0.0%    0.0%    0.0%    0.0%    0.0%   22.8%   26.8%    0.0%
      spoil   pocket         777    28.1%    1.2%    0.0%    0.0%    0.0%    0.0%   22.7%   23.7%   24.5%    0.0%
      spoil   corridor       518    38.4%    0.4%    0.0%    0.0%    0.0%    0.0%    8.9%   23.6%   28.8%    0.0%
      spoil   junction       956    46.7%    0.6%    0.0%    0.0%    0.0%    0.0%    4.9%   24.5%   23.3%    0.0%
      spoil   open           163    50.9%    0.6%    0.0%    0.0%    0.0%    0.0%    0.0%   27.0%   21.5%    0.0%
    DECISIONS: rows not written (decisionnorows)
   90   18  hand    0/0            0        0     4230        0        0    0/20        0         13 6 1 0 0
                A READ  ant-readable homeward along >= 0.02 on  52.9% of route-cell samples | FOODWARD   2.7% | plane lit on  59.8% | peak amt  64703 cells  57
                THE LOOP, ANT BY ANT:
                  0. lived                                     20    100.0% of prev    100.0% of all
                  1. reached the food                           0      0.0% of prev      0.0% of all
                  2. picked food up out there                   0      0.0% of prev      0.0% of all
                  3. turned for home with it                    0      0.0% of prev      0.0% of all
                  4. got back to the nest still holding it      0      0.0% of prev      0.0% of all
                  5. PUT IT DOWN there                          0      0.0% of prev      0.0% of all
                  6. went back out again                        0      0.0% of prev      0.0% of all
                  7. reached the food a SECOND time             0      0.0% of prev      0.0% of all
                RETURN LEDGER reached food    0 of   20 ants | came back    0 | trips laden    0 empty    0 | LOOPERS    0 of   20 ants ( 0.0% of those that reached food), repeat    0, most loops by one ant   0
                BY ANCHOR AT PICKUP  anchor ON nest material:    0 loops /    0 pickups (  0.0%) | anchor OFF it:    0 /    0 (  0.0%)
                BY BIRTH SITE  born ON comb:   0 of   0 that reached food looped (  0.0%) | born OFF comb:   0 of   0 (  0.0%)
                founded x   30..68   (nest cursor 48 MATERIAL x 26..70 20 of 20 founders born on it; food 138; nearest founder 70 cells out, farthest 108, nominal gap 90)  occupancy/1k [50 19 2 1 0 0 0 0]  carry->nest       0  born    0 died   20 (starved   20)
                own trail: route pk    0 end    0 along +0.0000  B nest->food [2106,4688,7388,9970,8306]  blocked      452  kin swaps       0  ticks     12384  tumbles      3591 (homeward        0, 0.00%)  drops       0  DELIVERED     0  leg home n    0 med     0 p90     0 (laden n    0 med     0 p90     0)  appetite held         0 J of         0  trips born-on-comb    0 (20 ants) / born-off    0 (0 ants)
                channel A: PEAK amt  64703 cells   57 (of 91 route)  POLARITY|| +0.26029 && +0.25701 SPAN +0.02811 edge   6.0  end nest->food [11247,7706,911,0,0]  nest   25  AtNest 39.43%
                Carrying: laden     14484  of which SPOIL     14484 (100.0%)
    DECISION CENSUS: 17735 decisions, reconciled against the rows and the engine's counters
      leg     setting          n  stepped    felllaunched swappedcrossingreversedblocked_roll_fairoll_fai no_body
      empty   pocket        1149    18.9%   21.4%    0.0%    0.0%    0.0%    0.0%    9.5%   25.0%   25.2%    0.0%
      empty   corridor      2864    44.3%    1.9%    0.0%    0.0%    0.0%    0.0%    1.9%   26.0%   25.9%    0.0%
      empty   junction      7216    37.4%    4.7%    0.0%    0.0%    0.0%    0.0%    0.8%   27.9%   29.1%    0.0%
      empty   open          2093    35.7%    7.3%    0.0%    0.0%    0.0%    0.0%    0.0%   28.4%   28.6%    0.0%
      laden   pocket         624     0.3%    0.6%    0.0%    0.0%    0.0%    0.0%    0.2%   51.6%   47.3%    0.0%
      laden   corridor       536    19.0%    0.0%    0.0%    0.0%    0.0%    0.0%    0.6%   39.2%   41.2%    0.0%
      laden   junction       556    16.2%    1.1%    0.0%    0.0%    0.0%    0.0%    0.0%   40.8%   41.9%    0.0%
      laden   open            30    10.0%    0.0%    0.0%    0.0%    0.0%    0.0%    0.0%   46.7%   43.3%    0.0%
      spoil   pocket         998    29.0%    1.2%    0.0%    0.0%    0.0%    0.0%   21.8%   25.1%   22.9%    0.0%
      spoil   corridor       617    41.0%    0.5%    0.0%    0.0%    0.0%    0.0%    9.1%   23.5%   25.9%    0.0%
      spoil   junction       953    46.6%    0.7%    0.0%    0.0%    0.0%    0.0%    4.6%   23.8%   24.2%    0.0%
      spoil   open            99    36.4%    2.0%    0.0%    0.0%    0.0%    0.0%    0.0%   32.3%   29.3%    0.0%
    DECISIONS: rows not written (decisionnorows)
   90   19  hand    1/1         1370     2988        0    10476     8544    2/20        2         14 4 0 2 0
                A READ  ant-readable homeward along >= 0.02 on  59.5% of route-cell samples | FOODWARD   6.6% | plane lit on  71.3% | peak amt  65535 cells  88
                THE LOOP, ANT BY ANT:
                  0. lived                                     20    100.0% of prev    100.0% of all
                  1. reached the food                           2     10.0% of prev     10.0% of all
                  2. picked food up out there                   2    100.0% of prev     10.0% of all
                  3. turned for home with it                    2    100.0% of prev     10.0% of all
                  4. got back to the nest still holding it      2    100.0% of prev     10.0% of all
                  5. PUT IT DOWN there                          2    100.0% of prev     10.0% of all
                  6. went back out again                        2    100.0% of prev     10.0% of all
                  7. reached the food a SECOND time             0      0.0% of prev      0.0% of all
                RETURN LEDGER reached food    2 of   20 ants | came back    2 | trips laden    2 empty    0 | LOOPERS    2 of   20 ants (100.0% of those that reached food), repeat    0, most loops by one ant   1
                BY ANCHOR AT PICKUP  anchor ON nest material:    2 loops /    2 pickups (100.0%) | anchor OFF it:    0 /    0 (  0.0%)
                BY BIRTH SITE  born ON comb:   2 of   2 that reached food looped (100.0%) | born OFF comb:   0 of   0 (  0.0%)
                LEGS legs[823,973] laden[823,973]
                founded x   30..68   (nest cursor 48 MATERIAL x 26..70 20 of 20 founders born on it; food 138; nearest founder 70 cells out, farthest 108, nominal gap 90)  occupancy/1k [54 37 8 1 1 1 0 0]  carry->nest     126  born    0 died   19 (starved   19)
                own trail: route pk   12 end   11 along +0.0000  B nest->food [2106,4778,7428,10010,8306]  blocked      545  kin swaps       0  ticks     17735  tumbles      5609 (homeward       80, 1.43%)  drops     381  DELIVERED   381  leg home n    2 med   973 p90   973 (laden n    2 med   973 p90   973)  appetite held         0 J of      5768  trips born-on-comb    2 (20 ants) / born-off    0 (0 ants)
                channel A: PEAK amt  65535 cells   88 (of 91 route)  POLARITY|| +0.23370 && +0.23521 SPAN +0.02387 edge   5.8  end nest->food [13841,11307,1516,0,0]  nest   25  AtNest 39.03%
                Carrying: laden     26478  of which SPOIL     16098 ( 60.8%)
    DECISION CENSUS: 12805 decisions, reconciled against the rows and the engine's counters
      leg     setting          n  stepped    felllaunched swappedcrossingreversedblocked_roll_fairoll_fai no_body
      empty   pocket         863    20.2%   25.4%    0.0%    0.0%    0.0%    0.0%    8.5%   23.9%   22.1%    0.0%
      empty   corridor      2010    49.7%    2.6%    0.0%    0.0%    0.0%    0.0%    1.9%   22.7%   23.2%    0.0%
      empty   junction      5471    38.0%    5.2%    0.0%    0.0%    0.0%    0.0%    0.9%   28.2%   27.8%    0.0%
      empty   open          1461    35.2%    4.8%    0.0%    0.0%    0.0%    0.0%    0.0%   28.5%   31.5%    0.0%
      spoil   pocket        1183    29.3%    1.4%    0.0%    0.0%    0.0%    0.0%   23.5%   24.0%   21.7%    0.0%
      spoil   corridor      1000    54.1%    0.2%    0.0%    0.0%    0.0%    0.0%    3.9%   22.5%   19.3%    0.0%
      spoil   junction       746    46.8%    1.2%    0.0%    0.0%    0.0%    0.0%    3.4%   22.5%   26.1%    0.0%
      spoil   open            71    56.3%    4.2%    0.0%    0.0%    0.0%    0.0%    0.0%   15.5%   23.9%    0.0%
    DECISIONS: rows not written (decisionnorows)
   90   20  hand    0/0            0        0     4704        0        0    0/20        0         10 6 4 0 0
                A READ  ant-readable homeward along >= 0.02 on  61.3% of route-cell samples | FOODWARD   2.6% | plane lit on  69.6% | peak amt  63602 cells  70
                THE LOOP, ANT BY ANT:
                  0. lived                                     20    100.0% of prev    100.0% of all
                  1. reached the food                           0      0.0% of prev      0.0% of all
                  2. picked food up out there                   0      0.0% of prev      0.0% of all
                  3. turned for home with it                    0      0.0% of prev      0.0% of all
                  4. got back to the nest still holding it      0      0.0% of prev      0.0% of all
                  5. PUT IT DOWN there                          0      0.0% of prev      0.0% of all
                  6. went back out again                        0      0.0% of prev      0.0% of all
                  7. reached the food a SECOND time             0      0.0% of prev      0.0% of all
                RETURN LEDGER reached food    0 of   20 ants | came back    0 | trips laden    0 empty    0 | LOOPERS    0 of   20 ants ( 0.0% of those that reached food), repeat    0, most loops by one ant   0
                BY ANCHOR AT PICKUP  anchor ON nest material:    0 loops /    0 pickups (  0.0%) | anchor OFF it:    0 /    0 (  0.0%)
                BY BIRTH SITE  born ON comb:   0 of   0 that reached food looped (  0.0%) | born OFF comb:   0 of   0 (  0.0%)
                founded x   30..68   (nest cursor 48 MATERIAL x 26..70 20 of 20 founders born on it; food 138; nearest founder 70 cells out, farthest 108, nominal gap 90)  occupancy/1k [50 17 4 3 1 0 0 0]  carry->nest       0  born    0 died   20 (starved   20)
                own trail: route pk    0 end    0 along +0.0000  B nest->food [2106,4688,7388,9970,8306]  blocked      502  kin swaps       0  ticks     12805  tumbles      3809 (homeward        0, 0.00%)  drops       0  DELIVERED     0  leg home n    0 med     0 p90     0 (laden n    0 med     0 p90     0)  appetite held         0 J of         0  trips born-on-comb    0 (20 ants) / born-off    0 (0 ants)
                channel A: PEAK amt  63602 cells   70 (of 91 route)  POLARITY|| +0.22623 && +0.22676 SPAN +0.02660 edge   6.0  end nest->food [11018,7963,1465,0,0]  nest   25  AtNest 35.36%
                Carrying: laden     18000  of which SPOIL     18000 (100.0%)
    DECISION CENSUS: 12502 decisions, reconciled against the rows and the engine's counters
      leg     setting          n  stepped    felllaunched swappedcrossingreversedblocked_roll_fairoll_fai no_body
      empty   pocket         763    18.6%   27.7%    0.0%    0.0%    0.0%    0.0%    8.9%   20.2%   24.6%    0.0%
      empty   corridor      1361    44.5%    4.3%    0.0%    0.0%    0.0%    0.0%    2.4%   25.0%   23.8%    0.0%
      empty   junction      5932    37.9%    5.9%    0.0%    0.0%    0.0%    0.0%    1.3%   27.5%   27.3%    0.0%
      empty   open          1853    44.5%    7.1%    0.0%    0.0%    0.0%    0.0%    0.0%   24.0%   24.4%    0.0%
      spoil   pocket         840    31.8%    1.7%    0.0%    0.0%    0.0%    0.0%   26.5%   17.6%   22.4%    0.0%
      spoil   corridor       640    47.0%    0.9%    0.0%    0.0%    0.0%    0.0%    6.1%   22.8%   23.1%    0.0%
      spoil   junction       964    49.1%    2.3%    0.0%    0.0%    0.0%    0.0%    4.1%   21.7%   22.8%    0.0%
      spoil   open           149    61.7%    4.0%    0.0%    0.0%    0.0%    0.0%    0.0%   15.4%   18.8%    0.0%
    DECISIONS: rows not written (decisionnorows)
   90   21  hand    0/0            0        0     4122        0        0    0/20        0         12 6 2 0 0
                A READ  ant-readable homeward along >= 0.02 on  64.3% of route-cell samples | FOODWARD   1.0% | plane lit on  64.8% | peak amt  65535 cells  63
                THE LOOP, ANT BY ANT:
                  0. lived                                     20    100.0% of prev    100.0% of all
                  1. reached the food                           0      0.0% of prev      0.0% of all
                  2. picked food up out there                   0      0.0% of prev      0.0% of all
                  3. turned for home with it                    0      0.0% of prev      0.0% of all
                  4. got back to the nest still holding it      0      0.0% of prev      0.0% of all
                  5. PUT IT DOWN there                          0      0.0% of prev      0.0% of all
                  6. went back out again                        0      0.0% of prev      0.0% of all
                  7. reached the food a SECOND time             0      0.0% of prev      0.0% of all
                RETURN LEDGER reached food    0 of   20 ants | came back    0 | trips laden    0 empty    0 | LOOPERS    0 of   20 ants ( 0.0% of those that reached food), repeat    0, most loops by one ant   0
                BY ANCHOR AT PICKUP  anchor ON nest material:    0 loops /    0 pickups (  0.0%) | anchor OFF it:    0 /    0 (  0.0%)
                BY BIRTH SITE  born ON comb:   0 of   0 that reached food looped (  0.0%) | born OFF comb:   0 of   0 (  0.0%)
                founded x   30..68   (nest cursor 48 MATERIAL x 26..70 20 of 20 founders born on it; food 138; nearest founder 70 cells out, farthest 108, nominal gap 90)  occupancy/1k [51 15 5 1 1 0 0 0]  carry->nest       0  born    0 died   20 (starved   20)
                own trail: route pk    0 end    0 along +0.0000  B nest->food [2106,4688,7388,9970,8306]  blocked      482  kin swaps       0  ticks     12502  tumbles      3577 (homeward        0, 0.00%)  drops       0  DELIVERED     0  leg home n    0 med     0 p90     0 (laden n    0 med     0 p90     0)  appetite held         0 J of         0  trips born-on-comb    0 (20 ants) / born-off    0 (0 ants)
                channel A: PEAK amt  65535 cells   63 (of 91 route)  POLARITY|| +0.24391 && +0.24175 SPAN +0.02083 edge   6.0  end nest->food [11868,7461,1073,0,0]  nest   25  AtNest 40.05%
                Carrying: laden     15558  of which SPOIL     15558 (100.0%)
    DECISION CENSUS: 16420 decisions, reconciled against the rows and the engine's counters
      leg     setting          n  stepped    felllaunched swappedcrossingreversedblocked_roll_fairoll_fai no_body
      empty   pocket         843    17.4%   25.5%    0.0%    0.0%    0.0%    0.0%    8.2%   25.5%   23.4%    0.0%
      empty   corridor      1889    43.4%    3.5%    0.0%    0.0%    0.0%    0.0%    2.0%   25.5%   25.5%    0.0%
      empty   junction      6343    38.8%    4.3%    0.0%    0.0%    0.0%    0.0%    1.0%   27.2%   28.6%    0.0%
      empty   open          1612    39.9%    7.4%    0.0%    0.0%    0.0%    0.0%    0.0%   26.0%   26.7%    0.0%
      laden   pocket           3     0.0%  100.0%    0.0%    0.0%    0.0%    0.0%    0.0%    0.0%    0.0%    0.0%
      laden   corridor       234    22.6%    0.0%    0.0%    0.0%    0.0%    0.0%    0.0%   37.2%   40.2%    0.0%
      laden   junction      2552     6.9%    0.1%    0.0%    0.0%    0.0%    0.0%    0.1%   46.5%   46.4%    0.0%
      laden   open            12    25.0%    0.0%    0.0%    0.0%    0.0%    0.0%    0.0%   25.0%   50.0%    0.0%
      spoil   pocket        1414    32.1%    1.1%    0.0%    0.0%    0.0%    0.0%   25.5%   20.7%   20.6%    0.0%
      spoil   corridor       566    41.3%    0.5%    0.0%    0.0%    0.0%    0.0%    7.2%   24.2%   26.7%    0.0%
      spoil   junction       840    45.6%    1.7%    0.0%    0.0%    0.0%    0.0%    3.6%   24.9%   24.3%    0.0%
      spoil   open           112    49.1%    1.8%    0.0%    0.0%    0.0%    0.0%    0.0%   21.4%   27.7%    0.0%
    DECISIONS: rows not written (decisionnorows)
   90   22  hand    2/1         2795     3294        0    16806    16230    1/22        1         12 7 2 1 0
                A READ  ant-readable homeward along >= 0.02 on  63.5% of route-cell samples | FOODWARD   1.6% | plane lit on  68.8% | peak amt  65148 cells  89
                THE LOOP, ANT BY ANT:
                  0. lived                                     22    100.0% of prev    100.0% of all
                  1. reached the food                           1      4.5% of prev      4.5% of all
                  2. picked food up out there                   1    100.0% of prev      4.5% of all
                  3. turned for home with it                    1    100.0% of prev      4.5% of all
                  4. got back to the nest still holding it      1    100.0% of prev      4.5% of all
                  5. PUT IT DOWN there                          1    100.0% of prev      4.5% of all
                  6. went back out again                        1    100.0% of prev      4.5% of all
                  7. reached the food a SECOND time             0      0.0% of prev      0.0% of all
                RETURN LEDGER reached food    1 of   22 ants | came back    1 | trips laden    1 empty    0 | LOOPERS    1 of   22 ants (100.0% of those that reached food), repeat    0, most loops by one ant   1
                BY ANCHOR AT PICKUP  anchor ON nest material:    1 loops /    1 pickups (100.0%) | anchor OFF it:    0 /    0 (  0.0%)
                BY BIRTH SITE  born ON comb:   1 of   1 that reached food looped (100.0%) | born OFF comb:   0 of   0 (  0.0%)
                LEGS legs[529] laden[529]
                founded x   30..68   (nest cursor 48 MATERIAL x 26..70 20 of 22 founders born on it; food 138; nearest founder 70 cells out, farthest 108, nominal gap 90)  occupancy/1k [54 24 15 2 0 0 0 0]  carry->nest      49  born    2 died   20 (starved   20)
                own trail: route pk   16 end   14 along +0.0003  B nest->food [2106,6178,7407,9990,8306]  blocked      608  kin swaps       0  ticks     16420  tumbles      5386 (homeward      354, 6.57%)  drops     438  DELIVERED   438  leg home n    1 med   529 p90   529 (laden n    1 med   529 p90   529)  appetite held         0 J of      8765  trips born-on-comb    1 (20 ants) / born-off    0 (2 ants)
                channel A: PEAK amt  65148 cells   89 (of 91 route)  POLARITY|| +0.23585 && +0.23701 SPAN +0.03050 edge   5.6  end nest->food [12378,10980,1181,0,0]  nest   25  AtNest 37.09%
                Carrying: laden     34384  of which SPOIL     19072 ( 55.5%)
    DECISION CENSUS: 12748 decisions, reconciled against the rows and the engine's counters
      leg     setting          n  stepped    felllaunched swappedcrossingreversedblocked_roll_fairoll_fai no_body
      empty   pocket         684    18.0%   31.7%    0.0%    0.0%    0.0%    0.0%    9.1%   20.0%   21.2%    0.0%
      empty   corridor      1904    44.8%    4.0%    0.0%    0.0%    0.0%    0.0%    1.3%   25.9%   23.9%    0.0%
      empty   junction      6308    38.5%    5.9%    0.0%    0.0%    0.0%    0.0%    1.0%   27.7%   26.9%    0.0%
      empty   open          2111    42.3%    6.8%    0.0%    0.0%    0.0%    0.0%    0.0%   26.2%   24.7%    0.0%
      spoil   pocket         461    26.9%    2.6%    0.0%    0.0%    0.0%    0.0%   20.2%   26.0%   24.3%    0.0%
      spoil   corridor       368    42.4%    1.1%    0.0%    0.0%    0.0%    0.0%   12.8%   22.3%   21.5%    0.0%
      spoil   junction       778    48.1%    1.8%    0.0%    0.0%    0.0%    0.0%    1.9%   25.3%   22.9%    0.0%
      spoil   open           134    63.4%    0.7%    0.0%    0.0%    0.0%    0.0%    0.0%   17.9%   17.9%    0.0%
    DECISIONS: rows not written (decisionnorows)
   90   23  hand    0/0            0        0     4620        0        0    0/20        0         12 3 4 1 0
                A READ  ant-readable homeward along >= 0.02 on  65.4% of route-cell samples | FOODWARD   0.8% | plane lit on  67.4% | peak amt  64650 cells  72
                THE LOOP, ANT BY ANT:
                  0. lived                                     20    100.0% of prev    100.0% of all
                  1. reached the food                           0      0.0% of prev      0.0% of all
                  2. picked food up out there                   0      0.0% of prev      0.0% of all
                  3. turned for home with it                    0      0.0% of prev      0.0% of all
                  4. got back to the nest still holding it      0      0.0% of prev      0.0% of all
                  5. PUT IT DOWN there                          0      0.0% of prev      0.0% of all
                  6. went back out again                        0      0.0% of prev      0.0% of all
                  7. reached the food a SECOND time             0      0.0% of prev      0.0% of all
                RETURN LEDGER reached food    0 of   20 ants | came back    0 | trips laden    0 empty    0 | LOOPERS    0 of   20 ants ( 0.0% of those that reached food), repeat    0, most loops by one ant   0
                BY ANCHOR AT PICKUP  anchor ON nest material:    0 loops /    0 pickups (  0.0%) | anchor OFF it:    0 /    0 (  0.0%)
                BY BIRTH SITE  born ON comb:   0 of   0 that reached food looped (  0.0%) | born OFF comb:   0 of   0 (  0.0%)
                founded x   30..68   (nest cursor 48 MATERIAL x 26..70 20 of 20 founders born on it; food 138; nearest founder 70 cells out, farthest 108, nominal gap 90)  occupancy/1k [49 14 4 5 1 0 0 0]  carry->nest       0  born    0 died   20 (starved   20)
                own trail: route pk    0 end    0 along +0.0000  B nest->food [2106,4688,7388,9970,8306]  blocked      304  kin swaps       0  ticks     12748  tumbles      3661 (homeward        0, 0.00%)  drops       0  DELIVERED     0  leg home n    0 med     0 p90     0 (laden n    0 med     0 p90     0)  appetite held         0 J of         0  trips born-on-comb    0 (20 ants) / born-off    0 (0 ants)
                channel A: PEAK amt  64650 cells   72 (of 91 route)  POLARITY|| +0.24057 && +0.24043 SPAN +0.02576 edge   6.0  end nest->food [11265,6894,969,0,0]  nest   25  AtNest 35.14%
                Carrying: laden     10446  of which SPOIL     10446 (100.0%)
    DECISION CENSUS: 12163 decisions, reconciled against the rows and the engine's counters
      leg     setting          n  stepped    felllaunched swappedcrossingreversedblocked_roll_fairoll_fai no_body
      empty   pocket         761    22.9%   19.6%    0.0%    0.0%    0.0%    0.0%   14.6%   18.4%   24.6%    0.0%
      empty   corridor      1408    47.7%    3.7%    0.0%    0.0%    0.0%    0.0%    2.6%   23.7%   22.2%    0.0%
      empty   junction      5338    34.3%    6.3%    0.0%    0.0%    0.0%    0.0%    1.1%   29.2%   29.1%    0.0%
      empty   open          2018    41.4%    9.2%    0.0%    0.0%    0.0%    0.0%    0.0%   24.5%   24.9%    0.0%
      spoil   pocket        1177    29.8%    1.2%    0.0%    0.0%    0.0%    0.0%   24.2%   20.1%   24.7%    0.0%
      spoil   corridor       547    48.8%    0.7%    0.0%    0.0%    0.0%    0.0%   10.2%   21.0%   19.2%    0.0%
      spoil   junction       750    47.6%    2.0%    0.0%    0.0%    0.0%    0.0%    4.8%   22.5%   23.1%    0.0%
      spoil   open           164    48.2%    2.4%    0.0%    0.0%    0.0%    0.0%    0.0%   25.0%   24.4%    0.0%
    DECISIONS: rows not written (decisionnorows)
   90   24  hand    0/0            0        0     4746        0        0    0/20        0         14 5 1 0 0
                A READ  ant-readable homeward along >= 0.02 on  51.9% of route-cell samples | FOODWARD   2.5% | plane lit on  59.3% | peak amt  65535 cells  59
                THE LOOP, ANT BY ANT:
                  0. lived                                     20    100.0% of prev    100.0% of all
                  1. reached the food                           0      0.0% of prev      0.0% of all
                  2. picked food up out there                   0      0.0% of prev      0.0% of all
                  3. turned for home with it                    0      0.0% of prev      0.0% of all
                  4. got back to the nest still holding it      0      0.0% of prev      0.0% of all
                  5. PUT IT DOWN there                          0      0.0% of prev      0.0% of all
                  6. went back out again                        0      0.0% of prev      0.0% of all
                  7. reached the food a SECOND time             0      0.0% of prev      0.0% of all
                RETURN LEDGER reached food    0 of   20 ants | came back    0 | trips laden    0 empty    0 | LOOPERS    0 of   20 ants ( 0.0% of those that reached food), repeat    0, most loops by one ant   0
                BY ANCHOR AT PICKUP  anchor ON nest material:    0 loops /    0 pickups (  0.0%) | anchor OFF it:    0 /    0 (  0.0%)
                BY BIRTH SITE  born ON comb:   0 of   0 that reached food looped (  0.0%) | born OFF comb:   0 of   0 (  0.0%)
                founded x   30..68   (nest cursor 48 MATERIAL x 26..70 20 of 20 founders born on it; food 138; nearest founder 70 cells out, farthest 108, nominal gap 90)  occupancy/1k [44 25 1 0 0 0 0 0]  carry->nest       0  born    0 died   20 (starved   19)
                own trail: route pk    0 end    0 along +0.0000  B nest->food [2106,4688,7388,9970,8306]  blocked      583  kin swaps       0  ticks     12164  tumbles      3673 (homeward        0, 0.00%)  drops       0  DELIVERED     0  leg home n    0 med     0 p90     0 (laden n    0 med     0 p90     0)  appetite held         0 J of         0  trips born-on-comb    0 (20 ants) / born-off    0 (0 ants)
                channel A: PEAK amt  65535 cells   59 (of 91 route)  POLARITY|| +0.26745 && +0.27332 SPAN +0.00770 edge   6.0  end nest->food [11022,7864,790,0,0]  nest   25  AtNest 41.81%
                Carrying: laden     15834  of which SPOIL     15834 (100.0%)
    DECISION CENSUS: 12366 decisions, reconciled against the rows and the engine's counters
      leg     setting          n  stepped    felllaunched swappedcrossingreversedblocked_roll_fairoll_fai no_body
      empty   pocket         704    20.9%   25.3%    0.0%    0.0%    0.0%    0.0%   12.8%   20.0%   21.0%    0.0%
      empty   corridor      1454    46.5%    4.5%    0.0%    0.0%    0.0%    0.0%    1.9%   23.7%   23.4%    0.0%
      empty   junction      5752    38.6%    5.7%    0.0%    0.0%    0.0%    0.0%    0.9%   27.5%   27.3%    0.0%
      empty   open          1976    42.5%    6.9%    0.0%    0.0%    0.0%    0.0%    0.0%   26.2%   24.5%    0.0%
      spoil   pocket         803    31.0%    1.5%    0.0%    0.0%    0.0%    0.0%   23.8%   22.4%   21.3%    0.0%
      spoil   corridor       447    37.1%    0.7%    0.0%    0.0%    0.0%    0.0%   11.9%   23.7%   26.6%    0.0%
      spoil   junction      1037    44.2%    1.3%    0.0%    0.0%    0.0%    0.0%    4.0%   25.7%   24.9%    0.0%
      spoil   open           193    52.3%    4.7%    0.0%    0.0%    0.0%    0.0%    0.0%   20.7%   22.3%    0.0%
    DECISIONS: rows not written (decisionnorows)
  140    1  hand    0/0            0        0     4152        0        0    0/20        0         20 0 0 0 0
                A READ  ant-readable homeward along >= 0.02 on  31.3% of route-cell samples | FOODWARD   0.5% | plane lit on  32.6% | peak amt  65535 cells  51
                THE LOOP, ANT BY ANT:
                  0. lived                                     20    100.0% of prev    100.0% of all
                  1. reached the food                           0      0.0% of prev      0.0% of all
                  2. picked food up out there                   0      0.0% of prev      0.0% of all
                  3. turned for home with it                    0      0.0% of prev      0.0% of all
                  4. got back to the nest still holding it      0      0.0% of prev      0.0% of all
                  5. PUT IT DOWN there                          0      0.0% of prev      0.0% of all
                  6. went back out again                        0      0.0% of prev      0.0% of all
                  7. reached the food a SECOND time             0      0.0% of prev      0.0% of all
                RETURN LEDGER reached food    0 of   20 ants | came back    0 | trips laden    0 empty    0 | LOOPERS    0 of   20 ants ( 0.0% of those that reached food), repeat    0, most loops by one ant   0
                BY ANCHOR AT PICKUP  anchor ON nest material:    0 loops /    0 pickups (  0.0%) | anchor OFF it:    0 /    0 (  0.0%)
                BY BIRTH SITE  born ON comb:   0 of   0 that reached food looped (  0.0%) | born OFF comb:   0 of   0 (  0.0%)
                founded x   30..68   (nest cursor 48 MATERIAL x 26..70 20 of 20 founders born on it; food 188; nearest founder 120 cells out, farthest 158, nominal gap 140)  occupancy/1k [66 7 0 0 0 0 0 0]  carry->nest       0  born    0 died   20 (starved   20)
                own trail: route pk    0 end    0 along +0.0000  B nest->food [1438,4245,7053,9861,8331]  blocked      457  kin swaps       0  ticks     12366  tumbles      3632 (homeward        0, 0.00%)  drops       0  DELIVERED     0  leg home n    0 med     0 p90     0 (laden n    0 med     0 p90     0)  appetite held         0 J of         0  trips born-on-comb    0 (20 ants) / born-off    0 (0 ants)
                channel A: PEAK amt  65535 cells   51 (of 141 route)  POLARITY|| +0.30239 && +0.29821 SPAN +0.02934 edge   6.0  end nest->food [11745,2218,0,0,0]  nest   25  AtNest 40.52%
                Carrying: laden     14880  of which SPOIL     14880 (100.0%)
    DECISION CENSUS: 12573 decisions, reconciled against the rows and the engine's counters
      leg     setting          n  stepped    felllaunched swappedcrossingreversedblocked_roll_fairoll_fai no_body
      empty   pocket         825    22.4%   20.5%    0.0%    0.0%    0.0%    0.0%    9.9%   23.0%   24.1%    0.0%
      empty   corridor      2071    49.4%    2.7%    0.0%    0.0%    0.0%    0.0%    1.1%   22.9%   23.9%    0.0%
      empty   junction      5294    37.6%    4.8%    0.0%    0.0%    0.0%    0.0%    1.1%   29.1%   27.5%    0.0%
      empty   open          1500    44.3%    7.7%    0.0%    0.0%    0.0%    0.0%    0.0%   22.5%   25.6%    0.0%
      spoil   pocket        1219    30.6%    1.1%    0.0%    0.0%    0.0%    0.0%   24.5%   21.8%   22.0%    0.0%
      spoil   corridor       671    52.5%    0.1%    0.0%    0.0%    0.0%    0.0%    4.0%   22.2%   21.2%    0.0%
      spoil   junction       860    45.6%    2.0%    0.0%    0.0%    0.0%    0.0%    3.6%   23.5%   25.3%    0.0%
      spoil   open           133    51.9%    5.3%    0.0%    0.0%    0.0%    0.0%    0.0%   22.6%   20.3%    0.0%
    DECISIONS: rows not written (decisionnorows)
  140    2  hand    0/0            0        0     4512        0        0    0/20        0         15 3 2 0 0
                A READ  ant-readable homeward along >= 0.02 on  41.7% of route-cell samples | FOODWARD   2.4% | plane lit on  48.0% | peak amt  65535 cells  89
                THE LOOP, ANT BY ANT:
                  0. lived                                     20    100.0% of prev    100.0% of all
                  1. reached the food                           0      0.0% of prev      0.0% of all
                  2. picked food up out there                   0      0.0% of prev      0.0% of all
                  3. turned for home with it                    0      0.0% of prev      0.0% of all
                  4. got back to the nest still holding it      0      0.0% of prev      0.0% of all
                  5. PUT IT DOWN there                          0      0.0% of prev      0.0% of all
                  6. went back out again                        0      0.0% of prev      0.0% of all
                  7. reached the food a SECOND time             0      0.0% of prev      0.0% of all
                RETURN LEDGER reached food    0 of   20 ants | came back    0 | trips laden    0 empty    0 | LOOPERS    0 of   20 ants ( 0.0% of those that reached food), repeat    0, most loops by one ant   0
                BY ANCHOR AT PICKUP  anchor ON nest material:    0 loops /    0 pickups (  0.0%) | anchor OFF it:    0 /    0 (  0.0%)
                BY BIRTH SITE  born ON comb:   0 of   0 that reached food looped (  0.0%) | born OFF comb:   0 of   0 (  0.0%)
                founded x   30..68   (nest cursor 48 MATERIAL x 26..70 20 of 20 founders born on it; food 188; nearest founder 120 cells out, farthest 158, nominal gap 140)  occupancy/1k [57 13 2 1 0 0 0 0]  carry->nest       0  born    0 died   20 (starved   20)
                own trail: route pk    0 end    0 along +0.0000  B nest->food [1438,4245,7053,9861,8331]  blocked      519  kin swaps       0  ticks     12573  tumbles      3706 (homeward        0, 0.00%)  drops       0  DELIVERED     0  leg home n    0 med     0 p90     0 (laden n    0 med     0 p90     0)  appetite held         0 J of         0  trips born-on-comb    0 (20 ants) / born-off    0 (0 ants)
                channel A: PEAK amt  65535 cells   89 (of 141 route)  POLARITY|| +0.21843 && +0.21662 SPAN +0.01569 edge   6.0  end nest->food [10937,4202,0,0,0]  nest   25  AtNest 39.30%
                Carrying: laden     17298  of which SPOIL     17298 (100.0%)
    DECISION CENSUS: 12778 decisions, reconciled against the rows and the engine's counters
      leg     setting          n  stepped    felllaunched swappedcrossingreversedblocked_roll_fairoll_fai no_body
      empty   pocket         705    20.7%   26.4%    0.0%    0.0%    0.0%    0.0%   11.5%   21.4%   20.0%    0.0%
      empty   corridor      1611    47.1%    4.6%    0.0%    0.0%    0.0%    0.0%    1.0%   22.9%   24.4%    0.0%
      empty   junction      5639    34.9%    7.0%    0.0%    0.0%    0.0%    0.0%    1.2%   28.3%   28.7%    0.0%
      empty   open          1971    39.6%    7.9%    0.0%    0.0%    0.0%    0.0%    0.0%   25.7%   26.8%    0.0%
      spoil   pocket        1332    31.6%    0.7%    0.0%    0.0%    0.0%    0.0%   24.6%   21.2%   21.9%    0.0%
      spoil   corridor       728    50.5%    0.5%    0.0%    0.0%    0.0%    0.0%    7.3%   21.8%   19.8%    0.0%
      spoil   junction       696    45.4%    1.6%    0.0%    0.0%    0.0%    0.0%    4.0%   25.6%   23.4%    0.0%
      spoil   open            96    49.0%    3.1%    0.0%    0.0%    0.0%    0.0%    0.0%   29.2%   18.8%    0.0%
    DECISIONS: rows not written (decisionnorows)
  140    3  hand    0/0            0        0     4866        0        0    0/20        0         18 2 0 0 0
                A READ  ant-readable homeward along >= 0.02 on  36.3% of route-cell samples | FOODWARD   0.9% | plane lit on  39.6% | peak amt  65535 cells  64
                THE LOOP, ANT BY ANT:
                  0. lived                                     20    100.0% of prev    100.0% of all
                  1. reached the food                           0      0.0% of prev      0.0% of all
                  2. picked food up out there                   0      0.0% of prev      0.0% of all
                  3. turned for home with it                    0      0.0% of prev      0.0% of all
                  4. got back to the nest still holding it      0      0.0% of prev      0.0% of all
                  5. PUT IT DOWN there                          0      0.0% of prev      0.0% of all
                  6. went back out again                        0      0.0% of prev      0.0% of all
                  7. reached the food a SECOND time             0      0.0% of prev      0.0% of all
                RETURN LEDGER reached food    0 of   20 ants | came back    0 | trips laden    0 empty    0 | LOOPERS    0 of   20 ants ( 0.0% of those that reached food), repeat    0, most loops by one ant   0
                BY ANCHOR AT PICKUP  anchor ON nest material:    0 loops /    0 pickups (  0.0%) | anchor OFF it:    0 /    0 (  0.0%)
                BY BIRTH SITE  born ON comb:   0 of   0 that reached food looped (  0.0%) | born OFF comb:   0 of   0 (  0.0%)
                founded x   30..68   (nest cursor 48 MATERIAL x 26..70 20 of 20 founders born on it; food 188; nearest founder 120 cells out, farthest 158, nominal gap 140)  occupancy/1k [66 8 0 0 0 0 0 0]  carry->nest       0  born    0 died   20 (starved   19)
                own trail: route pk    0 end    0 along +0.0000  B nest->food [1438,4245,7053,9861,8331]  blocked      572  kin swaps       0  ticks     12779  tumbles      3844 (homeward        0, 0.00%)  drops       0  DELIVERED     0  leg home n    0 med     0 p90     0 (laden n    0 med     0 p90     0)  appetite held         0 J of         0  trips born-on-comb    0 (20 ants) / born-off    0 (0 ants)
                channel A: PEAK amt  65535 cells   64 (of 141 route)  POLARITY|| +0.26083 && +0.26519 SPAN +0.01369 edge   6.0  end nest->food [11340,3051,0,0,0]  nest   25  AtNest 36.38%
                Carrying: laden     17118  of which SPOIL     17118 (100.0%)
    DECISION CENSUS: 12354 decisions, reconciled against the rows and the engine's counters
      leg     setting          n  stepped    felllaunched swappedcrossingreversedblocked_roll_fairoll_fai no_body
      empty   pocket         420    17.9%   26.4%    0.0%    0.0%    0.0%    0.0%    6.4%   23.8%   25.5%    0.0%
      empty   corridor      2225    49.2%    2.6%    0.0%    0.0%    0.0%    0.0%    1.0%   24.0%   23.1%    0.0%
      empty   junction      5178    38.4%    5.9%    0.0%    0.0%    0.0%    0.0%    1.2%   27.4%   27.0%    0.0%
      empty   open          2207    40.4%    7.7%    0.0%    0.0%    0.0%    0.0%    0.0%   26.5%   25.5%    0.0%
      spoil   pocket         569    28.8%    1.9%    0.0%    0.0%    0.0%    0.0%   22.8%   22.1%   24.3%    0.0%
      spoil   corridor       594    47.5%    1.0%    0.0%    0.0%    0.0%    0.0%   10.8%   21.0%   19.7%    0.0%
      spoil   junction      1042    48.4%    1.4%    0.0%    0.0%    0.0%    0.0%    4.5%   22.9%   22.7%    0.0%
      spoil   open           119    53.8%    3.4%    0.0%    0.0%    0.0%    0.0%    0.0%   21.8%   21.0%    0.0%
    DECISIONS: rows not written (decisionnorows)
  140    4  hand    0/0            0        0     4482        0        0    0/20        0         17 1 2 0 0
                A READ  ant-readable homeward along >= 0.02 on  40.8% of route-cell samples | FOODWARD   1.8% | plane lit on  45.6% | peak amt  65535 cells 109
                THE LOOP, ANT BY ANT:
                  0. lived                                     20    100.0% of prev    100.0% of all
                  1. reached the food                           0      0.0% of prev      0.0% of all
                  2. picked food up out there                   0      0.0% of prev      0.0% of all
                  3. turned for home with it                    0      0.0% of prev      0.0% of all
                  4. got back to the nest still holding it      0      0.0% of prev      0.0% of all
                  5. PUT IT DOWN there                          0      0.0% of prev      0.0% of all
                  6. went back out again                        0      0.0% of prev      0.0% of all
                  7. reached the food a SECOND time             0      0.0% of prev      0.0% of all
                RETURN LEDGER reached food    0 of   20 ants | came back    0 | trips laden    0 empty    0 | LOOPERS    0 of   20 ants ( 0.0% of those that reached food), repeat    0, most loops by one ant   0
                BY ANCHOR AT PICKUP  anchor ON nest material:    0 loops /    0 pickups (  0.0%) | anchor OFF it:    0 /    0 (  0.0%)
                BY BIRTH SITE  born ON comb:   0 of   0 that reached food looped (  0.0%) | born OFF comb:   0 of   0 (  0.0%)
                founded x   30..68   (nest cursor 48 MATERIAL x 26..70 20 of 20 founders born on it; food 188; nearest founder 120 cells out, farthest 158, nominal gap 140)  occupancy/1k [62 7 1 0 0 0 0 0]  carry->nest       0  born    0 died   20 (starved   20)
                own trail: route pk    0 end    0 along +0.0000  B nest->food [1438,4245,7053,9861,8331]  blocked      352  kin swaps       0  ticks     12354  tumbles      3508 (homeward        0, 0.00%)  drops       0  DELIVERED     0  leg home n    0 med     0 p90     0 (laden n    0 med     0 p90     0)  appetite held         0 J of         0  trips born-on-comb    0 (20 ants) / born-off    0 (0 ants)
                channel A: PEAK amt  65535 cells  109 (of 141 route)  POLARITY|| +0.23955 && +0.24226 SPAN +0.01961 edge   6.1  end nest->food [11659,2878,0,0,0]  nest   25  AtNest 41.02%
                Carrying: laden     13944  of which SPOIL     13944 (100.0%)
    DECISION CENSUS: 12600 decisions, reconciled against the rows and the engine's counters
      leg     setting          n  stepped    felllaunched swappedcrossingreversedblocked_roll_fairoll_fai no_body
      empty   pocket         861    23.8%   17.7%    0.0%    0.0%    0.0%    0.0%   12.4%   23.3%   22.8%    0.0%
      empty   corridor      1234    33.7%    4.5%    0.0%    0.0%    0.0%    0.0%    1.1%   30.1%   30.7%    0.0%
      empty   junction      5606    37.7%    6.7%    0.0%    0.0%    0.0%    0.0%    1.1%   27.2%   27.3%    0.0%
      empty   open          2004    40.2%    9.1%    0.0%    0.0%    0.0%    0.0%    0.0%   25.3%   25.3%    0.0%
      spoil   pocket        1640    33.5%    0.7%    0.0%    0.0%    0.0%    0.0%   26.3%   20.7%   18.8%    0.0%
      spoil   corridor       446    38.3%    0.4%    0.0%    0.0%    0.0%    0.0%   10.3%   22.2%   28.7%    0.0%
      spoil   junction       717    50.2%    1.1%    0.0%    0.0%    0.0%    0.0%    3.1%   24.1%   21.5%    0.0%
      spoil   open            92    54.3%    3.3%    0.0%    0.0%    0.0%    0.0%    0.0%   20.7%   21.7%    0.0%
    DECISIONS: rows not written (decisionnorows)
  140    5  hand    0/0            0        0     4386        0        0    0/20        0         16 4 0 0 0
                A READ  ant-readable homeward along >= 0.02 on  35.0% of route-cell samples | FOODWARD   1.1% | plane lit on  38.8% | peak amt  65535 cells  58
                THE LOOP, ANT BY ANT:
                  0. lived                                     20    100.0% of prev    100.0% of all
                  1. reached the food                           0      0.0% of prev      0.0% of all
                  2. picked food up out there                   0      0.0% of prev      0.0% of all
                  3. turned for home with it                    0      0.0% of prev      0.0% of all
                  4. got back to the nest still holding it      0      0.0% of prev      0.0% of all
                  5. PUT IT DOWN there                          0      0.0% of prev      0.0% of all
                  6. went back out again                        0      0.0% of prev      0.0% of all
                  7. reached the food a SECOND time             0      0.0% of prev      0.0% of all
                RETURN LEDGER reached food    0 of   20 ants | came back    0 | trips laden    0 empty    0 | LOOPERS    0 of   20 ants ( 0.0% of those that reached food), repeat    0, most loops by one ant   0
                BY ANCHOR AT PICKUP  anchor ON nest material:    0 loops /    0 pickups (  0.0%) | anchor OFF it:    0 /    0 (  0.0%)
                BY BIRTH SITE  born ON comb:   0 of   0 that reached food looped (  0.0%) | born OFF comb:   0 of   0 (  0.0%)
                founded x   30..68   (nest cursor 48 MATERIAL x 26..70 20 of 20 founders born on it; food 188; nearest founder 120 cells out, farthest 158, nominal gap 140)  occupancy/1k [58 15 1 0 0 0 0 0]  carry->nest       0  born    0 died   20 (starved   19)
                own trail: route pk    0 end    0 along +0.0000  B nest->food [1438,4245,7053,9861,8331]  blocked      681  kin swaps       0  ticks     12601  tumbles      3918 (homeward        0, 0.00%)  drops       0  DELIVERED     0  leg home n    0 med     0 p90     0 (laden n    0 med     0 p90     0)  appetite held         0 J of         0  trips born-on-comb    0 (20 ants) / born-off    0 (0 ants)
                channel A: PEAK amt  65535 cells   58 (of 141 route)  POLARITY|| +0.25656 && +0.24938 SPAN +0.00423 edge   6.0  end nest->food [11606,4141,0,0,0]  nest   25  AtNest 40.19%
                Carrying: laden     17370  of which SPOIL     17370 (100.0%)
    DECISION CENSUS: 12890 decisions, reconciled against the rows and the engine's counters
      leg     setting          n  stepped    felllaunched swappedcrossingreversedblocked_roll_fairoll_fai no_body
      empty   pocket         606    10.4%   41.9%    0.0%    0.0%    0.0%    0.0%    2.8%   24.4%   20.5%    0.0%
      empty   corridor      1959    49.2%    3.6%    0.0%    0.0%    0.0%    0.0%    1.8%   22.0%   23.3%    0.0%
      empty   junction      6510    36.3%    6.0%    0.0%    0.0%    0.0%    0.0%    1.3%   28.1%   28.3%    0.0%
      empty   open          2085    42.7%    7.3%    0.0%    0.0%    0.0%    0.0%    0.0%   25.0%   25.0%    0.0%
      spoil   pocket         289    26.0%    4.2%    0.0%    0.0%    0.0%    0.0%   22.1%   23.2%   24.6%    0.0%
      spoil   corridor       401    42.6%    0.2%    0.0%    0.0%    0.0%    0.0%    9.0%   21.4%   26.7%    0.0%
      spoil   junction       904    49.2%    1.8%    0.0%    0.0%    0.0%    0.0%    4.4%   20.8%   23.8%    0.0%
      spoil   open           136    58.8%    1.5%    0.0%    0.0%    0.0%    0.0%    0.0%   22.8%   16.9%    0.0%
    DECISIONS: rows not written (decisionnorows)
  140    6  hand    0/0            0        0     5016        0        0    0/20        0         16 4 0 0 0
                A READ  ant-readable homeward along >= 0.02 on  41.9% of route-cell samples | FOODWARD   1.3% | plane lit on  43.7% | peak amt  64710 cells  66
                THE LOOP, ANT BY ANT:
                  0. lived                                     20    100.0% of prev    100.0% of all
                  1. reached the food                           0      0.0% of prev      0.0% of all
                  2. picked food up out there                   0      0.0% of prev      0.0% of all
                  3. turned for home with it                    0      0.0% of prev      0.0% of all
                  4. got back to the nest still holding it      0      0.0% of prev      0.0% of all
                  5. PUT IT DOWN there                          0      0.0% of prev      0.0% of all
                  6. went back out again                        0      0.0% of prev      0.0% of all
                  7. reached the food a SECOND time             0      0.0% of prev      0.0% of all
                RETURN LEDGER reached food    0 of   20 ants | came back    0 | trips laden    0 empty    0 | LOOPERS    0 of   20 ants ( 0.0% of those that reached food), repeat    0, most loops by one ant   0
                BY ANCHOR AT PICKUP  anchor ON nest material:    0 loops /    0 pickups (  0.0%) | anchor OFF it:    0 /    0 (  0.0%)
                BY BIRTH SITE  born ON comb:   0 of   0 that reached food looped (  0.0%) | born OFF comb:   0 of   0 (  0.0%)
                founded x   30..68   (nest cursor 48 MATERIAL x 26..70 20 of 20 founders born on it; food 188; nearest founder 120 cells out, farthest 158, nominal gap 140)  occupancy/1k [63 10 2 0 0 0 0 0]  carry->nest       0  born    0 died   20 (starved   20)
                own trail: route pk    0 end    0 along +0.0000  B nest->food [1438,4245,7053,9861,8331]  blocked      276  kin swaps       0  ticks     12890  tumbles      3580 (homeward        0, 0.00%)  drops       0  DELIVERED     0  leg home n    0 med     0 p90     0 (laden n    0 med     0 p90     0)  appetite held         0 J of         0  trips born-on-comb    0 (20 ants) / born-off    0 (0 ants)
                channel A: PEAK amt  64710 cells   66 (of 141 route)  POLARITY|| +0.23596 && +0.23711 SPAN +0.03394 edge   6.0  end nest->food [11966,3771,0,0,0]  nest   25  AtNest 41.75%
                Carrying: laden     10380  of which SPOIL     10380 (100.0%)
    DECISION CENSUS: 41669 decisions, reconciled against the rows and the engine's counters
      leg     setting          n  stepped    felllaunched swappedcrossingreversedblocked_roll_fairoll_fai no_body
      empty   pocket         488    11.9%   36.3%    0.0%    0.0%    0.0%    0.0%    4.9%   23.6%   23.4%    0.0%
      empty   corridor      4501    33.0%    1.5%    0.0%    0.0%    0.0%    0.0%    0.8%   32.2%   32.5%    0.0%
      empty   junction      8006    32.7%    6.1%    0.0%    0.0%    0.0%    0.0%    0.9%   30.0%   30.3%    0.0%
      empty   open          7101    16.4%    5.4%    0.0%    0.0%    0.0%    0.0%    0.0%   38.9%   39.3%    0.0%
      laden   pocket         105     3.8%   13.3%    0.0%    0.0%    0.0%    0.0%    0.0%   43.8%   39.0%    0.0%
      laden   corridor      1616     5.3%    0.8%    0.1%    0.0%    0.0%    0.0%    0.0%   45.4%   48.5%    0.0%
      laden   junction      5436    14.7%    6.8%    0.0%    0.0%    0.0%    0.0%    0.1%   39.7%   38.6%    0.0%
      laden   open         12556    17.1%   14.1%    0.0%    0.0%    0.0%    0.0%    0.0%   34.6%   34.2%    0.0%
      spoil   pocket         441    29.0%    2.9%    0.0%    0.0%    0.0%    0.0%   20.2%   22.9%   24.9%    0.0%
      spoil   corridor       399    39.3%    1.3%    0.0%    0.0%    0.0%    0.0%   15.0%   26.1%   18.3%    0.0%
      spoil   junction       872    47.6%    0.8%    0.0%    0.0%    0.0%    0.0%    5.3%   26.6%   19.7%    0.0%
      spoil   open           148    47.3%    4.1%    0.0%    0.0%    0.0%    0.0%    0.0%   27.0%   21.6%    0.0%
    DECISIONS: rows not written (decisionnorows)
  140    7  hand   25/2       115934     3696        0   126675        0   90/109       0        16 3 0 89 1
                A READ  ant-readable homeward along >= 0.02 on  48.1% of route-cell samples | FOODWARD   6.5% | plane lit on  55.4% | peak amt  65535 cells 138
                THE LOOP, ANT BY ANT:
                  0. lived                                    109    100.0% of prev    100.0% of all
                  1. reached the food                          90     82.6% of prev     82.6% of all
                  2. picked food up out there                  76     84.4% of prev     69.7% of all
                  3. turned for home with it                    5      6.6% of prev      4.6% of all
                  4. got back to the nest still holding it      0      0.0% of prev      0.0% of all
                  5. PUT IT DOWN there                          0      0.0% of prev      0.0% of all
                  6. went back out again                        0      0.0% of prev      0.0% of all
                  7. reached the food a SECOND time             0      0.0% of prev      0.0% of all
                RETURN LEDGER reached food   90 of  109 ants | came back    0 | trips laden    0 empty    0 | LOOPERS    0 of  109 ants ( 0.0% of those that reached food), repeat    0, most loops by one ant   0
                BY ANCHOR AT PICKUP  anchor ON nest material:    0 loops /    1 pickups (  0.0%) | anchor OFF it:    0 /   76 (  0.0%)
                BY BIRTH SITE  born ON comb:   0 of   1 that reached food looped (  0.0%) | born OFF comb:   0 of  89 (  0.0%)
                founded x   30..68   (nest cursor 48 MATERIAL x 26..70 20 of 109 founders born on it; food 188; nearest founder 120 cells out, farthest 158, nominal gap 140)  occupancy/1k [56 16 1 1 10 7 6 158]  carry->nest      60  born   89 died   80 (starved   19)
                own trail: route pk   40 end   35 along -0.1407  B nest->food [1438,4245,7053,9880,8528]  blocked      339  kin swaps       0  ticks     41848  tumbles     14820 (homeward     2541, 17.15%)  drops       0  DELIVERED     0  leg home n    0 med     0 p90     0 (laden n    0 med     0 p90     0)  appetite held         0 J of     75406  trips born-on-comb    0 (20 ants) / born-off    0 (89 ants)
                channel A: PEAK amt  65535 cells  138 (of 141 route)  POLARITY|| +0.17888 && +0.20246 SPAN +0.00793 edge  16.0  end nest->food [11876,4169,0,0,0]  nest   25  AtNest 10.98%
                Carrying: laden    137832  of which SPOIL     12357 (  9.0%)
    DECISION CENSUS: 12859 decisions, reconciled against the rows and the engine's counters
      leg     setting          n  stepped    felllaunched swappedcrossingreversedblocked_roll_fairoll_fai no_body
      empty   pocket         649    17.3%   30.2%    0.0%    0.0%    0.0%    0.0%    7.1%   21.6%   23.9%    0.0%
      empty   corridor      2438    46.4%    3.1%    0.0%    0.0%    0.0%    0.0%    1.1%   25.6%   23.7%    0.0%
      empty   junction      6180    36.9%    6.1%    0.0%    0.0%    0.0%    0.0%    0.7%   28.8%   27.5%    0.0%
      empty   open          1721    43.6%    8.6%    0.0%    0.0%    0.0%    0.0%    0.0%   24.3%   23.5%    0.0%
      spoil   pocket         839    33.0%    2.0%    0.0%    0.0%    0.0%    0.0%   27.1%   20.5%   17.4%    0.0%
      spoil   corridor       271    44.3%    0.7%    0.0%    0.0%    0.0%    0.0%   12.9%   18.5%   23.6%    0.0%
      spoil   junction       645    49.0%    2.5%    0.0%    0.0%    0.0%    0.0%    3.3%   25.4%   19.8%    0.0%
      spoil   open           116    52.6%    5.2%    0.0%    0.0%    0.0%    0.0%    0.0%   20.7%   21.6%    0.0%
    DECISIONS: rows not written (decisionnorows)
  140    8  hand    0/0            0        0     4800        0        0    0/20        0         12 5 3 0 0
                A READ  ant-readable homeward along >= 0.02 on  43.3% of route-cell samples | FOODWARD   2.9% | plane lit on  50.1% | peak amt  65535 cells 106
                THE LOOP, ANT BY ANT:
                  0. lived                                     20    100.0% of prev    100.0% of all
                  1. reached the food                           0      0.0% of prev      0.0% of all
                  2. picked food up out there                   0      0.0% of prev      0.0% of all
                  3. turned for home with it                    0      0.0% of prev      0.0% of all
                  4. got back to the nest still holding it      0      0.0% of prev      0.0% of all
                  5. PUT IT DOWN there                          0      0.0% of prev      0.0% of all
                  6. went back out again                        0      0.0% of prev      0.0% of all
                  7. reached the food a SECOND time             0      0.0% of prev      0.0% of all
                RETURN LEDGER reached food    0 of   20 ants | came back    0 | trips laden    0 empty    0 | LOOPERS    0 of   20 ants ( 0.0% of those that reached food), repeat    0, most loops by one ant   0
                BY ANCHOR AT PICKUP  anchor ON nest material:    0 loops /    0 pickups (  0.0%) | anchor OFF it:    0 /    0 (  0.0%)
                BY BIRTH SITE  born ON comb:   0 of   0 that reached food looped (  0.0%) | born OFF comb:   0 of   0 (  0.0%)
                founded x   30..68   (nest cursor 48 MATERIAL x 26..70 20 of 20 founders born on it; food 188; nearest founder 120 cells out, farthest 158, nominal gap 140)  occupancy/1k [56 11 7 0 1 0 0 0]  carry->nest       0  born    0 died   20 (starved   20)
                own trail: route pk    0 end    0 along +0.0000  B nest->food [1438,4245,7053,9861,8331]  blocked      398  kin swaps       0  ticks     12859  tumbles      3769 (homeward        0, 0.00%)  drops       0  DELIVERED     0  leg home n    0 med     0 p90     0 (laden n    0 med     0 p90     0)  appetite held         0 J of         0  trips born-on-comb    0 (20 ants) / born-off    0 (0 ants)
                channel A: PEAK amt  65535 cells  106 (of 141 route)  POLARITY|| +0.20845 && +0.20776 SPAN +0.02956 edge   6.0  end nest->food [9871,3441,0,0,0]  nest   25  AtNest 36.54%
                Carrying: laden     11226  of which SPOIL     11226 (100.0%)
    DECISION CENSUS: 12681 decisions, reconciled against the rows and the engine's counters
      leg     setting          n  stepped    felllaunched swappedcrossingreversedblocked_roll_fairoll_fai no_body
      empty   pocket         546    13.0%   40.1%    0.0%    0.0%    0.0%    0.0%    3.7%   22.0%   21.2%    0.0%
      empty   corridor      2100    47.6%    3.0%    0.0%    0.0%    0.0%    0.0%    1.4%   23.0%   25.0%    0.0%
      empty   junction      5871    39.8%    5.9%    0.0%    0.0%    0.0%    0.0%    0.9%   26.3%   27.1%    0.0%
      empty   open          2040    36.8%    9.3%    0.0%    0.0%    0.0%    0.0%    0.0%   26.7%   27.2%    0.0%
      spoil   pocket         908    27.3%    1.4%    0.0%    0.0%    0.0%    0.0%   21.7%   24.3%   25.2%    0.0%
      spoil   corridor       317    45.1%    0.0%    0.0%    0.0%    0.0%    0.0%   12.0%   20.8%   22.1%    0.0%
      spoil   junction       774    49.5%    0.9%    0.0%    0.0%    0.0%    0.0%    5.4%   19.6%   24.5%    0.0%
      spoil   open           125    51.2%    4.0%    0.0%    0.0%    0.0%    0.0%    0.0%   24.0%   20.8%    0.0%
    DECISIONS: rows not written (decisionnorows)
  140    9  hand    0/0            0        0     4860        0        0    0/20        0         17 3 0 0 0
                A READ  ant-readable homeward along >= 0.02 on  35.4% of route-cell samples | FOODWARD   1.1% | plane lit on  39.3% | peak amt  65535 cells  59
                THE LOOP, ANT BY ANT:
                  0. lived                                     20    100.0% of prev    100.0% of all
                  1. reached the food                           0      0.0% of prev      0.0% of all
                  2. picked food up out there                   0      0.0% of prev      0.0% of all
                  3. turned for home with it                    0      0.0% of prev      0.0% of all
                  4. got back to the nest still holding it      0      0.0% of prev      0.0% of all
                  5. PUT IT DOWN there                          0      0.0% of prev      0.0% of all
                  6. went back out again                        0      0.0% of prev      0.0% of all
                  7. reached the food a SECOND time             0      0.0% of prev      0.0% of all
                RETURN LEDGER reached food    0 of   20 ants | came back    0 | trips laden    0 empty    0 | LOOPERS    0 of   20 ants ( 0.0% of those that reached food), repeat    0, most loops by one ant   0
                BY ANCHOR AT PICKUP  anchor ON nest material:    0 loops /    0 pickups (  0.0%) | anchor OFF it:    0 /    0 (  0.0%)
                BY BIRTH SITE  born ON comb:   0 of   0 that reached food looped (  0.0%) | born OFF comb:   0 of   0 (  0.0%)
                founded x   30..68   (nest cursor 48 MATERIAL x 26..70 20 of 20 founders born on it; food 188; nearest founder 120 cells out, farthest 158, nominal gap 140)  occupancy/1k [63 11 1 0 0 0 0 0]  carry->nest       0  born    0 died   20 (starved   20)
                own trail: route pk    0 end    0 along +0.0000  B nest->food [1438,4245,7053,9861,8331]  blocked      379  kin swaps       0  ticks     12681  tumbles      3539 (homeward        0, 0.00%)  drops       0  DELIVERED     0  leg home n    0 med     0 p90     0 (laden n    0 med     0 p90     0)  appetite held         0 J of         0  trips born-on-comb    0 (20 ants) / born-off    0 (0 ants)
                channel A: PEAK amt  65535 cells   59 (of 141 route)  POLARITY|| +0.25047 && +0.24674 SPAN +0.02620 edge   6.0  end nest->food [11329,3544,0,0,0]  nest   25  AtNest 40.27%
                Carrying: laden     12744  of which SPOIL     12744 (100.0%)
    DECISION CENSUS: 13283 decisions, reconciled against the rows and the engine's counters
      leg     setting          n  stepped    felllaunched swappedcrossingreversedblocked_roll_fairoll_fai no_body
      empty   pocket         657    17.5%   27.2%    0.0%    0.0%    0.0%    0.0%    8.8%   24.2%   22.2%    0.0%
      empty   corridor      2042    49.2%    3.4%    0.0%    0.0%    0.0%    0.0%    1.0%   23.7%   22.7%    0.0%
      empty   junction      6236    35.8%    6.3%    0.0%    0.0%    0.0%    0.0%    0.9%   28.5%   28.4%    0.0%
      empty   open          2159    38.0%    7.1%    0.0%    0.0%    0.0%    0.0%    0.0%   26.1%   28.8%    0.0%
      spoil   pocket        1098    31.1%    1.4%    0.0%    0.0%    0.0%    0.0%   23.1%   22.9%   21.6%    0.0%
      spoil   corridor       287    43.9%    1.7%    0.0%    0.0%    0.0%    0.0%    9.1%   19.5%   25.8%    0.0%
      spoil   junction       690    46.7%    2.0%    0.0%    0.0%    0.0%    0.0%    3.6%   24.6%   23.0%    0.0%
      spoil   open           114    62.3%    1.8%    0.0%    0.0%    0.0%    0.0%    0.0%   19.3%   16.7%    0.0%
    DECISIONS: rows not written (decisionnorows)
  140   10  hand    0/0            0        0     4728        0        0    0/20        0         16 2 2 0 0
                A READ  ant-readable homeward along >= 0.02 on  41.6% of route-cell samples | FOODWARD   1.6% | plane lit on  47.0% | peak amt  65535 cells 102
                THE LOOP, ANT BY ANT:
                  0. lived                                     20    100.0% of prev    100.0% of all
                  1. reached the food                           0      0.0% of prev      0.0% of all
                  2. picked food up out there                   0      0.0% of prev      0.0% of all
                  3. turned for home with it                    0      0.0% of prev      0.0% of all
                  4. got back to the nest still holding it      0      0.0% of prev      0.0% of all
                  5. PUT IT DOWN there                          0      0.0% of prev      0.0% of all
                  6. went back out again                        0      0.0% of prev      0.0% of all
                  7. reached the food a SECOND time             0      0.0% of prev      0.0% of all
                RETURN LEDGER reached food    0 of   20 ants | came back    0 | trips laden    0 empty    0 | LOOPERS    0 of   20 ants ( 0.0% of those that reached food), repeat    0, most loops by one ant   0
                BY ANCHOR AT PICKUP  anchor ON nest material:    0 loops /    0 pickups (  0.0%) | anchor OFF it:    0 /    0 (  0.0%)
                BY BIRTH SITE  born ON comb:   0 of   0 that reached food looped (  0.0%) | born OFF comb:   0 of   0 (  0.0%)
                founded x   30..68   (nest cursor 48 MATERIAL x 26..70 20 of 20 founders born on it; food 188; nearest founder 120 cells out, farthest 158, nominal gap 140)  occupancy/1k [67 8 2 0 0 0 0 0]  carry->nest       0  born    0 died   20 (starved   20)
                own trail: route pk    0 end    0 along +0.0000  B nest->food [1438,4245,7053,9861,8331]  blocked      441  kin swaps       0  ticks     13283  tumbles      3926 (homeward        0, 0.00%)  drops       0  DELIVERED     0  leg home n    0 med     0 p90     0 (laden n    0 med     0 p90     0)  appetite held         0 J of         0  trips born-on-comb    0 (20 ants) / born-off    0 (0 ants)
                channel A: PEAK amt  65535 cells  102 (of 141 route)  POLARITY|| +0.22542 && +0.22476 SPAN +0.01941 edge   6.0  end nest->food [11946,3702,0,0,0]  nest   25  AtNest 36.76%
                Carrying: laden     13134  of which SPOIL     13134 (100.0%)
    DECISION CENSUS: 12346 decisions, reconciled against the rows and the engine's counters
      leg     setting          n  stepped    felllaunched swappedcrossingreversedblocked_roll_fairoll_fai no_body
      empty   pocket         581    17.7%   23.8%    0.0%    0.0%    0.0%    0.0%    5.9%   25.8%   26.9%    0.0%
      empty   corridor      1708    47.4%    4.6%    0.0%    0.0%    0.0%    0.0%    1.0%   23.4%   23.6%    0.0%
      empty   junction      5744    35.7%    6.7%    0.0%    0.0%    0.0%    0.0%    1.0%   28.0%   28.6%    0.0%
      empty   open          1898    44.1%    9.0%    0.0%    0.0%    0.0%    0.0%    0.0%   23.5%   23.4%    0.0%
      spoil   pocket        1012    29.4%    2.6%    0.0%    0.0%    0.0%    0.0%   21.7%   22.8%   23.4%    0.0%
      spoil   corridor       445    39.3%    0.9%    0.0%    0.0%    0.0%    0.0%    8.8%   23.1%   27.9%    0.0%
      spoil   junction       840    50.1%    0.8%    0.0%    0.0%    0.0%    0.0%    4.2%   21.5%   23.3%    0.0%
      spoil   open           118    49.2%    3.4%    0.0%    0.0%    0.0%    0.0%    0.0%   24.6%   22.9%    0.0%
    DECISIONS: rows not written (decisionnorows)
  140   11  hand    0/0            0        0     4590        0        0    0/20        0         17 2 1 0 0
                A READ  ant-readable homeward along >= 0.02 on  40.6% of route-cell samples | FOODWARD   1.4% | plane lit on  45.2% | peak amt  65535 cells 102
                THE LOOP, ANT BY ANT:
                  0. lived                                     20    100.0% of prev    100.0% of all
                  1. reached the food                           0      0.0% of prev      0.0% of all
                  2. picked food up out there                   0      0.0% of prev      0.0% of all
                  3. turned for home with it                    0      0.0% of prev      0.0% of all
                  4. got back to the nest still holding it      0      0.0% of prev      0.0% of all
                  5. PUT IT DOWN there                          0      0.0% of prev      0.0% of all
                  6. went back out again                        0      0.0% of prev      0.0% of all
                  7. reached the food a SECOND time             0      0.0% of prev      0.0% of all
                RETURN LEDGER reached food    0 of   20 ants | came back    0 | trips laden    0 empty    0 | LOOPERS    0 of   20 ants ( 0.0% of those that reached food), repeat    0, most loops by one ant   0
                BY ANCHOR AT PICKUP  anchor ON nest material:    0 loops /    0 pickups (  0.0%) | anchor OFF it:    0 /    0 (  0.0%)
                BY BIRTH SITE  born ON comb:   0 of   0 that reached food looped (  0.0%) | born OFF comb:   0 of   0 (  0.0%)
                founded x   30..68   (nest cursor 48 MATERIAL x 26..70 20 of 20 founders born on it; food 188; nearest founder 120 cells out, farthest 158, nominal gap 140)  occupancy/1k [62 8 1 0 0 0 0 0]  carry->nest       0  born    0 died   20 (starved   20)
                own trail: route pk    0 end    0 along +0.0000  B nest->food [1438,4245,7053,9861,8331]  blocked      401  kin swaps       0  ticks     12346  tumbles      3547 (homeward        0, 0.00%)  drops       0  DELIVERED     0  leg home n    0 med     0 p90     0 (laden n    0 med     0 p90     0)  appetite held         0 J of         0  trips born-on-comb    0 (20 ants) / born-off    0 (0 ants)
                channel A: PEAK amt  65535 cells  102 (of 141 route)  POLARITY|| +0.24192 && +0.24411 SPAN +0.01407 edge   6.0  end nest->food [11577,3030,0,0,0]  nest   25  AtNest 44.46%
                Carrying: laden     14490  of which SPOIL     14490 (100.0%)
    DECISION CENSUS: 12517 decisions, reconciled against the rows and the engine's counters
      leg     setting          n  stepped    felllaunched swappedcrossingreversedblocked_roll_fairoll_fai no_body
      empty   pocket         605    17.0%   32.1%    0.0%    0.0%    0.0%    0.0%    7.4%   20.7%   22.8%    0.0%
      empty   corridor      1739    47.6%    2.9%    0.0%    0.0%    0.0%    0.0%    1.5%   23.9%   24.2%    0.0%
      empty   junction      5888    36.7%    4.3%    0.0%    0.0%    0.0%    0.0%    1.1%   28.3%   29.6%    0.0%
      empty   open          1369    42.1%    5.6%    0.0%    0.0%    0.0%    0.0%    0.0%   26.8%   25.6%    0.0%
      spoil   pocket         774    27.5%    1.2%    0.0%    0.0%    0.0%    0.0%   22.5%   24.2%   24.7%    0.0%
      spoil   corridor       970    52.0%    0.2%    0.0%    0.0%    0.0%    0.0%    7.3%   20.9%   19.6%    0.0%
      spoil   junction      1053    50.0%    1.2%    0.0%    0.0%    0.0%    0.0%    4.5%   20.4%   23.8%    0.0%
      spoil   open           119    46.2%    2.5%    0.0%    0.0%    0.0%    0.0%    0.0%   24.4%   26.9%    0.0%
    DECISIONS: rows not written (decisionnorows)
  140   12  hand    0/0            0        0     4614        0        0    0/20        0         17 2 1 0 0
                A READ  ant-readable homeward along >= 0.02 on  42.4% of route-cell samples | FOODWARD   1.4% | plane lit on  44.0% | peak amt  65535 cells  88
                THE LOOP, ANT BY ANT:
                  0. lived                                     20    100.0% of prev    100.0% of all
                  1. reached the food                           0      0.0% of prev      0.0% of all
                  2. picked food up out there                   0      0.0% of prev      0.0% of all
                  3. turned for home with it                    0      0.0% of prev      0.0% of all
                  4. got back to the nest still holding it      0      0.0% of prev      0.0% of all
                  5. PUT IT DOWN there                          0      0.0% of prev      0.0% of all
                  6. went back out again                        0      0.0% of prev      0.0% of all
                  7. reached the food a SECOND time             0      0.0% of prev      0.0% of all
                RETURN LEDGER reached food    0 of   20 ants | came back    0 | trips laden    0 empty    0 | LOOPERS    0 of   20 ants ( 0.0% of those that reached food), repeat    0, most loops by one ant   0
                BY ANCHOR AT PICKUP  anchor ON nest material:    0 loops /    0 pickups (  0.0%) | anchor OFF it:    0 /    0 (  0.0%)
                BY BIRTH SITE  born ON comb:   0 of   0 that reached food looped (  0.0%) | born OFF comb:   0 of   0 (  0.0%)
                founded x   30..68   (nest cursor 48 MATERIAL x 26..70 20 of 20 founders born on it; food 188; nearest founder 120 cells out, farthest 158, nominal gap 140)  occupancy/1k [66 5 1 1 0 0 0 0]  carry->nest       0  born    0 died   20 (starved   20)
                own trail: route pk    0 end    0 along +0.0000  B nest->food [1438,4245,7053,9861,8331]  blocked      430  kin swaps       0  ticks     12517  tumbles      3636 (homeward        0, 0.00%)  drops       0  DELIVERED     0  leg home n    0 med     0 p90     0 (laden n    0 med     0 p90     0)  appetite held         0 J of         0  trips born-on-comb    0 (20 ants) / born-off    0 (0 ants)
                channel A: PEAK amt  65535 cells   88 (of 141 route)  POLARITY|| +0.23795 && +0.24254 SPAN +0.01845 edge   6.0  end nest->food [12367,2827,0,0,0]  nest   25  AtNest 47.84%
                Carrying: laden     17496  of which SPOIL     17496 (100.0%)
    DECISION CENSUS: 12538 decisions, reconciled against the rows and the engine's counters
      leg     setting          n  stepped    felllaunched swappedcrossingreversedblocked_roll_fairoll_fai no_body
      empty   pocket         619    19.1%   31.0%    0.0%    0.0%    0.0%    0.0%    8.6%   19.9%   21.5%    0.0%
      empty   corridor      1656    46.6%    4.6%    0.0%    0.0%    0.0%    0.0%    1.2%   24.2%   23.4%    0.0%
      empty   junction      6472    37.1%    6.6%    0.0%    0.0%    0.0%    0.0%    0.9%   28.5%   27.0%    0.0%
      empty   open          2001    41.1%    6.7%    0.0%    0.0%    0.0%    0.0%    0.0%   28.6%   23.6%    0.0%
      spoil   pocket         481    26.4%    5.6%    0.0%    0.0%    0.0%    0.0%   21.2%   21.4%   25.4%    0.0%
      spoil   corridor       295    39.3%    3.1%    0.0%    0.0%    0.0%    0.0%   15.3%   21.0%   21.4%    0.0%
      spoil   junction       869    45.6%    2.2%    0.0%    0.0%    0.0%    0.0%    3.7%   23.5%   25.1%    0.0%
      spoil   open           145    57.2%    4.1%    0.0%    0.0%    0.0%    0.0%    0.0%   17.9%   20.7%    0.0%
    DECISIONS: rows not written (decisionnorows)
  140   13  hand    0/0            0        0     4422        0        0    0/20        0         15 5 0 0 0
                A READ  ant-readable homeward along >= 0.02 on  38.4% of route-cell samples | FOODWARD   1.0% | plane lit on  42.2% | peak amt  64777 cells  61
                THE LOOP, ANT BY ANT:
                  0. lived                                     20    100.0% of prev    100.0% of all
                  1. reached the food                           0      0.0% of prev      0.0% of all
                  2. picked food up out there                   0      0.0% of prev      0.0% of all
                  3. turned for home with it                    0      0.0% of prev      0.0% of all
                  4. got back to the nest still holding it      0      0.0% of prev      0.0% of all
                  5. PUT IT DOWN there                          0      0.0% of prev      0.0% of all
                  6. went back out again                        0      0.0% of prev      0.0% of all
                  7. reached the food a SECOND time             0      0.0% of prev      0.0% of all
                RETURN LEDGER reached food    0 of   20 ants | came back    0 | trips laden    0 empty    0 | LOOPERS    0 of   20 ants ( 0.0% of those that reached food), repeat    0, most loops by one ant   0
                BY ANCHOR AT PICKUP  anchor ON nest material:    0 loops /    0 pickups (  0.0%) | anchor OFF it:    0 /    0 (  0.0%)
                BY BIRTH SITE  born ON comb:   0 of   0 that reached food looped (  0.0%) | born OFF comb:   0 of   0 (  0.0%)
                founded x   30..68   (nest cursor 48 MATERIAL x 26..70 20 of 20 founders born on it; food 188; nearest founder 120 cells out, farthest 158, nominal gap 140)  occupancy/1k [59 12 2 0 0 0 0 0]  carry->nest       0  born    0 died   20 (starved   20)
                own trail: route pk    0 end    0 along +0.0000  B nest->food [1438,4245,7053,9861,8331]  blocked      308  kin swaps       0  ticks     12538  tumbles      3641 (homeward        0, 0.00%)  drops       0  DELIVERED     0  leg home n    0 med     0 p90     0 (laden n    0 med     0 p90     0)  appetite held         0 J of         0  trips born-on-comb    0 (20 ants) / born-off    0 (0 ants)
                channel A: PEAK amt  64777 cells   61 (of 141 route)  POLARITY|| +0.24090 && +0.24264 SPAN +0.02617 edge   6.0  end nest->food [11547,3642,0,0,0]  nest   25  AtNest 39.46%
                Carrying: laden     10740  of which SPOIL     10740 (100.0%)
    DECISION CENSUS: 12571 decisions, reconciled against the rows and the engine's counters
      leg     setting          n  stepped    felllaunched swappedcrossingreversedblocked_roll_fairoll_fai no_body
      empty   pocket         679    16.1%   34.0%    0.0%    0.0%    0.0%    0.0%    6.0%   20.8%   23.1%    0.0%
      empty   corridor      1685    46.2%    3.6%    0.0%    0.0%    0.0%    0.0%    2.1%   24.3%   23.8%    0.0%
      empty   junction      6542    36.3%    5.2%    0.0%    0.0%    0.0%    0.0%    0.8%   28.8%   28.8%    0.0%
      empty   open          1783    44.4%    8.7%    0.0%    0.0%    0.0%    0.0%    0.0%   24.2%   22.7%    0.0%
      spoil   pocket         419    22.7%    5.3%    0.0%    0.0%    0.0%    0.0%   18.4%   27.7%   26.0%    0.0%
      spoil   corridor       357    44.5%    2.2%    0.0%    0.0%    0.0%    0.0%   12.3%   21.8%   19.0%    0.0%
      spoil   junction       931    49.6%    1.5%    0.0%    0.0%    0.0%    0.0%    6.1%   20.2%   22.6%    0.0%
      spoil   open           175    58.3%    2.9%    0.0%    0.0%    0.0%    0.0%    0.0%   18.9%   20.0%    0.0%
    DECISIONS: rows not written (decisionnorows)
  140   14  hand    0/0            0        0     5028        0        0    0/20        0         16 4 0 0 0
                A READ  ant-readable homeward along >= 0.02 on  39.4% of route-cell samples | FOODWARD   0.6% | plane lit on  41.2% | peak amt  65535 cells  64
                THE LOOP, ANT BY ANT:
                  0. lived                                     20    100.0% of prev    100.0% of all
                  1. reached the food                           0      0.0% of prev      0.0% of all
                  2. picked food up out there                   0      0.0% of prev      0.0% of all
                  3. turned for home with it                    0      0.0% of prev      0.0% of all
                  4. got back to the nest still holding it      0      0.0% of prev      0.0% of all
                  5. PUT IT DOWN there                          0      0.0% of prev      0.0% of all
                  6. went back out again                        0      0.0% of prev      0.0% of all
                  7. reached the food a SECOND time             0      0.0% of prev      0.0% of all
                RETURN LEDGER reached food    0 of   20 ants | came back    0 | trips laden    0 empty    0 | LOOPERS    0 of   20 ants ( 0.0% of those that reached food), repeat    0, most loops by one ant   0
                BY ANCHOR AT PICKUP  anchor ON nest material:    0 loops /    0 pickups (  0.0%) | anchor OFF it:    0 /    0 (  0.0%)
                BY BIRTH SITE  born ON comb:   0 of   0 that reached food looped (  0.0%) | born OFF comb:   0 of   0 (  0.0%)
                founded x   30..68   (nest cursor 48 MATERIAL x 26..70 20 of 20 founders born on it; food 188; nearest founder 120 cells out, farthest 158, nominal gap 140)  occupancy/1k [66 6 2 0 0 0 0 0]  carry->nest       0  born    0 died   20 (starved   20)
                own trail: route pk    0 end    0 along +0.0000  B nest->food [1438,4245,7053,9861,8331]  blocked      309  kin swaps       0  ticks     12571  tumbles      3589 (homeward        0, 0.00%)  drops       0  DELIVERED     0  leg home n    0 med     0 p90     0 (laden n    0 med     0 p90     0)  appetite held         0 J of         0  trips born-on-comb    0 (20 ants) / born-off    0 (0 ants)
                channel A: PEAK amt  65535 cells   64 (of 141 route)  POLARITY|| +0.25119 && +0.25392 SPAN +0.03921 edge   6.0  end nest->food [11670,2909,0,0,0]  nest   25  AtNest 42.28%
                Carrying: laden     11292  of which SPOIL     11292 (100.0%)
    DECISION CENSUS: 12715 decisions, reconciled against the rows and the engine's counters
      leg     setting          n  stepped    felllaunched swappedcrossingreversedblocked_roll_fairoll_fai no_body
      empty   pocket         577    15.4%   32.6%    0.0%    0.0%    0.0%    0.0%    7.1%   21.5%   23.4%    0.0%
      empty   corridor      2294    50.0%    3.8%    0.0%    0.0%    0.0%    0.0%    1.2%   22.4%   22.7%    0.0%
      empty   junction      6052    38.2%    6.9%    0.0%    0.0%    0.0%    0.0%    1.1%   27.4%   26.4%    0.0%
      empty   open          2185    44.1%    7.5%    0.0%    0.0%    0.0%    0.0%    0.0%   23.4%   25.0%    0.0%
      spoil   pocket         382    26.2%    5.2%    0.0%    0.0%    0.0%    0.0%   20.7%   20.4%   27.5%    0.0%
      spoil   corridor       291    38.8%    2.1%    0.0%    0.0%    0.0%    0.0%   12.4%   21.0%   25.8%    0.0%
      spoil   junction       787    48.0%    1.5%    0.0%    0.0%    0.0%    0.0%    4.3%   25.7%   20.5%    0.0%
      spoil   open           147    61.9%    5.4%    0.0%    0.0%    0.0%    0.0%    0.0%   16.3%   16.3%    0.0%
    DECISIONS: rows not written (decisionnorows)
  140   15  hand    0/0            0        0     4494        0        0    0/20        0         16 3 1 0 0
                A READ  ant-readable homeward along >= 0.02 on  38.8% of route-cell samples | FOODWARD   1.1% | plane lit on  42.7% | peak amt  65535 cells 103
                THE LOOP, ANT BY ANT:
                  0. lived                                     20    100.0% of prev    100.0% of all
                  1. reached the food                           0      0.0% of prev      0.0% of all
                  2. picked food up out there                   0      0.0% of prev      0.0% of all
                  3. turned for home with it                    0      0.0% of prev      0.0% of all
                  4. got back to the nest still holding it      0      0.0% of prev      0.0% of all
                  5. PUT IT DOWN there                          0      0.0% of prev      0.0% of all
                  6. went back out again                        0      0.0% of prev      0.0% of all
                  7. reached the food a SECOND time             0      0.0% of prev      0.0% of all
                RETURN LEDGER reached food    0 of   20 ants | came back    0 | trips laden    0 empty    0 | LOOPERS    0 of   20 ants ( 0.0% of those that reached food), repeat    0, most loops by one ant   0
                BY ANCHOR AT PICKUP  anchor ON nest material:    0 loops /    0 pickups (  0.0%) | anchor OFF it:    0 /    0 (  0.0%)
                BY BIRTH SITE  born ON comb:   0 of   0 that reached food looped (  0.0%) | born OFF comb:   0 of   0 (  0.0%)
                founded x   30..68   (nest cursor 48 MATERIAL x 26..70 20 of 20 founders born on it; food 188; nearest founder 120 cells out, farthest 158, nominal gap 140)  occupancy/1k [61 11 2 0 0 0 0 0]  carry->nest       0  born    0 died   20 (starved   20)
                own trail: route pk    0 end    0 along +0.0000  B nest->food [1438,4245,7053,9861,8331]  blocked      284  kin swaps       0  ticks     12715  tumbles      3455 (homeward        0, 0.00%)  drops       0  DELIVERED     0  leg home n    0 med     0 p90     0 (laden n    0 med     0 p90     0)  appetite held         0 J of         0  trips born-on-comb    0 (20 ants) / born-off    0 (0 ants)
                channel A: PEAK amt  65535 cells  103 (of 141 route)  POLARITY|| +0.24641 && +0.25136 SPAN +0.03364 edge   6.4  end nest->food [11848,3338,0,0,0]  nest   25  AtNest 33.77%
                Carrying: laden      9642  of which SPOIL      9642 (100.0%)
    DECISION CENSUS: 12921 decisions, reconciled against the rows and the engine's counters
      leg     setting          n  stepped    felllaunched swappedcrossingreversedblocked_roll_fairoll_fai no_body
      empty   pocket         488    13.9%   41.0%    0.0%    0.0%    0.0%    0.0%    5.3%   19.1%   20.7%    0.0%
      empty   corridor      1766    49.3%    2.9%    0.0%    0.0%    0.0%    0.0%    1.9%   23.8%   22.0%    0.0%
      empty   junction      6651    34.6%    6.8%    0.0%    0.0%    0.0%    0.0%    0.9%   28.0%   29.7%    0.0%
      empty   open          2532    41.4%    9.4%    0.0%    0.0%    0.0%    0.0%    0.0%   24.4%   24.8%    0.0%
      spoil   pocket         327    25.1%    7.3%    0.0%    0.0%    0.0%    0.0%   20.8%   25.1%   21.7%    0.0%
      spoil   corridor       275    40.0%    1.8%    0.0%    0.0%    0.0%    0.0%   23.3%   16.0%   18.9%    0.0%
      spoil   junction       747    51.9%    1.7%    0.0%    0.0%    0.0%    0.0%    4.1%   18.7%   23.4%    0.0%
      spoil   open           135    57.8%    2.2%    0.0%    0.0%    0.0%    0.0%    0.0%   18.5%   21.5%    0.0%
    DECISIONS: rows not written (decisionnorows)
  140   16  hand    0/0            0        0     4314        0        0    0/20        0         15 3 2 0 0
                A READ  ant-readable homeward along >= 0.02 on  44.0% of route-cell samples | FOODWARD   2.6% | plane lit on  48.9% | peak amt  65535 cells 105
                THE LOOP, ANT BY ANT:
                  0. lived                                     20    100.0% of prev    100.0% of all
                  1. reached the food                           0      0.0% of prev      0.0% of all
                  2. picked food up out there                   0      0.0% of prev      0.0% of all
                  3. turned for home with it                    0      0.0% of prev      0.0% of all
                  4. got back to the nest still holding it      0      0.0% of prev      0.0% of all
                  5. PUT IT DOWN there                          0      0.0% of prev      0.0% of all
                  6. went back out again                        0      0.0% of prev      0.0% of all
                  7. reached the food a SECOND time             0      0.0% of prev      0.0% of all
                RETURN LEDGER reached food    0 of   20 ants | came back    0 | trips laden    0 empty    0 | LOOPERS    0 of   20 ants ( 0.0% of those that reached food), repeat    0, most loops by one ant   0
                BY ANCHOR AT PICKUP  anchor ON nest material:    0 loops /    0 pickups (  0.0%) | anchor OFF it:    0 /    0 (  0.0%)
                BY BIRTH SITE  born ON comb:   0 of   0 that reached food looped (  0.0%) | born OFF comb:   0 of   0 (  0.0%)
                founded x   30..68   (nest cursor 48 MATERIAL x 26..70 20 of 20 founders born on it; food 188; nearest founder 120 cells out, farthest 158, nominal gap 140)  occupancy/1k [65 6 2 2 0 0 0 0]  carry->nest       0  born    0 died   20 (starved   20)
                own trail: route pk    0 end    0 along +0.0000  B nest->food [1438,4245,7053,9861,8331]  blocked      283  kin swaps       0  ticks     12921  tumbles      3567 (homeward        0, 0.00%)  drops       0  DELIVERED     0  leg home n    0 med     0 p90     0 (laden n    0 med     0 p90     0)  appetite held         0 J of         0  trips born-on-comb    0 (20 ants) / born-off    0 (0 ants)
                channel A: PEAK amt  65535 cells  105 (of 141 route)  POLARITY|| +0.21996 && +0.22142 SPAN +0.01737 edge   6.2  end nest->food [12019,3310,0,0,0]  nest   25  AtNest 39.27%
                Carrying: laden      8904  of which SPOIL      8904 (100.0%)
    DECISION CENSUS: 12797 decisions, reconciled against the rows and the engine's counters
      leg     setting          n  stepped    felllaunched swappedcrossingreversedblocked_roll_fairoll_fai no_body
      empty   pocket         538    13.0%   32.0%    0.0%    0.0%    0.0%    0.0%    3.9%   28.3%   22.9%    0.0%
      empty   corridor      2482    48.0%    1.8%    0.0%    0.0%    0.0%    0.0%    1.3%   25.5%   23.4%    0.0%
      empty   junction      5613    38.4%    3.8%    0.0%    0.0%    0.0%    0.0%    1.5%   28.5%   27.7%    0.0%
      empty   open          1359    38.1%    5.6%    0.0%    0.0%    0.0%    0.0%    0.0%   27.4%   28.8%    0.0%
      spoil   pocket         832    30.4%    1.1%    0.0%    0.0%    0.0%    0.0%   23.3%   23.8%   21.4%    0.0%
      spoil   corridor       754    43.5%    0.9%    0.0%    0.0%    0.0%    0.0%    5.0%   24.1%   26.4%    0.0%
      spoil   junction      1083    42.3%    1.4%    0.0%    0.0%    0.0%    0.0%    4.9%   25.3%   26.1%    0.0%
      spoil   open           136    55.9%    0.7%    0.0%    0.0%    0.0%    0.0%    0.0%   18.4%   25.0%    0.0%
    DECISIONS: rows not written (decisionnorows)
  140   17  hand    0/0            0        0     4446        0        0    0/20        0         17 1 2 0 0
                A READ  ant-readable homeward along >= 0.02 on  41.6% of route-cell samples | FOODWARD   2.5% | plane lit on  44.2% | peak amt  61395 cells  96
                THE LOOP, ANT BY ANT:
                  0. lived                                     20    100.0% of prev    100.0% of all
                  1. reached the food                           0      0.0% of prev      0.0% of all
                  2. picked food up out there                   0      0.0% of prev      0.0% of all
                  3. turned for home with it                    0      0.0% of prev      0.0% of all
                  4. got back to the nest still holding it      0      0.0% of prev      0.0% of all
                  5. PUT IT DOWN there                          0      0.0% of prev      0.0% of all
                  6. went back out again                        0      0.0% of prev      0.0% of all
                  7. reached the food a SECOND time             0      0.0% of prev      0.0% of all
                RETURN LEDGER reached food    0 of   20 ants | came back    0 | trips laden    0 empty    0 | LOOPERS    0 of   20 ants ( 0.0% of those that reached food), repeat    0, most loops by one ant   0
                BY ANCHOR AT PICKUP  anchor ON nest material:    0 loops /    0 pickups (  0.0%) | anchor OFF it:    0 /    0 (  0.0%)
                BY BIRTH SITE  born ON comb:   0 of   0 that reached food looped (  0.0%) | born OFF comb:   0 of   0 (  0.0%)
                founded x   30..68   (nest cursor 48 MATERIAL x 26..70 20 of 20 founders born on it; food 188; nearest founder 120 cells out, farthest 158, nominal gap 140)  occupancy/1k [67 5 1 1 0 0 0 0]  carry->nest       0  born    0 died   20 (starved   20)
                own trail: route pk    0 end    0 along +0.0000  B nest->food [1438,4245,7053,9861,8331]  blocked      423  kin swaps       0  ticks     12797  tumbles      3862 (homeward        0, 0.00%)  drops       0  DELIVERED     0  leg home n    0 med     0 p90     0 (laden n    0 med     0 p90     0)  appetite held         0 J of         0  trips born-on-comb    0 (20 ants) / born-off    0 (0 ants)
                channel A: PEAK amt  61395 cells   96 (of 141 route)  POLARITY|| +0.23659 && +0.24064 SPAN +0.03563 edge   6.0  end nest->food [11654,2336,0,0,0]  nest   25  AtNest 42.27%
                Carrying: laden     16830  of which SPOIL     16830 (100.0%)
    DECISION CENSUS: 12384 decisions, reconciled against the rows and the engine's counters
      leg     setting          n  stepped    felllaunched swappedcrossingreversedblocked_roll_fairoll_fai no_body
      empty   pocket         807    20.2%   23.2%    0.0%    0.0%    0.0%    0.0%    9.3%   22.7%   24.7%    0.0%
      empty   corridor      2062    44.8%    3.4%    0.0%    0.0%    0.0%    0.0%    1.6%   25.5%   24.6%    0.0%
      empty   junction      5368    41.6%    4.6%    0.0%    0.0%    0.0%    0.0%    1.4%   27.0%   25.4%    0.0%
      empty   open          1733    45.1%    5.3%    0.0%    0.0%    0.0%    0.0%    0.0%   22.8%   26.8%    0.0%
      spoil   pocket         777    28.1%    1.2%    0.0%    0.0%    0.0%    0.0%   22.7%   23.7%   24.5%    0.0%
      spoil   corridor       518    38.4%    0.4%    0.0%    0.0%    0.0%    0.0%    8.9%   23.6%   28.8%    0.0%
      spoil   junction       956    46.7%    0.6%    0.0%    0.0%    0.0%    0.0%    4.9%   24.5%   23.3%    0.0%
      spoil   open           163    50.9%    0.6%    0.0%    0.0%    0.0%    0.0%    0.0%   27.0%   21.5%    0.0%
    DECISIONS: rows not written (decisionnorows)
  140   18  hand    0/0            0        0     4230        0        0    0/20        0         17 3 0 0 0
                A READ  ant-readable homeward along >= 0.02 on  34.1% of route-cell samples | FOODWARD   1.8% | plane lit on  38.6% | peak amt  64703 cells  57
                THE LOOP, ANT BY ANT:
                  0. lived                                     20    100.0% of prev    100.0% of all
                  1. reached the food                           0      0.0% of prev      0.0% of all
                  2. picked food up out there                   0      0.0% of prev      0.0% of all
                  3. turned for home with it                    0      0.0% of prev      0.0% of all
                  4. got back to the nest still holding it      0      0.0% of prev      0.0% of all
                  5. PUT IT DOWN there                          0      0.0% of prev      0.0% of all
                  6. went back out again                        0      0.0% of prev      0.0% of all
                  7. reached the food a SECOND time             0      0.0% of prev      0.0% of all
                RETURN LEDGER reached food    0 of   20 ants | came back    0 | trips laden    0 empty    0 | LOOPERS    0 of   20 ants ( 0.0% of those that reached food), repeat    0, most loops by one ant   0
                BY ANCHOR AT PICKUP  anchor ON nest material:    0 loops /    0 pickups (  0.0%) | anchor OFF it:    0 /    0 (  0.0%)
                BY BIRTH SITE  born ON comb:   0 of   0 that reached food looped (  0.0%) | born OFF comb:   0 of   0 (  0.0%)
                founded x   30..68   (nest cursor 48 MATERIAL x 26..70 20 of 20 founders born on it; food 188; nearest founder 120 cells out, farthest 158, nominal gap 140)  occupancy/1k [65 7 1 0 0 0 0 0]  carry->nest       0  born    0 died   20 (starved   20)
                own trail: route pk    0 end    0 along +0.0000  B nest->food [1438,4245,7053,9861,8331]  blocked      452  kin swaps       0  ticks     12384  tumbles      3591 (homeward        0, 0.00%)  drops       0  DELIVERED     0  leg home n    0 med     0 p90     0 (laden n    0 med     0 p90     0)  appetite held         0 J of         0  trips born-on-comb    0 (20 ants) / born-off    0 (0 ants)
                channel A: PEAK amt  64703 cells   57 (of 141 route)  POLARITY|| +0.26029 && +0.25701 SPAN +0.02811 edge   6.0  end nest->food [11247,3283,0,0,0]  nest   25  AtNest 39.43%
                Carrying: laden     14484  of which SPOIL     14484 (100.0%)
    DECISION CENSUS: 12749 decisions, reconciled against the rows and the engine's counters
      leg     setting          n  stepped    felllaunched swappedcrossingreversedblocked_roll_fairoll_fai no_body
      empty   pocket         634    22.7%   23.3%    0.0%    0.0%    0.0%    0.0%   12.3%   19.6%   22.1%    0.0%
      empty   corridor      1960    51.0%    2.7%    0.0%    0.0%    0.0%    0.0%    1.9%   23.1%   21.3%    0.0%
      empty   junction      5606    38.6%    5.8%    0.0%    0.0%    0.0%    0.0%    0.9%   27.1%   27.6%    0.0%
      empty   open          2119    36.8%    7.3%    0.0%    0.0%    0.0%    0.0%    0.0%   27.8%   28.1%    0.0%
      spoil   pocket         908    28.7%    1.3%    0.0%    0.0%    0.0%    0.0%   22.4%   23.9%   23.7%    0.0%
      spoil   corridor       593    43.3%    0.3%    0.0%    0.0%    0.0%    0.0%    9.3%   23.1%   23.9%    0.0%
      spoil   junction       832    47.8%    0.6%    0.0%    0.0%    0.0%    0.0%    5.2%   22.4%   24.0%    0.0%
      spoil   open            97    34.0%    1.0%    0.0%    0.0%    0.0%    0.0%    0.0%   37.1%   27.8%    0.0%
    DECISIONS: rows not written (decisionnorows)
  140   19  hand    0/0            0        0     4710        0        0    0/20        0         19 0 0 1 0
                A READ  ant-readable homeward along >= 0.02 on  36.1% of route-cell samples | FOODWARD   3.1% | plane lit on  42.1% | peak amt  65535 cells 128
                THE LOOP, ANT BY ANT:
                  0. lived                                     20    100.0% of prev    100.0% of all
                  1. reached the food                           0      0.0% of prev      0.0% of all
                  2. picked food up out there                   0      0.0% of prev      0.0% of all
                  3. turned for home with it                    0      0.0% of prev      0.0% of all
                  4. got back to the nest still holding it      0      0.0% of prev      0.0% of all
                  5. PUT IT DOWN there                          0      0.0% of prev      0.0% of all
                  6. went back out again                        0      0.0% of prev      0.0% of all
                  7. reached the food a SECOND time             0      0.0% of prev      0.0% of all
                RETURN LEDGER reached food    0 of   20 ants | came back    0 | trips laden    0 empty    0 | LOOPERS    0 of   20 ants ( 0.0% of those that reached food), repeat    0, most loops by one ant   0
                BY ANCHOR AT PICKUP  anchor ON nest material:    0 loops /    0 pickups (  0.0%) | anchor OFF it:    0 /    0 (  0.0%)
                BY BIRTH SITE  born ON comb:   0 of   0 that reached food looped (  0.0%) | born OFF comb:   0 of   0 (  0.0%)
                founded x   30..68   (nest cursor 48 MATERIAL x 26..70 20 of 20 founders born on it; food 188; nearest founder 120 cells out, farthest 158, nominal gap 140)  occupancy/1k [67 5 0 0 0 0 0 0]  carry->nest       0  born    0 died   20 (starved   20)
                own trail: route pk    0 end    0 along +0.0000  B nest->food [1438,4245,7053,9861,8331]  blocked      469  kin swaps       0  ticks     12749  tumbles      3729 (homeward        0, 0.00%)  drops       0  DELIVERED     0  leg home n    0 med     0 p90     0 (laden n    0 med     0 p90     0)  appetite held         0 J of         0  trips born-on-comb    0 (20 ants) / born-off    0 (0 ants)
                channel A: PEAK amt  65535 cells  128 (of 141 route)  POLARITY|| +0.25407 && +0.25185 SPAN +0.01591 edge   7.3  end nest->food [11616,2837,0,0,0]  nest   25  AtNest 37.93%
                Carrying: laden     14580  of which SPOIL     14580 (100.0%)
    DECISION CENSUS: 12892 decisions, reconciled against the rows and the engine's counters
      leg     setting          n  stepped    felllaunched swappedcrossingreversedblocked_roll_fairoll_fai no_body
      empty   pocket         876    19.7%   24.0%    0.0%    0.0%    0.0%    0.0%    8.8%   24.4%   23.1%    0.0%
      empty   corridor      1912    50.4%    2.7%    0.0%    0.0%    0.0%    0.0%    1.3%   22.6%   23.0%    0.0%
      empty   junction      5420    37.5%    5.0%    0.0%    0.0%    0.0%    0.0%    0.9%   28.7%   28.0%    0.0%
      empty   open          1494    35.5%    4.8%    0.0%    0.0%    0.0%    0.0%    0.0%   28.4%   31.3%    0.0%
      spoil   pocket        1432    31.3%    0.4%    0.0%    0.0%    0.0%    0.0%   24.7%   23.0%   20.6%    0.0%
      spoil   corridor       973    53.9%    0.0%    0.0%    0.0%    0.0%    0.0%    3.3%   22.6%   20.2%    0.0%
      spoil   junction       722    46.7%    0.6%    0.0%    0.0%    0.0%    0.0%    3.9%   23.5%   25.3%    0.0%
      spoil   open            63    50.8%    4.8%    0.0%    0.0%    0.0%    0.0%    0.0%   17.5%   27.0%    0.0%
    DECISIONS: rows not written (decisionnorows)
  140   20  hand    0/0            0        0     4746        0        0    0/20        0         17 3 0 0 0
                A READ  ant-readable homeward along >= 0.02 on  37.2% of route-cell samples | FOODWARD   3.1% | plane lit on  43.7% | peak amt  65535 cells  70
                THE LOOP, ANT BY ANT:
                  0. lived                                     20    100.0% of prev    100.0% of all
                  1. reached the food                           0      0.0% of prev      0.0% of all
                  2. picked food up out there                   0      0.0% of prev      0.0% of all
                  3. turned for home with it                    0      0.0% of prev      0.0% of all
                  4. got back to the nest still holding it      0      0.0% of prev      0.0% of all
                  5. PUT IT DOWN there                          0      0.0% of prev      0.0% of all
                  6. went back out again                        0      0.0% of prev      0.0% of all
                  7. reached the food a SECOND time             0      0.0% of prev      0.0% of all
                RETURN LEDGER reached food    0 of   20 ants | came back    0 | trips laden    0 empty    0 | LOOPERS    0 of   20 ants ( 0.0% of those that reached food), repeat    0, most loops by one ant   0
                BY ANCHOR AT PICKUP  anchor ON nest material:    0 loops /    0 pickups (  0.0%) | anchor OFF it:    0 /    0 (  0.0%)
                BY BIRTH SITE  born ON comb:   0 of   0 that reached food looped (  0.0%) | born OFF comb:   0 of   0 (  0.0%)
                founded x   30..68   (nest cursor 48 MATERIAL x 26..70 20 of 20 founders born on it; food 188; nearest founder 120 cells out, farthest 158, nominal gap 140)  occupancy/1k [58 15 2 0 0 0 0 0]  carry->nest       0  born    0 died   20 (starved   20)
                own trail: route pk    0 end    0 along +0.0000  B nest->food [1438,4245,7053,9861,8331]  blocked      565  kin swaps       0  ticks     12892  tumbles      3921 (homeward        0, 0.00%)  drops       0  DELIVERED     0  leg home n    0 med     0 p90     0 (laden n    0 med     0 p90     0)  appetite held         0 J of         0  trips born-on-comb    0 (20 ants) / born-off    0 (0 ants)
                channel A: PEAK amt  65535 cells   70 (of 141 route)  POLARITY|| +0.23244 && +0.23180 SPAN +0.02338 edge   6.0  end nest->food [11051,3912,0,0,0]  nest   25  AtNest 36.77%
                Carrying: laden     19140  of which SPOIL     19140 (100.0%)
    DECISION CENSUS: 12769 decisions, reconciled against the rows and the engine's counters
      leg     setting          n  stepped    felllaunched swappedcrossingreversedblocked_roll_fairoll_fai no_body
      empty   pocket         733    18.3%   29.5%    0.0%    0.0%    0.0%    0.0%    8.6%   20.6%   23.1%    0.0%
      empty   corridor      1592    45.8%    4.8%    0.0%    0.0%    0.0%    0.0%    1.8%   24.3%   23.3%    0.0%
      empty   junction      5992    37.1%    7.3%    0.0%    0.0%    0.0%    0.0%    1.6%   27.2%   26.8%    0.0%
      empty   open          2224    46.9%    8.7%    0.0%    0.0%    0.0%    0.0%    0.0%   21.9%   22.6%    0.0%
      spoil   pocket         691    32.9%    0.4%    0.0%    0.0%    0.0%    0.0%   28.1%   17.5%   21.1%    0.0%
      spoil   corridor       455    42.4%    0.7%    0.0%    0.0%    0.0%    0.0%    9.5%   25.5%   22.0%    0.0%
      spoil   junction       936    46.3%    1.6%    0.0%    0.0%    0.0%    0.0%    6.5%   21.5%   24.1%    0.0%
      spoil   open           146    58.9%    4.1%    0.0%    0.0%    0.0%    0.0%    0.0%   17.1%   19.9%    0.0%
    DECISIONS: rows not written (decisionnorows)
  140   21  hand    0/0            0        0     4248        0        0    0/20        0         18 1 1 0 0
                A READ  ant-readable homeward along >= 0.02 on  41.9% of route-cell samples | FOODWARD   0.5% | plane lit on  41.1% | peak amt  65535 cells  83
                THE LOOP, ANT BY ANT:
                  0. lived                                     20    100.0% of prev    100.0% of all
                  1. reached the food                           0      0.0% of prev      0.0% of all
                  2. picked food up out there                   0      0.0% of prev      0.0% of all
                  3. turned for home with it                    0      0.0% of prev      0.0% of all
                  4. got back to the nest still holding it      0      0.0% of prev      0.0% of all
                  5. PUT IT DOWN there                          0      0.0% of prev      0.0% of all
                  6. went back out again                        0      0.0% of prev      0.0% of all
                  7. reached the food a SECOND time             0      0.0% of prev      0.0% of all
                RETURN LEDGER reached food    0 of   20 ants | came back    0 | trips laden    0 empty    0 | LOOPERS    0 of   20 ants ( 0.0% of those that reached food), repeat    0, most loops by one ant   0
                BY ANCHOR AT PICKUP  anchor ON nest material:    0 loops /    0 pickups (  0.0%) | anchor OFF it:    0 /    0 (  0.0%)
                BY BIRTH SITE  born ON comb:   0 of   0 that reached food looped (  0.0%) | born OFF comb:   0 of   0 (  0.0%)
                founded x   30..68   (nest cursor 48 MATERIAL x 26..70 20 of 20 founders born on it; food 188; nearest founder 120 cells out, farthest 158, nominal gap 140)  occupancy/1k [62 12 1 0 0 0 0 0]  carry->nest       0  born    0 died   20 (starved   20)
                own trail: route pk    0 end    0 along +0.0000  B nest->food [1438,4245,7053,9861,8331]  blocked      483  kin swaps       0  ticks     12769  tumbles      3601 (homeward        0, 0.00%)  drops       0  DELIVERED     0  leg home n    0 med     0 p90     0 (laden n    0 med     0 p90     0)  appetite held         0 J of         0  trips born-on-comb    0 (20 ants) / born-off    0 (0 ants)
                channel A: PEAK amt  65535 cells   83 (of 141 route)  POLARITY|| +0.24986 && +0.25279 SPAN +0.02453 edge   6.0  end nest->food [11498,2453,0,0,0]  nest   25  AtNest 34.43%
                Carrying: laden     13368  of which SPOIL     13368 (100.0%)
    DECISION CENSUS: 12631 decisions, reconciled against the rows and the engine's counters
      leg     setting          n  stepped    felllaunched swappedcrossingreversedblocked_roll_fairoll_fai no_body
      empty   pocket         740    13.6%   32.2%    0.0%    0.0%    0.0%    0.0%    5.5%   25.3%   23.4%    0.0%
      empty   corridor      1874    47.9%    3.6%    0.0%    0.0%    0.0%    0.0%    1.0%   23.9%   23.7%    0.0%
      empty   junction      5931    42.7%    4.7%    0.0%    0.0%    0.0%    0.0%    1.1%   25.1%   26.3%    0.0%
      empty   open          1620    42.6%    6.4%    0.0%    0.0%    0.0%    0.0%    0.0%   25.6%   25.4%    0.0%
      spoil   pocket         751    31.6%    0.7%    0.0%    0.0%    0.0%    0.0%   24.0%   22.6%   21.2%    0.0%
      spoil   corridor       712    43.4%    0.4%    0.0%    0.0%    0.0%    0.0%    7.0%   24.2%   25.0%    0.0%
      spoil   junction       902    44.2%    0.9%    0.0%    0.0%    0.0%    0.0%    5.4%   25.9%   23.5%    0.0%
      spoil   open           101    42.6%    3.0%    0.0%    0.0%    0.0%    0.0%    0.0%   21.8%   32.7%    0.0%
    DECISIONS: rows not written (decisionnorows)
  140   22  hand    0/0            0        0     4236        0        0    0/20        0         15 5 0 0 0
                A READ  ant-readable homeward along >= 0.02 on  40.7% of route-cell samples | FOODWARD   0.9% | plane lit on  42.8% | peak amt  63508 cells  67
                THE LOOP, ANT BY ANT:
                  0. lived                                     20    100.0% of prev    100.0% of all
                  1. reached the food                           0      0.0% of prev      0.0% of all
                  2. picked food up out there                   0      0.0% of prev      0.0% of all
                  3. turned for home with it                    0      0.0% of prev      0.0% of all
                  4. got back to the nest still holding it      0      0.0% of prev      0.0% of all
                  5. PUT IT DOWN there                          0      0.0% of prev      0.0% of all
                  6. went back out again                        0      0.0% of prev      0.0% of all
                  7. reached the food a SECOND time             0      0.0% of prev      0.0% of all
                RETURN LEDGER reached food    0 of   20 ants | came back    0 | trips laden    0 empty    0 | LOOPERS    0 of   20 ants ( 0.0% of those that reached food), repeat    0, most loops by one ant   0
                BY ANCHOR AT PICKUP  anchor ON nest material:    0 loops /    0 pickups (  0.0%) | anchor OFF it:    0 /    0 (  0.0%)
                BY BIRTH SITE  born ON comb:   0 of   0 that reached food looped (  0.0%) | born OFF comb:   0 of   0 (  0.0%)
                founded x   30..68   (nest cursor 48 MATERIAL x 26..70 20 of 20 founders born on it; food 188; nearest founder 120 cells out, farthest 158, nominal gap 140)  occupancy/1k [54 15 4 0 0 0 0 0]  carry->nest       0  born    0 died   20 (starved   20)
                own trail: route pk    0 end    0 along +0.0000  B nest->food [1438,4245,7053,9861,8331]  blocked      405  kin swaps       0  ticks     12631  tumbles      3541 (homeward        0, 0.00%)  drops       0  DELIVERED     0  leg home n    0 med     0 p90     0 (laden n    0 med     0 p90     0)  appetite held         0 J of         0  trips born-on-comb    0 (20 ants) / born-off    0 (0 ants)
                channel A: PEAK amt  63508 cells   67 (of 141 route)  POLARITY|| +0.23743 && +0.23505 SPAN +0.02166 edge   6.0  end nest->food [11353,3166,0,0,0]  nest   25  AtNest 36.32%
                Carrying: laden     14796  of which SPOIL     14796 (100.0%)
    DECISION CENSUS: 12745 decisions, reconciled against the rows and the engine's counters
      leg     setting          n  stepped    felllaunched swappedcrossingreversedblocked_roll_fairoll_fai no_body
      empty   pocket         693    17.7%   32.5%    0.0%    0.0%    0.0%    0.0%    8.8%   20.1%   20.9%    0.0%
      empty   corridor      1910    45.1%    4.0%    0.0%    0.0%    0.0%    0.0%    1.2%   25.5%   24.1%    0.0%
      empty   junction      6291    38.3%    5.9%    0.0%    0.0%    0.0%    0.0%    1.0%   27.8%   26.9%    0.0%
      empty   open          2100    42.3%    6.8%    0.0%    0.0%    0.0%    0.0%    0.0%   26.1%   24.8%    0.0%
      spoil   pocket         462    26.8%    2.6%    0.0%    0.0%    0.0%    0.0%   20.3%   26.0%   24.2%    0.0%
      spoil   corridor       369    42.3%    1.1%    0.0%    0.0%    0.0%    0.0%   13.0%   22.2%   21.4%    0.0%
      spoil   junction       788    47.8%    1.9%    0.0%    0.0%    0.0%    0.0%    2.2%   25.1%   23.0%    0.0%
      spoil   open           132    63.6%    0.8%    0.0%    0.0%    0.0%    0.0%    0.0%   18.2%   17.4%    0.0%
    DECISIONS: rows not written (decisionnorows)
  140   23  hand    0/0            0        0     4608        0        0    0/20        0         15 4 1 0 0
                A READ  ant-readable homeward along >= 0.02 on  43.1% of route-cell samples | FOODWARD   0.5% | plane lit on  43.9% | peak amt  64650 cells  75
                THE LOOP, ANT BY ANT:
                  0. lived                                     20    100.0% of prev    100.0% of all
                  1. reached the food                           0      0.0% of prev      0.0% of all
                  2. picked food up out there                   0      0.0% of prev      0.0% of all
                  3. turned for home with it                    0      0.0% of prev      0.0% of all
                  4. got back to the nest still holding it      0      0.0% of prev      0.0% of all
                  5. PUT IT DOWN there                          0      0.0% of prev      0.0% of all
                  6. went back out again                        0      0.0% of prev      0.0% of all
                  7. reached the food a SECOND time             0      0.0% of prev      0.0% of all
                RETURN LEDGER reached food    0 of   20 ants | came back    0 | trips laden    0 empty    0 | LOOPERS    0 of   20 ants ( 0.0% of those that reached food), repeat    0, most loops by one ant   0
                BY ANCHOR AT PICKUP  anchor ON nest material:    0 loops /    0 pickups (  0.0%) | anchor OFF it:    0 /    0 (  0.0%)
                BY BIRTH SITE  born ON comb:   0 of   0 that reached food looped (  0.0%) | born OFF comb:   0 of   0 (  0.0%)
                founded x   30..68   (nest cursor 48 MATERIAL x 26..70 20 of 20 founders born on it; food 188; nearest founder 120 cells out, farthest 158, nominal gap 140)  occupancy/1k [59 9 7 0 0 0 0 0]  carry->nest       0  born    0 died   20 (starved   20)
                own trail: route pk    0 end    0 along +0.0000  B nest->food [1438,4245,7053,9861,8331]  blocked      307  kin swaps       0  ticks     12745  tumbles      3658 (homeward        0, 0.00%)  drops       0  DELIVERED     0  leg home n    0 med     0 p90     0 (laden n    0 med     0 p90     0)  appetite held         0 J of         0  trips born-on-comb    0 (20 ants) / born-off    0 (0 ants)
                channel A: PEAK amt  64650 cells   75 (of 141 route)  POLARITY|| +0.23830 && +0.23788 SPAN +0.02572 edge   6.0  end nest->food [11141,3015,0,0,0]  nest   25  AtNest 35.05%
                Carrying: laden     10506  of which SPOIL     10506 (100.0%)
    DECISION CENSUS: 11862 decisions, reconciled against the rows and the engine's counters
      leg     setting          n  stepped    felllaunched swappedcrossingreversedblocked_roll_fairoll_fai no_body
      empty   pocket         659    18.7%   27.2%    0.0%    0.0%    0.0%    0.0%   10.3%   20.2%   23.7%    0.0%
      empty   corridor      1211    45.4%    5.5%    0.0%    0.0%    0.0%    0.0%    2.3%   23.5%   23.4%    0.0%
      empty   junction      5495    35.1%    6.2%    0.0%    0.0%    0.0%    0.0%    1.1%   28.8%   28.8%    0.0%
      empty   open          2087    42.3%    9.2%    0.0%    0.0%    0.0%    0.0%    0.0%   24.2%   24.3%    0.0%
      spoil   pocket         833    29.2%    1.1%    0.0%    0.0%    0.0%    0.0%   23.4%   22.1%   24.2%    0.0%
      spoil   corridor       521    47.2%    0.0%    0.0%    0.0%    0.0%    0.0%   13.4%   18.6%   20.7%    0.0%
      spoil   junction       883    50.4%    1.4%    0.0%    0.0%    0.0%    0.0%    5.3%   20.4%   22.5%    0.0%
      spoil   open           173    58.4%    2.9%    0.0%    0.0%    0.0%    0.0%    0.0%   24.3%   14.5%    0.0%
    DECISIONS: rows not written (decisionnorows)
  140   24  hand    0/0            0        0     4116        0        0    0/20        0         19 1 0 0 0
                A READ  ant-readable homeward along >= 0.02 on  29.7% of route-cell samples | FOODWARD   2.4% | plane lit on  35.1% | peak amt  65535 cells  55
                THE LOOP, ANT BY ANT:
                  0. lived                                     20    100.0% of prev    100.0% of all
                  1. reached the food                           0      0.0% of prev      0.0% of all
                  2. picked food up out there                   0      0.0% of prev      0.0% of all
                  3. turned for home with it                    0      0.0% of prev      0.0% of all
                  4. got back to the nest still holding it      0      0.0% of prev      0.0% of all
                  5. PUT IT DOWN there                          0      0.0% of prev      0.0% of all
                  6. went back out again                        0      0.0% of prev      0.0% of all
                  7. reached the food a SECOND time             0      0.0% of prev      0.0% of all
                RETURN LEDGER reached food    0 of   20 ants | came back    0 | trips laden    0 empty    0 | LOOPERS    0 of   20 ants ( 0.0% of those that reached food), repeat    0, most loops by one ant   0
                BY ANCHOR AT PICKUP  anchor ON nest material:    0 loops /    0 pickups (  0.0%) | anchor OFF it:    0 /    0 (  0.0%)
                BY BIRTH SITE  born ON comb:   0 of   0 that reached food looped (  0.0%) | born OFF comb:   0 of   0 (  0.0%)
                founded x   30..68   (nest cursor 48 MATERIAL x 26..70 20 of 20 founders born on it; food 188; nearest founder 120 cells out, farthest 158, nominal gap 140)  occupancy/1k [62 8 0 0 0 0 0 0]  carry->nest       0  born    0 died   20 (starved   19)
                own trail: route pk    0 end    0 along +0.0000  B nest->food [1438,4245,7053,9861,8331]  blocked      466  kin swaps       0  ticks     11863  tumbles      3471 (homeward        0, 0.00%)  drops       0  DELIVERED     0  leg home n    0 med     0 p90     0 (laden n    0 med     0 p90     0)  appetite held         0 J of         0  trips born-on-comb    0 (20 ants) / born-off    0 (0 ants)
                channel A: PEAK amt  65535 cells   55 (of 141 route)  POLARITY|| +0.28433 && +0.28134 SPAN +0.00312 edge   6.0  end nest->food [11240,3483,0,0,0]  nest   25  AtNest 44.03%
                Carrying: laden     14466  of which SPOIL     14466 (100.0%)
    DECISION CENSUS: 12366 decisions, reconciled against the rows and the engine's counters
      leg     setting          n  stepped    felllaunched swappedcrossingreversedblocked_roll_fairoll_fai no_body
      empty   pocket         704    20.9%   25.3%    0.0%    0.0%    0.0%    0.0%   12.8%   20.0%   21.0%    0.0%
      empty   corridor      1454    46.5%    4.5%    0.0%    0.0%    0.0%    0.0%    1.9%   23.7%   23.4%    0.0%
      empty   junction      5752    38.6%    5.7%    0.0%    0.0%    0.0%    0.0%    0.9%   27.5%   27.3%    0.0%
      empty   open          1976    42.5%    6.9%    0.0%    0.0%    0.0%    0.0%    0.0%   26.2%   24.5%    0.0%
      spoil   pocket         803    31.0%    1.5%    0.0%    0.0%    0.0%    0.0%   23.8%   22.4%   21.3%    0.0%
      spoil   corridor       447    37.1%    0.7%    0.0%    0.0%    0.0%    0.0%   11.9%   23.7%   26.6%    0.0%
      spoil   junction      1037    44.2%    1.3%    0.0%    0.0%    0.0%    0.0%    4.0%   25.7%   24.9%    0.0%
      spoil   open           193    52.3%    4.7%    0.0%    0.0%    0.0%    0.0%    0.0%   20.7%   22.3%    0.0%
    DECISIONS: rows not written (decisionnorows)
  200    1  hand    0/0            0        0     4152        0        0    0/20        0         20 0 0 0 0
                A READ  ant-readable homeward along >= 0.02 on  22.0% of route-cell samples | FOODWARD   0.4% | plane lit on  22.9% | peak amt  65535 cells  51
                THE LOOP, ANT BY ANT:
                  0. lived                                     20    100.0% of prev    100.0% of all
                  1. reached the food                           0      0.0% of prev      0.0% of all
                  2. picked food up out there                   0      0.0% of prev      0.0% of all
                  3. turned for home with it                    0      0.0% of prev      0.0% of all
                  4. got back to the nest still holding it      0      0.0% of prev      0.0% of all
                  5. PUT IT DOWN there                          0      0.0% of prev      0.0% of all
                  6. went back out again                        0      0.0% of prev      0.0% of all
                  7. reached the food a SECOND time             0      0.0% of prev      0.0% of all
                RETURN LEDGER reached food    0 of   20 ants | came back    0 | trips laden    0 empty    0 | LOOPERS    0 of   20 ants ( 0.0% of those that reached food), repeat    0, most loops by one ant   0
                BY ANCHOR AT PICKUP  anchor ON nest material:    0 loops /    0 pickups (  0.0%) | anchor OFF it:    0 /    0 (  0.0%)
                BY BIRTH SITE  born ON comb:   0 of   0 that reached food looped (  0.0%) | born OFF comb:   0 of   0 (  0.0%)
                founded x   30..68   (nest cursor 48 MATERIAL x 26..70 20 of 20 founders born on it; food 248; nearest founder 180 cells out, farthest 218, nominal gap 200)  occupancy/1k [73 0 0 0 0 0 0 0]  carry->nest       0  born    0 died   20 (starved   20)
                own trail: route pk    0 end    0 along +0.0000  B nest->food [1040,3947,6854,9762,8347]  blocked      457  kin swaps       0  ticks     12366  tumbles      3632 (homeward        0, 0.00%)  drops       0  DELIVERED     0  leg home n    0 med     0 p90     0 (laden n    0 med     0 p90     0)  appetite held         0 J of         0  trips born-on-comb    0 (20 ants) / born-off    0 (0 ants)
                channel A: PEAK amt  65535 cells   51 (of 201 route)  POLARITY|| +0.30239 && +0.29821 SPAN +0.02934 edge   6.0  end nest->food [11745,8,0,0,0]  nest   25  AtNest 40.52%
                Carrying: laden     14880  of which SPOIL     14880 (100.0%)
    DECISION CENSUS: 12573 decisions, reconciled against the rows and the engine's counters
      leg     setting          n  stepped    felllaunched swappedcrossingreversedblocked_roll_fairoll_fai no_body
      empty   pocket         825    22.4%   20.5%    0.0%    0.0%    0.0%    0.0%    9.9%   23.0%   24.1%    0.0%
      empty   corridor      2071    49.4%    2.7%    0.0%    0.0%    0.0%    0.0%    1.1%   22.9%   23.9%    0.0%
      empty   junction      5294    37.6%    4.8%    0.0%    0.0%    0.0%    0.0%    1.1%   29.1%   27.5%    0.0%
      empty   open          1500    44.3%    7.7%    0.0%    0.0%    0.0%    0.0%    0.0%   22.5%   25.6%    0.0%
      spoil   pocket        1219    30.6%    1.1%    0.0%    0.0%    0.0%    0.0%   24.5%   21.8%   22.0%    0.0%
      spoil   corridor       671    52.5%    0.1%    0.0%    0.0%    0.0%    0.0%    4.0%   22.2%   21.2%    0.0%
      spoil   junction       860    45.6%    2.0%    0.0%    0.0%    0.0%    0.0%    3.6%   23.5%   25.3%    0.0%
      spoil   open           133    51.9%    5.3%    0.0%    0.0%    0.0%    0.0%    0.0%   22.6%   20.3%    0.0%
    DECISIONS: rows not written (decisionnorows)
  200    2  hand    0/0            0        0     4512        0        0    0/20        0         15 5 0 0 0
                A READ  ant-readable homeward along >= 0.02 on  29.3% of route-cell samples | FOODWARD   1.7% | plane lit on  33.7% | peak amt  65535 cells  89
                THE LOOP, ANT BY ANT:
                  0. lived                                     20    100.0% of prev    100.0% of all
                  1. reached the food                           0      0.0% of prev      0.0% of all
                  2. picked food up out there                   0      0.0% of prev      0.0% of all
                  3. turned for home with it                    0      0.0% of prev      0.0% of all
                  4. got back to the nest still holding it      0      0.0% of prev      0.0% of all
                  5. PUT IT DOWN there                          0      0.0% of prev      0.0% of all
                  6. went back out again                        0      0.0% of prev      0.0% of all
                  7. reached the food a SECOND time             0      0.0% of prev      0.0% of all
                RETURN LEDGER reached food    0 of   20 ants | came back    0 | trips laden    0 empty    0 | LOOPERS    0 of   20 ants ( 0.0% of those that reached food), repeat    0, most loops by one ant   0
                BY ANCHOR AT PICKUP  anchor ON nest material:    0 loops /    0 pickups (  0.0%) | anchor OFF it:    0 /    0 (  0.0%)
                BY BIRTH SITE  born ON comb:   0 of   0 that reached food looped (  0.0%) | born OFF comb:   0 of   0 (  0.0%)
                founded x   30..68   (nest cursor 48 MATERIAL x 26..70 20 of 20 founders born on it; food 248; nearest founder 180 cells out, farthest 218, nominal gap 200)  occupancy/1k [67 5 2 0 0 0 0 0]  carry->nest       0  born    0 died   20 (starved   20)
                own trail: route pk    0 end    0 along +0.0000  B nest->food [1040,3947,6854,9762,8347]  blocked      519  kin swaps       0  ticks     12573  tumbles      3706 (homeward        0, 0.00%)  drops       0  DELIVERED     0  leg home n    0 med     0 p90     0 (laden n    0 med     0 p90     0)  appetite held         0 J of         0  trips born-on-comb    0 (20 ants) / born-off    0 (0 ants)
                channel A: PEAK amt  65535 cells   89 (of 201 route)  POLARITY|| +0.21843 && +0.21662 SPAN +0.01569 edge   6.0  end nest->food [10937,768,0,0,0]  nest   25  AtNest 39.30%
                Carrying: laden     17298  of which SPOIL     17298 (100.0%)
    DECISION CENSUS: 12778 decisions, reconciled against the rows and the engine's counters
      leg     setting          n  stepped    felllaunched swappedcrossingreversedblocked_roll_fairoll_fai no_body
      empty   pocket         705    20.7%   26.4%    0.0%    0.0%    0.0%    0.0%   11.5%   21.4%   20.0%    0.0%
      empty   corridor      1611    47.1%    4.6%    0.0%    0.0%    0.0%    0.0%    1.0%   22.9%   24.4%    0.0%
      empty   junction      5639    34.9%    7.0%    0.0%    0.0%    0.0%    0.0%    1.2%   28.3%   28.7%    0.0%
      empty   open          1971    39.6%    7.9%    0.0%    0.0%    0.0%    0.0%    0.0%   25.7%   26.8%    0.0%
      spoil   pocket        1332    31.6%    0.7%    0.0%    0.0%    0.0%    0.0%   24.6%   21.2%   21.9%    0.0%
      spoil   corridor       728    50.5%    0.5%    0.0%    0.0%    0.0%    0.0%    7.3%   21.8%   19.8%    0.0%
      spoil   junction       696    45.4%    1.6%    0.0%    0.0%    0.0%    0.0%    4.0%   25.6%   23.4%    0.0%
      spoil   open            96    49.0%    3.1%    0.0%    0.0%    0.0%    0.0%    0.0%   29.2%   18.8%    0.0%
    DECISIONS: rows not written (decisionnorows)
  200    3  hand    0/0            0        0     4866        0        0    0/20        0         19 1 0 0 0
                A READ  ant-readable homeward along >= 0.02 on  25.4% of route-cell samples | FOODWARD   0.6% | plane lit on  27.8% | peak amt  65535 cells  64
                THE LOOP, ANT BY ANT:
                  0. lived                                     20    100.0% of prev    100.0% of all
                  1. reached the food                           0      0.0% of prev      0.0% of all
                  2. picked food up out there                   0      0.0% of prev      0.0% of all
                  3. turned for home with it                    0      0.0% of prev      0.0% of all
                  4. got back to the nest still holding it      0      0.0% of prev      0.0% of all
                  5. PUT IT DOWN there                          0      0.0% of prev      0.0% of all
                  6. went back out again                        0      0.0% of prev      0.0% of all
                  7. reached the food a SECOND time             0      0.0% of prev      0.0% of all
                RETURN LEDGER reached food    0 of   20 ants | came back    0 | trips laden    0 empty    0 | LOOPERS    0 of   20 ants ( 0.0% of those that reached food), repeat    0, most loops by one ant   0
                BY ANCHOR AT PICKUP  anchor ON nest material:    0 loops /    0 pickups (  0.0%) | anchor OFF it:    0 /    0 (  0.0%)
                BY BIRTH SITE  born ON comb:   0 of   0 that reached food looped (  0.0%) | born OFF comb:   0 of   0 (  0.0%)
                founded x   30..68   (nest cursor 48 MATERIAL x 26..70 20 of 20 founders born on it; food 248; nearest founder 180 cells out, farthest 218, nominal gap 200)  occupancy/1k [73 2 0 0 0 0 0 0]  carry->nest       0  born    0 died   20 (starved   19)
                own trail: route pk    0 end    0 along +0.0000  B nest->food [1040,3947,6854,9762,8347]  blocked      572  kin swaps       0  ticks     12779  tumbles      3844 (homeward        0, 0.00%)  drops       0  DELIVERED     0  leg home n    0 med     0 p90     0 (laden n    0 med     0 p90     0)  appetite held         0 J of         0  trips born-on-comb    0 (20 ants) / born-off    0 (0 ants)
                channel A: PEAK amt  65535 cells   64 (of 201 route)  POLARITY|| +0.26083 && +0.26519 SPAN +0.01369 edge   6.0  end nest->food [11340,191,0,0,0]  nest   25  AtNest 36.38%
                Carrying: laden     17118  of which SPOIL     17118 (100.0%)
    DECISION CENSUS: 12354 decisions, reconciled against the rows and the engine's counters
      leg     setting          n  stepped    felllaunched swappedcrossingreversedblocked_roll_fairoll_fai no_body
      empty   pocket         420    17.9%   26.4%    0.0%    0.0%    0.0%    0.0%    6.4%   23.8%   25.5%    0.0%
      empty   corridor      2225    49.2%    2.6%    0.0%    0.0%    0.0%    0.0%    1.0%   24.0%   23.1%    0.0%
      empty   junction      5178    38.4%    5.9%    0.0%    0.0%    0.0%    0.0%    1.2%   27.4%   27.0%    0.0%
      empty   open          2207    40.4%    7.7%    0.0%    0.0%    0.0%    0.0%    0.0%   26.5%   25.5%    0.0%
      spoil   pocket         569    28.8%    1.9%    0.0%    0.0%    0.0%    0.0%   22.8%   22.1%   24.3%    0.0%
      spoil   corridor       594    47.5%    1.0%    0.0%    0.0%    0.0%    0.0%   10.8%   21.0%   19.7%    0.0%
      spoil   junction      1042    48.4%    1.4%    0.0%    0.0%    0.0%    0.0%    4.5%   22.9%   22.7%    0.0%
      spoil   open           119    53.8%    3.4%    0.0%    0.0%    0.0%    0.0%    0.0%   21.8%   21.0%    0.0%
    DECISIONS: rows not written (decisionnorows)
  200    4  hand    0/0            0        0     4482        0        0    0/20        0         18 1 1 0 0
                A READ  ant-readable homeward along >= 0.02 on  28.6% of route-cell samples | FOODWARD   1.2% | plane lit on  32.0% | peak amt  65535 cells 109
                THE LOOP, ANT BY ANT:
                  0. lived                                     20    100.0% of prev    100.0% of all
                  1. reached the food                           0      0.0% of prev      0.0% of all
                  2. picked food up out there                   0      0.0% of prev      0.0% of all
                  3. turned for home with it                    0      0.0% of prev      0.0% of all
                  4. got back to the nest still holding it      0      0.0% of prev      0.0% of all
                  5. PUT IT DOWN there                          0      0.0% of prev      0.0% of all
                  6. went back out again                        0      0.0% of prev      0.0% of all
                  7. reached the food a SECOND time             0      0.0% of prev      0.0% of all
                RETURN LEDGER reached food    0 of   20 ants | came back    0 | trips laden    0 empty    0 | LOOPERS    0 of   20 ants ( 0.0% of those that reached food), repeat    0, most loops by one ant   0
                BY ANCHOR AT PICKUP  anchor ON nest material:    0 loops /    0 pickups (  0.0%) | anchor OFF it:    0 /    0 (  0.0%)
                BY BIRTH SITE  born ON comb:   0 of   0 that reached food looped (  0.0%) | born OFF comb:   0 of   0 (  0.0%)
                founded x   30..68   (nest cursor 48 MATERIAL x 26..70 20 of 20 founders born on it; food 248; nearest founder 180 cells out, farthest 218, nominal gap 200)  occupancy/1k [68 3 0 1 0 0 0 0]  carry->nest       0  born    0 died   20 (starved   20)
                own trail: route pk    0 end    0 along +0.0000  B nest->food [1040,3947,6854,9762,8347]  blocked      352  kin swaps       0  ticks     12354  tumbles      3508 (homeward        0, 0.00%)  drops       0  DELIVERED     0  leg home n    0 med     0 p90     0 (laden n    0 med     0 p90     0)  appetite held         0 J of         0  trips born-on-comb    0 (20 ants) / born-off    0 (0 ants)
                channel A: PEAK amt  65535 cells  109 (of 201 route)  POLARITY|| +0.23955 && +0.24226 SPAN +0.01961 edge   6.1  end nest->food [11659,260,0,0,0]  nest   25  AtNest 41.02%
                Carrying: laden     13944  of which SPOIL     13944 (100.0%)
    DECISION CENSUS: 12600 decisions, reconciled against the rows and the engine's counters
      leg     setting          n  stepped    felllaunched swappedcrossingreversedblocked_roll_fairoll_fai no_body
      empty   pocket         861    23.8%   17.7%    0.0%    0.0%    0.0%    0.0%   12.4%   23.3%   22.8%    0.0%
      empty   corridor      1234    33.7%    4.5%    0.0%    0.0%    0.0%    0.0%    1.1%   30.1%   30.7%    0.0%
      empty   junction      5606    37.7%    6.7%    0.0%    0.0%    0.0%    0.0%    1.1%   27.2%   27.3%    0.0%
      empty   open          2004    40.2%    9.1%    0.0%    0.0%    0.0%    0.0%    0.0%   25.3%   25.3%    0.0%
      spoil   pocket        1640    33.5%    0.7%    0.0%    0.0%    0.0%    0.0%   26.3%   20.7%   18.8%    0.0%
      spoil   corridor       446    38.3%    0.4%    0.0%    0.0%    0.0%    0.0%   10.3%   22.2%   28.7%    0.0%
      spoil   junction       717    50.2%    1.1%    0.0%    0.0%    0.0%    0.0%    3.1%   24.1%   21.5%    0.0%
      spoil   open            92    54.3%    3.3%    0.0%    0.0%    0.0%    0.0%    0.0%   20.7%   21.7%    0.0%
    DECISIONS: rows not written (decisionnorows)
  200    5  hand    0/0            0        0     4386        0        0    0/20        0         19 1 0 0 0
                A READ  ant-readable homeward along >= 0.02 on  24.6% of route-cell samples | FOODWARD   0.8% | plane lit on  27.2% | peak amt  65535 cells  58
                THE LOOP, ANT BY ANT:
                  0. lived                                     20    100.0% of prev    100.0% of all
                  1. reached the food                           0      0.0% of prev      0.0% of all
                  2. picked food up out there                   0      0.0% of prev      0.0% of all
                  3. turned for home with it                    0      0.0% of prev      0.0% of all
                  4. got back to the nest still holding it      0      0.0% of prev      0.0% of all
                  5. PUT IT DOWN there                          0      0.0% of prev      0.0% of all
                  6. went back out again                        0      0.0% of prev      0.0% of all
                  7. reached the food a SECOND time             0      0.0% of prev      0.0% of all
                RETURN LEDGER reached food    0 of   20 ants | came back    0 | trips laden    0 empty    0 | LOOPERS    0 of   20 ants ( 0.0% of those that reached food), repeat    0, most loops by one ant   0
                BY ANCHOR AT PICKUP  anchor ON nest material:    0 loops /    0 pickups (  0.0%) | anchor OFF it:    0 /    0 (  0.0%)
                BY BIRTH SITE  born ON comb:   0 of   0 that reached food looped (  0.0%) | born OFF comb:   0 of   0 (  0.0%)
                founded x   30..68   (nest cursor 48 MATERIAL x 26..70 20 of 20 founders born on it; food 248; nearest founder 180 cells out, farthest 218, nominal gap 200)  occupancy/1k [71 3 0 0 0 0 0 0]  carry->nest       0  born    0 died   20 (starved   19)
                own trail: route pk    0 end    0 along +0.0000  B nest->food [1040,3947,6854,9762,8347]  blocked      681  kin swaps       0  ticks     12601  tumbles      3918 (homeward        0, 0.00%)  drops       0  DELIVERED     0  leg home n    0 med     0 p90     0 (laden n    0 med     0 p90     0)  appetite held         0 J of         0  trips born-on-comb    0 (20 ants) / born-off    0 (0 ants)
                channel A: PEAK amt  65535 cells   58 (of 201 route)  POLARITY|| +0.25656 && +0.24938 SPAN +0.00423 edge   6.0  end nest->food [11606,563,0,0,0]  nest   25  AtNest 40.19%
                Carrying: laden     17370  of which SPOIL     17370 (100.0%)
    DECISION CENSUS: 12890 decisions, reconciled against the rows and the engine's counters
      leg     setting          n  stepped    felllaunched swappedcrossingreversedblocked_roll_fairoll_fai no_body
      empty   pocket         606    10.4%   41.9%    0.0%    0.0%    0.0%    0.0%    2.8%   24.4%   20.5%    0.0%
      empty   corridor      1959    49.2%    3.6%    0.0%    0.0%    0.0%    0.0%    1.8%   22.0%   23.3%    0.0%
      empty   junction      6510    36.3%    6.0%    0.0%    0.0%    0.0%    0.0%    1.3%   28.1%   28.3%    0.0%
      empty   open          2085    42.7%    7.3%    0.0%    0.0%    0.0%    0.0%    0.0%   25.0%   25.0%    0.0%
      spoil   pocket         289    26.0%    4.2%    0.0%    0.0%    0.0%    0.0%   22.1%   23.2%   24.6%    0.0%
      spoil   corridor       401    42.6%    0.2%    0.0%    0.0%    0.0%    0.0%    9.0%   21.4%   26.7%    0.0%
      spoil   junction       904    49.2%    1.8%    0.0%    0.0%    0.0%    0.0%    4.4%   20.8%   23.8%    0.0%
      spoil   open           136    58.8%    1.5%    0.0%    0.0%    0.0%    0.0%    0.0%   22.8%   16.9%    0.0%
    DECISIONS: rows not written (decisionnorows)
  200    6  hand    0/0            0        0     5016        0        0    0/20        0         19 1 0 0 0
                A READ  ant-readable homeward along >= 0.02 on  29.4% of route-cell samples | FOODWARD   0.9% | plane lit on  30.7% | peak amt  64710 cells  66
                THE LOOP, ANT BY ANT:
                  0. lived                                     20    100.0% of prev    100.0% of all
                  1. reached the food                           0      0.0% of prev      0.0% of all
                  2. picked food up out there                   0      0.0% of prev      0.0% of all
                  3. turned for home with it                    0      0.0% of prev      0.0% of all
                  4. got back to the nest still holding it      0      0.0% of prev      0.0% of all
                  5. PUT IT DOWN there                          0      0.0% of prev      0.0% of all
                  6. went back out again                        0      0.0% of prev      0.0% of all
                  7. reached the food a SECOND time             0      0.0% of prev      0.0% of all
                RETURN LEDGER reached food    0 of   20 ants | came back    0 | trips laden    0 empty    0 | LOOPERS    0 of   20 ants ( 0.0% of those that reached food), repeat    0, most loops by one ant   0
                BY ANCHOR AT PICKUP  anchor ON nest material:    0 loops /    0 pickups (  0.0%) | anchor OFF it:    0 /    0 (  0.0%)
                BY BIRTH SITE  born ON comb:   0 of   0 that reached food looped (  0.0%) | born OFF comb:   0 of   0 (  0.0%)
                founded x   30..68   (nest cursor 48 MATERIAL x 26..70 20 of 20 founders born on it; food 248; nearest founder 180 cells out, farthest 218, nominal gap 200)  occupancy/1k [70 6 0 0 0 0 0 0]  carry->nest       0  born    0 died   20 (starved   20)
                own trail: route pk    0 end    0 along +0.0000  B nest->food [1040,3947,6854,9762,8347]  blocked      276  kin swaps       0  ticks     12890  tumbles      3580 (homeward        0, 0.00%)  drops       0  DELIVERED     0  leg home n    0 med     0 p90     0 (laden n    0 med     0 p90     0)  appetite held         0 J of         0  trips born-on-comb    0 (20 ants) / born-off    0 (0 ants)
                channel A: PEAK amt  64710 cells   66 (of 201 route)  POLARITY|| +0.23596 && +0.23711 SPAN +0.03394 edge   6.0  end nest->food [11966,596,0,0,0]  nest   25  AtNest 41.75%
                Carrying: laden     10380  of which SPOIL     10380 (100.0%)
    DECISION CENSUS: 12883 decisions, reconciled against the rows and the engine's counters
      leg     setting          n  stepped    felllaunched swappedcrossingreversedblocked_roll_fairoll_fai no_body
      empty   pocket         451    13.1%   35.9%    0.0%    0.0%    0.0%    0.0%    5.5%   22.4%   23.1%    0.0%
      empty   corridor      1605    49.3%    3.9%    0.0%    0.0%    0.0%    0.0%    2.2%   21.6%   23.0%    0.0%
      empty   junction      6454    37.0%    6.9%    0.0%    0.0%    0.0%    0.0%    1.1%   27.8%   27.1%    0.0%
      empty   open          2545    38.3%    8.3%    0.0%    0.0%    0.0%    0.0%    0.0%   27.3%   26.1%    0.0%
      spoil   pocket         438    29.0%    3.0%    0.0%    0.0%    0.0%    0.0%   20.3%   22.6%   25.1%    0.0%
      spoil   corridor       400    39.5%    1.2%    0.0%    0.0%    0.0%    0.0%   15.0%   26.0%   18.2%    0.0%
      spoil   junction       851    48.4%    0.8%    0.0%    0.0%    0.0%    0.0%    5.4%   26.3%   19.0%    0.0%
      spoil   open           139    49.6%    3.6%    0.0%    0.0%    0.0%    0.0%    0.0%   25.9%   20.9%    0.0%
    DECISIONS: rows not written (decisionnorows)
  200    7  hand    0/0            0        0     4404        0        0    0/20        0         17 2 1 0 0
                A READ  ant-readable homeward along >= 0.02 on  31.3% of route-cell samples | FOODWARD   1.9% | plane lit on  35.0% | peak amt  65535 cells 138
                THE LOOP, ANT BY ANT:
                  0. lived                                     20    100.0% of prev    100.0% of all
                  1. reached the food                           0      0.0% of prev      0.0% of all
                  2. picked food up out there                   0      0.0% of prev      0.0% of all
                  3. turned for home with it                    0      0.0% of prev      0.0% of all
                  4. got back to the nest still holding it      0      0.0% of prev      0.0% of all
                  5. PUT IT DOWN there                          0      0.0% of prev      0.0% of all
                  6. went back out again                        0      0.0% of prev      0.0% of all
                  7. reached the food a SECOND time             0      0.0% of prev      0.0% of all
                RETURN LEDGER reached food    0 of   20 ants | came back    0 | trips laden    0 empty    0 | LOOPERS    0 of   20 ants ( 0.0% of those that reached food), repeat    0, most loops by one ant   0
                BY ANCHOR AT PICKUP  anchor ON nest material:    0 loops /    0 pickups (  0.0%) | anchor OFF it:    0 /    0 (  0.0%)
                BY BIRTH SITE  born ON comb:   0 of   0 that reached food looped (  0.0%) | born OFF comb:   0 of   0 (  0.0%)
                founded x   30..68   (nest cursor 48 MATERIAL x 26..70 20 of 20 founders born on it; food 248; nearest founder 180 cells out, farthest 218, nominal gap 200)  occupancy/1k [67 6 1 0 0 0 0 0]  carry->nest       0  born    0 died   20 (starved   20)
                own trail: route pk    0 end    0 along +0.0000  B nest->food [1040,3947,6854,9762,8347]  blocked      324  kin swaps       0  ticks     12883  tumbles      3724 (homeward        0, 0.00%)  drops       0  DELIVERED     0  leg home n    0 med     0 p90     0 (laden n    0 med     0 p90     0)  appetite held         0 J of         0  trips born-on-comb    0 (20 ants) / born-off    0 (0 ants)
                channel A: PEAK amt  65535 cells  138 (of 201 route)  POLARITY|| +0.21170 && +0.21239 SPAN +0.00993 edge   7.0  end nest->food [11862,701,0,0,0]  nest   25  AtNest 37.57%
                Carrying: laden     10968  of which SPOIL     10968 (100.0%)
    DECISION CENSUS: 12859 decisions, reconciled against the rows and the engine's counters
      leg     setting          n  stepped    felllaunched swappedcrossingreversedblocked_roll_fairoll_fai no_body
      empty   pocket         649    17.3%   30.2%    0.0%    0.0%    0.0%    0.0%    7.1%   21.6%   23.9%    0.0%
      empty   corridor      2438    46.4%    3.1%    0.0%    0.0%    0.0%    0.0%    1.1%   25.6%   23.7%    0.0%
      empty   junction      6180    36.9%    6.1%    0.0%    0.0%    0.0%    0.0%    0.7%   28.8%   27.5%    0.0%
      empty   open          1721    43.6%    8.6%    0.0%    0.0%    0.0%    0.0%    0.0%   24.3%   23.5%    0.0%
      spoil   pocket         839    33.0%    2.0%    0.0%    0.0%    0.0%    0.0%   27.1%   20.5%   17.4%    0.0%
      spoil   corridor       271    44.3%    0.7%    0.0%    0.0%    0.0%    0.0%   12.9%   18.5%   23.6%    0.0%
      spoil   junction       645    49.0%    2.5%    0.0%    0.0%    0.0%    0.0%    3.3%   25.4%   19.8%    0.0%
      spoil   open           116    52.6%    5.2%    0.0%    0.0%    0.0%    0.0%    0.0%   20.7%   21.6%    0.0%
    DECISIONS: rows not written (decisionnorows)
  200    8  hand    0/0            0        0     4800        0        0    0/20        0         15 4 1 0 0
                A READ  ant-readable homeward along >= 0.02 on  30.4% of route-cell samples | FOODWARD   2.0% | plane lit on  35.2% | peak amt  65535 cells 106
                THE LOOP, ANT BY ANT:
                  0. lived                                     20    100.0% of prev    100.0% of all
                  1. reached the food                           0      0.0% of prev      0.0% of all
                  2. picked food up out there                   0      0.0% of prev      0.0% of all
                  3. turned for home with it                    0      0.0% of prev      0.0% of all
                  4. got back to the nest still holding it      0      0.0% of prev      0.0% of all
                  5. PUT IT DOWN there                          0      0.0% of prev      0.0% of all
                  6. went back out again                        0      0.0% of prev      0.0% of all
                  7. reached the food a SECOND time             0      0.0% of prev      0.0% of all
                RETURN LEDGER reached food    0 of   20 ants | came back    0 | trips laden    0 empty    0 | LOOPERS    0 of   20 ants ( 0.0% of those that reached food), repeat    0, most loops by one ant   0
                BY ANCHOR AT PICKUP  anchor ON nest material:    0 loops /    0 pickups (  0.0%) | anchor OFF it:    0 /    0 (  0.0%)
                BY BIRTH SITE  born ON comb:   0 of   0 that reached food looped (  0.0%) | born OFF comb:   0 of   0 (  0.0%)
                founded x   30..68   (nest cursor 48 MATERIAL x 26..70 20 of 20 founders born on it; food 248; nearest founder 180 cells out, farthest 218, nominal gap 200)  occupancy/1k [61 12 1 1 0 0 0 0]  carry->nest       0  born    0 died   20 (starved   20)
                own trail: route pk    0 end    0 along +0.0000  B nest->food [1040,3947,6854,9762,8347]  blocked      398  kin swaps       0  ticks     12859  tumbles      3769 (homeward        0, 0.00%)  drops       0  DELIVERED     0  leg home n    0 med     0 p90     0 (laden n    0 med     0 p90     0)  appetite held         0 J of         0  trips born-on-comb    0 (20 ants) / born-off    0 (0 ants)
                channel A: PEAK amt  65535 cells  106 (of 201 route)  POLARITY|| +0.20845 && +0.20776 SPAN +0.02956 edge   6.0  end nest->food [9871,618,0,0,0]  nest   25  AtNest 36.54%
                Carrying: laden     11226  of which SPOIL     11226 (100.0%)
    DECISION CENSUS: 12681 decisions, reconciled against the rows and the engine's counters
      leg     setting          n  stepped    felllaunched swappedcrossingreversedblocked_roll_fairoll_fai no_body
      empty   pocket         546    13.0%   40.1%    0.0%    0.0%    0.0%    0.0%    3.7%   22.0%   21.2%    0.0%
      empty   corridor      2100    47.6%    3.0%    0.0%    0.0%    0.0%    0.0%    1.4%   23.0%   25.0%    0.0%
      empty   junction      5871    39.8%    5.9%    0.0%    0.0%    0.0%    0.0%    0.9%   26.3%   27.1%    0.0%
      empty   open          2040    36.8%    9.3%    0.0%    0.0%    0.0%    0.0%    0.0%   26.7%   27.2%    0.0%
      spoil   pocket         908    27.3%    1.4%    0.0%    0.0%    0.0%    0.0%   21.7%   24.3%   25.2%    0.0%
      spoil   corridor       317    45.1%    0.0%    0.0%    0.0%    0.0%    0.0%   12.0%   20.8%   22.1%    0.0%
      spoil   junction       774    49.5%    0.9%    0.0%    0.0%    0.0%    0.0%    5.4%   19.6%   24.5%    0.0%
      spoil   open           125    51.2%    4.0%    0.0%    0.0%    0.0%    0.0%    0.0%   24.0%   20.8%    0.0%
    DECISIONS: rows not written (decisionnorows)
  200    9  hand    0/0            0        0     4860        0        0    0/20        0         19 1 0 0 0
                A READ  ant-readable homeward along >= 0.02 on  24.8% of route-cell samples | FOODWARD   0.8% | plane lit on  27.5% | peak amt  65535 cells  59
                THE LOOP, ANT BY ANT:
                  0. lived                                     20    100.0% of prev    100.0% of all
                  1. reached the food                           0      0.0% of prev      0.0% of all
                  2. picked food up out there                   0      0.0% of prev      0.0% of all
                  3. turned for home with it                    0      0.0% of prev      0.0% of all
                  4. got back to the nest still holding it      0      0.0% of prev      0.0% of all
                  5. PUT IT DOWN there                          0      0.0% of prev      0.0% of all
                  6. went back out again                        0      0.0% of prev      0.0% of all
                  7. reached the food a SECOND time             0      0.0% of prev      0.0% of all
                RETURN LEDGER reached food    0 of   20 ants | came back    0 | trips laden    0 empty    0 | LOOPERS    0 of   20 ants ( 0.0% of those that reached food), repeat    0, most loops by one ant   0
                BY ANCHOR AT PICKUP  anchor ON nest material:    0 loops /    0 pickups (  0.0%) | anchor OFF it:    0 /    0 (  0.0%)
                BY BIRTH SITE  born ON comb:   0 of   0 that reached food looped (  0.0%) | born OFF comb:   0 of   0 (  0.0%)
                founded x   30..68   (nest cursor 48 MATERIAL x 26..70 20 of 20 founders born on it; food 248; nearest founder 180 cells out, farthest 218, nominal gap 200)  occupancy/1k [72 3 0 0 0 0 0 0]  carry->nest       0  born    0 died   20 (starved   20)
                own trail: route pk    0 end    0 along +0.0000  B nest->food [1040,3947,6854,9762,8347]  blocked      379  kin swaps       0  ticks     12681  tumbles      3539 (homeward        0, 0.00%)  drops       0  DELIVERED     0  leg home n    0 med     0 p90     0 (laden n    0 med     0 p90     0)  appetite held         0 J of         0  trips born-on-comb    0 (20 ants) / born-off    0 (0 ants)
                channel A: PEAK amt  65535 cells   59 (of 201 route)  POLARITY|| +0.25047 && +0.24674 SPAN +0.02620 edge   6.0  end nest->food [11329,335,0,0,0]  nest   25  AtNest 40.27%
                Carrying: laden     12744  of which SPOIL     12744 (100.0%)
    DECISION CENSUS: 13283 decisions, reconciled against the rows and the engine's counters
      leg     setting          n  stepped    felllaunched swappedcrossingreversedblocked_roll_fairoll_fai no_body
      empty   pocket         657    17.5%   27.2%    0.0%    0.0%    0.0%    0.0%    8.8%   24.2%   22.2%    0.0%
      empty   corridor      2042    49.2%    3.4%    0.0%    0.0%    0.0%    0.0%    1.0%   23.7%   22.7%    0.0%
      empty   junction      6236    35.8%    6.3%    0.0%    0.0%    0.0%    0.0%    0.9%   28.5%   28.4%    0.0%
      empty   open          2159    38.0%    7.1%    0.0%    0.0%    0.0%    0.0%    0.0%   26.1%   28.8%    0.0%
      spoil   pocket        1098    31.1%    1.4%    0.0%    0.0%    0.0%    0.0%   23.1%   22.9%   21.6%    0.0%
      spoil   corridor       287    43.9%    1.7%    0.0%    0.0%    0.0%    0.0%    9.1%   19.5%   25.8%    0.0%
      spoil   junction       690    46.7%    2.0%    0.0%    0.0%    0.0%    0.0%    3.6%   24.6%   23.0%    0.0%
      spoil   open           114    62.3%    1.8%    0.0%    0.0%    0.0%    0.0%    0.0%   19.3%   16.7%    0.0%
    DECISIONS: rows not written (decisionnorows)
  200   10  hand    0/0            0        0     4728        0        0    0/20        0         18 2 0 0 0
                A READ  ant-readable homeward along >= 0.02 on  29.2% of route-cell samples | FOODWARD   1.1% | plane lit on  33.0% | peak amt  65535 cells 102
                THE LOOP, ANT BY ANT:
                  0. lived                                     20    100.0% of prev    100.0% of all
                  1. reached the food                           0      0.0% of prev      0.0% of all
                  2. picked food up out there                   0      0.0% of prev      0.0% of all
                  3. turned for home with it                    0      0.0% of prev      0.0% of all
                  4. got back to the nest still holding it      0      0.0% of prev      0.0% of all
                  5. PUT IT DOWN there                          0      0.0% of prev      0.0% of all
                  6. went back out again                        0      0.0% of prev      0.0% of all
                  7. reached the food a SECOND time             0      0.0% of prev      0.0% of all
                RETURN LEDGER reached food    0 of   20 ants | came back    0 | trips laden    0 empty    0 | LOOPERS    0 of   20 ants ( 0.0% of those that reached food), repeat    0, most loops by one ant   0
                BY ANCHOR AT PICKUP  anchor ON nest material:    0 loops /    0 pickups (  0.0%) | anchor OFF it:    0 /    0 (  0.0%)
                BY BIRTH SITE  born ON comb:   0 of   0 that reached food looped (  0.0%) | born OFF comb:   0 of   0 (  0.0%)
                founded x   30..68   (nest cursor 48 MATERIAL x 26..70 20 of 20 founders born on it; food 248; nearest founder 180 cells out, farthest 218, nominal gap 200)  occupancy/1k [72 5 0 0 0 0 0 0]  carry->nest       0  born    0 died   20 (starved   20)
                own trail: route pk    0 end    0 along +0.0000  B nest->food [1040,3947,6854,9762,8347]  blocked      441  kin swaps       0  ticks     13283  tumbles      3926 (homeward        0, 0.00%)  drops       0  DELIVERED     0  leg home n    0 med     0 p90     0 (laden n    0 med     0 p90     0)  appetite held         0 J of         0  trips born-on-comb    0 (20 ants) / born-off    0 (0 ants)
                channel A: PEAK amt  65535 cells  102 (of 201 route)  POLARITY|| +0.22542 && +0.22476 SPAN +0.01941 edge   6.0  end nest->food [11946,531,0,0,0]  nest   25  AtNest 36.76%
                Carrying: laden     13134  of which SPOIL     13134 (100.0%)
    DECISION CENSUS: 12346 decisions, reconciled against the rows and the engine's counters
      leg     setting          n  stepped    felllaunched swappedcrossingreversedblocked_roll_fairoll_fai no_body
      empty   pocket         581    17.7%   23.8%    0.0%    0.0%    0.0%    0.0%    5.9%   25.8%   26.9%    0.0%
      empty   corridor      1708    47.4%    4.6%    0.0%    0.0%    0.0%    0.0%    1.0%   23.4%   23.6%    0.0%
      empty   junction      5744    35.7%    6.7%    0.0%    0.0%    0.0%    0.0%    1.0%   28.0%   28.6%    0.0%
      empty   open          1898    44.1%    9.0%    0.0%    0.0%    0.0%    0.0%    0.0%   23.5%   23.4%    0.0%
      spoil   pocket        1012    29.4%    2.6%    0.0%    0.0%    0.0%    0.0%   21.7%   22.8%   23.4%    0.0%
      spoil   corridor       445    39.3%    0.9%    0.0%    0.0%    0.0%    0.0%    8.8%   23.1%   27.9%    0.0%
      spoil   junction       840    50.1%    0.8%    0.0%    0.0%    0.0%    0.0%    4.2%   21.5%   23.3%    0.0%
      spoil   open           118    49.2%    3.4%    0.0%    0.0%    0.0%    0.0%    0.0%   24.6%   22.9%    0.0%
    DECISIONS: rows not written (decisionnorows)
  200   11  hand    0/0            0        0     4590        0        0    0/20        0         17 3 0 0 0
                A READ  ant-readable homeward along >= 0.02 on  28.4% of route-cell samples | FOODWARD   1.0% | plane lit on  31.7% | peak amt  65535 cells 102
                THE LOOP, ANT BY ANT:
                  0. lived                                     20    100.0% of prev    100.0% of all
                  1. reached the food                           0      0.0% of prev      0.0% of all
                  2. picked food up out there                   0      0.0% of prev      0.0% of all
                  3. turned for home with it                    0      0.0% of prev      0.0% of all
                  4. got back to the nest still holding it      0      0.0% of prev      0.0% of all
                  5. PUT IT DOWN there                          0      0.0% of prev      0.0% of all
                  6. went back out again                        0      0.0% of prev      0.0% of all
                  7. reached the food a SECOND time             0      0.0% of prev      0.0% of all
                RETURN LEDGER reached food    0 of   20 ants | came back    0 | trips laden    0 empty    0 | LOOPERS    0 of   20 ants ( 0.0% of those that reached food), repeat    0, most loops by one ant   0
                BY ANCHOR AT PICKUP  anchor ON nest material:    0 loops /    0 pickups (  0.0%) | anchor OFF it:    0 /    0 (  0.0%)
                BY BIRTH SITE  born ON comb:   0 of   0 that reached food looped (  0.0%) | born OFF comb:   0 of   0 (  0.0%)
                founded x   30..68   (nest cursor 48 MATERIAL x 26..70 20 of 20 founders born on it; food 248; nearest founder 180 cells out, farthest 218, nominal gap 200)  occupancy/1k [69 3 1 0 0 0 0 0]  carry->nest       0  born    0 died   20 (starved   20)
                own trail: route pk    0 end    0 along +0.0000  B nest->food [1040,3947,6854,9762,8347]  blocked      401  kin swaps       0  ticks     12346  tumbles      3547 (homeward        0, 0.00%)  drops       0  DELIVERED     0  leg home n    0 med     0 p90     0 (laden n    0 med     0 p90     0)  appetite held         0 J of         0  trips born-on-comb    0 (20 ants) / born-off    0 (0 ants)
                channel A: PEAK amt  65535 cells  102 (of 201 route)  POLARITY|| +0.24192 && +0.24411 SPAN +0.01407 edge   6.0  end nest->food [11577,330,0,0,0]  nest   25  AtNest 44.46%
                Carrying: laden     14490  of which SPOIL     14490 (100.0%)
    DECISION CENSUS: 12517 decisions, reconciled against the rows and the engine's counters
      leg     setting          n  stepped    felllaunched swappedcrossingreversedblocked_roll_fairoll_fai no_body
      empty   pocket         605    17.0%   32.1%    0.0%    0.0%    0.0%    0.0%    7.4%   20.7%   22.8%    0.0%
      empty   corridor      1739    47.6%    2.9%    0.0%    0.0%    0.0%    0.0%    1.5%   23.9%   24.2%    0.0%
      empty   junction      5888    36.7%    4.3%    0.0%    0.0%    0.0%    0.0%    1.1%   28.3%   29.6%    0.0%
      empty   open          1369    42.1%    5.6%    0.0%    0.0%    0.0%    0.0%    0.0%   26.8%   25.6%    0.0%
      spoil   pocket         774    27.5%    1.2%    0.0%    0.0%    0.0%    0.0%   22.5%   24.2%   24.7%    0.0%
      spoil   corridor       970    52.0%    0.2%    0.0%    0.0%    0.0%    0.0%    7.3%   20.9%   19.6%    0.0%
      spoil   junction      1053    50.0%    1.2%    0.0%    0.0%    0.0%    0.0%    4.5%   20.4%   23.8%    0.0%
      spoil   open           119    46.2%    2.5%    0.0%    0.0%    0.0%    0.0%    0.0%   24.4%   26.9%    0.0%
    DECISIONS: rows not written (decisionnorows)
  200   12  hand    0/0            0        0     4614        0        0    0/20        0         18 2 0 0 0
                A READ  ant-readable homeward along >= 0.02 on  29.8% of route-cell samples | FOODWARD   1.0% | plane lit on  30.8% | peak amt  65535 cells  88
                THE LOOP, ANT BY ANT:
                  0. lived                                     20    100.0% of prev    100.0% of all
                  1. reached the food                           0      0.0% of prev      0.0% of all
                  2. picked food up out there                   0      0.0% of prev      0.0% of all
                  3. turned for home with it                    0      0.0% of prev      0.0% of all
                  4. got back to the nest still holding it      0      0.0% of prev      0.0% of all
                  5. PUT IT DOWN there                          0      0.0% of prev      0.0% of all
                  6. went back out again                        0      0.0% of prev      0.0% of all
                  7. reached the food a SECOND time             0      0.0% of prev      0.0% of all
                RETURN LEDGER reached food    0 of   20 ants | came back    0 | trips laden    0 empty    0 | LOOPERS    0 of   20 ants ( 0.0% of those that reached food), repeat    0, most loops by one ant   0
                BY ANCHOR AT PICKUP  anchor ON nest material:    0 loops /    0 pickups (  0.0%) | anchor OFF it:    0 /    0 (  0.0%)
                BY BIRTH SITE  born ON comb:   0 of   0 that reached food looped (  0.0%) | born OFF comb:   0 of   0 (  0.0%)
                founded x   30..68   (nest cursor 48 MATERIAL x 26..70 20 of 20 founders born on it; food 248; nearest founder 180 cells out, farthest 218, nominal gap 200)  occupancy/1k [70 2 1 0 0 0 0 0]  carry->nest       0  born    0 died   20 (starved   20)
                own trail: route pk    0 end    0 along +0.0000  B nest->food [1040,3947,6854,9762,8347]  blocked      430  kin swaps       0  ticks     12517  tumbles      3636 (homeward        0, 0.00%)  drops       0  DELIVERED     0  leg home n    0 med     0 p90     0 (laden n    0 med     0 p90     0)  appetite held         0 J of         0  trips born-on-comb    0 (20 ants) / born-off    0 (0 ants)
                channel A: PEAK amt  65535 cells   88 (of 201 route)  POLARITY|| +0.23795 && +0.24254 SPAN +0.01845 edge   6.0  end nest->food [12367,233,0,0,0]  nest   25  AtNest 47.84%
                Carrying: laden     17496  of which SPOIL     17496 (100.0%)
    DECISION CENSUS: 12538 decisions, reconciled against the rows and the engine's counters
      leg     setting          n  stepped    felllaunched swappedcrossingreversedblocked_roll_fairoll_fai no_body
      empty   pocket         619    19.1%   31.0%    0.0%    0.0%    0.0%    0.0%    8.6%   19.9%   21.5%    0.0%
      empty   corridor      1656    46.6%    4.6%    0.0%    0.0%    0.0%    0.0%    1.2%   24.2%   23.4%    0.0%
      empty   junction      6472    37.1%    6.6%    0.0%    0.0%    0.0%    0.0%    0.9%   28.5%   27.0%    0.0%
      empty   open          2001    41.1%    6.7%    0.0%    0.0%    0.0%    0.0%    0.0%   28.6%   23.6%    0.0%
      spoil   pocket         481    26.4%    5.6%    0.0%    0.0%    0.0%    0.0%   21.2%   21.4%   25.4%    0.0%
      spoil   corridor       295    39.3%    3.1%    0.0%    0.0%    0.0%    0.0%   15.3%   21.0%   21.4%    0.0%
      spoil   junction       869    45.6%    2.2%    0.0%    0.0%    0.0%    0.0%    3.7%   23.5%   25.1%    0.0%
      spoil   open           145    57.2%    4.1%    0.0%    0.0%    0.0%    0.0%    0.0%   17.9%   20.7%    0.0%
    DECISIONS: rows not written (decisionnorows)
  200   13  hand    0/0            0        0     4422        0        0    0/20        0         19 1 0 0 0
                A READ  ant-readable homeward along >= 0.02 on  27.0% of route-cell samples | FOODWARD   0.7% | plane lit on  29.6% | peak amt  64777 cells  61
                THE LOOP, ANT BY ANT:
                  0. lived                                     20    100.0% of prev    100.0% of all
                  1. reached the food                           0      0.0% of prev      0.0% of all
                  2. picked food up out there                   0      0.0% of prev      0.0% of all
                  3. turned for home with it                    0      0.0% of prev      0.0% of all
                  4. got back to the nest still holding it      0      0.0% of prev      0.0% of all
                  5. PUT IT DOWN there                          0      0.0% of prev      0.0% of all
                  6. went back out again                        0      0.0% of prev      0.0% of all
                  7. reached the food a SECOND time             0      0.0% of prev      0.0% of all
                RETURN LEDGER reached food    0 of   20 ants | came back    0 | trips laden    0 empty    0 | LOOPERS    0 of   20 ants ( 0.0% of those that reached food), repeat    0, most loops by one ant   0
                BY ANCHOR AT PICKUP  anchor ON nest material:    0 loops /    0 pickups (  0.0%) | anchor OFF it:    0 /    0 (  0.0%)
                BY BIRTH SITE  born ON comb:   0 of   0 that reached food looped (  0.0%) | born OFF comb:   0 of   0 (  0.0%)
                founded x   30..68   (nest cursor 48 MATERIAL x 26..70 20 of 20 founders born on it; food 248; nearest founder 180 cells out, farthest 218, nominal gap 200)  occupancy/1k [67 7 0 0 0 0 0 0]  carry->nest       0  born    0 died   20 (starved   20)
                own trail: route pk    0 end    0 along +0.0000  B nest->food [1040,3947,6854,9762,8347]  blocked      308  kin swaps       0  ticks     12538  tumbles      3641 (homeward        0, 0.00%)  drops       0  DELIVERED     0  leg home n    0 med     0 p90     0 (laden n    0 med     0 p90     0)  appetite held         0 J of         0  trips born-on-comb    0 (20 ants) / born-off    0 (0 ants)
                channel A: PEAK amt  64777 cells   61 (of 201 route)  POLARITY|| +0.24090 && +0.24264 SPAN +0.02617 edge   6.0  end nest->food [11547,517,0,0,0]  nest   25  AtNest 39.46%
                Carrying: laden     10740  of which SPOIL     10740 (100.0%)
    DECISION CENSUS: 12571 decisions, reconciled against the rows and the engine's counters
      leg     setting          n  stepped    felllaunched swappedcrossingreversedblocked_roll_fairoll_fai no_body
      empty   pocket         679    16.1%   34.0%    0.0%    0.0%    0.0%    0.0%    6.0%   20.8%   23.1%    0.0%
      empty   corridor      1685    46.2%    3.6%    0.0%    0.0%    0.0%    0.0%    2.1%   24.3%   23.8%    0.0%
      empty   junction      6542    36.3%    5.2%    0.0%    0.0%    0.0%    0.0%    0.8%   28.8%   28.8%    0.0%
      empty   open          1783    44.4%    8.7%    0.0%    0.0%    0.0%    0.0%    0.0%   24.2%   22.7%    0.0%
      spoil   pocket         419    22.7%    5.3%    0.0%    0.0%    0.0%    0.0%   18.4%   27.7%   26.0%    0.0%
      spoil   corridor       357    44.5%    2.2%    0.0%    0.0%    0.0%    0.0%   12.3%   21.8%   19.0%    0.0%
      spoil   junction       931    49.6%    1.5%    0.0%    0.0%    0.0%    0.0%    6.1%   20.2%   22.6%    0.0%
      spoil   open           175    58.3%    2.9%    0.0%    0.0%    0.0%    0.0%    0.0%   18.9%   20.0%    0.0%
    DECISIONS: rows not written (decisionnorows)
  200   14  hand    0/0            0        0     5028        0        0    0/20        0         18 2 0 0 0
                A READ  ant-readable homeward along >= 0.02 on  27.6% of route-cell samples | FOODWARD   0.4% | plane lit on  28.9% | peak amt  65535 cells  64
                THE LOOP, ANT BY ANT:
                  0. lived                                     20    100.0% of prev    100.0% of all
                  1. reached the food                           0      0.0% of prev      0.0% of all
                  2. picked food up out there                   0      0.0% of prev      0.0% of all
                  3. turned for home with it                    0      0.0% of prev      0.0% of all
                  4. got back to the nest still holding it      0      0.0% of prev      0.0% of all
                  5. PUT IT DOWN there                          0      0.0% of prev      0.0% of all
                  6. went back out again                        0      0.0% of prev      0.0% of all
                  7. reached the food a SECOND time             0      0.0% of prev      0.0% of all
                RETURN LEDGER reached food    0 of   20 ants | came back    0 | trips laden    0 empty    0 | LOOPERS    0 of   20 ants ( 0.0% of those that reached food), repeat    0, most loops by one ant   0
                BY ANCHOR AT PICKUP  anchor ON nest material:    0 loops /    0 pickups (  0.0%) | anchor OFF it:    0 /    0 (  0.0%)
                BY BIRTH SITE  born ON comb:   0 of   0 that reached food looped (  0.0%) | born OFF comb:   0 of   0 (  0.0%)
                founded x   30..68   (nest cursor 48 MATERIAL x 26..70 20 of 20 founders born on it; food 248; nearest founder 180 cells out, farthest 218, nominal gap 200)  occupancy/1k [70 4 0 0 0 0 0 0]  carry->nest       0  born    0 died   20 (starved   20)
                own trail: route pk    0 end    0 along +0.0000  B nest->food [1040,3947,6854,9762,8347]  blocked      309  kin swaps       0  ticks     12571  tumbles      3589 (homeward        0, 0.00%)  drops       0  DELIVERED     0  leg home n    0 med     0 p90     0 (laden n    0 med     0 p90     0)  appetite held         0 J of         0  trips born-on-comb    0 (20 ants) / born-off    0 (0 ants)
                channel A: PEAK amt  65535 cells   64 (of 201 route)  POLARITY|| +0.25119 && +0.25392 SPAN +0.03921 edge   6.0  end nest->food [11670,331,0,0,0]  nest   25  AtNest 42.28%
                Carrying: laden     11292  of which SPOIL     11292 (100.0%)
    DECISION CENSUS: 12715 decisions, reconciled against the rows and the engine's counters
      leg     setting          n  stepped    felllaunched swappedcrossingreversedblocked_roll_fairoll_fai no_body
      empty   pocket         577    15.4%   32.6%    0.0%    0.0%    0.0%    0.0%    7.1%   21.5%   23.4%    0.0%
      empty   corridor      2294    50.0%    3.8%    0.0%    0.0%    0.0%    0.0%    1.2%   22.4%   22.7%    0.0%
      empty   junction      6052    38.2%    6.9%    0.0%    0.0%    0.0%    0.0%    1.1%   27.4%   26.4%    0.0%
      empty   open          2185    44.1%    7.5%    0.0%    0.0%    0.0%    0.0%    0.0%   23.4%   25.0%    0.0%
      spoil   pocket         382    26.2%    5.2%    0.0%    0.0%    0.0%    0.0%   20.7%   20.4%   27.5%    0.0%
      spoil   corridor       291    38.8%    2.1%    0.0%    0.0%    0.0%    0.0%   12.4%   21.0%   25.8%    0.0%
      spoil   junction       787    48.0%    1.5%    0.0%    0.0%    0.0%    0.0%    4.3%   25.7%   20.5%    0.0%
      spoil   open           147    61.9%    5.4%    0.0%    0.0%    0.0%    0.0%    0.0%   16.3%   16.3%    0.0%
    DECISIONS: rows not written (decisionnorows)
  200   15  hand    0/0            0        0     4494        0        0    0/20        0         18 2 0 0 0
                A READ  ant-readable homeward along >= 0.02 on  27.2% of route-cell samples | FOODWARD   0.8% | plane lit on  29.9% | peak amt  65535 cells 103
                THE LOOP, ANT BY ANT:
                  0. lived                                     20    100.0% of prev    100.0% of all
                  1. reached the food                           0      0.0% of prev      0.0% of all
                  2. picked food up out there                   0      0.0% of prev      0.0% of all
                  3. turned for home with it                    0      0.0% of prev      0.0% of all
                  4. got back to the nest still holding it      0      0.0% of prev      0.0% of all
                  5. PUT IT DOWN there                          0      0.0% of prev      0.0% of all
                  6. went back out again                        0      0.0% of prev      0.0% of all
                  7. reached the food a SECOND time             0      0.0% of prev      0.0% of all
                RETURN LEDGER reached food    0 of   20 ants | came back    0 | trips laden    0 empty    0 | LOOPERS    0 of   20 ants ( 0.0% of those that reached food), repeat    0, most loops by one ant   0
                BY ANCHOR AT PICKUP  anchor ON nest material:    0 loops /    0 pickups (  0.0%) | anchor OFF it:    0 /    0 (  0.0%)
                BY BIRTH SITE  born ON comb:   0 of   0 that reached food looped (  0.0%) | born OFF comb:   0 of   0 (  0.0%)
                founded x   30..68   (nest cursor 48 MATERIAL x 26..70 20 of 20 founders born on it; food 248; nearest founder 180 cells out, farthest 218, nominal gap 200)  occupancy/1k [69 5 1 0 0 0 0 0]  carry->nest       0  born    0 died   20 (starved   20)
                own trail: route pk    0 end    0 along +0.0000  B nest->food [1040,3947,6854,9762,8347]  blocked      284  kin swaps       0  ticks     12715  tumbles      3455 (homeward        0, 0.00%)  drops       0  DELIVERED     0  leg home n    0 med     0 p90     0 (laden n    0 med     0 p90     0)  appetite held         0 J of         0  trips born-on-comb    0 (20 ants) / born-off    0 (0 ants)
                channel A: PEAK amt  65535 cells  103 (of 201 route)  POLARITY|| +0.24641 && +0.25136 SPAN +0.03364 edge   6.4  end nest->food [11848,317,0,0,0]  nest   25  AtNest 33.77%
                Carrying: laden      9642  of which SPOIL      9642 (100.0%)
    DECISION CENSUS: 12921 decisions, reconciled against the rows and the engine's counters
      leg     setting          n  stepped    felllaunched swappedcrossingreversedblocked_roll_fairoll_fai no_body
      empty   pocket         488    13.9%   41.0%    0.0%    0.0%    0.0%    0.0%    5.3%   19.1%   20.7%    0.0%
      empty   corridor      1766    49.3%    2.9%    0.0%    0.0%    0.0%    0.0%    1.9%   23.8%   22.0%    0.0%
      empty   junction      6651    34.6%    6.8%    0.0%    0.0%    0.0%    0.0%    0.9%   28.0%   29.7%    0.0%
      empty   open          2532    41.4%    9.4%    0.0%    0.0%    0.0%    0.0%    0.0%   24.4%   24.8%    0.0%
      spoil   pocket         327    25.1%    7.3%    0.0%    0.0%    0.0%    0.0%   20.8%   25.1%   21.7%    0.0%
      spoil   corridor       275    40.0%    1.8%    0.0%    0.0%    0.0%    0.0%   23.3%   16.0%   18.9%    0.0%
      spoil   junction       747    51.9%    1.7%    0.0%    0.0%    0.0%    0.0%    4.1%   18.7%   23.4%    0.0%
      spoil   open           135    57.8%    2.2%    0.0%    0.0%    0.0%    0.0%    0.0%   18.5%   21.5%    0.0%
    DECISIONS: rows not written (decisionnorows)
  200   16  hand    0/0            0        0     4314        0        0    0/20        0         18 1 1 0 0
                A READ  ant-readable homeward along >= 0.02 on  30.9% of route-cell samples | FOODWARD   1.8% | plane lit on  34.3% | peak amt  65535 cells 105
                THE LOOP, ANT BY ANT:
                  0. lived                                     20    100.0% of prev    100.0% of all
                  1. reached the food                           0      0.0% of prev      0.0% of all
                  2. picked food up out there                   0      0.0% of prev      0.0% of all
                  3. turned for home with it                    0      0.0% of prev      0.0% of all
                  4. got back to the nest still holding it      0      0.0% of prev      0.0% of all
                  5. PUT IT DOWN there                          0      0.0% of prev      0.0% of all
                  6. went back out again                        0      0.0% of prev      0.0% of all
                  7. reached the food a SECOND time             0      0.0% of prev      0.0% of all
                RETURN LEDGER reached food    0 of   20 ants | came back    0 | trips laden    0 empty    0 | LOOPERS    0 of   20 ants ( 0.0% of those that reached food), repeat    0, most loops by one ant   0
                BY ANCHOR AT PICKUP  anchor ON nest material:    0 loops /    0 pickups (  0.0%) | anchor OFF it:    0 /    0 (  0.0%)
                BY BIRTH SITE  born ON comb:   0 of   0 that reached food looped (  0.0%) | born OFF comb:   0 of   0 (  0.0%)
                founded x   30..68   (nest cursor 48 MATERIAL x 26..70 20 of 20 founders born on it; food 248; nearest founder 180 cells out, farthest 218, nominal gap 200)  occupancy/1k [68 5 2 0 0 0 0 0]  carry->nest       0  born    0 died   20 (starved   20)
                own trail: route pk    0 end    0 along +0.0000  B nest->food [1040,3947,6854,9762,8347]  blocked      283  kin swaps       0  ticks     12921  tumbles      3567 (homeward        0, 0.00%)  drops       0  DELIVERED     0  leg home n    0 med     0 p90     0 (laden n    0 med     0 p90     0)  appetite held         0 J of         0  trips born-on-comb    0 (20 ants) / born-off    0 (0 ants)
                channel A: PEAK amt  65535 cells  105 (of 201 route)  POLARITY|| +0.21996 && +0.22142 SPAN +0.01737 edge   6.2  end nest->food [12019,457,0,0,0]  nest   25  AtNest 39.27%
                Carrying: laden      8904  of which SPOIL      8904 (100.0%)
    DECISION CENSUS: 12797 decisions, reconciled against the rows and the engine's counters
      leg     setting          n  stepped    felllaunched swappedcrossingreversedblocked_roll_fairoll_fai no_body
      empty   pocket         538    13.0%   32.0%    0.0%    0.0%    0.0%    0.0%    3.9%   28.3%   22.9%    0.0%
      empty   corridor      2482    48.0%    1.8%    0.0%    0.0%    0.0%    0.0%    1.3%   25.5%   23.4%    0.0%
      empty   junction      5613    38.4%    3.8%    0.0%    0.0%    0.0%    0.0%    1.5%   28.5%   27.7%    0.0%
      empty   open          1359    38.1%    5.6%    0.0%    0.0%    0.0%    0.0%    0.0%   27.4%   28.8%    0.0%
      spoil   pocket         832    30.4%    1.1%    0.0%    0.0%    0.0%    0.0%   23.3%   23.8%   21.4%    0.0%
      spoil   corridor       754    43.5%    0.9%    0.0%    0.0%    0.0%    0.0%    5.0%   24.1%   26.4%    0.0%
      spoil   junction      1083    42.3%    1.4%    0.0%    0.0%    0.0%    0.0%    4.9%   25.3%   26.1%    0.0%
      spoil   open           136    55.9%    0.7%    0.0%    0.0%    0.0%    0.0%    0.0%   18.4%   25.0%    0.0%
    DECISIONS: rows not written (decisionnorows)
  200   17  hand    0/0            0        0     4446        0        0    0/20        0         18 2 0 0 0
                A READ  ant-readable homeward along >= 0.02 on  29.2% of route-cell samples | FOODWARD   1.8% | plane lit on  31.0% | peak amt  61395 cells  96
                THE LOOP, ANT BY ANT:
                  0. lived                                     20    100.0% of prev    100.0% of all
                  1. reached the food                           0      0.0% of prev      0.0% of all
                  2. picked food up out there                   0      0.0% of prev      0.0% of all
                  3. turned for home with it                    0      0.0% of prev      0.0% of all
                  4. got back to the nest still holding it      0      0.0% of prev      0.0% of all
                  5. PUT IT DOWN there                          0      0.0% of prev      0.0% of all
                  6. went back out again                        0      0.0% of prev      0.0% of all
                  7. reached the food a SECOND time             0      0.0% of prev      0.0% of all
                RETURN LEDGER reached food    0 of   20 ants | came back    0 | trips laden    0 empty    0 | LOOPERS    0 of   20 ants ( 0.0% of those that reached food), repeat    0, most loops by one ant   0
                BY ANCHOR AT PICKUP  anchor ON nest material:    0 loops /    0 pickups (  0.0%) | anchor OFF it:    0 /    0 (  0.0%)
                BY BIRTH SITE  born ON comb:   0 of   0 that reached food looped (  0.0%) | born OFF comb:   0 of   0 (  0.0%)
                founded x   30..68   (nest cursor 48 MATERIAL x 26..70 20 of 20 founders born on it; food 248; nearest founder 180 cells out, farthest 218, nominal gap 200)  occupancy/1k [71 2 1 0 0 0 0 0]  carry->nest       0  born    0 died   20 (starved   20)
                own trail: route pk    0 end    0 along +0.0000  B nest->food [1040,3947,6854,9762,8347]  blocked      423  kin swaps       0  ticks     12797  tumbles      3862 (homeward        0, 0.00%)  drops       0  DELIVERED     0  leg home n    0 med     0 p90     0 (laden n    0 med     0 p90     0)  appetite held         0 J of         0  trips born-on-comb    0 (20 ants) / born-off    0 (0 ants)
                channel A: PEAK amt  61395 cells   96 (of 201 route)  POLARITY|| +0.23659 && +0.24064 SPAN +0.03563 edge   6.0  end nest->food [11654,104,0,0,0]  nest   25  AtNest 42.27%
                Carrying: laden     16830  of which SPOIL     16830 (100.0%)
    DECISION CENSUS: 12384 decisions, reconciled against the rows and the engine's counters
      leg     setting          n  stepped    felllaunched swappedcrossingreversedblocked_roll_fairoll_fai no_body
      empty   pocket         807    20.2%   23.2%    0.0%    0.0%    0.0%    0.0%    9.3%   22.7%   24.7%    0.0%
      empty   corridor      2062    44.8%    3.4%    0.0%    0.0%    0.0%    0.0%    1.6%   25.5%   24.6%    0.0%
      empty   junction      5368    41.6%    4.6%    0.0%    0.0%    0.0%    0.0%    1.4%   27.0%   25.4%    0.0%
      empty   open          1733    45.1%    5.3%    0.0%    0.0%    0.0%    0.0%    0.0%   22.8%   26.8%    0.0%
      spoil   pocket         777    28.1%    1.2%    0.0%    0.0%    0.0%    0.0%   22.7%   23.7%   24.5%    0.0%
      spoil   corridor       518    38.4%    0.4%    0.0%    0.0%    0.0%    0.0%    8.9%   23.6%   28.8%    0.0%
      spoil   junction       956    46.7%    0.6%    0.0%    0.0%    0.0%    0.0%    4.9%   24.5%   23.3%    0.0%
      spoil   open           163    50.9%    0.6%    0.0%    0.0%    0.0%    0.0%    0.0%   27.0%   21.5%    0.0%
    DECISIONS: rows not written (decisionnorows)
  200   18  hand    0/0            0        0     4230        0        0    0/20        0         19 1 0 0 0
                A READ  ant-readable homeward along >= 0.02 on  23.9% of route-cell samples | FOODWARD   1.2% | plane lit on  27.1% | peak amt  64703 cells  57
                THE LOOP, ANT BY ANT:
                  0. lived                                     20    100.0% of prev    100.0% of all
                  1. reached the food                           0      0.0% of prev      0.0% of all
                  2. picked food up out there                   0      0.0% of prev      0.0% of all
                  3. turned for home with it                    0      0.0% of prev      0.0% of all
                  4. got back to the nest still holding it      0      0.0% of prev      0.0% of all
                  5. PUT IT DOWN there                          0      0.0% of prev      0.0% of all
                  6. went back out again                        0      0.0% of prev      0.0% of all
                  7. reached the food a SECOND time             0      0.0% of prev      0.0% of all
                RETURN LEDGER reached food    0 of   20 ants | came back    0 | trips laden    0 empty    0 | LOOPERS    0 of   20 ants ( 0.0% of those that reached food), repeat    0, most loops by one ant   0
                BY ANCHOR AT PICKUP  anchor ON nest material:    0 loops /    0 pickups (  0.0%) | anchor OFF it:    0 /    0 (  0.0%)
                BY BIRTH SITE  born ON comb:   0 of   0 that reached food looped (  0.0%) | born OFF comb:   0 of   0 (  0.0%)
                founded x   30..68   (nest cursor 48 MATERIAL x 26..70 20 of 20 founders born on it; food 248; nearest founder 180 cells out, farthest 218, nominal gap 200)  occupancy/1k [70 3 0 0 0 0 0 0]  carry->nest       0  born    0 died   20 (starved   20)
                own trail: route pk    0 end    0 along +0.0000  B nest->food [1040,3947,6854,9762,8347]  blocked      452  kin swaps       0  ticks     12384  tumbles      3591 (homeward        0, 0.00%)  drops       0  DELIVERED     0  leg home n    0 med     0 p90     0 (laden n    0 med     0 p90     0)  appetite held         0 J of         0  trips born-on-comb    0 (20 ants) / born-off    0 (0 ants)
                channel A: PEAK amt  64703 cells   57 (of 201 route)  POLARITY|| +0.26029 && +0.25701 SPAN +0.02811 edge   6.0  end nest->food [11247,284,0,0,0]  nest   25  AtNest 39.43%
                Carrying: laden     14484  of which SPOIL     14484 (100.0%)
    DECISION CENSUS: 12749 decisions, reconciled against the rows and the engine's counters
      leg     setting          n  stepped    felllaunched swappedcrossingreversedblocked_roll_fairoll_fai no_body
      empty   pocket         634    22.7%   23.3%    0.0%    0.0%    0.0%    0.0%   12.3%   19.6%   22.1%    0.0%
      empty   corridor      1960    51.0%    2.7%    0.0%    0.0%    0.0%    0.0%    1.9%   23.1%   21.3%    0.0%
      empty   junction      5606    38.6%    5.8%    0.0%    0.0%    0.0%    0.0%    0.9%   27.1%   27.6%    0.0%
      empty   open          2119    36.8%    7.3%    0.0%    0.0%    0.0%    0.0%    0.0%   27.8%   28.1%    0.0%
      spoil   pocket         908    28.7%    1.3%    0.0%    0.0%    0.0%    0.0%   22.4%   23.9%   23.7%    0.0%
      spoil   corridor       593    43.3%    0.3%    0.0%    0.0%    0.0%    0.0%    9.3%   23.1%   23.9%    0.0%
      spoil   junction       832    47.8%    0.6%    0.0%    0.0%    0.0%    0.0%    5.2%   22.4%   24.0%    0.0%
      spoil   open            97    34.0%    1.0%    0.0%    0.0%    0.0%    0.0%    0.0%   37.1%   27.8%    0.0%
    DECISIONS: rows not written (decisionnorows)
  200   19  hand    0/0            0        0     4710        0        0    0/20        0         19 0 1 0 0
                A READ  ant-readable homeward along >= 0.02 on  25.4% of route-cell samples | FOODWARD   2.2% | plane lit on  29.5% | peak amt  65535 cells 128
                THE LOOP, ANT BY ANT:
                  0. lived                                     20    100.0% of prev    100.0% of all
                  1. reached the food                           0      0.0% of prev      0.0% of all
                  2. picked food up out there                   0      0.0% of prev      0.0% of all
                  3. turned for home with it                    0      0.0% of prev      0.0% of all
                  4. got back to the nest still holding it      0      0.0% of prev      0.0% of all
                  5. PUT IT DOWN there                          0      0.0% of prev      0.0% of all
                  6. went back out again                        0      0.0% of prev      0.0% of all
                  7. reached the food a SECOND time             0      0.0% of prev      0.0% of all
                RETURN LEDGER reached food    0 of   20 ants | came back    0 | trips laden    0 empty    0 | LOOPERS    0 of   20 ants ( 0.0% of those that reached food), repeat    0, most loops by one ant   0
                BY ANCHOR AT PICKUP  anchor ON nest material:    0 loops /    0 pickups (  0.0%) | anchor OFF it:    0 /    0 (  0.0%)
                BY BIRTH SITE  born ON comb:   0 of   0 that reached food looped (  0.0%) | born OFF comb:   0 of   0 (  0.0%)
                founded x   30..68   (nest cursor 48 MATERIAL x 26..70 20 of 20 founders born on it; food 248; nearest founder 180 cells out, farthest 218, nominal gap 200)  occupancy/1k [71 2 0 1 0 0 0 0]  carry->nest       0  born    0 died   20 (starved   20)
                own trail: route pk    0 end    0 along +0.0000  B nest->food [1040,3947,6854,9762,8347]  blocked      469  kin swaps       0  ticks     12749  tumbles      3729 (homeward        0, 0.00%)  drops       0  DELIVERED     0  leg home n    0 med     0 p90     0 (laden n    0 med     0 p90     0)  appetite held         0 J of         0  trips born-on-comb    0 (20 ants) / born-off    0 (0 ants)
                channel A: PEAK amt  65535 cells  128 (of 201 route)  POLARITY|| +0.25407 && +0.25185 SPAN +0.01591 edge   7.3  end nest->food [11616,75,0,0,0]  nest   25  AtNest 37.93%
                Carrying: laden     14580  of which SPOIL     14580 (100.0%)
    DECISION CENSUS: 12892 decisions, reconciled against the rows and the engine's counters
      leg     setting          n  stepped    felllaunched swappedcrossingreversedblocked_roll_fairoll_fai no_body
      empty   pocket         876    19.7%   24.0%    0.0%    0.0%    0.0%    0.0%    8.8%   24.4%   23.1%    0.0%
      empty   corridor      1912    50.4%    2.7%    0.0%    0.0%    0.0%    0.0%    1.3%   22.6%   23.0%    0.0%
      empty   junction      5420    37.5%    5.0%    0.0%    0.0%    0.0%    0.0%    0.9%   28.7%   28.0%    0.0%
      empty   open          1494    35.5%    4.8%    0.0%    0.0%    0.0%    0.0%    0.0%   28.4%   31.3%    0.0%
      spoil   pocket        1432    31.3%    0.4%    0.0%    0.0%    0.0%    0.0%   24.7%   23.0%   20.6%    0.0%
      spoil   corridor       973    53.9%    0.0%    0.0%    0.0%    0.0%    0.0%    3.3%   22.6%   20.2%    0.0%
      spoil   junction       722    46.7%    0.6%    0.0%    0.0%    0.0%    0.0%    3.9%   23.5%   25.3%    0.0%
      spoil   open            63    50.8%    4.8%    0.0%    0.0%    0.0%    0.0%    0.0%   17.5%   27.0%    0.0%
    DECISIONS: rows not written (decisionnorows)
  200   20  hand    0/0            0        0     4746        0        0    0/20        0         18 2 0 0 0
                A READ  ant-readable homeward along >= 0.02 on  26.1% of route-cell samples | FOODWARD   2.2% | plane lit on  30.6% | peak amt  65535 cells  70
                THE LOOP, ANT BY ANT:
                  0. lived                                     20    100.0% of prev    100.0% of all
                  1. reached the food                           0      0.0% of prev      0.0% of all
                  2. picked food up out there                   0      0.0% of prev      0.0% of all
                  3. turned for home with it                    0      0.0% of prev      0.0% of all
                  4. got back to the nest still holding it      0      0.0% of prev      0.0% of all
                  5. PUT IT DOWN there                          0      0.0% of prev      0.0% of all
                  6. went back out again                        0      0.0% of prev      0.0% of all
                  7. reached the food a SECOND time             0      0.0% of prev      0.0% of all
                RETURN LEDGER reached food    0 of   20 ants | came back    0 | trips laden    0 empty    0 | LOOPERS    0 of   20 ants ( 0.0% of those that reached food), repeat    0, most loops by one ant   0
                BY ANCHOR AT PICKUP  anchor ON nest material:    0 loops /    0 pickups (  0.0%) | anchor OFF it:    0 /    0 (  0.0%)
                BY BIRTH SITE  born ON comb:   0 of   0 that reached food looped (  0.0%) | born OFF comb:   0 of   0 (  0.0%)
                founded x   30..68   (nest cursor 48 MATERIAL x 26..70 20 of 20 founders born on it; food 248; nearest founder 180 cells out, farthest 218, nominal gap 200)  occupancy/1k [70 5 1 0 0 0 0 0]  carry->nest       0  born    0 died   20 (starved   20)
                own trail: route pk    0 end    0 along +0.0000  B nest->food [1040,3947,6854,9762,8347]  blocked      565  kin swaps       0  ticks     12892  tumbles      3921 (homeward        0, 0.00%)  drops       0  DELIVERED     0  leg home n    0 med     0 p90     0 (laden n    0 med     0 p90     0)  appetite held         0 J of         0  trips born-on-comb    0 (20 ants) / born-off    0 (0 ants)
                channel A: PEAK amt  65535 cells   70 (of 201 route)  POLARITY|| +0.23244 && +0.23180 SPAN +0.02338 edge   6.0  end nest->food [11051,572,0,0,0]  nest   25  AtNest 36.77%
                Carrying: laden     19140  of which SPOIL     19140 (100.0%)
    DECISION CENSUS: 12769 decisions, reconciled against the rows and the engine's counters
      leg     setting          n  stepped    felllaunched swappedcrossingreversedblocked_roll_fairoll_fai no_body
      empty   pocket         733    18.3%   29.5%    0.0%    0.0%    0.0%    0.0%    8.6%   20.6%   23.1%    0.0%
      empty   corridor      1592    45.8%    4.8%    0.0%    0.0%    0.0%    0.0%    1.8%   24.3%   23.3%    0.0%
      empty   junction      5992    37.1%    7.3%    0.0%    0.0%    0.0%    0.0%    1.6%   27.2%   26.8%    0.0%
      empty   open          2224    46.9%    8.7%    0.0%    0.0%    0.0%    0.0%    0.0%   21.9%   22.6%    0.0%
      spoil   pocket         691    32.9%    0.4%    0.0%    0.0%    0.0%    0.0%   28.1%   17.5%   21.1%    0.0%
      spoil   corridor       455    42.4%    0.7%    0.0%    0.0%    0.0%    0.0%    9.5%   25.5%   22.0%    0.0%
      spoil   junction       936    46.3%    1.6%    0.0%    0.0%    0.0%    0.0%    6.5%   21.5%   24.1%    0.0%
      spoil   open           146    58.9%    4.1%    0.0%    0.0%    0.0%    0.0%    0.0%   17.1%   19.9%    0.0%
    DECISIONS: rows not written (decisionnorows)
  200   21  hand    0/0            0        0     4248        0        0    0/20        0         19 1 0 0 0
                A READ  ant-readable homeward along >= 0.02 on  29.4% of route-cell samples | FOODWARD   0.3% | plane lit on  28.8% | peak amt  65535 cells  83
                THE LOOP, ANT BY ANT:
                  0. lived                                     20    100.0% of prev    100.0% of all
                  1. reached the food                           0      0.0% of prev      0.0% of all
                  2. picked food up out there                   0      0.0% of prev      0.0% of all
                  3. turned for home with it                    0      0.0% of prev      0.0% of all
                  4. got back to the nest still holding it      0      0.0% of prev      0.0% of all
                  5. PUT IT DOWN there                          0      0.0% of prev      0.0% of all
                  6. went back out again                        0      0.0% of prev      0.0% of all
                  7. reached the food a SECOND time             0      0.0% of prev      0.0% of all
                RETURN LEDGER reached food    0 of   20 ants | came back    0 | trips laden    0 empty    0 | LOOPERS    0 of   20 ants ( 0.0% of those that reached food), repeat    0, most loops by one ant   0
                BY ANCHOR AT PICKUP  anchor ON nest material:    0 loops /    0 pickups (  0.0%) | anchor OFF it:    0 /    0 (  0.0%)
                BY BIRTH SITE  born ON comb:   0 of   0 that reached food looped (  0.0%) | born OFF comb:   0 of   0 (  0.0%)
                founded x   30..68   (nest cursor 48 MATERIAL x 26..70 20 of 20 founders born on it; food 248; nearest founder 180 cells out, farthest 218, nominal gap 200)  occupancy/1k [70 5 0 0 0 0 0 0]  carry->nest       0  born    0 died   20 (starved   20)
                own trail: route pk    0 end    0 along +0.0000  B nest->food [1040,3947,6854,9762,8347]  blocked      483  kin swaps       0  ticks     12769  tumbles      3601 (homeward        0, 0.00%)  drops       0  DELIVERED     0  leg home n    0 med     0 p90     0 (laden n    0 med     0 p90     0)  appetite held         0 J of         0  trips born-on-comb    0 (20 ants) / born-off    0 (0 ants)
                channel A: PEAK amt  65535 cells   83 (of 201 route)  POLARITY|| +0.24986 && +0.25279 SPAN +0.02453 edge   6.0  end nest->food [11498,205,0,0,0]  nest   25  AtNest 34.43%
                Carrying: laden     13368  of which SPOIL     13368 (100.0%)
    DECISION CENSUS: 12631 decisions, reconciled against the rows and the engine's counters
      leg     setting          n  stepped    felllaunched swappedcrossingreversedblocked_roll_fairoll_fai no_body
      empty   pocket         740    13.6%   32.2%    0.0%    0.0%    0.0%    0.0%    5.5%   25.3%   23.4%    0.0%
      empty   corridor      1874    47.9%    3.6%    0.0%    0.0%    0.0%    0.0%    1.0%   23.9%   23.7%    0.0%
      empty   junction      5931    42.7%    4.7%    0.0%    0.0%    0.0%    0.0%    1.1%   25.1%   26.3%    0.0%
      empty   open          1620    42.6%    6.4%    0.0%    0.0%    0.0%    0.0%    0.0%   25.6%   25.4%    0.0%
      spoil   pocket         751    31.6%    0.7%    0.0%    0.0%    0.0%    0.0%   24.0%   22.6%   21.2%    0.0%
      spoil   corridor       712    43.4%    0.4%    0.0%    0.0%    0.0%    0.0%    7.0%   24.2%   25.0%    0.0%
      spoil   junction       902    44.2%    0.9%    0.0%    0.0%    0.0%    0.0%    5.4%   25.9%   23.5%    0.0%
      spoil   open           101    42.6%    3.0%    0.0%    0.0%    0.0%    0.0%    0.0%   21.8%   32.7%    0.0%
    DECISIONS: rows not written (decisionnorows)
  200   22  hand    0/0            0        0     4236        0        0    0/20        0         17 3 0 0 0
                A READ  ant-readable homeward along >= 0.02 on  28.6% of route-cell samples | FOODWARD   0.6% | plane lit on  30.0% | peak amt  63508 cells  67
                THE LOOP, ANT BY ANT:
                  0. lived                                     20    100.0% of prev    100.0% of all
                  1. reached the food                           0      0.0% of prev      0.0% of all
                  2. picked food up out there                   0      0.0% of prev      0.0% of all
                  3. turned for home with it                    0      0.0% of prev      0.0% of all
                  4. got back to the nest still holding it      0      0.0% of prev      0.0% of all
                  5. PUT IT DOWN there                          0      0.0% of prev      0.0% of all
                  6. went back out again                        0      0.0% of prev      0.0% of all
                  7. reached the food a SECOND time             0      0.0% of prev      0.0% of all
                RETURN LEDGER reached food    0 of   20 ants | came back    0 | trips laden    0 empty    0 | LOOPERS    0 of   20 ants ( 0.0% of those that reached food), repeat    0, most loops by one ant   0
                BY ANCHOR AT PICKUP  anchor ON nest material:    0 loops /    0 pickups (  0.0%) | anchor OFF it:    0 /    0 (  0.0%)
                BY BIRTH SITE  born ON comb:   0 of   0 that reached food looped (  0.0%) | born OFF comb:   0 of   0 (  0.0%)
                founded x   30..68   (nest cursor 48 MATERIAL x 26..70 20 of 20 founders born on it; food 248; nearest founder 180 cells out, farthest 218, nominal gap 200)  occupancy/1k [67 7 1 0 0 0 0 0]  carry->nest       0  born    0 died   20 (starved   20)
                own trail: route pk    0 end    0 along +0.0000  B nest->food [1040,3947,6854,9762,8347]  blocked      405  kin swaps       0  ticks     12631  tumbles      3541 (homeward        0, 0.00%)  drops       0  DELIVERED     0  leg home n    0 med     0 p90     0 (laden n    0 med     0 p90     0)  appetite held         0 J of         0  trips born-on-comb    0 (20 ants) / born-off    0 (0 ants)
                channel A: PEAK amt  63508 cells   67 (of 201 route)  POLARITY|| +0.23743 && +0.23505 SPAN +0.02166 edge   6.0  end nest->food [11353,437,0,0,0]  nest   25  AtNest 36.32%
                Carrying: laden     14796  of which SPOIL     14796 (100.0%)
    DECISION CENSUS: 12745 decisions, reconciled against the rows and the engine's counters
      leg     setting          n  stepped    felllaunched swappedcrossingreversedblocked_roll_fairoll_fai no_body
      empty   pocket         693    17.7%   32.5%    0.0%    0.0%    0.0%    0.0%    8.8%   20.1%   20.9%    0.0%
      empty   corridor      1910    45.1%    4.0%    0.0%    0.0%    0.0%    0.0%    1.2%   25.5%   24.1%    0.0%
      empty   junction      6291    38.3%    5.9%    0.0%    0.0%    0.0%    0.0%    1.0%   27.8%   26.9%    0.0%
      empty   open          2100    42.3%    6.8%    0.0%    0.0%    0.0%    0.0%    0.0%   26.1%   24.8%    0.0%
      spoil   pocket         462    26.8%    2.6%    0.0%    0.0%    0.0%    0.0%   20.3%   26.0%   24.2%    0.0%
      spoil   corridor       369    42.3%    1.1%    0.0%    0.0%    0.0%    0.0%   13.0%   22.2%   21.4%    0.0%
      spoil   junction       788    47.8%    1.9%    0.0%    0.0%    0.0%    0.0%    2.2%   25.1%   23.0%    0.0%
      spoil   open           132    63.6%    0.8%    0.0%    0.0%    0.0%    0.0%    0.0%   18.2%   17.4%    0.0%
    DECISIONS: rows not written (decisionnorows)
  200   23  hand    0/0            0        0     4608        0        0    0/20        0         16 4 0 0 0
                A READ  ant-readable homeward along >= 0.02 on  30.2% of route-cell samples | FOODWARD   0.4% | plane lit on  30.8% | peak amt  64650 cells  75
                THE LOOP, ANT BY ANT:
                  0. lived                                     20    100.0% of prev    100.0% of all
                  1. reached the food                           0      0.0% of prev      0.0% of all
                  2. picked food up out there                   0      0.0% of prev      0.0% of all
                  3. turned for home with it                    0      0.0% of prev      0.0% of all
                  4. got back to the nest still holding it      0      0.0% of prev      0.0% of all
                  5. PUT IT DOWN there                          0      0.0% of prev      0.0% of all
                  6. went back out again                        0      0.0% of prev      0.0% of all
                  7. reached the food a SECOND time             0      0.0% of prev      0.0% of all
                RETURN LEDGER reached food    0 of   20 ants | came back    0 | trips laden    0 empty    0 | LOOPERS    0 of   20 ants ( 0.0% of those that reached food), repeat    0, most loops by one ant   0
                BY ANCHOR AT PICKUP  anchor ON nest material:    0 loops /    0 pickups (  0.0%) | anchor OFF it:    0 /    0 (  0.0%)
                BY BIRTH SITE  born ON comb:   0 of   0 that reached food looped (  0.0%) | born OFF comb:   0 of   0 (  0.0%)
                founded x   30..68   (nest cursor 48 MATERIAL x 26..70 20 of 20 founders born on it; food 248; nearest founder 180 cells out, farthest 218, nominal gap 200)  occupancy/1k [64 10 1 0 0 0 0 0]  carry->nest       0  born    0 died   20 (starved   20)
                own trail: route pk    0 end    0 along +0.0000  B nest->food [1040,3947,6854,9762,8347]  blocked      307  kin swaps       0  ticks     12745  tumbles      3658 (homeward        0, 0.00%)  drops       0  DELIVERED     0  leg home n    0 med     0 p90     0 (laden n    0 med     0 p90     0)  appetite held         0 J of         0  trips born-on-comb    0 (20 ants) / born-off    0 (0 ants)
                channel A: PEAK amt  64650 cells   75 (of 201 route)  POLARITY|| +0.23830 && +0.23788 SPAN +0.02572 edge   6.0  end nest->food [11141,436,0,0,0]  nest   25  AtNest 35.05%
                Carrying: laden     10506  of which SPOIL     10506 (100.0%)
    DECISION CENSUS: 11862 decisions, reconciled against the rows and the engine's counters
      leg     setting          n  stepped    felllaunched swappedcrossingreversedblocked_roll_fairoll_fai no_body
      empty   pocket         659    18.7%   27.2%    0.0%    0.0%    0.0%    0.0%   10.3%   20.2%   23.7%    0.0%
      empty   corridor      1211    45.4%    5.5%    0.0%    0.0%    0.0%    0.0%    2.3%   23.5%   23.4%    0.0%
      empty   junction      5495    35.1%    6.2%    0.0%    0.0%    0.0%    0.0%    1.1%   28.8%   28.8%    0.0%
      empty   open          2087    42.3%    9.2%    0.0%    0.0%    0.0%    0.0%    0.0%   24.2%   24.3%    0.0%
      spoil   pocket         833    29.2%    1.1%    0.0%    0.0%    0.0%    0.0%   23.4%   22.1%   24.2%    0.0%
      spoil   corridor       521    47.2%    0.0%    0.0%    0.0%    0.0%    0.0%   13.4%   18.6%   20.7%    0.0%
      spoil   junction       883    50.4%    1.4%    0.0%    0.0%    0.0%    0.0%    5.3%   20.4%   22.5%    0.0%
      spoil   open           173    58.4%    2.9%    0.0%    0.0%    0.0%    0.0%    0.0%   24.3%   14.5%    0.0%
    DECISIONS: rows not written (decisionnorows)
  200   24  hand    0/0            0        0     4116        0        0    0/20        0         20 0 0 0 0
                A READ  ant-readable homeward along >= 0.02 on  20.8% of route-cell samples | FOODWARD   1.7% | plane lit on  24.7% | peak amt  65535 cells  55
                THE LOOP, ANT BY ANT:
                  0. lived                                     20    100.0% of prev    100.0% of all
                  1. reached the food                           0      0.0% of prev      0.0% of all
                  2. picked food up out there                   0      0.0% of prev      0.0% of all
                  3. turned for home with it                    0      0.0% of prev      0.0% of all
                  4. got back to the nest still holding it      0      0.0% of prev      0.0% of all
                  5. PUT IT DOWN there                          0      0.0% of prev      0.0% of all
                  6. went back out again                        0      0.0% of prev      0.0% of all
                  7. reached the food a SECOND time             0      0.0% of prev      0.0% of all
                RETURN LEDGER reached food    0 of   20 ants | came back    0 | trips laden    0 empty    0 | LOOPERS    0 of   20 ants ( 0.0% of those that reached food), repeat    0, most loops by one ant   0
                BY ANCHOR AT PICKUP  anchor ON nest material:    0 loops /    0 pickups (  0.0%) | anchor OFF it:    0 /    0 (  0.0%)
                BY BIRTH SITE  born ON comb:   0 of   0 that reached food looped (  0.0%) | born OFF comb:   0 of   0 (  0.0%)
                founded x   30..68   (nest cursor 48 MATERIAL x 26..70 20 of 20 founders born on it; food 248; nearest founder 180 cells out, farthest 218, nominal gap 200)  occupancy/1k [69 1 0 0 0 0 0 0]  carry->nest       0  born    0 died   20 (starved   19)
                own trail: route pk    0 end    0 along +0.0000  B nest->food [1040,3947,6854,9762,8347]  blocked      466  kin swaps       0  ticks     11863  tumbles      3471 (homeward        0, 0.00%)  drops       0  DELIVERED     0  leg home n    0 med     0 p90     0 (laden n    0 med     0 p90     0)  appetite held         0 J of         0  trips born-on-comb    0 (20 ants) / born-off    0 (0 ants)
                channel A: PEAK amt  65535 cells   55 (of 201 route)  POLARITY|| +0.28433 && +0.28134 SPAN +0.00312 edge   6.0  end nest->food [11240,188,0,0,0]  nest   25  AtNest 44.03%
                Carrying: laden     14466  of which SPOIL     14466 (100.0%)

  larder put out, over the whole sweep: 96000-188880 J, against a need near 46,800 J
    for 52 ants over 24,000 frames -- so these colonies are provisioned, not starved.
  intake off anything that is not the larder is ASSERTED to be 0 in every row, not printed.

  `self` vs `mute` is the real question: do the ants' OWN trails do anything?
  `visitors` is DISTINCT ants that reached the food over distinct ants that ever lived --
    recruitment, which `near` ant-ticks cannot see: 50 visitors and 1 resident read alike.
  `trips` is nest -> food -> nest, closed on the RETURN. `reach` buckets every ant by how
  `occupancy` is ant-ticks in 8 equal bands, NEST END FIRST, food end last -- a commuting
    colony is bimodal, a dispersing one slides its mass right, a homebody is a spike at 0.
  `carry->nest` is signed cells moved while holding larder, POSITIVE = homeward. Near zero
    means food is picked up and wandered with, which is a different fault from not finding it.
    far it ever got, as a share of the gap, so a commuting population is visible as a shape.
  `hand` vs `self` only says whether a laid ramp beats what they bootstrap.
  `hmute` is the DECAY BASELINE for `route pk`: our ramp laid, the ants silenced.
  `flatN`/`flatF` are the POLARITY metric's negative controls: a FLAT channel A blob over
    the nest half / the food half, ants' EmitA silenced. A field with no ramp in it at all.
    A correct metric reads 0 on both. POLARITY|| is predicted to read ~+0.12 and ~-0.12,
    which brackets every polarity figure in the report -- see `lay_flat`.
  `homeA` lays a channel A HOMING ramp and no food trail -- if laden ants only fail
    to route because they cannot find their way home, this is where their own B appears.
  `carry` is ant-ticks holding larder in the crop; `carry@nest` is those inside the +-26 nest band --
    that pair is the answer to "is food being carried back", which a cell census cannot give.
  `other J` must read 0 in every row: it is the check that `onlyfood` held.
  A gap where `alive` reaches 0 in every arm is measuring a dead colony, not a deaf one.
