  diet: larder=fruit onlyfood=on
  odometer A: recur=shipped emita=shipped biasa=shipped   odometer B: charb=shipped recurb=shipped emitb=shipped biasb=shipped carryb=shipped
trailfollow: mode=gap gate=shipped frames=24000 seeds=24 seed0=1 ants=20 relay=60 near=10 food=400 refill=400 stop=6000 homebias=shipped cropcap=shipped hungergate=shipped arho=shipped brho=shipped adiffuse=shipped arise=off/off tumble=shipped persist=shipped tumblegrad=shipped homewire=shipped
  gate shipped: off -45.0  on +0.5  along ±6.0
  breadoff=true decisioncsv=true dtag=breadoff COLONY_SPACING=2 STACK_DEPTH=4 layfrom=founders
  landed 2026-09-09: units 0/1 = b2 (off -45, on +0.5, along 6); units 2/3 = saturated (off -45, on +30, along 6). See open-bugs-handoff.md Z7.

  gap seed   arm     alive     ate J  arrive@    dead@    carry    @nest  visitors  trips reach 0-25-50-75-100
----- ---- ----- --------- --------- -------- -------- -------- -------- --------- ------ ------------------
    DECISION CENSUS: 12607 decisions, reconciled against the rows and the engine's counters
      leg     setting          n  stepped    felllaunched swappedcrossingreversedblocked_roll_fairoll_fai no_body
      empty   pocket         476    13.0%   41.2%    0.0%    0.0%    0.0%    0.0%    3.6%   20.6%   21.6%    0.0%
      empty   corridor      1614    47.0%    5.0%    0.0%    0.0%    0.0%    0.0%    1.1%   23.5%   23.5%    0.0%
      empty   junction      5811    39.0%    6.5%    0.0%    0.0%    0.0%    0.0%    1.5%   26.2%   26.8%    0.0%
      empty   open          2526    41.3%    8.2%    0.0%    0.0%    0.0%    0.0%    0.0%   25.6%   25.0%    0.0%
      spoil   pocket         387    29.2%    1.6%    0.0%    0.0%    0.0%    0.0%   23.5%   23.3%   22.5%    0.0%
      spoil   corridor       603    44.4%    0.7%    0.0%    0.0%    0.0%    0.0%   11.4%   21.2%   22.2%    0.0%
      spoil   junction      1068    44.9%    0.7%    0.0%    0.0%    0.0%    0.0%    5.5%   24.4%   24.4%    0.0%
      spoil   open           122    53.3%    5.7%    0.0%    0.0%    0.0%    0.0%    0.0%   23.8%   17.2%    0.0%
    DECISIONS: rows not written (decisionnorows)
   90    1  self    0/0            0        0     4374        0        0    0/20        0         11 8 1 0 0
                A READ  ant-readable homeward along >= 0.02 on  50.7% of route-cell samples | FOODWARD   1.3% | plane lit on  58.6% | peak amt  65535 cells  59
                THE LOOP, ANT BY ANT:
                  0. lived                                     20    100.0% of prev    100.0% of all
                  1. reached the food                           0      0.0% of prev      0.0% of all
                  2. picked food up out there                   0      0.0% of prev      0.0% of all
                  3. turned for home with it                    0      0.0% of prev      0.0% of all
                  4. got back to the nest still holding it      0      0.0% of prev      0.0% of all
                  5. PUT IT DOWN there                          0      0.0% of prev      0.0% of all
                  6. went back out again                        0      0.0% of prev      0.0% of all
                  7. reached the food a SECOND time             0      0.0% of prev      0.0% of all
                RETURN LEDGER reached food    0 of   20 ants | came back    0 | trips laden    0 empty    0 | LOOPERS    0 of   20 ants ( 0.0% of those that reached food), repeat    0, most loops by one ant   0
                BY ANCHOR AT PICKUP  anchor ON nest material:    0 loops /    0 pickups (  0.0%) | anchor OFF it:    0 /    0 (  0.0%)
                BY BIRTH SITE  born ON comb:   0 of   0 that reached food looped (  0.0%) | born OFF comb:   0 of   0 (  0.0%)
                founded x   30..68   (nest cursor 48 MATERIAL x 26..70 20 of 20 founders born on it; food 138; nearest founder 70 cells out, farthest 108, nominal gap 90)  occupancy/1k [51 17 4 0 0 0 0 0]  carry->nest       0  born    0 died   20 (starved   20)
                own trail: route pk    0 end    0 along +0.0000  B nest->food [0,0,0,0,0]  blocked      339  kin swaps       0  ticks     12607  tumbles      3496 (homeward        0, 0.00%)  drops       0  DELIVERED     0  leg home n    0 med     0 p90     0 (laden n    0 med     0 p90     0)  appetite held         0 J of         0  trips born-on-comb    0 (20 ants) / born-off    0 (0 ants)
                channel A: PEAK amt  65535 cells   59 (of 91 route)  POLARITY|| +0.27055 && +0.26912 SPAN +0.01742 edge   6.0  end nest->food [12010,8665,1201,0,0]  nest   25  AtNest 37.62%
                Carrying: laden     13080  of which SPOIL     13080 (100.0%)
    DECISION CENSUS: 12310 decisions, reconciled against the rows and the engine's counters
      leg     setting          n  stepped    felllaunched swappedcrossingreversedblocked_roll_fairoll_fai no_body
      empty   pocket         555    17.8%   27.9%    0.0%    0.0%    0.0%    0.0%    7.0%   23.4%   23.8%    0.0%
      empty   corridor      1613    47.6%    4.0%    0.0%    0.0%    0.0%    0.0%    1.1%   24.9%   22.4%    0.0%
      empty   junction      5853    38.4%    6.1%    0.0%    0.0%    0.0%    0.0%    1.4%   26.8%   27.4%    0.0%
      empty   open          1853    44.4%    7.0%    0.0%    0.0%    0.0%    0.0%    0.0%   23.9%   24.7%    0.0%
      spoil   pocket         755    31.8%    1.2%    0.0%    0.0%    0.0%    0.0%   23.4%   24.4%   19.2%    0.0%
      spoil   corridor       429    43.1%    1.4%    0.0%    0.0%    0.0%    0.0%   12.6%   21.9%   21.0%    0.0%
      spoil   junction      1099    48.7%    1.0%    0.0%    0.0%    0.0%    0.0%    4.6%   21.7%   24.0%    0.0%
      spoil   open           153    52.9%    2.6%    0.0%    0.0%    0.0%    0.0%    0.0%   25.5%   19.0%    0.0%
    DECISIONS: rows not written (decisionnorows)
   90    2  self    0/0            0        0     4374        0        0    0/20        0          9 8 2 1 0
                A READ  ant-readable homeward along >= 0.02 on  63.5% of route-cell samples | FOODWARD   1.7% | plane lit on  69.1% | peak amt  63995 cells  83
                THE LOOP, ANT BY ANT:
                  0. lived                                     20    100.0% of prev    100.0% of all
                  1. reached the food                           0      0.0% of prev      0.0% of all
                  2. picked food up out there                   0      0.0% of prev      0.0% of all
                  3. turned for home with it                    0      0.0% of prev      0.0% of all
                  4. got back to the nest still holding it      0      0.0% of prev      0.0% of all
                  5. PUT IT DOWN there                          0      0.0% of prev      0.0% of all
                  6. went back out again                        0      0.0% of prev      0.0% of all
                  7. reached the food a SECOND time             0      0.0% of prev      0.0% of all
                RETURN LEDGER reached food    0 of   20 ants | came back    0 | trips laden    0 empty    0 | LOOPERS    0 of   20 ants ( 0.0% of those that reached food), repeat    0, most loops by one ant   0
                BY ANCHOR AT PICKUP  anchor ON nest material:    0 loops /    0 pickups (  0.0%) | anchor OFF it:    0 /    0 (  0.0%)
                BY BIRTH SITE  born ON comb:   0 of   0 that reached food looped (  0.0%) | born OFF comb:   0 of   0 (  0.0%)
                founded x   30..68   (nest cursor 48 MATERIAL x 26..70 20 of 20 founders born on it; food 138; nearest founder 70 cells out, farthest 108, nominal gap 90)  occupancy/1k [48 14 7 1 1 0 0 0]  carry->nest       0  born    0 died   20 (starved   20)
                own trail: route pk    0 end    0 along +0.0000  B nest->food [0,0,0,0,0]  blocked      418  kin swaps       0  ticks     12310  tumbles      3515 (homeward        0, 0.00%)  drops       0  DELIVERED     0  leg home n    0 med     0 p90     0 (laden n    0 med     0 p90     0)  appetite held         0 J of         0  trips born-on-comb    0 (20 ants) / born-off    0 (0 ants)
                channel A: PEAK amt  63995 cells   83 (of 91 route)  POLARITY|| +0.23154 && +0.22933 SPAN +0.00785 edge   6.0  end nest->food [11735,8488,1370,0,0]  nest   25  AtNest 38.27%
                Carrying: laden     14616  of which SPOIL     14616 (100.0%)
    DECISION CENSUS: 12525 decisions, reconciled against the rows and the engine's counters
      leg     setting          n  stepped    felllaunched swappedcrossingreversedblocked_roll_fairoll_fai no_body
      empty   pocket         612    22.4%   25.0%    0.0%    0.0%    0.0%    0.0%   13.7%   21.9%   17.0%    0.0%
      empty   corridor      1626    49.0%    4.2%    0.0%    0.0%    0.0%    0.0%    1.2%   24.0%   21.6%    0.0%
      empty   junction      6224    36.8%    5.0%    0.0%    0.0%    0.0%    0.0%    1.0%   28.2%   28.9%    0.0%
      empty   open          1731    40.6%    7.3%    0.0%    0.0%    0.0%    0.0%    0.0%   26.2%   25.9%    0.0%
      spoil   pocket         844    29.3%    2.7%    0.0%    0.0%    0.0%    0.0%   24.6%   20.0%   23.3%    0.0%
      spoil   corridor       499    40.1%    1.4%    0.0%    0.0%    0.0%    0.0%   12.6%   20.8%   25.1%    0.0%
      spoil   junction       868    45.7%    1.4%    0.0%    0.0%    0.0%    0.0%    4.7%   25.1%   23.0%    0.0%
      spoil   open           121    57.0%    0.8%    0.0%    0.0%    0.0%    0.0%    0.0%   24.0%   18.2%    0.0%
    DECISIONS: rows not written (decisionnorows)
   90    3  self    0/0            0        0     4680        0        0    0/20        0         11 8 1 0 0
                A READ  ant-readable homeward along >= 0.02 on  57.3% of route-cell samples | FOODWARD   2.7% | plane lit on  64.7% | peak amt  63593 cells  70
                THE LOOP, ANT BY ANT:
                  0. lived                                     20    100.0% of prev    100.0% of all
                  1. reached the food                           0      0.0% of prev      0.0% of all
                  2. picked food up out there                   0      0.0% of prev      0.0% of all
                  3. turned for home with it                    0      0.0% of prev      0.0% of all
                  4. got back to the nest still holding it      0      0.0% of prev      0.0% of all
                  5. PUT IT DOWN there                          0      0.0% of prev      0.0% of all
                  6. went back out again                        0      0.0% of prev      0.0% of all
                  7. reached the food a SECOND time             0      0.0% of prev      0.0% of all
                RETURN LEDGER reached food    0 of   20 ants | came back    0 | trips laden    0 empty    0 | LOOPERS    0 of   20 ants ( 0.0% of those that reached food), repeat    0, most loops by one ant   0
                BY ANCHOR AT PICKUP  anchor ON nest material:    0 loops /    0 pickups (  0.0%) | anchor OFF it:    0 /    0 (  0.0%)
                BY BIRTH SITE  born ON comb:   0 of   0 that reached food looped (  0.0%) | born OFF comb:   0 of   0 (  0.0%)
                founded x   30..68   (nest cursor 48 MATERIAL x 26..70 20 of 20 founders born on it; food 138; nearest founder 70 cells out, farthest 108, nominal gap 90)  occupancy/1k [51 16 4 0 0 0 0 0]  carry->nest       0  born    0 died   20 (starved   19)
                own trail: route pk    0 end    0 along +0.0000  B nest->food [0,0,0,0,0]  blocked      480  kin swaps       0  ticks     12526  tumbles      3736 (homeward        0, 0.00%)  drops       0  DELIVERED     0  leg home n    0 med     0 p90     0 (laden n    0 med     0 p90     0)  appetite held         0 J of         0  trips born-on-comb    0 (20 ants) / born-off    0 (0 ants)
                channel A: PEAK amt  63593 cells   70 (of 91 route)  POLARITY|| +0.24457 && +0.24414 SPAN +0.03171 edge   6.0  end nest->food [11159,7681,1067,0,0]  nest   25  AtNest 39.41%
                Carrying: laden     13998  of which SPOIL     13998 (100.0%)
    DECISION CENSUS: 12708 decisions, reconciled against the rows and the engine's counters
      leg     setting          n  stepped    felllaunched swappedcrossingreversedblocked_roll_fairoll_fai no_body
      empty   pocket         408    16.7%   28.7%    0.0%    0.0%    0.0%    0.0%    6.6%   23.0%   25.0%    0.0%
      empty   corridor      2150    49.0%    2.7%    0.0%    0.0%    0.0%    0.0%    1.2%   24.1%   23.0%    0.0%
      empty   junction      5392    39.0%    5.9%    0.0%    0.0%    0.0%    0.0%    1.2%   27.1%   26.8%    0.0%
      empty   open          2225    40.7%    7.7%    0.0%    0.0%    0.0%    0.0%    0.0%   26.3%   25.3%    0.0%
      laden   corridor        80    61.2%    0.0%    0.0%    0.0%    0.0%    0.0%    0.0%   21.2%   17.5%    0.0%
      laden   junction       112    31.2%    0.0%    0.0%    0.0%    0.0%    0.0%    1.8%   33.0%   33.9%    0.0%
      laden   open             2     0.0%    0.0%    0.0%    0.0%    0.0%    0.0%    0.0%  100.0%    0.0%    0.0%
      spoil   pocket         569    29.9%    1.8%    0.0%    0.0%    0.0%    0.0%   22.5%   22.7%   23.2%    0.0%
      spoil   corridor       565    44.4%    1.1%    0.0%    0.0%    0.0%    0.0%   12.2%   21.1%   21.2%    0.0%
      spoil   junction      1080    48.1%    1.4%    0.0%    0.0%    0.0%    0.0%    4.9%   23.5%   22.1%    0.0%
      spoil   open           125    55.2%    3.2%    0.0%    0.0%    0.0%    0.0%    0.0%   21.6%   20.0%    0.0%
    DECISIONS: rows not written (decisionnorows)
   90    4  self    0/0          152     2856     4842     1164      648    2/20        1         14 4 0 2 0
                A READ  ant-readable homeward along >= 0.02 on  63.3% of route-cell samples | FOODWARD   0.9% | plane lit on  68.8% | peak amt  65535 cells  89
                THE LOOP, ANT BY ANT:
                  0. lived                                     20    100.0% of prev    100.0% of all
                  1. reached the food                           2     10.0% of prev     10.0% of all
                  2. picked food up out there                   1     50.0% of prev      5.0% of all
                  3. turned for home with it                    1    100.0% of prev      5.0% of all
                  4. got back to the nest still holding it      1    100.0% of prev      5.0% of all
                  5. PUT IT DOWN there                          1    100.0% of prev      5.0% of all
                  6. went back out again                        0      0.0% of prev      0.0% of all
                  7. reached the food a SECOND time             0      0.0% of prev      0.0% of all
                RETURN LEDGER reached food    2 of   20 ants | came back    1 | trips laden    1 empty    0 | LOOPERS    1 of   20 ants (50.0% of those that reached food), repeat    0, most loops by one ant   1
                BY ANCHOR AT PICKUP  anchor ON nest material:    1 loops /    1 pickups (100.0%) | anchor OFF it:    0 /    0 (  0.0%)
                BY BIRTH SITE  born ON comb:   1 of   2 that reached food looped ( 50.0%) | born OFF comb:   0 of   0 (  0.0%)
                LEGS legs[469] laden[469]
                founded x   30..68   (nest cursor 48 MATERIAL x 26..70 20 of 20 founders born on it; food 138; nearest founder 70 cells out, farthest 108, nominal gap 90)  occupancy/1k [55 13 2 1 1 0 0 0]  carry->nest      62  born    0 died   20 (starved   20)
                own trail: route pk   74 end    0 along +0.0000  B nest->food [0,58,19,18,0]  blocked      369  kin swaps       0  ticks     12708  tumbles      3615 (homeward       17, 0.47%)  drops      35  DELIVERED    35  leg home n    1 med   469 p90   469 (laden n    1 med   469 p90   469)  appetite held         0 J of       640  trips born-on-comb    1 (20 ants) / born-off    0 (0 ants)
                channel A: PEAK amt  65535 cells   89 (of 91 route)  POLARITY|| +0.24155 && +0.24322 SPAN +0.01938 edge   5.7  end nest->food [12009,7947,968,0,0]  nest   25  AtNest 40.82%
                Carrying: laden     15198  of which SPOIL     14226 ( 93.6%)
    DECISION CENSUS: 16130 decisions, reconciled against the rows and the engine's counters
      leg     setting          n  stepped    felllaunched swappedcrossingreversedblocked_roll_fairoll_fai no_body
      empty   pocket         983    24.1%   17.8%    0.0%    0.0%    0.0%    0.0%   13.1%   21.5%   23.5%    0.0%
      empty   corridor      1956    39.8%    3.0%    0.0%    0.0%    0.0%    0.0%    1.0%   27.9%   28.3%    0.0%
      empty   junction      6396    33.4%    4.2%    0.0%    0.0%    0.0%    0.0%    0.8%   30.9%   30.8%    0.0%
      empty   open          1498    36.8%    6.1%    0.0%    0.0%    0.0%    0.0%    0.0%   30.6%   26.5%    0.0%
      laden   pocket         428     0.0%    1.6%    0.0%    0.0%    0.0%    0.0%    0.0%   44.6%   53.7%    0.0%
      laden   corridor       289    30.4%    0.0%    0.0%    0.0%    0.0%    0.0%    0.0%   36.0%   33.6%    0.0%
      laden   junction       829     5.8%    0.1%    0.0%    0.0%    0.0%    0.0%    0.0%   49.0%   45.1%    0.0%
      laden   open           109     5.5%    0.0%    0.0%    0.0%    0.0%    0.0%    0.0%   53.2%   41.3%    0.0%
      spoil   pocket        1526    31.9%    0.7%    0.0%    0.0%    0.0%    0.0%   25.0%   23.3%   19.1%    0.0%
      spoil   corridor       981    44.0%    0.3%    0.0%    0.0%    0.0%    0.0%   11.3%   22.4%   21.9%    0.0%
      spoil   junction      1073    51.3%    0.4%    0.0%    0.0%    0.0%    0.0%    3.4%   22.2%   22.8%    0.0%
      spoil   open            62    67.7%    3.2%    0.0%    0.0%    0.0%    0.0%    0.0%   16.1%   12.9%    0.0%
    DECISIONS: rows not written (decisionnorows)
   90    5  self    1/1         1942     3432        0     9930     6036    2/21        2         14 4 0 3 0
                A READ  ant-readable homeward along >= 0.02 on  60.3% of route-cell samples | FOODWARD   4.7% | plane lit on  74.2% | peak amt  62160 cells  89
                THE LOOP, ANT BY ANT:
                  0. lived                                     21    100.0% of prev    100.0% of all
                  1. reached the food                           2      9.5% of prev      9.5% of all
                  2. picked food up out there                   2    100.0% of prev      9.5% of all
                  3. turned for home with it                    2    100.0% of prev      9.5% of all
                  4. got back to the nest still holding it      1     50.0% of prev      4.8% of all
                  5. PUT IT DOWN there                          1    100.0% of prev      4.8% of all
                  6. went back out again                        0      0.0% of prev      0.0% of all
                  7. reached the food a SECOND time             0      0.0% of prev      0.0% of all
                RETURN LEDGER reached food    2 of   21 ants | came back    2 | trips laden    1 empty    1 | LOOPERS    1 of   21 ants (50.0% of those that reached food), repeat    0, most loops by one ant   1
                BY ANCHOR AT PICKUP  anchor ON nest material:    1 loops /    2 pickups ( 50.0%) | anchor OFF it:    0 /    0 (  0.0%)
                BY BIRTH SITE  born ON comb:   1 of   2 that reached food looped ( 50.0%) | born OFF comb:   0 of   0 (  0.0%)
                LEGS legs[613,8401] laden[613]
                founded x   30..68   (nest cursor 48 MATERIAL x 26..70 20 of 21 founders born on it; food 138; nearest founder 70 cells out, farthest 108, nominal gap 90)  occupancy/1k [49 31 7 5 0 0 0 0]  carry->nest     123  born    1 died   20 (starved   19)
                own trail: route pk   73 end    0 along +0.0000  B nest->food [0,18,37,38,0]  blocked      724  kin swaps       0  ticks     16131  tumbles      5495 (homeward       86, 1.57%)  drops     394  DELIVERED   394  leg home n    2 med  8401 p90  8401 (laden n    1 med   613 p90   613)  appetite held         0 J of      5629  trips born-on-comb    2 (21 ants) / born-off    0 (0 ants)
                channel A: PEAK amt  62160 cells   89 (of 91 route)  POLARITY|| +0.22448 && +0.22353 SPAN +0.01056 edge   5.4  end nest->food [12231,14115,1520,0,0]  nest   25  AtNest 41.07%
                Carrying: laden     31782  of which SPOIL     21852 ( 68.8%)
    DECISION CENSUS: 12827 decisions, reconciled against the rows and the engine's counters
      leg     setting          n  stepped    felllaunched swappedcrossingreversedblocked_roll_fairoll_fai no_body
      empty   pocket         644    14.9%   32.1%    0.0%    0.0%    0.0%    0.0%    6.7%   24.4%   21.9%    0.0%
      empty   corridor      2054    50.1%    2.8%    0.0%    0.0%    0.0%    0.0%    1.5%   21.9%   23.8%    0.0%
      empty   junction      6316    36.0%    6.1%    0.0%    0.0%    0.0%    0.0%    1.0%   28.4%   28.5%    0.0%
      empty   open          2040    42.3%    8.3%    0.0%    0.0%    0.0%    0.0%    0.0%   24.3%   25.1%    0.0%
      spoil   pocket         373    27.9%    2.9%    0.0%    0.0%    0.0%    0.0%   24.7%   20.1%   24.4%    0.0%
      spoil   corridor       417    43.2%    1.4%    0.0%    0.0%    0.0%    0.0%    9.6%   22.3%   23.5%    0.0%
      spoil   junction       851    48.3%    2.6%    0.0%    0.0%    0.0%    0.0%    3.8%   21.4%   24.0%    0.0%
      spoil   open           132    56.1%    4.5%    0.0%    0.0%    0.0%    0.0%    0.0%   22.0%   17.4%    0.0%
    DECISIONS: rows not written (decisionnorows)
   90    6  self    0/0            0        0     5130        0        0    0/20        0          9 7 4 0 0
                A READ  ant-readable homeward along >= 0.02 on  63.4% of route-cell samples | FOODWARD   2.0% | plane lit on  68.8% | peak amt  65535 cells  66
                THE LOOP, ANT BY ANT:
                  0. lived                                     20    100.0% of prev    100.0% of all
                  1. reached the food                           0      0.0% of prev      0.0% of all
                  2. picked food up out there                   0      0.0% of prev      0.0% of all
                  3. turned for home with it                    0      0.0% of prev      0.0% of all
                  4. got back to the nest still holding it      0      0.0% of prev      0.0% of all
                  5. PUT IT DOWN there                          0      0.0% of prev      0.0% of all
                  6. went back out again                        0      0.0% of prev      0.0% of all
                  7. reached the food a SECOND time             0      0.0% of prev      0.0% of all
                RETURN LEDGER reached food    0 of   20 ants | came back    0 | trips laden    0 empty    0 | LOOPERS    0 of   20 ants ( 0.0% of those that reached food), repeat    0, most loops by one ant   0
                BY ANCHOR AT PICKUP  anchor ON nest material:    0 loops /    0 pickups (  0.0%) | anchor OFF it:    0 /    0 (  0.0%)
                BY BIRTH SITE  born ON comb:   0 of   0 that reached food looped (  0.0%) | born OFF comb:   0 of   0 (  0.0%)
                founded x   30..68   (nest cursor 48 MATERIAL x 26..70 20 of 20 founders born on it; food 138; nearest founder 70 cells out, farthest 108, nominal gap 90)  occupancy/1k [54 13 5 1 1 0 0 0]  carry->nest       0  born    0 died   20 (starved   20)
                own trail: route pk    0 end    0 along +0.0000  B nest->food [0,0,0,0,0]  blocked      303  kin swaps       0  ticks     12827  tumbles      3577 (homeward        0, 0.00%)  drops       0  DELIVERED     0  leg home n    0 med     0 p90     0 (laden n    0 med     0 p90     0)  appetite held         0 J of         0  trips born-on-comb    0 (20 ants) / born-off    0 (0 ants)
                channel A: PEAK amt  65535 cells   66 (of 91 route)  POLARITY|| +0.23162 && +0.23263 SPAN +0.02905 edge   6.0  end nest->food [11694,8322,1425,0,0]  nest   25  AtNest 40.18%
                Carrying: laden     10638  of which SPOIL     10638 (100.0%)
    DECISION CENSUS: 16498 decisions, reconciled against the rows and the engine's counters
      leg     setting          n  stepped    felllaunched swappedcrossingreversedblocked_roll_fairoll_fai no_body
      empty   pocket         525    13.7%   31.0%    0.0%    0.0%    0.0%    0.0%    5.9%   26.9%   22.5%    0.0%
      empty   corridor      1682    44.2%    3.5%    0.0%    0.0%    0.0%    0.0%    1.5%   25.7%   25.0%    0.0%
      empty   junction      7387    31.8%    6.4%    0.0%    0.0%    0.0%    0.0%    1.0%   30.9%   29.9%    0.0%
      empty   open          2918    37.1%    8.1%    0.0%    0.0%    0.0%    0.0%    0.0%   28.0%   26.8%    0.0%
      laden   pocket          77     0.0%    1.3%    0.0%    0.0%    0.0%    0.0%    3.9%   48.1%   46.8%    0.0%
      laden   corridor       316    13.0%    0.9%    0.0%    0.0%    0.0%    0.0%    0.6%   41.5%   44.0%    0.0%
      laden   junction      1298     8.4%    0.2%    0.0%    0.0%    0.0%    0.0%    0.2%   47.6%   43.7%    0.0%
      laden   open           291     5.8%    0.3%    0.0%    0.0%    0.0%    0.0%    0.0%   46.4%   47.4%    0.0%
      spoil   pocket         368    28.3%    3.5%    0.0%    0.0%    0.0%    0.0%   19.3%   23.6%   25.3%    0.0%
      spoil   corridor       503    43.9%    0.4%    0.0%    0.0%    0.0%    0.0%   13.5%   24.3%   17.9%    0.0%
      spoil   junction      1000    47.7%    0.8%    0.0%    0.0%    0.0%    0.0%    5.1%   24.8%   21.6%    0.0%
      spoil   open           133    47.4%    3.8%    0.0%    0.0%    0.0%    0.0%    0.0%   30.1%   18.8%    0.0%
    DECISIONS: rows not written (decisionnorows)
   90    7  self    1/1         1553     2544        0    11892    11334    1/20        1         5 12 1 2 0
                A READ  ant-readable homeward along >= 0.02 on  58.6% of route-cell samples | FOODWARD   5.2% | plane lit on  71.6% | peak amt  65535 cells  87
                THE LOOP, ANT BY ANT:
                  0. lived                                     20    100.0% of prev    100.0% of all
                  1. reached the food                           1      5.0% of prev      5.0% of all
                  2. picked food up out there                   1    100.0% of prev      5.0% of all
                  3. turned for home with it                    1    100.0% of prev      5.0% of all
                  4. got back to the nest still holding it      1    100.0% of prev      5.0% of all
                  5. PUT IT DOWN there                          1    100.0% of prev      5.0% of all
                  6. went back out again                        1    100.0% of prev      5.0% of all
                  7. reached the food a SECOND time             0      0.0% of prev      0.0% of all
                RETURN LEDGER reached food    1 of   20 ants | came back    1 | trips laden    1 empty    0 | LOOPERS    1 of   20 ants (100.0% of those that reached food), repeat    0, most loops by one ant   1
                BY ANCHOR AT PICKUP  anchor ON nest material:    1 loops /    1 pickups (100.0%) | anchor OFF it:    0 /    0 (  0.0%)
                BY BIRTH SITE  born ON comb:   1 of   1 that reached food looped (100.0%) | born OFF comb:   0 of   0 (  0.0%)
                LEGS legs[475] laden[475]
                founded x   30..68   (nest cursor 48 MATERIAL x 26..70 20 of 20 founders born on it; food 138; nearest founder 70 cells out, farthest 108, nominal gap 90)  occupancy/1k [60 24 10 1 0 0 0 0]  carry->nest      64  born    0 died   19 (starved   19)
                own trail: route pk   74 end    9 along +0.0022  B nest->food [0,200,20,18,0]  blocked      327  kin swaps       0  ticks     16498  tumbles      5417 (homeward       44, 0.81%)  drops     815  DELIVERED   815  leg home n    1 med   475 p90   475 (laden n    1 med   475 p90   475)  appetite held         0 J of      6541  trips born-on-comb    1 (20 ants) / born-off    0 (0 ants)
                channel A: PEAK amt  65535 cells   87 (of 91 route)  POLARITY|| +0.22174 && +0.22152 SPAN +0.00893 edge   5.9  end nest->food [12328,10296,1923,0,0]  nest   25  AtNest 49.90%
                Carrying: laden     23916  of which SPOIL     12234 ( 51.2%)
    DECISION CENSUS: 15147 decisions, reconciled against the rows and the engine's counters
      leg     setting          n  stepped    felllaunched swappedcrossingreversedblocked_roll_fairoll_fai no_body
      empty   pocket         816    15.3%   29.4%    0.0%    0.0%    0.0%    0.0%    6.4%   26.0%   22.9%    0.0%
      empty   corridor      3072    45.5%    1.6%    0.0%    0.0%    0.0%    0.0%    0.6%   26.4%   25.9%    0.0%
      empty   junction      7014    35.2%    4.7%    0.0%    0.0%    0.0%    0.0%    1.1%   30.1%   28.9%    0.0%
      empty   open          1698    42.3%    6.8%    0.0%    0.0%    0.0%    0.0%    0.0%   24.6%   26.3%    0.0%
      laden   pocket          79     2.5%   11.4%    0.0%    0.0%    0.0%    0.0%    1.3%   49.4%   35.4%    0.0%
      laden   corridor        81    43.2%    0.0%    0.0%    0.0%    0.0%    0.0%    2.5%   21.0%   33.3%    0.0%
      laden   junction       427     8.2%    0.2%    0.0%    0.0%    0.0%    0.0%    0.2%   49.9%   41.5%    0.0%
      spoil   pocket         658    32.1%    2.0%    0.0%    0.0%    0.0%    0.0%   26.3%   20.2%   19.5%    0.0%
      spoil   corridor       410    48.5%    0.0%    0.0%    0.0%    0.0%    0.0%   10.0%   21.0%   20.5%    0.0%
      spoil   junction       783    48.7%    0.6%    0.0%    0.0%    0.0%    0.0%    5.7%   23.9%   21.1%    0.0%
      spoil   open           109    42.2%    0.9%    0.0%    0.0%    0.0%    0.0%    0.0%   29.4%   27.5%    0.0%
    DECISIONS: rows not written (decisionnorows)
   90    8  self    0/0          461     3660    17352     3522     2892    1/20        1         12 5 2 1 0
                A READ  ant-readable homeward along >= 0.02 on  61.8% of route-cell samples | FOODWARD   4.7% | plane lit on  70.1% | peak amt  65535 cells  86
                THE LOOP, ANT BY ANT:
                  0. lived                                     20    100.0% of prev    100.0% of all
                  1. reached the food                           1      5.0% of prev      5.0% of all
                  2. picked food up out there                   1    100.0% of prev      5.0% of all
                  3. turned for home with it                    1    100.0% of prev      5.0% of all
                  4. got back to the nest still holding it      1    100.0% of prev      5.0% of all
                  5. PUT IT DOWN there                          1    100.0% of prev      5.0% of all
                  6. went back out again                        1    100.0% of prev      5.0% of all
                  7. reached the food a SECOND time             0      0.0% of prev      0.0% of all
                RETURN LEDGER reached food    1 of   20 ants | came back    1 | trips laden    1 empty    0 | LOOPERS    1 of   20 ants (100.0% of those that reached food), repeat    0, most loops by one ant   1
                BY ANCHOR AT PICKUP  anchor ON nest material:    1 loops /    1 pickups (100.0%) | anchor OFF it:    0 /    0 (  0.0%)
                BY BIRTH SITE  born ON comb:   1 of   1 that reached food looped (100.0%) | born OFF comb:   0 of   0 (  0.0%)
                LEGS legs[559] laden[559]
                founded x   30..68   (nest cursor 48 MATERIAL x 26..70 20 of 20 founders born on it; food 138; nearest founder 70 cells out, farthest 108, nominal gap 90)  occupancy/1k [53 23 7 2 2 1 0 0]  carry->nest      64  born    0 died   20 (starved   20)
                own trail: route pk   68 end    0 along +0.0000  B nest->food [0,43,20,47,0]  blocked      409  kin swaps       0  ticks     15147  tumbles      4671 (homeward       25, 0.54%)  drops     100  DELIVERED   100  leg home n    1 med   559 p90   559 (laden n    1 med   559 p90   559)  appetite held         0 J of      1940  trips born-on-comb    1 (20 ants) / born-off    0 (0 ants)
                channel A: PEAK amt  65535 cells   86 (of 91 route)  POLARITY|| +0.23798 && +0.23955 SPAN +0.02170 edge   6.0  end nest->food [13805,9033,1062,0,0]  nest   25  AtNest 41.47%
                Carrying: laden     15282  of which SPOIL     11760 ( 77.0%)
    DECISION CENSUS: 12566 decisions, reconciled against the rows and the engine's counters
      leg     setting          n  stepped    felllaunched swappedcrossingreversedblocked_roll_fairoll_fai no_body
      empty   pocket         877    21.6%   23.9%    0.0%    0.0%    0.0%    0.0%   11.9%   22.2%   20.4%    0.0%
      empty   corridor      1809    43.1%    4.0%    0.0%    0.0%    0.0%    0.0%    3.6%   24.0%   25.3%    0.0%
      empty   junction      5858    40.0%    5.1%    0.0%    0.0%    0.0%    0.0%    1.3%   26.6%   26.9%    0.0%
      empty   open          1622    39.0%    7.2%    0.0%    0.0%    0.0%    0.0%    0.0%   25.4%   28.4%    0.0%
      spoil   pocket         585    25.5%    2.6%    0.0%    0.0%    0.0%    0.0%   20.3%   23.8%   27.9%    0.0%
      spoil   corridor       722    40.9%    0.3%    0.0%    0.0%    0.0%    0.0%   16.1%   21.3%   21.5%    0.0%
      spoil   junction       959    49.9%    0.3%    0.0%    0.0%    0.0%    0.0%    5.5%   23.5%   20.8%    0.0%
      spoil   open           134    48.5%    1.5%    0.0%    0.0%    0.0%    0.0%    0.0%   21.6%   28.4%    0.0%
    DECISIONS: rows not written (decisionnorows)
   90    9  self    0/0            0        0     4308        0        0    0/20        0         10 7 3 0 0
                A READ  ant-readable homeward along >= 0.02 on  52.8% of route-cell samples | FOODWARD   4.6% | plane lit on  62.4% | peak amt  64142 cells  59
                THE LOOP, ANT BY ANT:
                  0. lived                                     20    100.0% of prev    100.0% of all
                  1. reached the food                           0      0.0% of prev      0.0% of all
                  2. picked food up out there                   0      0.0% of prev      0.0% of all
                  3. turned for home with it                    0      0.0% of prev      0.0% of all
                  4. got back to the nest still holding it      0      0.0% of prev      0.0% of all
                  5. PUT IT DOWN there                          0      0.0% of prev      0.0% of all
                  6. went back out again                        0      0.0% of prev      0.0% of all
                  7. reached the food a SECOND time             0      0.0% of prev      0.0% of all
                RETURN LEDGER reached food    0 of   20 ants | came back    0 | trips laden    0 empty    0 | LOOPERS    0 of   20 ants ( 0.0% of those that reached food), repeat    0, most loops by one ant   0
                BY ANCHOR AT PICKUP  anchor ON nest material:    0 loops /    0 pickups (  0.0%) | anchor OFF it:    0 /    0 (  0.0%)
                BY BIRTH SITE  born ON comb:   0 of   0 that reached food looped (  0.0%) | born OFF comb:   0 of   0 (  0.0%)
                founded x   30..68   (nest cursor 48 MATERIAL x 26..70 20 of 20 founders born on it; food 138; nearest founder 70 cells out, farthest 108, nominal gap 90)  occupancy/1k [48 19 4 2 0 0 0 0]  carry->nest       0  born    0 died   20 (starved   20)
                own trail: route pk    0 end    0 along +0.0000  B nest->food [0,0,0,0,0]  blocked      533  kin swaps       0  ticks     12566  tumbles      3683 (homeward        0, 0.00%)  drops       0  DELIVERED     0  leg home n    0 med     0 p90     0 (laden n    0 med     0 p90     0)  appetite held         0 J of         0  trips born-on-comb    0 (20 ants) / born-off    0 (0 ants)
                channel A: PEAK amt  64142 cells   59 (of 91 route)  POLARITY|| +0.24148 && +0.22899 SPAN +0.01892 edge   6.0  end nest->food [10843,8431,1422,0,0]  nest   25  AtNest 37.32%
                Carrying: laden     14400  of which SPOIL     14400 (100.0%)
    DECISION CENSUS: 12830 decisions, reconciled against the rows and the engine's counters
      leg     setting          n  stepped    felllaunched swappedcrossingreversedblocked_roll_fairoll_fai no_body
      empty   pocket         754    19.9%   25.5%    0.0%    0.0%    0.0%    0.0%   10.7%   23.5%   20.4%    0.0%
      empty   corridor      1939    50.3%    2.9%    0.0%    0.0%    0.0%    0.0%    1.0%   22.5%   23.3%    0.0%
      empty   junction      5897    36.5%    5.5%    0.0%    0.0%    0.0%    0.0%    0.8%   28.4%   28.9%    0.0%
      empty   open          1828    38.5%    6.5%    0.0%    0.0%    0.0%    0.0%    0.0%   26.2%   28.8%    0.0%
      spoil   pocket        1091    31.1%    1.0%    0.0%    0.0%    0.0%    0.0%   23.9%   22.5%   21.5%    0.0%
      spoil   corridor       452    44.7%    0.4%    0.0%    0.0%    0.0%    0.0%    6.0%   28.1%   20.8%    0.0%
      spoil   junction       764    52.1%    0.9%    0.0%    0.0%    0.0%    0.0%    3.1%   23.0%   20.8%    0.0%
      spoil   open           105    47.6%    2.9%    0.0%    0.0%    0.0%    0.0%    0.0%   24.8%   24.8%    0.0%
    DECISIONS: rows not written (decisionnorows)
   90   10  self    0/0            0        0     4734        0        0    0/20        0         12 5 2 1 0
                A READ  ant-readable homeward along >= 0.02 on  65.0% of route-cell samples | FOODWARD   2.0% | plane lit on  69.0% | peak amt  65535 cells  75
                THE LOOP, ANT BY ANT:
                  0. lived                                     20    100.0% of prev    100.0% of all
                  1. reached the food                           0      0.0% of prev      0.0% of all
                  2. picked food up out there                   0      0.0% of prev      0.0% of all
                  3. turned for home with it                    0      0.0% of prev      0.0% of all
                  4. got back to the nest still holding it      0      0.0% of prev      0.0% of all
                  5. PUT IT DOWN there                          0      0.0% of prev      0.0% of all
                  6. went back out again                        0      0.0% of prev      0.0% of all
                  7. reached the food a SECOND time             0      0.0% of prev      0.0% of all
                RETURN LEDGER reached food    0 of   20 ants | came back    0 | trips laden    0 empty    0 | LOOPERS    0 of   20 ants ( 0.0% of those that reached food), repeat    0, most loops by one ant   0
                BY ANCHOR AT PICKUP  anchor ON nest material:    0 loops /    0 pickups (  0.0%) | anchor OFF it:    0 /    0 (  0.0%)
                BY BIRTH SITE  born ON comb:   0 of   0 that reached food looped (  0.0%) | born OFF comb:   0 of   0 (  0.0%)
                founded x   30..68   (nest cursor 48 MATERIAL x 26..70 20 of 20 founders born on it; food 138; nearest founder 70 cells out, farthest 108, nominal gap 90)  occupancy/1k [58 11 4 0 1 1 0 0]  carry->nest       0  born    0 died   20 (starved   20)
                own trail: route pk    0 end    0 along +0.0000  B nest->food [0,0,0,0,0]  blocked      459  kin swaps       0  ticks     12830  tumbles      3801 (homeward        0, 0.00%)  drops       0  DELIVERED     0  leg home n    0 med     0 p90     0 (laden n    0 med     0 p90     0)  appetite held         0 J of         0  trips born-on-comb    0 (20 ants) / born-off    0 (0 ants)
                channel A: PEAK amt  65535 cells   75 (of 91 route)  POLARITY|| +0.23039 && +0.23176 SPAN +0.02779 edge   6.0  end nest->food [11633,7494,1093,0,0]  nest   25  AtNest 38.55%
                Carrying: laden     14472  of which SPOIL     14472 (100.0%)
    DECISION CENSUS: 14781 decisions, reconciled against the rows and the engine's counters
      leg     setting          n  stepped    felllaunched swappedcrossingreversedblocked_roll_fairoll_fai no_body
      empty   pocket         640    16.9%   22.0%    0.0%    0.0%    0.0%    0.0%    5.5%   27.2%   28.4%    0.0%
      empty   corridor      1899    41.9%    3.3%    0.0%    0.0%    0.0%    0.0%    0.8%   26.7%   27.3%    0.0%
      empty   junction      6704    33.7%    5.4%    0.0%    0.0%    0.0%    0.0%    0.9%   29.6%   30.4%    0.0%
      empty   open          1879    43.7%    8.9%    0.0%    0.0%    0.0%    0.0%    0.0%   23.7%   23.7%    0.0%
      laden   corridor       656     8.2%    0.0%    0.0%    0.0%    0.0%    0.0%    0.2%   46.8%   44.8%    0.0%
      laden   junction        50    30.0%    0.0%    0.0%    0.0%    0.0%    0.0%    0.0%   42.0%   28.0%    0.0%
      spoil   pocket        1151    29.8%    2.2%    0.0%    0.0%    0.0%    0.0%   22.1%   22.8%   23.1%    0.0%
      spoil   corridor       530    40.8%    0.6%    0.0%    0.0%    0.0%    0.0%    8.7%   22.6%   27.4%    0.0%
      spoil   junction      1154    50.1%    0.6%    0.0%    0.0%    0.0%    0.0%    4.0%   21.6%   23.7%    0.0%
      spoil   open           118    49.2%    4.2%    0.0%    0.0%    0.0%    0.0%    0.0%   24.6%   22.0%    0.0%
    DECISIONS: rows not written (decisionnorows)
   90   11  self    0/0          553     3402    19080     4236     3690    1/20        1         11 7 1 1 0
                A READ  ant-readable homeward along >= 0.02 on  60.8% of route-cell samples | FOODWARD   3.5% | plane lit on  68.2% | peak amt  65535 cells  89
                THE LOOP, ANT BY ANT:
                  0. lived                                     20    100.0% of prev    100.0% of all
                  1. reached the food                           1      5.0% of prev      5.0% of all
                  2. picked food up out there                   1    100.0% of prev      5.0% of all
                  3. turned for home with it                    1    100.0% of prev      5.0% of all
                  4. got back to the nest still holding it      1    100.0% of prev      5.0% of all
                  5. PUT IT DOWN there                          1    100.0% of prev      5.0% of all
                  6. went back out again                        0      0.0% of prev      0.0% of all
                  7. reached the food a SECOND time             0      0.0% of prev      0.0% of all
                RETURN LEDGER reached food    1 of   20 ants | came back    1 | trips laden    1 empty    0 | LOOPERS    1 of   20 ants (100.0% of those that reached food), repeat    0, most loops by one ant   1
                BY ANCHOR AT PICKUP  anchor ON nest material:    1 loops /    1 pickups (100.0%) | anchor OFF it:    0 /    0 (  0.0%)
                BY BIRTH SITE  born ON comb:   1 of   1 that reached food looped (100.0%) | born OFF comb:   0 of   0 (  0.0%)
                LEGS legs[445] laden[445]
                founded x   30..68   (nest cursor 48 MATERIAL x 26..70 20 of 20 founders born on it; food 138; nearest founder 70 cells out, farthest 108, nominal gap 90)  occupancy/1k [62 17 5 0 1 0 0 0]  carry->nest      66  born    0 died   20 (starved   20)
                own trail: route pk   68 end    0 along +0.0000  B nest->food [0,34,19,19,0]  blocked      461  kin swaps       0  ticks     14781  tumbles      4564 (homeward      191, 4.18%)  drops       1  DELIVERED     1  leg home n    1 med   445 p90   445 (laden n    1 med   445 p90   445)  appetite held         0 J of      2329  trips born-on-comb    1 (20 ants) / born-off    0 (0 ants)
                channel A: PEAK amt  65535 cells   89 (of 91 route)  POLARITY|| +0.25172 && +0.25608 SPAN +0.01474 edge   5.7  end nest->food [15560,9041,886,0,0]  nest   25  AtNest 42.65%
                Carrying: laden     21954  of which SPOIL     17718 ( 80.7%)
    DECISION CENSUS: 12124 decisions, reconciled against the rows and the engine's counters
      leg     setting          n  stepped    felllaunched swappedcrossingreversedblocked_roll_fairoll_fai no_body
      empty   pocket         635    14.2%   37.2%    0.0%    0.0%    0.0%    0.0%    5.8%   21.9%   20.9%    0.0%
      empty   corridor      1302    45.9%    5.0%    0.0%    0.0%    0.0%    0.0%    2.3%   23.1%   23.7%    0.0%
      empty   junction      5993    38.5%    4.8%    0.0%    0.0%    0.0%    0.0%    1.0%   27.1%   28.4%    0.0%
      empty   open          1686    46.4%    5.8%    0.0%    0.0%    0.0%    0.0%    0.0%   23.3%   24.5%    0.0%
      spoil   pocket         507    25.2%    2.0%    0.0%    0.0%    0.0%    0.0%   20.3%   25.8%   26.6%    0.0%
      spoil   corridor       720    43.1%    0.4%    0.0%    0.0%    0.0%    0.0%    7.2%   26.9%   22.4%    0.0%
      spoil   junction      1069    50.0%    1.2%    0.0%    0.0%    0.0%    0.0%    4.7%   19.6%   24.6%    0.0%
      spoil   open           212    51.4%    2.8%    0.0%    0.0%    0.0%    0.0%    0.0%   20.3%   25.5%    0.0%
    DECISIONS: rows not written (decisionnorows)
   90   12  self    0/0            0     3240     4308        0        0    1/20        0         11 6 2 1 0
                A READ  ant-readable homeward along >= 0.02 on  64.3% of route-cell samples | FOODWARD   1.7% | plane lit on  65.8% | peak amt  63952 cells  87
                THE LOOP, ANT BY ANT:
                  0. lived                                     20    100.0% of prev    100.0% of all
                  1. reached the food                           1      5.0% of prev      5.0% of all
                  2. picked food up out there                   0      0.0% of prev      0.0% of all
                  3. turned for home with it                    0      0.0% of prev      0.0% of all
                  4. got back to the nest still holding it      0      0.0% of prev      0.0% of all
                  5. PUT IT DOWN there                          0      0.0% of prev      0.0% of all
                  6. went back out again                        0      0.0% of prev      0.0% of all
                  7. reached the food a SECOND time             0      0.0% of prev      0.0% of all
                RETURN LEDGER reached food    1 of   20 ants | came back    0 | trips laden    0 empty    0 | LOOPERS    0 of   20 ants ( 0.0% of those that reached food), repeat    0, most loops by one ant   0
                BY ANCHOR AT PICKUP  anchor ON nest material:    0 loops /    0 pickups (  0.0%) | anchor OFF it:    0 /    0 (  0.0%)
                BY BIRTH SITE  born ON comb:   0 of   1 that reached food looped (  0.0%) | born OFF comb:   0 of   0 (  0.0%)
                founded x   30..68   (nest cursor 48 MATERIAL x 26..70 20 of 20 founders born on it; food 138; nearest founder 70 cells out, farthest 108, nominal gap 90)  occupancy/1k [55 11 2 1 0 0 0 0]  carry->nest       0  born    0 died   20 (starved   20)
                own trail: route pk    0 end    0 along +0.0000  B nest->food [0,0,0,0,0]  blocked      334  kin swaps       0  ticks     12124  tumbles      3371 (homeward        0, 0.00%)  drops       0  DELIVERED     0  leg home n    0 med     0 p90     0 (laden n    0 med     0 p90     0)  appetite held         0 J of         0  trips born-on-comb    0 (20 ants) / born-off    0 (0 ants)
                channel A: PEAK amt  63952 cells   87 (of 91 route)  POLARITY|| +0.24030 && +0.24265 SPAN +0.01922 edge   5.9  end nest->food [12129,7648,1109,0,0]  nest   25  AtNest 42.56%
                Carrying: laden     15048  of which SPOIL     15048 (100.0%)
    DECISION CENSUS: 12573 decisions, reconciled against the rows and the engine's counters
      leg     setting          n  stepped    felllaunched swappedcrossingreversedblocked_roll_fairoll_fai no_body
      empty   pocket         569    15.3%   34.1%    0.0%    0.0%    0.0%    0.0%    5.4%   20.9%   24.3%    0.0%
      empty   corridor      1335    42.3%    7.0%    0.0%    0.0%    0.0%    0.0%    1.9%   25.2%   23.5%    0.0%
      empty   junction      6716    37.4%    6.6%    0.0%    0.0%    0.0%    0.0%    1.1%   28.2%   26.6%    0.0%
      empty   open          2190    43.1%    7.0%    0.0%    0.0%    0.0%    0.0%    0.0%   26.5%   23.4%    0.0%
      spoil   pocket         429    28.4%    2.1%    0.0%    0.0%    0.0%    0.0%   19.3%   24.0%   26.1%    0.0%
      spoil   corridor       316    43.4%    0.9%    0.0%    0.0%    0.0%    0.0%   13.6%   20.3%   21.8%    0.0%
      spoil   junction       880    46.1%    2.2%    0.0%    0.0%    0.0%    0.0%    5.5%   22.8%   23.4%    0.0%
      spoil   open           138    54.3%    3.6%    0.0%    0.0%    0.0%    0.0%    0.0%   18.8%   23.2%    0.0%
    DECISIONS: rows not written (decisionnorows)
   90   13  self    0/0            0        0     4242        0        0    0/20        0          9 8 3 0 0
                A READ  ant-readable homeward along >= 0.02 on  58.1% of route-cell samples | FOODWARD   1.2% | plane lit on  61.5% | peak amt  65535 cells  57
                THE LOOP, ANT BY ANT:
                  0. lived                                     20    100.0% of prev    100.0% of all
                  1. reached the food                           0      0.0% of prev      0.0% of all
                  2. picked food up out there                   0      0.0% of prev      0.0% of all
                  3. turned for home with it                    0      0.0% of prev      0.0% of all
                  4. got back to the nest still holding it      0      0.0% of prev      0.0% of all
                  5. PUT IT DOWN there                          0      0.0% of prev      0.0% of all
                  6. went back out again                        0      0.0% of prev      0.0% of all
                  7. reached the food a SECOND time             0      0.0% of prev      0.0% of all
                RETURN LEDGER reached food    0 of   20 ants | came back    0 | trips laden    0 empty    0 | LOOPERS    0 of   20 ants ( 0.0% of those that reached food), repeat    0, most loops by one ant   0
                BY ANCHOR AT PICKUP  anchor ON nest material:    0 loops /    0 pickups (  0.0%) | anchor OFF it:    0 /    0 (  0.0%)
                BY BIRTH SITE  born ON comb:   0 of   0 that reached food looped (  0.0%) | born OFF comb:   0 of   0 (  0.0%)
                founded x   30..68   (nest cursor 48 MATERIAL x 26..70 20 of 20 founders born on it; food 138; nearest founder 70 cells out, farthest 108, nominal gap 90)  occupancy/1k [55 11 6 2 0 0 0 0]  carry->nest       0  born    0 died   20 (starved   20)
                own trail: route pk    0 end    0 along +0.0000  B nest->food [0,0,0,0,0]  blocked      306  kin swaps       0  ticks     12573  tumbles      3634 (homeward        0, 0.00%)  drops       0  DELIVERED     0  leg home n    0 med     0 p90     0 (laden n    0 med     0 p90     0)  appetite held         0 J of         0  trips born-on-comb    0 (20 ants) / born-off    0 (0 ants)
                channel A: PEAK amt  65535 cells   57 (of 91 route)  POLARITY|| +0.25455 && +0.24369 SPAN +0.01175 edge   6.0  end nest->food [11775,7868,1141,0,0]  nest   25  AtNest 38.87%
                Carrying: laden     10578  of which SPOIL     10578 (100.0%)
    DECISION CENSUS: 13394 decisions, reconciled against the rows and the engine's counters
      leg     setting          n  stepped    felllaunched swappedcrossingreversedblocked_roll_fairoll_fai no_body
      empty   pocket         630    21.0%   26.0%    0.0%    0.0%    0.0%    0.0%   10.2%   21.1%   21.7%    0.0%
      empty   corridor      1799    43.9%    3.8%    0.0%    0.0%    0.0%    0.0%    1.2%   25.8%   25.2%    0.0%
      empty   junction      6094    34.9%    5.7%    0.0%    0.0%    0.0%    0.0%    1.0%   28.9%   29.6%    0.0%
      empty   open          1939    46.1%    8.0%    0.0%    0.0%    0.0%    0.0%    0.0%   22.5%   23.4%    0.0%
      laden   corridor       277    19.5%    0.0%    0.0%    0.0%    0.0%    0.0%    0.4%   43.3%   36.8%    0.0%
      laden   junction        13    53.8%    0.0%    0.0%    0.0%    0.0%    0.0%    0.0%   23.1%   23.1%    0.0%
      spoil   pocket        1129    32.9%    0.4%    0.0%    0.0%    0.0%    0.0%   26.1%   22.1%   18.4%    0.0%
      spoil   corridor       561    51.7%    0.5%    0.0%    0.0%    0.0%    0.0%    7.7%   21.9%   18.2%    0.0%
      spoil   junction       823    49.1%    0.9%    0.0%    0.0%    0.0%    0.0%    4.0%   23.8%   22.2%    0.0%
      spoil   open           129    60.5%    2.3%    0.0%    0.0%    0.0%    0.0%    0.0%   21.7%   15.5%    0.0%
    DECISIONS: rows not written (decisionnorows)
   90   14  self    0/0          228     2172     8688     1740     1194    1/20        1         12 5 2 1 0
                A READ  ant-readable homeward along >= 0.02 on  64.4% of route-cell samples | FOODWARD   2.6% | plane lit on  71.2% | peak amt  64511 cells  88
                THE LOOP, ANT BY ANT:
                  0. lived                                     20    100.0% of prev    100.0% of all
                  1. reached the food                           1      5.0% of prev      5.0% of all
                  2. picked food up out there                   1    100.0% of prev      5.0% of all
                  3. turned for home with it                    1    100.0% of prev      5.0% of all
                  4. got back to the nest still holding it      1    100.0% of prev      5.0% of all
                  5. PUT IT DOWN there                          1    100.0% of prev      5.0% of all
                  6. went back out again                        0      0.0% of prev      0.0% of all
                  7. reached the food a SECOND time             0      0.0% of prev      0.0% of all
                RETURN LEDGER reached food    1 of   20 ants | came back    1 | trips laden    1 empty    0 | LOOPERS    1 of   20 ants (100.0% of those that reached food), repeat    0, most loops by one ant   1
                BY ANCHOR AT PICKUP  anchor ON nest material:    1 loops /    1 pickups (100.0%) | anchor OFF it:    0 /    0 (  0.0%)
                BY BIRTH SITE  born ON comb:   1 of   1 that reached food looped (100.0%) | born OFF comb:   0 of   0 (  0.0%)
                LEGS legs[517] laden[517]
                founded x   30..68   (nest cursor 48 MATERIAL x 26..70 20 of 20 founders born on it; food 138; nearest founder 70 cells out, farthest 108, nominal gap 90)  occupancy/1k [56 11 8 1 0 0 0 0]  carry->nest      59  born    0 died   20 (starved   20)
                own trail: route pk   67 end    0 along +0.0000  B nest->food [0,2,18,20,0]  blocked      516  kin swaps       0  ticks     13394  tumbles      4030 (homeward       17, 0.42%)  drops       0  DELIVERED     0  leg home n    1 med   517 p90   517 (laden n    1 med   517 p90   517)  appetite held         0 J of       960  trips born-on-comb    1 (20 ants) / born-off    0 (0 ants)
                channel A: PEAK amt  64511 cells   88 (of 91 route)  POLARITY|| +0.22881 && +0.22979 SPAN +0.01656 edge   5.7  end nest->food [11820,7876,1085,0,0]  nest   25  AtNest 36.32%
                Carrying: laden     17592  of which SPOIL     15852 ( 90.1%)
    DECISION CENSUS: 12781 decisions, reconciled against the rows and the engine's counters
      leg     setting          n  stepped    felllaunched swappedcrossingreversedblocked_roll_fairoll_fai no_body
      empty   pocket         514    15.6%   36.2%    0.0%    0.0%    0.0%    0.0%    6.0%   20.8%   21.4%    0.0%
      empty   corridor      2095    48.4%    3.5%    0.0%    0.0%    0.0%    0.0%    1.2%   23.0%   23.8%    0.0%
      empty   junction      6229    39.2%    6.6%    0.0%    0.0%    0.0%    0.0%    0.9%   27.1%   26.1%    0.0%
      empty   open          2139    44.4%    8.5%    0.0%    0.0%    0.0%    0.0%    0.0%   22.4%   24.7%    0.0%
      laden   corridor       103    58.3%    0.0%    0.0%    0.0%    0.0%    0.0%    1.0%   18.4%   22.3%    0.0%
      laden   junction        17    29.4%    0.0%    0.0%    0.0%    0.0%    0.0%    0.0%   52.9%   17.6%    0.0%
      spoil   pocket         356    27.5%    1.7%    0.0%    0.0%    0.0%    0.0%   25.6%   22.2%   23.0%    0.0%
      spoil   corridor       330    41.5%    0.6%    0.0%    0.0%    0.0%    0.0%   14.2%   22.7%   20.9%    0.0%
      spoil   junction       848    44.5%    0.8%    0.0%    0.0%    0.0%    0.0%    5.1%   24.9%   24.8%    0.0%
      spoil   open           150    64.0%    6.0%    0.0%    0.0%    0.0%    0.0%    0.0%   12.0%   18.0%    0.0%
    DECISIONS: rows not written (decisionnorows)
   90   15  self    0/0           94     3384     5976      720       66    1/20        1         9 10 0 1 0
                A READ  ant-readable homeward along >= 0.02 on  54.4% of route-cell samples | FOODWARD   5.8% | plane lit on  66.0% | peak amt  65535 cells  87
                THE LOOP, ANT BY ANT:
                  0. lived                                     20    100.0% of prev    100.0% of all
                  1. reached the food                           1      5.0% of prev      5.0% of all
                  2. picked food up out there                   1    100.0% of prev      5.0% of all
                  3. turned for home with it                    1    100.0% of prev      5.0% of all
                  4. got back to the nest still holding it      1    100.0% of prev      5.0% of all
                  5. PUT IT DOWN there                          1    100.0% of prev      5.0% of all
                  6. went back out again                        0      0.0% of prev      0.0% of all
                  7. reached the food a SECOND time             0      0.0% of prev      0.0% of all
                RETURN LEDGER reached food    1 of   20 ants | came back    1 | trips laden    1 empty    0 | LOOPERS    1 of   20 ants (100.0% of those that reached food), repeat    0, most loops by one ant   1
                BY ANCHOR AT PICKUP  anchor ON nest material:    1 loops /    1 pickups (100.0%) | anchor OFF it:    0 /    0 (  0.0%)
                BY BIRTH SITE  born ON comb:   1 of   1 that reached food looped (100.0%) | born OFF comb:   0 of   0 (  0.0%)
                LEGS legs[565] laden[565]
                founded x   30..68   (nest cursor 48 MATERIAL x 26..70 20 of 20 founders born on it; food 138; nearest founder 70 cells out, farthest 108, nominal gap 90)  occupancy/1k [49 18 5 1 0 1 0 0]  carry->nest      59  born    0 died   20 (starved   20)
                own trail: route pk   71 end    0 along +0.0000  B nest->food [0,14,18,18,0]  blocked      296  kin swaps       0  ticks     12781  tumbles      3467 (homeward        5, 0.14%)  drops       6  DELIVERED     6  leg home n    1 med   565 p90   565 (laden n    1 med   565 p90   565)  appetite held         0 J of       396  trips born-on-comb    1 (20 ants) / born-off    0 (0 ants)
                channel A: PEAK amt  65535 cells   87 (of 91 route)  POLARITY|| +0.24052 && +0.23224 SPAN +0.02894 edge   5.9  end nest->food [11680,8981,1403,0,0]  nest   25  AtNest 37.17%
                Carrying: laden     10824  of which SPOIL     10104 ( 93.3%)
    DECISION CENSUS: 13551 decisions, reconciled against the rows and the engine's counters
      leg     setting          n  stepped    felllaunched swappedcrossingreversedblocked_roll_fairoll_fai no_body
      empty   pocket         526    14.6%   35.4%    0.0%    0.0%    0.0%    0.0%    7.8%   24.0%   18.3%    0.0%
      empty   corridor      1855    49.6%    4.5%    0.0%    0.0%    0.0%    0.0%    1.0%   22.6%   22.3%    0.0%
      empty   junction      6812    34.5%    7.1%    0.0%    0.0%    0.0%    0.0%    0.8%   28.1%   29.4%    0.0%
      empty   open          2655    42.9%    9.2%    0.0%    0.0%    0.0%    0.0%    0.0%   23.4%   24.6%    0.0%
      laden   pocket          19     0.0%    5.3%    0.0%    0.0%    0.0%    0.0%   21.1%   47.4%   26.3%    0.0%
      laden   corridor       108    52.8%    0.0%    0.0%    0.0%    0.0%    0.0%    0.0%   21.3%   25.9%    0.0%
      laden   junction        75    33.3%    6.7%    0.0%    0.0%    0.0%    0.0%    0.0%   44.0%   16.0%    0.0%
      laden   open            43    20.9%    9.3%    0.0%    0.0%    0.0%    0.0%    0.0%   39.5%   30.2%    0.0%
      spoil   pocket         387    28.4%    4.9%    0.0%    0.0%    0.0%    0.0%   22.5%   24.5%   19.6%    0.0%
      spoil   corridor       229    45.9%    0.4%    0.0%    0.0%    0.0%    0.0%   14.8%   16.6%   22.3%    0.0%
      spoil   junction       682    49.9%    2.3%    0.0%    0.0%    0.0%    0.0%    4.4%   19.8%   23.6%    0.0%
      spoil   open           160    60.0%    4.4%    0.0%    0.0%    0.0%    0.0%    0.0%   15.6%   20.0%    0.0%
    DECISIONS: rows not written (decisionnorows)
   90   16  self    0/0          192     1914     4644     1470      918    1/20        1         10 6 2 2 0
                A READ  ant-readable homeward along >= 0.02 on  67.1% of route-cell samples | FOODWARD   2.6% | plane lit on  73.4% | peak amt  65535 cells  87
                THE LOOP, ANT BY ANT:
                  0. lived                                     20    100.0% of prev    100.0% of all
                  1. reached the food                           1      5.0% of prev      5.0% of all
                  2. picked food up out there                   1    100.0% of prev      5.0% of all
                  3. turned for home with it                    1    100.0% of prev      5.0% of all
                  4. got back to the nest still holding it      1    100.0% of prev      5.0% of all
                  5. PUT IT DOWN there                          1    100.0% of prev      5.0% of all
                  6. went back out again                        1    100.0% of prev      5.0% of all
                  7. reached the food a SECOND time             0      0.0% of prev      0.0% of all
                RETURN LEDGER reached food    1 of   20 ants | came back    1 | trips laden    1 empty    0 | LOOPERS    1 of   20 ants (100.0% of those that reached food), repeat    0, most loops by one ant   1
                BY ANCHOR AT PICKUP  anchor ON nest material:    1 loops /    1 pickups (100.0%) | anchor OFF it:    0 /    0 (  0.0%)
                BY BIRTH SITE  born ON comb:   1 of   1 that reached food looped (100.0%) | born OFF comb:   0 of   0 (  0.0%)
                LEGS legs[511] laden[511]
                founded x   30..68   (nest cursor 48 MATERIAL x 26..70 20 of 20 founders born on it; food 138; nearest founder 70 cells out, farthest 108, nominal gap 90)  occupancy/1k [62 10 3 1 1 1 0 0]  carry->nest      62  born    0 died   20 (starved   20)
                own trail: route pk   73 end    0 along +0.0000  B nest->food [0,13,19,19,0]  blocked      272  kin swaps       0  ticks     13551  tumbles      3727 (homeward       12, 0.32%)  drops      47  DELIVERED    47  leg home n    1 med   511 p90   511 (laden n    1 med   511 p90   511)  appetite held         0 J of       808  trips born-on-comb    1 (20 ants) / born-off    0 (0 ants)
                channel A: PEAK amt  65535 cells   87 (of 91 route)  POLARITY|| +0.22675 && +0.22926 SPAN +0.03045 edge   5.9  end nest->food [12742,8104,1134,0,0]  nest   25  AtNest 39.18%
                Carrying: laden     10218  of which SPOIL      8760 ( 85.7%)
    DECISION CENSUS: 16990 decisions, reconciled against the rows and the engine's counters
      leg     setting          n  stepped    felllaunched swappedcrossingreversedblocked_roll_fairoll_fai no_body
      empty   pocket        1362    10.6%   17.3%    0.0%    0.0%    0.0%    0.0%    5.4%   32.3%   34.4%    0.0%
      empty   corridor      3052    37.3%    2.3%    0.0%    0.0%    0.0%    0.0%    0.6%   30.8%   29.0%    0.0%
      empty   junction      6415    37.5%    5.5%    0.0%    0.0%    0.0%    0.0%    1.1%   28.4%   27.6%    0.0%
      empty   open          1948    39.9%    5.9%    0.0%    0.0%    0.0%    0.0%    0.0%   26.1%   28.1%    0.0%
      laden   pocket         796     1.4%    1.6%    0.0%    0.0%    0.0%    0.0%    0.0%   45.7%   51.3%    0.0%
      laden   corridor       868     7.3%    0.2%    0.0%    0.0%    0.0%    0.0%    0.1%   47.0%   45.4%    0.0%
      laden   junction       431    22.5%    0.5%    0.0%    0.0%    0.0%    0.0%    0.9%   37.4%   38.7%    0.0%
      laden   open            65    18.5%    0.0%    0.0%    0.0%    0.0%    0.0%    0.0%   49.2%   32.3%    0.0%
      spoil   pocket         552    30.4%    1.8%    0.0%    0.0%    0.0%    0.0%   23.4%   24.6%   19.7%    0.0%
      spoil   corridor       601    48.6%    0.2%    0.0%    0.0%    0.0%    0.0%    5.5%   21.3%   24.5%    0.0%
      spoil   junction       807    43.4%    1.2%    0.0%    0.0%    0.0%    0.0%    3.7%   26.8%   24.9%    0.0%
      spoil   open            93    49.5%    1.1%    0.0%    0.0%    0.0%    0.0%    0.0%   26.9%   22.6%    0.0%
    DECISIONS: rows not written (decisionnorows)
   90   17  self    1/1         1693     1992        0    12960    12192    1/20        1         12 5 2 1 0
                A READ  ant-readable homeward along >= 0.02 on  64.6% of route-cell samples | FOODWARD   3.9% | plane lit on  71.9% | peak amt  65535 cells  87
                THE LOOP, ANT BY ANT:
                  0. lived                                     20    100.0% of prev    100.0% of all
                  1. reached the food                           1      5.0% of prev      5.0% of all
                  2. picked food up out there                   1    100.0% of prev      5.0% of all
                  3. turned for home with it                    1    100.0% of prev      5.0% of all
                  4. got back to the nest still holding it      1    100.0% of prev      5.0% of all
                  5. PUT IT DOWN there                          1    100.0% of prev      5.0% of all
                  6. went back out again                        1    100.0% of prev      5.0% of all
                  7. reached the food a SECOND time             0      0.0% of prev      0.0% of all
                RETURN LEDGER reached food    1 of   20 ants | came back    1 | trips laden    1 empty    0 | LOOPERS    1 of   20 ants (100.0% of those that reached food), repeat    0, most loops by one ant   1
                BY ANCHOR AT PICKUP  anchor ON nest material:    1 loops /    1 pickups (100.0%) | anchor OFF it:    0 /    0 (  0.0%)
                BY BIRTH SITE  born ON comb:   1 of   1 that reached food looped (100.0%) | born OFF comb:   0 of   0 (  0.0%)
                LEGS legs[703] laden[703]
                founded x   30..68   (nest cursor 48 MATERIAL x 26..70 20 of 20 founders born on it; food 138; nearest founder 70 cells out, farthest 108, nominal gap 90)  occupancy/1k [74 18 3 2 1 1 0 0]  carry->nest      69  born    0 died   19 (starved   19)
                own trail: route pk   74 end   10 along +0.2395  B nest->food [13,45,22,18,0]  blocked      358  kin swaps       0  ticks     16990  tumbles      5536 (homeward       51, 0.92%)  drops     801  DELIVERED   801  leg home n    1 med   703 p90   703 (laden n    1 med   703 p90   703)  appetite held         0 J of      7128  trips born-on-comb    1 (20 ants) / born-off    0 (0 ants)
                channel A: PEAK amt  65535 cells   87 (of 91 route)  POLARITY|| +0.22813 && +0.22989 SPAN +0.03556 edge   5.9  end nest->food [12824,8207,1162,0,0]  nest   25  AtNest 46.18%
                Carrying: laden     25278  of which SPOIL     12408 ( 49.1%)
    DECISION CENSUS: 12248 decisions, reconciled against the rows and the engine's counters
      leg     setting          n  stepped    felllaunched swappedcrossingreversedblocked_roll_fairoll_fai no_body
      empty   pocket         692    18.8%   25.0%    0.0%    0.0%    0.0%    0.0%    8.1%   21.2%   26.9%    0.0%
      empty   corridor      1231    43.0%    4.1%    0.0%    0.0%    0.0%    0.0%    2.0%   24.7%   26.2%    0.0%
      empty   junction      5592    39.3%    5.8%    0.0%    0.0%    0.0%    0.0%    1.4%   27.4%   26.1%    0.0%
      empty   open          2151    43.5%    7.9%    0.0%    0.0%    0.0%    0.0%    0.0%   22.8%   25.8%    0.0%
      spoil   pocket         893    31.7%    1.0%    0.0%    0.0%    0.0%    0.0%   22.6%   25.4%   19.3%    0.0%
      spoil   corridor       414    40.8%    0.5%    0.0%    0.0%    0.0%    0.0%   11.1%   22.9%   24.6%    0.0%
      spoil   junction      1086    45.6%    0.9%    0.0%    0.0%    0.0%    0.0%    4.7%   23.4%   25.4%    0.0%
      spoil   open           189    58.7%    1.6%    0.0%    0.0%    0.0%    0.0%    0.0%   20.6%   19.0%    0.0%
    DECISIONS: rows not written (decisionnorows)
   90   18  self    0/0            0        0     4332        0        0    0/20        0         16 3 1 0 0
                A READ  ant-readable homeward along >= 0.02 on  53.3% of route-cell samples | FOODWARD   0.6% | plane lit on  55.5% | peak amt  65535 cells  55
                THE LOOP, ANT BY ANT:
                  0. lived                                     20    100.0% of prev    100.0% of all
                  1. reached the food                           0      0.0% of prev      0.0% of all
                  2. picked food up out there                   0      0.0% of prev      0.0% of all
                  3. turned for home with it                    0      0.0% of prev      0.0% of all
                  4. got back to the nest still holding it      0      0.0% of prev      0.0% of all
                  5. PUT IT DOWN there                          0      0.0% of prev      0.0% of all
                  6. went back out again                        0      0.0% of prev      0.0% of all
                  7. reached the food a SECOND time             0      0.0% of prev      0.0% of all
                RETURN LEDGER reached food    0 of   20 ants | came back    0 | trips laden    0 empty    0 | LOOPERS    0 of   20 ants ( 0.0% of those that reached food), repeat    0, most loops by one ant   0
                BY ANCHOR AT PICKUP  anchor ON nest material:    0 loops /    0 pickups (  0.0%) | anchor OFF it:    0 /    0 (  0.0%)
                BY BIRTH SITE  born ON comb:   0 of   0 that reached food looped (  0.0%) | born OFF comb:   0 of   0 (  0.0%)
                founded x   30..68   (nest cursor 48 MATERIAL x 26..70 20 of 20 founders born on it; food 138; nearest founder 70 cells out, farthest 108, nominal gap 90)  occupancy/1k [54 17 1 0 0 0 0 0]  carry->nest       0  born    0 died   20 (starved   20)
                own trail: route pk    0 end    0 along +0.0000  B nest->food [0,0,0,0,0]  blocked      456  kin swaps       0  ticks     12248  tumbles      3543 (homeward        0, 0.00%)  drops       0  DELIVERED     0  leg home n    0 med     0 p90     0 (laden n    0 med     0 p90     0)  appetite held         0 J of         0  trips born-on-comb    0 (20 ants) / born-off    0 (0 ants)
                channel A: PEAK amt  65535 cells   55 (of 91 route)  POLARITY|| +0.28616 && +0.29142 SPAN +0.01229 edge   6.0  end nest->food [12129,6892,401,0,0]  nest   25  AtNest 38.67%
                Carrying: laden     15492  of which SPOIL     15492 (100.0%)
    DECISION CENSUS: 17735 decisions, reconciled against the rows and the engine's counters
      leg     setting          n  stepped    felllaunched swappedcrossingreversedblocked_roll_fairoll_fai no_body
      empty   pocket        1149    18.9%   21.4%    0.0%    0.0%    0.0%    0.0%    9.5%   25.0%   25.2%    0.0%
      empty   corridor      2864    44.3%    1.9%    0.0%    0.0%    0.0%    0.0%    1.9%   26.0%   25.9%    0.0%
      empty   junction      7216    37.4%    4.7%    0.0%    0.0%    0.0%    0.0%    0.8%   27.9%   29.1%    0.0%
      empty   open          2093    35.7%    7.3%    0.0%    0.0%    0.0%    0.0%    0.0%   28.4%   28.6%    0.0%
      laden   pocket         624     0.3%    0.6%    0.0%    0.0%    0.0%    0.0%    0.2%   51.6%   47.3%    0.0%
      laden   corridor       536    19.0%    0.0%    0.0%    0.0%    0.0%    0.0%    0.6%   39.2%   41.2%    0.0%
      laden   junction       556    16.2%    1.1%    0.0%    0.0%    0.0%    0.0%    0.0%   40.8%   41.9%    0.0%
      laden   open            30    10.0%    0.0%    0.0%    0.0%    0.0%    0.0%    0.0%   46.7%   43.3%    0.0%
      spoil   pocket         998    29.0%    1.2%    0.0%    0.0%    0.0%    0.0%   21.8%   25.1%   22.9%    0.0%
      spoil   corridor       617    41.0%    0.5%    0.0%    0.0%    0.0%    0.0%    9.1%   23.5%   25.9%    0.0%
      spoil   junction       953    46.6%    0.7%    0.0%    0.0%    0.0%    0.0%    4.6%   23.8%   24.2%    0.0%
      spoil   open            99    36.4%    2.0%    0.0%    0.0%    0.0%    0.0%    0.0%   32.3%   29.3%    0.0%
    DECISIONS: rows not written (decisionnorows)
   90   19  self    1/1         1370     2988        0    10476     8544    2/20        2         14 4 0 2 0
                A READ  ant-readable homeward along >= 0.02 on  59.5% of route-cell samples | FOODWARD   6.6% | plane lit on  71.3% | peak amt  65535 cells  88
                THE LOOP, ANT BY ANT:
                  0. lived                                     20    100.0% of prev    100.0% of all
                  1. reached the food                           2     10.0% of prev     10.0% of all
                  2. picked food up out there                   2    100.0% of prev     10.0% of all
                  3. turned for home with it                    2    100.0% of prev     10.0% of all
                  4. got back to the nest still holding it      2    100.0% of prev     10.0% of all
                  5. PUT IT DOWN there                          2    100.0% of prev     10.0% of all
                  6. went back out again                        2    100.0% of prev     10.0% of all
                  7. reached the food a SECOND time             0      0.0% of prev      0.0% of all
                RETURN LEDGER reached food    2 of   20 ants | came back    2 | trips laden    2 empty    0 | LOOPERS    2 of   20 ants (100.0% of those that reached food), repeat    0, most loops by one ant   1
                BY ANCHOR AT PICKUP  anchor ON nest material:    2 loops /    2 pickups (100.0%) | anchor OFF it:    0 /    0 (  0.0%)
                BY BIRTH SITE  born ON comb:   2 of   2 that reached food looped (100.0%) | born OFF comb:   0 of   0 (  0.0%)
                LEGS legs[823,973] laden[823,973]
                founded x   30..68   (nest cursor 48 MATERIAL x 26..70 20 of 20 founders born on it; food 138; nearest founder 70 cells out, farthest 108, nominal gap 90)  occupancy/1k [54 37 8 1 1 1 0 0]  carry->nest     126  born    0 died   19 (starved   19)
                own trail: route pk   75 end   11 along +0.0000  B nest->food [0,87,38,38,0]  blocked      545  kin swaps       0  ticks     17735  tumbles      5609 (homeward       80, 1.43%)  drops     381  DELIVERED   381  leg home n    2 med   973 p90   973 (laden n    2 med   973 p90   973)  appetite held         0 J of      5768  trips born-on-comb    2 (20 ants) / born-off    0 (0 ants)
                channel A: PEAK amt  65535 cells   88 (of 91 route)  POLARITY|| +0.23370 && +0.23521 SPAN +0.02387 edge   5.8  end nest->food [13841,11307,1516,0,0]  nest   25  AtNest 39.03%
                Carrying: laden     26478  of which SPOIL     16098 ( 60.8%)
    DECISION CENSUS: 12879 decisions, reconciled against the rows and the engine's counters
      leg     setting          n  stepped    felllaunched swappedcrossingreversedblocked_roll_fairoll_fai no_body
      empty   pocket         934    22.4%   17.9%    0.0%    0.0%    0.0%    0.0%   12.6%   25.1%   22.1%    0.0%
      empty   corridor      2088    51.1%    3.3%    0.0%    0.0%    0.0%    0.0%    0.6%   23.1%   21.8%    0.0%
      empty   junction      5740    36.2%    5.9%    0.0%    0.0%    0.0%    0.0%    0.7%   28.9%   28.3%    0.0%
      empty   open          1926    36.0%    7.8%    0.0%    0.0%    0.0%    0.0%    0.0%   28.7%   27.5%    0.0%
      spoil   pocket         927    31.1%    0.8%    0.0%    0.0%    0.0%    0.0%   26.4%   20.5%   21.3%    0.0%
      spoil   corridor       529    53.9%    0.2%    0.0%    0.0%    0.0%    0.0%    5.5%   21.0%   19.5%    0.0%
      spoil   junction       656    48.8%    1.1%    0.0%    0.0%    0.0%    0.0%    2.9%   21.6%   25.6%    0.0%
      spoil   open            79    49.4%    1.3%    0.0%    0.0%    0.0%    0.0%    0.0%   25.3%   24.1%    0.0%
    DECISIONS: rows not written (decisionnorows)
   90   20  self    0/0            0        0     4806        0        0    0/20        0         13 4 2 1 0
                A READ  ant-readable homeward along >= 0.02 on  63.8% of route-cell samples | FOODWARD   1.0% | plane lit on  67.8% | peak amt  65535 cells  80
                THE LOOP, ANT BY ANT:
                  0. lived                                     20    100.0% of prev    100.0% of all
                  1. reached the food                           0      0.0% of prev      0.0% of all
                  2. picked food up out there                   0      0.0% of prev      0.0% of all
                  3. turned for home with it                    0      0.0% of prev      0.0% of all
                  4. got back to the nest still holding it      0      0.0% of prev      0.0% of all
                  5. PUT IT DOWN there                          0      0.0% of prev      0.0% of all
                  6. went back out again                        0      0.0% of prev      0.0% of all
                  7. reached the food a SECOND time             0      0.0% of prev      0.0% of all
                RETURN LEDGER reached food    0 of   20 ants | came back    0 | trips laden    0 empty    0 | LOOPERS    0 of   20 ants ( 0.0% of those that reached food), repeat    0, most loops by one ant   0
                BY ANCHOR AT PICKUP  anchor ON nest material:    0 loops /    0 pickups (  0.0%) | anchor OFF it:    0 /    0 (  0.0%)
                BY BIRTH SITE  born ON comb:   0 of   0 that reached food looped (  0.0%) | born OFF comb:   0 of   0 (  0.0%)
                founded x   30..68   (nest cursor 48 MATERIAL x 26..70 20 of 20 founders born on it; food 138; nearest founder 70 cells out, farthest 108, nominal gap 90)  occupancy/1k [55 13 4 2 0 0 0 0]  carry->nest       0  born    0 died   20 (starved   20)
                own trail: route pk    0 end    0 along +0.0000  B nest->food [0,0,0,0,0]  blocked      463  kin swaps       0  ticks     12879  tumbles      3852 (homeward        0, 0.00%)  drops       0  DELIVERED     0  leg home n    0 med     0 p90     0 (laden n    0 med     0 p90     0)  appetite held         0 J of         0  trips born-on-comb    0 (20 ants) / born-off    0 (0 ants)
                channel A: PEAK amt  65535 cells   80 (of 91 route)  POLARITY|| +0.24179 && +0.24457 SPAN +0.01841 edge   6.0  end nest->food [11494,7110,822,0,0]  nest   25  AtNest 38.71%
                Carrying: laden     13146  of which SPOIL     13146 (100.0%)
    DECISION CENSUS: 12502 decisions, reconciled against the rows and the engine's counters
      leg     setting          n  stepped    felllaunched swappedcrossingreversedblocked_roll_fairoll_fai no_body
      empty   pocket         763    18.6%   27.7%    0.0%    0.0%    0.0%    0.0%    8.9%   20.2%   24.6%    0.0%
      empty   corridor      1361    44.5%    4.3%    0.0%    0.0%    0.0%    0.0%    2.4%   25.0%   23.8%    0.0%
      empty   junction      5932    37.9%    5.9%    0.0%    0.0%    0.0%    0.0%    1.3%   27.5%   27.3%    0.0%
      empty   open          1853    44.5%    7.1%    0.0%    0.0%    0.0%    0.0%    0.0%   24.0%   24.4%    0.0%
      spoil   pocket         840    31.8%    1.7%    0.0%    0.0%    0.0%    0.0%   26.5%   17.6%   22.4%    0.0%
      spoil   corridor       640    47.0%    0.9%    0.0%    0.0%    0.0%    0.0%    6.1%   22.8%   23.1%    0.0%
      spoil   junction       964    49.1%    2.3%    0.0%    0.0%    0.0%    0.0%    4.1%   21.7%   22.8%    0.0%
      spoil   open           149    61.7%    4.0%    0.0%    0.0%    0.0%    0.0%    0.0%   15.4%   18.8%    0.0%
    DECISIONS: rows not written (decisionnorows)
   90   21  self    0/0            0        0     4122        0        0    0/20        0         12 6 2 0 0
                A READ  ant-readable homeward along >= 0.02 on  64.3% of route-cell samples | FOODWARD   1.0% | plane lit on  64.8% | peak amt  65535 cells  63
                THE LOOP, ANT BY ANT:
                  0. lived                                     20    100.0% of prev    100.0% of all
                  1. reached the food                           0      0.0% of prev      0.0% of all
                  2. picked food up out there                   0      0.0% of prev      0.0% of all
                  3. turned for home with it                    0      0.0% of prev      0.0% of all
                  4. got back to the nest still holding it      0      0.0% of prev      0.0% of all
                  5. PUT IT DOWN there                          0      0.0% of prev      0.0% of all
                  6. went back out again                        0      0.0% of prev      0.0% of all
                  7. reached the food a SECOND time             0      0.0% of prev      0.0% of all
                RETURN LEDGER reached food    0 of   20 ants | came back    0 | trips laden    0 empty    0 | LOOPERS    0 of   20 ants ( 0.0% of those that reached food), repeat    0, most loops by one ant   0
                BY ANCHOR AT PICKUP  anchor ON nest material:    0 loops /    0 pickups (  0.0%) | anchor OFF it:    0 /    0 (  0.0%)
                BY BIRTH SITE  born ON comb:   0 of   0 that reached food looped (  0.0%) | born OFF comb:   0 of   0 (  0.0%)
                founded x   30..68   (nest cursor 48 MATERIAL x 26..70 20 of 20 founders born on it; food 138; nearest founder 70 cells out, farthest 108, nominal gap 90)  occupancy/1k [51 15 5 1 1 0 0 0]  carry->nest       0  born    0 died   20 (starved   20)
                own trail: route pk    0 end    0 along +0.0000  B nest->food [0,0,0,0,0]  blocked      482  kin swaps       0  ticks     12502  tumbles      3577 (homeward        0, 0.00%)  drops       0  DELIVERED     0  leg home n    0 med     0 p90     0 (laden n    0 med     0 p90     0)  appetite held         0 J of         0  trips born-on-comb    0 (20 ants) / born-off    0 (0 ants)
                channel A: PEAK amt  65535 cells   63 (of 91 route)  POLARITY|| +0.24391 && +0.24175 SPAN +0.02083 edge   6.0  end nest->food [11868,7461,1073,0,0]  nest   25  AtNest 40.05%
                Carrying: laden     15558  of which SPOIL     15558 (100.0%)
    DECISION CENSUS: 19479 decisions, reconciled against the rows and the engine's counters
      leg     setting          n  stepped    felllaunched swappedcrossingreversedblocked_roll_fairoll_fai no_body
      empty   pocket         739    14.5%   30.3%    0.0%    0.0%    0.0%    0.0%    5.5%   24.8%   24.9%    0.0%
      empty   corridor      3167    48.9%    2.5%    0.0%    0.0%    0.0%    0.0%    0.9%   24.3%   23.4%    0.0%
      empty   junction      7435    37.6%    4.9%    0.0%    0.0%    0.0%    0.0%    1.2%   27.7%   28.7%    0.0%
      empty   open          2030    42.0%    9.8%    0.0%    0.0%    0.0%    0.0%    0.0%   24.0%   24.2%    0.0%
      laden   pocket          66     0.0%   10.6%    0.0%    0.0%    0.0%    0.0%    0.0%   56.1%   33.3%    0.0%
      laden   corridor       881    22.8%    0.0%    0.0%    0.0%    0.0%    0.0%    0.1%   40.7%   36.3%    0.0%
      laden   junction      2310     6.9%    0.2%    0.0%    0.0%    0.0%    0.0%    0.2%   46.8%   45.9%    0.0%
      laden   open            78    16.7%    0.0%    0.0%    0.0%    0.0%    0.0%    0.0%   37.2%   46.2%    0.0%
      spoil   pocket         516    28.1%    2.1%    0.0%    0.0%    0.0%    0.0%   23.6%   23.4%   22.7%    0.0%
      spoil   corridor       719    41.0%    0.1%    0.0%    0.0%    0.0%    0.0%    8.2%   26.0%   24.6%    0.0%
      spoil   junction      1398    44.6%    0.9%    0.0%    0.0%    0.0%    0.0%    4.9%   25.5%   24.0%    0.0%
      spoil   open           140    49.3%    2.9%    0.0%    0.0%    0.0%    0.0%    0.0%   22.9%   25.0%    0.0%
    DECISIONS: rows not written (decisionnorows)
   90   22  self    1/1         4969     3240        0    19601    14746    3/23        4         12 6 2 3 0
                A READ  ant-readable homeward along >= 0.02 on  68.6% of route-cell samples | FOODWARD   7.0% | plane lit on  79.5% | peak amt  65535 cells  90
                THE LOOP, ANT BY ANT:
                  0. lived                                     23    100.0% of prev    100.0% of all
                  1. reached the food                           3     13.0% of prev     13.0% of all
                  2. picked food up out there                   3    100.0% of prev     13.0% of all
                  3. turned for home with it                    3    100.0% of prev     13.0% of all
                  4. got back to the nest still holding it      3    100.0% of prev     13.0% of all
                  5. PUT IT DOWN there                          3    100.0% of prev     13.0% of all
                  6. went back out again                        2     66.7% of prev      8.7% of all
                  7. reached the food a SECOND time             1     50.0% of prev      4.3% of all
                RETURN LEDGER reached food    3 of   23 ants | came back    3 | trips laden    4 empty    0 | LOOPERS    3 of   23 ants (100.0% of those that reached food), repeat    1, most loops by one ant   2
                BY ANCHOR AT PICKUP  anchor ON nest material:    4 loops /    4 pickups (100.0%) | anchor OFF it:    0 /    0 (  0.0%)
                BY BIRTH SITE  born ON comb:   2 of   2 that reached food looped (100.0%) | born OFF comb:   1 of   1 (100.0%)
                LEGS legs[739,547,1843,391] laden[739,547,1843,391]
                founded x   30..68   (nest cursor 48 MATERIAL x 26..70 20 of 23 founders born on it; food 138; nearest founder 70 cells out, farthest 108, nominal gap 90)  occupancy/1k [56 27 16 4 3 1 2 1]  carry->nest     245  born    3 died   22 (starved   22)
                own trail: route pk   78 end   10 along +0.0000  B nest->food [0,505,74,76,0]  blocked      412  kin swaps       0  ticks     19479  tumbles      6116 (homeward      312, 5.10%)  drops     797  DELIVERED   797  leg home n    4 med   739 p90  1843 (laden n    4 med   739 p90  1843)  appetite held         0 J of     11301  trips born-on-comb    3 (22 ants) / born-off    1 (1 ants)
                channel A: PEAK amt  65535 cells   90 (of 91 route)  POLARITY|| +0.21139 && +0.20751 SPAN +0.02141 edge   5.7  end nest->food [15176,17697,2614,193,0]  nest   25  AtNest 45.05%
                Carrying: laden     36200  of which SPOIL     17169 ( 47.4%)
    DECISION CENSUS: 12310 decisions, reconciled against the rows and the engine's counters
      leg     setting          n  stepped    felllaunched swappedcrossingreversedblocked_roll_fairoll_fai no_body
      empty   pocket         600    18.8%   29.7%    0.0%    0.0%    0.0%    0.0%    7.0%   23.3%   21.2%    0.0%
      empty   corridor      1643    44.4%    4.3%    0.0%    0.0%    0.0%    0.0%    1.7%   24.0%   25.5%    0.0%
      empty   junction      5703    38.8%    5.6%    0.0%    0.0%    0.0%    0.0%    0.9%   28.5%   26.3%    0.0%
      empty   open          2087    39.7%   10.3%    0.0%    0.0%    0.0%    0.0%    0.0%   25.4%   24.6%    0.0%
      spoil   pocket         562    27.8%    2.1%    0.0%    0.0%    0.0%    0.0%   22.1%   25.3%   22.8%    0.0%
      spoil   corridor       515    38.4%    0.8%    0.0%    0.0%    0.0%    0.0%   13.2%   25.0%   22.5%    0.0%
      spoil   junction      1062    45.0%    1.1%    0.0%    0.0%    0.0%    0.0%    3.7%   25.3%   24.9%    0.0%
      spoil   open           138    60.1%    5.8%    0.0%    0.0%    0.0%    0.0%    0.0%   15.9%   18.1%    0.0%
    DECISIONS: rows not written (decisionnorows)
   90   23  self    0/0            0        0     4548        0        0    0/20        0         13 6 1 0 0
                A READ  ant-readable homeward along >= 0.02 on  54.8% of route-cell samples | FOODWARD   0.9% | plane lit on  58.9% | peak amt  65535 cells  65
                THE LOOP, ANT BY ANT:
                  0. lived                                     20    100.0% of prev    100.0% of all
                  1. reached the food                           0      0.0% of prev      0.0% of all
                  2. picked food up out there                   0      0.0% of prev      0.0% of all
                  3. turned for home with it                    0      0.0% of prev      0.0% of all
                  4. got back to the nest still holding it      0      0.0% of prev      0.0% of all
                  5. PUT IT DOWN there                          0      0.0% of prev      0.0% of all
                  6. went back out again                        0      0.0% of prev      0.0% of all
                  7. reached the food a SECOND time             0      0.0% of prev      0.0% of all
                RETURN LEDGER reached food    0 of   20 ants | came back    0 | trips laden    0 empty    0 | LOOPERS    0 of   20 ants ( 0.0% of those that reached food), repeat    0, most loops by one ant   0
                BY ANCHOR AT PICKUP  anchor ON nest material:    0 loops /    0 pickups (  0.0%) | anchor OFF it:    0 /    0 (  0.0%)
                BY BIRTH SITE  born ON comb:   0 of   0 that reached food looped (  0.0%) | born OFF comb:   0 of   0 (  0.0%)
                founded x   30..68   (nest cursor 48 MATERIAL x 26..70 20 of 20 founders born on it; food 138; nearest founder 70 cells out, farthest 108, nominal gap 90)  occupancy/1k [51 17 3 1 0 0 0 0]  carry->nest       0  born    0 died   20 (starved   20)
                own trail: route pk    0 end    0 along +0.0000  B nest->food [0,0,0,0,0]  blocked      350  kin swaps       0  ticks     12310  tumbles      3604 (homeward        0, 0.00%)  drops       0  DELIVERED     0  leg home n    0 med     0 p90     0 (laden n    0 med     0 p90     0)  appetite held         0 J of         0  trips born-on-comb    0 (20 ants) / born-off    0 (0 ants)
                channel A: PEAK amt  65535 cells   65 (of 91 route)  POLARITY|| +0.26969 && +0.26992 SPAN +0.02298 edge   6.0  end nest->food [12120,7471,689,0,0]  nest   25  AtNest 39.89%
                Carrying: laden     13662  of which SPOIL     13662 (100.0%)
    DECISION CENSUS: 11819 decisions, reconciled against the rows and the engine's counters
      leg     setting          n  stepped    felllaunched swappedcrossingreversedblocked_roll_fairoll_fai no_body
      empty   pocket         427    13.1%   33.3%    0.0%    0.0%    0.0%    0.0%    5.9%   23.2%   24.6%    0.0%
      empty   corridor      1257    45.6%    4.9%    0.0%    0.0%    0.0%    0.0%    2.8%   23.4%   23.3%    0.0%
      empty   junction      5740    36.1%    6.2%    0.0%    0.0%    0.0%    0.0%    1.2%   27.8%   28.7%    0.0%
      empty   open          2201    42.3%    9.3%    0.0%    0.0%    0.0%    0.0%    0.0%   24.0%   24.4%    0.0%
      spoil   pocket         272    32.0%    0.4%    0.0%    0.0%    0.0%    0.0%   30.1%   17.6%   19.9%    0.0%
      spoil   corridor       582    40.0%    0.2%    0.0%    0.0%    0.0%    0.0%   17.2%   20.4%   22.2%    0.0%
      spoil   junction      1185    50.9%    0.7%    0.0%    0.0%    0.0%    0.0%    5.9%   20.9%   21.6%    0.0%
      spoil   open           155    47.1%    4.5%    0.0%    0.0%    0.0%    0.0%    0.0%   27.1%   21.3%    0.0%
    DECISIONS: rows not written (decisionnorows)
   90   24  self    0/0            0        0     4266        0        0    0/20        0          9 8 1 2 0
                A READ  ant-readable homeward along >= 0.02 on  57.6% of route-cell samples | FOODWARD   2.5% | plane lit on  66.4% | peak amt  65535 cells  80
                THE LOOP, ANT BY ANT:
                  0. lived                                     20    100.0% of prev    100.0% of all
                  1. reached the food                           0      0.0% of prev      0.0% of all
                  2. picked food up out there                   0      0.0% of prev      0.0% of all
                  3. turned for home with it                    0      0.0% of prev      0.0% of all
                  4. got back to the nest still holding it      0      0.0% of prev      0.0% of all
                  5. PUT IT DOWN there                          0      0.0% of prev      0.0% of all
                  6. went back out again                        0      0.0% of prev      0.0% of all
                  7. reached the food a SECOND time             0      0.0% of prev      0.0% of all
                RETURN LEDGER reached food    0 of   20 ants | came back    0 | trips laden    0 empty    0 | LOOPERS    0 of   20 ants ( 0.0% of those that reached food), repeat    0, most loops by one ant   0
                BY ANCHOR AT PICKUP  anchor ON nest material:    0 loops /    0 pickups (  0.0%) | anchor OFF it:    0 /    0 (  0.0%)
                BY BIRTH SITE  born ON comb:   0 of   0 that reached food looped (  0.0%) | born OFF comb:   0 of   0 (  0.0%)
                founded x   30..68   (nest cursor 48 MATERIAL x 26..70 20 of 20 founders born on it; food 138; nearest founder 70 cells out, farthest 108, nominal gap 90)  occupancy/1k [44 18 5 0 0 0 0 0]  carry->nest       0  born    0 died   20 (starved   19)
                own trail: route pk    0 end    0 along +0.0000  B nest->food [0,0,0,0,0]  blocked      382  kin swaps       0  ticks     11820  tumbles      3358 (homeward        0, 0.00%)  drops       0  DELIVERED     0  leg home n    0 med     0 p90     0 (laden n    0 med     0 p90     0)  appetite held         0 J of         0  trips born-on-comb    0 (20 ants) / born-off    0 (0 ants)
                channel A: PEAK amt  65535 cells   80 (of 91 route)  POLARITY|| +0.24445 && +0.24669 SPAN +0.00921 edge   6.0  end nest->food [11759,9061,1359,0,0]  nest   25  AtNest 42.65%
                Carrying: laden     13170  of which SPOIL     13170 (100.0%)
    DECISION CENSUS: 12580 decisions, reconciled against the rows and the engine's counters
      leg     setting          n  stepped    felllaunched swappedcrossingreversedblocked_roll_fairoll_fai no_body
      empty   pocket         478    13.8%   37.2%    0.0%    0.0%    0.0%    0.0%    4.0%   23.4%   21.5%    0.0%
      empty   corridor      1565    46.5%    4.7%    0.0%    0.0%    0.0%    0.0%    1.6%   23.2%   24.0%    0.0%
      empty   junction      6138    39.9%    6.5%    0.0%    0.0%    0.0%    0.0%    1.4%   25.9%   26.3%    0.0%
      empty   open          2622    42.0%    8.5%    0.0%    0.0%    0.0%    0.0%    0.0%   24.9%   24.7%    0.0%
      spoil   pocket         265    25.7%    1.5%    0.0%    0.0%    0.0%    0.0%   21.5%   27.2%   24.2%    0.0%
      spoil   corridor       420    38.6%    0.7%    0.0%    0.0%    0.0%    0.0%   11.4%   24.8%   24.5%    0.0%
      spoil   junction       944    45.7%    1.1%    0.0%    0.0%    0.0%    0.0%    5.1%   25.2%   23.0%    0.0%
      spoil   open           148    53.4%    4.7%    0.0%    0.0%    0.0%    0.0%    0.0%   20.3%   21.6%    0.0%
    DECISIONS: rows not written (decisionnorows)
  140    1  self    0/0            0        0     4548        0        0    0/20        0         17 3 0 0 0
                A READ  ant-readable homeward along >= 0.02 on  32.9% of route-cell samples | FOODWARD   0.4% | plane lit on  36.3% | peak amt  65535 cells  55
                THE LOOP, ANT BY ANT:
                  0. lived                                     20    100.0% of prev    100.0% of all
                  1. reached the food                           0      0.0% of prev      0.0% of all
                  2. picked food up out there                   0      0.0% of prev      0.0% of all
                  3. turned for home with it                    0      0.0% of prev      0.0% of all
                  4. got back to the nest still holding it      0      0.0% of prev      0.0% of all
                  5. PUT IT DOWN there                          0      0.0% of prev      0.0% of all
                  6. went back out again                        0      0.0% of prev      0.0% of all
                  7. reached the food a SECOND time             0      0.0% of prev      0.0% of all
                RETURN LEDGER reached food    0 of   20 ants | came back    0 | trips laden    0 empty    0 | LOOPERS    0 of   20 ants ( 0.0% of those that reached food), repeat    0, most loops by one ant   0
                BY ANCHOR AT PICKUP  anchor ON nest material:    0 loops /    0 pickups (  0.0%) | anchor OFF it:    0 /    0 (  0.0%)
                BY BIRTH SITE  born ON comb:   0 of   0 that reached food looped (  0.0%) | born OFF comb:   0 of   0 (  0.0%)
                founded x   30..68   (nest cursor 48 MATERIAL x 26..70 20 of 20 founders born on it; food 188; nearest founder 120 cells out, farthest 158, nominal gap 140)  occupancy/1k [63 10 0 0 0 0 0 0]  carry->nest       0  born    0 died   20 (starved   20)
                own trail: route pk    0 end    0 along +0.0000  B nest->food [0,0,0,0,0]  blocked      280  kin swaps       0  ticks     12580  tumbles      3439 (homeward        0, 0.00%)  drops       0  DELIVERED     0  leg home n    0 med     0 p90     0 (laden n    0 med     0 p90     0)  appetite held         0 J of         0  trips born-on-comb    0 (20 ants) / born-off    0 (0 ants)
                channel A: PEAK amt  65535 cells   55 (of 141 route)  POLARITY|| +0.28187 && +0.27633 SPAN +0.00683 edge   6.0  end nest->food [12029,3443,0,0,0]  nest   25  AtNest 35.26%
                Carrying: laden     10662  of which SPOIL     10662 (100.0%)
    DECISION CENSUS: 12211 decisions, reconciled against the rows and the engine's counters
      leg     setting          n  stepped    felllaunched swappedcrossingreversedblocked_roll_fairoll_fai no_body
      empty   pocket         518    16.8%   28.4%    0.0%    0.0%    0.0%    0.0%    5.0%   25.9%   23.9%    0.0%
      empty   corridor      1613    49.0%    3.6%    0.0%    0.0%    0.0%    0.0%    1.9%   23.8%   21.8%    0.0%
      empty   junction      5853    39.5%    5.8%    0.0%    0.0%    0.0%    0.0%    1.3%   26.9%   26.5%    0.0%
      empty   open          1918    43.0%    7.0%    0.0%    0.0%    0.0%    0.0%    0.0%   24.3%   25.7%    0.0%
      spoil   pocket         472    24.4%    2.3%    0.0%    0.0%    0.0%    0.0%   18.9%   26.1%   28.4%    0.0%
      spoil   corridor       700    46.9%    0.3%    0.0%    0.0%    0.0%    0.0%    7.4%   20.9%   24.6%    0.0%
      spoil   junction       947    51.5%    0.5%    0.0%    0.0%    0.0%    0.0%    3.9%   20.6%   23.4%    0.0%
      spoil   open           190    47.4%    2.1%    0.0%    0.0%    0.0%    0.0%    0.0%   31.6%   18.9%    0.0%
    DECISIONS: rows not written (decisionnorows)
  140    2  self    0/0            0        0     4122        0        0    0/20        0         17 3 0 0 0
                A READ  ant-readable homeward along >= 0.02 on  34.1% of route-cell samples | FOODWARD   0.5% | plane lit on  37.6% | peak amt  65535 cells  56
                THE LOOP, ANT BY ANT:
                  0. lived                                     20    100.0% of prev    100.0% of all
                  1. reached the food                           0      0.0% of prev      0.0% of all
                  2. picked food up out there                   0      0.0% of prev      0.0% of all
                  3. turned for home with it                    0      0.0% of prev      0.0% of all
                  4. got back to the nest still holding it      0      0.0% of prev      0.0% of all
                  5. PUT IT DOWN there                          0      0.0% of prev      0.0% of all
                  6. went back out again                        0      0.0% of prev      0.0% of all
                  7. reached the food a SECOND time             0      0.0% of prev      0.0% of all
                RETURN LEDGER reached food    0 of   20 ants | came back    0 | trips laden    0 empty    0 | LOOPERS    0 of   20 ants ( 0.0% of those that reached food), repeat    0, most loops by one ant   0
                BY ANCHOR AT PICKUP  anchor ON nest material:    0 loops /    0 pickups (  0.0%) | anchor OFF it:    0 /    0 (  0.0%)
                BY BIRTH SITE  born ON comb:   0 of   0 that reached food looped (  0.0%) | born OFF comb:   0 of   0 (  0.0%)
                founded x   30..68   (nest cursor 48 MATERIAL x 26..70 20 of 20 founders born on it; food 188; nearest founder 120 cells out, farthest 158, nominal gap 140)  occupancy/1k [62 9 0 0 0 0 0 0]  carry->nest       0  born    0 died   20 (starved   20)
                own trail: route pk    0 end    0 along +0.0000  B nest->food [0,0,0,0,0]  blocked      308  kin swaps       0  ticks     12211  tumbles      3391 (homeward        0, 0.00%)  drops       0  DELIVERED     0  leg home n    0 med     0 p90     0 (laden n    0 med     0 p90     0)  appetite held         0 J of         0  trips born-on-comb    0 (20 ants) / born-off    0 (0 ants)
                channel A: PEAK amt  65535 cells   56 (of 141 route)  POLARITY|| +0.26821 && +0.26065 SPAN +0.01174 edge   6.0  end nest->food [11979,3563,0,0,0]  nest   25  AtNest 44.54%
                Carrying: laden     13854  of which SPOIL     13854 (100.0%)
    DECISION CENSUS: 12406 decisions, reconciled against the rows and the engine's counters
      leg     setting          n  stepped    felllaunched swappedcrossingreversedblocked_roll_fairoll_fai no_body
      empty   pocket         563    20.1%   28.4%    0.0%    0.0%    0.0%    0.0%   11.2%   21.7%   18.7%    0.0%
      empty   corridor      1436    45.5%    4.8%    0.0%    0.0%    0.0%    0.0%    1.7%   25.3%   22.6%    0.0%
      empty   junction      6303    36.8%    5.5%    0.0%    0.0%    0.0%    0.0%    1.3%   28.0%   28.5%    0.0%
      empty   open          1870    42.6%    7.2%    0.0%    0.0%    0.0%    0.0%    0.0%   24.7%   25.6%    0.0%
      spoil   pocket         697    28.4%    3.0%    0.0%    0.0%    0.0%    0.0%   22.5%   22.0%   24.1%    0.0%
      spoil   corridor       471    41.6%    0.6%    0.0%    0.0%    0.0%    0.0%   12.1%   21.4%   24.2%    0.0%
      spoil   junction       937    45.5%    1.1%    0.0%    0.0%    0.0%    0.0%    5.5%   23.7%   24.2%    0.0%
      spoil   open           129    56.6%    3.9%    0.0%    0.0%    0.0%    0.0%    0.0%   22.5%   17.1%    0.0%
    DECISIONS: rows not written (decisionnorows)
  140    3  self    0/0            0        0     4542        0        0    0/20        0         14 6 0 0 0
                A READ  ant-readable homeward along >= 0.02 on  32.7% of route-cell samples | FOODWARD   1.3% | plane lit on  37.8% | peak amt  65535 cells  57
                THE LOOP, ANT BY ANT:
                  0. lived                                     20    100.0% of prev    100.0% of all
                  1. reached the food                           0      0.0% of prev      0.0% of all
                  2. picked food up out there                   0      0.0% of prev      0.0% of all
                  3. turned for home with it                    0      0.0% of prev      0.0% of all
                  4. got back to the nest still holding it      0      0.0% of prev      0.0% of all
                  5. PUT IT DOWN there                          0      0.0% of prev      0.0% of all
                  6. went back out again                        0      0.0% of prev      0.0% of all
                  7. reached the food a SECOND time             0      0.0% of prev      0.0% of all
                RETURN LEDGER reached food    0 of   20 ants | came back    0 | trips laden    0 empty    0 | LOOPERS    0 of   20 ants ( 0.0% of those that reached food), repeat    0, most loops by one ant   0
                BY ANCHOR AT PICKUP  anchor ON nest material:    0 loops /    0 pickups (  0.0%) | anchor OFF it:    0 /    0 (  0.0%)
                BY BIRTH SITE  born ON comb:   0 of   0 that reached food looped (  0.0%) | born OFF comb:   0 of   0 (  0.0%)
                founded x   30..68   (nest cursor 48 MATERIAL x 26..70 20 of 20 founders born on it; food 188; nearest founder 120 cells out, farthest 158, nominal gap 140)  occupancy/1k [61 12 0 0 0 0 0 0]  carry->nest       0  born    0 died   20 (starved   19)
                own trail: route pk    0 end    0 along +0.0000  B nest->food [0,0,0,0,0]  blocked      432  kin swaps       0  ticks     12407  tumbles      3646 (homeward        0, 0.00%)  drops       0  DELIVERED     0  leg home n    0 med     0 p90     0 (laden n    0 med     0 p90     0)  appetite held         0 J of         0  trips born-on-comb    0 (20 ants) / born-off    0 (0 ants)
                channel A: PEAK amt  65535 cells   57 (of 141 route)  POLARITY|| +0.26804 && +0.25924 SPAN +0.00728 edge   6.0  end nest->food [11928,4328,0,0,0]  nest   25  AtNest 42.04%
                Carrying: laden     13410  of which SPOIL     13410 (100.0%)
    DECISION CENSUS: 12354 decisions, reconciled against the rows and the engine's counters
      leg     setting          n  stepped    felllaunched swappedcrossingreversedblocked_roll_fairoll_fai no_body
      empty   pocket         420    17.9%   26.4%    0.0%    0.0%    0.0%    0.0%    6.4%   23.8%   25.5%    0.0%
      empty   corridor      2225    49.2%    2.6%    0.0%    0.0%    0.0%    0.0%    1.0%   24.0%   23.1%    0.0%
      empty   junction      5178    38.4%    5.9%    0.0%    0.0%    0.0%    0.0%    1.2%   27.4%   27.0%    0.0%
      empty   open          2207    40.4%    7.7%    0.0%    0.0%    0.0%    0.0%    0.0%   26.5%   25.5%    0.0%
      spoil   pocket         569    28.8%    1.9%    0.0%    0.0%    0.0%    0.0%   22.8%   22.1%   24.3%    0.0%
      spoil   corridor       594    47.5%    1.0%    0.0%    0.0%    0.0%    0.0%   10.8%   21.0%   19.7%    0.0%
      spoil   junction      1042    48.4%    1.4%    0.0%    0.0%    0.0%    0.0%    4.5%   22.9%   22.7%    0.0%
      spoil   open           119    53.8%    3.4%    0.0%    0.0%    0.0%    0.0%    0.0%   21.8%   21.0%    0.0%
    DECISIONS: rows not written (decisionnorows)
  140    4  self    0/0            0        0     4482        0        0    0/20        0         17 1 2 0 0
                A READ  ant-readable homeward along >= 0.02 on  40.8% of route-cell samples | FOODWARD   1.8% | plane lit on  45.6% | peak amt  65535 cells 109
                THE LOOP, ANT BY ANT:
                  0. lived                                     20    100.0% of prev    100.0% of all
                  1. reached the food                           0      0.0% of prev      0.0% of all
                  2. picked food up out there                   0      0.0% of prev      0.0% of all
                  3. turned for home with it                    0      0.0% of prev      0.0% of all
                  4. got back to the nest still holding it      0      0.0% of prev      0.0% of all
                  5. PUT IT DOWN there                          0      0.0% of prev      0.0% of all
                  6. went back out again                        0      0.0% of prev      0.0% of all
                  7. reached the food a SECOND time             0      0.0% of prev      0.0% of all
                RETURN LEDGER reached food    0 of   20 ants | came back    0 | trips laden    0 empty    0 | LOOPERS    0 of   20 ants ( 0.0% of those that reached food), repeat    0, most loops by one ant   0
                BY ANCHOR AT PICKUP  anchor ON nest material:    0 loops /    0 pickups (  0.0%) | anchor OFF it:    0 /    0 (  0.0%)
                BY BIRTH SITE  born ON comb:   0 of   0 that reached food looped (  0.0%) | born OFF comb:   0 of   0 (  0.0%)
                founded x   30..68   (nest cursor 48 MATERIAL x 26..70 20 of 20 founders born on it; food 188; nearest founder 120 cells out, farthest 158, nominal gap 140)  occupancy/1k [62 7 1 0 0 0 0 0]  carry->nest       0  born    0 died   20 (starved   20)
                own trail: route pk    0 end    0 along +0.0000  B nest->food [0,0,0,0,0]  blocked      352  kin swaps       0  ticks     12354  tumbles      3508 (homeward        0, 0.00%)  drops       0  DELIVERED     0  leg home n    0 med     0 p90     0 (laden n    0 med     0 p90     0)  appetite held         0 J of         0  trips born-on-comb    0 (20 ants) / born-off    0 (0 ants)
                channel A: PEAK amt  65535 cells  109 (of 141 route)  POLARITY|| +0.23955 && +0.24226 SPAN +0.01961 edge   6.1  end nest->food [11659,2878,0,0,0]  nest   25  AtNest 41.02%
                Carrying: laden     13944  of which SPOIL     13944 (100.0%)
    DECISION CENSUS: 12346 decisions, reconciled against the rows and the engine's counters
      leg     setting          n  stepped    felllaunched swappedcrossingreversedblocked_roll_fairoll_fai no_body
      empty   pocket         899    24.8%   18.9%    0.0%    0.0%    0.0%    0.0%   13.7%   21.2%   21.4%    0.0%
      empty   corridor      1220    43.4%    5.7%    0.0%    0.0%    0.0%    0.0%    0.8%   24.6%   25.4%    0.0%
      empty   junction      5330    37.1%    5.0%    0.0%    0.0%    0.0%    0.0%    1.0%   28.4%   28.4%    0.0%
      empty   open          1507    40.3%    6.1%    0.0%    0.0%    0.0%    0.0%    0.0%   28.2%   25.4%    0.0%
      spoil   pocket        1445    30.9%    0.1%    0.0%    0.0%    0.0%    0.0%   24.8%   23.3%   21.0%    0.0%
      spoil   corridor       869    45.2%    0.3%    0.0%    0.0%    0.0%    0.0%    9.0%   22.9%   22.6%    0.0%
      spoil   junction      1013    50.6%    0.5%    0.0%    0.0%    0.0%    0.0%    3.7%   22.6%   22.6%    0.0%
      spoil   open            63    54.0%    4.8%    0.0%    0.0%    0.0%    0.0%    0.0%   15.9%   25.4%    0.0%
    DECISIONS: rows not written (decisionnorows)
  140    5  self    0/0            0        0     4278        0        0    0/20        0         17 3 0 0 0
                A READ  ant-readable homeward along >= 0.02 on  33.6% of route-cell samples | FOODWARD   0.5% | plane lit on  37.9% | peak amt  65535 cells  58
                THE LOOP, ANT BY ANT:
                  0. lived                                     20    100.0% of prev    100.0% of all
                  1. reached the food                           0      0.0% of prev      0.0% of all
                  2. picked food up out there                   0      0.0% of prev      0.0% of all
                  3. turned for home with it                    0      0.0% of prev      0.0% of all
                  4. got back to the nest still holding it      0      0.0% of prev      0.0% of all
                  5. PUT IT DOWN there                          0      0.0% of prev      0.0% of all
                  6. went back out again                        0      0.0% of prev      0.0% of all
                  7. reached the food a SECOND time             0      0.0% of prev      0.0% of all
                RETURN LEDGER reached food    0 of   20 ants | came back    0 | trips laden    0 empty    0 | LOOPERS    0 of   20 ants ( 0.0% of those that reached food), repeat    0, most loops by one ant   0
                BY ANCHOR AT PICKUP  anchor ON nest material:    0 loops /    0 pickups (  0.0%) | anchor OFF it:    0 /    0 (  0.0%)
                BY BIRTH SITE  born ON comb:   0 of   0 that reached food looped (  0.0%) | born OFF comb:   0 of   0 (  0.0%)
                founded x   30..68   (nest cursor 48 MATERIAL x 26..70 20 of 20 founders born on it; food 188; nearest founder 120 cells out, farthest 158, nominal gap 140)  occupancy/1k [60 13 0 0 0 0 0 0]  carry->nest       0  born    0 died   20 (starved   19)
                own trail: route pk    0 end    0 along +0.0000  B nest->food [0,0,0,0,0]  blocked      660  kin swaps       0  ticks     12347  tumbles      3862 (homeward        0, 0.00%)  drops       0  DELIVERED     0  leg home n    0 med     0 p90     0 (laden n    0 med     0 p90     0)  appetite held         0 J of         0  trips born-on-comb    0 (20 ants) / born-off    0 (0 ants)
                channel A: PEAK amt  65535 cells   58 (of 141 route)  POLARITY|| +0.26697 && +0.26495 SPAN +0.00597 edge   6.0  end nest->food [11909,3726,0,0,0]  nest   25  AtNest 41.15%
                Carrying: laden     20340  of which SPOIL     20340 (100.0%)
    DECISION CENSUS: 12787 decisions, reconciled against the rows and the engine's counters
      leg     setting          n  stepped    felllaunched swappedcrossingreversedblocked_roll_fairoll_fai no_body
      empty   pocket         571    14.9%   33.8%    0.0%    0.0%    0.0%    0.0%    6.1%   23.5%   21.7%    0.0%
      empty   corridor      1979    50.6%    3.5%    0.0%    0.0%    0.0%    0.0%    1.3%   20.8%   23.7%    0.0%
      empty   junction      6380    36.3%    6.0%    0.0%    0.0%    0.0%    0.0%    1.1%   28.2%   28.4%    0.0%
      empty   open          2100    42.3%    8.0%    0.0%    0.0%    0.0%    0.0%    0.0%   25.0%   24.7%    0.0%
      spoil   pocket         432    29.9%    1.2%    0.0%    0.0%    0.0%    0.0%   23.6%   22.5%   22.9%    0.0%
      spoil   corridor       316    37.7%    0.9%    0.0%    0.0%    0.0%    0.0%   11.7%   21.5%   28.2%    0.0%
      spoil   junction       869    48.7%    2.6%    0.0%    0.0%    0.0%    0.0%    3.2%   22.9%   22.6%    0.0%
      spoil   open           140    62.9%    2.1%    0.0%    0.0%    0.0%    0.0%    0.0%   17.1%   17.9%    0.0%
    DECISIONS: rows not written (decisionnorows)
  140    6  self    0/0            0        0     5046        0        0    0/20        0         15 5 0 0 0
                A READ  ant-readable homeward along >= 0.02 on  40.9% of route-cell samples | FOODWARD   1.1% | plane lit on  44.6% | peak amt  65535 cells  68
                THE LOOP, ANT BY ANT:
                  0. lived                                     20    100.0% of prev    100.0% of all
                  1. reached the food                           0      0.0% of prev      0.0% of all
                  2. picked food up out there                   0      0.0% of prev      0.0% of all
                  3. turned for home with it                    0      0.0% of prev      0.0% of all
                  4. got back to the nest still holding it      0      0.0% of prev      0.0% of all
                  5. PUT IT DOWN there                          0      0.0% of prev      0.0% of all
                  6. went back out again                        0      0.0% of prev      0.0% of all
                  7. reached the food a SECOND time             0      0.0% of prev      0.0% of all
                RETURN LEDGER reached food    0 of   20 ants | came back    0 | trips laden    0 empty    0 | LOOPERS    0 of   20 ants ( 0.0% of those that reached food), repeat    0, most loops by one ant   0
                BY ANCHOR AT PICKUP  anchor ON nest material:    0 loops /    0 pickups (  0.0%) | anchor OFF it:    0 /    0 (  0.0%)
                BY BIRTH SITE  born ON comb:   0 of   0 that reached food looped (  0.0%) | born OFF comb:   0 of   0 (  0.0%)
                founded x   30..68   (nest cursor 48 MATERIAL x 26..70 20 of 20 founders born on it; food 188; nearest founder 120 cells out, farthest 158, nominal gap 140)  occupancy/1k [64 8 2 0 0 0 0 0]  carry->nest       0  born    0 died   20 (starved   20)
                own trail: route pk    0 end    0 along +0.0000  B nest->food [0,0,0,0,0]  blocked      295  kin swaps       0  ticks     12787  tumbles      3557 (homeward        0, 0.00%)  drops       0  DELIVERED     0  leg home n    0 med     0 p90     0 (laden n    0 med     0 p90     0)  appetite held         0 J of         0  trips born-on-comb    0 (20 ants) / born-off    0 (0 ants)
                channel A: PEAK amt  65535 cells   68 (of 141 route)  POLARITY|| +0.23249 && +0.23276 SPAN +0.02994 edge   6.0  end nest->food [11852,3670,0,0,0]  nest   25  AtNest 40.34%
                Carrying: laden     10542  of which SPOIL     10542 (100.0%)
    DECISION CENSUS: 16304 decisions, reconciled against the rows and the engine's counters
      leg     setting          n  stepped    felllaunched swappedcrossingreversedblocked_roll_fairoll_fai no_body
      empty   pocket         480    13.3%   34.4%    0.0%    0.0%    0.0%    0.0%    5.0%   23.5%   23.8%    0.0%
      empty   corridor      3734    38.1%    1.7%    0.0%    0.0%    0.0%    0.0%    1.0%   29.5%   29.7%    0.0%
      empty   junction      6765    36.7%    6.6%    0.0%    0.0%    0.0%    0.0%    1.0%   28.1%   27.6%    0.0%
      empty   open          2547    38.3%    8.3%    0.0%    0.0%    0.0%    0.0%    0.0%   27.2%   26.1%    0.0%
      laden   corridor       757    19.4%    0.0%    0.0%    0.0%    0.0%    0.0%    0.0%   41.2%   39.4%    0.0%
      laden   junction        95    14.7%    1.1%    0.0%    0.0%    0.0%    0.0%    2.1%   42.1%   40.0%    0.0%
      laden   open            62     6.5%   11.3%    0.0%    0.0%    0.0%    0.0%    0.0%   37.1%   45.2%    0.0%
      spoil   pocket         447    28.9%    2.9%    0.0%    0.0%    0.0%    0.0%   20.4%   22.6%   25.3%    0.0%
      spoil   corridor       416    38.7%    1.2%    0.0%    0.0%    0.0%    0.0%   14.7%   25.7%   19.7%    0.0%
      spoil   junction       862    48.4%    0.8%    0.0%    0.0%    0.0%    0.0%    5.3%   26.8%   18.7%    0.0%
      spoil   open           139    49.6%    3.6%    0.0%    0.0%    0.0%    0.0%    0.0%   25.9%   20.9%    0.0%
    DECISIONS: rows not written (decisionnorows)
  140    7  self    1/1         1914     3696        0     5490      276    2/21        1         16 3 0 2 0
                A READ  ant-readable homeward along >= 0.02 on  48.0% of route-cell samples | FOODWARD   6.2% | plane lit on  55.7% | peak amt  65535 cells 139
                THE LOOP, ANT BY ANT:
                  0. lived                                     21    100.0% of prev    100.0% of all
                  1. reached the food                           2      9.5% of prev      9.5% of all
                  2. picked food up out there                   2    100.0% of prev      9.5% of all
                  3. turned for home with it                    1     50.0% of prev      4.8% of all
                  4. got back to the nest still holding it      1    100.0% of prev      4.8% of all
                  5. PUT IT DOWN there                          1    100.0% of prev      4.8% of all
                  6. went back out again                        1    100.0% of prev      4.8% of all
                  7. reached the food a SECOND time             0      0.0% of prev      0.0% of all
                RETURN LEDGER reached food    2 of   21 ants | came back    1 | trips laden    1 empty    0 | LOOPERS    1 of   21 ants (50.0% of those that reached food), repeat    0, most loops by one ant   1
                BY ANCHOR AT PICKUP  anchor ON nest material:    1 loops /    3 pickups ( 33.3%) | anchor OFF it:    0 /    1 (  0.0%)
                BY BIRTH SITE  born ON comb:   1 of   1 that reached food looped (100.0%) | born OFF comb:   0 of   1 (  0.0%)
                LEGS legs[1405] laden[1405]
                founded x   30..68   (nest cursor 48 MATERIAL x 26..70 20 of 21 founders born on it; food 188; nearest founder 120 cells out, farthest 158, nominal gap 140)  occupancy/1k [56 19 1 1 0 3 11 1]  carry->nest     157  born    1 died   20 (starved   19)
                own trail: route pk  106 end    0 along +0.0000  B nest->food [0,17,18,34,0]  blocked      330  kin swaps       0  ticks     16305  tumbles      4991 (homeward       62, 1.24%)  drops       0  DELIVERED     0  leg home n    1 med  1405 p90  1405 (laden n    1 med  1405 p90  1405)  appetite held         0 J of      3020  trips born-on-comb    1 (20 ants) / born-off    0 (1 ants)
                channel A: PEAK amt  65535 cells  139 (of 141 route)  POLARITY|| +0.18123 && +0.19673 SPAN +0.00724 edge  13.9  end nest->food [11876,4995,0,0,0]  nest   25  AtNest 29.72%
                Carrying: laden     16674  of which SPOIL     11184 ( 67.1%)
    DECISION CENSUS: 12859 decisions, reconciled against the rows and the engine's counters
      leg     setting          n  stepped    felllaunched swappedcrossingreversedblocked_roll_fairoll_fai no_body
      empty   pocket         649    17.3%   30.2%    0.0%    0.0%    0.0%    0.0%    7.1%   21.6%   23.9%    0.0%
      empty   corridor      2438    46.4%    3.1%    0.0%    0.0%    0.0%    0.0%    1.1%   25.6%   23.7%    0.0%
      empty   junction      6180    36.9%    6.1%    0.0%    0.0%    0.0%    0.0%    0.7%   28.8%   27.5%    0.0%
      empty   open          1721    43.6%    8.6%    0.0%    0.0%    0.0%    0.0%    0.0%   24.3%   23.5%    0.0%
      spoil   pocket         839    33.0%    2.0%    0.0%    0.0%    0.0%    0.0%   27.1%   20.5%   17.4%    0.0%
      spoil   corridor       271    44.3%    0.7%    0.0%    0.0%    0.0%    0.0%   12.9%   18.5%   23.6%    0.0%
      spoil   junction       645    49.0%    2.5%    0.0%    0.0%    0.0%    0.0%    3.3%   25.4%   19.8%    0.0%
      spoil   open           116    52.6%    5.2%    0.0%    0.0%    0.0%    0.0%    0.0%   20.7%   21.6%    0.0%
    DECISIONS: rows not written (decisionnorows)
  140    8  self    0/0            0        0     4800        0        0    0/20        0         12 5 3 0 0
                A READ  ant-readable homeward along >= 0.02 on  43.3% of route-cell samples | FOODWARD   2.9% | plane lit on  50.1% | peak amt  65535 cells 106
                THE LOOP, ANT BY ANT:
                  0. lived                                     20    100.0% of prev    100.0% of all
                  1. reached the food                           0      0.0% of prev      0.0% of all
                  2. picked food up out there                   0      0.0% of prev      0.0% of all
                  3. turned for home with it                    0      0.0% of prev      0.0% of all
                  4. got back to the nest still holding it      0      0.0% of prev      0.0% of all
                  5. PUT IT DOWN there                          0      0.0% of prev      0.0% of all
                  6. went back out again                        0      0.0% of prev      0.0% of all
                  7. reached the food a SECOND time             0      0.0% of prev      0.0% of all
                RETURN LEDGER reached food    0 of   20 ants | came back    0 | trips laden    0 empty    0 | LOOPERS    0 of   20 ants ( 0.0% of those that reached food), repeat    0, most loops by one ant   0
                BY ANCHOR AT PICKUP  anchor ON nest material:    0 loops /    0 pickups (  0.0%) | anchor OFF it:    0 /    0 (  0.0%)
                BY BIRTH SITE  born ON comb:   0 of   0 that reached food looped (  0.0%) | born OFF comb:   0 of   0 (  0.0%)
                founded x   30..68   (nest cursor 48 MATERIAL x 26..70 20 of 20 founders born on it; food 188; nearest founder 120 cells out, farthest 158, nominal gap 140)  occupancy/1k [56 11 7 0 1 0 0 0]  carry->nest       0  born    0 died   20 (starved   20)
                own trail: route pk    0 end    0 along +0.0000  B nest->food [0,0,0,0,0]  blocked      398  kin swaps       0  ticks     12859  tumbles      3769 (homeward        0, 0.00%)  drops       0  DELIVERED     0  leg home n    0 med     0 p90     0 (laden n    0 med     0 p90     0)  appetite held         0 J of         0  trips born-on-comb    0 (20 ants) / born-off    0 (0 ants)
                channel A: PEAK amt  65535 cells  106 (of 141 route)  POLARITY|| +0.20845 && +0.20776 SPAN +0.02956 edge   6.0  end nest->food [9871,3441,0,0,0]  nest   25  AtNest 36.54%
                Carrying: laden     11226  of which SPOIL     11226 (100.0%)
    DECISION CENSUS: 12489 decisions, reconciled against the rows and the engine's counters
      leg     setting          n  stepped    felllaunched swappedcrossingreversedblocked_roll_fairoll_fai no_body
      empty   pocket         790    20.3%   23.4%    0.0%    0.0%    0.0%    0.0%    9.9%   23.2%   23.3%    0.0%
      empty   corridor      1760    46.8%    4.7%    0.0%    0.0%    0.0%    0.0%    1.9%   22.6%   24.0%    0.0%
      empty   junction      5676    38.9%    6.6%    0.0%    0.0%    0.0%    0.0%    1.1%   26.5%   27.0%    0.0%
      empty   open          1840    40.3%    7.7%    0.0%    0.0%    0.0%    0.0%    0.0%   25.5%   26.5%    0.0%
      spoil   pocket         709    27.4%    1.3%    0.0%    0.0%    0.0%    0.0%   21.3%   25.4%   24.7%    0.0%
      spoil   corridor       704    41.5%    0.1%    0.0%    0.0%    0.0%    0.0%   16.1%   18.9%   23.4%    0.0%
      spoil   junction       861    49.2%    1.2%    0.0%    0.0%    0.0%    0.0%    4.5%   21.8%   23.2%    0.0%
      spoil   open           149    42.3%    4.7%    0.0%    0.0%    0.0%    0.0%    0.0%   23.5%   29.5%    0.0%
    DECISIONS: rows not written (decisionnorows)
  140    9  self    0/0            0        0     4422        0        0    0/20        0         14 5 1 0 0
                A READ  ant-readable homeward along >= 0.02 on  39.5% of route-cell samples | FOODWARD   3.4% | plane lit on  46.3% | peak amt  65535 cells  86
                THE LOOP, ANT BY ANT:
                  0. lived                                     20    100.0% of prev    100.0% of all
                  1. reached the food                           0      0.0% of prev      0.0% of all
                  2. picked food up out there                   0      0.0% of prev      0.0% of all
                  3. turned for home with it                    0      0.0% of prev      0.0% of all
                  4. got back to the nest still holding it      0      0.0% of prev      0.0% of all
                  5. PUT IT DOWN there                          0      0.0% of prev      0.0% of all
                  6. went back out again                        0      0.0% of prev      0.0% of all
                  7. reached the food a SECOND time             0      0.0% of prev      0.0% of all
                RETURN LEDGER reached food    0 of   20 ants | came back    0 | trips laden    0 empty    0 | LOOPERS    0 of   20 ants ( 0.0% of those that reached food), repeat    0, most loops by one ant   0
                BY ANCHOR AT PICKUP  anchor ON nest material:    0 loops /    0 pickups (  0.0%) | anchor OFF it:    0 /    0 (  0.0%)
                BY BIRTH SITE  born ON comb:   0 of   0 that reached food looped (  0.0%) | born OFF comb:   0 of   0 (  0.0%)
                founded x   30..68   (nest cursor 48 MATERIAL x 26..70 20 of 20 founders born on it; food 188; nearest founder 120 cells out, farthest 158, nominal gap 140)  occupancy/1k [60 9 4 0 0 0 0 0]  carry->nest       0  born    0 died   20 (starved   20)
                own trail: route pk    0 end    0 along +0.0000  B nest->food [0,0,0,0,0]  blocked      476  kin swaps       0  ticks     12489  tumbles      3565 (homeward        0, 0.00%)  drops       0  DELIVERED     0  leg home n    0 med     0 p90     0 (laden n    0 med     0 p90     0)  appetite held         0 J of         0  trips born-on-comb    0 (20 ants) / born-off    0 (0 ants)
                channel A: PEAK amt  65535 cells   86 (of 141 route)  POLARITY|| +0.21213 && +0.20852 SPAN +0.02774 edge   6.0  end nest->food [10243,3653,0,0,0]  nest   25  AtNest 37.58%
                Carrying: laden     14538  of which SPOIL     14538 (100.0%)
    DECISION CENSUS: 12785 decisions, reconciled against the rows and the engine's counters
      leg     setting          n  stepped    felllaunched swappedcrossingreversedblocked_roll_fairoll_fai no_body
      empty   pocket         760    19.2%   25.5%    0.0%    0.0%    0.0%    0.0%   10.3%   23.7%   21.3%    0.0%
      empty   corridor      1990    50.4%    2.8%    0.0%    0.0%    0.0%    0.0%    0.9%   22.8%   23.1%    0.0%
      empty   junction      5854    36.3%    5.4%    0.0%    0.0%    0.0%    0.0%    0.8%   28.4%   29.0%    0.0%
      empty   open          1844    38.8%    6.5%    0.0%    0.0%    0.0%    0.0%    0.0%   26.2%   28.5%    0.0%
      spoil   pocket        1027    31.1%    1.0%    0.0%    0.0%    0.0%    0.0%   24.0%   22.6%   21.4%    0.0%
      spoil   corridor       430    44.0%    0.5%    0.0%    0.0%    0.0%    0.0%    7.4%   27.4%   20.7%    0.0%
      spoil   junction       770    52.3%    1.3%    0.0%    0.0%    0.0%    0.0%    2.7%   22.7%   20.9%    0.0%
      spoil   open           110    48.2%    2.7%    0.0%    0.0%    0.0%    0.0%    0.0%   23.6%   25.5%    0.0%
    DECISIONS: rows not written (decisionnorows)
  140   10  self    0/0            0        0     4734        0        0    0/20        0         17 2 1 0 0
                A READ  ant-readable homeward along >= 0.02 on  40.9% of route-cell samples | FOODWARD   1.2% | plane lit on  43.0% | peak amt  65535 cells  75
                THE LOOP, ANT BY ANT:
                  0. lived                                     20    100.0% of prev    100.0% of all
                  1. reached the food                           0      0.0% of prev      0.0% of all
                  2. picked food up out there                   0      0.0% of prev      0.0% of all
                  3. turned for home with it                    0      0.0% of prev      0.0% of all
                  4. got back to the nest still holding it      0      0.0% of prev      0.0% of all
                  5. PUT IT DOWN there                          0      0.0% of prev      0.0% of all
                  6. went back out again                        0      0.0% of prev      0.0% of all
                  7. reached the food a SECOND time             0      0.0% of prev      0.0% of all
                RETURN LEDGER reached food    0 of   20 ants | came back    0 | trips laden    0 empty    0 | LOOPERS    0 of   20 ants ( 0.0% of those that reached food), repeat    0, most loops by one ant   0
                BY ANCHOR AT PICKUP  anchor ON nest material:    0 loops /    0 pickups (  0.0%) | anchor OFF it:    0 /    0 (  0.0%)
                BY BIRTH SITE  born ON comb:   0 of   0 that reached food looped (  0.0%) | born OFF comb:   0 of   0 (  0.0%)
                founded x   30..68   (nest cursor 48 MATERIAL x 26..70 20 of 20 founders born on it; food 188; nearest founder 120 cells out, farthest 158, nominal gap 140)  occupancy/1k [64 9 1 1 0 0 0 0]  carry->nest       0  born    0 died   20 (starved   20)
                own trail: route pk    0 end    0 along +0.0000  B nest->food [0,0,0,0,0]  blocked      443  kin swaps       0  ticks     12785  tumbles      3776 (homeward        0, 0.00%)  drops       0  DELIVERED     0  leg home n    0 med     0 p90     0 (laden n    0 med     0 p90     0)  appetite held         0 J of         0  trips born-on-comb    0 (20 ants) / born-off    0 (0 ants)
                channel A: PEAK amt  65535 cells   75 (of 141 route)  POLARITY|| +0.23870 && +0.24075 SPAN +0.02831 edge   6.0  end nest->food [11835,3214,0,0,0]  nest   25  AtNest 39.10%
                Carrying: laden     14022  of which SPOIL     14022 (100.0%)
    DECISION CENSUS: 12346 decisions, reconciled against the rows and the engine's counters
      leg     setting          n  stepped    felllaunched swappedcrossingreversedblocked_roll_fairoll_fai no_body
      empty   pocket         581    17.7%   23.8%    0.0%    0.0%    0.0%    0.0%    5.9%   25.8%   26.9%    0.0%
      empty   corridor      1708    47.4%    4.6%    0.0%    0.0%    0.0%    0.0%    1.0%   23.4%   23.6%    0.0%
      empty   junction      5744    35.7%    6.7%    0.0%    0.0%    0.0%    0.0%    1.0%   28.0%   28.6%    0.0%
      empty   open          1898    44.1%    9.0%    0.0%    0.0%    0.0%    0.0%    0.0%   23.5%   23.4%    0.0%
      spoil   pocket        1012    29.4%    2.6%    0.0%    0.0%    0.0%    0.0%   21.7%   22.8%   23.4%    0.0%
      spoil   corridor       445    39.3%    0.9%    0.0%    0.0%    0.0%    0.0%    8.8%   23.1%   27.9%    0.0%
      spoil   junction       840    50.1%    0.8%    0.0%    0.0%    0.0%    0.0%    4.2%   21.5%   23.3%    0.0%
      spoil   open           118    49.2%    3.4%    0.0%    0.0%    0.0%    0.0%    0.0%   24.6%   22.9%    0.0%
    DECISIONS: rows not written (decisionnorows)
  140   11  self    0/0            0        0     4590        0        0    0/20        0         17 2 1 0 0
                A READ  ant-readable homeward along >= 0.02 on  40.6% of route-cell samples | FOODWARD   1.4% | plane lit on  45.2% | peak amt  65535 cells 102
                THE LOOP, ANT BY ANT:
                  0. lived                                     20    100.0% of prev    100.0% of all
                  1. reached the food                           0      0.0% of prev      0.0% of all
                  2. picked food up out there                   0      0.0% of prev      0.0% of all
                  3. turned for home with it                    0      0.0% of prev      0.0% of all
                  4. got back to the nest still holding it      0      0.0% of prev      0.0% of all
                  5. PUT IT DOWN there                          0      0.0% of prev      0.0% of all
                  6. went back out again                        0      0.0% of prev      0.0% of all
                  7. reached the food a SECOND time             0      0.0% of prev      0.0% of all
                RETURN LEDGER reached food    0 of   20 ants | came back    0 | trips laden    0 empty    0 | LOOPERS    0 of   20 ants ( 0.0% of those that reached food), repeat    0, most loops by one ant   0
                BY ANCHOR AT PICKUP  anchor ON nest material:    0 loops /    0 pickups (  0.0%) | anchor OFF it:    0 /    0 (  0.0%)
                BY BIRTH SITE  born ON comb:   0 of   0 that reached food looped (  0.0%) | born OFF comb:   0 of   0 (  0.0%)
                founded x   30..68   (nest cursor 48 MATERIAL x 26..70 20 of 20 founders born on it; food 188; nearest founder 120 cells out, farthest 158, nominal gap 140)  occupancy/1k [62 8 1 0 0 0 0 0]  carry->nest       0  born    0 died   20 (starved   20)
                own trail: route pk    0 end    0 along +0.0000  B nest->food [0,0,0,0,0]  blocked      401  kin swaps       0  ticks     12346  tumbles      3547 (homeward        0, 0.00%)  drops       0  DELIVERED     0  leg home n    0 med     0 p90     0 (laden n    0 med     0 p90     0)  appetite held         0 J of         0  trips born-on-comb    0 (20 ants) / born-off    0 (0 ants)
                channel A: PEAK amt  65535 cells  102 (of 141 route)  POLARITY|| +0.24192 && +0.24411 SPAN +0.01407 edge   6.0  end nest->food [11577,3030,0,0,0]  nest   25  AtNest 44.46%
                Carrying: laden     14490  of which SPOIL     14490 (100.0%)
    DECISION CENSUS: 12517 decisions, reconciled against the rows and the engine's counters
      leg     setting          n  stepped    felllaunched swappedcrossingreversedblocked_roll_fairoll_fai no_body
      empty   pocket         605    17.0%   32.1%    0.0%    0.0%    0.0%    0.0%    7.4%   20.7%   22.8%    0.0%
      empty   corridor      1739    47.6%    2.9%    0.0%    0.0%    0.0%    0.0%    1.5%   23.9%   24.2%    0.0%
      empty   junction      5888    36.7%    4.3%    0.0%    0.0%    0.0%    0.0%    1.1%   28.3%   29.6%    0.0%
      empty   open          1369    42.1%    5.6%    0.0%    0.0%    0.0%    0.0%    0.0%   26.8%   25.6%    0.0%
      spoil   pocket         774    27.5%    1.2%    0.0%    0.0%    0.0%    0.0%   22.5%   24.2%   24.7%    0.0%
      spoil   corridor       970    52.0%    0.2%    0.0%    0.0%    0.0%    0.0%    7.3%   20.9%   19.6%    0.0%
      spoil   junction      1053    50.0%    1.2%    0.0%    0.0%    0.0%    0.0%    4.5%   20.4%   23.8%    0.0%
      spoil   open           119    46.2%    2.5%    0.0%    0.0%    0.0%    0.0%    0.0%   24.4%   26.9%    0.0%
    DECISIONS: rows not written (decisionnorows)
  140   12  self    0/0            0        0     4614        0        0    0/20        0         17 2 1 0 0
                A READ  ant-readable homeward along >= 0.02 on  42.4% of route-cell samples | FOODWARD   1.4% | plane lit on  44.0% | peak amt  65535 cells  88
                THE LOOP, ANT BY ANT:
                  0. lived                                     20    100.0% of prev    100.0% of all
                  1. reached the food                           0      0.0% of prev      0.0% of all
                  2. picked food up out there                   0      0.0% of prev      0.0% of all
                  3. turned for home with it                    0      0.0% of prev      0.0% of all
                  4. got back to the nest still holding it      0      0.0% of prev      0.0% of all
                  5. PUT IT DOWN there                          0      0.0% of prev      0.0% of all
                  6. went back out again                        0      0.0% of prev      0.0% of all
                  7. reached the food a SECOND time             0      0.0% of prev      0.0% of all
                RETURN LEDGER reached food    0 of   20 ants | came back    0 | trips laden    0 empty    0 | LOOPERS    0 of   20 ants ( 0.0% of those that reached food), repeat    0, most loops by one ant   0
                BY ANCHOR AT PICKUP  anchor ON nest material:    0 loops /    0 pickups (  0.0%) | anchor OFF it:    0 /    0 (  0.0%)
                BY BIRTH SITE  born ON comb:   0 of   0 that reached food looped (  0.0%) | born OFF comb:   0 of   0 (  0.0%)
                founded x   30..68   (nest cursor 48 MATERIAL x 26..70 20 of 20 founders born on it; food 188; nearest founder 120 cells out, farthest 158, nominal gap 140)  occupancy/1k [66 5 1 1 0 0 0 0]  carry->nest       0  born    0 died   20 (starved   20)
                own trail: route pk    0 end    0 along +0.0000  B nest->food [0,0,0,0,0]  blocked      430  kin swaps       0  ticks     12517  tumbles      3636 (homeward        0, 0.00%)  drops       0  DELIVERED     0  leg home n    0 med     0 p90     0 (laden n    0 med     0 p90     0)  appetite held         0 J of         0  trips born-on-comb    0 (20 ants) / born-off    0 (0 ants)
                channel A: PEAK amt  65535 cells   88 (of 141 route)  POLARITY|| +0.23795 && +0.24254 SPAN +0.01845 edge   6.0  end nest->food [12367,2827,0,0,0]  nest   25  AtNest 47.84%
                Carrying: laden     17496  of which SPOIL     17496 (100.0%)
    DECISION CENSUS: 12538 decisions, reconciled against the rows and the engine's counters
      leg     setting          n  stepped    felllaunched swappedcrossingreversedblocked_roll_fairoll_fai no_body
      empty   pocket         619    19.1%   31.0%    0.0%    0.0%    0.0%    0.0%    8.6%   19.9%   21.5%    0.0%
      empty   corridor      1656    46.6%    4.6%    0.0%    0.0%    0.0%    0.0%    1.2%   24.2%   23.4%    0.0%
      empty   junction      6472    37.1%    6.6%    0.0%    0.0%    0.0%    0.0%    0.9%   28.5%   27.0%    0.0%
      empty   open          2001    41.1%    6.7%    0.0%    0.0%    0.0%    0.0%    0.0%   28.6%   23.6%    0.0%
      spoil   pocket         481    26.4%    5.6%    0.0%    0.0%    0.0%    0.0%   21.2%   21.4%   25.4%    0.0%
      spoil   corridor       295    39.3%    3.1%    0.0%    0.0%    0.0%    0.0%   15.3%   21.0%   21.4%    0.0%
      spoil   junction       869    45.6%    2.2%    0.0%    0.0%    0.0%    0.0%    3.7%   23.5%   25.1%    0.0%
      spoil   open           145    57.2%    4.1%    0.0%    0.0%    0.0%    0.0%    0.0%   17.9%   20.7%    0.0%
    DECISIONS: rows not written (decisionnorows)
  140   13  self    0/0            0        0     4422        0        0    0/20        0         15 5 0 0 0
                A READ  ant-readable homeward along >= 0.02 on  38.4% of route-cell samples | FOODWARD   1.0% | plane lit on  42.2% | peak amt  64777 cells  61
                THE LOOP, ANT BY ANT:
                  0. lived                                     20    100.0% of prev    100.0% of all
                  1. reached the food                           0      0.0% of prev      0.0% of all
                  2. picked food up out there                   0      0.0% of prev      0.0% of all
                  3. turned for home with it                    0      0.0% of prev      0.0% of all
                  4. got back to the nest still holding it      0      0.0% of prev      0.0% of all
                  5. PUT IT DOWN there                          0      0.0% of prev      0.0% of all
                  6. went back out again                        0      0.0% of prev      0.0% of all
                  7. reached the food a SECOND time             0      0.0% of prev      0.0% of all
                RETURN LEDGER reached food    0 of   20 ants | came back    0 | trips laden    0 empty    0 | LOOPERS    0 of   20 ants ( 0.0% of those that reached food), repeat    0, most loops by one ant   0
                BY ANCHOR AT PICKUP  anchor ON nest material:    0 loops /    0 pickups (  0.0%) | anchor OFF it:    0 /    0 (  0.0%)
                BY BIRTH SITE  born ON comb:   0 of   0 that reached food looped (  0.0%) | born OFF comb:   0 of   0 (  0.0%)
                founded x   30..68   (nest cursor 48 MATERIAL x 26..70 20 of 20 founders born on it; food 188; nearest founder 120 cells out, farthest 158, nominal gap 140)  occupancy/1k [59 12 2 0 0 0 0 0]  carry->nest       0  born    0 died   20 (starved   20)
                own trail: route pk    0 end    0 along +0.0000  B nest->food [0,0,0,0,0]  blocked      308  kin swaps       0  ticks     12538  tumbles      3641 (homeward        0, 0.00%)  drops       0  DELIVERED     0  leg home n    0 med     0 p90     0 (laden n    0 med     0 p90     0)  appetite held         0 J of         0  trips born-on-comb    0 (20 ants) / born-off    0 (0 ants)
                channel A: PEAK amt  64777 cells   61 (of 141 route)  POLARITY|| +0.24090 && +0.24264 SPAN +0.02617 edge   6.0  end nest->food [11547,3642,0,0,0]  nest   25  AtNest 39.46%
                Carrying: laden     10740  of which SPOIL     10740 (100.0%)
    DECISION CENSUS: 12569 decisions, reconciled against the rows and the engine's counters
      leg     setting          n  stepped    felllaunched swappedcrossingreversedblocked_roll_fairoll_fai no_body
      empty   pocket         497    11.3%   44.9%    0.0%    0.0%    0.0%    0.0%    3.0%   21.1%   19.7%    0.0%
      empty   corridor      2042    45.8%    4.0%    0.0%    0.0%    0.0%    0.0%    1.4%   24.6%   24.2%    0.0%
      empty   junction      6377    36.4%    5.4%    0.0%    0.0%    0.0%    0.0%    1.0%   28.4%   28.8%    0.0%
      empty   open          2147    46.7%    8.6%    0.0%    0.0%    0.0%    0.0%    0.0%   21.8%   22.9%    0.0%
      spoil   pocket         227    23.3%    4.8%    0.0%    0.0%    0.0%    0.0%   22.9%   23.8%   25.1%    0.0%
      spoil   corridor       246    38.6%    1.2%    0.0%    0.0%    0.0%    0.0%   12.6%   27.6%   19.9%    0.0%
      spoil   junction       851    49.5%    1.1%    0.0%    0.0%    0.0%    0.0%    4.0%   22.0%   23.5%    0.0%
      spoil   open           182    54.9%    4.4%    0.0%    0.0%    0.0%    0.0%    0.0%   23.1%   17.6%    0.0%
    DECISIONS: rows not written (decisionnorows)
  140   14  self    0/0            0        0     4290        0        0    0/20        0         14 5 1 0 0
                A READ  ant-readable homeward along >= 0.02 on  45.8% of route-cell samples | FOODWARD   1.5% | plane lit on  49.2% | peak amt  65535 cells  97
                THE LOOP, ANT BY ANT:
                  0. lived                                     20    100.0% of prev    100.0% of all
                  1. reached the food                           0      0.0% of prev      0.0% of all
                  2. picked food up out there                   0      0.0% of prev      0.0% of all
                  3. turned for home with it                    0      0.0% of prev      0.0% of all
                  4. got back to the nest still holding it      0      0.0% of prev      0.0% of all
                  5. PUT IT DOWN there                          0      0.0% of prev      0.0% of all
                  6. went back out again                        0      0.0% of prev      0.0% of all
                  7. reached the food a SECOND time             0      0.0% of prev      0.0% of all
                RETURN LEDGER reached food    0 of   20 ants | came back    0 | trips laden    0 empty    0 | LOOPERS    0 of   20 ants ( 0.0% of those that reached food), repeat    0, most loops by one ant   0
                BY ANCHOR AT PICKUP  anchor ON nest material:    0 loops /    0 pickups (  0.0%) | anchor OFF it:    0 /    0 (  0.0%)
                BY BIRTH SITE  born ON comb:   0 of   0 that reached food looped (  0.0%) | born OFF comb:   0 of   0 (  0.0%)
                founded x   30..68   (nest cursor 48 MATERIAL x 26..70 20 of 20 founders born on it; food 188; nearest founder 120 cells out, farthest 158, nominal gap 140)  occupancy/1k [61 8 2 1 1 0 0 0]  carry->nest       0  born    0 died   20 (starved   20)
                own trail: route pk    0 end    0 along +0.0000  B nest->food [0,0,0,0,0]  blocked      225  kin swaps       0  ticks     12569  tumbles      3466 (homeward        0, 0.00%)  drops       0  DELIVERED     0  leg home n    0 med     0 p90     0 (laden n    0 med     0 p90     0)  appetite held         0 J of         0  trips born-on-comb    0 (20 ants) / born-off    0 (0 ants)
                channel A: PEAK amt  65535 cells   97 (of 141 route)  POLARITY|| +0.21748 && +0.21685 SPAN +0.01612 edge   6.0  end nest->food [12030,3483,0,0,0]  nest   25  AtNest 37.69%
                Carrying: laden      9036  of which SPOIL      9036 (100.0%)
    DECISION CENSUS: 12715 decisions, reconciled against the rows and the engine's counters
      leg     setting          n  stepped    felllaunched swappedcrossingreversedblocked_roll_fairoll_fai no_body
      empty   pocket         577    15.4%   32.6%    0.0%    0.0%    0.0%    0.0%    7.1%   21.5%   23.4%    0.0%
      empty   corridor      2294    50.0%    3.8%    0.0%    0.0%    0.0%    0.0%    1.2%   22.4%   22.7%    0.0%
      empty   junction      6052    38.2%    6.9%    0.0%    0.0%    0.0%    0.0%    1.1%   27.4%   26.4%    0.0%
      empty   open          2185    44.1%    7.5%    0.0%    0.0%    0.0%    0.0%    0.0%   23.4%   25.0%    0.0%
      spoil   pocket         382    26.2%    5.2%    0.0%    0.0%    0.0%    0.0%   20.7%   20.4%   27.5%    0.0%
      spoil   corridor       291    38.8%    2.1%    0.0%    0.0%    0.0%    0.0%   12.4%   21.0%   25.8%    0.0%
      spoil   junction       787    48.0%    1.5%    0.0%    0.0%    0.0%    0.0%    4.3%   25.7%   20.5%    0.0%
      spoil   open           147    61.9%    5.4%    0.0%    0.0%    0.0%    0.0%    0.0%   16.3%   16.3%    0.0%
    DECISIONS: rows not written (decisionnorows)
  140   15  self    0/0            0        0     4494        0        0    0/20        0         16 3 1 0 0
                A READ  ant-readable homeward along >= 0.02 on  38.8% of route-cell samples | FOODWARD   1.1% | plane lit on  42.7% | peak amt  65535 cells 103
                THE LOOP, ANT BY ANT:
                  0. lived                                     20    100.0% of prev    100.0% of all
                  1. reached the food                           0      0.0% of prev      0.0% of all
                  2. picked food up out there                   0      0.0% of prev      0.0% of all
                  3. turned for home with it                    0      0.0% of prev      0.0% of all
                  4. got back to the nest still holding it      0      0.0% of prev      0.0% of all
                  5. PUT IT DOWN there                          0      0.0% of prev      0.0% of all
                  6. went back out again                        0      0.0% of prev      0.0% of all
                  7. reached the food a SECOND time             0      0.0% of prev      0.0% of all
                RETURN LEDGER reached food    0 of   20 ants | came back    0 | trips laden    0 empty    0 | LOOPERS    0 of   20 ants ( 0.0% of those that reached food), repeat    0, most loops by one ant   0
                BY ANCHOR AT PICKUP  anchor ON nest material:    0 loops /    0 pickups (  0.0%) | anchor OFF it:    0 /    0 (  0.0%)
                BY BIRTH SITE  born ON comb:   0 of   0 that reached food looped (  0.0%) | born OFF comb:   0 of   0 (  0.0%)
                founded x   30..68   (nest cursor 48 MATERIAL x 26..70 20 of 20 founders born on it; food 188; nearest founder 120 cells out, farthest 158, nominal gap 140)  occupancy/1k [61 11 2 0 0 0 0 0]  carry->nest       0  born    0 died   20 (starved   20)
                own trail: route pk    0 end    0 along +0.0000  B nest->food [0,0,0,0,0]  blocked      284  kin swaps       0  ticks     12715  tumbles      3455 (homeward        0, 0.00%)  drops       0  DELIVERED     0  leg home n    0 med     0 p90     0 (laden n    0 med     0 p90     0)  appetite held         0 J of         0  trips born-on-comb    0 (20 ants) / born-off    0 (0 ants)
                channel A: PEAK amt  65535 cells  103 (of 141 route)  POLARITY|| +0.24641 && +0.25136 SPAN +0.03364 edge   6.4  end nest->food [11848,3338,0,0,0]  nest   25  AtNest 33.77%
                Carrying: laden      9642  of which SPOIL      9642 (100.0%)
    DECISION CENSUS: 12921 decisions, reconciled against the rows and the engine's counters
      leg     setting          n  stepped    felllaunched swappedcrossingreversedblocked_roll_fairoll_fai no_body
      empty   pocket         488    13.9%   41.0%    0.0%    0.0%    0.0%    0.0%    5.3%   19.1%   20.7%    0.0%
      empty   corridor      1766    49.3%    2.9%    0.0%    0.0%    0.0%    0.0%    1.9%   23.8%   22.0%    0.0%
      empty   junction      6651    34.6%    6.8%    0.0%    0.0%    0.0%    0.0%    0.9%   28.0%   29.7%    0.0%
      empty   open          2532    41.4%    9.4%    0.0%    0.0%    0.0%    0.0%    0.0%   24.4%   24.8%    0.0%
      spoil   pocket         327    25.1%    7.3%    0.0%    0.0%    0.0%    0.0%   20.8%   25.1%   21.7%    0.0%
      spoil   corridor       275    40.0%    1.8%    0.0%    0.0%    0.0%    0.0%   23.3%   16.0%   18.9%    0.0%
      spoil   junction       747    51.9%    1.7%    0.0%    0.0%    0.0%    0.0%    4.1%   18.7%   23.4%    0.0%
      spoil   open           135    57.8%    2.2%    0.0%    0.0%    0.0%    0.0%    0.0%   18.5%   21.5%    0.0%
    DECISIONS: rows not written (decisionnorows)
  140   16  self    0/0            0        0     4314        0        0    0/20        0         15 3 2 0 0
                A READ  ant-readable homeward along >= 0.02 on  44.0% of route-cell samples | FOODWARD   2.6% | plane lit on  48.9% | peak amt  65535 cells 105
                THE LOOP, ANT BY ANT:
                  0. lived                                     20    100.0% of prev    100.0% of all
                  1. reached the food                           0      0.0% of prev      0.0% of all
                  2. picked food up out there                   0      0.0% of prev      0.0% of all
                  3. turned for home with it                    0      0.0% of prev      0.0% of all
                  4. got back to the nest still holding it      0      0.0% of prev      0.0% of all
                  5. PUT IT DOWN there                          0      0.0% of prev      0.0% of all
                  6. went back out again                        0      0.0% of prev      0.0% of all
                  7. reached the food a SECOND time             0      0.0% of prev      0.0% of all
                RETURN LEDGER reached food    0 of   20 ants | came back    0 | trips laden    0 empty    0 | LOOPERS    0 of   20 ants ( 0.0% of those that reached food), repeat    0, most loops by one ant   0
                BY ANCHOR AT PICKUP  anchor ON nest material:    0 loops /    0 pickups (  0.0%) | anchor OFF it:    0 /    0 (  0.0%)
                BY BIRTH SITE  born ON comb:   0 of   0 that reached food looped (  0.0%) | born OFF comb:   0 of   0 (  0.0%)
                founded x   30..68   (nest cursor 48 MATERIAL x 26..70 20 of 20 founders born on it; food 188; nearest founder 120 cells out, farthest 158, nominal gap 140)  occupancy/1k [65 6 2 2 0 0 0 0]  carry->nest       0  born    0 died   20 (starved   20)
                own trail: route pk    0 end    0 along +0.0000  B nest->food [0,0,0,0,0]  blocked      283  kin swaps       0  ticks     12921  tumbles      3567 (homeward        0, 0.00%)  drops       0  DELIVERED     0  leg home n    0 med     0 p90     0 (laden n    0 med     0 p90     0)  appetite held         0 J of         0  trips born-on-comb    0 (20 ants) / born-off    0 (0 ants)
                channel A: PEAK amt  65535 cells  105 (of 141 route)  POLARITY|| +0.21996 && +0.22142 SPAN +0.01737 edge   6.2  end nest->food [12019,3310,0,0,0]  nest   25  AtNest 39.27%
                Carrying: laden      8904  of which SPOIL      8904 (100.0%)
    DECISION CENSUS: 13098 decisions, reconciled against the rows and the engine's counters
      leg     setting          n  stepped    felllaunched swappedcrossingreversedblocked_roll_fairoll_fai no_body
      empty   pocket         693    18.8%   27.1%    0.0%    0.0%    0.0%    0.0%    9.8%   22.5%   21.8%    0.0%
      empty   corridor      2506    51.2%    2.5%    0.0%    0.0%    0.0%    0.0%    0.6%   23.9%   21.8%    0.0%
      empty   junction      6171    37.9%    4.8%    0.0%    0.0%    0.0%    0.0%    1.1%   28.7%   27.5%    0.0%
      empty   open          1784    38.1%    5.5%    0.0%    0.0%    0.0%    0.0%    0.0%   26.8%   29.6%    0.0%
      spoil   pocket         500    30.0%    2.4%    0.0%    0.0%    0.0%    0.0%   24.4%   23.0%   20.2%    0.0%
      spoil   corridor       570    49.3%    0.4%    0.0%    0.0%    0.0%    0.0%    6.0%   19.8%   24.6%    0.0%
      spoil   junction       792    45.7%    0.8%    0.0%    0.0%    0.0%    0.0%    3.4%   26.3%   23.9%    0.0%
      spoil   open            82    43.9%    2.4%    0.0%    0.0%    0.0%    0.0%    0.0%   28.0%   25.6%    0.0%
    DECISIONS: rows not written (decisionnorows)
  140   17  self    0/0            0        0     4404        0        0    0/20        0         15 3 2 0 0
                A READ  ant-readable homeward along >= 0.02 on  42.9% of route-cell samples | FOODWARD   2.9% | plane lit on  48.9% | peak amt  65535 cells  96
                THE LOOP, ANT BY ANT:
                  0. lived                                     20    100.0% of prev    100.0% of all
                  1. reached the food                           0      0.0% of prev      0.0% of all
                  2. picked food up out there                   0      0.0% of prev      0.0% of all
                  3. turned for home with it                    0      0.0% of prev      0.0% of all
                  4. got back to the nest still holding it      0      0.0% of prev      0.0% of all
                  5. PUT IT DOWN there                          0      0.0% of prev      0.0% of all
                  6. went back out again                        0      0.0% of prev      0.0% of all
                  7. reached the food a SECOND time             0      0.0% of prev      0.0% of all
                RETURN LEDGER reached food    0 of   20 ants | came back    0 | trips laden    0 empty    0 | LOOPERS    0 of   20 ants ( 0.0% of those that reached food), repeat    0, most loops by one ant   0
                BY ANCHOR AT PICKUP  anchor ON nest material:    0 loops /    0 pickups (  0.0%) | anchor OFF it:    0 /    0 (  0.0%)
                BY BIRTH SITE  born ON comb:   0 of   0 that reached food looped (  0.0%) | born OFF comb:   0 of   0 (  0.0%)
                founded x   30..68   (nest cursor 48 MATERIAL x 26..70 20 of 20 founders born on it; food 188; nearest founder 120 cells out, farthest 158, nominal gap 140)  occupancy/1k [66 6 2 2 0 0 0 0]  carry->nest       0  born    0 died   20 (starved   20)
                own trail: route pk    0 end    0 along +0.0000  B nest->food [0,0,0,0,0]  blocked      330  kin swaps       0  ticks     13098  tumbles      3795 (homeward        0, 0.00%)  drops       0  DELIVERED     0  leg home n    0 med     0 p90     0 (laden n    0 med     0 p90     0)  appetite held         0 J of         0  trips born-on-comb    0 (20 ants) / born-off    0 (0 ants)
                channel A: PEAK amt  65535 cells   96 (of 141 route)  POLARITY|| +0.21339 && +0.21536 SPAN +0.03775 edge   6.0  end nest->food [11342,3079,0,0,0]  nest   25  AtNest 37.37%
                Carrying: laden     11664  of which SPOIL     11664 (100.0%)
    DECISION CENSUS: 12248 decisions, reconciled against the rows and the engine's counters
      leg     setting          n  stepped    felllaunched swappedcrossingreversedblocked_roll_fairoll_fai no_body
      empty   pocket         604    17.4%   28.0%    0.0%    0.0%    0.0%    0.0%    6.5%   21.2%   27.0%    0.0%
      empty   corridor      1203    41.8%    4.7%    0.0%    0.0%    0.0%    0.0%    1.8%   24.9%   26.8%    0.0%
      empty   junction      5592    39.2%    6.0%    0.0%    0.0%    0.0%    0.0%    1.3%   27.3%   26.2%    0.0%
      empty   open          2221    43.9%    7.7%    0.0%    0.0%    0.0%    0.0%    0.0%   22.7%   25.7%    0.0%
      spoil   pocket         969    31.3%    1.4%    0.0%    0.0%    0.0%    0.0%   23.2%   24.6%   19.5%    0.0%
      spoil   corridor       366    41.3%    0.5%    0.0%    0.0%    0.0%    0.0%   11.5%   22.7%   24.0%    0.0%
      spoil   junction      1100    44.6%    0.9%    0.0%    0.0%    0.0%    0.0%    4.9%   24.4%   25.2%    0.0%
      spoil   open           193    58.0%    1.6%    0.0%    0.0%    0.0%    0.0%    0.0%   21.2%   19.2%    0.0%
    DECISIONS: rows not written (decisionnorows)
  140   18  self    0/0            0        0     4356        0        0    0/20        0         19 1 0 0 0
                A READ  ant-readable homeward along >= 0.02 on  32.8% of route-cell samples | FOODWARD   0.4% | plane lit on  33.9% | peak amt  65535 cells  51
                THE LOOP, ANT BY ANT:
                  0. lived                                     20    100.0% of prev    100.0% of all
                  1. reached the food                           0      0.0% of prev      0.0% of all
                  2. picked food up out there                   0      0.0% of prev      0.0% of all
                  3. turned for home with it                    0      0.0% of prev      0.0% of all
                  4. got back to the nest still holding it      0      0.0% of prev      0.0% of all
                  5. PUT IT DOWN there                          0      0.0% of prev      0.0% of all
                  6. went back out again                        0      0.0% of prev      0.0% of all
                  7. reached the food a SECOND time             0      0.0% of prev      0.0% of all
                RETURN LEDGER reached food    0 of   20 ants | came back    0 | trips laden    0 empty    0 | LOOPERS    0 of   20 ants ( 0.0% of those that reached food), repeat    0, most loops by one ant   0
                BY ANCHOR AT PICKUP  anchor ON nest material:    0 loops /    0 pickups (  0.0%) | anchor OFF it:    0 /    0 (  0.0%)
                BY BIRTH SITE  born ON comb:   0 of   0 that reached food looped (  0.0%) | born OFF comb:   0 of   0 (  0.0%)
                founded x   30..68   (nest cursor 48 MATERIAL x 26..70 20 of 20 founders born on it; food 188; nearest founder 120 cells out, farthest 158, nominal gap 140)  occupancy/1k [69 3 0 0 0 0 0 0]  carry->nest       0  born    0 died   20 (starved   20)
                own trail: route pk    0 end    0 along +0.0000  B nest->food [0,0,0,0,0]  blocked      454  kin swaps       0  ticks     12248  tumbles      3542 (homeward        0, 0.00%)  drops       0  DELIVERED     0  leg home n    0 med     0 p90     0 (laden n    0 med     0 p90     0)  appetite held         0 J of         0  trips born-on-comb    0 (20 ants) / born-off    0 (0 ants)
                channel A: PEAK amt  65535 cells   51 (of 141 route)  POLARITY|| +0.29843 && +0.29688 SPAN +0.00858 edge   6.0  end nest->food [12104,2294,0,0,0]  nest   25  AtNest 38.87%
                Carrying: laden     15768  of which SPOIL     15768 (100.0%)
    DECISION CENSUS: 12749 decisions, reconciled against the rows and the engine's counters
      leg     setting          n  stepped    felllaunched swappedcrossingreversedblocked_roll_fairoll_fai no_body
      empty   pocket         634    22.7%   23.3%    0.0%    0.0%    0.0%    0.0%   12.3%   19.6%   22.1%    0.0%
      empty   corridor      1960    51.0%    2.7%    0.0%    0.0%    0.0%    0.0%    1.9%   23.1%   21.3%    0.0%
      empty   junction      5606    38.6%    5.8%    0.0%    0.0%    0.0%    0.0%    0.9%   27.1%   27.6%    0.0%
      empty   open          2119    36.8%    7.3%    0.0%    0.0%    0.0%    0.0%    0.0%   27.8%   28.1%    0.0%
      spoil   pocket         908    28.7%    1.3%    0.0%    0.0%    0.0%    0.0%   22.4%   23.9%   23.7%    0.0%
      spoil   corridor       593    43.3%    0.3%    0.0%    0.0%    0.0%    0.0%    9.3%   23.1%   23.9%    0.0%
      spoil   junction       832    47.8%    0.6%    0.0%    0.0%    0.0%    0.0%    5.2%   22.4%   24.0%    0.0%
      spoil   open            97    34.0%    1.0%    0.0%    0.0%    0.0%    0.0%    0.0%   37.1%   27.8%    0.0%
    DECISIONS: rows not written (decisionnorows)
  140   19  self    0/0            0        0     4710        0        0    0/20        0         19 0 0 1 0
                A READ  ant-readable homeward along >= 0.02 on  36.1% of route-cell samples | FOODWARD   3.1% | plane lit on  42.1% | peak amt  65535 cells 128
                THE LOOP, ANT BY ANT:
                  0. lived                                     20    100.0% of prev    100.0% of all
                  1. reached the food                           0      0.0% of prev      0.0% of all
                  2. picked food up out there                   0      0.0% of prev      0.0% of all
                  3. turned for home with it                    0      0.0% of prev      0.0% of all
                  4. got back to the nest still holding it      0      0.0% of prev      0.0% of all
                  5. PUT IT DOWN there                          0      0.0% of prev      0.0% of all
                  6. went back out again                        0      0.0% of prev      0.0% of all
                  7. reached the food a SECOND time             0      0.0% of prev      0.0% of all
                RETURN LEDGER reached food    0 of   20 ants | came back    0 | trips laden    0 empty    0 | LOOPERS    0 of   20 ants ( 0.0% of those that reached food), repeat    0, most loops by one ant   0
                BY ANCHOR AT PICKUP  anchor ON nest material:    0 loops /    0 pickups (  0.0%) | anchor OFF it:    0 /    0 (  0.0%)
                BY BIRTH SITE  born ON comb:   0 of   0 that reached food looped (  0.0%) | born OFF comb:   0 of   0 (  0.0%)
                founded x   30..68   (nest cursor 48 MATERIAL x 26..70 20 of 20 founders born on it; food 188; nearest founder 120 cells out, farthest 158, nominal gap 140)  occupancy/1k [67 5 0 0 0 0 0 0]  carry->nest       0  born    0 died   20 (starved   20)
                own trail: route pk    0 end    0 along +0.0000  B nest->food [0,0,0,0,0]  blocked      469  kin swaps       0  ticks     12749  tumbles      3729 (homeward        0, 0.00%)  drops       0  DELIVERED     0  leg home n    0 med     0 p90     0 (laden n    0 med     0 p90     0)  appetite held         0 J of         0  trips born-on-comb    0 (20 ants) / born-off    0 (0 ants)
                channel A: PEAK amt  65535 cells  128 (of 141 route)  POLARITY|| +0.25407 && +0.25185 SPAN +0.01591 edge   7.3  end nest->food [11616,2837,0,0,0]  nest   25  AtNest 37.93%
                Carrying: laden     14580  of which SPOIL     14580 (100.0%)
    DECISION CENSUS: 12853 decisions, reconciled against the rows and the engine's counters
      leg     setting          n  stepped    felllaunched swappedcrossingreversedblocked_roll_fairoll_fai no_body
      empty   pocket         698    18.8%   26.9%    0.0%    0.0%    0.0%    0.0%    8.5%   25.2%   20.6%    0.0%
      empty   corridor      1539    46.6%    5.2%    0.0%    0.0%    0.0%    0.0%    1.3%   24.8%   22.2%    0.0%
      empty   junction      6240    38.0%    5.8%    0.0%    0.0%    0.0%    0.0%    1.3%   27.2%   27.7%    0.0%
      empty   open          2109    37.5%    9.4%    0.0%    0.0%    0.0%    0.0%    0.0%   27.5%   25.6%    0.0%
      spoil   pocket         838    29.6%    2.1%    0.0%    0.0%    0.0%    0.0%   22.7%   21.6%   24.0%    0.0%
      spoil   corridor       480    49.6%    0.2%    0.0%    0.0%    0.0%    0.0%    7.1%   23.8%   19.4%    0.0%
      spoil   junction       840    51.1%    1.5%    0.0%    0.0%    0.0%    0.0%    3.8%   20.2%   23.3%    0.0%
      spoil   open           109    54.1%    3.7%    0.0%    0.0%    0.0%    0.0%    0.0%   22.9%   19.3%    0.0%
    DECISIONS: rows not written (decisionnorows)
  140   20  self    0/0            0        0     4212        0        0    0/20        0         16 4 0 0 0
                A READ  ant-readable homeward along >= 0.02 on  39.9% of route-cell samples | FOODWARD   0.3% | plane lit on  40.6% | peak amt  65535 cells  59
                THE LOOP, ANT BY ANT:
                  0. lived                                     20    100.0% of prev    100.0% of all
                  1. reached the food                           0      0.0% of prev      0.0% of all
                  2. picked food up out there                   0      0.0% of prev      0.0% of all
                  3. turned for home with it                    0      0.0% of prev      0.0% of all
                  4. got back to the nest still holding it      0      0.0% of prev      0.0% of all
                  5. PUT IT DOWN there                          0      0.0% of prev      0.0% of all
                  6. went back out again                        0      0.0% of prev      0.0% of all
                  7. reached the food a SECOND time             0      0.0% of prev      0.0% of all
                RETURN LEDGER reached food    0 of   20 ants | came back    0 | trips laden    0 empty    0 | LOOPERS    0 of   20 ants ( 0.0% of those that reached food), repeat    0, most loops by one ant   0
                BY ANCHOR AT PICKUP  anchor ON nest material:    0 loops /    0 pickups (  0.0%) | anchor OFF it:    0 /    0 (  0.0%)
                BY BIRTH SITE  born ON comb:   0 of   0 that reached food looped (  0.0%) | born OFF comb:   0 of   0 (  0.0%)
                founded x   30..68   (nest cursor 48 MATERIAL x 26..70 20 of 20 founders born on it; food 188; nearest founder 120 cells out, farthest 158, nominal gap 140)  occupancy/1k [64 10 2 0 0 0 0 0]  carry->nest       0  born    0 died   20 (starved   20)
                own trail: route pk    0 end    0 along +0.0000  B nest->food [0,0,0,0,0]  blocked      415  kin swaps       0  ticks     12853  tumbles      3742 (homeward        0, 0.00%)  drops       0  DELIVERED     0  leg home n    0 med     0 p90     0 (laden n    0 med     0 p90     0)  appetite held         0 J of         0  trips born-on-comb    0 (20 ants) / born-off    0 (0 ants)
                channel A: PEAK amt  65535 cells   59 (of 141 route)  POLARITY|| +0.25770 && +0.26340 SPAN +0.02638 edge   6.0  end nest->food [11369,2600,0,0,0]  nest   25  AtNest 35.78%
                Carrying: laden     13602  of which SPOIL     13602 (100.0%)
    DECISION CENSUS: 12769 decisions, reconciled against the rows and the engine's counters
      leg     setting          n  stepped    felllaunched swappedcrossingreversedblocked_roll_fairoll_fai no_body
      empty   pocket         733    18.3%   29.5%    0.0%    0.0%    0.0%    0.0%    8.6%   20.6%   23.1%    0.0%
      empty   corridor      1592    45.8%    4.8%    0.0%    0.0%    0.0%    0.0%    1.8%   24.3%   23.3%    0.0%
      empty   junction      5992    37.1%    7.3%    0.0%    0.0%    0.0%    0.0%    1.6%   27.2%   26.8%    0.0%
      empty   open          2224    46.9%    8.7%    0.0%    0.0%    0.0%    0.0%    0.0%   21.9%   22.6%    0.0%
      spoil   pocket         691    32.9%    0.4%    0.0%    0.0%    0.0%    0.0%   28.1%   17.5%   21.1%    0.0%
      spoil   corridor       455    42.4%    0.7%    0.0%    0.0%    0.0%    0.0%    9.5%   25.5%   22.0%    0.0%
      spoil   junction       936    46.3%    1.6%    0.0%    0.0%    0.0%    0.0%    6.5%   21.5%   24.1%    0.0%
      spoil   open           146    58.9%    4.1%    0.0%    0.0%    0.0%    0.0%    0.0%   17.1%   19.9%    0.0%
    DECISIONS: rows not written (decisionnorows)
  140   21  self    0/0            0        0     4248        0        0    0/20        0         18 1 1 0 0
                A READ  ant-readable homeward along >= 0.02 on  41.9% of route-cell samples | FOODWARD   0.5% | plane lit on  41.1% | peak amt  65535 cells  83
                THE LOOP, ANT BY ANT:
                  0. lived                                     20    100.0% of prev    100.0% of all
                  1. reached the food                           0      0.0% of prev      0.0% of all
                  2. picked food up out there                   0      0.0% of prev      0.0% of all
                  3. turned for home with it                    0      0.0% of prev      0.0% of all
                  4. got back to the nest still holding it      0      0.0% of prev      0.0% of all
                  5. PUT IT DOWN there                          0      0.0% of prev      0.0% of all
                  6. went back out again                        0      0.0% of prev      0.0% of all
                  7. reached the food a SECOND time             0      0.0% of prev      0.0% of all
                RETURN LEDGER reached food    0 of   20 ants | came back    0 | trips laden    0 empty    0 | LOOPERS    0 of   20 ants ( 0.0% of those that reached food), repeat    0, most loops by one ant   0
                BY ANCHOR AT PICKUP  anchor ON nest material:    0 loops /    0 pickups (  0.0%) | anchor OFF it:    0 /    0 (  0.0%)
                BY BIRTH SITE  born ON comb:   0 of   0 that reached food looped (  0.0%) | born OFF comb:   0 of   0 (  0.0%)
                founded x   30..68   (nest cursor 48 MATERIAL x 26..70 20 of 20 founders born on it; food 188; nearest founder 120 cells out, farthest 158, nominal gap 140)  occupancy/1k [62 12 1 0 0 0 0 0]  carry->nest       0  born    0 died   20 (starved   20)
                own trail: route pk    0 end    0 along +0.0000  B nest->food [0,0,0,0,0]  blocked      483  kin swaps       0  ticks     12769  tumbles      3601 (homeward        0, 0.00%)  drops       0  DELIVERED     0  leg home n    0 med     0 p90     0 (laden n    0 med     0 p90     0)  appetite held         0 J of         0  trips born-on-comb    0 (20 ants) / born-off    0 (0 ants)
                channel A: PEAK amt  65535 cells   83 (of 141 route)  POLARITY|| +0.24986 && +0.25279 SPAN +0.02453 edge   6.0  end nest->food [11498,2453,0,0,0]  nest   25  AtNest 34.43%
                Carrying: laden     13368  of which SPOIL     13368 (100.0%)
    DECISION CENSUS: 12422 decisions, reconciled against the rows and the engine's counters
      leg     setting          n  stepped    felllaunched swappedcrossingreversedblocked_roll_fairoll_fai no_body
      empty   pocket         685    18.4%   24.5%    0.0%    0.0%    0.0%    0.0%    9.2%   21.9%   26.0%    0.0%
      empty   corridor      1774    47.4%    4.2%    0.0%    0.0%    0.0%    0.0%    1.3%   24.7%   22.4%    0.0%
      empty   junction      5795    40.3%    7.0%    0.0%    0.0%    0.0%    0.0%    1.0%   25.0%   26.6%    0.0%
      empty   open          2154    43.9%    7.0%    0.0%    0.0%    0.0%    0.0%    0.0%   25.3%   23.9%    0.0%
      spoil   pocket         440    26.1%    3.0%    0.0%    0.0%    0.0%    0.0%   20.7%   23.6%   26.6%    0.0%
      spoil   corridor       438    41.1%    0.9%    0.0%    0.0%    0.0%    0.0%   10.3%   25.6%   22.1%    0.0%
      spoil   junction       981    46.8%    0.5%    0.0%    0.0%    0.0%    0.0%    4.9%   25.3%   22.5%    0.0%
      spoil   open           155    50.3%    1.3%    0.0%    0.0%    0.0%    0.0%    0.0%   24.5%   23.9%    0.0%
    DECISIONS: rows not written (decisionnorows)
  140   22  self    0/0            0        0     4188        0        0    0/20        0         16 2 2 0 0
                A READ  ant-readable homeward along >= 0.02 on  41.5% of route-cell samples | FOODWARD   2.5% | plane lit on  45.3% | peak amt  65535 cells  88
                THE LOOP, ANT BY ANT:
                  0. lived                                     20    100.0% of prev    100.0% of all
                  1. reached the food                           0      0.0% of prev      0.0% of all
                  2. picked food up out there                   0      0.0% of prev      0.0% of all
                  3. turned for home with it                    0      0.0% of prev      0.0% of all
                  4. got back to the nest still holding it      0      0.0% of prev      0.0% of all
                  5. PUT IT DOWN there                          0      0.0% of prev      0.0% of all
                  6. went back out again                        0      0.0% of prev      0.0% of all
                  7. reached the food a SECOND time             0      0.0% of prev      0.0% of all
                RETURN LEDGER reached food    0 of   20 ants | came back    0 | trips laden    0 empty    0 | LOOPERS    0 of   20 ants ( 0.0% of those that reached food), repeat    0, most loops by one ant   0
                BY ANCHOR AT PICKUP  anchor ON nest material:    0 loops /    0 pickups (  0.0%) | anchor OFF it:    0 /    0 (  0.0%)
                BY BIRTH SITE  born ON comb:   0 of   0 that reached food looped (  0.0%) | born OFF comb:   0 of   0 (  0.0%)
                founded x   30..68   (nest cursor 48 MATERIAL x 26..70 20 of 20 founders born on it; food 188; nearest founder 120 cells out, farthest 158, nominal gap 140)  occupancy/1k [58 11 2 0 0 0 0 0]  carry->nest       0  born    0 died   20 (starved   20)
                own trail: route pk    0 end    0 along +0.0000  B nest->food [0,0,0,0,0]  blocked      330  kin swaps       0  ticks     12422  tumbles      3415 (homeward        0, 0.00%)  drops       0  DELIVERED     0  leg home n    0 med     0 p90     0 (laden n    0 med     0 p90     0)  appetite held         0 J of         0  trips born-on-comb    0 (20 ants) / born-off    0 (0 ants)
                channel A: PEAK amt  65535 cells   88 (of 141 route)  POLARITY|| +0.23163 && +0.23151 SPAN +0.02226 edge   6.3  end nest->food [11929,3203,0,0,0]  nest   25  AtNest 38.91%
                Carrying: laden     12084  of which SPOIL     12084 (100.0%)
    DECISION CENSUS: 12379 decisions, reconciled against the rows and the engine's counters
      leg     setting          n  stepped    felllaunched swappedcrossingreversedblocked_roll_fairoll_fai no_body
      empty   pocket         506    18.2%   28.3%    0.0%    0.0%    0.0%    0.0%    7.5%   24.7%   21.3%    0.0%
      empty   corridor      1557    44.6%    3.7%    0.0%    0.0%    0.0%    0.0%    1.7%   24.1%   25.8%    0.0%
      empty   junction      5641    38.2%    5.7%    0.0%    0.0%    0.0%    0.0%    1.0%   28.2%   26.9%    0.0%
      empty   open          2207    41.5%    9.7%    0.0%    0.0%    0.0%    0.0%    0.0%   25.1%   23.7%    0.0%
      spoil   pocket         558    28.1%    2.2%    0.0%    0.0%    0.0%    0.0%   22.4%   25.1%   22.2%    0.0%
      spoil   corridor       629    38.8%    0.3%    0.0%    0.0%    0.0%    0.0%   16.2%   23.5%   21.1%    0.0%
      spoil   junction      1129    47.8%    1.1%    0.0%    0.0%    0.0%    0.0%    4.3%   24.2%   22.6%    0.0%
      spoil   open           152    57.2%    3.9%    0.0%    0.0%    0.0%    0.0%    0.0%   19.7%   19.1%    0.0%
    DECISIONS: rows not written (decisionnorows)
  140   23  self    0/0            0        0     4698        0        0    0/20        0         19 1 0 0 0
                A READ  ant-readable homeward along >= 0.02 on  34.4% of route-cell samples | FOODWARD   1.0% | plane lit on  37.5% | peak amt  65535 cells  65
                THE LOOP, ANT BY ANT:
                  0. lived                                     20    100.0% of prev    100.0% of all
                  1. reached the food                           0      0.0% of prev      0.0% of all
                  2. picked food up out there                   0      0.0% of prev      0.0% of all
                  3. turned for home with it                    0      0.0% of prev      0.0% of all
                  4. got back to the nest still holding it      0      0.0% of prev      0.0% of all
                  5. PUT IT DOWN there                          0      0.0% of prev      0.0% of all
                  6. went back out again                        0      0.0% of prev      0.0% of all
                  7. reached the food a SECOND time             0      0.0% of prev      0.0% of all
                RETURN LEDGER reached food    0 of   20 ants | came back    0 | trips laden    0 empty    0 | LOOPERS    0 of   20 ants ( 0.0% of those that reached food), repeat    0, most loops by one ant   0
                BY ANCHOR AT PICKUP  anchor ON nest material:    0 loops /    0 pickups (  0.0%) | anchor OFF it:    0 /    0 (  0.0%)
                BY BIRTH SITE  born ON comb:   0 of   0 that reached food looped (  0.0%) | born OFF comb:   0 of   0 (  0.0%)
                founded x   30..68   (nest cursor 48 MATERIAL x 26..70 20 of 20 founders born on it; food 188; nearest founder 120 cells out, farthest 158, nominal gap 140)  occupancy/1k [63 8 1 0 0 0 0 0]  carry->nest       0  born    0 died   20 (starved   20)
                own trail: route pk    0 end    0 along +0.0000  B nest->food [0,0,0,0,0]  blocked      398  kin swaps       0  ticks     12379  tumbles      3633 (homeward        0, 0.00%)  drops       0  DELIVERED     0  leg home n    0 med     0 p90     0 (laden n    0 med     0 p90     0)  appetite held         0 J of         0  trips born-on-comb    0 (20 ants) / born-off    0 (0 ants)
                channel A: PEAK amt  65535 cells   65 (of 141 route)  POLARITY|| +0.27322 && +0.27049 SPAN +0.01884 edge   6.0  end nest->food [12077,2918,0,0,0]  nest   25  AtNest 41.04%
                Carrying: laden     14808  of which SPOIL     14808 (100.0%)
    DECISION CENSUS: 11857 decisions, reconciled against the rows and the engine's counters
      leg     setting          n  stepped    felllaunched swappedcrossingreversedblocked_roll_fairoll_fai no_body
      empty   pocket         538    16.4%   32.5%    0.0%    0.0%    0.0%    0.0%    7.1%   21.4%   22.7%    0.0%
      empty   corridor      1258    45.7%    5.5%    0.0%    0.0%    0.0%    0.0%    2.2%   24.0%   22.6%    0.0%
      empty   junction      5936    36.3%    7.2%    0.0%    0.0%    0.0%    0.0%    0.9%   27.4%   28.3%    0.0%
      empty   open          2271    43.3%    9.4%    0.0%    0.0%    0.0%    0.0%    0.0%   23.2%   24.1%    0.0%
      spoil   pocket         365    27.7%    4.4%    0.0%    0.0%    0.0%    0.0%   22.7%   23.6%   21.6%    0.0%
      spoil   corridor       457    43.3%    0.2%    0.0%    0.0%    0.0%    0.0%   15.3%   20.8%   20.4%    0.0%
      spoil   junction       870    47.7%    1.5%    0.0%    0.0%    0.0%    0.0%    5.6%   22.8%   22.4%    0.0%
      spoil   open           162    50.0%    5.6%    0.0%    0.0%    0.0%    0.0%    0.0%   22.8%   21.6%    0.0%
    DECISIONS: rows not written (decisionnorows)
  140   24  self    0/0            0        0     4302        0        0    0/20        0         17 3 0 0 0
                A READ  ant-readable homeward along >= 0.02 on  34.5% of route-cell samples | FOODWARD   2.4% | plane lit on  39.9% | peak amt  65535 cells  60
                THE LOOP, ANT BY ANT:
                  0. lived                                     20    100.0% of prev    100.0% of all
                  1. reached the food                           0      0.0% of prev      0.0% of all
                  2. picked food up out there                   0      0.0% of prev      0.0% of all
                  3. turned for home with it                    0      0.0% of prev      0.0% of all
                  4. got back to the nest still holding it      0      0.0% of prev      0.0% of all
                  5. PUT IT DOWN there                          0      0.0% of prev      0.0% of all
                  6. went back out again                        0      0.0% of prev      0.0% of all
                  7. reached the food a SECOND time             0      0.0% of prev      0.0% of all
                RETURN LEDGER reached food    0 of   20 ants | came back    0 | trips laden    0 empty    0 | LOOPERS    0 of   20 ants ( 0.0% of those that reached food), repeat    0, most loops by one ant   0
                BY ANCHOR AT PICKUP  anchor ON nest material:    0 loops /    0 pickups (  0.0%) | anchor OFF it:    0 /    0 (  0.0%)
                BY BIRTH SITE  born ON comb:   0 of   0 that reached food looped (  0.0%) | born OFF comb:   0 of   0 (  0.0%)
                founded x   30..68   (nest cursor 48 MATERIAL x 26..70 20 of 20 founders born on it; food 188; nearest founder 120 cells out, farthest 158, nominal gap 140)  occupancy/1k [56 12 2 0 0 0 0 0]  carry->nest       0  born    0 died   20 (starved   19)
                own trail: route pk    0 end    0 along +0.0000  B nest->food [0,0,0,0,0]  blocked      321  kin swaps       0  ticks     11858  tumbles      3305 (homeward        0, 0.00%)  drops       0  DELIVERED     0  leg home n    0 med     0 p90     0 (laden n    0 med     0 p90     0)  appetite held         0 J of         0  trips born-on-comb    0 (20 ants) / born-off    0 (0 ants)
                channel A: PEAK amt  65535 cells   60 (of 141 route)  POLARITY|| +0.25713 && +0.25574 SPAN +0.00571 edge   6.0  end nest->food [11122,4007,0,0,0]  nest   25  AtNest 37.43%
                Carrying: laden     11130  of which SPOIL     11130 (100.0%)
    DECISION CENSUS: 12580 decisions, reconciled against the rows and the engine's counters
      leg     setting          n  stepped    felllaunched swappedcrossingreversedblocked_roll_fairoll_fai no_body
      empty   pocket         478    13.8%   37.2%    0.0%    0.0%    0.0%    0.0%    4.0%   23.4%   21.5%    0.0%
      empty   corridor      1565    46.5%    4.7%    0.0%    0.0%    0.0%    0.0%    1.6%   23.2%   24.0%    0.0%
      empty   junction      6138    39.9%    6.5%    0.0%    0.0%    0.0%    0.0%    1.4%   25.9%   26.3%    0.0%
      empty   open          2622    42.0%    8.5%    0.0%    0.0%    0.0%    0.0%    0.0%   24.9%   24.7%    0.0%
      spoil   pocket         265    25.7%    1.5%    0.0%    0.0%    0.0%    0.0%   21.5%   27.2%   24.2%    0.0%
      spoil   corridor       420    38.6%    0.7%    0.0%    0.0%    0.0%    0.0%   11.4%   24.8%   24.5%    0.0%
      spoil   junction       944    45.7%    1.1%    0.0%    0.0%    0.0%    0.0%    5.1%   25.2%   23.0%    0.0%
      spoil   open           148    53.4%    4.7%    0.0%    0.0%    0.0%    0.0%    0.0%   20.3%   21.6%    0.0%
    DECISIONS: rows not written (decisionnorows)
  200    1  self    0/0            0        0     4548        0        0    0/20        0         20 0 0 0 0
                A READ  ant-readable homeward along >= 0.02 on  23.1% of route-cell samples | FOODWARD   0.3% | plane lit on  25.5% | peak amt  65535 cells  55
                THE LOOP, ANT BY ANT:
                  0. lived                                     20    100.0% of prev    100.0% of all
                  1. reached the food                           0      0.0% of prev      0.0% of all
                  2. picked food up out there                   0      0.0% of prev      0.0% of all
                  3. turned for home with it                    0      0.0% of prev      0.0% of all
                  4. got back to the nest still holding it      0      0.0% of prev      0.0% of all
                  5. PUT IT DOWN there                          0      0.0% of prev      0.0% of all
                  6. went back out again                        0      0.0% of prev      0.0% of all
                  7. reached the food a SECOND time             0      0.0% of prev      0.0% of all
                RETURN LEDGER reached food    0 of   20 ants | came back    0 | trips laden    0 empty    0 | LOOPERS    0 of   20 ants ( 0.0% of those that reached food), repeat    0, most loops by one ant   0
                BY ANCHOR AT PICKUP  anchor ON nest material:    0 loops /    0 pickups (  0.0%) | anchor OFF it:    0 /    0 (  0.0%)
                BY BIRTH SITE  born ON comb:   0 of   0 that reached food looped (  0.0%) | born OFF comb:   0 of   0 (  0.0%)
                founded x   30..68   (nest cursor 48 MATERIAL x 26..70 20 of 20 founders born on it; food 248; nearest founder 180 cells out, farthest 218, nominal gap 200)  occupancy/1k [71 3 0 0 0 0 0 0]  carry->nest       0  born    0 died   20 (starved   20)
                own trail: route pk    0 end    0 along +0.0000  B nest->food [0,0,0,0,0]  blocked      280  kin swaps       0  ticks     12580  tumbles      3439 (homeward        0, 0.00%)  drops       0  DELIVERED     0  leg home n    0 med     0 p90     0 (laden n    0 med     0 p90     0)  appetite held         0 J of         0  trips born-on-comb    0 (20 ants) / born-off    0 (0 ants)
                channel A: PEAK amt  65535 cells   55 (of 201 route)  POLARITY|| +0.28187 && +0.27633 SPAN +0.00683 edge   6.0  end nest->food [12029,225,0,0,0]  nest   25  AtNest 35.26%
                Carrying: laden     10662  of which SPOIL     10662 (100.0%)
    DECISION CENSUS: 12211 decisions, reconciled against the rows and the engine's counters
      leg     setting          n  stepped    felllaunched swappedcrossingreversedblocked_roll_fairoll_fai no_body
      empty   pocket         518    16.8%   28.4%    0.0%    0.0%    0.0%    0.0%    5.0%   25.9%   23.9%    0.0%
      empty   corridor      1613    49.0%    3.6%    0.0%    0.0%    0.0%    0.0%    1.9%   23.8%   21.8%    0.0%
      empty   junction      5853    39.5%    5.8%    0.0%    0.0%    0.0%    0.0%    1.3%   26.9%   26.5%    0.0%
      empty   open          1918    43.0%    7.0%    0.0%    0.0%    0.0%    0.0%    0.0%   24.3%   25.7%    0.0%
      spoil   pocket         472    24.4%    2.3%    0.0%    0.0%    0.0%    0.0%   18.9%   26.1%   28.4%    0.0%
      spoil   corridor       700    46.9%    0.3%    0.0%    0.0%    0.0%    0.0%    7.4%   20.9%   24.6%    0.0%
      spoil   junction       947    51.5%    0.5%    0.0%    0.0%    0.0%    0.0%    3.9%   20.6%   23.4%    0.0%
      spoil   open           190    47.4%    2.1%    0.0%    0.0%    0.0%    0.0%    0.0%   31.6%   18.9%    0.0%
    DECISIONS: rows not written (decisionnorows)
  200    2  self    0/0            0        0     4122        0        0    0/20        0         20 0 0 0 0
                A READ  ant-readable homeward along >= 0.02 on  23.9% of route-cell samples | FOODWARD   0.4% | plane lit on  26.4% | peak amt  65535 cells  56
                THE LOOP, ANT BY ANT:
                  0. lived                                     20    100.0% of prev    100.0% of all
                  1. reached the food                           0      0.0% of prev      0.0% of all
                  2. picked food up out there                   0      0.0% of prev      0.0% of all
                  3. turned for home with it                    0      0.0% of prev      0.0% of all
                  4. got back to the nest still holding it      0      0.0% of prev      0.0% of all
                  5. PUT IT DOWN there                          0      0.0% of prev      0.0% of all
                  6. went back out again                        0      0.0% of prev      0.0% of all
                  7. reached the food a SECOND time             0      0.0% of prev      0.0% of all
                RETURN LEDGER reached food    0 of   20 ants | came back    0 | trips laden    0 empty    0 | LOOPERS    0 of   20 ants ( 0.0% of those that reached food), repeat    0, most loops by one ant   0
                BY ANCHOR AT PICKUP  anchor ON nest material:    0 loops /    0 pickups (  0.0%) | anchor OFF it:    0 /    0 (  0.0%)
                BY BIRTH SITE  born ON comb:   0 of   0 that reached food looped (  0.0%) | born OFF comb:   0 of   0 (  0.0%)
                founded x   30..68   (nest cursor 48 MATERIAL x 26..70 20 of 20 founders born on it; food 248; nearest founder 180 cells out, farthest 218, nominal gap 200)  occupancy/1k [69 3 0 0 0 0 0 0]  carry->nest       0  born    0 died   20 (starved   20)
                own trail: route pk    0 end    0 along +0.0000  B nest->food [0,0,0,0,0]  blocked      308  kin swaps       0  ticks     12211  tumbles      3391 (homeward        0, 0.00%)  drops       0  DELIVERED     0  leg home n    0 med     0 p90     0 (laden n    0 med     0 p90     0)  appetite held         0 J of         0  trips born-on-comb    0 (20 ants) / born-off    0 (0 ants)
                channel A: PEAK amt  65535 cells   56 (of 201 route)  POLARITY|| +0.26821 && +0.26065 SPAN +0.01174 edge   6.0  end nest->food [11979,287,0,0,0]  nest   25  AtNest 44.54%
                Carrying: laden     13854  of which SPOIL     13854 (100.0%)
    DECISION CENSUS: 12406 decisions, reconciled against the rows and the engine's counters
      leg     setting          n  stepped    felllaunched swappedcrossingreversedblocked_roll_fairoll_fai no_body
      empty   pocket         563    20.1%   28.4%    0.0%    0.0%    0.0%    0.0%   11.2%   21.7%   18.7%    0.0%
      empty   corridor      1436    45.5%    4.8%    0.0%    0.0%    0.0%    0.0%    1.7%   25.3%   22.6%    0.0%
      empty   junction      6303    36.8%    5.5%    0.0%    0.0%    0.0%    0.0%    1.3%   28.0%   28.5%    0.0%
      empty   open          1870    42.6%    7.2%    0.0%    0.0%    0.0%    0.0%    0.0%   24.7%   25.6%    0.0%
      spoil   pocket         697    28.4%    3.0%    0.0%    0.0%    0.0%    0.0%   22.5%   22.0%   24.1%    0.0%
      spoil   corridor       471    41.6%    0.6%    0.0%    0.0%    0.0%    0.0%   12.1%   21.4%   24.2%    0.0%
      spoil   junction       937    45.5%    1.1%    0.0%    0.0%    0.0%    0.0%    5.5%   23.7%   24.2%    0.0%
      spoil   open           129    56.6%    3.9%    0.0%    0.0%    0.0%    0.0%    0.0%   22.5%   17.1%    0.0%
    DECISIONS: rows not written (decisionnorows)
  200    3  self    0/0            0        0     4542        0        0    0/20        0         20 0 0 0 0
                A READ  ant-readable homeward along >= 0.02 on  23.0% of route-cell samples | FOODWARD   0.9% | plane lit on  26.5% | peak amt  65535 cells  57
                THE LOOP, ANT BY ANT:
                  0. lived                                     20    100.0% of prev    100.0% of all
                  1. reached the food                           0      0.0% of prev      0.0% of all
                  2. picked food up out there                   0      0.0% of prev      0.0% of all
                  3. turned for home with it                    0      0.0% of prev      0.0% of all
                  4. got back to the nest still holding it      0      0.0% of prev      0.0% of all
                  5. PUT IT DOWN there                          0      0.0% of prev      0.0% of all
                  6. went back out again                        0      0.0% of prev      0.0% of all
                  7. reached the food a SECOND time             0      0.0% of prev      0.0% of all
                RETURN LEDGER reached food    0 of   20 ants | came back    0 | trips laden    0 empty    0 | LOOPERS    0 of   20 ants ( 0.0% of those that reached food), repeat    0, most loops by one ant   0
                BY ANCHOR AT PICKUP  anchor ON nest material:    0 loops /    0 pickups (  0.0%) | anchor OFF it:    0 /    0 (  0.0%)
                BY BIRTH SITE  born ON comb:   0 of   0 that reached food looped (  0.0%) | born OFF comb:   0 of   0 (  0.0%)
                founded x   30..68   (nest cursor 48 MATERIAL x 26..70 20 of 20 founders born on it; food 248; nearest founder 180 cells out, farthest 218, nominal gap 200)  occupancy/1k [69 4 0 0 0 0 0 0]  carry->nest       0  born    0 died   20 (starved   19)
                own trail: route pk    0 end    0 along +0.0000  B nest->food [0,0,0,0,0]  blocked      432  kin swaps       0  ticks     12407  tumbles      3646 (homeward        0, 0.00%)  drops       0  DELIVERED     0  leg home n    0 med     0 p90     0 (laden n    0 med     0 p90     0)  appetite held         0 J of         0  trips born-on-comb    0 (20 ants) / born-off    0 (0 ants)
                channel A: PEAK amt  65535 cells   57 (of 201 route)  POLARITY|| +0.26804 && +0.25924 SPAN +0.00728 edge   6.0  end nest->food [11928,502,0,0,0]  nest   25  AtNest 42.04%
                Carrying: laden     13410  of which SPOIL     13410 (100.0%)
    DECISION CENSUS: 12354 decisions, reconciled against the rows and the engine's counters
      leg     setting          n  stepped    felllaunched swappedcrossingreversedblocked_roll_fairoll_fai no_body
      empty   pocket         420    17.9%   26.4%    0.0%    0.0%    0.0%    0.0%    6.4%   23.8%   25.5%    0.0%
      empty   corridor      2225    49.2%    2.6%    0.0%    0.0%    0.0%    0.0%    1.0%   24.0%   23.1%    0.0%
      empty   junction      5178    38.4%    5.9%    0.0%    0.0%    0.0%    0.0%    1.2%   27.4%   27.0%    0.0%
      empty   open          2207    40.4%    7.7%    0.0%    0.0%    0.0%    0.0%    0.0%   26.5%   25.5%    0.0%
      spoil   pocket         569    28.8%    1.9%    0.0%    0.0%    0.0%    0.0%   22.8%   22.1%   24.3%    0.0%
      spoil   corridor       594    47.5%    1.0%    0.0%    0.0%    0.0%    0.0%   10.8%   21.0%   19.7%    0.0%
      spoil   junction      1042    48.4%    1.4%    0.0%    0.0%    0.0%    0.0%    4.5%   22.9%   22.7%    0.0%
      spoil   open           119    53.8%    3.4%    0.0%    0.0%    0.0%    0.0%    0.0%   21.8%   21.0%    0.0%
    DECISIONS: rows not written (decisionnorows)
  200    4  self    0/0            0        0     4482        0        0    0/20        0         18 1 1 0 0
                A READ  ant-readable homeward along >= 0.02 on  28.6% of route-cell samples | FOODWARD   1.2% | plane lit on  32.0% | peak amt  65535 cells 109
                THE LOOP, ANT BY ANT:
                  0. lived                                     20    100.0% of prev    100.0% of all
                  1. reached the food                           0      0.0% of prev      0.0% of all
                  2. picked food up out there                   0      0.0% of prev      0.0% of all
                  3. turned for home with it                    0      0.0% of prev      0.0% of all
                  4. got back to the nest still holding it      0      0.0% of prev      0.0% of all
                  5. PUT IT DOWN there                          0      0.0% of prev      0.0% of all
                  6. went back out again                        0      0.0% of prev      0.0% of all
                  7. reached the food a SECOND time             0      0.0% of prev      0.0% of all
                RETURN LEDGER reached food    0 of   20 ants | came back    0 | trips laden    0 empty    0 | LOOPERS    0 of   20 ants ( 0.0% of those that reached food), repeat    0, most loops by one ant   0
                BY ANCHOR AT PICKUP  anchor ON nest material:    0 loops /    0 pickups (  0.0%) | anchor OFF it:    0 /    0 (  0.0%)
                BY BIRTH SITE  born ON comb:   0 of   0 that reached food looped (  0.0%) | born OFF comb:   0 of   0 (  0.0%)
                founded x   30..68   (nest cursor 48 MATERIAL x 26..70 20 of 20 founders born on it; food 248; nearest founder 180 cells out, farthest 218, nominal gap 200)  occupancy/1k [68 3 0 1 0 0 0 0]  carry->nest       0  born    0 died   20 (starved   20)
                own trail: route pk    0 end    0 along +0.0000  B nest->food [0,0,0,0,0]  blocked      352  kin swaps       0  ticks     12354  tumbles      3508 (homeward        0, 0.00%)  drops       0  DELIVERED     0  leg home n    0 med     0 p90     0 (laden n    0 med     0 p90     0)  appetite held         0 J of         0  trips born-on-comb    0 (20 ants) / born-off    0 (0 ants)
                channel A: PEAK amt  65535 cells  109 (of 201 route)  POLARITY|| +0.23955 && +0.24226 SPAN +0.01961 edge   6.1  end nest->food [11659,260,0,0,0]  nest   25  AtNest 41.02%
                Carrying: laden     13944  of which SPOIL     13944 (100.0%)
    DECISION CENSUS: 12346 decisions, reconciled against the rows and the engine's counters
      leg     setting          n  stepped    felllaunched swappedcrossingreversedblocked_roll_fairoll_fai no_body
      empty   pocket         899    24.8%   18.9%    0.0%    0.0%    0.0%    0.0%   13.7%   21.2%   21.4%    0.0%
      empty   corridor      1220    43.4%    5.7%    0.0%    0.0%    0.0%    0.0%    0.8%   24.6%   25.4%    0.0%
      empty   junction      5330    37.1%    5.0%    0.0%    0.0%    0.0%    0.0%    1.0%   28.4%   28.4%    0.0%
      empty   open          1507    40.3%    6.1%    0.0%    0.0%    0.0%    0.0%    0.0%   28.2%   25.4%    0.0%
      spoil   pocket        1445    30.9%    0.1%    0.0%    0.0%    0.0%    0.0%   24.8%   23.3%   21.0%    0.0%
      spoil   corridor       869    45.2%    0.3%    0.0%    0.0%    0.0%    0.0%    9.0%   22.9%   22.6%    0.0%
      spoil   junction      1013    50.6%    0.5%    0.0%    0.0%    0.0%    0.0%    3.7%   22.6%   22.6%    0.0%
      spoil   open            63    54.0%    4.8%    0.0%    0.0%    0.0%    0.0%    0.0%   15.9%   25.4%    0.0%
    DECISIONS: rows not written (decisionnorows)
  200    5  self    0/0            0        0     4278        0        0    0/20        0         19 1 0 0 0
                A READ  ant-readable homeward along >= 0.02 on  23.6% of route-cell samples | FOODWARD   0.4% | plane lit on  26.6% | peak amt  65535 cells  58
                THE LOOP, ANT BY ANT:
                  0. lived                                     20    100.0% of prev    100.0% of all
                  1. reached the food                           0      0.0% of prev      0.0% of all
                  2. picked food up out there                   0      0.0% of prev      0.0% of all
                  3. turned for home with it                    0      0.0% of prev      0.0% of all
                  4. got back to the nest still holding it      0      0.0% of prev      0.0% of all
                  5. PUT IT DOWN there                          0      0.0% of prev      0.0% of all
                  6. went back out again                        0      0.0% of prev      0.0% of all
                  7. reached the food a SECOND time             0      0.0% of prev      0.0% of all
                RETURN LEDGER reached food    0 of   20 ants | came back    0 | trips laden    0 empty    0 | LOOPERS    0 of   20 ants ( 0.0% of those that reached food), repeat    0, most loops by one ant   0
                BY ANCHOR AT PICKUP  anchor ON nest material:    0 loops /    0 pickups (  0.0%) | anchor OFF it:    0 /    0 (  0.0%)
                BY BIRTH SITE  born ON comb:   0 of   0 that reached food looped (  0.0%) | born OFF comb:   0 of   0 (  0.0%)
                founded x   30..68   (nest cursor 48 MATERIAL x 26..70 20 of 20 founders born on it; food 248; nearest founder 180 cells out, farthest 218, nominal gap 200)  occupancy/1k [71 2 0 0 0 0 0 0]  carry->nest       0  born    0 died   20 (starved   19)
                own trail: route pk    0 end    0 along +0.0000  B nest->food [0,0,0,0,0]  blocked      660  kin swaps       0  ticks     12347  tumbles      3862 (homeward        0, 0.00%)  drops       0  DELIVERED     0  leg home n    0 med     0 p90     0 (laden n    0 med     0 p90     0)  appetite held         0 J of         0  trips born-on-comb    0 (20 ants) / born-off    0 (0 ants)
                channel A: PEAK amt  65535 cells   58 (of 201 route)  POLARITY|| +0.26697 && +0.26495 SPAN +0.00597 edge   6.0  end nest->food [11909,308,0,0,0]  nest   25  AtNest 41.15%
                Carrying: laden     20340  of which SPOIL     20340 (100.0%)
    DECISION CENSUS: 12787 decisions, reconciled against the rows and the engine's counters
      leg     setting          n  stepped    felllaunched swappedcrossingreversedblocked_roll_fairoll_fai no_body
      empty   pocket         571    14.9%   33.8%    0.0%    0.0%    0.0%    0.0%    6.1%   23.5%   21.7%    0.0%
      empty   corridor      1979    50.6%    3.5%    0.0%    0.0%    0.0%    0.0%    1.3%   20.8%   23.7%    0.0%
      empty   junction      6380    36.3%    6.0%    0.0%    0.0%    0.0%    0.0%    1.1%   28.2%   28.4%    0.0%
      empty   open          2100    42.3%    8.0%    0.0%    0.0%    0.0%    0.0%    0.0%   25.0%   24.7%    0.0%
      spoil   pocket         432    29.9%    1.2%    0.0%    0.0%    0.0%    0.0%   23.6%   22.5%   22.9%    0.0%
      spoil   corridor       316    37.7%    0.9%    0.0%    0.0%    0.0%    0.0%   11.7%   21.5%   28.2%    0.0%
      spoil   junction       869    48.7%    2.6%    0.0%    0.0%    0.0%    0.0%    3.2%   22.9%   22.6%    0.0%
      spoil   open           140    62.9%    2.1%    0.0%    0.0%    0.0%    0.0%    0.0%   17.1%   17.9%    0.0%
    DECISIONS: rows not written (decisionnorows)
  200    6  self    0/0            0        0     5046        0        0    0/20        0         18 2 0 0 0
                A READ  ant-readable homeward along >= 0.02 on  28.7% of route-cell samples | FOODWARD   0.8% | plane lit on  31.3% | peak amt  65535 cells  68
                THE LOOP, ANT BY ANT:
                  0. lived                                     20    100.0% of prev    100.0% of all
                  1. reached the food                           0      0.0% of prev      0.0% of all
                  2. picked food up out there                   0      0.0% of prev      0.0% of all
                  3. turned for home with it                    0      0.0% of prev      0.0% of all
                  4. got back to the nest still holding it      0      0.0% of prev      0.0% of all
                  5. PUT IT DOWN there                          0      0.0% of prev      0.0% of all
                  6. went back out again                        0      0.0% of prev      0.0% of all
                  7. reached the food a SECOND time             0      0.0% of prev      0.0% of all
                RETURN LEDGER reached food    0 of   20 ants | came back    0 | trips laden    0 empty    0 | LOOPERS    0 of   20 ants ( 0.0% of those that reached food), repeat    0, most loops by one ant   0
                BY ANCHOR AT PICKUP  anchor ON nest material:    0 loops /    0 pickups (  0.0%) | anchor OFF it:    0 /    0 (  0.0%)
                BY BIRTH SITE  born ON comb:   0 of   0 that reached food looped (  0.0%) | born OFF comb:   0 of   0 (  0.0%)
                founded x   30..68   (nest cursor 48 MATERIAL x 26..70 20 of 20 founders born on it; food 248; nearest founder 180 cells out, farthest 218, nominal gap 200)  occupancy/1k [70 5 0 0 0 0 0 0]  carry->nest       0  born    0 died   20 (starved   20)
                own trail: route pk    0 end    0 along +0.0000  B nest->food [0,0,0,0,0]  blocked      295  kin swaps       0  ticks     12787  tumbles      3557 (homeward        0, 0.00%)  drops       0  DELIVERED     0  leg home n    0 med     0 p90     0 (laden n    0 med     0 p90     0)  appetite held         0 J of         0  trips born-on-comb    0 (20 ants) / born-off    0 (0 ants)
                channel A: PEAK amt  65535 cells   68 (of 201 route)  POLARITY|| +0.23249 && +0.23276 SPAN +0.02994 edge   6.0  end nest->food [11852,584,0,0,0]  nest   25  AtNest 40.34%
                Carrying: laden     10542  of which SPOIL     10542 (100.0%)
    DECISION CENSUS: 12883 decisions, reconciled against the rows and the engine's counters
      leg     setting          n  stepped    felllaunched swappedcrossingreversedblocked_roll_fairoll_fai no_body
      empty   pocket         451    13.1%   35.9%    0.0%    0.0%    0.0%    0.0%    5.5%   22.4%   23.1%    0.0%
      empty   corridor      1605    49.3%    3.9%    0.0%    0.0%    0.0%    0.0%    2.2%   21.6%   23.0%    0.0%
      empty   junction      6454    37.0%    6.9%    0.0%    0.0%    0.0%    0.0%    1.1%   27.8%   27.1%    0.0%
      empty   open          2545    38.3%    8.3%    0.0%    0.0%    0.0%    0.0%    0.0%   27.3%   26.1%    0.0%
      spoil   pocket         438    29.0%    3.0%    0.0%    0.0%    0.0%    0.0%   20.3%   22.6%   25.1%    0.0%
      spoil   corridor       400    39.5%    1.2%    0.0%    0.0%    0.0%    0.0%   15.0%   26.0%   18.2%    0.0%
      spoil   junction       851    48.4%    0.8%    0.0%    0.0%    0.0%    0.0%    5.4%   26.3%   19.0%    0.0%
      spoil   open           139    49.6%    3.6%    0.0%    0.0%    0.0%    0.0%    0.0%   25.9%   20.9%    0.0%
    DECISIONS: rows not written (decisionnorows)
  200    7  self    0/0            0        0     4404        0        0    0/20        0         17 2 1 0 0
                A READ  ant-readable homeward along >= 0.02 on  31.3% of route-cell samples | FOODWARD   1.9% | plane lit on  35.0% | peak amt  65535 cells 138
                THE LOOP, ANT BY ANT:
                  0. lived                                     20    100.0% of prev    100.0% of all
                  1. reached the food                           0      0.0% of prev      0.0% of all
                  2. picked food up out there                   0      0.0% of prev      0.0% of all
                  3. turned for home with it                    0      0.0% of prev      0.0% of all
                  4. got back to the nest still holding it      0      0.0% of prev      0.0% of all
                  5. PUT IT DOWN there                          0      0.0% of prev      0.0% of all
                  6. went back out again                        0      0.0% of prev      0.0% of all
                  7. reached the food a SECOND time             0      0.0% of prev      0.0% of all
                RETURN LEDGER reached food    0 of   20 ants | came back    0 | trips laden    0 empty    0 | LOOPERS    0 of   20 ants ( 0.0% of those that reached food), repeat    0, most loops by one ant   0
                BY ANCHOR AT PICKUP  anchor ON nest material:    0 loops /    0 pickups (  0.0%) | anchor OFF it:    0 /    0 (  0.0%)
                BY BIRTH SITE  born ON comb:   0 of   0 that reached food looped (  0.0%) | born OFF comb:   0 of   0 (  0.0%)
                founded x   30..68   (nest cursor 48 MATERIAL x 26..70 20 of 20 founders born on it; food 248; nearest founder 180 cells out, farthest 218, nominal gap 200)  occupancy/1k [67 6 1 0 0 0 0 0]  carry->nest       0  born    0 died   20 (starved   20)
                own trail: route pk    0 end    0 along +0.0000  B nest->food [0,0,0,0,0]  blocked      324  kin swaps       0  ticks     12883  tumbles      3724 (homeward        0, 0.00%)  drops       0  DELIVERED     0  leg home n    0 med     0 p90     0 (laden n    0 med     0 p90     0)  appetite held         0 J of         0  trips born-on-comb    0 (20 ants) / born-off    0 (0 ants)
                channel A: PEAK amt  65535 cells  138 (of 201 route)  POLARITY|| +0.21170 && +0.21239 SPAN +0.00993 edge   7.0  end nest->food [11862,701,0,0,0]  nest   25  AtNest 37.57%
                Carrying: laden     10968  of which SPOIL     10968 (100.0%)
    DECISION CENSUS: 12859 decisions, reconciled against the rows and the engine's counters
      leg     setting          n  stepped    felllaunched swappedcrossingreversedblocked_roll_fairoll_fai no_body
      empty   pocket         649    17.3%   30.2%    0.0%    0.0%    0.0%    0.0%    7.1%   21.6%   23.9%    0.0%
      empty   corridor      2438    46.4%    3.1%    0.0%    0.0%    0.0%    0.0%    1.1%   25.6%   23.7%    0.0%
      empty   junction      6180    36.9%    6.1%    0.0%    0.0%    0.0%    0.0%    0.7%   28.8%   27.5%    0.0%
      empty   open          1721    43.6%    8.6%    0.0%    0.0%    0.0%    0.0%    0.0%   24.3%   23.5%    0.0%
      spoil   pocket         839    33.0%    2.0%    0.0%    0.0%    0.0%    0.0%   27.1%   20.5%   17.4%    0.0%
      spoil   corridor       271    44.3%    0.7%    0.0%    0.0%    0.0%    0.0%   12.9%   18.5%   23.6%    0.0%
      spoil   junction       645    49.0%    2.5%    0.0%    0.0%    0.0%    0.0%    3.3%   25.4%   19.8%    0.0%
      spoil   open           116    52.6%    5.2%    0.0%    0.0%    0.0%    0.0%    0.0%   20.7%   21.6%    0.0%
    DECISIONS: rows not written (decisionnorows)
  200    8  self    0/0            0        0     4800        0        0    0/20        0         15 4 1 0 0
                A READ  ant-readable homeward along >= 0.02 on  30.4% of route-cell samples | FOODWARD   2.0% | plane lit on  35.2% | peak amt  65535 cells 106
                THE LOOP, ANT BY ANT:
                  0. lived                                     20    100.0% of prev    100.0% of all
                  1. reached the food                           0      0.0% of prev      0.0% of all
                  2. picked food up out there                   0      0.0% of prev      0.0% of all
                  3. turned for home with it                    0      0.0% of prev      0.0% of all
                  4. got back to the nest still holding it      0      0.0% of prev      0.0% of all
                  5. PUT IT DOWN there                          0      0.0% of prev      0.0% of all
                  6. went back out again                        0      0.0% of prev      0.0% of all
                  7. reached the food a SECOND time             0      0.0% of prev      0.0% of all
                RETURN LEDGER reached food    0 of   20 ants | came back    0 | trips laden    0 empty    0 | LOOPERS    0 of   20 ants ( 0.0% of those that reached food), repeat    0, most loops by one ant   0
                BY ANCHOR AT PICKUP  anchor ON nest material:    0 loops /    0 pickups (  0.0%) | anchor OFF it:    0 /    0 (  0.0%)
                BY BIRTH SITE  born ON comb:   0 of   0 that reached food looped (  0.0%) | born OFF comb:   0 of   0 (  0.0%)
                founded x   30..68   (nest cursor 48 MATERIAL x 26..70 20 of 20 founders born on it; food 248; nearest founder 180 cells out, farthest 218, nominal gap 200)  occupancy/1k [61 12 1 1 0 0 0 0]  carry->nest       0  born    0 died   20 (starved   20)
                own trail: route pk    0 end    0 along +0.0000  B nest->food [0,0,0,0,0]  blocked      398  kin swaps       0  ticks     12859  tumbles      3769 (homeward        0, 0.00%)  drops       0  DELIVERED     0  leg home n    0 med     0 p90     0 (laden n    0 med     0 p90     0)  appetite held         0 J of         0  trips born-on-comb    0 (20 ants) / born-off    0 (0 ants)
                channel A: PEAK amt  65535 cells  106 (of 201 route)  POLARITY|| +0.20845 && +0.20776 SPAN +0.02956 edge   6.0  end nest->food [9871,618,0,0,0]  nest   25  AtNest 36.54%
                Carrying: laden     11226  of which SPOIL     11226 (100.0%)
    DECISION CENSUS: 12489 decisions, reconciled against the rows and the engine's counters
      leg     setting          n  stepped    felllaunched swappedcrossingreversedblocked_roll_fairoll_fai no_body
      empty   pocket         790    20.3%   23.4%    0.0%    0.0%    0.0%    0.0%    9.9%   23.2%   23.3%    0.0%
      empty   corridor      1760    46.8%    4.7%    0.0%    0.0%    0.0%    0.0%    1.9%   22.6%   24.0%    0.0%
      empty   junction      5676    38.9%    6.6%    0.0%    0.0%    0.0%    0.0%    1.1%   26.5%   27.0%    0.0%
      empty   open          1840    40.3%    7.7%    0.0%    0.0%    0.0%    0.0%    0.0%   25.5%   26.5%    0.0%
      spoil   pocket         709    27.4%    1.3%    0.0%    0.0%    0.0%    0.0%   21.3%   25.4%   24.7%    0.0%
      spoil   corridor       704    41.5%    0.1%    0.0%    0.0%    0.0%    0.0%   16.1%   18.9%   23.4%    0.0%
      spoil   junction       861    49.2%    1.2%    0.0%    0.0%    0.0%    0.0%    4.5%   21.8%   23.2%    0.0%
      spoil   open           149    42.3%    4.7%    0.0%    0.0%    0.0%    0.0%    0.0%   23.5%   29.5%    0.0%
    DECISIONS: rows not written (decisionnorows)
  200    9  self    0/0            0        0     4422        0        0    0/20        0         16 4 0 0 0
                A READ  ant-readable homeward along >= 0.02 on  27.7% of route-cell samples | FOODWARD   2.4% | plane lit on  32.5% | peak amt  65535 cells  86
                THE LOOP, ANT BY ANT:
                  0. lived                                     20    100.0% of prev    100.0% of all
                  1. reached the food                           0      0.0% of prev      0.0% of all
                  2. picked food up out there                   0      0.0% of prev      0.0% of all
                  3. turned for home with it                    0      0.0% of prev      0.0% of all
                  4. got back to the nest still holding it      0      0.0% of prev      0.0% of all
                  5. PUT IT DOWN there                          0      0.0% of prev      0.0% of all
                  6. went back out again                        0      0.0% of prev      0.0% of all
                  7. reached the food a SECOND time             0      0.0% of prev      0.0% of all
                RETURN LEDGER reached food    0 of   20 ants | came back    0 | trips laden    0 empty    0 | LOOPERS    0 of   20 ants ( 0.0% of those that reached food), repeat    0, most loops by one ant   0
                BY ANCHOR AT PICKUP  anchor ON nest material:    0 loops /    0 pickups (  0.0%) | anchor OFF it:    0 /    0 (  0.0%)
                BY BIRTH SITE  born ON comb:   0 of   0 that reached food looped (  0.0%) | born OFF comb:   0 of   0 (  0.0%)
                founded x   30..68   (nest cursor 48 MATERIAL x 26..70 20 of 20 founders born on it; food 248; nearest founder 180 cells out, farthest 218, nominal gap 200)  occupancy/1k [66 7 0 0 0 0 0 0]  carry->nest       0  born    0 died   20 (starved   20)
                own trail: route pk    0 end    0 along +0.0000  B nest->food [0,0,0,0,0]  blocked      476  kin swaps       0  ticks     12489  tumbles      3565 (homeward        0, 0.00%)  drops       0  DELIVERED     0  leg home n    0 med     0 p90     0 (laden n    0 med     0 p90     0)  appetite held         0 J of         0  trips born-on-comb    0 (20 ants) / born-off    0 (0 ants)
                channel A: PEAK amt  65535 cells   86 (of 201 route)  POLARITY|| +0.21213 && +0.20852 SPAN +0.02774 edge   6.0  end nest->food [10243,649,0,0,0]  nest   25  AtNest 37.58%
                Carrying: laden     14538  of which SPOIL     14538 (100.0%)
    DECISION CENSUS: 12785 decisions, reconciled against the rows and the engine's counters
      leg     setting          n  stepped    felllaunched swappedcrossingreversedblocked_roll_fairoll_fai no_body
      empty   pocket         760    19.2%   25.5%    0.0%    0.0%    0.0%    0.0%   10.3%   23.7%   21.3%    0.0%
      empty   corridor      1990    50.4%    2.8%    0.0%    0.0%    0.0%    0.0%    0.9%   22.8%   23.1%    0.0%
      empty   junction      5854    36.3%    5.4%    0.0%    0.0%    0.0%    0.0%    0.8%   28.4%   29.0%    0.0%
      empty   open          1844    38.8%    6.5%    0.0%    0.0%    0.0%    0.0%    0.0%   26.2%   28.5%    0.0%
      spoil   pocket        1027    31.1%    1.0%    0.0%    0.0%    0.0%    0.0%   24.0%   22.6%   21.4%    0.0%
      spoil   corridor       430    44.0%    0.5%    0.0%    0.0%    0.0%    0.0%    7.4%   27.4%   20.7%    0.0%
      spoil   junction       770    52.3%    1.3%    0.0%    0.0%    0.0%    0.0%    2.7%   22.7%   20.9%    0.0%
      spoil   open           110    48.2%    2.7%    0.0%    0.0%    0.0%    0.0%    0.0%   23.6%   25.5%    0.0%
    DECISIONS: rows not written (decisionnorows)
  200   10  self    0/0            0        0     4734        0        0    0/20        0         18 2 0 0 0
                A READ  ant-readable homeward along >= 0.02 on  28.7% of route-cell samples | FOODWARD   0.8% | plane lit on  30.2% | peak amt  65535 cells  75
                THE LOOP, ANT BY ANT:
                  0. lived                                     20    100.0% of prev    100.0% of all
                  1. reached the food                           0      0.0% of prev      0.0% of all
                  2. picked food up out there                   0      0.0% of prev      0.0% of all
                  3. turned for home with it                    0      0.0% of prev      0.0% of all
                  4. got back to the nest still holding it      0      0.0% of prev      0.0% of all
                  5. PUT IT DOWN there                          0      0.0% of prev      0.0% of all
                  6. went back out again                        0      0.0% of prev      0.0% of all
                  7. reached the food a SECOND time             0      0.0% of prev      0.0% of all
                RETURN LEDGER reached food    0 of   20 ants | came back    0 | trips laden    0 empty    0 | LOOPERS    0 of   20 ants ( 0.0% of those that reached food), repeat    0, most loops by one ant   0
                BY ANCHOR AT PICKUP  anchor ON nest material:    0 loops /    0 pickups (  0.0%) | anchor OFF it:    0 /    0 (  0.0%)
                BY BIRTH SITE  born ON comb:   0 of   0 that reached food looped (  0.0%) | born OFF comb:   0 of   0 (  0.0%)
                founded x   30..68   (nest cursor 48 MATERIAL x 26..70 20 of 20 founders born on it; food 248; nearest founder 180 cells out, farthest 218, nominal gap 200)  occupancy/1k [71 3 1 0 0 0 0 0]  carry->nest       0  born    0 died   20 (starved   20)
                own trail: route pk    0 end    0 along +0.0000  B nest->food [0,0,0,0,0]  blocked      443  kin swaps       0  ticks     12785  tumbles      3776 (homeward        0, 0.00%)  drops       0  DELIVERED     0  leg home n    0 med     0 p90     0 (laden n    0 med     0 p90     0)  appetite held         0 J of         0  trips born-on-comb    0 (20 ants) / born-off    0 (0 ants)
                channel A: PEAK amt  65535 cells   75 (of 201 route)  POLARITY|| +0.23870 && +0.24075 SPAN +0.02831 edge   6.0  end nest->food [11835,332,0,0,0]  nest   25  AtNest 39.10%
                Carrying: laden     14022  of which SPOIL     14022 (100.0%)
    DECISION CENSUS: 12346 decisions, reconciled against the rows and the engine's counters
      leg     setting          n  stepped    felllaunched swappedcrossingreversedblocked_roll_fairoll_fai no_body
      empty   pocket         581    17.7%   23.8%    0.0%    0.0%    0.0%    0.0%    5.9%   25.8%   26.9%    0.0%
      empty   corridor      1708    47.4%    4.6%    0.0%    0.0%    0.0%    0.0%    1.0%   23.4%   23.6%    0.0%
      empty   junction      5744    35.7%    6.7%    0.0%    0.0%    0.0%    0.0%    1.0%   28.0%   28.6%    0.0%
      empty   open          1898    44.1%    9.0%    0.0%    0.0%    0.0%    0.0%    0.0%   23.5%   23.4%    0.0%
      spoil   pocket        1012    29.4%    2.6%    0.0%    0.0%    0.0%    0.0%   21.7%   22.8%   23.4%    0.0%
      spoil   corridor       445    39.3%    0.9%    0.0%    0.0%    0.0%    0.0%    8.8%   23.1%   27.9%    0.0%
      spoil   junction       840    50.1%    0.8%    0.0%    0.0%    0.0%    0.0%    4.2%   21.5%   23.3%    0.0%
      spoil   open           118    49.2%    3.4%    0.0%    0.0%    0.0%    0.0%    0.0%   24.6%   22.9%    0.0%
    DECISIONS: rows not written (decisionnorows)
  200   11  self    0/0            0        0     4590        0        0    0/20        0         17 3 0 0 0
                A READ  ant-readable homeward along >= 0.02 on  28.4% of route-cell samples | FOODWARD   1.0% | plane lit on  31.7% | peak amt  65535 cells 102
                THE LOOP, ANT BY ANT:
                  0. lived                                     20    100.0% of prev    100.0% of all
                  1. reached the food                           0      0.0% of prev      0.0% of all
                  2. picked food up out there                   0      0.0% of prev      0.0% of all
                  3. turned for home with it                    0      0.0% of prev      0.0% of all
                  4. got back to the nest still holding it      0      0.0% of prev      0.0% of all
                  5. PUT IT DOWN there                          0      0.0% of prev      0.0% of all
                  6. went back out again                        0      0.0% of prev      0.0% of all
                  7. reached the food a SECOND time             0      0.0% of prev      0.0% of all
                RETURN LEDGER reached food    0 of   20 ants | came back    0 | trips laden    0 empty    0 | LOOPERS    0 of   20 ants ( 0.0% of those that reached food), repeat    0, most loops by one ant   0
                BY ANCHOR AT PICKUP  anchor ON nest material:    0 loops /    0 pickups (  0.0%) | anchor OFF it:    0 /    0 (  0.0%)
                BY BIRTH SITE  born ON comb:   0 of   0 that reached food looped (  0.0%) | born OFF comb:   0 of   0 (  0.0%)
                founded x   30..68   (nest cursor 48 MATERIAL x 26..70 20 of 20 founders born on it; food 248; nearest founder 180 cells out, farthest 218, nominal gap 200)  occupancy/1k [69 3 1 0 0 0 0 0]  carry->nest       0  born    0 died   20 (starved   20)
                own trail: route pk    0 end    0 along +0.0000  B nest->food [0,0,0,0,0]  blocked      401  kin swaps       0  ticks     12346  tumbles      3547 (homeward        0, 0.00%)  drops       0  DELIVERED     0  leg home n    0 med     0 p90     0 (laden n    0 med     0 p90     0)  appetite held         0 J of         0  trips born-on-comb    0 (20 ants) / born-off    0 (0 ants)
                channel A: PEAK amt  65535 cells  102 (of 201 route)  POLARITY|| +0.24192 && +0.24411 SPAN +0.01407 edge   6.0  end nest->food [11577,330,0,0,0]  nest   25  AtNest 44.46%
                Carrying: laden     14490  of which SPOIL     14490 (100.0%)
    DECISION CENSUS: 12517 decisions, reconciled against the rows and the engine's counters
      leg     setting          n  stepped    felllaunched swappedcrossingreversedblocked_roll_fairoll_fai no_body
      empty   pocket         605    17.0%   32.1%    0.0%    0.0%    0.0%    0.0%    7.4%   20.7%   22.8%    0.0%
      empty   corridor      1739    47.6%    2.9%    0.0%    0.0%    0.0%    0.0%    1.5%   23.9%   24.2%    0.0%
      empty   junction      5888    36.7%    4.3%    0.0%    0.0%    0.0%    0.0%    1.1%   28.3%   29.6%    0.0%
      empty   open          1369    42.1%    5.6%    0.0%    0.0%    0.0%    0.0%    0.0%   26.8%   25.6%    0.0%
      spoil   pocket         774    27.5%    1.2%    0.0%    0.0%    0.0%    0.0%   22.5%   24.2%   24.7%    0.0%
      spoil   corridor       970    52.0%    0.2%    0.0%    0.0%    0.0%    0.0%    7.3%   20.9%   19.6%    0.0%
      spoil   junction      1053    50.0%    1.2%    0.0%    0.0%    0.0%    0.0%    4.5%   20.4%   23.8%    0.0%
      spoil   open           119    46.2%    2.5%    0.0%    0.0%    0.0%    0.0%    0.0%   24.4%   26.9%    0.0%
    DECISIONS: rows not written (decisionnorows)
  200   12  self    0/0            0        0     4614        0        0    0/20        0         18 2 0 0 0
                A READ  ant-readable homeward along >= 0.02 on  29.8% of route-cell samples | FOODWARD   1.0% | plane lit on  30.8% | peak amt  65535 cells  88
                THE LOOP, ANT BY ANT:
                  0. lived                                     20    100.0% of prev    100.0% of all
                  1. reached the food                           0      0.0% of prev      0.0% of all
                  2. picked food up out there                   0      0.0% of prev      0.0% of all
                  3. turned for home with it                    0      0.0% of prev      0.0% of all
                  4. got back to the nest still holding it      0      0.0% of prev      0.0% of all
                  5. PUT IT DOWN there                          0      0.0% of prev      0.0% of all
                  6. went back out again                        0      0.0% of prev      0.0% of all
                  7. reached the food a SECOND time             0      0.0% of prev      0.0% of all
                RETURN LEDGER reached food    0 of   20 ants | came back    0 | trips laden    0 empty    0 | LOOPERS    0 of   20 ants ( 0.0% of those that reached food), repeat    0, most loops by one ant   0
                BY ANCHOR AT PICKUP  anchor ON nest material:    0 loops /    0 pickups (  0.0%) | anchor OFF it:    0 /    0 (  0.0%)
                BY BIRTH SITE  born ON comb:   0 of   0 that reached food looped (  0.0%) | born OFF comb:   0 of   0 (  0.0%)
                founded x   30..68   (nest cursor 48 MATERIAL x 26..70 20 of 20 founders born on it; food 248; nearest founder 180 cells out, farthest 218, nominal gap 200)  occupancy/1k [70 2 1 0 0 0 0 0]  carry->nest       0  born    0 died   20 (starved   20)
                own trail: route pk    0 end    0 along +0.0000  B nest->food [0,0,0,0,0]  blocked      430  kin swaps       0  ticks     12517  tumbles      3636 (homeward        0, 0.00%)  drops       0  DELIVERED     0  leg home n    0 med     0 p90     0 (laden n    0 med     0 p90     0)  appetite held         0 J of         0  trips born-on-comb    0 (20 ants) / born-off    0 (0 ants)
                channel A: PEAK amt  65535 cells   88 (of 201 route)  POLARITY|| +0.23795 && +0.24254 SPAN +0.01845 edge   6.0  end nest->food [12367,233,0,0,0]  nest   25  AtNest 47.84%
                Carrying: laden     17496  of which SPOIL     17496 (100.0%)
    DECISION CENSUS: 12538 decisions, reconciled against the rows and the engine's counters
      leg     setting          n  stepped    felllaunched swappedcrossingreversedblocked_roll_fairoll_fai no_body
      empty   pocket         619    19.1%   31.0%    0.0%    0.0%    0.0%    0.0%    8.6%   19.9%   21.5%    0.0%
      empty   corridor      1656    46.6%    4.6%    0.0%    0.0%    0.0%    0.0%    1.2%   24.2%   23.4%    0.0%
      empty   junction      6472    37.1%    6.6%    0.0%    0.0%    0.0%    0.0%    0.9%   28.5%   27.0%    0.0%
      empty   open          2001    41.1%    6.7%    0.0%    0.0%    0.0%    0.0%    0.0%   28.6%   23.6%    0.0%
      spoil   pocket         481    26.4%    5.6%    0.0%    0.0%    0.0%    0.0%   21.2%   21.4%   25.4%    0.0%
      spoil   corridor       295    39.3%    3.1%    0.0%    0.0%    0.0%    0.0%   15.3%   21.0%   21.4%    0.0%
      spoil   junction       869    45.6%    2.2%    0.0%    0.0%    0.0%    0.0%    3.7%   23.5%   25.1%    0.0%
      spoil   open           145    57.2%    4.1%    0.0%    0.0%    0.0%    0.0%    0.0%   17.9%   20.7%    0.0%
    DECISIONS: rows not written (decisionnorows)
  200   13  self    0/0            0        0     4422        0        0    0/20        0         19 1 0 0 0
                A READ  ant-readable homeward along >= 0.02 on  27.0% of route-cell samples | FOODWARD   0.7% | plane lit on  29.6% | peak amt  64777 cells  61
                THE LOOP, ANT BY ANT:
                  0. lived                                     20    100.0% of prev    100.0% of all
                  1. reached the food                           0      0.0% of prev      0.0% of all
                  2. picked food up out there                   0      0.0% of prev      0.0% of all
                  3. turned for home with it                    0      0.0% of prev      0.0% of all
                  4. got back to the nest still holding it      0      0.0% of prev      0.0% of all
                  5. PUT IT DOWN there                          0      0.0% of prev      0.0% of all
                  6. went back out again                        0      0.0% of prev      0.0% of all
                  7. reached the food a SECOND time             0      0.0% of prev      0.0% of all
                RETURN LEDGER reached food    0 of   20 ants | came back    0 | trips laden    0 empty    0 | LOOPERS    0 of   20 ants ( 0.0% of those that reached food), repeat    0, most loops by one ant   0
                BY ANCHOR AT PICKUP  anchor ON nest material:    0 loops /    0 pickups (  0.0%) | anchor OFF it:    0 /    0 (  0.0%)
                BY BIRTH SITE  born ON comb:   0 of   0 that reached food looped (  0.0%) | born OFF comb:   0 of   0 (  0.0%)
                founded x   30..68   (nest cursor 48 MATERIAL x 26..70 20 of 20 founders born on it; food 248; nearest founder 180 cells out, farthest 218, nominal gap 200)  occupancy/1k [67 7 0 0 0 0 0 0]  carry->nest       0  born    0 died   20 (starved   20)
                own trail: route pk    0 end    0 along +0.0000  B nest->food [0,0,0,0,0]  blocked      308  kin swaps       0  ticks     12538  tumbles      3641 (homeward        0, 0.00%)  drops       0  DELIVERED     0  leg home n    0 med     0 p90     0 (laden n    0 med     0 p90     0)  appetite held         0 J of         0  trips born-on-comb    0 (20 ants) / born-off    0 (0 ants)
                channel A: PEAK amt  64777 cells   61 (of 201 route)  POLARITY|| +0.24090 && +0.24264 SPAN +0.02617 edge   6.0  end nest->food [11547,517,0,0,0]  nest   25  AtNest 39.46%
                Carrying: laden     10740  of which SPOIL     10740 (100.0%)
    DECISION CENSUS: 12569 decisions, reconciled against the rows and the engine's counters
      leg     setting          n  stepped    felllaunched swappedcrossingreversedblocked_roll_fairoll_fai no_body
      empty   pocket         497    11.3%   44.9%    0.0%    0.0%    0.0%    0.0%    3.0%   21.1%   19.7%    0.0%
      empty   corridor      2042    45.8%    4.0%    0.0%    0.0%    0.0%    0.0%    1.4%   24.6%   24.2%    0.0%
      empty   junction      6377    36.4%    5.4%    0.0%    0.0%    0.0%    0.0%    1.0%   28.4%   28.8%    0.0%
      empty   open          2147    46.7%    8.6%    0.0%    0.0%    0.0%    0.0%    0.0%   21.8%   22.9%    0.0%
      spoil   pocket         227    23.3%    4.8%    0.0%    0.0%    0.0%    0.0%   22.9%   23.8%   25.1%    0.0%
      spoil   corridor       246    38.6%    1.2%    0.0%    0.0%    0.0%    0.0%   12.6%   27.6%   19.9%    0.0%
      spoil   junction       851    49.5%    1.1%    0.0%    0.0%    0.0%    0.0%    4.0%   22.0%   23.5%    0.0%
      spoil   open           182    54.9%    4.4%    0.0%    0.0%    0.0%    0.0%    0.0%   23.1%   17.6%    0.0%
    DECISIONS: rows not written (decisionnorows)
  200   14  self    0/0            0        0     4290        0        0    0/20        0         16 4 0 0 0
                A READ  ant-readable homeward along >= 0.02 on  32.1% of route-cell samples | FOODWARD   1.1% | plane lit on  34.5% | peak amt  65535 cells  97
                THE LOOP, ANT BY ANT:
                  0. lived                                     20    100.0% of prev    100.0% of all
                  1. reached the food                           0      0.0% of prev      0.0% of all
                  2. picked food up out there                   0      0.0% of prev      0.0% of all
                  3. turned for home with it                    0      0.0% of prev      0.0% of all
                  4. got back to the nest still holding it      0      0.0% of prev      0.0% of all
                  5. PUT IT DOWN there                          0      0.0% of prev      0.0% of all
                  6. went back out again                        0      0.0% of prev      0.0% of all
                  7. reached the food a SECOND time             0      0.0% of prev      0.0% of all
                RETURN LEDGER reached food    0 of   20 ants | came back    0 | trips laden    0 empty    0 | LOOPERS    0 of   20 ants ( 0.0% of those that reached food), repeat    0, most loops by one ant   0
                BY ANCHOR AT PICKUP  anchor ON nest material:    0 loops /    0 pickups (  0.0%) | anchor OFF it:    0 /    0 (  0.0%)
                BY BIRTH SITE  born ON comb:   0 of   0 that reached food looped (  0.0%) | born OFF comb:   0 of   0 (  0.0%)
                founded x   30..68   (nest cursor 48 MATERIAL x 26..70 20 of 20 founders born on it; food 248; nearest founder 180 cells out, farthest 218, nominal gap 200)  occupancy/1k [66 5 2 1 0 0 0 0]  carry->nest       0  born    0 died   20 (starved   20)
                own trail: route pk    0 end    0 along +0.0000  B nest->food [0,0,0,0,0]  blocked      225  kin swaps       0  ticks     12569  tumbles      3466 (homeward        0, 0.00%)  drops       0  DELIVERED     0  leg home n    0 med     0 p90     0 (laden n    0 med     0 p90     0)  appetite held         0 J of         0  trips born-on-comb    0 (20 ants) / born-off    0 (0 ants)
                channel A: PEAK amt  65535 cells   97 (of 201 route)  POLARITY|| +0.21748 && +0.21685 SPAN +0.01612 edge   6.0  end nest->food [12030,545,0,0,0]  nest   25  AtNest 37.69%
                Carrying: laden      9036  of which SPOIL      9036 (100.0%)
    DECISION CENSUS: 12715 decisions, reconciled against the rows and the engine's counters
      leg     setting          n  stepped    felllaunched swappedcrossingreversedblocked_roll_fairoll_fai no_body
      empty   pocket         577    15.4%   32.6%    0.0%    0.0%    0.0%    0.0%    7.1%   21.5%   23.4%    0.0%
      empty   corridor      2294    50.0%    3.8%    0.0%    0.0%    0.0%    0.0%    1.2%   22.4%   22.7%    0.0%
      empty   junction      6052    38.2%    6.9%    0.0%    0.0%    0.0%    0.0%    1.1%   27.4%   26.4%    0.0%
      empty   open          2185    44.1%    7.5%    0.0%    0.0%    0.0%    0.0%    0.0%   23.4%   25.0%    0.0%
      spoil   pocket         382    26.2%    5.2%    0.0%    0.0%    0.0%    0.0%   20.7%   20.4%   27.5%    0.0%
      spoil   corridor       291    38.8%    2.1%    0.0%    0.0%    0.0%    0.0%   12.4%   21.0%   25.8%    0.0%
      spoil   junction       787    48.0%    1.5%    0.0%    0.0%    0.0%    0.0%    4.3%   25.7%   20.5%    0.0%
      spoil   open           147    61.9%    5.4%    0.0%    0.0%    0.0%    0.0%    0.0%   16.3%   16.3%    0.0%
    DECISIONS: rows not written (decisionnorows)
  200   15  self    0/0            0        0     4494        0        0    0/20        0         18 2 0 0 0
                A READ  ant-readable homeward along >= 0.02 on  27.2% of route-cell samples | FOODWARD   0.8% | plane lit on  29.9% | peak amt  65535 cells 103
                THE LOOP, ANT BY ANT:
                  0. lived                                     20    100.0% of prev    100.0% of all
                  1. reached the food                           0      0.0% of prev      0.0% of all
                  2. picked food up out there                   0      0.0% of prev      0.0% of all
                  3. turned for home with it                    0      0.0% of prev      0.0% of all
                  4. got back to the nest still holding it      0      0.0% of prev      0.0% of all
                  5. PUT IT DOWN there                          0      0.0% of prev      0.0% of all
                  6. went back out again                        0      0.0% of prev      0.0% of all
                  7. reached the food a SECOND time             0      0.0% of prev      0.0% of all
                RETURN LEDGER reached food    0 of   20 ants | came back    0 | trips laden    0 empty    0 | LOOPERS    0 of   20 ants ( 0.0% of those that reached food), repeat    0, most loops by one ant   0
                BY ANCHOR AT PICKUP  anchor ON nest material:    0 loops /    0 pickups (  0.0%) | anchor OFF it:    0 /    0 (  0.0%)
                BY BIRTH SITE  born ON comb:   0 of   0 that reached food looped (  0.0%) | born OFF comb:   0 of   0 (  0.0%)
                founded x   30..68   (nest cursor 48 MATERIAL x 26..70 20 of 20 founders born on it; food 248; nearest founder 180 cells out, farthest 218, nominal gap 200)  occupancy/1k [69 5 1 0 0 0 0 0]  carry->nest       0  born    0 died   20 (starved   20)
                own trail: route pk    0 end    0 along +0.0000  B nest->food [0,0,0,0,0]  blocked      284  kin swaps       0  ticks     12715  tumbles      3455 (homeward        0, 0.00%)  drops       0  DELIVERED     0  leg home n    0 med     0 p90     0 (laden n    0 med     0 p90     0)  appetite held         0 J of         0  trips born-on-comb    0 (20 ants) / born-off    0 (0 ants)
                channel A: PEAK amt  65535 cells  103 (of 201 route)  POLARITY|| +0.24641 && +0.25136 SPAN +0.03364 edge   6.4  end nest->food [11848,317,0,0,0]  nest   25  AtNest 33.77%
                Carrying: laden      9642  of which SPOIL      9642 (100.0%)
    DECISION CENSUS: 12921 decisions, reconciled against the rows and the engine's counters
      leg     setting          n  stepped    felllaunched swappedcrossingreversedblocked_roll_fairoll_fai no_body
      empty   pocket         488    13.9%   41.0%    0.0%    0.0%    0.0%    0.0%    5.3%   19.1%   20.7%    0.0%
      empty   corridor      1766    49.3%    2.9%    0.0%    0.0%    0.0%    0.0%    1.9%   23.8%   22.0%    0.0%
      empty   junction      6651    34.6%    6.8%    0.0%    0.0%    0.0%    0.0%    0.9%   28.0%   29.7%    0.0%
      empty   open          2532    41.4%    9.4%    0.0%    0.0%    0.0%    0.0%    0.0%   24.4%   24.8%    0.0%
      spoil   pocket         327    25.1%    7.3%    0.0%    0.0%    0.0%    0.0%   20.8%   25.1%   21.7%    0.0%
      spoil   corridor       275    40.0%    1.8%    0.0%    0.0%    0.0%    0.0%   23.3%   16.0%   18.9%    0.0%
      spoil   junction       747    51.9%    1.7%    0.0%    0.0%    0.0%    0.0%    4.1%   18.7%   23.4%    0.0%
      spoil   open           135    57.8%    2.2%    0.0%    0.0%    0.0%    0.0%    0.0%   18.5%   21.5%    0.0%
    DECISIONS: rows not written (decisionnorows)
  200   16  self    0/0            0        0     4314        0        0    0/20        0         18 1 1 0 0
                A READ  ant-readable homeward along >= 0.02 on  30.9% of route-cell samples | FOODWARD   1.8% | plane lit on  34.3% | peak amt  65535 cells 105
                THE LOOP, ANT BY ANT:
                  0. lived                                     20    100.0% of prev    100.0% of all
                  1. reached the food                           0      0.0% of prev      0.0% of all
                  2. picked food up out there                   0      0.0% of prev      0.0% of all
                  3. turned for home with it                    0      0.0% of prev      0.0% of all
                  4. got back to the nest still holding it      0      0.0% of prev      0.0% of all
                  5. PUT IT DOWN there                          0      0.0% of prev      0.0% of all
                  6. went back out again                        0      0.0% of prev      0.0% of all
                  7. reached the food a SECOND time             0      0.0% of prev      0.0% of all
                RETURN LEDGER reached food    0 of   20 ants | came back    0 | trips laden    0 empty    0 | LOOPERS    0 of   20 ants ( 0.0% of those that reached food), repeat    0, most loops by one ant   0
                BY ANCHOR AT PICKUP  anchor ON nest material:    0 loops /    0 pickups (  0.0%) | anchor OFF it:    0 /    0 (  0.0%)
                BY BIRTH SITE  born ON comb:   0 of   0 that reached food looped (  0.0%) | born OFF comb:   0 of   0 (  0.0%)
                founded x   30..68   (nest cursor 48 MATERIAL x 26..70 20 of 20 founders born on it; food 248; nearest founder 180 cells out, farthest 218, nominal gap 200)  occupancy/1k [68 5 2 0 0 0 0 0]  carry->nest       0  born    0 died   20 (starved   20)
                own trail: route pk    0 end    0 along +0.0000  B nest->food [0,0,0,0,0]  blocked      283  kin swaps       0  ticks     12921  tumbles      3567 (homeward        0, 0.00%)  drops       0  DELIVERED     0  leg home n    0 med     0 p90     0 (laden n    0 med     0 p90     0)  appetite held         0 J of         0  trips born-on-comb    0 (20 ants) / born-off    0 (0 ants)
                channel A: PEAK amt  65535 cells  105 (of 201 route)  POLARITY|| +0.21996 && +0.22142 SPAN +0.01737 edge   6.2  end nest->food [12019,457,0,0,0]  nest   25  AtNest 39.27%
                Carrying: laden      8904  of which SPOIL      8904 (100.0%)
    DECISION CENSUS: 13098 decisions, reconciled against the rows and the engine's counters
      leg     setting          n  stepped    felllaunched swappedcrossingreversedblocked_roll_fairoll_fai no_body
      empty   pocket         693    18.8%   27.1%    0.0%    0.0%    0.0%    0.0%    9.8%   22.5%   21.8%    0.0%
      empty   corridor      2506    51.2%    2.5%    0.0%    0.0%    0.0%    0.0%    0.6%   23.9%   21.8%    0.0%
      empty   junction      6171    37.9%    4.8%    0.0%    0.0%    0.0%    0.0%    1.1%   28.7%   27.5%    0.0%
      empty   open          1784    38.1%    5.5%    0.0%    0.0%    0.0%    0.0%    0.0%   26.8%   29.6%    0.0%
      spoil   pocket         500    30.0%    2.4%    0.0%    0.0%    0.0%    0.0%   24.4%   23.0%   20.2%    0.0%
      spoil   corridor       570    49.3%    0.4%    0.0%    0.0%    0.0%    0.0%    6.0%   19.8%   24.6%    0.0%
      spoil   junction       792    45.7%    0.8%    0.0%    0.0%    0.0%    0.0%    3.4%   26.3%   23.9%    0.0%
      spoil   open            82    43.9%    2.4%    0.0%    0.0%    0.0%    0.0%    0.0%   28.0%   25.6%    0.0%
    DECISIONS: rows not written (decisionnorows)
  200   17  self    0/0            0        0     4404        0        0    0/20        0         16 4 0 0 0
                A READ  ant-readable homeward along >= 0.02 on  30.1% of route-cell samples | FOODWARD   2.0% | plane lit on  34.3% | peak amt  65535 cells  96
                THE LOOP, ANT BY ANT:
                  0. lived                                     20    100.0% of prev    100.0% of all
                  1. reached the food                           0      0.0% of prev      0.0% of all
                  2. picked food up out there                   0      0.0% of prev      0.0% of all
                  3. turned for home with it                    0      0.0% of prev      0.0% of all
                  4. got back to the nest still holding it      0      0.0% of prev      0.0% of all
                  5. PUT IT DOWN there                          0      0.0% of prev      0.0% of all
                  6. went back out again                        0      0.0% of prev      0.0% of all
                  7. reached the food a SECOND time             0      0.0% of prev      0.0% of all
                RETURN LEDGER reached food    0 of   20 ants | came back    0 | trips laden    0 empty    0 | LOOPERS    0 of   20 ants ( 0.0% of those that reached food), repeat    0, most loops by one ant   0
                BY ANCHOR AT PICKUP  anchor ON nest material:    0 loops /    0 pickups (  0.0%) | anchor OFF it:    0 /    0 (  0.0%)
                BY BIRTH SITE  born ON comb:   0 of   0 that reached food looped (  0.0%) | born OFF comb:   0 of   0 (  0.0%)
                founded x   30..68   (nest cursor 48 MATERIAL x 26..70 20 of 20 founders born on it; food 248; nearest founder 180 cells out, farthest 218, nominal gap 200)  occupancy/1k [70 3 3 0 0 0 0 0]  carry->nest       0  born    0 died   20 (starved   20)
                own trail: route pk    0 end    0 along +0.0000  B nest->food [0,0,0,0,0]  blocked      330  kin swaps       0  ticks     13098  tumbles      3795 (homeward        0, 0.00%)  drops       0  DELIVERED     0  leg home n    0 med     0 p90     0 (laden n    0 med     0 p90     0)  appetite held         0 J of         0  trips born-on-comb    0 (20 ants) / born-off    0 (0 ants)
                channel A: PEAK amt  65535 cells   96 (of 201 route)  POLARITY|| +0.21339 && +0.21536 SPAN +0.03775 edge   6.0  end nest->food [11342,367,0,0,0]  nest   25  AtNest 37.37%
                Carrying: laden     11664  of which SPOIL     11664 (100.0%)
    DECISION CENSUS: 12248 decisions, reconciled against the rows and the engine's counters
      leg     setting          n  stepped    felllaunched swappedcrossingreversedblocked_roll_fairoll_fai no_body
      empty   pocket         604    17.4%   28.0%    0.0%    0.0%    0.0%    0.0%    6.5%   21.2%   27.0%    0.0%
      empty   corridor      1203    41.8%    4.7%    0.0%    0.0%    0.0%    0.0%    1.8%   24.9%   26.8%    0.0%
      empty   junction      5592    39.2%    6.0%    0.0%    0.0%    0.0%    0.0%    1.3%   27.3%   26.2%    0.0%
      empty   open          2221    43.9%    7.7%    0.0%    0.0%    0.0%    0.0%    0.0%   22.7%   25.7%    0.0%
      spoil   pocket         969    31.3%    1.4%    0.0%    0.0%    0.0%    0.0%   23.2%   24.6%   19.5%    0.0%
      spoil   corridor       366    41.3%    0.5%    0.0%    0.0%    0.0%    0.0%   11.5%   22.7%   24.0%    0.0%
      spoil   junction      1100    44.6%    0.9%    0.0%    0.0%    0.0%    0.0%    4.9%   24.4%   25.2%    0.0%
      spoil   open           193    58.0%    1.6%    0.0%    0.0%    0.0%    0.0%    0.0%   21.2%   19.2%    0.0%
    DECISIONS: rows not written (decisionnorows)
  200   18  self    0/0            0        0     4356        0        0    0/20        0         20 0 0 0 0
                A READ  ant-readable homeward along >= 0.02 on  23.0% of route-cell samples | FOODWARD   0.2% | plane lit on  23.8% | peak amt  65535 cells  51
                THE LOOP, ANT BY ANT:
                  0. lived                                     20    100.0% of prev    100.0% of all
                  1. reached the food                           0      0.0% of prev      0.0% of all
                  2. picked food up out there                   0      0.0% of prev      0.0% of all
                  3. turned for home with it                    0      0.0% of prev      0.0% of all
                  4. got back to the nest still holding it      0      0.0% of prev      0.0% of all
                  5. PUT IT DOWN there                          0      0.0% of prev      0.0% of all
                  6. went back out again                        0      0.0% of prev      0.0% of all
                  7. reached the food a SECOND time             0      0.0% of prev      0.0% of all
                RETURN LEDGER reached food    0 of   20 ants | came back    0 | trips laden    0 empty    0 | LOOPERS    0 of   20 ants ( 0.0% of those that reached food), repeat    0, most loops by one ant   0
                BY ANCHOR AT PICKUP  anchor ON nest material:    0 loops /    0 pickups (  0.0%) | anchor OFF it:    0 /    0 (  0.0%)
                BY BIRTH SITE  born ON comb:   0 of   0 that reached food looped (  0.0%) | born OFF comb:   0 of   0 (  0.0%)
                founded x   30..68   (nest cursor 48 MATERIAL x 26..70 20 of 20 founders born on it; food 248; nearest founder 180 cells out, farthest 218, nominal gap 200)  occupancy/1k [72 1 0 0 0 0 0 0]  carry->nest       0  born    0 died   20 (starved   20)
                own trail: route pk    0 end    0 along +0.0000  B nest->food [0,0,0,0,0]  blocked      454  kin swaps       0  ticks     12248  tumbles      3542 (homeward        0, 0.00%)  drops       0  DELIVERED     0  leg home n    0 med     0 p90     0 (laden n    0 med     0 p90     0)  appetite held         0 J of         0  trips born-on-comb    0 (20 ants) / born-off    0 (0 ants)
                channel A: PEAK amt  65535 cells   51 (of 201 route)  POLARITY|| +0.29843 && +0.29688 SPAN +0.00858 edge   6.0  end nest->food [12104,11,0,0,0]  nest   25  AtNest 38.87%
                Carrying: laden     15768  of which SPOIL     15768 (100.0%)
    DECISION CENSUS: 12749 decisions, reconciled against the rows and the engine's counters
      leg     setting          n  stepped    felllaunched swappedcrossingreversedblocked_roll_fairoll_fai no_body
      empty   pocket         634    22.7%   23.3%    0.0%    0.0%    0.0%    0.0%   12.3%   19.6%   22.1%    0.0%
      empty   corridor      1960    51.0%    2.7%    0.0%    0.0%    0.0%    0.0%    1.9%   23.1%   21.3%    0.0%
      empty   junction      5606    38.6%    5.8%    0.0%    0.0%    0.0%    0.0%    0.9%   27.1%   27.6%    0.0%
      empty   open          2119    36.8%    7.3%    0.0%    0.0%    0.0%    0.0%    0.0%   27.8%   28.1%    0.0%
      spoil   pocket         908    28.7%    1.3%    0.0%    0.0%    0.0%    0.0%   22.4%   23.9%   23.7%    0.0%
      spoil   corridor       593    43.3%    0.3%    0.0%    0.0%    0.0%    0.0%    9.3%   23.1%   23.9%    0.0%
      spoil   junction       832    47.8%    0.6%    0.0%    0.0%    0.0%    0.0%    5.2%   22.4%   24.0%    0.0%
      spoil   open            97    34.0%    1.0%    0.0%    0.0%    0.0%    0.0%    0.0%   37.1%   27.8%    0.0%
    DECISIONS: rows not written (decisionnorows)
  200   19  self    0/0            0        0     4710        0        0    0/20        0         19 0 1 0 0
                A READ  ant-readable homeward along >= 0.02 on  25.4% of route-cell samples | FOODWARD   2.2% | plane lit on  29.5% | peak amt  65535 cells 128
                THE LOOP, ANT BY ANT:
                  0. lived                                     20    100.0% of prev    100.0% of all
                  1. reached the food                           0      0.0% of prev      0.0% of all
                  2. picked food up out there                   0      0.0% of prev      0.0% of all
                  3. turned for home with it                    0      0.0% of prev      0.0% of all
                  4. got back to the nest still holding it      0      0.0% of prev      0.0% of all
                  5. PUT IT DOWN there                          0      0.0% of prev      0.0% of all
                  6. went back out again                        0      0.0% of prev      0.0% of all
                  7. reached the food a SECOND time             0      0.0% of prev      0.0% of all
                RETURN LEDGER reached food    0 of   20 ants | came back    0 | trips laden    0 empty    0 | LOOPERS    0 of   20 ants ( 0.0% of those that reached food), repeat    0, most loops by one ant   0
                BY ANCHOR AT PICKUP  anchor ON nest material:    0 loops /    0 pickups (  0.0%) | anchor OFF it:    0 /    0 (  0.0%)
                BY BIRTH SITE  born ON comb:   0 of   0 that reached food looped (  0.0%) | born OFF comb:   0 of   0 (  0.0%)
                founded x   30..68   (nest cursor 48 MATERIAL x 26..70 20 of 20 founders born on it; food 248; nearest founder 180 cells out, farthest 218, nominal gap 200)  occupancy/1k [71 2 0 1 0 0 0 0]  carry->nest       0  born    0 died   20 (starved   20)
                own trail: route pk    0 end    0 along +0.0000  B nest->food [0,0,0,0,0]  blocked      469  kin swaps       0  ticks     12749  tumbles      3729 (homeward        0, 0.00%)  drops       0  DELIVERED     0  leg home n    0 med     0 p90     0 (laden n    0 med     0 p90     0)  appetite held         0 J of         0  trips born-on-comb    0 (20 ants) / born-off    0 (0 ants)
                channel A: PEAK amt  65535 cells  128 (of 201 route)  POLARITY|| +0.25407 && +0.25185 SPAN +0.01591 edge   7.3  end nest->food [11616,75,0,0,0]  nest   25  AtNest 37.93%
                Carrying: laden     14580  of which SPOIL     14580 (100.0%)
    DECISION CENSUS: 12853 decisions, reconciled against the rows and the engine's counters
      leg     setting          n  stepped    felllaunched swappedcrossingreversedblocked_roll_fairoll_fai no_body
      empty   pocket         698    18.8%   26.9%    0.0%    0.0%    0.0%    0.0%    8.5%   25.2%   20.6%    0.0%
      empty   corridor      1539    46.6%    5.2%    0.0%    0.0%    0.0%    0.0%    1.3%   24.8%   22.2%    0.0%
      empty   junction      6240    38.0%    5.8%    0.0%    0.0%    0.0%    0.0%    1.3%   27.2%   27.7%    0.0%
      empty   open          2109    37.5%    9.4%    0.0%    0.0%    0.0%    0.0%    0.0%   27.5%   25.6%    0.0%
      spoil   pocket         838    29.6%    2.1%    0.0%    0.0%    0.0%    0.0%   22.7%   21.6%   24.0%    0.0%
      spoil   corridor       480    49.6%    0.2%    0.0%    0.0%    0.0%    0.0%    7.1%   23.8%   19.4%    0.0%
      spoil   junction       840    51.1%    1.5%    0.0%    0.0%    0.0%    0.0%    3.8%   20.2%   23.3%    0.0%
      spoil   open           109    54.1%    3.7%    0.0%    0.0%    0.0%    0.0%    0.0%   22.9%   19.3%    0.0%
    DECISIONS: rows not written (decisionnorows)
  200   20  self    0/0            0        0     4212        0        0    0/20        0         18 2 0 0 0
                A READ  ant-readable homeward along >= 0.02 on  28.0% of route-cell samples | FOODWARD   0.2% | plane lit on  28.4% | peak amt  65535 cells  59
                THE LOOP, ANT BY ANT:
                  0. lived                                     20    100.0% of prev    100.0% of all
                  1. reached the food                           0      0.0% of prev      0.0% of all
                  2. picked food up out there                   0      0.0% of prev      0.0% of all
                  3. turned for home with it                    0      0.0% of prev      0.0% of all
                  4. got back to the nest still holding it      0      0.0% of prev      0.0% of all
                  5. PUT IT DOWN there                          0      0.0% of prev      0.0% of all
                  6. went back out again                        0      0.0% of prev      0.0% of all
                  7. reached the food a SECOND time             0      0.0% of prev      0.0% of all
                RETURN LEDGER reached food    0 of   20 ants | came back    0 | trips laden    0 empty    0 | LOOPERS    0 of   20 ants ( 0.0% of those that reached food), repeat    0, most loops by one ant   0
                BY ANCHOR AT PICKUP  anchor ON nest material:    0 loops /    0 pickups (  0.0%) | anchor OFF it:    0 /    0 (  0.0%)
                BY BIRTH SITE  born ON comb:   0 of   0 that reached food looped (  0.0%) | born OFF comb:   0 of   0 (  0.0%)
                founded x   30..68   (nest cursor 48 MATERIAL x 26..70 20 of 20 founders born on it; food 248; nearest founder 180 cells out, farthest 218, nominal gap 200)  occupancy/1k [71 5 0 0 0 0 0 0]  carry->nest       0  born    0 died   20 (starved   20)
                own trail: route pk    0 end    0 along +0.0000  B nest->food [0,0,0,0,0]  blocked      415  kin swaps       0  ticks     12853  tumbles      3742 (homeward        0, 0.00%)  drops       0  DELIVERED     0  leg home n    0 med     0 p90     0 (laden n    0 med     0 p90     0)  appetite held         0 J of         0  trips born-on-comb    0 (20 ants) / born-off    0 (0 ants)
                channel A: PEAK amt  65535 cells   59 (of 201 route)  POLARITY|| +0.25770 && +0.26340 SPAN +0.02638 edge   6.0  end nest->food [11369,229,0,0,0]  nest   25  AtNest 35.78%
                Carrying: laden     13602  of which SPOIL     13602 (100.0%)
    DECISION CENSUS: 12769 decisions, reconciled against the rows and the engine's counters
      leg     setting          n  stepped    felllaunched swappedcrossingreversedblocked_roll_fairoll_fai no_body
      empty   pocket         733    18.3%   29.5%    0.0%    0.0%    0.0%    0.0%    8.6%   20.6%   23.1%    0.0%
      empty   corridor      1592    45.8%    4.8%    0.0%    0.0%    0.0%    0.0%    1.8%   24.3%   23.3%    0.0%
      empty   junction      5992    37.1%    7.3%    0.0%    0.0%    0.0%    0.0%    1.6%   27.2%   26.8%    0.0%
      empty   open          2224    46.9%    8.7%    0.0%    0.0%    0.0%    0.0%    0.0%   21.9%   22.6%    0.0%
      spoil   pocket         691    32.9%    0.4%    0.0%    0.0%    0.0%    0.0%   28.1%   17.5%   21.1%    0.0%
      spoil   corridor       455    42.4%    0.7%    0.0%    0.0%    0.0%    0.0%    9.5%   25.5%   22.0%    0.0%
      spoil   junction       936    46.3%    1.6%    0.0%    0.0%    0.0%    0.0%    6.5%   21.5%   24.1%    0.0%
      spoil   open           146    58.9%    4.1%    0.0%    0.0%    0.0%    0.0%    0.0%   17.1%   19.9%    0.0%
    DECISIONS: rows not written (decisionnorows)
  200   21  self    0/0            0        0     4248        0        0    0/20        0         19 1 0 0 0
                A READ  ant-readable homeward along >= 0.02 on  29.4% of route-cell samples | FOODWARD   0.3% | plane lit on  28.8% | peak amt  65535 cells  83
                THE LOOP, ANT BY ANT:
                  0. lived                                     20    100.0% of prev    100.0% of all
                  1. reached the food                           0      0.0% of prev      0.0% of all
                  2. picked food up out there                   0      0.0% of prev      0.0% of all
                  3. turned for home with it                    0      0.0% of prev      0.0% of all
                  4. got back to the nest still holding it      0      0.0% of prev      0.0% of all
                  5. PUT IT DOWN there                          0      0.0% of prev      0.0% of all
                  6. went back out again                        0      0.0% of prev      0.0% of all
                  7. reached the food a SECOND time             0      0.0% of prev      0.0% of all
                RETURN LEDGER reached food    0 of   20 ants | came back    0 | trips laden    0 empty    0 | LOOPERS    0 of   20 ants ( 0.0% of those that reached food), repeat    0, most loops by one ant   0
                BY ANCHOR AT PICKUP  anchor ON nest material:    0 loops /    0 pickups (  0.0%) | anchor OFF it:    0 /    0 (  0.0%)
                BY BIRTH SITE  born ON comb:   0 of   0 that reached food looped (  0.0%) | born OFF comb:   0 of   0 (  0.0%)
                founded x   30..68   (nest cursor 48 MATERIAL x 26..70 20 of 20 founders born on it; food 248; nearest founder 180 cells out, farthest 218, nominal gap 200)  occupancy/1k [70 5 0 0 0 0 0 0]  carry->nest       0  born    0 died   20 (starved   20)
                own trail: route pk    0 end    0 along +0.0000  B nest->food [0,0,0,0,0]  blocked      483  kin swaps       0  ticks     12769  tumbles      3601 (homeward        0, 0.00%)  drops       0  DELIVERED     0  leg home n    0 med     0 p90     0 (laden n    0 med     0 p90     0)  appetite held         0 J of         0  trips born-on-comb    0 (20 ants) / born-off    0 (0 ants)
                channel A: PEAK amt  65535 cells   83 (of 201 route)  POLARITY|| +0.24986 && +0.25279 SPAN +0.02453 edge   6.0  end nest->food [11498,205,0,0,0]  nest   25  AtNest 34.43%
                Carrying: laden     13368  of which SPOIL     13368 (100.0%)
    DECISION CENSUS: 12422 decisions, reconciled against the rows and the engine's counters
      leg     setting          n  stepped    felllaunched swappedcrossingreversedblocked_roll_fairoll_fai no_body
      empty   pocket         685    18.4%   24.5%    0.0%    0.0%    0.0%    0.0%    9.2%   21.9%   26.0%    0.0%
      empty   corridor      1774    47.4%    4.2%    0.0%    0.0%    0.0%    0.0%    1.3%   24.7%   22.4%    0.0%
      empty   junction      5795    40.3%    7.0%    0.0%    0.0%    0.0%    0.0%    1.0%   25.0%   26.6%    0.0%
      empty   open          2154    43.9%    7.0%    0.0%    0.0%    0.0%    0.0%    0.0%   25.3%   23.9%    0.0%
      spoil   pocket         440    26.1%    3.0%    0.0%    0.0%    0.0%    0.0%   20.7%   23.6%   26.6%    0.0%
      spoil   corridor       438    41.1%    0.9%    0.0%    0.0%    0.0%    0.0%   10.3%   25.6%   22.1%    0.0%
      spoil   junction       981    46.8%    0.5%    0.0%    0.0%    0.0%    0.0%    4.9%   25.3%   22.5%    0.0%
      spoil   open           155    50.3%    1.3%    0.0%    0.0%    0.0%    0.0%    0.0%   24.5%   23.9%    0.0%
    DECISIONS: rows not written (decisionnorows)
  200   22  self    0/0            0        0     4188        0        0    0/20        0         18 2 0 0 0
                A READ  ant-readable homeward along >= 0.02 on  29.1% of route-cell samples | FOODWARD   1.8% | plane lit on  31.8% | peak amt  65535 cells  88
                THE LOOP, ANT BY ANT:
                  0. lived                                     20    100.0% of prev    100.0% of all
                  1. reached the food                           0      0.0% of prev      0.0% of all
                  2. picked food up out there                   0      0.0% of prev      0.0% of all
                  3. turned for home with it                    0      0.0% of prev      0.0% of all
                  4. got back to the nest still holding it      0      0.0% of prev      0.0% of all
                  5. PUT IT DOWN there                          0      0.0% of prev      0.0% of all
                  6. went back out again                        0      0.0% of prev      0.0% of all
                  7. reached the food a SECOND time             0      0.0% of prev      0.0% of all
                RETURN LEDGER reached food    0 of   20 ants | came back    0 | trips laden    0 empty    0 | LOOPERS    0 of   20 ants ( 0.0% of those that reached food), repeat    0, most loops by one ant   0
                BY ANCHOR AT PICKUP  anchor ON nest material:    0 loops /    0 pickups (  0.0%) | anchor OFF it:    0 /    0 (  0.0%)
                BY BIRTH SITE  born ON comb:   0 of   0 that reached food looped (  0.0%) | born OFF comb:   0 of   0 (  0.0%)
                founded x   30..68   (nest cursor 48 MATERIAL x 26..70 20 of 20 founders born on it; food 248; nearest founder 180 cells out, farthest 218, nominal gap 200)  occupancy/1k [67 6 0 0 0 0 0 0]  carry->nest       0  born    0 died   20 (starved   20)
                own trail: route pk    0 end    0 along +0.0000  B nest->food [0,0,0,0,0]  blocked      330  kin swaps       0  ticks     12422  tumbles      3415 (homeward        0, 0.00%)  drops       0  DELIVERED     0  leg home n    0 med     0 p90     0 (laden n    0 med     0 p90     0)  appetite held         0 J of         0  trips born-on-comb    0 (20 ants) / born-off    0 (0 ants)
                channel A: PEAK amt  65535 cells   88 (of 201 route)  POLARITY|| +0.23163 && +0.23151 SPAN +0.02226 edge   6.3  end nest->food [11929,415,0,0,0]  nest   25  AtNest 38.91%
                Carrying: laden     12084  of which SPOIL     12084 (100.0%)
    DECISION CENSUS: 12379 decisions, reconciled against the rows and the engine's counters
      leg     setting          n  stepped    felllaunched swappedcrossingreversedblocked_roll_fairoll_fai no_body
      empty   pocket         506    18.2%   28.3%    0.0%    0.0%    0.0%    0.0%    7.5%   24.7%   21.3%    0.0%
      empty   corridor      1557    44.6%    3.7%    0.0%    0.0%    0.0%    0.0%    1.7%   24.1%   25.8%    0.0%
      empty   junction      5641    38.2%    5.7%    0.0%    0.0%    0.0%    0.0%    1.0%   28.2%   26.9%    0.0%
      empty   open          2207    41.5%    9.7%    0.0%    0.0%    0.0%    0.0%    0.0%   25.1%   23.7%    0.0%
      spoil   pocket         558    28.1%    2.2%    0.0%    0.0%    0.0%    0.0%   22.4%   25.1%   22.2%    0.0%
      spoil   corridor       629    38.8%    0.3%    0.0%    0.0%    0.0%    0.0%   16.2%   23.5%   21.1%    0.0%
      spoil   junction      1129    47.8%    1.1%    0.0%    0.0%    0.0%    0.0%    4.3%   24.2%   22.6%    0.0%
      spoil   open           152    57.2%    3.9%    0.0%    0.0%    0.0%    0.0%    0.0%   19.7%   19.1%    0.0%
    DECISIONS: rows not written (decisionnorows)
  200   23  self    0/0            0        0     4698        0        0    0/20        0         19 1 0 0 0
                A READ  ant-readable homeward along >= 0.02 on  24.1% of route-cell samples | FOODWARD   0.7% | plane lit on  26.3% | peak amt  65535 cells  65
                THE LOOP, ANT BY ANT:
                  0. lived                                     20    100.0% of prev    100.0% of all
                  1. reached the food                           0      0.0% of prev      0.0% of all
                  2. picked food up out there                   0      0.0% of prev      0.0% of all
                  3. turned for home with it                    0      0.0% of prev      0.0% of all
                  4. got back to the nest still holding it      0      0.0% of prev      0.0% of all
                  5. PUT IT DOWN there                          0      0.0% of prev      0.0% of all
                  6. went back out again                        0      0.0% of prev      0.0% of all
                  7. reached the food a SECOND time             0      0.0% of prev      0.0% of all
                RETURN LEDGER reached food    0 of   20 ants | came back    0 | trips laden    0 empty    0 | LOOPERS    0 of   20 ants ( 0.0% of those that reached food), repeat    0, most loops by one ant   0
                BY ANCHOR AT PICKUP  anchor ON nest material:    0 loops /    0 pickups (  0.0%) | anchor OFF it:    0 /    0 (  0.0%)
                BY BIRTH SITE  born ON comb:   0 of   0 that reached food looped (  0.0%) | born OFF comb:   0 of   0 (  0.0%)
                founded x   30..68   (nest cursor 48 MATERIAL x 26..70 20 of 20 founders born on it; food 248; nearest founder 180 cells out, farthest 218, nominal gap 200)  occupancy/1k [70 3 0 0 0 0 0 0]  carry->nest       0  born    0 died   20 (starved   20)
                own trail: route pk    0 end    0 along +0.0000  B nest->food [0,0,0,0,0]  blocked      398  kin swaps       0  ticks     12379  tumbles      3633 (homeward        0, 0.00%)  drops       0  DELIVERED     0  leg home n    0 med     0 p90     0 (laden n    0 med     0 p90     0)  appetite held         0 J of         0  trips born-on-comb    0 (20 ants) / born-off    0 (0 ants)
                channel A: PEAK amt  65535 cells   65 (of 201 route)  POLARITY|| +0.27322 && +0.27049 SPAN +0.01884 edge   6.0  end nest->food [12077,92,0,0,0]  nest   25  AtNest 41.04%
                Carrying: laden     14808  of which SPOIL     14808 (100.0%)
    DECISION CENSUS: 11857 decisions, reconciled against the rows and the engine's counters
      leg     setting          n  stepped    felllaunched swappedcrossingreversedblocked_roll_fairoll_fai no_body
      empty   pocket         538    16.4%   32.5%    0.0%    0.0%    0.0%    0.0%    7.1%   21.4%   22.7%    0.0%
      empty   corridor      1258    45.7%    5.5%    0.0%    0.0%    0.0%    0.0%    2.2%   24.0%   22.6%    0.0%
      empty   junction      5936    36.3%    7.2%    0.0%    0.0%    0.0%    0.0%    0.9%   27.4%   28.3%    0.0%
      empty   open          2271    43.3%    9.4%    0.0%    0.0%    0.0%    0.0%    0.0%   23.2%   24.1%    0.0%
      spoil   pocket         365    27.7%    4.4%    0.0%    0.0%    0.0%    0.0%   22.7%   23.6%   21.6%    0.0%
      spoil   corridor       457    43.3%    0.2%    0.0%    0.0%    0.0%    0.0%   15.3%   20.8%   20.4%    0.0%
      spoil   junction       870    47.7%    1.5%    0.0%    0.0%    0.0%    0.0%    5.6%   22.8%   22.4%    0.0%
      spoil   open           162    50.0%    5.6%    0.0%    0.0%    0.0%    0.0%    0.0%   22.8%   21.6%    0.0%
    DECISIONS: rows not written (decisionnorows)
  200   24  self    0/0            0        0     4302        0        0    0/20        0         18 2 0 0 0
                A READ  ant-readable homeward along >= 0.02 on  24.2% of route-cell samples | FOODWARD   1.7% | plane lit on  28.0% | peak amt  65535 cells  60
                THE LOOP, ANT BY ANT:
                  0. lived                                     20    100.0% of prev    100.0% of all
                  1. reached the food                           0      0.0% of prev      0.0% of all
                  2. picked food up out there                   0      0.0% of prev      0.0% of all
                  3. turned for home with it                    0      0.0% of prev      0.0% of all
                  4. got back to the nest still holding it      0      0.0% of prev      0.0% of all
                  5. PUT IT DOWN there                          0      0.0% of prev      0.0% of all
                  6. went back out again                        0      0.0% of prev      0.0% of all
                  7. reached the food a SECOND time             0      0.0% of prev      0.0% of all
                RETURN LEDGER reached food    0 of   20 ants | came back    0 | trips laden    0 empty    0 | LOOPERS    0 of   20 ants ( 0.0% of those that reached food), repeat    0, most loops by one ant   0
                BY ANCHOR AT PICKUP  anchor ON nest material:    0 loops /    0 pickups (  0.0%) | anchor OFF it:    0 /    0 (  0.0%)
                BY BIRTH SITE  born ON comb:   0 of   0 that reached food looped (  0.0%) | born OFF comb:   0 of   0 (  0.0%)
                founded x   30..68   (nest cursor 48 MATERIAL x 26..70 20 of 20 founders born on it; food 248; nearest founder 180 cells out, farthest 218, nominal gap 200)  occupancy/1k [66 4 0 0 0 0 0 0]  carry->nest       0  born    0 died   20 (starved   19)
                own trail: route pk    0 end    0 along +0.0000  B nest->food [0,0,0,0,0]  blocked      321  kin swaps       0  ticks     11858  tumbles      3305 (homeward        0, 0.00%)  drops       0  DELIVERED     0  leg home n    0 med     0 p90     0 (laden n    0 med     0 p90     0)  appetite held         0 J of         0  trips born-on-comb    0 (20 ants) / born-off    0 (0 ants)
                channel A: PEAK amt  65535 cells   60 (of 201 route)  POLARITY|| +0.25713 && +0.25574 SPAN +0.00571 edge   6.0  end nest->food [11122,429,0,0,0]  nest   25  AtNest 37.43%
                Carrying: laden     11130  of which SPOIL     11130 (100.0%)

  larder put out, over the whole sweep: 96000-97920 J, against a need near 46,800 J
    for 52 ants over 24,000 frames -- so these colonies are provisioned, not starved.
  intake off anything that is not the larder is ASSERTED to be 0 in every row, not printed.

  `self` vs `mute` is the real question: do the ants' OWN trails do anything?
  `visitors` is DISTINCT ants that reached the food over distinct ants that ever lived --
    recruitment, which `near` ant-ticks cannot see: 50 visitors and 1 resident read alike.
  `trips` is nest -> food -> nest, closed on the RETURN. `reach` buckets every ant by how
  `occupancy` is ant-ticks in 8 equal bands, NEST END FIRST, food end last -- a commuting
    colony is bimodal, a dispersing one slides its mass right, a homebody is a spike at 0.
  `carry->nest` is signed cells moved while holding larder, POSITIVE = homeward. Near zero
    means food is picked up and wandered with, which is a different fault from not finding it.
    far it ever got, as a share of the gap, so a commuting population is visible as a shape.
  `hand` vs `self` only says whether a laid ramp beats what they bootstrap.
  `hmute` is the DECAY BASELINE for `route pk`: our ramp laid, the ants silenced.
  `flatN`/`flatF` are the POLARITY metric's negative controls: a FLAT channel A blob over
    the nest half / the food half, ants' EmitA silenced. A field with no ramp in it at all.
    A correct metric reads 0 on both. POLARITY|| is predicted to read ~+0.12 and ~-0.12,
    which brackets every polarity figure in the report -- see `lay_flat`.
  `homeA` lays a channel A HOMING ramp and no food trail -- if laden ants only fail
    to route because they cannot find their way home, this is where their own B appears.
  `carry` is ant-ticks holding larder in the crop; `carry@nest` is those inside the +-26 nest band --
    that pair is the answer to "is food being carried back", which a cell census cannot give.
  `other J` must read 0 in every row: it is the check that `onlyfood` held.
  A gap where `alive` reaches 0 in every arm is measuring a dead colony, not a deaf one.
