  diet: larder=fruit onlyfood=on
  odometer A: recur=shipped emita=shipped biasa=shipped   odometer B: charb=shipped recurb=shipped emitb=shipped biasb=shipped carryb=shipped
trailfollow: mode=gap gate=shipped frames=24000 seeds=24 seed0=1 ants=20 relay=60 near=10 food=400 refill=400 stop=6000 homebias=shipped cropcap=shipped hungergate=shipped arho=shipped brho=shipped adiffuse=shipped arise=off/off tumble=shipped persist=shipped tumblegrad=shipped homewire=shipped
  gate shipped: off -45.0  on +0.5  along ±6.0
  breadoff=false decisioncsv=true dtag= COLONY_SPACING=2 STACK_DEPTH=4 layfrom=founders
  landed 2026-09-09: units 0/1 = b2 (off -45, on +0.5, along 6); units 2/3 = saturated (off -45, on +30, along 6). See open-bugs-handoff.md Z7.

  gap seed   arm     alive     ate J  arrive@    dead@    carry    @nest  visitors  trips reach 0-25-50-75-100
----- ---- ----- --------- --------- -------- -------- -------- -------- --------- ------ ------------------
    DECISION CENSUS: 49794 decisions, reconciled against the rows and the engine's counters
      leg     setting          n  stepped    felllaunched swappedcrossingreversedblocked_roll_fairoll_fai no_body
      empty   pocket        4313     8.0%   11.0%    0.0%    0.0%    0.0%    0.0%    4.5%   37.2%   39.3%    0.0%
      empty   corridor      4152    39.9%    4.3%    0.0%    0.0%    0.0%    0.0%    1.2%   26.9%   27.8%    0.0%
      empty   junction     15842    38.2%    5.0%    0.0%    0.0%    0.0%    0.0%    1.0%   28.1%   27.7%    0.0%
      empty   open          5567    39.2%    6.6%    0.0%    0.0%    0.0%    0.0%    0.0%   26.6%   27.6%    0.0%
      laden   pocket        1625     0.7%    7.9%    0.0%    0.0%    0.0%    0.0%    0.2%   46.9%   44.3%    0.0%
      laden   corridor      2591     5.9%    1.5%    0.0%    0.0%    0.0%    0.0%    0.3%   46.9%   45.5%    0.0%
      laden   junction      7353    15.0%    2.3%    0.0%    0.0%    0.0%    0.0%    0.5%   40.5%   41.7%    0.0%
      laden   open          2364    15.7%    3.8%    0.0%    0.0%    0.0%    0.0%    0.0%   39.1%   41.5%    0.0%
      spoil   pocket        3102     6.4%    1.6%    0.0%    0.0%    0.0%    0.0%    5.1%   43.8%   43.1%    0.0%
      spoil   corridor       821    33.0%    1.0%    0.0%    0.0%    0.0%    0.0%    5.2%   29.7%   31.1%    0.0%
      spoil   junction      1733    42.3%    1.0%    0.0%    0.0%    0.0%    0.0%    3.8%   27.5%   25.4%    0.0%
      spoil   open           331    48.3%    2.7%    0.0%    0.0%    0.0%    0.0%    0.0%   24.8%   24.2%    0.0%
    DECISIONS: rows not written (decisionnorows)
   90    1 hmute    7/5        14886     1320        0    83600    36762   18/25       13         2 2 2 19 0
                A READ  ant-readable homeward along >= 0.02 on  61.9% of route-cell samples | FOODWARD  26.2% | plane lit on  96.9% | peak amt  65535 cells  91
                THE LOOP, ANT BY ANT:
                  0. lived                                     25    100.0% of prev    100.0% of all
                  1. reached the food                          18     72.0% of prev     72.0% of all
                  2. picked food up out there                  18    100.0% of prev     72.0% of all
                  3. turned for home with it                   16     88.9% of prev     64.0% of all
                  4. got back to the nest still holding it     12     75.0% of prev     48.0% of all
                  5. PUT IT DOWN there                         12    100.0% of prev     48.0% of all
                  6. went back out again                       12    100.0% of prev     48.0% of all
                  7. reached the food a SECOND time             1      8.3% of prev      4.0% of all
                RETURN LEDGER reached food   18 of   25 ants | came back   12 | trips laden    9 empty    4 | LOOPERS    8 of   25 ants (44.4% of those that reached food), repeat    1, most loops by one ant   2
                BY ANCHOR AT PICKUP  anchor ON nest material:    9 loops /   21 pickups ( 42.9%) | anchor OFF it:    0 /    3 (  0.0%)
                BY BIRTH SITE  born ON comb:   8 of  16 that reached food looped ( 50.0%) | born OFF comb:   0 of   2 (  0.0%)
                LEGS legs[949,613,727,1099,745,1141,541,781,5215,6577,8455,2029,535] laden[949,613,727,1099,745,1141,541,781,535]
                founded x   30..68   (nest cursor 48 MATERIAL x 26..70 20 of 25 founders born on it; food 138; nearest founder 70 cells out, farthest 108, nominal gap 90)  occupancy/1k [7 65 88 39 34 28 24 10]  carry->nest    1185  born    5 died   18 (starved   18)
                own trail: route pk    0 end    0 along +0.0000  B nest->food [2106,4688,7388,9970,8306]  blocked      717  kin swaps       0  ticks     49794  tumbles     17410 (homeward     1588, 9.12%)  drops    1429  DELIVERED  1429  leg home n   13 med   949 p90  6577 (laden n    9 med   745 p90  1099)  appetite held         0 J of     46012  trips born-on-comb   13 (23 ants) / born-off    0 (2 ants)
                channel A: PEAK amt  65535 cells   91 (of 91 route)  POLARITY|| +0.10761 && +0.10332 SPAN +0.00149 edge   1.0  end nest->food [5919,37283,8693,1293,0]  nest   25  AtNest 20.07%
                Carrying: laden    119522  of which SPOIL     41850 ( 35.0%)
    DECISION CENSUS: 66813 decisions, reconciled against the rows and the engine's counters
      leg     setting          n  stepped    felllaunched swappedcrossingreversedblocked_roll_fairoll_fai no_body
      empty   pocket        4403    10.2%    9.8%    0.0%    0.0%    0.0%    0.0%    4.8%   37.8%   37.3%    0.0%
      empty   corridor      6449    32.7%    2.3%    0.0%    0.0%    0.0%    0.0%    1.2%   31.8%   31.9%    0.0%
      empty   junction     21311    31.6%    4.1%    0.0%    0.0%    0.0%    0.0%    0.8%   31.5%   32.0%    0.0%
      empty   open          9704    25.5%    4.9%    0.0%    0.0%    0.0%    0.0%    0.0%   35.0%   34.6%    0.0%
      laden   pocket        4660     0.3%    1.7%    0.0%    0.0%    0.0%    0.0%    0.6%   47.0%   50.4%    0.0%
      laden   corridor      3041     8.1%    0.8%    0.0%    0.0%    0.0%    0.0%    0.2%   44.5%   46.4%    0.0%
      laden   junction      8989    13.5%    1.2%    0.0%    0.0%    0.0%    0.0%    0.2%   42.9%   42.1%    0.0%
      laden   open          1609    20.9%    3.7%    0.0%    0.0%    0.0%    0.0%    0.0%   37.5%   37.8%    0.0%
      spoil   pocket        2659    12.0%    0.9%    0.0%    0.0%    0.0%    0.0%    7.9%   39.5%   39.8%    0.0%
      spoil   corridor      1692    35.1%    0.2%    0.0%    0.0%    0.0%    0.0%    2.5%   31.5%   30.7%    0.0%
      spoil   junction      1769    38.2%    0.9%    0.0%    0.0%    0.0%    0.0%    3.4%   30.5%   27.0%    0.0%
      spoil   open           527    30.9%    2.1%    0.0%    0.0%    0.0%    0.0%    0.0%   38.1%   28.8%    0.0%
    DECISIONS: rows not written (decisionnorows)
   90    2 hmute    8/8        15083     1266        0   109801    38772   17/21       16         1 1 2 17 0
                A READ  ant-readable homeward along >= 0.02 on  61.7% of route-cell samples | FOODWARD  22.1% | plane lit on  97.8% | peak amt  64167 cells  91
                THE LOOP, ANT BY ANT:
                  0. lived                                     21    100.0% of prev    100.0% of all
                  1. reached the food                          17     81.0% of prev     81.0% of all
                  2. picked food up out there                  17    100.0% of prev     81.0% of all
                  3. turned for home with it                   15     88.2% of prev     71.4% of all
                  4. got back to the nest still holding it     12     80.0% of prev     57.1% of all
                  5. PUT IT DOWN there                         12    100.0% of prev     57.1% of all
                  6. went back out again                       12    100.0% of prev     57.1% of all
                  7. reached the food a SECOND time             7     58.3% of prev     33.3% of all
                RETURN LEDGER reached food   17 of   21 ants | came back   12 | trips laden   14 empty    2 | LOOPERS   11 of   21 ants (64.7% of those that reached food), repeat    3, most loops by one ant   2
                BY ANCHOR AT PICKUP  anchor ON nest material:   14 loops /   39 pickups ( 35.9%) | anchor OFF it:    0 /    0 (  0.0%)
                BY BIRTH SITE  born ON comb:  11 of  17 that reached food looped ( 64.7%) | born OFF comb:   0 of   0 (  0.0%)
                LEGS legs[751,685,1183,859,745,811,1099,1285,661,745,1087,637,1327,871,4741,9931] laden[751,685,1183,859,745,811,1099,1285,661,745,1087,637,1327,871]
                founded x   30..68   (nest cursor 48 MATERIAL x 26..70 20 of 21 founders born on it; food 138; nearest founder 70 cells out, farthest 108, nominal gap 90)  occupancy/1k [11 70 51 26 63 31 123 21]  carry->nest    1352  born    1 died   13 (starved   12)
                own trail: route pk    0 end    0 along +0.0000  B nest->food [2106,4688,7388,9970,8306]  blocked      839  kin swaps       0  ticks     66814  tumbles     24987 (homeward     1902, 7.61%)  drops     832  DELIVERED   832  leg home n   16 med   871 p90  4741 (laden n   14 med   859 p90  1285)  appetite held         0 J of     60480  trips born-on-comb   16 (20 ants) / born-off    0 (1 ants)
                channel A: PEAK amt  64167 cells   91 (of 91 route)  POLARITY|| +0.09064 && +0.08671 SPAN -0.00604 edge   0.4  end nest->food [9561,31922,5551,1590,75]  nest   25  AtNest 10.07%
                Carrying: laden    149683  of which SPOIL     40524 ( 27.1%)
    DECISION CENSUS: 76699 decisions, reconciled against the rows and the engine's counters
      leg     setting          n  stepped    felllaunched swappedcrossingreversedblocked_roll_fairoll_fai no_body
      empty   pocket        3133     8.0%   13.2%    0.0%    0.0%    0.0%    0.0%    3.8%   37.1%   37.8%    0.0%
      empty   corridor      5057    39.9%    2.3%    0.0%    0.0%    0.0%    0.0%    1.1%   27.9%   28.8%    0.0%
      empty   junction     23937    25.4%    2.6%    0.0%    0.0%    0.0%    0.0%    0.7%   35.7%   35.6%    0.0%
      empty   open         16461    16.7%    2.4%    0.0%    0.0%    0.0%    0.0%    0.0%   40.9%   40.0%    0.0%
      laden   pocket         476     3.6%   22.9%    0.0%    0.0%    0.0%    0.0%    0.2%   31.7%   41.6%    0.0%
      laden   corridor      2997     9.1%    1.0%    0.0%    0.0%    0.0%    0.0%    0.1%   45.8%   44.0%    0.0%
      laden   junction     11945    10.6%    1.3%    0.0%    0.0%    0.0%    0.0%    0.2%   44.3%   43.6%    0.0%
      laden   open          6102     7.6%    1.4%    0.0%    0.0%    0.0%    0.0%    0.0%   45.3%   45.7%    0.0%
      spoil   pocket        1333     9.2%    2.0%    0.0%    0.0%    0.0%    0.0%    7.1%   41.6%   40.1%    0.0%
      spoil   corridor      1116    33.2%    0.2%    0.0%    0.0%    0.0%    0.0%    2.7%   32.1%   31.8%    0.0%
      spoil   junction      2572    22.5%    0.6%    0.0%    0.0%    0.0%    0.0%    1.6%   38.6%   36.7%    0.0%
      spoil   open          1570    15.6%    0.4%    0.0%    0.0%    0.0%    0.0%    0.0%   42.2%   41.8%    0.0%
    DECISIONS: rows not written (decisionnorows)
   90    3 hmute   15/15       18100      978        0   128692   104883   17/22       27         1 3 1 17 0
                A READ  ant-readable homeward along >= 0.02 on  58.6% of route-cell samples | FOODWARD  25.3% | plane lit on  98.2% | peak amt  65535 cells  91
                THE LOOP, ANT BY ANT:
                  0. lived                                     22    100.0% of prev    100.0% of all
                  1. reached the food                          17     77.3% of prev     77.3% of all
                  2. picked food up out there                  17    100.0% of prev     77.3% of all
                  3. turned for home with it                   17    100.0% of prev     77.3% of all
                  4. got back to the nest still holding it     17    100.0% of prev     77.3% of all
                  5. PUT IT DOWN there                         17    100.0% of prev     77.3% of all
                  6. went back out again                       15     88.2% of prev     68.2% of all
                  7. reached the food a SECOND time            11     73.3% of prev     50.0% of all
                RETURN LEDGER reached food   17 of   22 ants | came back   17 | trips laden   24 empty    3 | LOOPERS   17 of   22 ants (100.0% of those that reached food), repeat    7, most loops by one ant   2
                BY ANCHOR AT PICKUP  anchor ON nest material:   24 loops /   27 pickups ( 88.9%) | anchor OFF it:    0 /    0 (  0.0%)
                BY BIRTH SITE  born ON comb:  17 of  17 that reached food looped (100.0%) | born OFF comb:   0 of   0 (  0.0%)
                LEGS legs[805,655,595,517,643,583,541,583,589,955,721,847,685,697,565,877,679,667,793,643,1195,559,2137,1687,565,1219,6991] laden[805,655,595,517,643,583,541,583,589,955,721,847,685,697,565,877,679,667,793,643,1195,559,1687,565]
                founded x   30..68   (nest cursor 48 MATERIAL x 26..70 20 of 22 founders born on it; food 138; nearest founder 70 cells out, farthest 108, nominal gap 90)  occupancy/1k [13 181 144 23 26 29 29 9]  carry->nest    1529  born    2 died    7 (starved    5)
                own trail: route pk    0 end    0 along +0.0000  B nest->food [2106,4688,7388,9970,8306]  blocked      530  kin swaps       0  ticks     76701  tumbles     30529 (homeward     2340, 7.66%)  drops    2423  DELIVERED  2423  leg home n   27 med   679 p90  1219 (laden n   24 med   667 p90   955)  appetite held         0 J of     71214  trips born-on-comb   27 (20 ants) / born-off    0 (2 ants)
                channel A: PEAK amt  65535 cells   91 (of 91 route)  POLARITY|| +0.08384 && +0.08081 SPAN -0.00337 edge   0.5  end nest->food [20627,64882,7851,1899,0]  nest   25  AtNest 34.97%
                Carrying: laden    167871  of which SPOIL     45040 ( 26.8%)
    DECISION CENSUS: 83310 decisions, reconciled against the rows and the engine's counters
      leg     setting          n  stepped    felllaunched swappedcrossingreversedblocked_roll_fairoll_fai no_body
      empty   pocket        3753     4.6%    5.2%    0.0%    0.0%    0.0%    0.0%    1.9%   46.0%   42.3%    0.0%
      empty   corridor      4655    26.6%    1.9%    0.0%    0.0%    0.0%    0.0%    0.7%   34.8%   36.0%    0.0%
      empty   junction     21750    19.7%    2.2%    0.0%    0.0%    0.0%    0.0%    0.4%   39.1%   38.6%    0.0%
      empty   open         14751    11.7%    2.1%    0.0%    0.0%    0.0%    0.0%    0.0%   43.4%   42.8%    0.0%
      laden   pocket        2146     2.3%    7.1%    0.0%    0.0%    0.0%    0.0%    0.3%   44.7%   45.5%    0.0%
      laden   corridor      5974     6.1%    0.6%    0.0%    0.0%    0.0%    0.0%    0.1%   46.4%   46.9%    0.0%
      laden   junction     18772     6.7%    0.7%    0.0%    0.0%    0.0%    0.0%    0.2%   46.3%   46.1%    0.0%
      laden   open          7316     6.1%    0.9%    0.0%    0.0%    0.0%    0.0%    0.0%   46.3%   46.8%    0.0%
      spoil   pocket         529     9.5%    4.2%    0.0%    0.0%    0.0%    0.0%    7.0%   38.0%   41.4%    0.0%
      spoil   corridor       687    24.0%    0.0%    0.0%    0.0%    0.0%    0.0%    2.2%   35.5%   38.3%    0.0%
      spoil   junction      1923    15.2%    0.8%    0.0%    0.0%    0.0%    0.0%    1.0%   41.5%   41.5%    0.0%
      spoil   open          1054    10.2%    0.5%    0.0%    0.0%    0.0%    0.0%    0.0%   44.1%   45.2%    0.0%
    DECISIONS: rows not written (decisionnorows)
   90    4 hmute   22/19       30927      990        0   204938   143929   20/27       26         0 7 0 20 0
                A READ  ant-readable homeward along >= 0.02 on  55.0% of route-cell samples | FOODWARD  28.9% | plane lit on  98.5% | peak amt  36410 cells  91
                THE LOOP, ANT BY ANT:
                  0. lived                                     27    100.0% of prev    100.0% of all
                  1. reached the food                          20     74.1% of prev     74.1% of all
                  2. picked food up out there                  19     95.0% of prev     70.4% of all
                  3. turned for home with it                   17     89.5% of prev     63.0% of all
                  4. got back to the nest still holding it     17    100.0% of prev     63.0% of all
                  5. PUT IT DOWN there                         17    100.0% of prev     63.0% of all
                  6. went back out again                       12     70.6% of prev     44.4% of all
                  7. reached the food a SECOND time             9     75.0% of prev     33.3% of all
                RETURN LEDGER reached food   20 of   27 ants | came back   17 | trips laden   22 empty    4 | LOOPERS   17 of   27 ants (85.0% of those that reached food), repeat    5, most loops by one ant   2
                BY ANCHOR AT PICKUP  anchor ON nest material:   22 loops /   33 pickups ( 66.7%) | anchor OFF it:    0 /    4 (  0.0%)
                BY BIRTH SITE  born ON comb:  17 of  18 that reached food looped ( 94.4%) | born OFF comb:   0 of   2 (  0.0%)
                LEGS legs[727,751,559,505,649,889,913,1093,847,805,565,931,901,1033,613,613,3187,5929,1579,547,2497,6211,2665,9523,2869,4039] laden[727,751,559,505,649,889,913,1093,847,805,565,931,901,1033,613,613,3187,1579,547,2497,2665,2869]
                founded x   30..68   (nest cursor 48 MATERIAL x 26..70 20 of 27 founders born on it; food 138; nearest founder 70 cells out, farthest 108, nominal gap 90)  occupancy/1k [3 165 161 19 18 33 79 15]  carry->nest    1710  born    7 died    5 (starved    0)
                own trail: route pk    0 end    0 along +0.0000  B nest->food [2106,4688,7388,9970,8306]  blocked      304  kin swaps       0  ticks     83315  tumbles     36071 (homeward     3325, 9.22%)  drops    2732  DELIVERED  2732  leg home n   26 med   913 p90  5929 (laden n   22 med   889 p90  2665)  appetite held         0 J of    113638  trips born-on-comb   26 (22 ants) / born-off    0 (5 ants)
                channel A: PEAK amt  36410 cells   91 (of 91 route)  POLARITY|| +0.06650 && +0.06388 SPAN -0.00711 edge   0.4  end nest->food [1770,25633,2559,1326,17]  nest   25  AtNest 33.49%
                Carrying: laden    230131  of which SPOIL     39553 ( 17.2%)
    DECISION CENSUS: 60302 decisions, reconciled against the rows and the engine's counters
      leg     setting          n  stepped    felllaunched swappedcrossingreversedblocked_roll_fairoll_fai no_body
      empty   pocket        3348     7.4%    6.3%    0.0%    0.0%    0.0%    0.0%    3.6%   41.6%   41.2%    0.0%
      empty   corridor      5283    35.7%    1.1%    0.0%    0.0%    0.0%    0.0%    0.4%   30.9%   31.8%    0.0%
      empty   junction     15665    21.3%    2.1%    0.0%    0.0%    0.0%    0.0%    0.4%   38.0%   38.1%    0.0%
      empty   open         12792    10.9%    1.4%    0.0%    0.0%    0.0%    0.0%    0.0%   43.8%   43.8%    0.0%
      laden   pocket        1725     0.9%    4.3%    0.0%    0.0%    0.0%    0.0%    0.1%   49.1%   45.5%    0.0%
      laden   corridor      2860     8.6%    0.3%    0.0%    0.0%    0.0%    0.0%    0.2%   46.3%   44.5%    0.0%
      laden   junction      8871     9.7%    0.7%    0.0%    0.0%    0.0%    0.0%    0.2%   44.6%   44.7%    0.0%
      laden   open          5290     5.0%    0.6%    0.0%    0.0%    0.0%    0.0%    0.0%   46.2%   48.2%    0.0%
      spoil   pocket        1164    12.7%    0.9%    0.0%    0.0%    0.0%    0.0%    9.9%   37.0%   39.4%    0.0%
      spoil   corridor      1012    37.1%    0.0%    0.0%    0.0%    0.0%    0.0%    1.6%   32.6%   28.8%    0.0%
      spoil   junction      1602    17.7%    0.2%    0.0%    0.0%    0.0%    0.0%    1.7%   41.2%   39.1%    0.0%
      spoil   open           690    10.1%    0.0%    0.0%    0.0%    0.0%    0.0%    0.0%   44.9%   44.9%    0.0%
    DECISIONS: rows not written (decisionnorows)
   90    5 hmute   11/10       16940      990        0   112430    90032   16/24       17         0 7 0 17 0
                A READ  ant-readable homeward along >= 0.02 on  63.8% of route-cell samples | FOODWARD  24.3% | plane lit on  97.2% | peak amt  42536 cells  91
                THE LOOP, ANT BY ANT:
                  0. lived                                     24    100.0% of prev    100.0% of all
                  1. reached the food                          16     66.7% of prev     66.7% of all
                  2. picked food up out there                  15     93.8% of prev     62.5% of all
                  3. turned for home with it                   15    100.0% of prev     62.5% of all
                  4. got back to the nest still holding it     15    100.0% of prev     62.5% of all
                  5. PUT IT DOWN there                         15    100.0% of prev     62.5% of all
                  6. went back out again                       12     80.0% of prev     50.0% of all
                  7. reached the food a SECOND time             5     41.7% of prev     20.8% of all
                RETURN LEDGER reached food   16 of   24 ants | came back   15 | trips laden   16 empty    1 | LOOPERS   14 of   24 ants (87.5% of those that reached food), repeat    2, most loops by one ant   2
                BY ANCHOR AT PICKUP  anchor ON nest material:   16 loops /   18 pickups ( 88.9%) | anchor OFF it:    0 /    0 (  0.0%)
                BY BIRTH SITE  born ON comb:  14 of  16 that reached food looped ( 87.5%) | born OFF comb:   0 of   0 (  0.0%)
                LEGS legs[835,733,535,421,625,631,1075,559,643,799,769,625,601,721,925,2479,5785] laden[835,733,535,421,625,631,1075,559,643,799,769,625,601,721,925,2479]
                founded x   30..68   (nest cursor 48 MATERIAL x 26..70 20 of 24 founders born on it; food 138; nearest founder 70 cells out, farthest 108, nominal gap 90)  occupancy/1k [7 198 72 17 17 23 17 6]  carry->nest    1038  born    4 died   13 (starved    6)
                own trail: route pk    3 end    0 along +0.0000  B nest->food [2106,4688,7388,9970,8306]  blocked      397  kin swaps       0  ticks     60309  tumbles     25291 (homeward     2192, 8.67%)  drops    2931  DELIVERED  2931  leg home n   17 med   721 p90  1075 (laden n   16 med   721 p90  1075)  appetite held         0 J of     61758  trips born-on-comb   17 (22 ants) / born-off    0 (2 ants)
                channel A: PEAK amt  42536 cells   91 (of 91 route)  POLARITY|| +0.09556 && +0.09189 SPAN -0.00306 edge   1.3  end nest->food [3104,29754,2696,562,0]  nest   25  AtNest 32.07%
                Carrying: laden    139241  of which SPOIL     31539 ( 22.7%)
    DECISION CENSUS: 81240 decisions, reconciled against the rows and the engine's counters
      leg     setting          n  stepped    felllaunched swappedcrossingreversedblocked_roll_fairoll_fai no_body
      empty   pocket        4586     7.3%    5.9%    0.0%    0.0%    0.0%    0.0%    4.1%   42.0%   40.7%    0.0%
      empty   corridor      7632    31.2%    1.1%    0.0%    0.0%    0.0%    0.0%    0.4%   33.1%   34.2%    0.0%
      empty   junction     23235    21.0%    1.9%    0.0%    0.0%    0.0%    0.0%    0.4%   37.9%   38.8%    0.0%
      empty   open         17280    11.5%    1.5%    0.0%    0.0%    0.0%    0.0%    0.0%   44.6%   42.3%    0.0%
      laden   pocket        1988     1.1%    8.6%    0.0%    0.0%    0.0%    0.0%    0.1%   45.8%   44.4%    0.0%
      laden   corridor      4120     5.8%    0.8%    0.0%    0.0%    0.0%    0.0%    0.1%   46.2%   47.0%    0.0%
      laden   junction     11616    10.2%    0.7%    0.0%    0.0%    0.0%    0.0%    0.2%   44.4%   44.4%    0.0%
      laden   open          4682     6.3%    1.4%    0.0%    0.0%    0.0%    0.0%    0.0%   46.5%   45.9%    0.0%
      spoil   pocket        1670    10.1%    0.4%    0.0%    0.0%    0.0%    0.0%    7.5%   41.3%   40.7%    0.0%
      spoil   corridor      1389    32.3%    0.1%    0.0%    0.0%    0.0%    0.0%    0.9%   35.3%   31.4%    0.0%
      spoil   junction      1948    21.0%    0.6%    0.0%    0.0%    0.0%    0.0%    1.1%   39.2%   38.1%    0.0%
      spoil   open          1094    16.3%    0.4%    0.0%    0.0%    0.0%    0.0%    0.0%   40.1%   43.2%    0.0%
    DECISIONS: rows not written (decisionnorows)
   90    6 hmute   22/18       21238      936        0   134438    96242   15/25       21        0 10 0 15 0
                A READ  ant-readable homeward along >= 0.02 on  62.7% of route-cell samples | FOODWARD  23.6% | plane lit on  97.7% | peak amt  65535 cells  91
                THE LOOP, ANT BY ANT:
                  0. lived                                     25    100.0% of prev    100.0% of all
                  1. reached the food                          15     60.0% of prev     60.0% of all
                  2. picked food up out there                  15    100.0% of prev     60.0% of all
                  3. turned for home with it                   14     93.3% of prev     56.0% of all
                  4. got back to the nest still holding it     14    100.0% of prev     56.0% of all
                  5. PUT IT DOWN there                         14    100.0% of prev     56.0% of all
                  6. went back out again                       13     92.9% of prev     52.0% of all
                  7. reached the food a SECOND time             7     53.8% of prev     28.0% of all
                RETURN LEDGER reached food   15 of   25 ants | came back   14 | trips laden   15 empty    6 | LOOPERS   14 of   25 ants (93.3% of those that reached food), repeat    1, most loops by one ant   2
                BY ANCHOR AT PICKUP  anchor ON nest material:   15 loops /   25 pickups ( 60.0%) | anchor OFF it:    0 /    2 (  0.0%)
                BY BIRTH SITE  born ON comb:  14 of  14 that reached food looped (100.0%) | born OFF comb:   0 of   1 (  0.0%)
                LEGS legs[469,859,697,751,1597,679,859,799,565,769,847,679,1159,601,2215,4189,2209,6697,8407,1267,6643] laden[469,859,697,751,1597,679,859,799,565,769,847,679,1159,601,1267]
                founded x   30..68   (nest cursor 48 MATERIAL x 26..70 20 of 25 founders born on it; food 138; nearest founder 70 cells out, farthest 108, nominal gap 90)  occupancy/1k [3 207 158 29 21 19 39 6]  carry->nest    1395  born    5 died    3 (starved    2)
                own trail: route pk    0 end    0 along +0.0000  B nest->food [2106,4688,7388,9970,8306]  blocked      511  kin swaps       0  ticks     81241  tumbles     34012 (homeward     2121, 6.24%)  drops    2692  DELIVERED  2692  leg home n   21 med   859 p90  6643 (laden n   15 med   769 p90  1267)  appetite held         0 J of     73926  trips born-on-comb   21 (23 ants) / born-off    0 (2 ants)
                channel A: PEAK amt  65535 cells   91 (of 91 route)  POLARITY|| +0.08541 && +0.08186 SPAN -0.00543 edge   0.9  end nest->food [2691,64181,3402,801,0]  nest   25  AtNest 29.05%
                Carrying: laden    171045  of which SPOIL     41149 ( 24.1%)
    DECISION CENSUS: 64126 decisions, reconciled against the rows and the engine's counters
      leg     setting          n  stepped    felllaunched swappedcrossingreversedblocked_roll_fairoll_fai no_body
      empty   pocket        4225     9.6%    4.0%    0.0%    0.0%    0.0%    0.0%    6.3%   40.8%   39.2%    0.0%
      empty   corridor      7681    38.5%    0.8%    0.0%    0.0%    0.0%    0.0%    0.3%   30.0%   30.4%    0.0%
      empty   junction     15064    24.6%    2.7%    0.0%    0.0%    0.0%    0.0%    0.4%   36.4%   35.9%    0.0%
      empty   open         11234    11.6%    2.0%    0.0%    0.0%    0.0%    0.0%    0.0%   43.6%   42.8%    0.0%
      laden   pocket        1750     1.3%    5.8%    0.0%    0.0%    0.0%    0.0%    0.3%   45.0%   47.6%    0.0%
      laden   corridor      4016     8.9%    0.5%    0.0%    0.0%    0.0%    0.0%    0.2%   47.2%   43.3%    0.0%
      laden   junction      9316    12.2%    1.2%    0.0%    0.0%    0.0%    0.0%    0.2%   44.3%   42.1%    0.0%
      laden   open          5978     5.4%    0.8%    0.0%    0.0%    0.0%    0.0%    0.0%   47.4%   46.4%    0.0%
      spoil   pocket        1197    20.0%    1.0%    0.0%    0.0%    0.0%    0.0%   14.3%   35.1%   29.7%    0.0%
      spoil   corridor      1858    35.8%    0.0%    0.0%    0.0%    0.0%    0.0%    0.6%   31.5%   32.0%    0.0%
      spoil   junction      1399    20.9%    0.5%    0.0%    0.0%    0.0%    0.0%    1.7%   37.9%   39.0%    0.0%
      spoil   open           408    17.6%    0.5%    0.0%    0.0%    0.0%    0.0%    0.0%   38.0%   43.9%    0.0%
    DECISIONS: rows not written (decisionnorows)
   90    7 hmute   13/12       18291     1146        0   127588    95411   16/23       16         1 6 0 16 0
                A READ  ant-readable homeward along >= 0.02 on  64.8% of route-cell samples | FOODWARD  23.4% | plane lit on  97.5% | peak amt  42061 cells  91
                THE LOOP, ANT BY ANT:
                  0. lived                                     23    100.0% of prev    100.0% of all
                  1. reached the food                          16     69.6% of prev     69.6% of all
                  2. picked food up out there                  16    100.0% of prev     69.6% of all
                  3. turned for home with it                   16    100.0% of prev     69.6% of all
                  4. got back to the nest still holding it     14     87.5% of prev     60.9% of all
                  5. PUT IT DOWN there                         14    100.0% of prev     60.9% of all
                  6. went back out again                       12     85.7% of prev     52.2% of all
                  7. reached the food a SECOND time             5     41.7% of prev     21.7% of all
                RETURN LEDGER reached food   16 of   23 ants | came back   14 | trips laden   15 empty    1 | LOOPERS   13 of   23 ants (81.2% of those that reached food), repeat    2, most loops by one ant   2
                BY ANCHOR AT PICKUP  anchor ON nest material:   14 loops /   23 pickups ( 60.9%) | anchor OFF it:    1 /    1 (100.0%)
                BY BIRTH SITE  born ON comb:  12 of  15 that reached food looped ( 80.0%) | born OFF comb:   1 of   1 (100.0%)
                LEGS legs[721,799,709,637,733,487,733,625,607,463,1429,763,943,1919,667,6871] laden[721,799,709,637,733,487,733,625,607,463,1429,763,943,1919,667]
                founded x   30..68   (nest cursor 48 MATERIAL x 26..70 20 of 23 founders born on it; food 138; nearest founder 70 cells out, farthest 108, nominal gap 90)  occupancy/1k [7 144 144 23 21 25 15 4]  carry->nest    1392  born    3 died   10 (starved    7)
                own trail: route pk    0 end    0 along +0.0000  B nest->food [2106,4688,7388,9970,8306]  blocked      593  kin swaps       0  ticks     64129  tumbles     26330 (homeward     2351, 8.93%)  drops    2561  DELIVERED  2561  leg home n   16 med   733 p90  1919 (laden n   15 med   721 p90  1429)  appetite held         0 J of     69387  trips born-on-comb   15 (20 ants) / born-off    1 (3 ants)
                channel A: PEAK amt  42061 cells   91 (of 91 route)  POLARITY|| +0.10286 && +0.09923 SPAN -0.00132 edge   1.1  end nest->food [4363,27799,4279,932,0]  nest   25  AtNest 26.81%
                Carrying: laden    156847  of which SPOIL     36207 ( 23.1%)
    DECISION CENSUS: 77473 decisions, reconciled against the rows and the engine's counters
      leg     setting          n  stepped    felllaunched swappedcrossingreversedblocked_roll_fairoll_fai no_body
      empty   pocket        2501    16.6%    9.4%    0.0%    0.0%    0.0%    0.0%    7.4%   33.3%   33.4%    0.0%
      empty   corridor      4384    25.6%    1.9%    0.0%    0.0%    0.0%    0.0%    0.7%   35.1%   36.6%    0.0%
      empty   junction     22559    23.6%    3.0%    0.0%    0.0%    0.0%    0.0%    0.4%   36.8%   36.1%    0.0%
      empty   open         19115    11.8%    2.0%    0.0%    0.0%    0.0%    0.0%    0.0%   42.8%   43.4%    0.0%
      laden   pocket        2334     1.4%    5.0%    0.0%    0.0%    0.0%    0.0%    0.3%   46.1%   47.3%    0.0%
      laden   corridor      3236    10.3%    1.2%    0.0%    0.0%    0.0%    0.0%    0.2%   45.5%   42.9%    0.0%
      laden   junction     11239    13.0%    1.9%    0.0%    0.0%    0.0%    0.0%    0.3%   42.9%   41.9%    0.0%
      laden   open          5699     9.0%    1.6%    0.0%    0.0%    0.0%    0.0%    0.0%   44.6%   44.7%    0.0%
      spoil   pocket        2033    22.1%    0.5%    0.0%    0.0%    0.0%    0.0%   13.8%   32.4%   31.1%    0.0%
      spoil   corridor      1371    29.0%    0.2%    0.0%    0.0%    0.0%    0.0%    1.5%   35.2%   34.1%    0.0%
      spoil   junction      2265    21.8%    0.6%    0.0%    0.0%    0.0%    0.0%    1.2%   37.7%   38.7%    0.0%
      spoil   open           737    15.9%    1.1%    0.0%    0.0%    0.0%    0.0%    0.0%   43.0%   40.0%    0.0%
    DECISIONS: rows not written (decisionnorows)
   90    8 hmute   17/17       20836     1164        0   130082    73760   20/24       31         0 4 0 20 0
                A READ  ant-readable homeward along >= 0.02 on  56.6% of route-cell samples | FOODWARD  27.7% | plane lit on  98.1% | peak amt  59032 cells  91
                THE LOOP, ANT BY ANT:
                  0. lived                                     24    100.0% of prev    100.0% of all
                  1. reached the food                          20     83.3% of prev     83.3% of all
                  2. picked food up out there                  20    100.0% of prev     83.3% of all
                  3. turned for home with it                   19     95.0% of prev     79.2% of all
                  4. got back to the nest still holding it     18     94.7% of prev     75.0% of all
                  5. PUT IT DOWN there                         18    100.0% of prev     75.0% of all
                  6. went back out again                       15     83.3% of prev     62.5% of all
                  7. reached the food a SECOND time            15    100.0% of prev     62.5% of all
                RETURN LEDGER reached food   20 of   24 ants | came back   18 | trips laden   25 empty    6 | LOOPERS   18 of   24 ants (90.0% of those that reached food), repeat    7, most loops by one ant   2
                BY ANCHOR AT PICKUP  anchor ON nest material:   25 loops /   38 pickups ( 65.8%) | anchor OFF it:    0 /    0 (  0.0%)
                BY BIRTH SITE  born ON comb:  18 of  20 that reached food looped ( 90.0%) | born OFF comb:   0 of   0 (  0.0%)
                LEGS legs[823,625,721,727,1129,631,709,775,775,715,631,721,745,619,589,547,601,721,655,2785,1615,2077,1267,631,4357,4405,517,7591,7033,5719,6823] laden[823,625,721,727,1129,631,709,775,775,715,631,721,745,619,589,547,601,721,655,2785,1615,2077,1267,631,517]
                founded x   30..68   (nest cursor 48 MATERIAL x 26..70 20 of 24 founders born on it; food 138; nearest founder 70 cells out, farthest 108, nominal gap 90)  occupancy/1k [6 131 155 28 29 51 40 13]  carry->nest    2043  born    4 died    7 (starved    2)
                own trail: route pk    3 end    1 along +0.0000  B nest->food [2106,4688,7388,9970,8306]  blocked      693  kin swaps       0  ticks     77478  tumbles     31771 (homeward     3182, 10.02%)  drops     947  DELIVERED   947  leg home n   31 med   727 p90  5719 (laden n   25 med   721 p90  1615)  appetite held         0 J of     76189  trips born-on-comb   31 (20 ants) / born-off    0 (4 ants)
                channel A: PEAK amt  59032 cells   91 (of 91 route)  POLARITY|| +0.04417 && +0.04106 SPAN -0.00844 edge   0.4  end nest->food [1816,44076,4156,2487,278]  nest   25  AtNest 16.68%
                Carrying: laden    168464  of which SPOIL     42078 ( 25.0%)
    DECISION CENSUS: 64264 decisions, reconciled against the rows and the engine's counters
      leg     setting          n  stepped    felllaunched swappedcrossingreversedblocked_roll_fairoll_fai no_body
      empty   pocket        2921    11.6%   11.1%    0.0%    0.0%    0.0%    0.0%    6.7%   35.1%   35.6%    0.0%
      empty   corridor      5832    29.4%    1.6%    0.0%    0.0%    0.0%    0.0%    1.0%   34.0%   34.0%    0.0%
      empty   junction     15370    28.4%    3.9%    0.0%    0.0%    0.0%    0.0%    0.8%   33.7%   33.2%    0.0%
      empty   open         13469    13.0%    2.4%    0.0%    0.0%    0.0%    0.0%    0.0%   41.8%   42.8%    0.0%
      laden   pocket        3240     0.6%    2.3%    0.0%    0.0%    0.0%    0.0%    0.7%   47.8%   48.5%    0.0%
      laden   corridor      1947     9.0%    1.0%    0.0%    0.0%    0.0%    0.0%    0.3%   45.2%   44.5%    0.0%
      laden   junction      8001    11.4%    1.1%    0.0%    0.0%    0.0%    0.0%    0.3%   42.7%   44.5%    0.0%
      laden   open          7144     4.4%    0.8%    0.0%    0.0%    0.0%    0.0%    0.0%   47.9%   46.9%    0.0%
      spoil   pocket        2609    13.0%    0.4%    0.0%    0.0%    0.0%    0.0%    9.1%   38.6%   38.8%    0.0%
      spoil   corridor      1758    30.8%    0.1%    0.0%    0.0%    0.0%    0.0%    1.1%   34.9%   33.1%    0.0%
      spoil   junction      1383    32.2%    0.6%    0.0%    0.0%    0.0%    0.0%    2.0%   33.6%   31.7%    0.0%
      spoil   open           590    20.0%    1.2%    0.0%    0.0%    0.0%    0.0%    0.0%   35.9%   42.9%    0.0%
    DECISIONS: rows not written (decisionnorows)
   90    9 hmute   13/13       18227      984        0   122540    82052   17/24       16         3 4 0 17 0
                A READ  ant-readable homeward along >= 0.02 on  57.1% of route-cell samples | FOODWARD  28.0% | plane lit on  98.4% | peak amt  37283 cells  91
                THE LOOP, ANT BY ANT:
                  0. lived                                     24    100.0% of prev    100.0% of all
                  1. reached the food                          17     70.8% of prev     70.8% of all
                  2. picked food up out there                  17    100.0% of prev     70.8% of all
                  3. turned for home with it                   16     94.1% of prev     66.7% of all
                  4. got back to the nest still holding it     14     87.5% of prev     58.3% of all
                  5. PUT IT DOWN there                         14    100.0% of prev     58.3% of all
                  6. went back out again                        9     64.3% of prev     37.5% of all
                  7. reached the food a SECOND time             3     33.3% of prev     12.5% of all
                RETURN LEDGER reached food   17 of   24 ants | came back   14 | trips laden   15 empty    1 | LOOPERS   13 of   24 ants (76.5% of those that reached food), repeat    2, most loops by one ant   2
                BY ANCHOR AT PICKUP  anchor ON nest material:   15 loops /   25 pickups ( 60.0%) | anchor OFF it:    0 /    0 (  0.0%)
                BY BIRTH SITE  born ON comb:  13 of  17 that reached food looped ( 76.5%) | born OFF comb:   0 of   0 (  0.0%)
                LEGS legs[757,859,655,985,955,673,805,667,829,721,841,577,3067,595,565,1207] laden[757,859,655,985,955,673,805,667,829,721,841,577,595,565,1207]
                founded x   30..68   (nest cursor 48 MATERIAL x 26..70 20 of 24 founders born on it; food 138; nearest founder 70 cells out, farthest 108, nominal gap 90)  occupancy/1k [22 88 113 15 55 53 30 7]  carry->nest    1214  born    4 died   11 (starved    8)
                own trail: route pk    0 end    0 along +0.0000  B nest->food [2106,4688,7388,9970,8306]  blocked      712  kin swaps       0  ticks     64267  tumbles     26094 (homeward     2813, 10.78%)  drops    2107  DELIVERED  2105  leg home n   16 med   805 p90  1207 (laden n   15 med   757 p90   985)  appetite held         0 J of     66891  trips born-on-comb   16 (21 ants) / born-off    0 (3 ants)
                channel A: PEAK amt  37283 cells   91 (of 91 route)  POLARITY|| +0.06668 && +0.06383 SPAN -0.00606 edge   0.4  end nest->food [1539,22684,2814,1390,6]  nest   25  AtNest 23.26%
                Carrying: laden    160479  of which SPOIL     40935 ( 25.5%)
    DECISION CENSUS: 61999 decisions, reconciled against the rows and the engine's counters
      leg     setting          n  stepped    felllaunched swappedcrossingreversedblocked_roll_fairoll_fai no_body
      empty   pocket        3917     4.0%    5.5%    0.0%    0.0%    0.0%    0.0%    2.6%   44.0%   43.9%    0.0%
      empty   corridor      5864    28.2%    1.4%    0.0%    0.0%    0.0%    0.0%    0.6%   34.9%   34.9%    0.0%
      empty   junction     17912    20.7%    2.4%    0.0%    0.0%    0.0%    0.0%    0.4%   38.2%   38.3%    0.0%
      empty   open         13993     9.5%    1.4%    0.0%    0.0%    0.0%    0.0%    0.0%   44.1%   44.9%    0.0%
      laden   pocket        1389     0.6%    5.0%    0.0%    0.0%    0.0%    0.0%    0.1%   46.8%   47.5%    0.0%
      laden   corridor      3095    12.4%    0.5%    0.0%    0.0%    0.0%    0.0%    0.3%   43.1%   43.8%    0.0%
      laden   junction      8931     8.3%    0.7%    0.0%    0.0%    0.0%    0.0%    0.2%   45.2%   45.6%    0.0%
      laden   open          3361     5.4%    1.0%    0.0%    0.0%    0.0%    0.0%    0.0%   47.8%   45.7%    0.0%
      spoil   pocket         849    12.6%    2.5%    0.0%    0.0%    0.0%    0.0%    9.8%   40.2%   35.0%    0.0%
      spoil   corridor       668    31.6%    0.4%    0.0%    0.0%    0.0%    0.0%    1.9%   32.6%   33.4%    0.0%
      spoil   junction      1209    22.8%    0.6%    0.0%    0.0%    0.0%    0.0%    2.1%   37.4%   37.1%    0.0%
      spoil   open           811    11.0%    0.6%    0.0%    0.0%    0.0%    0.0%    0.0%   42.3%   46.1%    0.0%
    DECISIONS: rows not written (decisionnorows)
   90   10 hmute   11/11       14609     1026        0   100681    68767   16/22       16         0 6 0 16 0
                A READ  ant-readable homeward along >= 0.02 on  61.7% of route-cell samples | FOODWARD  26.0% | plane lit on  97.8% | peak amt  40185 cells  91
                THE LOOP, ANT BY ANT:
                  0. lived                                     22    100.0% of prev    100.0% of all
                  1. reached the food                          16     72.7% of prev     72.7% of all
                  2. picked food up out there                  16    100.0% of prev     72.7% of all
                  3. turned for home with it                   14     87.5% of prev     63.6% of all
                  4. got back to the nest still holding it     11     78.6% of prev     50.0% of all
                  5. PUT IT DOWN there                         11    100.0% of prev     50.0% of all
                  6. went back out again                        9     81.8% of prev     40.9% of all
                  7. reached the food a SECOND time             5     55.6% of prev     22.7% of all
                RETURN LEDGER reached food   16 of   22 ants | came back   12 | trips laden   12 empty    4 | LOOPERS   10 of   22 ants (62.5% of those that reached food), repeat    2, most loops by one ant   2
                BY ANCHOR AT PICKUP  anchor ON nest material:   12 loops /   22 pickups ( 54.5%) | anchor OFF it:    0 /    1 (  0.0%)
                BY BIRTH SITE  born ON comb:  10 of  15 that reached food looped ( 66.7%) | born OFF comb:   0 of   1 (  0.0%)
                LEGS legs[487,649,607,871,547,625,643,691,481,607,3199,751,6601,6877,3337,9535] laden[487,649,607,871,547,625,643,691,481,607,3199,751]
                founded x   30..68   (nest cursor 48 MATERIAL x 26..70 20 of 22 founders born on it; food 138; nearest founder 70 cells out, farthest 108, nominal gap 90)  occupancy/1k [5 112 164 17 22 24 16 7]  carry->nest    1160  born    2 died   11 (starved    5)
                own trail: route pk    0 end    0 along +0.0000  B nest->food [2106,4688,7388,9970,8306]  blocked      359  kin swaps       0  ticks     62005  tumbles     26124 (homeward     1833, 7.02%)  drops    1787  DELIVERED  1787  leg home n   16 med   691 p90  6877 (laden n   12 med   643 p90   871)  appetite held         0 J of     55451  trips born-on-comb   16 (21 ants) / born-off    0 (1 ants)
                channel A: PEAK amt  40185 cells   91 (of 91 route)  POLARITY|| +0.08344 && +0.07969 SPAN -0.00469 edge   0.8  end nest->food [2109,18203,2964,756,0]  nest   25  AtNest 26.72%
                Carrying: laden    121904  of which SPOIL     24733 ( 20.3%)
    DECISION CENSUS: 82538 decisions, reconciled against the rows and the engine's counters
      leg     setting          n  stepped    felllaunched swappedcrossingreversedblocked_roll_fairoll_fai no_body
      empty   pocket        2912     6.4%   11.5%    0.0%    0.0%    0.0%    0.0%    2.9%   40.5%   38.6%    0.0%
      empty   corridor      5414    23.6%    1.9%    0.0%    0.0%    0.0%    0.0%    1.7%   36.5%   36.4%    0.0%
      empty   junction     28888    20.0%    2.4%    0.0%    0.0%    0.0%    0.0%    0.5%   38.3%   38.9%    0.0%
      empty   open         14968    14.7%    2.7%    0.0%    0.0%    0.0%    0.0%    0.0%   41.6%   41.0%    0.0%
      laden   pocket        3365     0.8%    4.0%    0.0%    0.0%    0.0%    0.0%    0.4%   48.8%   46.0%    0.0%
      laden   corridor      3856     6.1%    0.7%    0.0%    0.0%    0.0%    0.0%    0.3%   46.0%   46.9%    0.0%
      laden   junction     12565     9.7%    1.3%    0.0%    0.0%    0.0%    0.0%    0.2%   43.7%   45.2%    0.0%
      laden   open          5648     8.2%    1.6%    0.0%    0.0%    0.0%    0.0%    0.0%   45.2%   45.0%    0.0%
      spoil   pocket         750    21.2%    3.7%    0.0%    0.0%    0.0%    0.0%   15.9%   28.1%   31.1%    0.0%
      spoil   corridor       453    29.8%    0.0%    0.0%    0.0%    0.0%    0.0%    6.2%   32.0%   32.0%    0.0%
      spoil   junction      2445    22.1%    0.6%    0.0%    0.0%    0.0%    0.0%    1.6%   37.3%   38.4%    0.0%
      spoil   open          1274     9.3%    0.5%    0.0%    0.0%    0.0%    0.0%    0.0%   46.5%   43.6%    0.0%
    DECISIONS: rows not written (decisionnorows)
   90   11 hmute   21/18       25882      900        0   150673    86723   22/28       20         1 5 0 22 0
                A READ  ant-readable homeward along >= 0.02 on  56.6% of route-cell samples | FOODWARD  28.7% | plane lit on  98.5% | peak amt  44479 cells  91
                THE LOOP, ANT BY ANT:
                  0. lived                                     28    100.0% of prev    100.0% of all
                  1. reached the food                          22     78.6% of prev     78.6% of all
                  2. picked food up out there                  22    100.0% of prev     78.6% of all
                  3. turned for home with it                   20     90.9% of prev     71.4% of all
                  4. got back to the nest still holding it     17     85.0% of prev     60.7% of all
                  5. PUT IT DOWN there                         17    100.0% of prev     60.7% of all
                  6. went back out again                       14     82.4% of prev     50.0% of all
                  7. reached the food a SECOND time             3     21.4% of prev     10.7% of all
                RETURN LEDGER reached food   22 of   28 ants | came back   17 | trips laden   18 empty    2 | LOOPERS   17 of   28 ants (77.3% of those that reached food), repeat    1, most loops by one ant   2
                BY ANCHOR AT PICKUP  anchor ON nest material:   18 loops /   31 pickups ( 58.1%) | anchor OFF it:    0 /    3 (  0.0%)
                BY BIRTH SITE  born ON comb:  17 of  20 that reached food looped ( 85.0%) | born OFF comb:   0 of   2 (  0.0%)
                LEGS legs[631,1273,1231,1633,1219,793,973,601,871,1513,679,865,751,781,913,889,1543,601,7183,8413] laden[631,1273,1231,1633,1219,793,973,601,871,1513,679,865,751,781,913,889,1543,601]
                founded x   30..68   (nest cursor 48 MATERIAL x 26..70 20 of 28 founders born on it; food 138; nearest founder 70 cells out, farthest 108, nominal gap 90)  occupancy/1k [4 155 149 22 45 45 48 21]  carry->nest    1554  born    8 died    7 (starved    4)
                own trail: route pk    0 end    0 along +0.0000  B nest->food [2106,4688,7388,9970,8306]  blocked      546  kin swaps       0  ticks     82541  tumbles     34315 (homeward     3418, 9.96%)  drops    2438  DELIVERED  2438  leg home n   20 med   913 p90  1633 (laden n   18 med   889 p90  1513)  appetite held         0 J of     84955  trips born-on-comb   20 (23 ants) / born-off    0 (5 ants)
                channel A: PEAK amt  44479 cells   91 (of 91 route)  POLARITY|| +0.06533 && +0.06238 SPAN -0.00759 edge   0.4  end nest->food [1651,28076,3849,1511,20]  nest   25  AtNest 27.50%
                Carrying: laden    180289  of which SPOIL     37655 ( 20.9%)
    DECISION CENSUS: 62678 decisions, reconciled against the rows and the engine's counters
      leg     setting          n  stepped    felllaunched swappedcrossingreversedblocked_roll_fairoll_fai no_body
      empty   pocket        3782     8.7%   11.3%    0.0%    0.0%    0.0%    0.1%    3.6%   39.9%   36.4%    0.0%
      empty   corridor      5859    28.7%    2.8%    0.0%    0.0%    0.0%    0.0%    1.0%   34.1%   33.5%    0.0%
      empty   junction     22371    29.1%    3.1%    0.0%    0.0%    0.0%    0.0%    0.9%   33.3%   33.7%    0.0%
      empty   open          9927    21.6%    3.2%    0.0%    0.0%    0.0%    0.0%    0.0%   37.7%   37.5%    0.0%
      laden   pocket        3858     0.4%    2.8%    0.0%    0.0%    0.0%    0.0%    0.1%   48.8%   47.8%    0.0%
      laden   corridor      4833     5.6%    0.6%    0.0%    0.0%    0.0%    0.0%    0.2%   46.8%   46.9%    0.0%
      laden   junction      5963    16.2%    2.0%    0.0%    0.0%    0.0%    0.0%    0.3%   40.2%   41.3%    0.0%
      laden   open          1174    21.0%    2.9%    0.0%    0.0%    0.0%    0.0%    0.0%   39.7%   36.5%    0.0%
      spoil   pocket        1499    14.0%    2.4%    0.0%    0.0%    0.0%    0.0%   11.2%   37.8%   34.6%    0.0%
      spoil   corridor      1033    34.2%    0.5%    0.0%    0.0%    0.0%    0.0%    3.8%   30.8%   30.8%    0.0%
      spoil   junction      1803    33.9%    0.9%    0.0%    0.0%    0.0%    0.0%    2.7%   31.6%   30.8%    0.0%
      spoil   open           576    27.6%    1.2%    0.0%    0.0%    0.0%    0.0%    0.0%   36.1%   35.1%    0.0%
    DECISIONS: rows not written (decisionnorows)
   90   12 hmute    8/8        12647      810        0    94969    48426   16/21       20         0 3 1 17 0
                A READ  ant-readable homeward along >= 0.02 on  61.9% of route-cell samples | FOODWARD  23.9% | plane lit on  98.1% | peak amt  65535 cells  91
                THE LOOP, ANT BY ANT:
                  0. lived                                     21    100.0% of prev    100.0% of all
                  1. reached the food                          16     76.2% of prev     76.2% of all
                  2. picked food up out there                  16    100.0% of prev     76.2% of all
                  3. turned for home with it                   16    100.0% of prev     76.2% of all
                  4. got back to the nest still holding it     16    100.0% of prev     76.2% of all
                  5. PUT IT DOWN there                         16    100.0% of prev     76.2% of all
                  6. went back out again                       16    100.0% of prev     76.2% of all
                  7. reached the food a SECOND time             7     43.8% of prev     33.3% of all
                RETURN LEDGER reached food   16 of   21 ants | came back   16 | trips laden   19 empty    1 | LOOPERS   16 of   21 ants (100.0% of those that reached food), repeat    3, most loops by one ant   2
                BY ANCHOR AT PICKUP  anchor ON nest material:   19 loops /   26 pickups ( 73.1%) | anchor OFF it:    0 /    0 (  0.0%)
                BY BIRTH SITE  born ON comb:  16 of  16 that reached food looped (100.0%) | born OFF comb:   0 of   0 (  0.0%)
                LEGS legs[637,1219,907,685,709,643,859,1471,1111,631,559,1453,1051,2707,3169,709,3733,703,1189,10843] laden[637,1219,907,685,709,643,859,1471,1111,631,559,1453,1051,2707,3169,709,3733,703,1189]
                founded x   30..68   (nest cursor 48 MATERIAL x 26..70 20 of 21 founders born on it; food 138; nearest founder 70 cells out, farthest 108, nominal gap 90)  occupancy/1k [9 108 79 27 53 38 45 12]  carry->nest    1286  born    1 died   13 (starved   10)
                own trail: route pk    0 end    0 along +0.0000  B nest->food [2106,4688,7388,9970,8306]  blocked      677  kin swaps       0  ticks     62681  tumbles     24040 (homeward     1635, 6.80%)  drops     622  DELIVERED   622  leg home n   20 med  1051 p90  3169 (laden n   19 med   907 p90  2707)  appetite held         0 J of     52271  trips born-on-comb   20 (21 ants) / born-off    0 (0 ants)
                channel A: PEAK amt  65535 cells   91 (of 91 route)  POLARITY|| +0.08215 && +0.07831 SPAN -0.00334 edge   0.6  end nest->food [6089,56115,6629,1129,0]  nest   25  AtNest 18.24%
                Carrying: laden    124435  of which SPOIL     31686 ( 25.5%)
    DECISION CENSUS: 82561 decisions, reconciled against the rows and the engine's counters
      leg     setting          n  stepped    felllaunched swappedcrossingreversedblocked_roll_fairoll_fai no_body
      empty   pocket        2306     6.7%   12.9%    0.0%    0.0%    0.0%    0.0%    3.0%   39.5%   37.9%    0.0%
      empty   corridor      4870    35.3%    2.2%    0.0%    0.0%    0.0%    0.0%    1.0%   31.0%   30.5%    0.0%
      empty   junction     26571    21.6%    2.7%    0.0%    0.0%    0.0%    0.0%    0.4%   37.5%   37.7%    0.0%
      empty   open         19716    13.1%    2.6%    0.0%    0.0%    0.0%    0.0%    0.0%   42.7%   41.6%    0.0%
      laden   pocket        1311     1.0%    7.2%    0.0%    0.0%    0.0%    0.0%    0.2%   42.6%   48.9%    0.0%
      laden   corridor      3141    13.8%    1.1%    0.0%    0.0%    0.0%    0.0%    0.6%   40.8%   43.6%    0.0%
      laden   junction     12897    11.8%    1.5%    0.0%    0.0%    0.0%    0.0%    0.2%   43.8%   42.7%    0.0%
      laden   open          7809     7.7%    1.9%    0.0%    0.0%    0.0%    0.0%    0.0%   45.4%   44.9%    0.0%
      spoil   pocket         960     6.6%    3.0%    0.0%    0.0%    0.0%    0.0%    5.3%   45.1%   40.0%    0.0%
      spoil   corridor       628    31.4%    0.5%    0.0%    0.0%    0.0%    0.0%    3.8%   30.3%   34.1%    0.0%
      spoil   junction      1736    24.8%    0.5%    0.0%    0.0%    0.0%    0.0%    2.5%   37.4%   34.9%    0.0%
      spoil   open           616    19.0%    1.3%    0.0%    0.0%    0.0%    0.0%    0.0%   36.5%   43.2%    0.0%
    DECISIONS: rows not written (decisionnorows)
   90   13 hmute   20/20       30033     1044        0   153199    88848   24/31       35         3 4 0 24 0
                A READ  ant-readable homeward along >= 0.02 on  54.5% of route-cell samples | FOODWARD  28.1% | plane lit on  98.1% | peak amt  65007 cells  91
                THE LOOP, ANT BY ANT:
                  0. lived                                     31    100.0% of prev    100.0% of all
                  1. reached the food                          24     77.4% of prev     77.4% of all
                  2. picked food up out there                  24    100.0% of prev     77.4% of all
                  3. turned for home with it                   21     87.5% of prev     67.7% of all
                  4. got back to the nest still holding it     18     85.7% of prev     58.1% of all
                  5. PUT IT DOWN there                         18    100.0% of prev     58.1% of all
                  6. went back out again                       16     88.9% of prev     51.6% of all
                  7. reached the food a SECOND time            15     93.8% of prev     48.4% of all
                RETURN LEDGER reached food   24 of   31 ants | came back   19 | trips laden   32 empty    3 | LOOPERS   17 of   31 ants (70.8% of those that reached food), repeat   14, most loops by one ant   3
                BY ANCHOR AT PICKUP  anchor ON nest material:   32 loops /   38 pickups ( 84.2%) | anchor OFF it:    0 /    7 (  0.0%)
                BY BIRTH SITE  born ON comb:  17 of  18 that reached food looped ( 94.4%) | born OFF comb:   0 of   6 (  0.0%)
                LEGS legs[571,805,541,853,685,673,775,427,685,967,769,475,703,523,1441,607,1099,853,631,733,727,697,943,685,415,1531,1669,1675,1441,1075,871,2209,1219,8059,5261] laden[571,805,541,853,685,673,775,427,685,967,769,475,703,523,1441,607,1099,853,631,733,727,697,943,685,415,1531,1669,1675,1441,1075,871,1219]
                founded x   30..68   (nest cursor 48 MATERIAL x 26..70 20 of 31 founders born on it; food 138; nearest founder 70 cells out, farthest 108, nominal gap 90)  occupancy/1k [20 122 159 24 38 49 62 21]  carry->nest    2147  born   11 died   11 (starved    4)
                own trail: route pk    0 end    0 along +0.0000  B nest->food [2106,4688,7388,9970,8306]  blocked      395  kin swaps       0  ticks     82568  tumbles     33747 (homeward     3278, 9.71%)  drops     822  DELIVERED   822  leg home n   35 med   775 p90  1675 (laden n   32 med   769 p90  1441)  appetite held         0 J of     84688  trips born-on-comb   34 (21 ants) / born-off    1 (10 ants)
                channel A: PEAK amt  65007 cells   91 (of 91 route)  POLARITY|| +0.05863 && +0.05569 SPAN -0.00747 edge   0.4  end nest->food [10431,59931,4788,2072,112]  nest   25  AtNest 17.57%
                Carrying: laden    177040  of which SPOIL     26778 ( 15.1%)
    DECISION CENSUS: 74205 decisions, reconciled against the rows and the engine's counters
      leg     setting          n  stepped    felllaunched swappedcrossingreversedblocked_roll_fairoll_fai no_body
      empty   pocket        4449    12.7%   12.8%    0.0%    0.0%    0.0%    0.0%    7.7%   32.8%   34.0%    0.0%
      empty   corridor     12017    34.0%    1.2%    0.0%    0.0%    0.0%    0.0%    0.7%   32.0%   32.1%    0.0%
      empty   junction     21761    33.1%    3.2%    0.0%    0.0%    0.0%    0.0%    1.0%   32.2%   30.4%    0.0%
      empty   open          8060    26.8%    3.9%    0.0%    0.0%    0.0%    0.0%    0.0%   34.0%   35.3%    0.0%
      laden   pocket        2017     0.3%    4.1%    0.0%    0.0%    0.0%    0.0%    0.4%   48.3%   46.9%    0.0%
      laden   corridor      4959    12.6%    0.3%    0.0%    0.0%    0.0%    0.0%    0.4%   43.1%   43.7%    0.0%
      laden   junction     10934    10.8%    1.0%    0.0%    0.0%    0.0%    0.0%    0.3%   44.1%   43.7%    0.0%
      laden   open          3511     8.4%    1.9%    0.0%    0.0%    0.0%    0.0%    0.0%   45.0%   44.7%    0.0%
      spoil   pocket        1884    23.5%    0.9%    0.0%    0.0%    0.0%    0.0%   18.2%   28.0%   29.5%    0.0%
      spoil   corridor      2121    40.2%    0.2%    0.0%    0.0%    0.0%    0.0%    2.1%   28.9%   28.6%    0.0%
      spoil   junction      2067    37.4%    1.1%    0.0%    0.0%    0.0%    0.0%    3.3%   28.5%   29.6%    0.0%
      spoil   open           425    36.0%    0.7%    0.0%    0.0%    0.0%    0.0%    0.0%   34.6%   28.7%    0.0%
    DECISIONS: rows not written (decisionnorows)
   90   14 hmute   15/15       19533      942        0   126651    69160   17/23       22         0 4 2 17 0
                A READ  ant-readable homeward along >= 0.02 on  62.8% of route-cell samples | FOODWARD  23.7% | plane lit on  97.9% | peak amt  65535 cells  91
                THE LOOP, ANT BY ANT:
                  0. lived                                     23    100.0% of prev    100.0% of all
                  1. reached the food                          17     73.9% of prev     73.9% of all
                  2. picked food up out there                  17    100.0% of prev     73.9% of all
                  3. turned for home with it                   14     82.4% of prev     60.9% of all
                  4. got back to the nest still holding it     13     92.9% of prev     56.5% of all
                  5. PUT IT DOWN there                         13    100.0% of prev     56.5% of all
                  6. went back out again                       13    100.0% of prev     56.5% of all
                  7. reached the food a SECOND time             9     69.2% of prev     39.1% of all
                RETURN LEDGER reached food   17 of   23 ants | came back   13 | trips laden   17 empty    5 | LOOPERS   13 of   23 ants (76.5% of those that reached food), repeat    4, most loops by one ant   2
                BY ANCHOR AT PICKUP  anchor ON nest material:   17 loops /   31 pickups ( 54.8%) | anchor OFF it:    0 /    4 (  0.0%)
                BY BIRTH SITE  born ON comb:  13 of  15 that reached food looped ( 86.7%) | born OFF comb:   0 of   2 (  0.0%)
                LEGS legs[565,499,559,541,649,487,475,1351,1555,1141,457,721,559,1441,811,523,4261,4423,493,2893,6955,5281] laden[565,499,559,541,649,487,475,1351,1555,1141,457,721,559,1441,811,523,493]
                founded x   30..68   (nest cursor 48 MATERIAL x 26..70 20 of 23 founders born on it; food 138; nearest founder 70 cells out, farthest 108, nominal gap 90)  occupancy/1k [9 136 116 38 26 53 45 16]  carry->nest    1528  born    3 died    8 (starved    5)
                own trail: route pk    5 end    0 along +0.0000  B nest->food [2106,4688,7388,9970,8306]  blocked     1159  kin swaps       0  ticks     74208  tumbles     27600 (homeward     2176, 7.88%)  drops    1931  DELIVERED  1931  leg home n   22 med   721 p90  4423 (laden n   17 med   559 p90  1351)  appetite held         0 J of     71123  trips born-on-comb   22 (21 ants) / born-off    0 (2 ants)
                channel A: PEAK amt  65535 cells   91 (of 91 route)  POLARITY|| +0.10820 && +0.10423 SPAN -0.00043 edge   0.7  end nest->food [8896,49308,7105,1364,0]  nest   25  AtNest 19.89%
                Carrying: laden    165581  of which SPOIL     47295 ( 28.6%)
    DECISION CENSUS: 75587 decisions, reconciled against the rows and the engine's counters
      leg     setting          n  stepped    felllaunched swappedcrossingreversedblocked_roll_fairoll_fai no_body
      empty   pocket        3447     7.5%   10.5%    0.0%    0.0%    0.0%    0.0%    4.4%   39.1%   38.6%    0.0%
      empty   corridor      7267    33.5%    1.6%    0.0%    0.0%    0.0%    0.0%    0.5%   31.9%   32.6%    0.0%
      empty   junction     20679    24.1%    3.1%    0.0%    0.0%    0.0%    0.0%    0.6%   36.2%   36.1%    0.0%
      empty   open         12748    12.8%    2.0%    0.0%    0.0%    0.0%    0.0%    0.0%   43.1%   42.1%    0.0%
      laden   pocket        1775     1.5%    8.0%    0.0%    0.0%    0.0%    0.0%    0.2%   45.4%   44.9%    0.0%
      laden   corridor      5336    11.2%    0.5%    0.0%    0.0%    0.0%    0.0%    0.1%   44.8%   43.4%    0.0%
      laden   junction     14263    11.8%    1.2%    0.0%    0.0%    0.0%    0.0%    0.4%   43.3%   43.4%    0.0%
      laden   open          5200     8.6%    1.2%    0.0%    0.0%    0.0%    0.0%    0.0%   44.4%   45.7%    0.0%
      spoil   pocket         880    17.0%    2.0%    0.0%    0.0%    0.0%    0.0%   14.1%   33.6%   33.2%    0.0%
      spoil   corridor      1098    40.7%    0.3%    0.0%    0.0%    0.0%    0.0%    1.2%   30.2%   27.6%    0.0%
      spoil   junction      1966    19.3%    0.8%    0.0%    0.0%    0.0%    0.0%    1.2%   38.4%   40.3%    0.0%
      spoil   open           928     9.9%    0.3%    0.0%    0.0%    0.0%    0.0%    0.0%   46.3%   43.4%    0.0%
    DECISIONS: rows not written (decisionnorows)
   90   15 hmute   15/15       23094     1014        0   158864   109599   18/25       30         1 6 0 18 0
                A READ  ant-readable homeward along >= 0.02 on  56.2% of route-cell samples | FOODWARD  27.6% | plane lit on  98.0% | peak amt  34262 cells  91
                THE LOOP, ANT BY ANT:
                  0. lived                                     25    100.0% of prev    100.0% of all
                  1. reached the food                          18     72.0% of prev     72.0% of all
                  2. picked food up out there                  18    100.0% of prev     72.0% of all
                  3. turned for home with it                   16     88.9% of prev     64.0% of all
                  4. got back to the nest still holding it     15     93.8% of prev     60.0% of all
                  5. PUT IT DOWN there                         15    100.0% of prev     60.0% of all
                  6. went back out again                       12     80.0% of prev     48.0% of all
                  7. reached the food a SECOND time            12    100.0% of prev     48.0% of all
                RETURN LEDGER reached food   18 of   25 ants | came back   16 | trips laden   28 empty    2 | LOOPERS   15 of   25 ants (83.3% of those that reached food), repeat   10, most loops by one ant   3
                BY ANCHOR AT PICKUP  anchor ON nest material:   28 loops /   33 pickups ( 84.8%) | anchor OFF it:    0 /    2 (  0.0%)
                BY BIRTH SITE  born ON comb:  15 of  16 that reached food looped ( 93.8%) | born OFF comb:   0 of   2 (  0.0%)
                LEGS legs[469,631,691,535,589,511,523,709,793,697,607,619,451,715,715,1129,763,745,721,697,721,1015,889,655,721,2017,3619,3241,535,1549] laden[469,631,691,535,589,511,523,709,793,697,607,619,451,715,715,1129,763,745,721,697,721,1015,889,655,721,2017,535,1549]
                founded x   30..68   (nest cursor 48 MATERIAL x 26..70 20 of 25 founders born on it; food 138; nearest founder 70 cells out, farthest 108, nominal gap 90)  occupancy/1k [13 117 179 25 29 34 35 17]  carry->nest    1896  born    5 died   10 (starved    4)
                own trail: route pk    0 end    0 along +0.0000  B nest->food [2106,4688,7388,9970,8306]  blocked      527  kin swaps       0  ticks     75593  tumbles     30665 (homeward     3072, 10.02%)  drops    2007  DELIVERED  2007  leg home n   30 med   715 p90  1549 (laden n   28 med   709 p90  1015)  appetite held         0 J of     87134  trips born-on-comb   30 (22 ants) / born-off    0 (3 ants)
                channel A: PEAK amt  34262 cells   91 (of 91 route)  POLARITY|| +0.06603 && +0.06284 SPAN -0.00756 edge   0.4  end nest->food [2499,28709,4594,2410,96]  nest   25  AtNest 24.72%
                Carrying: laden    188099  of which SPOIL     40773 ( 21.7%)
    DECISION CENSUS: 75052 decisions, reconciled against the rows and the engine's counters
      leg     setting          n  stepped    felllaunched swappedcrossingreversedblocked_roll_fairoll_fai no_body
      empty   pocket        3366     7.0%   14.9%    0.0%    0.0%    0.0%    0.0%    3.2%   37.3%   37.7%    0.0%
      empty   corridor      3973    35.7%    3.0%    0.0%    0.0%    0.0%    0.0%    1.2%   29.5%   30.6%    0.0%
      empty   junction     23004    24.8%    2.5%    0.0%    0.0%    0.0%    0.0%    0.6%   35.7%   36.4%    0.0%
      empty   open         13106    11.2%    2.3%    0.0%    0.0%    0.0%    0.0%    0.0%   43.5%   43.0%    0.0%
      laden   pocket        2580     0.6%    6.0%    0.0%    0.0%    0.0%    0.0%    0.3%   47.8%   45.3%    0.0%
      laden   corridor      2685    10.9%    1.7%    0.0%    0.0%    0.0%    0.0%    0.4%   43.2%   43.8%    0.0%
      laden   junction     16157     8.0%    0.8%    0.0%    0.0%    0.0%    0.0%    0.2%   45.8%   45.3%    0.0%
      laden   open          6191     5.3%    0.9%    0.0%    0.0%    0.0%    0.0%    0.0%   46.9%   46.9%    0.0%
      spoil   pocket        1057     8.5%    2.4%    0.0%    0.0%    0.0%    0.0%    5.7%   39.9%   43.5%    0.0%
      spoil   corridor       441    28.3%    1.4%    0.0%    0.0%    0.0%    0.0%    5.7%   31.7%   32.9%    0.0%
      spoil   junction      1791    26.2%    0.8%    0.0%    0.0%    0.0%    0.0%    1.6%   34.9%   36.5%    0.0%
      spoil   open           701    10.8%    0.3%    0.0%    0.0%    0.0%    0.0%    0.0%   44.7%   44.2%    0.0%
    DECISIONS: rows not written (decisionnorows)
   90   16 hmute   15/15       22817      888        0   165777   122217   17/24       25         2 5 0 17 0
                A READ  ant-readable homeward along >= 0.02 on  59.9% of route-cell samples | FOODWARD  26.5% | plane lit on  98.3% | peak amt  43144 cells  91
                THE LOOP, ANT BY ANT:
                  0. lived                                     24    100.0% of prev    100.0% of all
                  1. reached the food                          17     70.8% of prev     70.8% of all
                  2. picked food up out there                  17    100.0% of prev     70.8% of all
                  3. turned for home with it                   17    100.0% of prev     70.8% of all
                  4. got back to the nest still holding it     17    100.0% of prev     70.8% of all
                  5. PUT IT DOWN there                         17    100.0% of prev     70.8% of all
                  6. went back out again                       12     70.6% of prev     50.0% of all
                  7. reached the food a SECOND time             8     66.7% of prev     33.3% of all
                RETURN LEDGER reached food   17 of   24 ants | came back   17 | trips laden   21 empty    4 | LOOPERS   17 of   24 ants (100.0% of those that reached food), repeat    4, most loops by one ant   2
                BY ANCHOR AT PICKUP  anchor ON nest material:   21 loops /   29 pickups ( 72.4%) | anchor OFF it:    0 /    0 (  0.0%)
                BY BIRTH SITE  born ON comb:  17 of  17 that reached food looped (100.0%) | born OFF comb:   0 of   0 (  0.0%)
                LEGS legs[649,619,817,907,727,649,439,1249,1645,925,1261,2065,973,685,1303,703,853,655,571,511,643,943,5953,2395,9193] laden[649,619,817,907,727,649,439,1249,925,1261,2065,973,685,1303,703,853,655,571,511,643,943]
                founded x   30..68   (nest cursor 48 MATERIAL x 26..70 20 of 24 founders born on it; food 138; nearest founder 70 cells out, farthest 108, nominal gap 90)  occupancy/1k [4 143 158 41 35 41 20 5]  carry->nest    1657  born    4 died    9 (starved    5)
                own trail: route pk    0 end    0 along +0.0000  B nest->food [2106,4688,7388,9970,8306]  blocked      460  kin swaps       0  ticks     75056  tumbles     30993 (homeward     2445, 7.89%)  drops    3059  DELIVERED  3059  leg home n   25 med   853 p90  2395 (laden n   21 med   727 p90  1261)  appetite held         0 J of     90431  trips born-on-comb   25 (20 ants) / born-off    0 (4 ants)
                channel A: PEAK amt  43144 cells   91 (of 91 route)  POLARITY|| +0.06787 && +0.06529 SPAN -0.00795 edge   0.3  end nest->food [1730,21566,4026,1935,41]  nest   25  AtNest 31.41%
                Carrying: laden    189722  of which SPOIL     33647 ( 17.7%)
    DECISION CENSUS: 70524 decisions, reconciled against the rows and the engine's counters
      leg     setting          n  stepped    felllaunched swappedcrossingreversedblocked_roll_fairoll_fai no_body
      empty   pocket        4530     5.8%    7.5%    0.0%    0.0%    0.0%    0.0%    2.7%   40.8%   43.2%    0.0%
      empty   corridor      3716    31.6%    3.2%    0.0%    0.0%    0.0%    0.0%    1.0%   31.2%   33.0%    0.0%
      empty   junction     21621    24.9%    3.2%    0.0%    0.0%    0.0%    0.0%    0.6%   35.8%   35.5%    0.0%
      empty   open         15004    16.5%    2.9%    0.0%    0.0%    0.0%    0.0%    0.0%   40.1%   40.5%    0.0%
      laden   pocket        1345     1.1%    8.8%    0.0%    0.0%    0.0%    0.0%    0.3%   46.5%   43.3%    0.0%
      laden   corridor      3964     8.1%    0.5%    0.0%    0.0%    0.0%    0.0%    0.4%   44.9%   46.1%    0.0%
      laden   junction     11676     9.3%    0.9%    0.0%    0.0%    0.0%    0.0%    0.2%   44.9%   44.7%    0.0%
      laden   open          4039     8.7%    1.5%    0.0%    0.0%    0.0%    0.0%    0.0%   45.4%   44.4%    0.0%
      spoil   pocket        1632    14.3%    0.4%    0.0%    0.0%    0.0%    0.0%   10.8%   36.8%   37.7%    0.0%
      spoil   corridor       687    32.0%    1.0%    0.0%    0.0%    0.0%    0.0%    4.5%   32.5%   30.0%    0.0%
      spoil   junction      1678    25.6%    0.7%    0.0%    0.0%    0.0%    0.0%    1.6%   38.0%   34.0%    0.0%
      spoil   open           632    22.2%    1.1%    0.0%    0.0%    0.0%    0.0%    0.0%   38.1%   38.6%    0.0%
    DECISIONS: rows not written (decisionnorows)
   90   17 hmute   15/14       17949      762        0   125364    78707   18/22       20         2 2 0 18 0
                A READ  ant-readable homeward along >= 0.02 on  59.7% of route-cell samples | FOODWARD  26.9% | plane lit on  98.7% | peak amt  39460 cells  91
                THE LOOP, ANT BY ANT:
                  0. lived                                     22    100.0% of prev    100.0% of all
                  1. reached the food                          18     81.8% of prev     81.8% of all
                  2. picked food up out there                  17     94.4% of prev     77.3% of all
                  3. turned for home with it                   15     88.2% of prev     68.2% of all
                  4. got back to the nest still holding it     14     93.3% of prev     63.6% of all
                  5. PUT IT DOWN there                         14    100.0% of prev     63.6% of all
                  6. went back out again                       11     78.6% of prev     50.0% of all
                  7. reached the food a SECOND time             6     54.5% of prev     27.3% of all
                RETURN LEDGER reached food   18 of   22 ants | came back   14 | trips laden   18 empty    2 | LOOPERS   14 of   22 ants (77.8% of those that reached food), repeat    4, most loops by one ant   2
                BY ANCHOR AT PICKUP  anchor ON nest material:   18 loops /   30 pickups ( 60.0%) | anchor OFF it:    0 /    0 (  0.0%)
                BY BIRTH SITE  born ON comb:  14 of  18 that reached food looped ( 77.8%) | born OFF comb:   0 of   0 (  0.0%)
                LEGS legs[1153,835,613,625,733,895,1609,2011,655,2983,577,1165,1477,1453,487,673,2803,1069,3697,3925] laden[1153,835,613,625,733,895,1609,2011,655,2983,577,1165,1477,1453,487,673,2803,1069]
                founded x   30..68   (nest cursor 48 MATERIAL x 26..70 20 of 22 founders born on it; food 138; nearest founder 70 cells out, farthest 108, nominal gap 90)  occupancy/1k [11 157 78 41 36 59 27 8]  carry->nest    1474  born    2 died    7 (starved    6)
                own trail: route pk    0 end    0 along +0.0000  B nest->food [2106,4688,7388,9970,8306]  blocked      568  kin swaps       0  ticks     70525  tumbles     28516 (homeward     2824, 9.90%)  drops    1991  DELIVERED  1991  leg home n   20 med  1153 p90  2983 (laden n   18 med  1069 p90  2011)  appetite held         0 J of     68902  trips born-on-comb   20 (20 ants) / born-off    0 (2 ants)
                channel A: PEAK amt  39460 cells   91 (of 91 route)  POLARITY|| +0.07356 && +0.07107 SPAN -0.00326 edge   0.4  end nest->food [2369,26082,2869,1280,0]  nest   25  AtNest 21.45%
                Carrying: laden    152574  of which SPOIL     30547 ( 20.0%)
    DECISION CENSUS: 61409 decisions, reconciled against the rows and the engine's counters
      leg     setting          n  stepped    felllaunched swappedcrossingreversedblocked_roll_fairoll_fai no_body
      empty   pocket        1797     7.1%   10.0%    0.0%    0.0%    0.0%    0.0%    3.3%   39.0%   40.7%    0.0%
      empty   corridor      3309    26.1%    1.7%    0.0%    0.0%    0.0%    0.0%    0.8%   35.1%   36.3%    0.0%
      empty   junction     18785    19.4%    2.5%    0.0%    0.0%    0.0%    0.0%    0.4%   38.6%   39.1%    0.0%
      empty   open         12688    12.7%    2.6%    0.0%    0.0%    0.0%    0.0%    0.0%   41.7%   43.0%    0.0%
      laden   pocket        3599     0.3%    2.0%    0.0%    0.0%    0.0%    0.0%    0.1%   51.2%   46.4%    0.0%
      laden   corridor      2979    12.1%    0.5%    0.0%    0.0%    0.0%    0.0%    0.1%   45.7%   41.6%    0.0%
      laden   junction     12035     5.8%    0.5%    0.0%    0.0%    0.0%    0.0%    0.1%   47.4%   46.2%    0.0%
      laden   open          3036     8.0%    1.2%    0.0%    0.0%    0.0%    0.0%    0.0%   46.9%   43.9%    0.0%
      spoil   pocket         936    16.8%    0.3%    0.0%    0.0%    0.0%    0.0%   11.4%   37.7%   33.8%    0.0%
      spoil   corridor       561    39.8%    0.2%    0.0%    0.0%    0.0%    0.0%    2.1%   27.8%   30.1%    0.0%
      spoil   junction      1087    18.9%    0.5%    0.0%    0.0%    0.0%    0.0%    1.4%   41.3%   38.0%    0.0%
      spoil   open           597    13.7%    0.7%    0.0%    0.0%    0.0%    0.0%    0.0%   42.5%   43.0%    0.0%
    DECISIONS: rows not written (decisionnorows)
   90   18 hmute   14/14       19971     1302        0   131938    88636   20/27       16         1 5 1 20 0
                A READ  ant-readable homeward along >= 0.02 on  53.5% of route-cell samples | FOODWARD  29.6% | plane lit on  97.7% | peak amt  47601 cells  91
                THE LOOP, ANT BY ANT:
                  0. lived                                     27    100.0% of prev    100.0% of all
                  1. reached the food                          20     74.1% of prev     74.1% of all
                  2. picked food up out there                  17     85.0% of prev     63.0% of all
                  3. turned for home with it                   12     70.6% of prev     44.4% of all
                  4. got back to the nest still holding it     12    100.0% of prev     44.4% of all
                  5. PUT IT DOWN there                         12    100.0% of prev     44.4% of all
                  6. went back out again                        9     75.0% of prev     33.3% of all
                  7. reached the food a SECOND time             5     55.6% of prev     18.5% of all
                RETURN LEDGER reached food   20 of   27 ants | came back   12 | trips laden   15 empty    1 | LOOPERS   12 of   27 ants (60.0% of those that reached food), repeat    3, most loops by one ant   2
                BY ANCHOR AT PICKUP  anchor ON nest material:   15 loops /   27 pickups ( 55.6%) | anchor OFF it:    0 /    1 (  0.0%)
                BY BIRTH SITE  born ON comb:  12 of  19 that reached food looped ( 63.2%) | born OFF comb:   0 of   1 (  0.0%)
                LEGS legs[523,769,775,535,601,1261,985,697,2287,745,1567,487,1585,1345,5365,1261] laden[523,769,775,535,601,1261,985,697,2287,745,1567,487,1585,1345,1261]
                founded x   30..68   (nest cursor 48 MATERIAL x 26..70 20 of 27 founders born on it; food 138; nearest founder 70 cells out, farthest 108, nominal gap 90)  occupancy/1k [3 39 169 9 28 46 60 15]  carry->nest    1144  born    7 died   13 (starved    3)
                own trail: route pk    0 end    0 along +0.0000  B nest->food [2106,4688,7388,9970,8306]  blocked      317  kin swaps       0  ticks     61419  tumbles     26263 (homeward     2106, 8.02%)  drops    2117  DELIVERED  2116  leg home n   16 med   985 p90  2287 (laden n   15 med   775 p90  1585)  appetite held         0 J of     72569  trips born-on-comb   16 (23 ants) / born-off    0 (4 ants)
                channel A: PEAK amt  47601 cells   91 (of 91 route)  POLARITY|| +0.06085 && +0.05742 SPAN -0.00750 edge   0.4  end nest->food [924,11464,2247,1203,5]  nest   25  AtNest 23.21%
                Carrying: laden    151069  of which SPOIL     20433 ( 13.5%)
    DECISION CENSUS: 82220 decisions, reconciled against the rows and the engine's counters
      leg     setting          n  stepped    felllaunched swappedcrossingreversedblocked_roll_fairoll_fai no_body
      empty   pocket        1096     7.7%   34.5%    0.0%    0.0%    0.0%    0.0%    2.6%   28.0%   27.3%    0.0%
      empty   corridor      2988    27.8%    4.6%    0.0%    0.0%    0.0%    0.0%    1.6%   32.3%   33.7%    0.0%
      empty   junction     27009    22.9%    3.3%    0.0%    0.0%    0.0%    0.0%    0.5%   36.8%   36.5%    0.0%
      empty   open         19418    13.7%    3.1%    0.0%    0.0%    0.0%    0.0%    0.0%   41.4%   41.9%    0.0%
      laden   pocket        2256     0.8%    5.8%    0.0%    0.0%    0.0%    0.0%    0.3%   46.5%   46.6%    0.0%
      laden   corridor      3052    10.3%    1.0%    0.0%    0.0%    0.0%    0.0%    0.3%   43.3%   45.2%    0.0%
      laden   junction     15637     9.8%    1.4%    0.0%    0.0%    0.0%    0.0%    0.3%   44.3%   44.2%    0.0%
      laden   open          8221     7.6%    1.4%    0.0%    0.0%    0.0%    0.0%    0.0%   44.8%   46.1%    0.0%
      spoil   pocket         294    24.1%    8.5%    0.0%    0.0%    0.0%    0.0%   19.7%   21.8%   25.9%    0.0%
      spoil   corridor       306    27.5%    1.6%    0.0%    0.0%    0.0%    0.0%    9.8%   29.4%   31.7%    0.0%
      spoil   junction      1365    33.3%    1.5%    0.0%    0.0%    0.0%    0.0%    3.0%   29.9%   32.3%    0.0%
      spoil   open           578    25.4%    1.0%    0.0%    0.0%    0.0%    0.0%    0.0%   38.2%   35.3%    0.0%
    DECISIONS: rows not written (decisionnorows)
   90   19 hmute   19/19       29576     1272        0   175294   112571   25/29       34         0 4 0 25 0
                A READ  ant-readable homeward along >= 0.02 on  53.5% of route-cell samples | FOODWARD  28.9% | plane lit on  97.9% | peak amt  47727 cells  91
                THE LOOP, ANT BY ANT:
                  0. lived                                     29    100.0% of prev    100.0% of all
                  1. reached the food                          25     86.2% of prev     86.2% of all
                  2. picked food up out there                  25    100.0% of prev     86.2% of all
                  3. turned for home with it                   19     76.0% of prev     65.5% of all
                  4. got back to the nest still holding it     19    100.0% of prev     65.5% of all
                  5. PUT IT DOWN there                         19    100.0% of prev     65.5% of all
                  6. went back out again                       17     89.5% of prev     58.6% of all
                  7. reached the food a SECOND time            15     88.2% of prev     51.7% of all
                RETURN LEDGER reached food   25 of   29 ants | came back   20 | trips laden   29 empty    5 | LOOPERS   19 of   29 ants (76.0% of those that reached food), repeat   10, most loops by one ant   2
                BY ANCHOR AT PICKUP  anchor ON nest material:   29 loops /   37 pickups ( 78.4%) | anchor OFF it:    0 /    7 (  0.0%)
                BY BIRTH SITE  born ON comb:  19 of  20 that reached food looped ( 95.0%) | born OFF comb:   0 of   5 (  0.0%)
                LEGS legs[775,583,709,589,493,757,535,853,661,835,577,637,745,871,613,757,577,541,595,619,607,709,553,1201,727,3847,607,1951,883,4873,3013,1159,10276,3469] laden[775,583,709,589,493,757,535,853,661,835,577,637,745,871,613,757,577,541,595,619,607,709,553,1201,727,607,883,3013,1159]
                founded x   30..68   (nest cursor 48 MATERIAL x 26..70 20 of 29 founders born on it; food 138; nearest founder 70 cells out, farthest 108, nominal gap 90)  occupancy/1k [3 50 220 29 37 50 81 16]  carry->nest    2015  born    9 died   10 (starved    2)
                own trail: route pk    0 end    0 along +0.0000  B nest->food [2106,4688,7388,9970,8306]  blocked      398  kin swaps       0  ticks     82228  tumbles     33409 (homeward     3964, 11.87%)  drops    1506  DELIVERED  1506  leg home n   34 med   727 p90  3469 (laden n   29 med   661 p90   883)  appetite held         0 J of     96791  trips born-on-comb   33 (20 ants) / born-off    1 (9 ants)
                channel A: PEAK amt  47727 cells   91 (of 91 route)  POLARITY|| +0.04848 && +0.04555 SPAN -0.00995 edge   0.4  end nest->food [886,10914,4242,2926,246]  nest   25  AtNest 16.36%
                Carrying: laden    190422  of which SPOIL     26218 ( 13.8%)
    DECISION CENSUS: 82875 decisions, reconciled against the rows and the engine's counters
      leg     setting          n  stepped    felllaunched swappedcrossingreversedblocked_roll_fairoll_fai no_body
      empty   pocket        3604     3.7%    6.2%    0.0%    0.0%    0.0%    0.0%    1.7%   43.1%   45.3%    0.0%
      empty   corridor      4442    27.8%    1.1%    0.0%    0.0%    0.0%    0.0%    0.8%   36.2%   34.1%    0.0%
      empty   junction     22198    18.9%    1.8%    0.0%    0.0%    0.0%    0.0%    0.4%   39.8%   39.1%    0.0%
      empty   open         17153     7.4%    1.3%    0.0%    0.0%    0.0%    0.0%    0.0%   45.5%   45.8%    0.0%
      laden   pocket        4481     0.2%    2.8%    0.0%    0.0%    0.0%    0.0%    0.0%   48.6%   48.3%    0.0%
      laden   corridor      5105     6.0%    0.6%    0.0%    0.0%    0.0%    0.0%    0.1%   46.3%   47.0%    0.0%
      laden   junction     16232     7.6%    0.8%    0.0%    0.0%    0.0%    0.0%    0.1%   45.5%   46.0%    0.0%
      laden   open          5731     7.3%    1.1%    0.0%    0.0%    0.0%    0.0%    0.0%   46.6%   45.0%    0.0%
      spoil   pocket        1023     6.5%    0.8%    0.0%    0.0%    0.0%    0.0%    4.9%   41.3%   46.4%    0.0%
      spoil   corridor       656    38.6%    0.3%    0.0%    0.0%    0.0%    0.0%    3.0%   30.3%   27.7%    0.0%
      spoil   junction      1455    21.9%    0.5%    0.0%    0.0%    0.0%    0.0%    1.9%   38.4%   37.3%    0.0%
      spoil   open           795     7.0%    0.4%    0.0%    0.0%    0.0%    0.0%    0.0%   46.5%   46.0%    0.0%
    DECISIONS: rows not written (decisionnorows)
   90   20 hmute   23/18       28175      984        0   185996   142488   20/27       27         0 7 0 20 0
                A READ  ant-readable homeward along >= 0.02 on  60.0% of route-cell samples | FOODWARD  25.6% | plane lit on  98.0% | peak amt  32330 cells  91
                THE LOOP, ANT BY ANT:
                  0. lived                                     27    100.0% of prev    100.0% of all
                  1. reached the food                          20     74.1% of prev     74.1% of all
                  2. picked food up out there                  20    100.0% of prev     74.1% of all
                  3. turned for home with it                   17     85.0% of prev     63.0% of all
                  4. got back to the nest still holding it     17    100.0% of prev     63.0% of all
                  5. PUT IT DOWN there                         17    100.0% of prev     63.0% of all
                  6. went back out again                       12     70.6% of prev     44.4% of all
                  7. reached the food a SECOND time             8     66.7% of prev     29.6% of all
                RETURN LEDGER reached food   20 of   27 ants | came back   18 | trips laden   24 empty    3 | LOOPERS   17 of   27 ants (85.0% of those that reached food), repeat    7, most loops by one ant   2
                BY ANCHOR AT PICKUP  anchor ON nest material:   24 loops /   26 pickups ( 92.3%) | anchor OFF it:    0 /    4 (  0.0%)
                BY BIRTH SITE  born ON comb:  17 of  17 that reached food looped (100.0%) | born OFF comb:   0 of   3 (  0.0%)
                LEGS legs[727,667,853,727,541,997,865,625,781,835,685,577,919,619,841,577,1699,601,1933,811,865,637,1327,5947,589,5656,10567] laden[727,667,853,727,541,997,865,625,781,835,685,577,919,619,841,577,1699,601,1933,811,865,637,1327,589]
                founded x   30..68   (nest cursor 48 MATERIAL x 26..70 20 of 27 founders born on it; food 138; nearest founder 70 cells out, farthest 108, nominal gap 90)  occupancy/1k [4 99 250 30 31 23 32 17]  carry->nest    1585  born    7 died    4 (starved    2)
                own trail: route pk    3 end    3 along -0.0000  B nest->food [2106,4688,7388,9970,8306]  blocked      295  kin swaps       0  ticks     82877  tumbles     36252 (homeward     2862, 7.89%)  drops    1994  DELIVERED  1994  leg home n   27 med   811 p90  1933 (laden n   24 med   781 p90  1327)  appetite held         0 J of    103050  trips born-on-comb   26 (22 ants) / born-off    1 (5 ants)
                channel A: PEAK amt  32330 cells   91 (of 91 route)  POLARITY|| +0.07373 && +0.07022 SPAN -0.00556 edge   0.5  end nest->food [1545,20100,2722,874,0]  nest   25  AtNest 29.85%
                Carrying: laden    209429  of which SPOIL     27699 ( 13.2%)
    DECISION CENSUS: 76523 decisions, reconciled against the rows and the engine's counters
      leg     setting          n  stepped    felllaunched swappedcrossingreversedblocked_roll_fairoll_fai no_body
      empty   pocket        1337     7.0%   19.6%    0.0%    0.0%    0.0%    0.0%    2.6%   34.0%   36.8%    0.0%
      empty   corridor      3248    31.2%    3.6%    0.0%    0.0%    0.0%    0.0%    1.1%   30.8%   33.3%    0.0%
      empty   junction     21301    23.3%    3.7%    0.0%    0.0%    0.0%    0.0%    0.7%   36.3%   36.0%    0.0%
      empty   open         19093    12.8%    2.3%    0.0%    0.0%    0.0%    0.0%    0.0%   42.8%   42.0%    0.0%
      laden   pocket        1093     0.9%   10.1%    0.0%    0.0%    0.0%    0.0%    0.3%   44.5%   44.3%    0.0%
      laden   corridor      2694    15.1%    1.0%    0.0%    0.0%    0.0%    0.0%    0.1%   42.7%   41.1%    0.0%
      laden   junction     16413     7.3%    1.0%    0.0%    0.0%    0.0%    0.0%    0.4%   45.6%   45.7%    0.0%
      laden   open          8956     7.4%    1.4%    0.0%    0.0%    0.0%    0.0%    0.0%   45.8%   45.3%    0.0%
      spoil   pocket         236    16.9%    4.2%    0.0%    0.0%    0.0%    0.0%   14.0%   29.2%   35.6%    0.0%
      spoil   corridor       266    33.5%    1.5%    0.0%    0.0%    0.0%    0.0%    8.6%   31.6%   24.8%    0.0%
      spoil   junction      1272    31.3%    1.6%    0.0%    0.0%    0.0%    0.0%    2.3%   31.6%   33.3%    0.0%
      spoil   open           614    22.6%    2.0%    0.0%    0.0%    0.0%    0.0%    0.0%   38.3%   37.1%    0.0%
    DECISIONS: rows not written (decisionnorows)
   90   21 hmute   18/16       26572     1092        0   176758   118287   22/25       27         1 2 0 22 0
                A READ  ant-readable homeward along >= 0.02 on  48.2% of route-cell samples | FOODWARD  32.6% | plane lit on  97.9% | peak amt  37519 cells  91
                THE LOOP, ANT BY ANT:
                  0. lived                                     25    100.0% of prev    100.0% of all
                  1. reached the food                          22     88.0% of prev     88.0% of all
                  2. picked food up out there                  21     95.5% of prev     84.0% of all
                  3. turned for home with it                   19     90.5% of prev     76.0% of all
                  4. got back to the nest still holding it     19    100.0% of prev     76.0% of all
                  5. PUT IT DOWN there                         19    100.0% of prev     76.0% of all
                  6. went back out again                       14     73.7% of prev     56.0% of all
                  7. reached the food a SECOND time             9     64.3% of prev     36.0% of all
                RETURN LEDGER reached food   22 of   25 ants | came back   19 | trips laden   26 empty    1 | LOOPERS   19 of   25 ants (86.4% of those that reached food), repeat    6, most loops by one ant   3
                BY ANCHOR AT PICKUP  anchor ON nest material:   26 loops /   36 pickups ( 72.2%) | anchor OFF it:    0 /    4 (  0.0%)
                BY BIRTH SITE  born ON comb:  19 of  20 that reached food looped ( 95.0%) | born OFF comb:   0 of   2 (  0.0%)
                LEGS legs[787,1003,871,631,739,697,1285,1045,799,853,1459,1633,565,721,1003,823,679,613,565,985,1057,673,1189,1579,901,703,4321] laden[787,1003,871,631,739,697,1285,1045,799,853,1459,1633,565,721,1003,823,679,613,565,985,1057,673,1189,1579,901,703]
                founded x   30..68   (nest cursor 48 MATERIAL x 26..70 20 of 25 founders born on it; food 138; nearest founder 70 cells out, farthest 108, nominal gap 90)  occupancy/1k [7 102 165 14 37 59 60 14]  carry->nest    1857  born    5 died    7 (starved    3)
                own trail: route pk    0 end    0 along +0.0000  B nest->food [2106,4688,7388,9970,8306]  blocked      377  kin swaps       0  ticks     76527  tumbles     31765 (homeward     3923, 12.35%)  drops    1853  DELIVERED  1853  leg home n   27 med   853 p90  1459 (laden n   26 med   853 p90  1459)  appetite held         0 J of     94208  trips born-on-comb   27 (20 ants) / born-off    0 (5 ants)
                channel A: PEAK amt  37519 cells   91 (of 91 route)  POLARITY|| +0.04636 && +0.04233 SPAN -0.01088 edge   0.4  end nest->food [1015,16901,3552,2755,213]  nest   25  AtNest 24.34%
                Carrying: laden    191104  of which SPOIL     17418 (  9.1%)
    DECISION CENSUS: 75642 decisions, reconciled against the rows and the engine's counters
      leg     setting          n  stepped    felllaunched swappedcrossingreversedblocked_roll_fairoll_fai no_body
      empty   pocket        4030     7.3%    6.5%    0.0%    0.0%    0.0%    0.0%    3.1%   42.4%   40.7%    0.0%
      empty   corridor      6746    24.9%    1.6%    0.0%    0.0%    0.0%    0.0%    0.8%   36.4%   36.3%    0.0%
      empty   junction     25790    21.5%    1.9%    0.0%    0.0%    0.0%    0.0%    0.5%   38.2%   37.8%    0.0%
      empty   open         12428    14.5%    2.6%    0.0%    0.0%    0.0%    0.0%    0.0%   40.6%   42.2%    0.0%
      laden   pocket        1503     0.6%    6.2%    0.0%    0.0%    0.0%    0.0%    0.1%   47.4%   45.6%    0.0%
      laden   corridor      5177     6.5%    0.4%    0.0%    0.0%    0.0%    0.0%    0.1%   46.0%   47.0%    0.0%
      laden   junction     11498     9.8%    1.0%    0.0%    0.0%    0.0%    0.0%    0.3%   44.7%   44.3%    0.0%
      laden   open          2555    11.7%    1.7%    0.0%    0.0%    0.0%    0.0%    0.0%   42.9%   43.7%    0.0%
      spoil   pocket        2392     8.5%    0.3%    0.0%    0.0%    0.0%    0.0%    4.8%   42.6%   43.7%    0.0%
      spoil   corridor       975    29.5%    0.3%    0.0%    0.0%    0.0%    0.0%    2.9%   35.1%   32.2%    0.0%
      spoil   junction      2034    25.6%    0.5%    0.0%    0.0%    0.0%    0.0%    2.0%   36.1%   35.8%    0.0%
      spoil   open           514    21.0%    1.8%    0.0%    0.0%    0.0%    0.0%    0.0%   38.7%   38.5%    0.0%
    DECISIONS: rows not written (decisionnorows)
   90   22 hmute   17/17       18616      948        0   125908    69105   17/24       22         2 5 0 17 0
                A READ  ant-readable homeward along >= 0.02 on  62.0% of route-cell samples | FOODWARD  24.6% | plane lit on  98.4% | peak amt  62466 cells  91
                THE LOOP, ANT BY ANT:
                  0. lived                                     24    100.0% of prev    100.0% of all
                  1. reached the food                          17     70.8% of prev     70.8% of all
                  2. picked food up out there                  16     94.1% of prev     66.7% of all
                  3. turned for home with it                   15     93.8% of prev     62.5% of all
                  4. got back to the nest still holding it     13     86.7% of prev     54.2% of all
                  5. PUT IT DOWN there                         13    100.0% of prev     54.2% of all
                  6. went back out again                       11     84.6% of prev     45.8% of all
                  7. reached the food a SECOND time             8     72.7% of prev     33.3% of all
                RETURN LEDGER reached food   17 of   24 ants | came back   16 | trips laden   15 empty    7 | LOOPERS   12 of   24 ants (70.6% of those that reached food), repeat    3, most loops by one ant   2
                BY ANCHOR AT PICKUP  anchor ON nest material:   15 loops /   32 pickups ( 46.9%) | anchor OFF it:    0 /    0 (  0.0%)
                BY BIRTH SITE  born ON comb:  12 of  17 that reached food looped ( 70.6%) | born OFF comb:   0 of   0 (  0.0%)
                LEGS legs[649,673,535,535,475,691,853,1069,637,1063,1111,1087,4927,1051,1393,2281,4735,8611,8851,2875,16093,11767] laden[649,673,535,535,475,691,853,1069,637,1063,1111,1087,1051,1393,2875]
                founded x   30..68   (nest cursor 48 MATERIAL x 26..70 20 of 24 founders born on it; food 138; nearest founder 70 cells out, farthest 108, nominal gap 90)  occupancy/1k [13 83 153 39 39 51 60 17]  carry->nest    1580  born    4 died    7 (starved    4)
                own trail: route pk    4 end    0 along +0.0000  B nest->food [2106,4688,7388,9970,8306]  blocked      542  kin swaps       0  ticks     75645  tumbles     31226 (homeward     2200, 7.05%)  drops    1793  DELIVERED  1793  leg home n   22 med  1087 p90  8851 (laden n   15 med   853 p90  1393)  appetite held         0 J of     68715  trips born-on-comb   22 (22 ants) / born-off    0 (2 ants)
                channel A: PEAK amt  62466 cells   91 (of 91 route)  POLARITY|| +0.06766 && +0.06491 SPAN -0.00428 edge   0.4  end nest->food [1374,50238,3509,1207,0]  nest   25  AtNest 21.77%
                Carrying: laden    162139  of which SPOIL     40981 ( 25.3%)
    DECISION CENSUS: 77899 decisions, reconciled against the rows and the engine's counters
      leg     setting          n  stepped    felllaunched swappedcrossingreversedblocked_roll_fairoll_fai no_body
      empty   pocket        1540     9.1%   17.9%    0.0%    0.0%    0.0%    0.0%    3.9%   34.0%   35.2%    0.0%
      empty   corridor      2827    23.1%    4.4%    0.0%    0.0%    0.0%    0.0%    1.3%   35.6%   35.6%    0.0%
      empty   junction     24996    18.7%    2.9%    0.0%    0.0%    0.0%    0.0%    0.5%   39.4%   38.6%    0.0%
      empty   open         15198    13.7%    2.6%    0.0%    0.0%    0.0%    0.0%    0.0%   42.2%   41.5%    0.0%
      laden   pocket         436     1.1%   18.3%    0.0%    0.0%    0.0%    0.0%    0.2%   43.6%   36.7%    0.0%
      laden   corridor      2618     9.2%    0.9%    0.0%    0.0%    0.0%    0.0%    0.4%   43.9%   45.7%    0.0%
      laden   junction     20335     5.3%    0.6%    0.0%    0.0%    0.0%    0.0%    0.2%   47.3%   46.6%    0.0%
      laden   open          6145     7.1%    1.3%    0.0%    0.0%    0.0%    0.0%    0.0%   46.3%   45.3%    0.0%
      spoil   pocket         363    15.2%    7.7%    0.0%    0.0%    0.0%    0.0%   11.6%   32.5%   33.1%    0.0%
      spoil   corridor       276    34.1%    0.7%    0.0%    0.0%    0.0%    0.0%    8.3%   27.5%   29.3%    0.0%
      spoil   junction      2044    19.7%    0.5%    0.0%    0.0%    0.0%    0.0%    1.1%   38.1%   40.6%    0.0%
      spoil   open          1121    13.3%    1.0%    0.0%    0.0%    0.0%    0.0%    0.0%   41.5%   44.2%    0.0%
    DECISIONS: rows not written (decisionnorows)
   90   23 hmute   19/17       27404     1476        0   175854   134076   19/28       20         0 8 0 20 0
                A READ  ant-readable homeward along >= 0.02 on  58.1% of route-cell samples | FOODWARD  26.9% | plane lit on  97.7% | peak amt  42483 cells  91
                THE LOOP, ANT BY ANT:
                  0. lived                                     28    100.0% of prev    100.0% of all
                  1. reached the food                          19     67.9% of prev     67.9% of all
                  2. picked food up out there                  18     94.7% of prev     64.3% of all
                  3. turned for home with it                   18    100.0% of prev     64.3% of all
                  4. got back to the nest still holding it     16     88.9% of prev     57.1% of all
                  5. PUT IT DOWN there                         16    100.0% of prev     57.1% of all
                  6. went back out again                       10     62.5% of prev     35.7% of all
                  7. reached the food a SECOND time             5     50.0% of prev     17.9% of all
                RETURN LEDGER reached food   19 of   28 ants | came back   16 | trips laden   20 empty    0 | LOOPERS   16 of   28 ants (84.2% of those that reached food), repeat    4, most loops by one ant   2
                BY ANCHOR AT PICKUP  anchor ON nest material:   20 loops /   27 pickups ( 74.1%) | anchor OFF it:    0 /    0 (  0.0%)
                BY BIRTH SITE  born ON comb:  16 of  19 that reached food looped ( 84.2%) | born OFF comb:   0 of   0 (  0.0%)
                LEGS legs[541,835,589,541,1867,595,2809,541,889,2191,1087,697,577,493,1249,1321,619,679,1675,1549] laden[541,835,589,541,1867,595,2809,541,889,2191,1087,697,577,493,1249,1321,619,679,1675,1549]
                founded x   30..68   (nest cursor 48 MATERIAL x 26..70 20 of 28 founders born on it; food 138; nearest founder 70 cells out, farthest 108, nominal gap 90)  occupancy/1k [4 158 154 17 53 33 36 8]  carry->nest    1470  born    8 died    9 (starved    5)
                own trail: route pk    0 end    0 along +0.0000  B nest->food [2106,4688,7388,9970,8306]  blocked      342  kin swaps       0  ticks     77903  tumbles     33386 (homeward     3249, 9.73%)  drops    2595  DELIVERED  2595  leg home n   20 med   835 p90  1867 (laden n   20 med   835 p90  1867)  appetite held         0 J of     97816  trips born-on-comb   20 (23 ants) / born-off    0 (5 ants)
                channel A: PEAK amt  42483 cells   91 (of 91 route)  POLARITY|| +0.06113 && +0.05726 SPAN -0.00814 edge   0.5  end nest->food [1218,21868,2706,1330,4]  nest   25  AtNest 34.03%
                Carrying: laden    198697  of which SPOIL     35626 ( 17.9%)
    DECISION CENSUS: 67977 decisions, reconciled against the rows and the engine's counters
      leg     setting          n  stepped    felllaunched swappedcrossingreversedblocked_roll_fairoll_fai no_body
      empty   pocket        3972     7.0%    4.8%    0.0%    0.0%    0.0%    0.0%    3.3%   42.3%   42.5%    0.0%
      empty   corridor      7409    22.7%    0.9%    0.0%    0.0%    0.0%    0.0%    0.3%   39.0%   37.1%    0.0%
      empty   junction     16294    20.5%    2.1%    0.0%    0.0%    0.0%    0.0%    0.5%   38.5%   38.4%    0.0%
      empty   open         13054    10.3%    1.7%    0.0%    0.0%    0.0%    0.0%    0.0%   43.9%   44.0%    0.0%
      laden   pocket        2569     0.3%    3.6%    0.0%    0.0%    0.0%    0.0%    0.1%   47.2%   48.8%    0.0%
      laden   corridor      3682     6.6%    0.5%    0.0%    0.0%    0.0%    0.0%    0.1%   46.2%   46.7%    0.0%
      laden   junction      9333     9.7%    1.2%    0.0%    0.0%    0.0%    0.0%    0.3%   44.9%   43.9%    0.0%
      laden   open          7063     5.4%    0.8%    0.0%    0.0%    0.0%    0.0%    0.0%   46.7%   47.0%    0.0%
      spoil   pocket        1285    18.8%    0.8%    0.0%    0.0%    0.0%    0.0%   13.4%   32.4%   34.7%    0.0%
      spoil   corridor      1014    24.8%    0.3%    0.0%    0.0%    0.0%    0.0%    1.7%   35.7%   37.6%    0.0%
      spoil   junction      1473    18.1%    0.2%    0.0%    0.0%    0.0%    0.0%    1.0%   38.2%   42.6%    0.0%
      spoil   open           829     9.7%    0.4%    0.0%    0.0%    0.0%    0.0%    0.0%   45.1%   44.9%    0.0%
    DECISIONS: rows not written (decisionnorows)
   90   24 hmute   13/13       20522     1320        0   136375    99115   16/25       18         2 7 0 16 0
                A READ  ant-readable homeward along >= 0.02 on  57.4% of route-cell samples | FOODWARD  27.3% | plane lit on  97.0% | peak amt  37860 cells  91
                THE LOOP, ANT BY ANT:
                  0. lived                                     25    100.0% of prev    100.0% of all
                  1. reached the food                          16     64.0% of prev     64.0% of all
                  2. picked food up out there                  16    100.0% of prev     64.0% of all
                  3. turned for home with it                   16    100.0% of prev     64.0% of all
                  4. got back to the nest still holding it     15     93.8% of prev     60.0% of all
                  5. PUT IT DOWN there                         15    100.0% of prev     60.0% of all
                  6. went back out again                       12     80.0% of prev     48.0% of all
                  7. reached the food a SECOND time             4     33.3% of prev     16.0% of all
                RETURN LEDGER reached food   16 of   25 ants | came back   15 | trips laden   17 empty    1 | LOOPERS   15 of   25 ants (93.8% of those that reached food), repeat    2, most loops by one ant   2
                BY ANCHOR AT PICKUP  anchor ON nest material:   17 loops /   24 pickups ( 70.8%) | anchor OFF it:    0 /    0 (  0.0%)
                BY BIRTH SITE  born ON comb:  15 of  16 that reached food looped ( 93.8%) | born OFF comb:   0 of   0 (  0.0%)
                LEGS legs[655,703,667,889,709,1195,733,727,763,859,577,667,3229,529,3523,4285,745,853] laden[655,703,667,889,709,1195,733,727,763,859,577,667,3229,529,4285,745,853]
                founded x   30..68   (nest cursor 48 MATERIAL x 26..70 20 of 25 founders born on it; food 138; nearest founder 70 cells out, farthest 108, nominal gap 90)  occupancy/1k [4 151 123 32 20 18 48 8]  carry->nest    1231  born    5 died   12 (starved    5)
                own trail: route pk    1 end    0 along +0.0000  B nest->food [2106,4688,7388,9970,8306]  blocked      481  kin swaps       0  ticks     67984  tumbles     29182 (homeward     2780, 9.53%)  drops    2112  DELIVERED  2112  leg home n   18 med   745 p90  3229 (laden n   17 med   733 p90  1195)  appetite held         0 J of     74294  trips born-on-comb   18 (22 ants) / born-off    0 (3 ants)
                channel A: PEAK amt  37860 cells   91 (of 91 route)  POLARITY|| +0.07973 && +0.07593 SPAN -0.00390 edge   1.1  end nest->food [1820,25953,2256,500,0]  nest   25  AtNest 25.72%
                Carrying: laden    163842  of which SPOIL     32054 ( 19.6%)
    DECISION CENSUS: 22358 decisions, reconciled against the rows and the engine's counters
      leg     setting          n  stepped    felllaunched swappedcrossingreversedblocked_roll_fairoll_fai no_body
      empty   pocket        2388    10.7%   10.5%    0.0%    0.0%    0.0%    0.0%    6.8%   36.1%   35.9%    0.0%
      empty   corridor      5008    44.2%    1.5%    0.0%    0.0%    0.0%    0.0%    0.3%   27.7%   26.3%    0.0%
      empty   junction      8481    37.4%    4.2%    0.0%    0.0%    0.0%    0.0%    0.6%   28.9%   28.9%    0.0%
      empty   open          1935    35.0%    6.9%    0.0%    0.0%    0.0%    0.0%    0.0%   29.7%   28.3%    0.0%
      laden   pocket         202     2.5%   15.3%    0.0%    0.0%    0.0%    0.0%    0.0%   41.1%   41.1%    0.0%
      laden   corridor      1164    14.1%    0.3%    0.0%    0.0%    0.0%    0.0%    0.3%   41.9%   43.3%    0.0%
      laden   junction       932    23.4%    1.7%    0.0%    0.0%    0.0%    0.0%    0.5%   37.9%   36.5%    0.0%
      laden   open            25    48.0%    4.0%    0.0%    0.0%    0.0%    0.0%    0.0%   24.0%   24.0%    0.0%
      spoil   pocket         870    19.0%    0.8%    0.0%    0.0%    0.0%    0.0%   14.4%   32.4%   33.4%    0.0%
      spoil   corridor       743    47.8%    0.3%    0.0%    0.0%    0.0%    0.0%    2.3%   26.1%   23.6%    0.0%
      spoil   junction       509    37.3%    1.2%    0.0%    0.0%    0.0%    0.0%    3.9%   30.6%   26.9%    0.0%
      spoil   open           101    34.7%    2.0%    0.0%    0.0%    0.0%    0.0%    0.0%   33.7%   29.7%    0.0%
    DECISIONS: rows not written (decisionnorows)
  140    1 hmute    0/0         1824     2718    23196    13938        0    6/20        2          7 0 4 9 0
                A READ  ant-readable homeward along >= 0.02 on  53.9% of route-cell samples | FOODWARD  16.6% | plane lit on  77.0% | peak amt  35375 cells 138
                THE LOOP, ANT BY ANT:
                  0. lived                                     20    100.0% of prev    100.0% of all
                  1. reached the food                           6     30.0% of prev     30.0% of all
                  2. picked food up out there                   5     83.3% of prev     25.0% of all
                  3. turned for home with it                    3     60.0% of prev     15.0% of all
                  4. got back to the nest still holding it      0      0.0% of prev      0.0% of all
                  5. PUT IT DOWN there                          0      0.0% of prev      0.0% of all
                  6. went back out again                        0      0.0% of prev      0.0% of all
                  7. reached the food a SECOND time             0      0.0% of prev      0.0% of all
                RETURN LEDGER reached food    6 of   20 ants | came back    2 | trips laden    0 empty    2 | LOOPERS    0 of   20 ants ( 0.0% of those that reached food), repeat    0, most loops by one ant   0
                BY ANCHOR AT PICKUP  anchor ON nest material:    0 loops /    5 pickups (  0.0%) | anchor OFF it:    0 /    0 (  0.0%)
                BY BIRTH SITE  born ON comb:   0 of   6 that reached food looped (  0.0%) | born OFF comb:   0 of   0 (  0.0%)
                LEGS legs[6901,12043] laden[]
                founded x   30..68   (nest cursor 48 MATERIAL x 26..70 20 of 20 founders born on it; food 188; nearest founder 120 cells out, farthest 158, nominal gap 140)  occupancy/1k [8 59 10 15 13 15 7 2]  carry->nest     390  born    0 died   20 (starved   20)
                own trail: route pk    0 end    0 along +0.0000  B nest->food [1438,4245,7053,9861,8331]  blocked      406  kin swaps       0  ticks     22358  tumbles      7274 (homeward      249, 3.42%)  drops       0  DELIVERED     0  leg home n    2 med 12043 p90 12043 (laden n    0 med     0 p90     0)  appetite held         0 J of      7680  trips born-on-comb    2 (20 ants) / born-off    0 (0 ants)
                channel A: PEAK amt  35375 cells  138 (of 141 route)  POLARITY|| +0.09730 && +0.08980 SPAN +0.00239 edge   5.6  end nest->food [1472,3265,0,0,0]  nest   25  AtNest  5.86%
                Carrying: laden     27276  of which SPOIL     13338 ( 48.9%)
    DECISION CENSUS: 27870 decisions, reconciled against the rows and the engine's counters
      leg     setting          n  stepped    felllaunched swappedcrossingreversedblocked_roll_fairoll_fai no_body
      empty   pocket        1360     5.4%   17.9%    0.0%    0.0%    0.0%    0.0%    2.4%   38.6%   35.6%    0.0%
      empty   corridor      2841    35.3%    3.6%    0.0%    0.0%    0.0%    0.0%    0.7%   30.5%   29.8%    0.0%
      empty   junction     13044    35.1%    4.9%    0.0%    0.0%    0.0%    0.0%    0.4%   29.3%   30.3%    0.0%
      empty   open          3792    32.9%    8.8%    0.0%    0.0%    0.0%    0.0%    0.0%   28.5%   29.9%    0.0%
      laden   pocket         137     5.1%   40.9%    0.0%    0.0%    0.0%    0.0%    0.0%   21.2%   32.8%    0.0%
      laden   corridor       990    16.8%    0.7%    0.0%    0.0%    0.0%    0.0%    0.2%   42.1%   40.2%    0.0%
      laden   junction      3292    15.2%    1.5%    0.0%    0.0%    0.0%    0.0%    0.4%   41.1%   41.9%    0.0%
      laden   open           472    18.6%    3.2%    0.0%    0.0%    0.0%    0.0%    0.0%   40.9%   37.3%    0.0%
      spoil   pocket         878     5.6%    1.6%    0.0%    0.0%    0.0%    0.0%    4.8%   42.8%   45.2%    0.0%
      spoil   corridor       258    36.4%    0.8%    0.0%    0.0%    0.0%    0.0%    3.1%   33.7%   26.0%    0.0%
      spoil   junction       666    35.1%    2.1%    0.0%    0.0%    0.0%    0.0%    3.0%   29.1%   30.6%    0.0%
      spoil   open           140    37.9%    4.3%    0.0%    0.0%    0.0%    0.0%    0.0%   27.1%   30.7%    0.0%
    DECISIONS: rows not written (decisionnorows)
  140    2 hmute    3/3         4557     2418        0    29356    15016    6/21        4         2 0 4 15 0
                A READ  ant-readable homeward along >= 0.02 on  61.0% of route-cell samples | FOODWARD  17.5% | plane lit on  85.3% | peak amt  37800 cells 139
                THE LOOP, ANT BY ANT:
                  0. lived                                     21    100.0% of prev    100.0% of all
                  1. reached the food                           6     28.6% of prev     28.6% of all
                  2. picked food up out there                   6    100.0% of prev     28.6% of all
                  3. turned for home with it                    6    100.0% of prev     28.6% of all
                  4. got back to the nest still holding it      4     66.7% of prev     19.0% of all
                  5. PUT IT DOWN there                          4    100.0% of prev     19.0% of all
                  6. went back out again                        4    100.0% of prev     19.0% of all
                  7. reached the food a SECOND time             0      0.0% of prev      0.0% of all
                RETURN LEDGER reached food    6 of   21 ants | came back    4 | trips laden    4 empty    0 | LOOPERS    4 of   21 ants (66.7% of those that reached food), repeat    0, most loops by one ant   1
                BY ANCHOR AT PICKUP  anchor ON nest material:    4 loops /    7 pickups ( 57.1%) | anchor OFF it:    0 /    0 (  0.0%)
                BY BIRTH SITE  born ON comb:   4 of   6 that reached food looped ( 66.7%) | born OFF comb:   0 of   0 (  0.0%)
                LEGS legs[1501,1093,1465,1273] laden[1501,1093,1465,1273]
                founded x   30..68   (nest cursor 48 MATERIAL x 26..70 20 of 21 founders born on it; food 188; nearest founder 120 cells out, farthest 158, nominal gap 140)  occupancy/1k [18 47 11 28 23 22 12 3]  carry->nest     661  born    1 died   18 (starved   18)
                own trail: route pk    0 end    0 along +0.0000  B nest->food [1438,4245,7053,9861,8331]  blocked      187  kin swaps       0  ticks     27870  tumbles      9172 (homeward      415, 4.52%)  drops     787  DELIVERED   787  leg home n    4 med  1465 p90  1501 (laden n    4 med  1465 p90  1501)  appetite held         0 J of     16151  trips born-on-comb    4 (20 ants) / born-off    0 (1 ants)
                channel A: PEAK amt  37800 cells  139 (of 141 route)  POLARITY|| +0.08977 && +0.08152 SPAN +0.00011 edge   5.3  end nest->food [2237,4265,579,0,0]  nest   25  AtNest 16.16%
                Carrying: laden     41044  of which SPOIL     11754 ( 28.6%)
    DECISION CENSUS: 21095 decisions, reconciled against the rows and the engine's counters
      leg     setting          n  stepped    felllaunched swappedcrossingreversedblocked_roll_fairoll_fai no_body
      empty   pocket        2466     5.5%    9.4%    0.0%    0.0%    0.0%    0.0%    3.6%   41.1%   40.5%    0.0%
      empty   corridor      3533    44.8%    2.2%    0.0%    0.0%    0.0%    0.0%    0.4%   26.2%   26.4%    0.0%
      empty   junction      8474    37.8%    4.8%    0.0%    0.0%    0.0%    0.0%    0.7%   28.4%   28.3%    0.0%
      empty   open          1865    37.5%    8.1%    0.0%    0.0%    0.0%    0.0%    0.0%   26.8%   27.6%    0.0%
      laden   pocket          78     3.8%   51.3%    0.0%    0.0%    0.0%    0.0%    0.0%   19.2%   25.6%    0.0%
      laden   corridor       798    25.6%    2.0%    0.0%    0.0%    0.0%    0.0%    0.3%   37.3%   34.8%    0.0%
      laden   junction      1368    27.0%    2.6%    0.0%    0.0%    0.0%    0.0%    0.4%   34.7%   35.2%    0.0%
      laden   open           161    52.2%    7.5%    0.0%    0.0%    0.0%    0.0%    0.0%   23.0%   17.4%    0.0%
      spoil   pocket        1011     8.8%    1.7%    0.0%    0.0%    0.0%    0.0%    7.0%   42.2%   40.3%    0.0%
      spoil   corridor       737    47.8%    0.4%    0.0%    0.0%    0.0%    0.0%    0.9%   27.1%   23.7%    0.0%
      spoil   junction       536    45.7%    1.9%    0.0%    0.0%    0.0%    0.0%    3.7%   25.6%   23.1%    0.0%
      spoil   open            68    51.5%    4.4%    0.0%    0.0%    0.0%    0.0%    0.0%   20.6%   23.5%    0.0%
    DECISIONS: rows not written (decisionnorows)
  140    3 hmute    0/0         1890     1764    10416    14436     2820    7/20        3         3 3 4 10 0
                A READ  ant-readable homeward along >= 0.02 on  57.8% of route-cell samples | FOODWARD  15.8% | plane lit on  80.3% | peak amt  35200 cells 139
                THE LOOP, ANT BY ANT:
                  0. lived                                     20    100.0% of prev    100.0% of all
                  1. reached the food                           7     35.0% of prev     35.0% of all
                  2. picked food up out there                   6     85.7% of prev     30.0% of all
                  3. turned for home with it                    6    100.0% of prev     30.0% of all
                  4. got back to the nest still holding it      3     50.0% of prev     15.0% of all
                  5. PUT IT DOWN there                          3    100.0% of prev     15.0% of all
                  6. went back out again                        3    100.0% of prev     15.0% of all
                  7. reached the food a SECOND time             0      0.0% of prev      0.0% of all
                RETURN LEDGER reached food    7 of   20 ants | came back    3 | trips laden    3 empty    0 | LOOPERS    3 of   20 ants (42.9% of those that reached food), repeat    0, most loops by one ant   1
                BY ANCHOR AT PICKUP  anchor ON nest material:    3 loops /    7 pickups ( 42.9%) | anchor OFF it:    0 /    0 (  0.0%)
                BY BIRTH SITE  born ON comb:   3 of   7 that reached food looped ( 42.9%) | born OFF comb:   0 of   0 (  0.0%)
                LEGS legs[1381,1279,1297] laden[1381,1279,1297]
                founded x   30..68   (nest cursor 48 MATERIAL x 26..70 20 of 20 founders born on it; food 188; nearest founder 120 cells out, farthest 158, nominal gap 140)  occupancy/1k [15 42 10 14 24 10 6 2]  carry->nest     586  born    0 died   20 (starved   18)
                own trail: route pk    0 end    0 along +0.0000  B nest->food [1438,4245,7053,9861,8331]  blocked      270  kin swaps       0  ticks     21097  tumbles      6720 (homeward      186, 2.77%)  drops       0  DELIVERED     0  leg home n    3 med  1297 p90  1381 (laden n    3 med  1297 p90  1381)  appetite held         0 J of      7957  trips born-on-comb    3 (20 ants) / born-off    0 (0 ants)
                channel A: PEAK amt  35200 cells  139 (of 141 route)  POLARITY|| +0.09291 && +0.08607 SPAN +0.00238 edge   5.4  end nest->food [1580,2842,195,0,0]  nest   25  AtNest  5.98%
                Carrying: laden     28548  of which SPOIL     14112 ( 49.4%)
    DECISION CENSUS: 30894 decisions, reconciled against the rows and the engine's counters
      leg     setting          n  stepped    felllaunched swappedcrossingreversedblocked_roll_fairoll_fai no_body
      empty   pocket        2267     4.0%   12.7%    0.0%    0.0%    0.0%    0.0%    1.6%   40.9%   40.8%    0.0%
      empty   corridor      4168    35.2%    1.8%    0.0%    0.0%    0.0%    0.0%    0.9%   32.1%   30.0%    0.0%
      empty   junction      8791    41.0%    5.6%    0.0%    0.0%    0.0%    0.0%    0.8%   25.9%   26.7%    0.0%
      empty   open          2476    37.2%    9.2%    0.0%    0.0%    0.0%    0.0%    0.0%   27.5%   26.1%    0.0%
      laden   pocket         328     5.2%   19.8%    0.0%    0.0%    0.0%    0.0%    2.7%   32.9%   39.3%    0.0%
      laden   corridor      1851    13.5%    1.0%    0.0%    0.0%    0.0%    0.0%    0.1%   40.9%   44.5%    0.0%
      laden   junction      4583    18.9%    7.4%    0.0%    0.0%    0.0%    0.0%    0.2%   37.7%   35.9%    0.0%
      laden   open          4583    19.2%   15.8%    0.0%    0.0%    0.0%    0.0%    0.0%   32.4%   32.6%    0.0%
      spoil   pocket         823     4.0%    3.2%    0.0%    0.0%    0.0%    0.0%    4.0%   45.1%   43.7%    0.0%
      spoil   corridor       311    31.8%    1.6%    0.0%    0.0%    0.0%    0.0%    2.6%   33.4%   30.5%    0.0%
      spoil   junction       585    49.4%    0.9%    0.0%    0.0%    0.0%    0.0%    3.8%   24.1%   21.9%    0.0%
      spoil   open           128    43.0%    3.1%    0.0%    0.0%    0.0%    0.0%    0.0%   28.1%   25.8%    0.0%
    DECISIONS: rows not written (decisionnorows)
  140    4 hmute    6/2        16387     2766        0    74449     1944   14/29        3         1 1 9 18 0
                A READ  ant-readable homeward along >= 0.02 on  59.1% of route-cell samples | FOODWARD  17.7% | plane lit on  80.7% | peak amt  35346 cells 139
                THE LOOP, ANT BY ANT:
                  0. lived                                     29    100.0% of prev    100.0% of all
                  1. reached the food                          14     48.3% of prev     48.3% of all
                  2. picked food up out there                  13     92.9% of prev     44.8% of all
                  3. turned for home with it                    6     46.2% of prev     20.7% of all
                  4. got back to the nest still holding it      2     33.3% of prev      6.9% of all
                  5. PUT IT DOWN there                          2    100.0% of prev      6.9% of all
                  6. went back out again                        2    100.0% of prev      6.9% of all
                  7. reached the food a SECOND time             0      0.0% of prev      0.0% of all
                RETURN LEDGER reached food   14 of   29 ants | came back    3 | trips laden    2 empty    1 | LOOPERS    2 of   29 ants (14.3% of those that reached food), repeat    0, most loops by one ant   1
                BY ANCHOR AT PICKUP  anchor ON nest material:    2 loops /    4 pickups ( 50.0%) | anchor OFF it:    0 /    9 (  0.0%)
                BY BIRTH SITE  born ON comb:   2 of   5 that reached food looped ( 40.0%) | born OFF comb:   0 of   9 (  0.0%)
                LEGS legs[1687,1519,4939] laden[1687,1519]
                founded x   30..68   (nest cursor 48 MATERIAL x 26..70 20 of 29 founders born on it; food 188; nearest founder 120 cells out, farthest 158, nominal gap 140)  occupancy/1k [16 33 19 24 16 9 6 65]  carry->nest     393  born    9 died   23 (starved   20)
                own trail: route pk    0 end    0 along +0.0000  B nest->food [1438,4245,7053,9861,8331]  blocked      230  kin swaps       0  ticks     30897  tumbles     10186 (homeward     1577, 15.48%)  drops       0  DELIVERED     0  leg home n    3 med  1687 p90  4939 (laden n    2 med  1687 p90  1687)  appetite held         0 J of     37221  trips born-on-comb    3 (20 ants) / born-off    0 (9 ants)
                channel A: PEAK amt  35346 cells  139 (of 141 route)  POLARITY|| +0.08879 && +0.08595 SPAN +0.00331 edge  10.5  end nest->food [1275,2382,371,0,0]  nest   25  AtNest  5.23%
                Carrying: laden     85531  of which SPOIL     11082 ( 13.0%)
    DECISION CENSUS: 26283 decisions, reconciled against the rows and the engine's counters
      leg     setting          n  stepped    felllaunched swappedcrossingreversedblocked_roll_fairoll_fai no_body
      empty   pocket        2747    10.6%    9.7%    0.0%    0.0%    0.0%    0.0%    6.4%   34.4%   38.8%    0.0%
      empty   corridor      7213    42.1%    0.9%    0.0%    0.0%    0.0%    0.0%    0.3%   29.1%   27.6%    0.0%
      empty   junction      6782    40.8%    4.2%    0.0%    0.0%    0.0%    0.0%    0.9%   27.0%   27.1%    0.0%
      empty   open          1477    36.9%    8.3%    0.0%    0.0%    0.0%    0.0%    0.0%   27.4%   27.5%    0.0%
      laden   pocket        1697     1.6%    2.8%    0.0%    0.0%    0.0%    0.0%    0.1%   46.0%   49.6%    0.0%
      laden   corridor      1321    16.3%    0.8%    0.0%    0.0%    0.0%    0.0%    0.2%   40.3%   42.4%    0.0%
      laden   junction      1522    22.7%    2.6%    0.0%    0.0%    0.0%    0.0%    1.0%   36.9%   36.8%    0.0%
      laden   open           122    50.0%    5.7%    0.0%    0.0%    0.0%    0.0%    0.0%   17.2%   27.0%    0.0%
      spoil   pocket        1470    11.4%    0.4%    0.0%    0.0%    0.0%    0.0%    9.3%   40.3%   38.5%    0.0%
      spoil   corridor      1337    44.7%    0.4%    0.0%    0.0%    0.0%    0.0%    0.8%   25.7%   28.3%    0.0%
      spoil   junction       519    45.1%    0.4%    0.0%    0.0%    0.0%    0.0%    3.5%   27.6%   23.5%    0.0%
      spoil   open            76    39.5%    1.3%    0.0%    0.0%    0.0%    0.0%    0.0%   25.0%   34.2%    0.0%
    DECISIONS: rows not written (decisionnorows)
  140    5 hmute    2/2         3657     2442        0    27973    18337    5/20        3          2 3 7 8 0
                A READ  ant-readable homeward along >= 0.02 on  55.1% of route-cell samples | FOODWARD  15.8% | plane lit on  76.4% | peak amt  29205 cells 137
                THE LOOP, ANT BY ANT:
                  0. lived                                     20    100.0% of prev    100.0% of all
                  1. reached the food                           5     25.0% of prev     25.0% of all
                  2. picked food up out there                   5    100.0% of prev     25.0% of all
                  3. turned for home with it                    5    100.0% of prev     25.0% of all
                  4. got back to the nest still holding it      3     60.0% of prev     15.0% of all
                  5. PUT IT DOWN there                          3    100.0% of prev     15.0% of all
                  6. went back out again                        3    100.0% of prev     15.0% of all
                  7. reached the food a SECOND time             0      0.0% of prev      0.0% of all
                RETURN LEDGER reached food    5 of   20 ants | came back    3 | trips laden    3 empty    0 | LOOPERS    3 of   20 ants (60.0% of those that reached food), repeat    0, most loops by one ant   1
                BY ANCHOR AT PICKUP  anchor ON nest material:    3 loops /    5 pickups ( 60.0%) | anchor OFF it:    0 /    0 (  0.0%)
                BY BIRTH SITE  born ON comb:   3 of   5 that reached food looped ( 60.0%) | born OFF comb:   0 of   0 (  0.0%)
                LEGS legs[1243,1561,1375] laden[1243,1561,1375]
                founded x   30..68   (nest cursor 48 MATERIAL x 26..70 20 of 20 founders born on it; food 188; nearest founder 120 cells out, farthest 158, nominal gap 140)  occupancy/1k [26 65 26 9 12 12 3 1]  carry->nest     528  born    0 died   18 (starved   17)
                own trail: route pk    0 end    0 along +0.0000  B nest->food [1438,4245,7053,9861,8331]  blocked      440  kin swaps       0  ticks     26284  tumbles      8716 (homeward      285, 3.27%)  drops     633  DELIVERED   633  leg home n    3 med  1375 p90  1561 (laden n    3 med  1375 p90  1561)  appetite held         0 J of     15399  trips born-on-comb    3 (20 ants) / born-off    0 (0 ants)
                channel A: PEAK amt  29205 cells  137 (of 141 route)  POLARITY|| +0.10607 && +0.09971 SPAN +0.00387 edge   5.7  end nest->food [3023,6015,8,0,0]  nest   25  AtNest 15.30%
                Carrying: laden     48385  of which SPOIL     20508 ( 42.4%)
    DECISION CENSUS: 16811 decisions, reconciled against the rows and the engine's counters
      leg     setting          n  stepped    felllaunched swappedcrossingreversedblocked_roll_fairoll_fai no_body
      empty   pocket        2031     5.6%    8.9%    0.0%    0.0%    0.0%    0.0%    3.2%   42.6%   39.6%    0.0%
      empty   corridor      3504    49.1%    1.7%    0.0%    0.0%    0.0%    0.0%    0.2%   23.8%   25.3%    0.0%
      empty   junction      5996    40.7%    5.4%    0.0%    0.0%    0.0%    0.0%    0.6%   27.2%   26.1%    0.0%
      empty   open          1634    38.5%    8.9%    0.0%    0.0%    0.0%    0.0%    0.0%   26.3%   26.3%    0.0%
      laden   pocket           6     0.0%   66.7%    0.0%    0.0%    0.0%    0.0%    0.0%   33.3%    0.0%    0.0%
      laden   corridor       163    25.8%    0.0%    0.0%    0.0%    0.0%    0.0%    0.0%   33.1%   41.1%    0.0%
      laden   junction       228    32.9%    1.8%    0.0%    0.0%    0.0%    0.0%    0.0%   35.5%   29.8%    0.0%
      laden   open            14    64.3%    0.0%    0.0%    0.0%    0.0%    0.0%    0.0%    0.0%   35.7%    0.0%
      spoil   pocket        2306    15.7%    0.3%    0.0%    0.0%    0.0%    0.0%   11.1%   36.4%   36.5%    0.0%
      spoil   corridor       476    42.9%    0.6%    0.0%    0.0%    0.0%    0.0%    0.6%   26.5%   29.4%    0.0%
      spoil   junction       363    46.6%    1.4%    0.0%    0.0%    0.0%    0.0%    4.4%   24.0%   23.7%    0.0%
      spoil   open            90    48.9%    2.2%    0.0%    0.0%    0.0%    0.0%    0.0%   26.7%   22.2%    0.0%
    DECISIONS: rows not written (decisionnorows)
  140    6 hmute    0/0          322     2832     9660     2466      810    1/20        1          2 5 7 6 0
                A READ  ant-readable homeward along >= 0.02 on  55.7% of route-cell samples | FOODWARD  12.1% | plane lit on  71.8% | peak amt  33227 cells 136
                THE LOOP, ANT BY ANT:
                  0. lived                                     20    100.0% of prev    100.0% of all
                  1. reached the food                           1      5.0% of prev      5.0% of all
                  2. picked food up out there                   1    100.0% of prev      5.0% of all
                  3. turned for home with it                    1    100.0% of prev      5.0% of all
                  4. got back to the nest still holding it      1    100.0% of prev      5.0% of all
                  5. PUT IT DOWN there                          1    100.0% of prev      5.0% of all
                  6. went back out again                        1    100.0% of prev      5.0% of all
                  7. reached the food a SECOND time             0      0.0% of prev      0.0% of all
                RETURN LEDGER reached food    1 of   20 ants | came back    1 | trips laden    1 empty    0 | LOOPERS    1 of   20 ants (100.0% of those that reached food), repeat    0, most loops by one ant   1
                BY ANCHOR AT PICKUP  anchor ON nest material:    1 loops /    1 pickups (100.0%) | anchor OFF it:    0 /    0 (  0.0%)
                BY BIRTH SITE  born ON comb:   1 of   1 that reached food looped (100.0%) | born OFF comb:   0 of   0 (  0.0%)
                LEGS legs[1621] laden[1621]
                founded x   30..68   (nest cursor 48 MATERIAL x 26..70 20 of 20 founders born on it; food 188; nearest founder 120 cells out, farthest 158, nominal gap 140)  occupancy/1k [18 24 22 16 10 5 2 0]  carry->nest     113  born    0 died   20 (starved   20)
                own trail: route pk    0 end    0 along +0.0000  B nest->food [1438,4245,7053,9861,8331]  blocked      383  kin swaps       0  ticks     16811  tumbles      5355 (homeward       17, 0.32%)  drops      43  DELIVERED    43  leg home n    1 med  1621 p90  1621 (laden n    1 med  1621 p90  1621)  appetite held         0 J of      1356  trips born-on-comb    1 (20 ants) / born-off    0 (0 ants)
                channel A: PEAK amt  33227 cells  136 (of 141 route)  POLARITY|| +0.10248 && +0.09545 SPAN +0.00201 edge   6.0  end nest->food [1303,2174,50,0,0]  nest   25  AtNest  9.14%
                Carrying: laden     21876  of which SPOIL     19410 ( 88.7%)
    DECISION CENSUS: 20983 decisions, reconciled against the rows and the engine's counters
      leg     setting          n  stepped    felllaunched swappedcrossingreversedblocked_roll_fairoll_fai no_body
      empty   pocket         727     8.0%   39.3%    0.0%    0.0%    0.0%    0.0%    2.3%   28.5%   21.9%    0.0%
      empty   corridor      3135    46.6%    3.1%    0.0%    0.0%    0.0%    0.0%    0.5%   24.9%   25.0%    0.0%
      empty   junction     10550    40.4%    5.8%    0.0%    0.0%    0.0%    0.0%    0.8%   26.4%   26.7%    0.0%
      empty   open          3173    37.9%   10.2%    0.0%    0.0%    0.0%    0.0%    0.0%   25.1%   26.9%    0.0%
      laden   pocket         710     0.1%    4.5%    0.0%    0.0%    0.0%    0.0%    0.1%   49.3%   45.9%    0.0%
      laden   corridor       534    24.3%    2.1%    0.0%    0.0%    0.0%    0.0%    0.2%   36.5%   36.9%    0.0%
      laden   junction      1046    27.3%    2.7%    0.0%    0.0%    0.0%    0.0%    0.2%   37.0%   32.8%    0.0%
      laden   open           159    40.3%    5.7%    0.0%    0.0%    0.0%    0.0%    0.0%   23.9%   30.2%    0.0%
      spoil   pocket         125    24.8%    8.8%    0.0%    0.0%    0.0%    0.0%   15.2%   24.8%   26.4%    0.0%
      spoil   corridor       116    30.2%    1.7%    0.0%    0.0%    0.0%    0.0%    6.9%   32.8%   28.4%    0.0%
      spoil   junction       553    42.7%    1.6%    0.0%    0.0%    0.0%    0.0%    3.3%   25.3%   27.1%    0.0%
      spoil   open           155    38.1%    1.3%    0.0%    0.0%    0.0%    0.0%    0.0%   34.8%   25.8%    0.0%
    DECISIONS: rows not written (decisionnorows)
  140    7 hmute    0/0         2642     2550    18060    14694     3234    6/21        2         0 1 8 12 0
                A READ  ant-readable homeward along >= 0.02 on  58.8% of route-cell samples | FOODWARD  15.6% | plane lit on  83.6% | peak amt  38510 cells 139
                THE LOOP, ANT BY ANT:
                  0. lived                                     21    100.0% of prev    100.0% of all
                  1. reached the food                           6     28.6% of prev     28.6% of all
                  2. picked food up out there                   5     83.3% of prev     23.8% of all
                  3. turned for home with it                    3     60.0% of prev     14.3% of all
                  4. got back to the nest still holding it      2     66.7% of prev      9.5% of all
                  5. PUT IT DOWN there                          2    100.0% of prev      9.5% of all
                  6. went back out again                        1     50.0% of prev      4.8% of all
                  7. reached the food a SECOND time             0      0.0% of prev      0.0% of all
                RETURN LEDGER reached food    6 of   21 ants | came back    2 | trips laden    2 empty    0 | LOOPERS    2 of   21 ants (33.3% of those that reached food), repeat    0, most loops by one ant   1
                BY ANCHOR AT PICKUP  anchor ON nest material:    2 loops /    6 pickups ( 33.3%) | anchor OFF it:    0 /    0 (  0.0%)
                BY BIRTH SITE  born ON comb:   2 of   6 that reached food looped ( 33.3%) | born OFF comb:   0 of   0 (  0.0%)
                LEGS legs[1441,1237] laden[1441,1237]
                founded x   30..68   (nest cursor 48 MATERIAL x 26..70 20 of 21 founders born on it; food 188; nearest founder 120 cells out, farthest 158, nominal gap 140)  occupancy/1k [7 17 15 25 24 20 10 3]  carry->nest     440  born    1 died   21 (starved   21)
                own trail: route pk    0 end    0 along +0.0000  B nest->food [1438,4245,7053,9861,8331]  blocked      162  kin swaps       0  ticks     20983  tumbles      5960 (homeward      174, 2.92%)  drops     189  DELIVERED   189  leg home n    2 med  1441 p90  1441 (laden n    2 med  1441 p90  1441)  appetite held         0 J of      8093  trips born-on-comb    2 (20 ants) / born-off    0 (1 ants)
                channel A: PEAK amt  38510 cells  139 (of 141 route)  POLARITY|| +0.08248 && +0.07461 SPAN +0.00196 edge   5.3  end nest->food [768,1706,678,0,0]  nest   25  AtNest  8.36%
                Carrying: laden     20388  of which SPOIL      5694 ( 27.9%)
    DECISION CENSUS: 26684 decisions, reconciled against the rows and the engine's counters
      leg     setting          n  stepped    felllaunched swappedcrossingreversedblocked_roll_fairoll_fai no_body
      empty   pocket        1399     6.6%   19.6%    0.0%    0.0%    0.0%    0.0%    3.0%   34.4%   36.4%    0.0%
      empty   corridor      3622    38.2%    2.7%    0.0%    0.0%    0.0%    0.0%    0.4%   29.7%   29.0%    0.0%
      empty   junction     11353    37.0%    5.1%    0.0%    0.0%    0.0%    0.0%    0.7%   28.2%   29.0%    0.0%
      empty   open          2989    37.2%   10.2%    0.0%    0.0%    0.0%    0.0%    0.0%   27.1%   25.6%    0.0%
      laden   pocket         717     0.6%    5.6%    0.0%    0.0%    0.0%    0.0%    0.0%   47.0%   46.9%    0.0%
      laden   corridor      1801    11.3%    0.9%    0.0%    0.0%    0.0%    0.0%    0.2%   44.6%   42.9%    0.0%
      laden   junction      2761    15.1%    2.4%    0.0%    0.0%    0.0%    0.0%    0.5%   41.4%   40.6%    0.0%
      laden   open           490    24.5%    4.9%    0.0%    0.0%    0.0%    0.0%    0.0%   36.3%   34.3%    0.0%
      spoil   pocket         493    18.7%    2.2%    0.0%    0.0%    0.0%    0.0%   13.8%   32.7%   32.7%    0.0%
      spoil   corridor       453    40.6%    0.0%    0.0%    0.0%    0.0%    0.0%    1.3%   31.1%   26.9%    0.0%
      spoil   junction       518    35.5%    2.1%    0.0%    0.0%    0.0%    0.0%    3.7%   28.8%   29.9%    0.0%
      spoil   open            88    50.0%    5.7%    0.0%    0.0%    0.0%    0.0%    0.0%   29.5%   14.8%    0.0%
    DECISIONS: rows not written (decisionnorows)
  140    8 hmute    3/2         4776     2220        0    34627    18535    8/21        3         2 0 4 15 0
                A READ  ant-readable homeward along >= 0.02 on  63.2% of route-cell samples | FOODWARD  15.3% | plane lit on  84.8% | peak amt  38061 cells 139
                THE LOOP, ANT BY ANT:
                  0. lived                                     21    100.0% of prev    100.0% of all
                  1. reached the food                           8     38.1% of prev     38.1% of all
                  2. picked food up out there                   8    100.0% of prev     38.1% of all
                  3. turned for home with it                    7     87.5% of prev     33.3% of all
                  4. got back to the nest still holding it      3     42.9% of prev     14.3% of all
                  5. PUT IT DOWN there                          3    100.0% of prev     14.3% of all
                  6. went back out again                        3    100.0% of prev     14.3% of all
                  7. reached the food a SECOND time             0      0.0% of prev      0.0% of all
                RETURN LEDGER reached food    8 of   21 ants | came back    3 | trips laden    3 empty    0 | LOOPERS    3 of   21 ants (37.5% of those that reached food), repeat    0, most loops by one ant   1
                BY ANCHOR AT PICKUP  anchor ON nest material:    3 loops /    9 pickups ( 33.3%) | anchor OFF it:    0 /    0 (  0.0%)
                BY BIRTH SITE  born ON comb:   3 of   8 that reached food looped ( 37.5%) | born OFF comb:   0 of   0 (  0.0%)
                LEGS legs[2161,3967,3301] laden[2161,3967,3301]
                founded x   30..68   (nest cursor 48 MATERIAL x 26..70 20 of 21 founders born on it; food 188; nearest founder 120 cells out, farthest 158, nominal gap 140)  occupancy/1k [15 45 21 25 24 14 10 3]  carry->nest     664  born    1 died   18 (starved   16)
                own trail: route pk    0 end    0 along +0.0000  B nest->food [1438,4245,7053,9861,8331]  blocked      249  kin swaps       0  ticks     26686  tumbles      8753 (homeward      503, 5.75%)  drops     771  DELIVERED   771  leg home n    3 med  3301 p90  3967 (laden n    3 med  3301 p90  3967)  appetite held         0 J of     18803  trips born-on-comb    3 (20 ants) / born-off    0 (1 ants)
                channel A: PEAK amt  38061 cells  139 (of 141 route)  POLARITY|| +0.08425 && +0.07639 SPAN +0.00123 edge   5.3  end nest->food [1120,2777,590,0,0]  nest   25  AtNest 17.87%
                Carrying: laden     43940  of which SPOIL     10069 ( 22.9%)
    DECISION CENSUS: 24291 decisions, reconciled against the rows and the engine's counters
      leg     setting          n  stepped    felllaunched swappedcrossingreversedblocked_roll_fairoll_fai no_body
      empty   pocket        1488    11.7%   21.4%    0.0%    0.0%    0.0%    0.0%    6.9%   29.9%   30.2%    0.0%
      empty   corridor      5574    49.9%    1.7%    0.0%    0.0%    0.0%    0.0%    0.2%   23.2%   25.0%    0.0%
      empty   junction      9204    41.4%    4.6%    0.0%    0.0%    0.0%    0.0%    0.7%   26.9%   26.4%    0.0%
      empty   open          1830    38.0%    8.2%    0.0%    0.0%    0.0%    0.0%    0.0%   26.8%   26.9%    0.0%
      laden   pocket        1070     1.2%    5.1%    0.0%    0.0%    0.0%    0.0%    0.4%   46.5%   46.7%    0.0%
      laden   corridor      1100    27.6%    1.3%    0.0%    0.0%    0.0%    0.0%    0.2%   36.7%   34.2%    0.0%
      laden   junction      1514    25.7%    2.1%    0.0%    0.0%    0.0%    0.0%    0.1%   35.7%   36.3%    0.0%
      laden   open            89    53.9%    7.9%    0.0%    0.0%    0.0%    0.0%    0.0%   19.1%   19.1%    0.0%
      spoil   pocket        1353     4.1%    1.3%    0.0%    0.0%    0.0%    0.0%    3.4%   44.9%   46.3%    0.0%
      spoil   corridor       419    46.3%    1.2%    0.0%    0.0%    0.0%    0.0%    2.6%   25.3%   24.6%    0.0%
      spoil   junction       566    41.5%    4.6%    0.0%    0.0%    0.0%    0.0%    3.7%   25.4%   24.7%    0.0%
      spoil   open            84    65.5%    1.2%    0.0%    0.0%    0.0%    0.0%    0.0%   21.4%   11.9%    0.0%
    DECISIONS: rows not written (decisionnorows)
  140    9 hmute    0/0         3370     1890    20988    22638     9588    7/21        3         2 2 6 11 0
                A READ  ant-readable homeward along >= 0.02 on  59.1% of route-cell samples | FOODWARD  17.3% | plane lit on  80.5% | peak amt  39498 cells 139
                THE LOOP, ANT BY ANT:
                  0. lived                                     21    100.0% of prev    100.0% of all
                  1. reached the food                           7     33.3% of prev     33.3% of all
                  2. picked food up out there                   7    100.0% of prev     33.3% of all
                  3. turned for home with it                    7    100.0% of prev     33.3% of all
                  4. got back to the nest still holding it      3     42.9% of prev     14.3% of all
                  5. PUT IT DOWN there                          3    100.0% of prev     14.3% of all
                  6. went back out again                        3    100.0% of prev     14.3% of all
                  7. reached the food a SECOND time             0      0.0% of prev      0.0% of all
                RETURN LEDGER reached food    7 of   21 ants | came back    3 | trips laden    3 empty    0 | LOOPERS    3 of   21 ants (42.9% of those that reached food), repeat    0, most loops by one ant   1
                BY ANCHOR AT PICKUP  anchor ON nest material:    3 loops /    8 pickups ( 37.5%) | anchor OFF it:    0 /    0 (  0.0%)
                BY BIRTH SITE  born ON comb:   3 of   7 that reached food looped ( 42.9%) | born OFF comb:   0 of   0 (  0.0%)
                LEGS legs[1333,1327,1381] laden[1333,1327,1381]
                founded x   30..68   (nest cursor 48 MATERIAL x 26..70 20 of 21 founders born on it; food 188; nearest founder 120 cells out, farthest 158, nominal gap 140)  occupancy/1k [14 28 36 18 24 13 6 3]  carry->nest     677  born    1 died   21 (starved   21)
                own trail: route pk    0 end    0 along +0.0000  B nest->food [1438,4245,7053,9861,8331]  blocked      261  kin swaps       0  ticks     24291  tumbles      7303 (homeward      213, 2.92%)  drops     395  DELIVERED   395  leg home n    3 med  1333 p90  1381 (laden n    3 med  1333 p90  1381)  appetite held         0 J of     12392  trips born-on-comb    3 (20 ants) / born-off    0 (1 ants)
                channel A: PEAK amt  39498 cells  139 (of 141 route)  POLARITY|| +0.08540 && +0.07773 SPAN +0.00305 edge   5.3  end nest->food [1045,4020,414,0,0]  nest   25  AtNest 15.28%
                Carrying: laden     37170  of which SPOIL     14718 ( 39.6%)
    DECISION CENSUS: 26096 decisions, reconciled against the rows and the engine's counters
      leg     setting          n  stepped    felllaunched swappedcrossingreversedblocked_roll_fairoll_fai no_body
      empty   pocket        1002     7.6%   32.9%    0.0%    0.0%    0.0%    0.0%    5.2%   26.0%   28.2%    0.0%
      empty   corridor      3750    45.6%    3.5%    0.0%    0.0%    0.0%    0.0%    0.3%   24.9%   25.6%    0.0%
      empty   junction     12608    39.2%    5.3%    0.0%    0.0%    0.0%    0.0%    0.6%   27.5%   27.5%    0.0%
      empty   open          2823    38.0%    8.5%    0.0%    0.0%    0.0%    0.0%    0.0%   25.9%   27.5%    0.0%
      laden   pocket         384     2.6%   13.8%    0.0%    0.0%    0.0%    0.0%    0.3%   40.4%   43.0%    0.0%
      laden   corridor      1254    17.9%    0.6%    0.0%    0.0%    0.0%    0.0%    0.1%   41.5%   40.0%    0.0%
      laden   junction      1576    28.6%    4.1%    0.0%    0.0%    0.0%    0.0%    0.3%   32.5%   34.6%    0.0%
      laden   open           145    55.9%   11.7%    0.0%    0.0%    0.0%    0.0%    0.0%   13.8%   18.6%    0.0%
      spoil   pocket        1369     7.2%    1.4%    0.0%    0.0%    0.0%    0.0%   54.1%   19.4%   18.0%    0.0%
      spoil   corridor       536    44.6%    1.3%    0.0%    0.0%    0.0%    0.0%    2.2%   25.9%   25.9%    0.0%
      spoil   junction       545    43.5%    2.4%    0.0%    0.0%    0.0%    0.0%    4.4%   26.2%   23.5%    0.0%
      spoil   open           104    56.7%    1.9%    0.0%    0.0%    0.0%    0.0%    0.0%   15.4%   26.0%    0.0%
    DECISIONS: rows not written (decisionnorows)
  140   10 hmute    1/1         2638     1842        0    20154      156   10/20        2         0 0 4 16 0
                A READ  ant-readable homeward along >= 0.02 on  57.6% of route-cell samples | FOODWARD  17.5% | plane lit on  90.7% | peak amt  43882 cells 141
                THE LOOP, ANT BY ANT:
                  0. lived                                     20    100.0% of prev    100.0% of all
                  1. reached the food                          10     50.0% of prev     50.0% of all
                  2. picked food up out there                   9     90.0% of prev     45.0% of all
                  3. turned for home with it                    6     66.7% of prev     30.0% of all
                  4. got back to the nest still holding it      2     33.3% of prev     10.0% of all
                  5. PUT IT DOWN there                          2    100.0% of prev     10.0% of all
                  6. went back out again                        2    100.0% of prev     10.0% of all
                  7. reached the food a SECOND time             0      0.0% of prev      0.0% of all
                RETURN LEDGER reached food   10 of   20 ants | came back    2 | trips laden    2 empty    0 | LOOPERS    2 of   20 ants (20.0% of those that reached food), repeat    0, most loops by one ant   1
                BY ANCHOR AT PICKUP  anchor ON nest material:    2 loops /   10 pickups ( 20.0%) | anchor OFF it:    0 /    0 (  0.0%)
                BY BIRTH SITE  born ON comb:   2 of  10 that reached food looped ( 20.0%) | born OFF comb:   0 of   0 (  0.0%)
                LEGS legs[1183,1279] laden[1183,1279]
                founded x   30..68   (nest cursor 48 MATERIAL x 26..70 20 of 20 founders born on it; food 188; nearest founder 120 cells out, farthest 158, nominal gap 140)  occupancy/1k [6 10 13 29 28 35 26 6]  carry->nest     738  born    0 died   19 (starved   19)
                own trail: route pk    0 end    0 along +0.0000  B nest->food [1438,4245,7053,9861,8331]  blocked      923  kin swaps       0  ticks     26096  tumbles      8085 (homeward      320, 3.96%)  drops       6  DELIVERED     6  leg home n    2 med  1279 p90  1279 (laden n    2 med  1279 p90  1279)  appetite held         0 J of     11108  trips born-on-comb    2 (20 ants) / born-off    0 (0 ants)
                channel A: PEAK amt  43882 cells  141 (of 141 route)  POLARITY|| +0.06949 && +0.06246 SPAN -0.00022 edge   4.0  end nest->food [453,1177,692,51,0]  nest   25  AtNest  2.96%
                Carrying: laden     35479  of which SPOIL     15325 ( 43.2%)
    DECISION CENSUS: 31561 decisions, reconciled against the rows and the engine's counters
      leg     setting          n  stepped    felllaunched swappedcrossingreversedblocked_roll_fairoll_fai no_body
      empty   pocket        1809     9.2%   17.1%    0.0%    0.0%    0.0%    0.0%    3.5%   35.9%   34.2%    0.0%
      empty   corridor      4371    47.4%    2.4%    0.0%    0.0%    0.0%    0.0%    0.4%   25.2%   24.5%    0.0%
      empty   junction     12494    36.5%    4.0%    0.0%    0.0%    0.0%    0.0%    0.4%   29.7%   29.4%    0.0%
      empty   open          4371    24.2%    5.5%    0.0%    0.0%    0.0%    0.0%    0.0%   34.9%   35.3%    0.0%
      laden   pocket         488     3.9%   26.2%    0.0%    0.0%    0.0%    0.0%    0.2%   36.1%   33.6%    0.0%
      laden   corridor      1322    24.0%    1.1%    0.0%    0.0%    0.0%    0.0%    0.2%   37.4%   37.3%    0.0%
      laden   junction      3305    19.4%    1.7%    0.0%    0.0%    0.0%    0.0%    0.3%   39.8%   38.8%    0.0%
      laden   open          1185     7.3%    1.1%    0.0%    0.0%    0.0%    0.0%    0.0%   45.4%   46.2%    0.0%
      spoil   pocket         775    10.5%    1.8%    0.0%    0.0%    0.0%    0.0%    8.6%   35.9%   43.2%    0.0%
      spoil   corridor       561    29.6%    0.2%    0.0%    0.0%    0.0%    0.0%    3.6%   35.3%   31.4%    0.0%
      spoil   junction       755    29.9%    0.8%    0.0%    0.0%    0.0%    0.0%    3.0%   33.8%   32.5%    0.0%
      spoil   open           125    32.8%    3.2%    0.0%    0.0%    0.0%    0.0%    0.0%   24.8%   39.2%    0.0%
    DECISIONS: rows not written (decisionnorows)
  140   11 hmute    4/3         5710     2670        0    37800    20100    8/21        5         1 0 8 12 0
                A READ  ant-readable homeward along >= 0.02 on  61.9% of route-cell samples | FOODWARD  16.2% | plane lit on  82.5% | peak amt  37811 cells 140
                THE LOOP, ANT BY ANT:
                  0. lived                                     21    100.0% of prev    100.0% of all
                  1. reached the food                           8     38.1% of prev     38.1% of all
                  2. picked food up out there                   8    100.0% of prev     38.1% of all
                  3. turned for home with it                    8    100.0% of prev     38.1% of all
                  4. got back to the nest still holding it      5     62.5% of prev     23.8% of all
                  5. PUT IT DOWN there                          5    100.0% of prev     23.8% of all
                  6. went back out again                        4     80.0% of prev     19.0% of all
                  7. reached the food a SECOND time             0      0.0% of prev      0.0% of all
                RETURN LEDGER reached food    8 of   21 ants | came back    5 | trips laden    5 empty    0 | LOOPERS    5 of   21 ants (62.5% of those that reached food), repeat    0, most loops by one ant   1
                BY ANCHOR AT PICKUP  anchor ON nest material:    5 loops /   10 pickups ( 50.0%) | anchor OFF it:    0 /    0 (  0.0%)
                BY BIRTH SITE  born ON comb:   5 of   8 that reached food looped ( 62.5%) | born OFF comb:   0 of   0 (  0.0%)
                LEGS legs[1549,1147,1615,1249,1267] laden[1549,1147,1615,1249,1267]
                founded x   30..68   (nest cursor 48 MATERIAL x 26..70 20 of 21 founders born on it; food 188; nearest founder 120 cells out, farthest 158, nominal gap 140)  occupancy/1k [11 80 27 21 18 13 10 5]  carry->nest     974  born    1 died   17 (starved   17)
                own trail: route pk    0 end    0 along +0.0000  B nest->food [1438,4245,7053,9861,8331]  blocked      256  kin swaps       0  ticks     31561  tumbles     10527 (homeward      456, 4.33%)  drops     863  DELIVERED   863  leg home n    5 med  1267 p90  1615 (laden n    5 med  1267 p90  1615)  appetite held         0 J of     20849  trips born-on-comb    5 (21 ants) / born-off    0 (0 ants)
                channel A: PEAK amt  37811 cells  140 (of 141 route)  POLARITY|| +0.08788 && +0.07988 SPAN +0.00007 edge   4.7  end nest->food [1811,4938,387,0,0]  nest   25  AtNest 22.35%
                Carrying: laden     51096  of which SPOIL     13710 ( 26.8%)
    DECISION CENSUS: 18220 decisions, reconciled against the rows and the engine's counters
      leg     setting          n  stepped    felllaunched swappedcrossingreversedblocked_roll_fairoll_fai no_body
      empty   pocket        2119     7.2%   12.1%    0.0%    0.0%    0.0%    0.0%    3.4%   39.9%   37.4%    0.0%
      empty   corridor      2243    46.8%    4.0%    0.0%    0.0%    0.0%    0.0%    0.5%   24.2%   24.6%    0.0%
      empty   junction      8776    40.5%    5.1%    0.0%    0.0%    0.0%    0.0%    0.6%   26.5%   27.3%    0.0%
      empty   open          2511    37.3%    9.0%    0.0%    0.0%    0.0%    0.0%    0.0%   27.1%   26.6%    0.0%
      laden   pocket         130     3.1%   14.6%    0.0%    0.0%    0.0%    0.0%    0.0%   36.2%   46.2%    0.0%
      laden   corridor       262    28.2%    0.8%    0.0%    0.0%    0.0%    0.0%    0.4%   31.3%   39.3%    0.0%
      laden   junction       543    33.1%    4.8%    0.0%    0.0%    0.0%    0.0%    0.2%   31.1%   30.8%    0.0%
      laden   open           115    42.6%    5.2%    0.0%    0.0%    0.0%    0.0%    0.0%   20.9%   31.3%    0.0%
      spoil   pocket         677     8.0%    1.9%    0.0%    0.0%    0.0%    0.0%    6.5%   40.8%   42.8%    0.0%
      spoil   corridor       171    41.5%    2.9%    0.0%    0.0%    0.0%    0.0%    6.4%   25.7%   23.4%    0.0%
      spoil   junction       551    43.6%    1.5%    0.0%    0.0%    0.0%    0.0%    4.5%   24.3%   26.1%    0.0%
      spoil   open           122    45.1%    4.9%    0.0%    0.0%    0.0%    0.0%    0.0%   26.2%   23.8%    0.0%
    DECISIONS: rows not written (decisionnorows)
  140   12 hmute    0/0          824     2208    11238     6300     1344    4/20        1         1 0 5 14 0
                A READ  ant-readable homeward along >= 0.02 on  60.0% of route-cell samples | FOODWARD  16.3% | plane lit on  81.7% | peak amt  37135 cells 137
                THE LOOP, ANT BY ANT:
                  0. lived                                     20    100.0% of prev    100.0% of all
                  1. reached the food                           4     20.0% of prev     20.0% of all
                  2. picked food up out there                   3     75.0% of prev     15.0% of all
                  3. turned for home with it                    3    100.0% of prev     15.0% of all
                  4. got back to the nest still holding it      1     33.3% of prev      5.0% of all
                  5. PUT IT DOWN there                          1    100.0% of prev      5.0% of all
                  6. went back out again                        1    100.0% of prev      5.0% of all
                  7. reached the food a SECOND time             0      0.0% of prev      0.0% of all
                RETURN LEDGER reached food    4 of   20 ants | came back    1 | trips laden    1 empty    0 | LOOPERS    1 of   20 ants (25.0% of those that reached food), repeat    0, most loops by one ant   1
                BY ANCHOR AT PICKUP  anchor ON nest material:    1 loops /    3 pickups ( 33.3%) | anchor OFF it:    0 /    0 (  0.0%)
                BY BIRTH SITE  born ON comb:   1 of   4 that reached food looped ( 25.0%) | born OFF comb:   0 of   0 (  0.0%)
                LEGS legs[1447] laden[1447]
                founded x   30..68   (nest cursor 48 MATERIAL x 26..70 20 of 20 founders born on it; food 188; nearest founder 120 cells out, farthest 158, nominal gap 140)  occupancy/1k [9 23 19 19 17 10 7 2]  carry->nest     276  born    0 died   20 (starved   20)
                own trail: route pk    0 end    0 along +0.0000  B nest->food [1438,4245,7053,9861,8331]  blocked      219  kin swaps       0  ticks     18220  tumbles      5420 (homeward       42, 0.77%)  drops      61  DELIVERED    61  leg home n    1 med  1447 p90  1447 (laden n    1 med  1447 p90  1447)  appetite held         0 J of      3471  trips born-on-comb    1 (20 ants) / born-off    0 (0 ants)
                channel A: PEAK amt  37135 cells  137 (of 141 route)  POLARITY|| +0.08059 && +0.07183 SPAN +0.00020 edge   5.6  end nest->food [731,2121,401,0,0]  nest   25  AtNest  8.39%
                Carrying: laden     15426  of which SPOIL      9132 ( 59.2%)
    DECISION CENSUS: 31399 decisions, reconciled against the rows and the engine's counters
      leg     setting          n  stepped    felllaunched swappedcrossingreversedblocked_roll_fairoll_fai no_body
      empty   pocket        1627     9.3%   18.2%    0.0%    0.0%    0.0%    0.0%    4.7%   35.3%   32.5%    0.0%
      empty   corridor      5287    49.9%    1.7%    0.0%    0.0%    0.0%    0.0%    0.4%   23.9%   24.1%    0.0%
      empty   junction     11693    35.7%    4.6%    0.0%    0.0%    0.0%    0.0%    0.5%   29.4%   29.8%    0.0%
      empty   open          4834    27.5%    7.3%    0.0%    0.0%    0.0%    0.0%    0.0%   32.8%   32.4%    0.0%
      laden   pocket         432     2.1%   10.2%    0.0%    0.0%    0.0%    0.0%    0.7%   43.8%   43.3%    0.0%
      laden   corridor      1369    23.2%    0.7%    0.0%    0.0%    0.0%    0.0%    0.3%   36.6%   39.2%    0.0%
      laden   junction      3251    12.6%    1.5%    0.0%    0.0%    0.0%    0.0%    0.2%   42.6%   43.1%    0.0%
      laden   open           994     7.8%    1.3%    0.0%    0.0%    0.0%    0.0%    0.0%   42.6%   48.3%    0.0%
      spoil   pocket         695     8.9%    1.3%    0.0%    0.0%    0.0%    0.0%    8.6%   43.6%   37.6%    0.0%
      spoil   corridor       611    46.0%    0.2%    0.0%    0.0%    0.0%    0.0%    2.0%   26.8%   25.0%    0.0%
      spoil   junction       456    39.9%    1.3%    0.0%    0.0%    0.0%    0.0%    4.2%   27.0%   27.6%    0.0%
      spoil   open           150    30.7%    0.7%    0.0%    0.0%    0.0%    0.0%    0.0%   33.3%   35.3%    0.0%
    DECISIONS: rows not written (decisionnorows)
  140   13 hmute    1/1         6064     2322        0    36797    26627    7/22        5         3 2 5 12 0
                A READ  ant-readable homeward along >= 0.02 on  60.0% of route-cell samples | FOODWARD  17.5% | plane lit on  83.5% | peak amt  43687 cells 139
                THE LOOP, ANT BY ANT:
                  0. lived                                     22    100.0% of prev    100.0% of all
                  1. reached the food                           7     31.8% of prev     31.8% of all
                  2. picked food up out there                   7    100.0% of prev     31.8% of all
                  3. turned for home with it                    7    100.0% of prev     31.8% of all
                  4. got back to the nest still holding it      5     71.4% of prev     22.7% of all
                  5. PUT IT DOWN there                          5    100.0% of prev     22.7% of all
                  6. went back out again                        4     80.0% of prev     18.2% of all
                  7. reached the food a SECOND time             0      0.0% of prev      0.0% of all
                RETURN LEDGER reached food    7 of   22 ants | came back    5 | trips laden    5 empty    0 | LOOPERS    5 of   22 ants (71.4% of those that reached food), repeat    0, most loops by one ant   1
                BY ANCHOR AT PICKUP  anchor ON nest material:    5 loops /    7 pickups ( 71.4%) | anchor OFF it:    0 /    0 (  0.0%)
                BY BIRTH SITE  born ON comb:   5 of   7 that reached food looped ( 71.4%) | born OFF comb:   0 of   0 (  0.0%)
                LEGS legs[1183,1051,1477,1423,1279] laden[1183,1051,1477,1423,1279]
                founded x   30..68   (nest cursor 48 MATERIAL x 26..70 20 of 22 founders born on it; food 188; nearest founder 120 cells out, farthest 158, nominal gap 140)  occupancy/1k [34 69 17 26 15 13 10 2]  carry->nest     714  born    2 died   21 (starved   21)
                own trail: route pk    0 end    0 along +0.0000  B nest->food [1438,4245,7053,9861,8331]  blocked      267  kin swaps       0  ticks     31404  tumbles     10265 (homeward      515, 5.02%)  drops     814  DELIVERED   814  leg home n    5 med  1279 p90  1477 (laden n    5 med  1279 p90  1477)  appetite held         0 J of     19892  trips born-on-comb    5 (21 ants) / born-off    0 (1 ants)
                channel A: PEAK amt  43687 cells  139 (of 141 route)  POLARITY|| +0.09241 && +0.08519 SPAN +0.00316 edge   5.3  end nest->food [5623,5396,459,0,0]  nest   25  AtNest 16.57%
                Carrying: laden     48317  of which SPOIL     11904 ( 24.6%)
    DECISION CENSUS: 28735 decisions, reconciled against the rows and the engine's counters
      leg     setting          n  stepped    felllaunched swappedcrossingreversedblocked_roll_fairoll_fai no_body
      empty   pocket        2532     4.5%   12.3%    0.0%    0.0%    0.0%    0.0%    2.1%   40.6%   40.6%    0.0%
      empty   corridor      5464    35.9%    1.6%    0.0%    0.0%    0.0%    0.0%    0.3%   30.7%   31.5%    0.0%
      empty   junction     10751    37.7%    3.6%    0.0%    0.0%    0.0%    0.0%    0.8%   29.4%   28.5%    0.0%
      empty   open          1854    38.9%    5.9%    0.0%    0.0%    0.0%    0.0%    0.0%   27.2%   28.0%    0.0%
      laden   pocket         686     0.3%    5.5%    0.0%    0.0%    0.0%    0.0%    0.1%   45.6%   48.4%    0.0%
      laden   corridor      1367    20.1%    0.6%    0.0%    0.0%    0.0%    0.0%    0.0%   37.7%   41.6%    0.0%
      laden   junction      3253    12.6%    1.5%    0.0%    0.0%    0.0%    0.0%    0.3%   42.7%   42.9%    0.0%
      laden   open           470    24.3%    2.3%    0.0%    0.0%    0.0%    0.0%    0.0%   38.3%   35.1%    0.0%
      spoil   pocket        1020    16.6%    2.9%    0.0%    0.0%    0.0%    0.0%   13.1%   33.6%   33.7%    0.0%
      spoil   corridor       568    44.0%    0.7%    0.0%    0.0%    0.0%    0.0%    2.3%   27.3%   25.7%    0.0%
      spoil   junction       715    41.8%    1.3%    0.0%    0.0%    0.0%    0.0%    3.2%   24.1%   29.7%    0.0%
      spoil   open            55    56.4%    0.0%    0.0%    0.0%    0.0%    0.0%    0.0%   23.6%   20.0%    0.0%
    DECISIONS: rows not written (decisionnorows)
  140   14 hmute    2/2         4704     2034        0    34657    20149    7/21        4          3 1 8 9 0
                A READ  ant-readable homeward along >= 0.02 on  56.9% of route-cell samples | FOODWARD  19.2% | plane lit on  82.9% | peak amt  36390 cells 141
                THE LOOP, ANT BY ANT:
                  0. lived                                     21    100.0% of prev    100.0% of all
                  1. reached the food                           7     33.3% of prev     33.3% of all
                  2. picked food up out there                   7    100.0% of prev     33.3% of all
                  3. turned for home with it                    6     85.7% of prev     28.6% of all
                  4. got back to the nest still holding it      4     66.7% of prev     19.0% of all
                  5. PUT IT DOWN there                          4    100.0% of prev     19.0% of all
                  6. went back out again                        4    100.0% of prev     19.0% of all
                  7. reached the food a SECOND time             1     25.0% of prev      4.8% of all
                RETURN LEDGER reached food    7 of   21 ants | came back    4 | trips laden    2 empty    2 | LOOPERS    2 of   21 ants (28.6% of those that reached food), repeat    0, most loops by one ant   1
                BY ANCHOR AT PICKUP  anchor ON nest material:    2 loops /    8 pickups ( 25.0%) | anchor OFF it:    0 /    0 (  0.0%)
                BY BIRTH SITE  born ON comb:   2 of   7 that reached food looped ( 28.6%) | born OFF comb:   0 of   0 (  0.0%)
                LEGS legs[1147,991,1741,11107] laden[1147,991]
                founded x   30..68   (nest cursor 48 MATERIAL x 26..70 20 of 21 founders born on it; food 188; nearest founder 120 cells out, farthest 158, nominal gap 140)  occupancy/1k [24 60 13 24 24 14 6 3]  carry->nest     701  born    1 died   19 (starved   19)
                own trail: route pk    0 end    0 along +0.0000  B nest->food [1438,4245,7053,9861,8331]  blocked      337  kin swaps       0  ticks     28735  tumbles      9785 (homeward      345, 3.53%)  drops    1029  DELIVERED  1029  leg home n    4 med  1741 p90 11107 (laden n    2 med  1147 p90  1147)  appetite held         0 J of     19141  trips born-on-comb    4 (20 ants) / born-off    0 (1 ants)
                channel A: PEAK amt  36390 cells  141 (of 141 route)  POLARITY|| +0.08119 && +0.07417 SPAN +0.00061 edge   4.6  end nest->food [1300,3541,749,0,0]  nest   25  AtNest 19.83%
                Carrying: laden     48805  of which SPOIL     14724 ( 30.2%)
    DECISION CENSUS: 24462 decisions, reconciled against the rows and the engine's counters
      leg     setting          n  stepped    felllaunched swappedcrossingreversedblocked_roll_fairoll_fai no_body
      empty   pocket        2479     6.3%   10.4%    0.0%    0.0%    0.0%    0.0%    3.3%   40.1%   39.9%    0.0%
      empty   corridor      4065    45.2%    1.6%    0.0%    0.0%    0.0%    0.0%    0.4%   27.5%   25.3%    0.0%
      empty   junction      8749    36.5%    4.4%    0.0%    0.0%    0.0%    0.0%    0.8%   28.9%   29.4%    0.0%
      empty   open          2144    35.3%    7.6%    0.0%    0.0%    0.0%    0.0%    0.0%   28.5%   28.5%    0.0%
      laden   pocket         261     2.7%   16.9%    0.0%    0.0%    0.0%    0.0%    1.1%   36.4%   42.9%    0.0%
      laden   corridor      1444    16.7%    0.7%    0.0%    0.0%    0.0%    0.0%    0.3%   42.5%   39.9%    0.0%
      laden   junction      1471    19.9%    2.4%    0.0%    0.0%    0.0%    0.0%    0.3%   37.6%   39.9%    0.0%
      laden   open           120    35.8%    3.3%    0.0%    0.0%    0.0%    0.0%    0.0%   32.5%   28.3%    0.0%
      spoil   pocket        2056    10.4%    0.2%    0.0%    0.0%    0.0%    0.0%    7.6%   40.5%   41.3%    0.0%
      spoil   corridor       947    49.5%    0.1%    0.0%    0.0%    0.0%    0.0%    1.3%   24.5%   24.6%    0.0%
      spoil   junction       617    36.5%    1.0%    0.0%    0.0%    0.0%    0.0%    3.6%   31.6%   27.4%    0.0%
      spoil   open           109    49.5%    2.8%    0.0%    0.0%    0.0%    0.0%    0.0%   23.9%   23.9%    0.0%
    DECISIONS: rows not written (decisionnorows)
  140   15 hmute    1/1         2588     2094        0    19777    10615    6/20        3          5 1 6 8 0
                A READ  ant-readable homeward along >= 0.02 on  60.8% of route-cell samples | FOODWARD  13.1% | plane lit on  79.2% | peak amt  31502 cells 138
                THE LOOP, ANT BY ANT:
                  0. lived                                     20    100.0% of prev    100.0% of all
                  1. reached the food                           6     30.0% of prev     30.0% of all
                  2. picked food up out there                   5     83.3% of prev     25.0% of all
                  3. turned for home with it                    4     80.0% of prev     20.0% of all
                  4. got back to the nest still holding it      3     75.0% of prev     15.0% of all
                  5. PUT IT DOWN there                          3    100.0% of prev     15.0% of all
                  6. went back out again                        2     66.7% of prev     10.0% of all
                  7. reached the food a SECOND time             0      0.0% of prev      0.0% of all
                RETURN LEDGER reached food    6 of   20 ants | came back    3 | trips laden    3 empty    0 | LOOPERS    3 of   20 ants (50.0% of those that reached food), repeat    0, most loops by one ant   1
                BY ANCHOR AT PICKUP  anchor ON nest material:    3 loops /    6 pickups ( 50.0%) | anchor OFF it:    0 /    0 (  0.0%)
                BY BIRTH SITE  born ON comb:   3 of   6 that reached food looped ( 50.0%) | born OFF comb:   0 of   0 (  0.0%)
                LEGS legs[1435,1003,1201] laden[1435,1003,1201]
                founded x   30..68   (nest cursor 48 MATERIAL x 26..70 20 of 20 founders born on it; food 188; nearest founder 120 cells out, farthest 158, nominal gap 140)  occupancy/1k [34 37 11 22 22 10 5 2]  carry->nest     539  born    0 died   19 (starved   18)
                own trail: route pk    0 end    0 along +0.0000  B nest->food [1438,4245,7053,9861,8331]  blocked      366  kin swaps       0  ticks     24463  tumbles      8200 (homeward      149, 1.82%)  drops     496  DELIVERED   496  leg home n    3 med  1201 p90  1435 (laden n    3 med  1201 p90  1435)  appetite held         0 J of     10895  trips born-on-comb    3 (20 ants) / born-off    0 (0 ants)
                channel A: PEAK amt  31502 cells  138 (of 141 route)  POLARITY|| +0.10689 && +0.09961 SPAN +0.00231 edge   5.5  end nest->food [3720,3087,225,0,0]  nest   25  AtNest 16.75%
                Carrying: laden     42151  of which SPOIL     22374 ( 53.1%)
    DECISION CENSUS: 24950 decisions, reconciled against the rows and the engine's counters
      leg     setting          n  stepped    felllaunched swappedcrossingreversedblocked_roll_fairoll_fai no_body
      empty   pocket         898     9.6%   40.2%    0.0%    0.0%    0.0%    0.0%    1.9%   24.6%   23.7%    0.0%
      empty   corridor      2491    44.5%    3.8%    0.0%    0.0%    0.0%    0.0%    1.1%   25.0%   25.6%    0.0%
      empty   junction     11458    38.8%    4.9%    0.0%    0.0%    0.0%    0.0%    1.1%   27.2%   28.1%    0.0%
      empty   open          3970    35.0%    8.5%    0.0%    0.0%    0.0%    0.0%    0.0%   28.3%   28.3%    0.0%
      laden   pocket         164     2.4%   21.3%    0.0%    0.0%    0.0%    0.0%    0.0%   40.9%   35.4%    0.0%
      laden   corridor       821    13.3%    0.9%    0.0%    0.0%    0.0%    0.0%    0.2%   43.7%   41.9%    0.0%
      laden   junction      2066    19.0%    2.6%    0.0%    0.0%    0.0%    0.0%    0.7%   36.6%   41.1%    0.0%
      laden   open           221    44.3%    7.2%    0.0%    0.0%    0.0%    0.0%    0.0%   19.0%   29.4%    0.0%
      spoil   pocket        1111     8.2%    2.5%    0.0%    0.0%    0.0%    0.0%    5.9%   41.5%   41.9%    0.0%
      spoil   corridor       551    16.0%    0.0%    0.0%    0.0%    0.0%    0.0%    2.5%   39.6%   41.9%    0.0%
      spoil   junction       987    37.7%    2.0%    0.0%    0.0%    0.0%    0.0%    3.7%   26.8%   29.7%    0.0%
      spoil   open           212    43.9%    4.7%    0.0%    0.0%    0.0%    0.0%    0.0%   24.5%   26.9%    0.0%
    DECISIONS: rows not written (decisionnorows)
  140   16 hmute    0/0         2569     2244    18594    19632      672    8/20        2         1 0 3 16 0
                A READ  ant-readable homeward along >= 0.02 on  58.1% of route-cell samples | FOODWARD  16.2% | plane lit on  87.9% | peak amt  43928 cells 139
                THE LOOP, ANT BY ANT:
                  0. lived                                     20    100.0% of prev    100.0% of all
                  1. reached the food                           8     40.0% of prev     40.0% of all
                  2. picked food up out there                   8    100.0% of prev     40.0% of all
                  3. turned for home with it                    3     37.5% of prev     15.0% of all
                  4. got back to the nest still holding it      2     66.7% of prev     10.0% of all
                  5. PUT IT DOWN there                          2    100.0% of prev     10.0% of all
                  6. went back out again                        2    100.0% of prev     10.0% of all
                  7. reached the food a SECOND time             0      0.0% of prev      0.0% of all
                RETURN LEDGER reached food    8 of   20 ants | came back    2 | trips laden    2 empty    0 | LOOPERS    2 of   20 ants (25.0% of those that reached food), repeat    0, most loops by one ant   1
                BY ANCHOR AT PICKUP  anchor ON nest material:    2 loops /    8 pickups ( 25.0%) | anchor OFF it:    0 /    0 (  0.0%)
                BY BIRTH SITE  born ON comb:   2 of   8 that reached food looped ( 25.0%) | born OFF comb:   0 of   0 (  0.0%)
                LEGS legs[1513,1687] laden[1513,1687]
                founded x   30..68   (nest cursor 48 MATERIAL x 26..70 20 of 20 founders born on it; food 188; nearest founder 120 cells out, farthest 158, nominal gap 140)  occupancy/1k [14 11 15 17 37 34 15 3]  carry->nest     553  born    0 died   20 (starved   20)
                own trail: route pk    0 end    0 along +0.0000  B nest->food [1438,4245,7053,9861,8331]  blocked      300  kin swaps       0  ticks     24950  tumbles      7597 (homeward      338, 4.45%)  drops      43  DELIVERED    43  leg home n    2 med  1687 p90  1687 (laden n    2 med  1687 p90  1687)  appetite held         0 J of     10818  trips born-on-comb    2 (20 ants) / born-off    0 (0 ants)
                channel A: PEAK amt  43928 cells  139 (of 141 route)  POLARITY|| +0.07507 && +0.06699 SPAN -0.00028 edge   5.0  end nest->food [629,1481,454,4,0]  nest   25  AtNest  8.20%
                Carrying: laden     36798  of which SPOIL     17166 ( 46.6%)
    DECISION CENSUS: 24559 decisions, reconciled against the rows and the engine's counters
      leg     setting          n  stepped    felllaunched swappedcrossingreversedblocked_roll_fairoll_fai no_body
      empty   pocket        4084     5.0%    7.7%    0.0%    0.0%    0.0%    0.0%    2.6%   41.7%   43.0%    0.0%
      empty   corridor      5411    51.0%    0.9%    0.0%    0.0%    0.0%    0.0%    0.4%   24.2%   23.6%    0.0%
      empty   junction      8431    38.7%    3.3%    0.0%    0.0%    0.0%    0.0%    0.8%   29.0%   28.2%    0.0%
      empty   open          1244    38.2%    8.4%    0.0%    0.0%    0.0%    0.0%    0.0%   27.4%   26.0%    0.0%
      laden   pocket        1137     0.8%    2.3%    0.0%    0.0%    0.0%    0.0%    0.3%   51.0%   45.6%    0.0%
      laden   corridor       710    23.0%    0.4%    0.0%    0.0%    0.0%    0.0%    0.3%   35.9%   40.4%    0.0%
      laden   junction       982    30.5%    1.9%    0.0%    0.0%    0.0%    0.0%    1.0%   34.2%   32.3%    0.0%
      laden   open            58    53.4%    3.4%    0.0%    0.0%    0.0%    0.0%    0.0%   24.1%   19.0%    0.0%
      spoil   pocket         963    12.0%    1.6%    0.0%    0.0%    0.0%    0.0%    8.9%   39.4%   38.1%    0.0%
      spoil   corridor       785    43.2%    0.1%    0.0%    0.0%    0.0%    0.0%    1.7%   26.2%   28.8%    0.0%
      spoil   junction       675    43.4%    1.2%    0.0%    0.0%    0.0%    0.0%    4.3%   26.5%   24.6%    0.0%
      spoil   open            79    41.8%    2.5%    0.0%    0.0%    0.0%    0.0%    0.0%   27.8%   27.8%    0.0%
    DECISIONS: rows not written (decisionnorows)
  140   17 hmute    0/0         2267     1950    21594    17322     3780    6/20        1          4 5 2 9 0
                A READ  ant-readable homeward along >= 0.02 on  55.2% of route-cell samples | FOODWARD  16.5% | plane lit on  79.7% | peak amt  31496 cells 138
                THE LOOP, ANT BY ANT:
                  0. lived                                     20    100.0% of prev    100.0% of all
                  1. reached the food                           6     30.0% of prev     30.0% of all
                  2. picked food up out there                   5     83.3% of prev     25.0% of all
                  3. turned for home with it                    5    100.0% of prev     25.0% of all
                  4. got back to the nest still holding it      1     20.0% of prev      5.0% of all
                  5. PUT IT DOWN there                          1    100.0% of prev      5.0% of all
                  6. went back out again                        1    100.0% of prev      5.0% of all
                  7. reached the food a SECOND time             0      0.0% of prev      0.0% of all
                RETURN LEDGER reached food    6 of   20 ants | came back    1 | trips laden    1 empty    0 | LOOPERS    1 of   20 ants (16.7% of those that reached food), repeat    0, most loops by one ant   1
                BY ANCHOR AT PICKUP  anchor ON nest material:    1 loops /    6 pickups ( 16.7%) | anchor OFF it:    0 /    0 (  0.0%)
                BY BIRTH SITE  born ON comb:   1 of   6 that reached food looped ( 16.7%) | born OFF comb:   0 of   0 (  0.0%)
                LEGS legs[1309] laden[1309]
                founded x   30..68   (nest cursor 48 MATERIAL x 26..70 20 of 20 founders born on it; food 188; nearest founder 120 cells out, farthest 158, nominal gap 140)  occupancy/1k [28 38 9 16 22 18 10 1]  carry->nest     444  born    0 died   20 (starved   20)
                own trail: route pk    0 end    0 along +0.0000  B nest->food [1438,4245,7053,9861,8331]  blocked      337  kin swaps       0  ticks     24559  tumbles      8102 (homeward      243, 3.00%)  drops     102  DELIVERED   102  leg home n    1 med  1309 p90  1309 (laden n    1 med  1309 p90  1309)  appetite held         0 J of      9545  trips born-on-comb    1 (20 ants) / born-off    0 (0 ants)
                channel A: PEAK amt  31496 cells  138 (of 141 route)  POLARITY|| +0.10474 && +0.09999 SPAN +0.00693 edge   5.6  end nest->food [5602,2850,0,0,0]  nest   25  AtNest 10.55%
                Carrying: laden     32334  of which SPOIL     15024 ( 46.5%)
    DECISION CENSUS: 26786 decisions, reconciled against the rows and the engine's counters
      leg     setting          n  stepped    felllaunched swappedcrossingreversedblocked_roll_fairoll_fai no_body
      empty   pocket        1667     7.4%   13.4%    0.0%    0.0%    0.0%    0.0%    3.5%   38.0%   37.7%    0.0%
      empty   corridor      3923    38.7%    2.3%    0.0%    0.0%    0.0%    0.0%    0.4%   30.1%   28.5%    0.0%
      empty   junction     10442    36.6%    5.6%    0.0%    0.0%    0.0%    0.0%    0.6%   28.9%   28.4%    0.0%
      empty   open          3542    33.5%    9.6%    0.0%    0.0%    0.0%    0.0%    0.0%   28.5%   28.5%    0.0%
      laden   pocket         781     0.8%    4.4%    0.0%    0.0%    0.0%    0.0%    0.0%   46.6%   48.3%    0.0%
      laden   corridor      1385     7.0%    0.4%    0.0%    0.0%    0.0%    0.0%    0.0%   44.5%   48.1%    0.0%
      laden   junction      2975    12.1%    1.8%    0.0%    0.0%    0.0%    0.0%    0.2%   43.6%   42.4%    0.0%
      laden   open           216    34.7%   11.6%    0.0%    0.0%    0.0%    0.0%    0.0%   23.1%   30.6%    0.0%
      spoil   pocket         837    15.4%    0.7%    0.0%    0.0%    0.0%    0.0%   11.8%   37.8%   34.3%    0.0%
      spoil   corridor       391    50.1%    0.3%    0.0%    0.0%    0.0%    0.0%    1.8%   24.3%   23.5%    0.0%
      spoil   junction       528    40.0%    1.1%    0.0%    0.0%    0.0%    0.0%    4.0%   27.7%   27.3%    0.0%
      spoil   open            99    47.5%    2.0%    0.0%    0.0%    0.0%    0.0%    0.0%   20.2%   30.3%    0.0%
    DECISIONS: rows not written (decisionnorows)
  140   18 hmute    2/2         6339     3750        0    33157    16213    7/23        2         2 0 9 12 0
                A READ  ant-readable homeward along >= 0.02 on  59.6% of route-cell samples | FOODWARD  15.7% | plane lit on  81.9% | peak amt  47603 cells 139
                THE LOOP, ANT BY ANT:
                  0. lived                                     23    100.0% of prev    100.0% of all
                  1. reached the food                           7     30.4% of prev     30.4% of all
                  2. picked food up out there                   6     85.7% of prev     26.1% of all
                  3. turned for home with it                    3     50.0% of prev     13.0% of all
                  4. got back to the nest still holding it      2     66.7% of prev      8.7% of all
                  5. PUT IT DOWN there                          2    100.0% of prev      8.7% of all
                  6. went back out again                        1     50.0% of prev      4.3% of all
                  7. reached the food a SECOND time             0      0.0% of prev      0.0% of all
                RETURN LEDGER reached food    7 of   23 ants | came back    2 | trips laden    2 empty    0 | LOOPERS    2 of   23 ants (28.6% of those that reached food), repeat    0, most loops by one ant   1
                BY ANCHOR AT PICKUP  anchor ON nest material:    2 loops /    5 pickups ( 40.0%) | anchor OFF it:    0 /    3 (  0.0%)
                BY BIRTH SITE  born ON comb:   2 of   5 that reached food looped ( 40.0%) | born OFF comb:   0 of   2 (  0.0%)
                LEGS legs[1237,1351] laden[1237,1351]
                founded x   30..68   (nest cursor 48 MATERIAL x 26..70 20 of 23 founders born on it; food 188; nearest founder 120 cells out, farthest 158, nominal gap 140)  occupancy/1k [8 37 12 27 23 20 14 17]  carry->nest     388  born    3 died   21 (starved   19)
                own trail: route pk    6 end    0 along +0.0000  B nest->food [1438,4245,7053,9861,8331]  blocked      264  kin swaps       0  ticks     26788  tumbles      9009 (homeward      407, 4.52%)  drops     760  DELIVERED   760  leg home n    2 med  1351 p90  1351 (laden n    2 med  1351 p90  1351)  appetite held         0 J of     17611  trips born-on-comb    2 (20 ants) / born-off    0 (3 ants)
                channel A: PEAK amt  47603 cells  139 (of 141 route)  POLARITY|| +0.08692 && +0.07942 SPAN +0.00174 edge   6.7  end nest->food [1172,1689,585,0,0]  nest   25  AtNest 14.14%
                Carrying: laden     44301  of which SPOIL     11144 ( 25.2%)
    DECISION CENSUS: 25190 decisions, reconciled against the rows and the engine's counters
      leg     setting          n  stepped    felllaunched swappedcrossingreversedblocked_roll_fairoll_fai no_body
      empty   pocket         748     8.3%   43.6%    0.0%    0.0%    0.0%    0.0%    1.5%   23.0%   23.7%    0.0%
      empty   corridor      2334    44.3%    3.7%    0.0%    0.0%    0.0%    0.0%    1.2%   26.0%   24.8%    0.0%
      empty   junction     11904    38.3%    5.9%    0.0%    0.0%    0.0%    0.0%    0.7%   27.7%   27.4%    0.0%
      empty   open          4300    35.4%    9.4%    0.0%    0.0%    0.0%    0.0%    0.0%   27.5%   27.7%    0.0%
      laden   pocket         228     3.1%   20.6%    0.0%    0.0%    0.0%    0.0%    0.0%   43.9%   32.5%    0.0%
      laden   corridor       887    19.4%    1.1%    0.0%    0.0%    0.0%    0.0%    0.2%   37.9%   41.4%    0.0%
      laden   junction      3220    15.3%    2.4%    0.0%    0.0%    0.0%    0.0%    0.3%   41.0%   41.0%    0.0%
      laden   open           338    43.2%    9.8%    0.0%    0.0%    0.0%    0.0%    0.0%   25.7%   21.3%    0.0%
      spoil   pocket         304    30.3%    3.9%    0.0%    0.0%    0.0%    0.0%   25.3%   19.1%   21.4%    0.0%
      spoil   corridor       106    49.1%    3.8%    0.0%    0.0%    0.0%    0.0%   14.2%   20.8%   12.3%    0.0%
      spoil   junction       633    51.2%    1.9%    0.0%    0.0%    0.0%    0.0%    4.9%   20.4%   21.6%    0.0%
      spoil   open           188    44.1%    1.1%    0.0%    0.0%    0.0%    0.0%    0.0%   25.0%   29.8%    0.0%
    DECISIONS: rows not written (decisionnorows)
  140   19 hmute    1/1         3887     2322        0    28039    10825    9/21        2         1 0 3 17 0
                A READ  ant-readable homeward along >= 0.02 on  59.4% of route-cell samples | FOODWARD  17.3% | plane lit on  84.9% | peak amt  47727 cells 139
                THE LOOP, ANT BY ANT:
                  0. lived                                     21    100.0% of prev    100.0% of all
                  1. reached the food                           9     42.9% of prev     42.9% of all
                  2. picked food up out there                   9    100.0% of prev     42.9% of all
                  3. turned for home with it                    8     88.9% of prev     38.1% of all
                  4. got back to the nest still holding it      2     25.0% of prev      9.5% of all
                  5. PUT IT DOWN there                          2    100.0% of prev      9.5% of all
                  6. went back out again                        2    100.0% of prev      9.5% of all
                  7. reached the food a SECOND time             0      0.0% of prev      0.0% of all
                RETURN LEDGER reached food    9 of   21 ants | came back    2 | trips laden    2 empty    0 | LOOPERS    2 of   21 ants (22.2% of those that reached food), repeat    0, most loops by one ant   1
                BY ANCHOR AT PICKUP  anchor ON nest material:    2 loops /    9 pickups ( 22.2%) | anchor OFF it:    0 /    0 (  0.0%)
                BY BIRTH SITE  born ON comb:   2 of   9 that reached food looped ( 22.2%) | born OFF comb:   0 of   0 (  0.0%)
                LEGS legs[1447,1717] laden[1447,1717]
                founded x   30..68   (nest cursor 48 MATERIAL x 26..70 20 of 21 founders born on it; food 188; nearest founder 120 cells out, farthest 158, nominal gap 140)  occupancy/1k [8 26 19 34 27 20 10 3]  carry->nest     734  born    1 died   20 (starved   20)
                own trail: route pk    0 end    0 along +0.0000  B nest->food [1438,4245,7053,9861,8331]  blocked      261  kin swaps       0  ticks     25190  tumbles      7621 (homeward      213, 2.79%)  drops     700  DELIVERED   700  leg home n    2 med  1717 p90  1717 (laden n    2 med  1717 p90  1717)  appetite held         0 J of     15575  trips born-on-comb    2 (20 ants) / born-off    0 (1 ants)
                channel A: PEAK amt  47727 cells  139 (of 141 route)  POLARITY|| +0.07560 && +0.06725 SPAN +0.00020 edge   5.1  end nest->food [491,1905,616,0,0]  nest   25  AtNest 13.70%
                Carrying: laden     35425  of which SPOIL      7386 ( 20.8%)
    DECISION CENSUS: 28853 decisions, reconciled against the rows and the engine's counters
      leg     setting          n  stepped    felllaunched swappedcrossingreversedblocked_roll_fairoll_fai no_body
      empty   pocket        3373     7.6%   13.0%    0.0%    0.0%    0.0%    0.0%    4.0%   36.5%   38.9%    0.0%
      empty   corridor      3241    44.7%    2.9%    0.0%    0.0%    0.0%    0.0%    0.6%   26.2%   25.6%    0.0%
      empty   junction     11779    40.9%    4.4%    0.0%    0.0%    0.0%    0.0%    1.0%   27.5%   26.2%    0.0%
      empty   open          2717    38.8%    8.9%    0.0%    0.0%    0.0%    0.0%    0.0%   25.5%   26.8%    0.0%
      laden   pocket        1065     0.8%    5.6%    0.0%    0.0%    0.0%    0.0%    0.3%   47.9%   45.4%    0.0%
      laden   corridor      1406     8.7%    0.8%    0.0%    0.0%    0.0%    0.0%    0.1%   48.2%   42.2%    0.0%
      laden   junction      2595    19.9%    1.8%    0.0%    0.0%    0.0%    0.0%    0.8%   38.5%   39.0%    0.0%
      laden   open           184    45.7%    4.9%    0.0%    0.0%    0.0%    0.0%    0.0%   23.9%   25.5%    0.0%
      spoil   pocket        1162    10.6%    1.4%    0.0%    0.0%    0.0%    0.0%    7.8%   38.5%   41.7%    0.0%
      spoil   corridor       369    40.7%    1.9%    0.0%    0.0%    0.0%    0.0%    3.8%   27.1%   26.6%    0.0%
      spoil   junction       840    48.1%    1.8%    0.0%    0.0%    0.0%    0.0%    3.7%   26.3%   20.1%    0.0%
      spoil   open           122    39.3%    5.7%    0.0%    0.0%    0.0%    0.0%    0.0%   33.6%   21.3%    0.0%
    DECISIONS: rows not written (decisionnorows)
  140   20 hmute    0/0         4593     2844    19050    31506     9030   10/21        2         2 2 3 14 0
                A READ  ant-readable homeward along >= 0.02 on  59.8% of route-cell samples | FOODWARD  18.8% | plane lit on  87.9% | peak amt  32330 cells 139
                THE LOOP, ANT BY ANT:
                  0. lived                                     21    100.0% of prev    100.0% of all
                  1. reached the food                          10     47.6% of prev     47.6% of all
                  2. picked food up out there                   9     90.0% of prev     42.9% of all
                  3. turned for home with it                    6     66.7% of prev     28.6% of all
                  4. got back to the nest still holding it      2     33.3% of prev      9.5% of all
                  5. PUT IT DOWN there                          2    100.0% of prev      9.5% of all
                  6. went back out again                        2    100.0% of prev      9.5% of all
                  7. reached the food a SECOND time             0      0.0% of prev      0.0% of all
                RETURN LEDGER reached food   10 of   21 ants | came back    2 | trips laden    2 empty    0 | LOOPERS    2 of   21 ants (20.0% of those that reached food), repeat    0, most loops by one ant   1
                BY ANCHOR AT PICKUP  anchor ON nest material:    2 loops /   10 pickups ( 20.0%) | anchor OFF it:    0 /    0 (  0.0%)
                BY BIRTH SITE  born ON comb:   2 of  10 that reached food looped ( 20.0%) | born OFF comb:   0 of   0 (  0.0%)
                LEGS legs[2185,2755] laden[2185,2755]
                founded x   30..68   (nest cursor 48 MATERIAL x 26..70 20 of 21 founders born on it; food 188; nearest founder 120 cells out, farthest 158, nominal gap 140)  occupancy/1k [16 36 13 31 33 16 20 4]  carry->nest     664  born    1 died   21 (starved   20)
                own trail: route pk    0 end    0 along +0.0000  B nest->food [1438,4245,7053,9861,8331]  blocked      439  kin swaps       0  ticks     28854  tumbles      9490 (homeward      441, 4.65%)  drops     553  DELIVERED   553  leg home n    2 med  2755 p90  2755 (laden n    2 med  2755 p90  2755)  appetite held         0 J of     17321  trips born-on-comb    2 (21 ants) / born-off    0 (0 ants)
                channel A: PEAK amt  32330 cells  139 (of 141 route)  POLARITY|| +0.08110 && +0.07214 SPAN -0.00047 edge   4.8  end nest->food [1202,3220,638,0,0]  nest   25  AtNest 12.10%
                Carrying: laden     46464  of which SPOIL     14958 ( 32.2%)
    DECISION CENSUS: 26217 decisions, reconciled against the rows and the engine's counters
      leg     setting          n  stepped    felllaunched swappedcrossingreversedblocked_roll_fairoll_fai no_body
      empty   pocket        2176     8.5%   15.2%    0.0%    0.0%    0.0%    0.0%    3.9%   34.5%   38.0%    0.0%
      empty   corridor      3456    45.2%    3.1%    0.0%    0.0%    0.0%    0.0%    0.6%   24.6%   26.6%    0.0%
      empty   junction     11386    38.6%    5.2%    0.0%    0.0%    0.0%    0.0%    0.5%   27.5%   28.1%    0.0%
      empty   open          2970    39.1%    9.2%    0.0%    0.0%    0.0%    0.0%    0.0%   26.6%   25.2%    0.0%
      laden   pocket        1183     0.7%    2.9%    0.0%    0.0%    0.0%    0.0%    0.6%   47.4%   48.4%    0.0%
      laden   corridor       631    19.2%    1.3%    0.0%    0.0%    0.0%    0.0%    1.0%   38.2%   40.4%    0.0%
      laden   junction      2411    15.1%    1.7%    0.0%    0.0%    0.0%    0.0%    0.4%   41.7%   41.1%    0.0%
      laden   open           156    53.8%    8.3%    0.0%    0.0%    0.0%    0.0%    0.0%   17.3%   20.5%    0.0%
      spoil   pocket         667    15.1%    2.2%    0.0%    0.0%    0.0%    0.0%   11.4%   35.2%   36.0%    0.0%
      spoil   corridor       456    38.8%    0.7%    0.0%    0.0%    0.0%    0.0%    2.0%   29.2%   29.4%    0.0%
      spoil   junction       598    41.1%    2.2%    0.0%    0.0%    0.0%    0.0%    5.2%   24.4%   27.1%    0.0%
      spoil   open           127    39.4%    3.1%    0.0%    0.0%    0.0%    0.0%    0.0%   26.8%   30.7%    0.0%
    DECISIONS: rows not written (decisionnorows)
  140   21 hmute    0/0         3439     2754    19386    26292     6966    9/20        1         2 0 3 15 0
                A READ  ant-readable homeward along >= 0.02 on  60.3% of route-cell samples | FOODWARD  16.0% | plane lit on  86.5% | peak amt  32585 cells 140
                THE LOOP, ANT BY ANT:
                  0. lived                                     20    100.0% of prev    100.0% of all
                  1. reached the food                           9     45.0% of prev     45.0% of all
                  2. picked food up out there                   7     77.8% of prev     35.0% of all
                  3. turned for home with it                    3     42.9% of prev     15.0% of all
                  4. got back to the nest still holding it      1     33.3% of prev      5.0% of all
                  5. PUT IT DOWN there                          1    100.0% of prev      5.0% of all
                  6. went back out again                        0      0.0% of prev      0.0% of all
                  7. reached the food a SECOND time             0      0.0% of prev      0.0% of all
                RETURN LEDGER reached food    9 of   20 ants | came back    1 | trips laden    1 empty    0 | LOOPERS    1 of   20 ants (11.1% of those that reached food), repeat    0, most loops by one ant   1
                BY ANCHOR AT PICKUP  anchor ON nest material:    1 loops /    8 pickups ( 12.5%) | anchor OFF it:    0 /    0 (  0.0%)
                BY BIRTH SITE  born ON comb:   1 of   9 that reached food looped ( 11.1%) | born OFF comb:   0 of   0 (  0.0%)
                LEGS legs[1861] laden[1861]
                founded x   30..68   (nest cursor 48 MATERIAL x 26..70 20 of 20 founders born on it; food 188; nearest founder 120 cells out, farthest 158, nominal gap 140)  occupancy/1k [11 29 21 16 28 28 14 5]  carry->nest     505  born    0 died   20 (starved   19)
                own trail: route pk    0 end    0 along +0.0000  B nest->food [1438,4245,7053,9861,8331]  blocked      303  kin swaps       0  ticks     26218  tumbles      8204 (homeward      387, 4.72%)  drops     510  DELIVERED   510  leg home n    1 med  1861 p90  1861 (laden n    1 med  1861 p90  1861)  appetite held         0 J of     14480  trips born-on-comb    1 (20 ants) / born-off    0 (0 ants)
                channel A: PEAK amt  32585 cells  140 (of 141 route)  POLARITY|| +0.07721 && +0.06907 SPAN +0.00000 edge   4.7  end nest->food [740,1592,355,0,0]  nest   25  AtNest 13.65%
                Carrying: laden     37380  of which SPOIL     13026 ( 34.8%)
    DECISION CENSUS: 28842 decisions, reconciled against the rows and the engine's counters
      leg     setting          n  stepped    felllaunched swappedcrossingreversedblocked_roll_fairoll_fai no_body
      empty   pocket        1576     4.4%   17.4%    0.0%    0.0%    0.0%    0.0%    1.7%   37.2%   39.1%    0.0%
      empty   corridor      3895    32.0%    2.5%    0.0%    0.0%    0.0%    0.0%    0.5%   32.6%   32.3%    0.0%
      empty   junction     11860    35.3%    4.6%    0.0%    0.0%    0.0%    0.0%    0.5%   30.4%   29.2%    0.0%
      empty   open          3098    37.6%    8.5%    0.0%    0.0%    0.0%    0.0%    0.0%   26.7%   27.2%    0.0%
      laden   pocket        1484     0.5%    3.9%    0.0%    0.0%    0.0%    0.0%    0.3%   46.8%   48.6%    0.0%
      laden   corridor      1911     7.8%    0.5%    0.0%    0.0%    0.0%    0.0%    0.2%   45.5%   46.0%    0.0%
      laden   junction      2930    14.5%    1.2%    0.0%    0.0%    0.0%    0.0%    0.1%   43.0%   41.1%    0.0%
      laden   open           234    32.9%    9.4%    0.0%    0.0%    0.0%    0.0%    0.0%   24.8%   32.9%    0.0%
      spoil   pocket         493     9.3%    1.8%    0.0%    0.0%    0.0%    0.0%    8.5%   36.7%   43.6%    0.0%
      spoil   corridor       621    11.8%    0.5%    0.0%    0.0%    0.0%    0.0%    0.8%   42.0%   44.9%    0.0%
      spoil   junction       642    36.3%    0.9%    0.0%    0.0%    0.0%    0.0%    3.3%   31.5%   28.0%    0.0%
      spoil   open            98    46.9%    2.0%    0.0%    0.0%    0.0%    0.0%    0.0%   26.5%   24.5%    0.0%
    DECISIONS: rows not written (decisionnorows)
  140   22 hmute    3/3         5373     2346        0    39354    21948    8/21        3         1 0 6 14 0
                A READ  ant-readable homeward along >= 0.02 on  61.6% of route-cell samples | FOODWARD  15.2% | plane lit on  84.7% | peak amt  29853 cells 139
                THE LOOP, ANT BY ANT:
                  0. lived                                     21    100.0% of prev    100.0% of all
                  1. reached the food                           8     38.1% of prev     38.1% of all
                  2. picked food up out there                   7     87.5% of prev     33.3% of all
                  3. turned for home with it                    6     85.7% of prev     28.6% of all
                  4. got back to the nest still holding it      3     50.0% of prev     14.3% of all
                  5. PUT IT DOWN there                          3    100.0% of prev     14.3% of all
                  6. went back out again                        2     66.7% of prev      9.5% of all
                  7. reached the food a SECOND time             0      0.0% of prev      0.0% of all
                RETURN LEDGER reached food    8 of   21 ants | came back    3 | trips laden    2 empty    1 | LOOPERS    2 of   21 ants (25.0% of those that reached food), repeat    0, most loops by one ant   1
                BY ANCHOR AT PICKUP  anchor ON nest material:    2 loops /    7 pickups ( 28.6%) | anchor OFF it:    0 /    0 (  0.0%)
                BY BIRTH SITE  born ON comb:   2 of   8 that reached food looped ( 25.0%) | born OFF comb:   0 of   0 (  0.0%)
                LEGS legs[1153,3625,9601] laden[1153,3625]
                founded x   30..68   (nest cursor 48 MATERIAL x 26..70 20 of 21 founders born on it; food 188; nearest founder 120 cells out, farthest 158, nominal gap 140)  occupancy/1k [32 36 18 23 31 17 10 2]  carry->nest     529  born    1 died   18 (starved   17)
                own trail: route pk    0 end    0 along +0.0000  B nest->food [1438,4245,7053,9861,8331]  blocked      188  kin swaps       0  ticks     28843  tumbles     10031 (homeward      611, 6.09%)  drops    1116  DELIVERED  1116  leg home n    3 med  3625 p90  9601 (laden n    2 med  3625 p90  3625)  appetite held         0 J of     21826  trips born-on-comb    3 (20 ants) / born-off    0 (1 ants)
                channel A: PEAK amt  29853 cells  139 (of 141 route)  POLARITY|| +0.08745 && +0.07973 SPAN +0.00275 edge   5.2  end nest->food [2018,2880,574,0,0]  nest   25  AtNest 20.28%
                Carrying: laden     50484  of which SPOIL     11406 ( 22.6%)
    DECISION CENSUS: 21166 decisions, reconciled against the rows and the engine's counters
      leg     setting          n  stepped    felllaunched swappedcrossingreversedblocked_roll_fairoll_fai no_body
      empty   pocket        1316     8.6%   26.1%    0.0%    0.0%    0.0%    0.0%    3.6%   29.6%   32.1%    0.0%
      empty   corridor      3074    38.8%    3.3%    0.0%    0.0%    0.0%    0.0%    1.0%   29.4%   27.4%    0.0%
      empty   junction      9955    40.9%    5.3%    0.0%    0.0%    0.0%    0.0%    0.7%   26.8%   26.3%    0.0%
      empty   open          2498    41.6%    8.7%    0.0%    0.0%    0.0%    0.0%    0.0%   25.7%   24.1%    0.0%
      laden   pocket         643     2.6%    7.2%    0.0%    0.0%    0.0%    0.0%    1.6%   43.5%   45.1%    0.0%
      laden   corridor       512    20.9%    2.7%    0.0%    0.0%    0.0%    0.0%    1.0%   37.5%   37.9%    0.0%
      laden   junction       990    36.8%    4.9%    0.0%    0.0%    0.0%    0.0%    0.6%   29.5%   28.2%    0.0%
      laden   open           177    58.2%    7.3%    0.0%    0.0%    0.0%    0.0%    0.0%   22.0%   12.4%    0.0%
      spoil   pocket         627    10.4%    4.1%    0.0%    0.0%    0.0%    0.0%    8.1%   40.8%   36.5%    0.0%
      spoil   corridor       463    40.2%    1.3%    0.0%    0.0%    0.0%    0.0%    3.7%   28.3%   26.6%    0.0%
      spoil   junction       770    44.9%    1.4%    0.0%    0.0%    0.0%    0.0%    4.2%   25.1%   24.4%    0.0%
      spoil   open           141    46.1%    0.7%    0.0%    0.0%    0.0%    0.0%    0.0%   24.1%   29.1%    0.0%
    DECISIONS: rows not written (decisionnorows)
  140   23 hmute    0/0         1824     2784    11274    13932       72    6/20        1         1 1 2 16 0
                A READ  ant-readable homeward along >= 0.02 on  55.8% of route-cell samples | FOODWARD  17.3% | plane lit on  84.4% | peak amt  33475 cells 139
                THE LOOP, ANT BY ANT:
                  0. lived                                     20    100.0% of prev    100.0% of all
                  1. reached the food                           6     30.0% of prev     30.0% of all
                  2. picked food up out there                   6    100.0% of prev     30.0% of all
                  3. turned for home with it                    6    100.0% of prev     30.0% of all
                  4. got back to the nest still holding it      1     16.7% of prev      5.0% of all
                  5. PUT IT DOWN there                          1    100.0% of prev      5.0% of all
                  6. went back out again                        1    100.0% of prev      5.0% of all
                  7. reached the food a SECOND time             0      0.0% of prev      0.0% of all
                RETURN LEDGER reached food    6 of   20 ants | came back    1 | trips laden    1 empty    0 | LOOPERS    1 of   20 ants (16.7% of those that reached food), repeat    0, most loops by one ant   1
                BY ANCHOR AT PICKUP  anchor ON nest material:    1 loops /    6 pickups ( 16.7%) | anchor OFF it:    0 /    0 (  0.0%)
                BY BIRTH SITE  born ON comb:   1 of   6 that reached food looped ( 16.7%) | born OFF comb:   0 of   0 (  0.0%)
                LEGS legs[1615] laden[1615]
                founded x   30..68   (nest cursor 48 MATERIAL x 26..70 20 of 20 founders born on it; food 188; nearest founder 120 cells out, farthest 158, nominal gap 140)  occupancy/1k [10 18 12 23 31 20 7 2]  carry->nest     503  born    0 died   20 (starved   20)
                own trail: route pk    0 end    0 along +0.0000  B nest->food [1438,4245,7053,9861,8331]  blocked      269  kin swaps       0  ticks     21166  tumbles      6284 (homeward      207, 3.29%)  drops       0  DELIVERED     0  leg home n    1 med  1615 p90  1615 (laden n    1 med  1615 p90  1615)  appetite held         0 J of      7680  trips born-on-comb    1 (20 ants) / born-off    0 (0 ants)
                channel A: PEAK amt  33475 cells  139 (of 141 route)  POLARITY|| +0.08126 && +0.07314 SPAN +0.00074 edge   5.3  end nest->food [874,2040,570,0,0]  nest   25  AtNest  6.27%
                Carrying: laden     25938  of which SPOIL     12006 ( 46.3%)
    DECISION CENSUS: 24031 decisions, reconciled against the rows and the engine's counters
      leg     setting          n  stepped    felllaunched swappedcrossingreversedblocked_roll_fairoll_fai no_body
      empty   pocket        1023    11.2%   29.4%    0.0%    0.0%    0.0%    0.0%    4.3%   25.5%   29.5%    0.0%
      empty   corridor      3013    40.0%    2.6%    0.0%    0.0%    0.0%    0.0%    0.9%   28.5%   28.0%    0.0%
      empty   junction     11674    38.2%    4.8%    0.0%    0.0%    0.0%    0.0%    0.7%   27.7%   28.6%    0.0%
      empty   open          3278    36.0%   10.1%    0.0%    0.0%    0.0%    0.0%    0.0%   27.7%   26.2%    0.0%
      laden   pocket        1014     0.7%    5.3%    0.0%    0.0%    0.0%    0.0%    0.3%   46.4%   47.3%    0.0%
      laden   corridor       996    14.1%    0.5%    0.0%    0.0%    0.0%    0.0%    0.3%   41.1%   44.1%    0.0%
      laden   junction      1612    20.8%    1.7%    0.0%    0.0%    0.0%    0.0%    0.8%   38.8%   37.9%    0.0%
      laden   open            49    55.1%    8.2%    0.0%    0.0%    0.0%    0.0%    0.0%   22.4%   14.3%    0.0%
      spoil   pocket         500     7.0%    1.4%    0.0%    0.0%    0.0%    0.0%    6.4%   40.8%   44.4%    0.0%
      spoil   corridor       188    37.2%    0.5%    0.0%    0.0%    0.0%    0.0%    8.5%   28.2%   25.5%    0.0%
      spoil   junction       571    42.6%    2.3%    0.0%    0.0%    0.0%    0.0%    2.8%   27.0%   25.4%    0.0%
      spoil   open           113    46.0%    3.5%    0.0%    0.0%    0.0%    0.0%    0.0%   23.9%   26.5%    0.0%
    DECISIONS: rows not written (decisionnorows)
  140   24 hmute    1/1         2884     3360        0    22027        0    5/20        0         2 0 8 10 0
                A READ  ant-readable homeward along >= 0.02 on  57.8% of route-cell samples | FOODWARD  17.3% | plane lit on  86.3% | peak amt  37667 cells 138
                THE LOOP, ANT BY ANT:
                  0. lived                                     20    100.0% of prev    100.0% of all
                  1. reached the food                           5     25.0% of prev     25.0% of all
                  2. picked food up out there                   5    100.0% of prev     25.0% of all
                  3. turned for home with it                    2     40.0% of prev     10.0% of all
                  4. got back to the nest still holding it      0      0.0% of prev      0.0% of all
                  5. PUT IT DOWN there                          0      0.0% of prev      0.0% of all
                  6. went back out again                        0      0.0% of prev      0.0% of all
                  7. reached the food a SECOND time             0      0.0% of prev      0.0% of all
                RETURN LEDGER reached food    5 of   20 ants | came back    0 | trips laden    0 empty    0 | LOOPERS    0 of   20 ants ( 0.0% of those that reached food), repeat    0, most loops by one ant   0
                BY ANCHOR AT PICKUP  anchor ON nest material:    0 loops /   10 pickups (  0.0%) | anchor OFF it:    0 /    0 (  0.0%)
                BY BIRTH SITE  born ON comb:   0 of   5 that reached food looped (  0.0%) | born OFF comb:   0 of   0 (  0.0%)
                founded x   30..68   (nest cursor 48 MATERIAL x 26..70 20 of 20 founders born on it; food 188; nearest founder 120 cells out, farthest 158, nominal gap 140)  occupancy/1k [7 10 10 24 22 30 32 5]  carry->nest     474  born    0 died   19 (starved   16)
                own trail: route pk    0 end    0 along +0.0000  B nest->food [1438,4245,7053,9861,8331]  blocked      237  kin swaps       0  ticks     24034  tumbles      7448 (homeward      382, 5.13%)  drops       0  DELIVERED     0  leg home n    0 med     0 p90     0 (laden n    0 med     0 p90     0)  appetite held         0 J of     12144  trips born-on-comb    0 (20 ants) / born-off    0 (0 ants)
                channel A: PEAK amt  37667 cells  138 (of 141 route)  POLARITY|| +0.07574 && +0.06865 SPAN +0.00131 edge   6.6  end nest->food [456,1046,353,0,0]  nest   25  AtNest  5.02%
                Carrying: laden     30259  of which SPOIL      8232 ( 27.2%)
    DECISION CENSUS: 14677 decisions, reconciled against the rows and the engine's counters
      leg     setting          n  stepped    felllaunched swappedcrossingreversedblocked_roll_fairoll_fai no_body
      empty   pocket        1224    13.1%   11.9%    0.0%    0.0%    0.0%    0.0%    8.1%   32.3%   34.6%    0.0%
      empty   corridor      2772    44.6%    2.2%    0.0%    0.0%    0.0%    0.0%    0.4%   26.3%   26.5%    0.0%
      empty   junction      6080    39.1%    5.4%    0.0%    0.0%    0.0%    0.0%    0.5%   28.0%   26.9%    0.0%
      empty   open          2002    34.8%    8.4%    0.0%    0.0%    0.0%    0.0%    0.0%   29.0%   27.9%    0.0%
      spoil   pocket         925    20.0%    0.2%    0.0%    0.0%    0.0%    0.0%   15.8%   31.7%   32.3%    0.0%
      spoil   corridor      1167    48.5%    0.0%    0.0%    0.0%    0.0%    0.0%    0.9%   24.7%   25.9%    0.0%
      spoil   junction       440    41.8%    1.8%    0.0%    0.0%    0.0%    0.0%    4.1%   26.4%   25.9%    0.0%
      spoil   open            67    52.2%    4.5%    0.0%    0.0%    0.0%    0.0%    0.0%   26.9%   16.4%    0.0%
    DECISIONS: rows not written (decisionnorows)
  200    1 hmute    0/0            0        0     5352        0        0    0/20        0          5 7 8 0 0
                A READ  ant-readable homeward along >= 0.02 on  38.0% of route-cell samples | FOODWARD  10.5% | plane lit on  52.3% | peak amt  36550 cells 151
                THE LOOP, ANT BY ANT:
                  0. lived                                     20    100.0% of prev    100.0% of all
                  1. reached the food                           0      0.0% of prev      0.0% of all
                  2. picked food up out there                   0      0.0% of prev      0.0% of all
                  3. turned for home with it                    0      0.0% of prev      0.0% of all
                  4. got back to the nest still holding it      0      0.0% of prev      0.0% of all
                  5. PUT IT DOWN there                          0      0.0% of prev      0.0% of all
                  6. went back out again                        0      0.0% of prev      0.0% of all
                  7. reached the food a SECOND time             0      0.0% of prev      0.0% of all
                RETURN LEDGER reached food    0 of   20 ants | came back    0 | trips laden    0 empty    0 | LOOPERS    0 of   20 ants ( 0.0% of those that reached food), repeat    0, most loops by one ant   0
                BY ANCHOR AT PICKUP  anchor ON nest material:    0 loops /    0 pickups (  0.0%) | anchor OFF it:    0 /    0 (  0.0%)
                BY BIRTH SITE  born ON comb:   0 of   0 that reached food looped (  0.0%) | born OFF comb:   0 of   0 (  0.0%)
                founded x   30..68   (nest cursor 48 MATERIAL x 26..70 20 of 20 founders born on it; food 248; nearest founder 180 cells out, farthest 218, nominal gap 200)  occupancy/1k [29 16 20 13 5 1 0 0]  carry->nest       0  born    0 died   20 (starved   20)
                own trail: route pk    0 end    0 along +0.0000  B nest->food [1040,3947,6854,9762,8347]  blocked      317  kin swaps       0  ticks     14677  tumbles      4439 (homeward        0, 0.00%)  drops       0  DELIVERED     0  leg home n    0 med     0 p90     0 (laden n    0 med     0 p90     0)  appetite held         0 J of         0  trips born-on-comb    0 (20 ants) / born-off    0 (0 ants)
                channel A: PEAK amt  36550 cells  151 (of 201 route)  POLARITY|| +0.10111 && +0.09363 SPAN +0.00255 edge   6.0  end nest->food [1372,838,0,0,0]  nest   25  AtNest  6.77%
                Carrying: laden     15594  of which SPOIL     15594 (100.0%)
    DECISION CENSUS: 16348 decisions, reconciled against the rows and the engine's counters
      leg     setting          n  stepped    felllaunched swappedcrossingreversedblocked_roll_fairoll_fai no_body
      empty   pocket        2178     3.3%    7.2%    0.0%    0.0%    0.0%    0.0%    1.9%   43.8%   43.8%    0.0%
      empty   corridor      3441    50.2%    1.6%    0.0%    0.0%    0.0%    0.0%    0.1%   23.5%   24.6%    0.0%
      empty   junction      6621    41.2%    6.3%    0.0%    0.0%    0.0%    0.0%    0.5%   25.5%   26.6%    0.0%
      empty   open          2512    33.5%    9.7%    0.0%    0.0%    0.0%    0.0%    0.0%   28.8%   28.0%    0.0%
      laden   pocket           4     0.0%   25.0%    0.0%    0.0%    0.0%    0.0%    0.0%   75.0%    0.0%    0.0%
      laden   corridor       248    18.5%    0.0%    0.0%    0.0%    0.0%    0.0%    0.0%   42.3%   39.1%    0.0%
      laden   junction        38    50.0%    2.6%    0.0%    0.0%    0.0%    0.0%    0.0%   23.7%   23.7%    0.0%
      spoil   pocket         434     8.1%    1.2%    0.0%    0.0%    0.0%    0.0%    6.2%   44.0%   40.6%    0.0%
      spoil   corridor       345    45.5%    0.0%    0.0%    0.0%    0.0%    0.0%    2.0%   26.4%   26.1%    0.0%
      spoil   junction       427    39.8%    0.9%    0.0%    0.0%    0.0%    0.0%    5.4%   31.4%   22.5%    0.0%
      spoil   open           100    42.0%    3.0%    0.0%    0.0%    0.0%    0.0%    0.0%   26.0%   29.0%    0.0%
    DECISIONS: rows not written (decisionnorows)
  200    2 hmute    0/0          228     3216     7680     1740        0    2/20        0         3 5 10 2 0
                A READ  ant-readable homeward along >= 0.02 on  44.3% of route-cell samples | FOODWARD  10.7% | plane lit on  62.4% | peak amt  35407 cells 196
                THE LOOP, ANT BY ANT:
                  0. lived                                     20    100.0% of prev    100.0% of all
                  1. reached the food                           2     10.0% of prev     10.0% of all
                  2. picked food up out there                   1     50.0% of prev      5.0% of all
                  3. turned for home with it                    0      0.0% of prev      0.0% of all
                  4. got back to the nest still holding it      0      0.0% of prev      0.0% of all
                  5. PUT IT DOWN there                          0      0.0% of prev      0.0% of all
                  6. went back out again                        0      0.0% of prev      0.0% of all
                  7. reached the food a SECOND time             0      0.0% of prev      0.0% of all
                RETURN LEDGER reached food    2 of   20 ants | came back    0 | trips laden    0 empty    0 | LOOPERS    0 of   20 ants ( 0.0% of those that reached food), repeat    0, most loops by one ant   0
                BY ANCHOR AT PICKUP  anchor ON nest material:    0 loops /    1 pickups (  0.0%) | anchor OFF it:    0 /    0 (  0.0%)
                BY BIRTH SITE  born ON comb:   0 of   2 that reached food looped (  0.0%) | born OFF comb:   0 of   0 (  0.0%)
                founded x   30..68   (nest cursor 48 MATERIAL x 26..70 20 of 20 founders born on it; food 248; nearest founder 180 cells out, farthest 218, nominal gap 200)  occupancy/1k [30 10 17 19 8 5 5 0]  carry->nest      64  born    0 died   20 (starved   20)
                own trail: route pk    0 end    0 along +0.0000  B nest->food [1040,3947,6854,9762,8347]  blocked      132  kin swaps       0  ticks     16348  tumbles      4865 (homeward       20, 0.41%)  drops       0  DELIVERED     0  leg home n    0 med     0 p90     0 (laden n    0 med     0 p90     0)  appetite held         0 J of       960  trips born-on-comb    0 (20 ants) / born-off    0 (0 ants)
                channel A: PEAK amt  35407 cells  196 (of 201 route)  POLARITY|| +0.08591 && +0.07945 SPAN +0.00225 edge   6.1  end nest->food [1008,407,0,0,0]  nest   25  AtNest  7.43%
                Carrying: laden      9576  of which SPOIL      7836 ( 81.8%)
    DECISION CENSUS: 16060 decisions, reconciled against the rows and the engine's counters
      leg     setting          n  stepped    felllaunched swappedcrossingreversedblocked_roll_fairoll_fai no_body
      empty   pocket        1268     5.9%   14.4%    0.0%    0.0%    0.0%    0.0%    2.7%   40.3%   36.7%    0.0%
      empty   corridor      2776    53.5%    2.8%    0.0%    0.0%    0.0%    0.0%    0.1%   21.0%   22.7%    0.0%
      empty   junction      7224    40.3%    6.7%    0.0%    0.0%    0.0%    0.0%    0.4%   27.0%   25.6%    0.0%
      empty   open          2557    36.3%    9.3%    0.0%    0.0%    0.0%    0.0%    0.0%   27.3%   27.0%    0.0%
      laden   pocket          22     9.1%   50.0%    0.0%    0.0%    0.0%    0.0%    0.0%   13.6%   27.3%    0.0%
      laden   corridor       326    50.6%    0.3%    0.0%    0.0%    0.0%    0.0%    0.6%   21.2%   27.3%    0.0%
      laden   junction       212    49.5%    4.7%    0.0%    0.0%    0.0%    0.0%    0.5%   23.6%   21.7%    0.0%
      laden   open            20    50.0%   25.0%    0.0%    0.0%    0.0%    0.0%    0.0%   10.0%   15.0%    0.0%
      spoil   pocket         985    15.6%    1.3%    0.0%    0.0%    0.0%    0.0%   10.8%   34.2%   38.1%    0.0%
      spoil   corridor       229    57.6%    0.4%    0.0%    0.0%    0.0%    0.0%    2.6%   18.8%   20.5%    0.0%
      spoil   junction       343    41.1%    1.2%    0.0%    0.0%    0.0%    0.0%    5.2%   27.1%   25.4%    0.0%
      spoil   open            98    38.8%    3.1%    0.0%    0.0%    0.0%    0.0%    0.0%   26.5%   31.6%    0.0%
    DECISIONS: rows not written (decisionnorows)
  200    3 hmute    0/0          456     2946     6876     3480        0    2/20        0          2 4 8 6 0
                A READ  ant-readable homeward along >= 0.02 on  43.5% of route-cell samples | FOODWARD  12.5% | plane lit on  62.5% | peak amt  34500 cells 197
                THE LOOP, ANT BY ANT:
                  0. lived                                     20    100.0% of prev    100.0% of all
                  1. reached the food                           2     10.0% of prev     10.0% of all
                  2. picked food up out there                   2    100.0% of prev     10.0% of all
                  3. turned for home with it                    2    100.0% of prev     10.0% of all
                  4. got back to the nest still holding it      0      0.0% of prev      0.0% of all
                  5. PUT IT DOWN there                          0      0.0% of prev      0.0% of all
                  6. went back out again                        0      0.0% of prev      0.0% of all
                  7. reached the food a SECOND time             0      0.0% of prev      0.0% of all
                RETURN LEDGER reached food    2 of   20 ants | came back    0 | trips laden    0 empty    0 | LOOPERS    0 of   20 ants ( 0.0% of those that reached food), repeat    0, most loops by one ant   0
                BY ANCHOR AT PICKUP  anchor ON nest material:    0 loops /    2 pickups (  0.0%) | anchor OFF it:    0 /    0 (  0.0%)
                BY BIRTH SITE  born ON comb:   0 of   2 that reached food looped (  0.0%) | born OFF comb:   0 of   0 (  0.0%)
                founded x   30..68   (nest cursor 48 MATERIAL x 26..70 20 of 20 founders born on it; food 248; nearest founder 180 cells out, farthest 218, nominal gap 200)  occupancy/1k [20 11 29 17 9 4 2 0]  carry->nest     274  born    0 died   20 (starved   19)
                own trail: route pk    0 end    0 along +0.0000  B nest->food [1040,3947,6854,9762,8347]  blocked      201  kin swaps       0  ticks     16061  tumbles      4568 (homeward       19, 0.42%)  drops       0  DELIVERED     0  leg home n    0 med     0 p90     0 (laden n    0 med     0 p90     0)  appetite held         0 J of      1920  trips born-on-comb    0 (20 ants) / born-off    0 (0 ants)
                channel A: PEAK amt  34500 cells  197 (of 201 route)  POLARITY|| +0.08153 && +0.07547 SPAN +0.00313 edge   5.9  end nest->food [767,501,0,0,0]  nest   25  AtNest  4.83%
                Carrying: laden     13410  of which SPOIL      9930 ( 74.0%)
    DECISION CENSUS: 15836 decisions, reconciled against the rows and the engine's counters
      leg     setting          n  stepped    felllaunched swappedcrossingreversedblocked_roll_fairoll_fai no_body
      empty   pocket        1920     3.9%    8.1%    0.0%    0.0%    0.0%    0.0%    1.9%   43.9%   42.2%    0.0%
      empty   corridor      3356    42.8%    1.3%    0.0%    0.0%    0.0%    0.0%    0.2%   29.7%   26.0%    0.0%
      empty   junction      6033    41.8%    6.0%    0.0%    0.0%    0.0%    0.0%    0.4%   25.7%   26.2%    0.0%
      empty   open          1717    35.7%    9.1%    0.0%    0.0%    0.0%    0.0%    0.0%   27.8%   27.4%    0.0%
      spoil   pocket        1665    12.1%    0.1%    0.0%    0.0%    0.0%    0.0%    9.0%   39.8%   39.1%    0.0%
      spoil   corridor       724    41.6%    0.0%    0.0%    0.0%    0.0%    0.0%    0.7%   29.7%   28.0%    0.0%
      spoil   junction       335    40.9%    1.5%    0.0%    0.0%    0.0%    0.0%    2.4%   28.4%   26.9%    0.0%
      spoil   open            86    43.0%    7.0%    0.0%    0.0%    0.0%    0.0%    0.0%   23.3%   26.7%    0.0%
    DECISIONS: rows not written (decisionnorows)
  200    4 hmute    0/0            0        0     6732        0        0    0/20        0          4 5 8 3 0
                A READ  ant-readable homeward along >= 0.02 on  42.1% of route-cell samples | FOODWARD   9.8% | plane lit on  56.2% | peak amt  35346 cells 166
                THE LOOP, ANT BY ANT:
                  0. lived                                     20    100.0% of prev    100.0% of all
                  1. reached the food                           0      0.0% of prev      0.0% of all
                  2. picked food up out there                   0      0.0% of prev      0.0% of all
                  3. turned for home with it                    0      0.0% of prev      0.0% of all
                  4. got back to the nest still holding it      0      0.0% of prev      0.0% of all
                  5. PUT IT DOWN there                          0      0.0% of prev      0.0% of all
                  6. went back out again                        0      0.0% of prev      0.0% of all
                  7. reached the food a SECOND time             0      0.0% of prev      0.0% of all
                RETURN LEDGER reached food    0 of   20 ants | came back    0 | trips laden    0 empty    0 | LOOPERS    0 of   20 ants ( 0.0% of those that reached food), repeat    0, most loops by one ant   0
                BY ANCHOR AT PICKUP  anchor ON nest material:    0 loops /    0 pickups (  0.0%) | anchor OFF it:    0 /    0 (  0.0%)
                BY BIRTH SITE  born ON comb:   0 of   0 that reached food looped (  0.0%) | born OFF comb:   0 of   0 (  0.0%)
                founded x   30..68   (nest cursor 48 MATERIAL x 26..70 20 of 20 founders born on it; food 248; nearest founder 180 cells out, farthest 218, nominal gap 200)  occupancy/1k [38 11 20 10 10 2 0 0]  carry->nest       0  born    0 died   20 (starved   20)
                own trail: route pk    0 end    0 along +0.0000  B nest->food [1040,3947,6854,9762,8347]  blocked      229  kin swaps       0  ticks     15836  tumbles      5087 (homeward        0, 0.00%)  drops       0  DELIVERED     0  leg home n    0 med     0 p90     0 (laden n    0 med     0 p90     0)  appetite held         0 J of         0  trips born-on-comb    0 (20 ants) / born-off    0 (0 ants)
                channel A: PEAK amt  35346 cells  166 (of 201 route)  POLARITY|| +0.09851 && +0.09286 SPAN +0.00516 edge   6.0  end nest->food [1502,751,0,0,0]  nest   25  AtNest  9.58%
                Carrying: laden     16860  of which SPOIL     16860 (100.0%)
    DECISION CENSUS: 14508 decisions, reconciled against the rows and the engine's counters
      leg     setting          n  stepped    felllaunched swappedcrossingreversedblocked_roll_fairoll_fai no_body
      empty   pocket        1421     9.1%   13.7%    0.0%    0.0%    0.0%    0.0%    4.8%   35.5%   36.9%    0.0%
      empty   corridor      3016    49.7%    2.2%    0.0%    0.0%    0.0%    0.0%    0.4%   22.8%   25.0%    0.0%
      empty   junction      6226    42.2%    5.7%    0.0%    0.0%    0.0%    0.0%    0.6%   26.2%   25.3%    0.0%
      empty   open          2420    34.6%    8.5%    0.0%    0.0%    0.0%    0.0%    0.0%   29.3%   27.6%    0.0%
      spoil   pocket         645     9.0%    0.8%    0.0%    0.0%    0.0%    0.0%    8.4%   38.3%   43.6%    0.0%
      spoil   corridor       308    41.2%    0.3%    0.0%    0.0%    0.0%    0.0%    1.0%   33.8%   23.7%    0.0%
      spoil   junction       367    46.6%    0.8%    0.0%    0.0%    0.0%    0.0%    4.6%   25.1%   22.9%    0.0%
      spoil   open           105    37.1%    7.6%    0.0%    0.0%    0.0%    0.0%    0.0%   28.6%   26.7%    0.0%
    DECISIONS: rows not written (decisionnorows)
  200    5 hmute    0/0            0        0     5496        0        0    0/20        0         1 7 10 2 0
                A READ  ant-readable homeward along >= 0.02 on  44.8% of route-cell samples | FOODWARD  10.8% | plane lit on  58.7% | peak amt  35786 cells 191
                THE LOOP, ANT BY ANT:
                  0. lived                                     20    100.0% of prev    100.0% of all
                  1. reached the food                           0      0.0% of prev      0.0% of all
                  2. picked food up out there                   0      0.0% of prev      0.0% of all
                  3. turned for home with it                    0      0.0% of prev      0.0% of all
                  4. got back to the nest still holding it      0      0.0% of prev      0.0% of all
                  5. PUT IT DOWN there                          0      0.0% of prev      0.0% of all
                  6. went back out again                        0      0.0% of prev      0.0% of all
                  7. reached the food a SECOND time             0      0.0% of prev      0.0% of all
                RETURN LEDGER reached food    0 of   20 ants | came back    0 | trips laden    0 empty    0 | LOOPERS    0 of   20 ants ( 0.0% of those that reached food), repeat    0, most loops by one ant   0
                BY ANCHOR AT PICKUP  anchor ON nest material:    0 loops /    0 pickups (  0.0%) | anchor OFF it:    0 /    0 (  0.0%)
                BY BIRTH SITE  born ON comb:   0 of   0 that reached food looped (  0.0%) | born OFF comb:   0 of   0 (  0.0%)
                founded x   30..68   (nest cursor 48 MATERIAL x 26..70 20 of 20 founders born on it; food 248; nearest founder 180 cells out, farthest 218, nominal gap 200)  occupancy/1k [20 17 18 18 9 2 0 0]  carry->nest       0  born    0 died   20 (starved   19)
                own trail: route pk    0 end    0 along +0.0000  B nest->food [1040,3947,6854,9762,8347]  blocked      193  kin swaps       0  ticks     14509  tumbles      4198 (homeward        0, 0.00%)  drops       0  DELIVERED     0  leg home n    0 med     0 p90     0 (laden n    0 med     0 p90     0)  appetite held         0 J of         0  trips born-on-comb    0 (20 ants) / born-off    0 (0 ants)
                channel A: PEAK amt  35786 cells  191 (of 201 route)  POLARITY|| +0.08507 && +0.07860 SPAN +0.00337 edge   6.5  end nest->food [888,788,0,0,0]  nest   25  AtNest  5.47%
                Carrying: laden      8550  of which SPOIL      8550 (100.0%)
    DECISION CENSUS: 15061 decisions, reconciled against the rows and the engine's counters
      leg     setting          n  stepped    felllaunched swappedcrossingreversedblocked_roll_fairoll_fai no_body
      empty   pocket        1956     6.1%   10.3%    0.0%    0.0%    0.0%    0.0%    3.8%   39.1%   40.6%    0.0%
      empty   corridor      3465    49.0%    1.9%    0.0%    0.0%    0.0%    0.0%    0.3%   23.9%   24.9%    0.0%
      empty   junction      6029    40.7%    6.3%    0.0%    0.0%    0.0%    0.0%    0.6%   26.0%   26.4%    0.0%
      empty   open          1999    40.1%    8.3%    0.0%    0.0%    0.0%    0.0%    0.0%   27.0%   24.6%    0.0%
      spoil   pocket         567     8.3%    1.8%    0.0%    0.0%    0.0%    0.0%    7.9%   40.7%   41.3%    0.0%
      spoil   corridor       616    41.7%    0.0%    0.0%    0.0%    0.0%    0.0%    1.0%   28.7%   28.6%    0.0%
      spoil   junction       337    40.9%    1.8%    0.0%    0.0%    0.0%    0.0%    3.0%   25.5%   28.8%    0.0%
      spoil   open            92    56.5%    1.1%    0.0%    0.0%    0.0%    0.0%    0.0%   18.5%   23.9%    0.0%
    DECISIONS: rows not written (decisionnorows)
  200    6 hmute    0/0            0        0     5832        0        0    0/20        0          2 8 9 1 0
                A READ  ant-readable homeward along >= 0.02 on  40.1% of route-cell samples | FOODWARD  11.1% | plane lit on  54.6% | peak amt  31445 cells 174
                THE LOOP, ANT BY ANT:
                  0. lived                                     20    100.0% of prev    100.0% of all
                  1. reached the food                           0      0.0% of prev      0.0% of all
                  2. picked food up out there                   0      0.0% of prev      0.0% of all
                  3. turned for home with it                    0      0.0% of prev      0.0% of all
                  4. got back to the nest still holding it      0      0.0% of prev      0.0% of all
                  5. PUT IT DOWN there                          0      0.0% of prev      0.0% of all
                  6. went back out again                        0      0.0% of prev      0.0% of all
                  7. reached the food a SECOND time             0      0.0% of prev      0.0% of all
                RETURN LEDGER reached food    0 of   20 ants | came back    0 | trips laden    0 empty    0 | LOOPERS    0 of   20 ants ( 0.0% of those that reached food), repeat    0, most loops by one ant   0
                BY ANCHOR AT PICKUP  anchor ON nest material:    0 loops /    0 pickups (  0.0%) | anchor OFF it:    0 /    0 (  0.0%)
                BY BIRTH SITE  born ON comb:   0 of   0 that reached food looped (  0.0%) | born OFF comb:   0 of   0 (  0.0%)
                founded x   30..68   (nest cursor 48 MATERIAL x 26..70 20 of 20 founders born on it; food 248; nearest founder 180 cells out, farthest 218, nominal gap 200)  occupancy/1k [32 13 19 19 3 1 0 0]  carry->nest       0  born    0 died   20 (starved   20)
                own trail: route pk    0 end    0 along +0.0000  B nest->food [1040,3947,6854,9762,8347]  blocked      181  kin swaps       0  ticks     15061  tumbles      4392 (homeward        0, 0.00%)  drops       0  DELIVERED     0  leg home n    0 med     0 p90     0 (laden n    0 med     0 p90     0)  appetite held         0 J of         0  trips born-on-comb    0 (20 ants) / born-off    0 (0 ants)
                channel A: PEAK amt  31445 cells  174 (of 201 route)  POLARITY|| +0.08887 && +0.08116 SPAN +0.00088 edge   6.1  end nest->food [945,930,0,0,0]  nest   25  AtNest  7.38%
                Carrying: laden      9672  of which SPOIL      9672 (100.0%)
    DECISION CENSUS: 14395 decisions, reconciled against the rows and the engine's counters
      leg     setting          n  stepped    felllaunched swappedcrossingreversedblocked_roll_fairoll_fai no_body
      empty   pocket         426     5.4%   43.4%    0.0%    0.0%    0.0%    0.0%    1.4%   25.1%   24.6%    0.0%
      empty   corridor      2090    50.8%    3.8%    0.0%    0.0%    0.0%    0.0%    0.5%   22.3%   22.5%    0.0%
      empty   junction      7499    42.2%    6.8%    0.0%    0.0%    0.0%    0.0%    0.4%   25.4%   25.2%    0.0%
      empty   open          3512    34.1%    8.8%    0.0%    0.0%    0.0%    0.0%    0.0%   29.0%   28.0%    0.0%
      spoil   pocket          69    21.7%   10.1%    0.0%    0.0%    0.0%    0.0%   17.4%   29.0%   21.7%    0.0%
      spoil   corridor        83    39.8%    1.2%    0.0%    0.0%    0.0%    0.0%    7.2%   33.7%   18.1%    0.0%
      spoil   junction       546    45.8%    2.4%    0.0%    0.0%    0.0%    0.0%    3.8%   25.3%   22.7%    0.0%
      spoil   open           170    45.9%    2.4%    0.0%    0.0%    0.0%    0.0%    0.0%   24.1%   27.6%    0.0%
    DECISIONS: rows not written (decisionnorows)
  200    7 hmute    0/0            0        0     4932        0        0    0/20        0          0 7 9 4 0
                A READ  ant-readable homeward along >= 0.02 on  40.5% of route-cell samples | FOODWARD  11.7% | plane lit on  58.8% | peak amt  38276 cells 164
                THE LOOP, ANT BY ANT:
                  0. lived                                     20    100.0% of prev    100.0% of all
                  1. reached the food                           0      0.0% of prev      0.0% of all
                  2. picked food up out there                   0      0.0% of prev      0.0% of all
                  3. turned for home with it                    0      0.0% of prev      0.0% of all
                  4. got back to the nest still holding it      0      0.0% of prev      0.0% of all
                  5. PUT IT DOWN there                          0      0.0% of prev      0.0% of all
                  6. went back out again                        0      0.0% of prev      0.0% of all
                  7. reached the food a SECOND time             0      0.0% of prev      0.0% of all
                RETURN LEDGER reached food    0 of   20 ants | came back    0 | trips laden    0 empty    0 | LOOPERS    0 of   20 ants ( 0.0% of those that reached food), repeat    0, most loops by one ant   0
                BY ANCHOR AT PICKUP  anchor ON nest material:    0 loops /    0 pickups (  0.0%) | anchor OFF it:    0 /    0 (  0.0%)
                BY BIRTH SITE  born ON comb:   0 of   0 that reached food looped (  0.0%) | born OFF comb:   0 of   0 (  0.0%)
                founded x   30..68   (nest cursor 48 MATERIAL x 26..70 20 of 20 founders born on it; food 248; nearest founder 180 cells out, farthest 218, nominal gap 200)  occupancy/1k [10 12 31 19 7 3 1 0]  carry->nest       0  born    0 died   20 (starved   20)
                own trail: route pk    0 end    0 along +0.0000  B nest->food [1040,3947,6854,9762,8347]  blocked       86  kin swaps       0  ticks     14395  tumbles      3814 (homeward        0, 0.00%)  drops       0  DELIVERED     0  leg home n    0 med     0 p90     0 (laden n    0 med     0 p90     0)  appetite held         0 J of         0  trips born-on-comb    0 (20 ants) / born-off    0 (0 ants)
                channel A: PEAK amt  38276 cells  164 (of 201 route)  POLARITY|| +0.07686 && +0.06885 SPAN +0.00181 edge   6.1  end nest->food [411,825,0,0,0]  nest   25  AtNest  5.61%
                Carrying: laden      5208  of which SPOIL      5208 (100.0%)
    DECISION CENSUS: 15786 decisions, reconciled against the rows and the engine's counters
      leg     setting          n  stepped    felllaunched swappedcrossingreversedblocked_roll_fairoll_fai no_body
      empty   pocket        1135     6.1%   18.9%    0.0%    0.0%    0.0%    0.0%    2.8%   35.9%   36.4%    0.0%
      empty   corridor      3518    47.4%    1.7%    0.0%    0.0%    0.0%    0.0%    0.3%   25.0%   25.6%    0.0%
      empty   junction      7499    39.4%    5.5%    0.0%    0.0%    0.0%    0.0%    0.5%   26.8%   27.8%    0.0%
      empty   open          2300    35.7%    9.2%    0.0%    0.0%    0.0%    0.0%    0.0%   27.8%   27.3%    0.0%
      laden   pocket          19     5.3%   47.4%    0.0%    0.0%    0.0%    0.0%    0.0%   26.3%   21.1%    0.0%
      laden   corridor       185    41.1%    0.0%    0.0%    0.0%    0.0%    0.0%    0.5%   28.1%   30.3%    0.0%
      laden   junction        83    50.6%    4.8%    0.0%    0.0%    0.0%    0.0%    0.0%   21.7%   22.9%    0.0%
      laden   open             3    33.3%   33.3%    0.0%    0.0%    0.0%    0.0%    0.0%    0.0%   33.3%    0.0%
      spoil   pocket         332    20.2%    0.3%    0.0%    0.0%    0.0%    0.0%   13.9%   32.8%   32.8%    0.0%
      spoil   corridor       381    38.3%    0.3%    0.0%    0.0%    0.0%    0.0%    1.6%   30.4%   29.4%    0.0%
      spoil   junction       261    40.2%    1.9%    0.0%    0.0%    0.0%    0.0%    6.1%   30.7%   21.1%    0.0%
      spoil   open            70    51.4%    4.3%    0.0%    0.0%    0.0%    0.0%    0.0%   24.3%   20.0%    0.0%
    DECISIONS: rows not written (decisionnorows)
  200    8 hmute    0/0          228     4080     9600     1740        0    1/20        0          3 3 9 5 0
                A READ  ant-readable homeward along >= 0.02 on  45.0% of route-cell samples | FOODWARD   9.7% | plane lit on  60.5% | peak amt  34406 cells 196
                THE LOOP, ANT BY ANT:
                  0. lived                                     20    100.0% of prev    100.0% of all
                  1. reached the food                           1      5.0% of prev      5.0% of all
                  2. picked food up out there                   1    100.0% of prev      5.0% of all
                  3. turned for home with it                    1    100.0% of prev      5.0% of all
                  4. got back to the nest still holding it      0      0.0% of prev      0.0% of all
                  5. PUT IT DOWN there                          0      0.0% of prev      0.0% of all
                  6. went back out again                        0      0.0% of prev      0.0% of all
                  7. reached the food a SECOND time             0      0.0% of prev      0.0% of all
                RETURN LEDGER reached food    1 of   20 ants | came back    0 | trips laden    0 empty    0 | LOOPERS    0 of   20 ants ( 0.0% of those that reached food), repeat    0, most loops by one ant   0
                BY ANCHOR AT PICKUP  anchor ON nest material:    0 loops /    1 pickups (  0.0%) | anchor OFF it:    0 /    0 (  0.0%)
                BY BIRTH SITE  born ON comb:   0 of   1 that reached food looped (  0.0%) | born OFF comb:   0 of   0 (  0.0%)
                founded x   30..68   (nest cursor 48 MATERIAL x 26..70 20 of 20 founders born on it; food 248; nearest founder 180 cells out, farthest 218, nominal gap 200)  occupancy/1k [21 13 21 19 9 5 2 0]  carry->nest     120  born    0 died   20 (starved   20)
                own trail: route pk    0 end    0 along +0.0000  B nest->food [1040,3947,6854,9762,8347]  blocked      145  kin swaps       0  ticks     15786  tumbles      4478 (homeward       14, 0.31%)  drops       0  DELIVERED     0  leg home n    0 med     0 p90     0 (laden n    0 med     0 p90     0)  appetite held         0 J of       960  trips born-on-comb    0 (20 ants) / born-off    0 (0 ants)
                channel A: PEAK amt  34406 cells  196 (of 201 route)  POLARITY|| +0.08652 && +0.08000 SPAN +0.00308 edge   6.0  end nest->food [917,563,0,0,0]  nest   25  AtNest  7.58%
                Carrying: laden      8004  of which SPOIL      6264 ( 78.3%)
    DECISION CENSUS: 17179 decisions, reconciled against the rows and the engine's counters
      leg     setting          n  stepped    felllaunched swappedcrossingreversedblocked_roll_fairoll_fai no_body
      empty   pocket        1265    11.3%    7.0%    0.0%    0.0%    0.0%    0.0%    8.6%   36.8%   36.2%    0.0%
      empty   corridor      6114    50.3%    0.8%    0.0%    0.0%    0.0%    0.0%    0.1%   24.1%   24.8%    0.0%
      empty   junction      4692    43.7%    5.8%    0.0%    0.0%    0.0%    0.0%    0.1%   25.3%   25.1%    0.0%
      empty   open          1251    30.7%   10.0%    0.0%    0.0%    0.0%    0.0%    0.0%   29.0%   30.3%    0.0%
      laden   corridor       172    71.5%    0.0%    0.0%    0.0%    0.0%    0.0%    0.0%   15.7%   12.8%    0.0%
      laden   junction       407    10.8%    0.2%    0.0%    0.0%    0.0%    0.0%    0.2%   44.0%   44.7%    0.0%
      laden   open             2    50.0%    0.0%    0.0%    0.0%    0.0%    0.0%    0.0%   50.0%    0.0%    0.0%
      spoil   pocket        1913     6.4%    0.1%    0.0%    0.0%    0.0%    0.0%    4.8%   44.1%   44.6%    0.0%
      spoil   corridor      1190    40.3%    0.1%    0.0%    0.0%    0.0%    0.0%    0.3%   31.0%   28.2%    0.0%
      spoil   junction       145    39.3%    0.0%    0.0%    0.0%    0.0%    0.0%    6.2%   20.7%   33.8%    0.0%
      spoil   open            28    53.6%    0.0%    0.0%    0.0%    0.0%    0.0%    0.0%   14.3%   32.1%    0.0%
    DECISIONS: rows not written (decisionnorows)
  200    9 hmute    0/0          456     3666    15198     3486     1716    1/20        1          8 2 5 5 0
                A READ  ant-readable homeward along >= 0.02 on  37.5% of route-cell samples | FOODWARD  13.5% | plane lit on  56.7% | peak amt  31193 cells 196
                THE LOOP, ANT BY ANT:
                  0. lived                                     20    100.0% of prev    100.0% of all
                  1. reached the food                           1      5.0% of prev      5.0% of all
                  2. picked food up out there                   1    100.0% of prev      5.0% of all
                  3. turned for home with it                    1    100.0% of prev      5.0% of all
                  4. got back to the nest still holding it      1    100.0% of prev      5.0% of all
                  5. PUT IT DOWN there                          1    100.0% of prev      5.0% of all
                  6. went back out again                        1    100.0% of prev      5.0% of all
                  7. reached the food a SECOND time             0      0.0% of prev      0.0% of all
                RETURN LEDGER reached food    1 of   20 ants | came back    1 | trips laden    1 empty    0 | LOOPERS    1 of   20 ants (100.0% of those that reached food), repeat    0, most loops by one ant   1
                BY ANCHOR AT PICKUP  anchor ON nest material:    1 loops /    1 pickups (100.0%) | anchor OFF it:    0 /    0 (  0.0%)
                BY BIRTH SITE  born ON comb:   1 of   1 that reached food looped (100.0%) | born OFF comb:   0 of   0 (  0.0%)
                LEGS legs[1705] laden[1705]
                founded x   30..68   (nest cursor 48 MATERIAL x 26..70 20 of 20 founders born on it; food 248; nearest founder 180 cells out, farthest 218, nominal gap 200)  occupancy/1k [42 17 17 15 4 4 2 0]  carry->nest     168  born    0 died   20 (starved   20)
                own trail: route pk    0 end    0 along +0.0000  B nest->food [1040,3947,6854,9762,8347]  blocked      226  kin swaps       0  ticks     17179  tumbles      5166 (homeward       63, 1.22%)  drops       0  DELIVERED     0  leg home n    1 med  1705 p90  1705 (laden n    1 med  1705 p90  1705)  appetite held         0 J of      1920  trips born-on-comb    1 (20 ants) / born-off    0 (0 ants)
                channel A: PEAK amt  31193 cells  196 (of 201 route)  POLARITY|| +0.09810 && +0.09278 SPAN +0.00368 edge   6.2  end nest->food [1747,585,0,0,0]  nest   25  AtNest 15.01%
                Carrying: laden     23142  of which SPOIL     19656 ( 84.9%)
    DECISION CENSUS: 15588 decisions, reconciled against the rows and the engine's counters
      leg     setting          n  stepped    felllaunched swappedcrossingreversedblocked_roll_fairoll_fai no_body
      empty   pocket        1756     4.7%    9.6%    0.0%    0.0%    0.0%    0.0%    3.1%   40.9%   41.6%    0.0%
      empty   corridor      3266    50.2%    2.0%    0.0%    0.0%    0.0%    0.0%    0.1%   23.5%   24.2%    0.0%
      empty   junction      7174    39.7%    5.6%    0.0%    0.0%    0.0%    0.0%    0.2%   27.3%   27.2%    0.0%
      empty   open          2283    33.7%   10.5%    0.0%    0.0%    0.0%    0.0%    0.0%   28.2%   27.6%    0.0%
      spoil   pocket         572     7.7%    1.2%    0.0%    0.0%    0.0%    0.0%    6.8%   42.1%   42.1%    0.0%
      spoil   corridor       269    43.9%    0.0%    0.0%    0.0%    0.0%    0.0%    1.5%   27.9%   26.8%    0.0%
      spoil   junction       224    44.2%    0.9%    0.0%    0.0%    0.0%    0.0%    4.9%   24.1%   25.9%    0.0%
      spoil   open            44    47.7%    2.3%    0.0%    0.0%    0.0%    0.0%    0.0%   15.9%   34.1%    0.0%
    DECISIONS: rows not written (decisionnorows)
  200   10 hmute    0/0            0        0     7140        0        0    0/20        0         3 2 12 3 0
                A READ  ant-readable homeward along >= 0.02 on  42.1% of route-cell samples | FOODWARD  12.6% | plane lit on  60.5% | peak amt  33536 cells 164
                THE LOOP, ANT BY ANT:
                  0. lived                                     20    100.0% of prev    100.0% of all
                  1. reached the food                           0      0.0% of prev      0.0% of all
                  2. picked food up out there                   0      0.0% of prev      0.0% of all
                  3. turned for home with it                    0      0.0% of prev      0.0% of all
                  4. got back to the nest still holding it      0      0.0% of prev      0.0% of all
                  5. PUT IT DOWN there                          0      0.0% of prev      0.0% of all
                  6. went back out again                        0      0.0% of prev      0.0% of all
                  7. reached the food a SECOND time             0      0.0% of prev      0.0% of all
                RETURN LEDGER reached food    0 of   20 ants | came back    0 | trips laden    0 empty    0 | LOOPERS    0 of   20 ants ( 0.0% of those that reached food), repeat    0, most loops by one ant   0
                BY ANCHOR AT PICKUP  anchor ON nest material:    0 loops /    0 pickups (  0.0%) | anchor OFF it:    0 /    0 (  0.0%)
                BY BIRTH SITE  born ON comb:   0 of   0 that reached food looped (  0.0%) | born OFF comb:   0 of   0 (  0.0%)
                founded x   30..68   (nest cursor 48 MATERIAL x 26..70 20 of 20 founders born on it; food 248; nearest founder 180 cells out, farthest 218, nominal gap 200)  occupancy/1k [28 12 14 20 13 4 0 0]  carry->nest       0  born    0 died   20 (starved   20)
                own trail: route pk    0 end    0 along +0.0000  B nest->food [1040,3947,6854,9762,8347]  blocked      124  kin swaps       0  ticks     15588  tumbles      4586 (homeward        0, 0.00%)  drops       0  DELIVERED     0  leg home n    0 med     0 p90     0 (laden n    0 med     0 p90     0)  appetite held         0 J of         0  trips born-on-comb    0 (20 ants) / born-off    0 (0 ants)
                channel A: PEAK amt  33536 cells  164 (of 201 route)  POLARITY|| +0.08164 && +0.07463 SPAN +0.00250 edge   6.0  end nest->food [866,286,0,0,0]  nest   25  AtNest  8.42%
                Carrying: laden      6654  of which SPOIL      6654 (100.0%)
    DECISION CENSUS: 14785 decisions, reconciled against the rows and the engine's counters
      leg     setting          n  stepped    felllaunched swappedcrossingreversedblocked_roll_fairoll_fai no_body
      empty   pocket         560     8.9%   30.5%    0.0%    0.0%    0.0%    0.0%    4.3%   29.5%   26.8%    0.0%
      empty   corridor      2129    47.2%    3.1%    0.0%    0.0%    0.0%    0.0%    0.5%   25.8%   23.3%    0.0%
      empty   junction      7554    40.3%    7.0%    0.0%    0.0%    0.0%    0.0%    0.6%   25.4%   26.6%    0.0%
      empty   open          3539    34.1%   10.2%    0.0%    0.0%    0.0%    0.0%    0.0%   27.0%   28.7%    0.0%
      spoil   pocket         322    12.1%    6.2%    0.0%    0.0%    0.0%    0.0%    9.3%   31.7%   40.7%    0.0%
      spoil   corridor       148    37.2%    0.0%    0.0%    0.0%    0.0%    0.0%    3.4%   31.8%   27.7%    0.0%
      spoil   junction       393    42.2%    1.8%    0.0%    0.0%    0.0%    0.0%    4.6%   27.2%   24.2%    0.0%
      spoil   open           140    42.9%    3.6%    0.0%    0.0%    0.0%    0.0%    0.0%   30.7%   22.9%    0.0%
    DECISIONS: rows not written (decisionnorows)
  200   11 hmute    0/0            0        0     4854        0        0    0/20        0         1 7 11 1 0
                A READ  ant-readable homeward along >= 0.02 on  37.6% of route-cell samples | FOODWARD  13.4% | plane lit on  56.5% | peak amt  45190 cells 155
                THE LOOP, ANT BY ANT:
                  0. lived                                     20    100.0% of prev    100.0% of all
                  1. reached the food                           0      0.0% of prev      0.0% of all
                  2. picked food up out there                   0      0.0% of prev      0.0% of all
                  3. turned for home with it                    0      0.0% of prev      0.0% of all
                  4. got back to the nest still holding it      0      0.0% of prev      0.0% of all
                  5. PUT IT DOWN there                          0      0.0% of prev      0.0% of all
                  6. went back out again                        0      0.0% of prev      0.0% of all
                  7. reached the food a SECOND time             0      0.0% of prev      0.0% of all
                RETURN LEDGER reached food    0 of   20 ants | came back    0 | trips laden    0 empty    0 | LOOPERS    0 of   20 ants ( 0.0% of those that reached food), repeat    0, most loops by one ant   0
                BY ANCHOR AT PICKUP  anchor ON nest material:    0 loops /    0 pickups (  0.0%) | anchor OFF it:    0 /    0 (  0.0%)
                BY BIRTH SITE  born ON comb:   0 of   0 that reached food looped (  0.0%) | born OFF comb:   0 of   0 (  0.0%)
                founded x   30..68   (nest cursor 48 MATERIAL x 26..70 20 of 20 founders born on it; food 248; nearest founder 180 cells out, farthest 218, nominal gap 200)  occupancy/1k [13 15 30 15 9 3 0 0]  carry->nest       0  born    0 died   20 (starved   20)
                own trail: route pk    0 end    0 along +0.0000  B nest->food [1040,3947,6854,9762,8347]  blocked      129  kin swaps       0  ticks     14785  tumbles      4019 (homeward        0, 0.00%)  drops       0  DELIVERED     0  leg home n    0 med     0 p90     0 (laden n    0 med     0 p90     0)  appetite held         0 J of         0  trips born-on-comb    0 (20 ants) / born-off    0 (0 ants)
                channel A: PEAK amt  45190 cells  155 (of 201 route)  POLARITY|| +0.08197 && +0.07361 SPAN +0.00017 edge   6.0  end nest->food [576,818,0,0,0]  nest   25  AtNest  6.05%
                Carrying: laden      6018  of which SPOIL      6018 (100.0%)
    DECISION CENSUS: 15131 decisions, reconciled against the rows and the engine's counters
      leg     setting          n  stepped    felllaunched swappedcrossingreversedblocked_roll_fairoll_fai no_body
      empty   pocket        1261    11.6%    8.6%    0.0%    0.0%    0.0%    0.0%    8.1%   35.1%   36.6%    0.0%
      empty   corridor      4513    45.3%    1.1%    0.0%    0.0%    0.0%    0.0%    0.2%   26.7%   26.7%    0.0%
      empty   junction      6117    40.7%    6.2%    0.0%    0.0%    0.0%    0.0%    0.4%   25.6%   27.1%    0.0%
      empty   open          1879    37.6%    9.2%    0.0%    0.0%    0.0%    0.0%    0.0%   26.7%   26.5%    0.0%
      spoil   pocket         477    22.9%    0.8%    0.0%    0.0%    0.0%    0.0%   18.2%   29.6%   28.5%    0.0%
      spoil   corridor       503    48.3%    0.0%    0.0%    0.0%    0.0%    0.0%    1.8%   25.8%   24.1%    0.0%
      spoil   junction       339    28.6%    0.6%    0.0%    0.0%    0.0%    0.0%    2.4%   38.1%   30.4%    0.0%
      spoil   open            42    42.9%    7.1%    0.0%    0.0%    0.0%    0.0%    0.0%   21.4%   28.6%    0.0%
    DECISIONS: rows not written (decisionnorows)
  200   12 hmute    0/0            0        0     6354        0        0    0/20        0          5 7 6 2 0
                A READ  ant-readable homeward along >= 0.02 on  37.4% of route-cell samples | FOODWARD  11.9% | plane lit on  54.5% | peak amt  35973 cells 170
                THE LOOP, ANT BY ANT:
                  0. lived                                     20    100.0% of prev    100.0% of all
                  1. reached the food                           0      0.0% of prev      0.0% of all
                  2. picked food up out there                   0      0.0% of prev      0.0% of all
                  3. turned for home with it                    0      0.0% of prev      0.0% of all
                  4. got back to the nest still holding it      0      0.0% of prev      0.0% of all
                  5. PUT IT DOWN there                          0      0.0% of prev      0.0% of all
                  6. went back out again                        0      0.0% of prev      0.0% of all
                  7. reached the food a SECOND time             0      0.0% of prev      0.0% of all
                RETURN LEDGER reached food    0 of   20 ants | came back    0 | trips laden    0 empty    0 | LOOPERS    0 of   20 ants ( 0.0% of those that reached food), repeat    0, most loops by one ant   0
                BY ANCHOR AT PICKUP  anchor ON nest material:    0 loops /    0 pickups (  0.0%) | anchor OFF it:    0 /    0 (  0.0%)
                BY BIRTH SITE  born ON comb:   0 of   0 that reached food looped (  0.0%) | born OFF comb:   0 of   0 (  0.0%)
                founded x   30..68   (nest cursor 48 MATERIAL x 26..70 20 of 20 founders born on it; food 248; nearest founder 180 cells out, farthest 218, nominal gap 200)  occupancy/1k [28 20 20 16 3 1 0 0]  carry->nest       0  born    0 died   20 (starved   20)
                own trail: route pk    0 end    0 along +0.0000  B nest->food [1040,3947,6854,9762,8347]  blocked      239  kin swaps       0  ticks     15131  tumbles      4362 (homeward        0, 0.00%)  drops       0  DELIVERED     0  leg home n    0 med     0 p90     0 (laden n    0 med     0 p90     0)  appetite held         0 J of         0  trips born-on-comb    0 (20 ants) / born-off    0 (0 ants)
                channel A: PEAK amt  35973 cells  170 (of 201 route)  POLARITY|| +0.08679 && +0.07918 SPAN +0.00188 edge   6.3  end nest->food [801,814,0,0,0]  nest   25  AtNest  8.15%
                Carrying: laden      8166  of which SPOIL      8166 (100.0%)
    DECISION CENSUS: 15309 decisions, reconciled against the rows and the engine's counters
      leg     setting          n  stepped    felllaunched swappedcrossingreversedblocked_roll_fairoll_fai no_body
      empty   pocket        1324     5.3%   12.1%    0.0%    0.0%    0.0%    0.0%    4.2%   39.9%   38.6%    0.0%
      empty   corridor      3074    38.1%    2.9%    0.0%    0.0%    0.0%    0.0%    0.3%   28.8%   29.9%    0.0%
      empty   junction      7137    41.2%    6.4%    0.0%    0.0%    0.0%    0.0%    0.7%   26.0%   25.6%    0.0%
      empty   open          2468    38.5%    9.0%    0.0%    0.0%    0.0%    0.0%    0.0%   26.7%   25.8%    0.0%
      spoil   pocket         604     4.6%    1.3%    0.0%    0.0%    0.0%    0.0%    6.0%   45.7%   42.4%    0.0%
      spoil   corridor       229    31.9%    0.4%    0.0%    0.0%    0.0%    0.0%    1.7%   35.4%   30.6%    0.0%
      spoil   junction       351    42.2%    1.4%    0.0%    0.0%    0.0%    0.0%    6.0%   24.8%   25.6%    0.0%
      spoil   open           122    41.8%    2.5%    0.0%    0.0%    0.0%    0.0%    0.0%   27.9%   27.9%    0.0%
    DECISIONS: rows not written (decisionnorows)
  200   13 hmute    0/0            0        0     7278        0        0    0/20        0         1 10 8 1 0
                A READ  ant-readable homeward along >= 0.02 on  37.3% of route-cell samples | FOODWARD  12.3% | plane lit on  55.2% | peak amt  37510 cells 174
                THE LOOP, ANT BY ANT:
                  0. lived                                     20    100.0% of prev    100.0% of all
                  1. reached the food                           0      0.0% of prev      0.0% of all
                  2. picked food up out there                   0      0.0% of prev      0.0% of all
                  3. turned for home with it                    0      0.0% of prev      0.0% of all
                  4. got back to the nest still holding it      0      0.0% of prev      0.0% of all
                  5. PUT IT DOWN there                          0      0.0% of prev      0.0% of all
                  6. went back out again                        0      0.0% of prev      0.0% of all
                  7. reached the food a SECOND time             0      0.0% of prev      0.0% of all
                RETURN LEDGER reached food    0 of   20 ants | came back    0 | trips laden    0 empty    0 | LOOPERS    0 of   20 ants ( 0.0% of those that reached food), repeat    0, most loops by one ant   0
                BY ANCHOR AT PICKUP  anchor ON nest material:    0 loops /    0 pickups (  0.0%) | anchor OFF it:    0 /    0 (  0.0%)
                BY BIRTH SITE  born ON comb:   0 of   0 that reached food looped (  0.0%) | born OFF comb:   0 of   0 (  0.0%)
                founded x   30..68   (nest cursor 48 MATERIAL x 26..70 20 of 20 founders born on it; food 248; nearest founder 180 cells out, farthest 218, nominal gap 200)  occupancy/1k [24 17 25 19 3 1 0 0]  carry->nest       0  born    0 died   20 (starved   20)
                own trail: route pk    0 end    0 along +0.0000  B nest->food [1040,3947,6854,9762,8347]  blocked      172  kin swaps       0  ticks     15309  tumbles      4581 (homeward        0, 0.00%)  drops       0  DELIVERED     0  leg home n    0 med     0 p90     0 (laden n    0 med     0 p90     0)  appetite held         0 J of         0  trips born-on-comb    0 (20 ants) / born-off    0 (0 ants)
                channel A: PEAK amt  37510 cells  174 (of 201 route)  POLARITY|| +0.08600 && +0.07796 SPAN +0.00063 edge   6.1  end nest->food [641,803,0,0,0]  nest   25  AtNest 10.89%
                Carrying: laden      7836  of which SPOIL      7836 (100.0%)
    DECISION CENSUS: 16414 decisions, reconciled against the rows and the engine's counters
      leg     setting          n  stepped    felllaunched swappedcrossingreversedblocked_roll_fairoll_fai no_body
      empty   pocket         577     5.2%   39.7%    0.0%    0.0%    0.0%    0.0%    1.7%   30.7%   22.7%    0.0%
      empty   corridor      2628    49.2%    2.4%    0.0%    0.0%    0.0%    0.0%    0.4%   23.7%   24.4%    0.0%
      empty   junction      8926    39.1%    6.5%    0.0%    0.0%    0.0%    0.0%    0.6%   26.6%   27.2%    0.0%
      empty   open          2915    37.6%    9.6%    0.0%    0.0%    0.0%    0.0%    0.0%   26.7%   26.1%    0.0%
      laden   pocket          43     0.0%   11.6%    0.0%    0.0%    0.0%    0.0%    2.3%   41.9%   44.2%    0.0%
      laden   corridor       307    34.2%    0.3%    0.0%    0.0%    0.0%    0.0%    0.0%   35.8%   29.6%    0.0%
      laden   junction       227    26.0%    0.9%    0.0%    0.0%    0.0%    0.0%    0.4%   41.9%   30.8%    0.0%
      laden   open             3   100.0%    0.0%    0.0%    0.0%    0.0%    0.0%    0.0%    0.0%    0.0%    0.0%
      spoil   pocket          93     6.5%    8.6%    0.0%    0.0%    0.0%    0.0%    8.6%   34.4%   41.9%    0.0%
      spoil   corridor       151    16.6%    2.6%    0.0%    0.0%    0.0%    0.0%    7.9%   37.1%   35.8%    0.0%
      spoil   junction       465    35.3%    1.3%    0.0%    0.0%    0.0%    0.0%    4.5%   28.6%   30.3%    0.0%
      spoil   open            79    50.6%    0.0%    0.0%    0.0%    0.0%    0.0%    0.0%   26.6%   22.8%    0.0%
    DECISIONS: rows not written (decisionnorows)
  200   14 hmute    0/0          456     3318     9372     3480        0    2/20        0         0 3 13 4 0
                A READ  ant-readable homeward along >= 0.02 on  44.3% of route-cell samples | FOODWARD  12.3% | plane lit on  63.6% | peak amt  32505 cells 196
                THE LOOP, ANT BY ANT:
                  0. lived                                     20    100.0% of prev    100.0% of all
                  1. reached the food                           2     10.0% of prev     10.0% of all
                  2. picked food up out there                   2    100.0% of prev     10.0% of all
                  3. turned for home with it                    0      0.0% of prev      0.0% of all
                  4. got back to the nest still holding it      0      0.0% of prev      0.0% of all
                  5. PUT IT DOWN there                          0      0.0% of prev      0.0% of all
                  6. went back out again                        0      0.0% of prev      0.0% of all
                  7. reached the food a SECOND time             0      0.0% of prev      0.0% of all
                RETURN LEDGER reached food    2 of   20 ants | came back    0 | trips laden    0 empty    0 | LOOPERS    0 of   20 ants ( 0.0% of those that reached food), repeat    0, most loops by one ant   0
                BY ANCHOR AT PICKUP  anchor ON nest material:    0 loops /    2 pickups (  0.0%) | anchor OFF it:    0 /    0 (  0.0%)
                BY BIRTH SITE  born ON comb:   0 of   2 that reached food looped (  0.0%) | born OFF comb:   0 of   0 (  0.0%)
                founded x   30..68   (nest cursor 48 MATERIAL x 26..70 20 of 20 founders born on it; food 248; nearest founder 180 cells out, farthest 218, nominal gap 200)  occupancy/1k [14 13 24 18 16 7 1 1]  carry->nest     164  born    0 died   20 (starved   20)
                own trail: route pk    0 end    0 along +0.0000  B nest->food [1040,3947,6854,9762,8347]  blocked      121  kin swaps       0  ticks     16414  tumbles      4538 (homeward       31, 0.68%)  drops       0  DELIVERED     0  leg home n    0 med     0 p90     0 (laden n    0 med     0 p90     0)  appetite held         0 J of      1920  trips born-on-comb    0 (20 ants) / born-off    0 (0 ants)
                channel A: PEAK amt  32505 cells  196 (of 201 route)  POLARITY|| +0.07124 && +0.06383 SPAN +0.00150 edge   5.9  end nest->food [361,795,0,0,0]  nest   25  AtNest  8.53%
                Carrying: laden      8208  of which SPOIL      4728 ( 57.6%)
    DECISION CENSUS: 15711 decisions, reconciled against the rows and the engine's counters
      leg     setting          n  stepped    felllaunched swappedcrossingreversedblocked_roll_fairoll_fai no_body
      empty   pocket        2140     6.1%    9.6%    0.0%    0.0%    0.0%    0.0%    2.7%   40.2%   41.4%    0.0%
      empty   corridor      3060    32.1%    2.1%    0.0%    0.0%    0.0%    0.0%    0.5%   32.2%   33.1%    0.0%
      empty   junction      6377    41.9%    5.4%    0.0%    0.0%    0.0%    0.0%    0.6%   26.3%   25.7%    0.0%
      empty   open          1826    37.3%    8.6%    0.0%    0.0%    0.0%    0.0%    0.0%   26.9%   27.2%    0.0%
      spoil   pocket        1125    16.3%    1.8%    0.0%    0.0%    0.0%    0.0%   12.4%   34.7%   34.9%    0.0%
      spoil   corridor       576    29.3%    0.3%    0.0%    0.0%    0.0%    0.0%    1.9%   35.9%   32.5%    0.0%
      spoil   junction       509    44.2%    2.8%    0.0%    0.0%    0.0%    0.0%    3.3%   25.5%   24.2%    0.0%
      spoil   open            98    55.1%    8.2%    0.0%    0.0%    0.0%    0.0%    0.0%   20.4%   16.3%    0.0%
    DECISIONS: rows not written (decisionnorows)
  200   15 hmute    0/0            0        0     5568        0        0    0/20        0          2 9 9 0 0
                A READ  ant-readable homeward along >= 0.02 on  39.2% of route-cell samples | FOODWARD  11.0% | plane lit on  53.7% | peak amt  31192 cells 144
                THE LOOP, ANT BY ANT:
                  0. lived                                     20    100.0% of prev    100.0% of all
                  1. reached the food                           0      0.0% of prev      0.0% of all
                  2. picked food up out there                   0      0.0% of prev      0.0% of all
                  3. turned for home with it                    0      0.0% of prev      0.0% of all
                  4. got back to the nest still holding it      0      0.0% of prev      0.0% of all
                  5. PUT IT DOWN there                          0      0.0% of prev      0.0% of all
                  6. went back out again                        0      0.0% of prev      0.0% of all
                  7. reached the food a SECOND time             0      0.0% of prev      0.0% of all
                RETURN LEDGER reached food    0 of   20 ants | came back    0 | trips laden    0 empty    0 | LOOPERS    0 of   20 ants ( 0.0% of those that reached food), repeat    0, most loops by one ant   0
                BY ANCHOR AT PICKUP  anchor ON nest material:    0 loops /    0 pickups (  0.0%) | anchor OFF it:    0 /    0 (  0.0%)
                BY BIRTH SITE  born ON comb:   0 of   0 that reached food looped (  0.0%) | born OFF comb:   0 of   0 (  0.0%)
                founded x   30..68   (nest cursor 48 MATERIAL x 26..70 20 of 20 founders born on it; food 248; nearest founder 180 cells out, farthest 218, nominal gap 200)  occupancy/1k [34 14 20 19 5 0 0 0]  carry->nest       0  born    0 died   20 (starved   20)
                own trail: route pk    0 end    0 along +0.0000  B nest->food [1040,3947,6854,9762,8347]  blocked      278  kin swaps       0  ticks     15711  tumbles      5042 (homeward        0, 0.00%)  drops       0  DELIVERED     0  leg home n    0 med     0 p90     0 (laden n    0 med     0 p90     0)  appetite held         0 J of         0  trips born-on-comb    0 (20 ants) / born-off    0 (0 ants)
                channel A: PEAK amt  31192 cells  144 (of 201 route)  POLARITY|| +0.08845 && +0.08044 SPAN +0.00100 edge   6.0  end nest->food [780,805,0,0,0]  nest   25  AtNest  6.76%
                Carrying: laden     13848  of which SPOIL     13848 (100.0%)
    DECISION CENSUS: 16792 decisions, reconciled against the rows and the engine's counters
      leg     setting          n  stepped    felllaunched swappedcrossingreversedblocked_roll_fairoll_fai no_body
      empty   pocket        1719     5.8%   10.6%    0.0%    0.0%    0.0%    0.0%    3.5%   39.1%   41.0%    0.0%
      empty   corridor      3897    49.8%    1.3%    0.0%    0.0%    0.0%    0.0%    0.1%   25.3%   23.5%    0.0%
      empty   junction      6632    41.7%    5.5%    0.0%    0.0%    0.0%    0.0%    0.4%   25.2%   27.1%    0.0%
      empty   open          1573    35.2%    9.3%    0.0%    0.0%    0.0%    0.0%    0.0%   27.5%   28.1%    0.0%
      laden   pocket         264     0.4%    2.3%    0.0%    0.0%    0.0%    0.0%    0.4%   49.2%   47.7%    0.0%
      laden   corridor       142    67.6%    0.0%    0.0%    0.0%    0.0%    0.0%    0.0%   17.6%   14.8%    0.0%
      laden   junction       161    44.7%    3.1%    0.0%    0.0%    0.0%    0.0%    1.9%   23.0%   27.3%    0.0%
      laden   open            14    57.1%   21.4%    0.0%    0.0%    0.0%    0.0%    0.0%    0.0%   21.4%    0.0%
      spoil   pocket         981    13.6%    1.0%    0.0%    0.0%    0.0%    0.0%   10.8%   36.5%   38.1%    0.0%
      spoil   corridor      1066    44.6%    0.1%    0.0%    0.0%    0.0%    0.0%    0.1%   27.6%   27.7%    0.0%
      spoil   junction       290    35.2%    1.4%    0.0%    0.0%    0.0%    0.0%    5.5%   29.0%   29.0%    0.0%
      spoil   open            53    34.0%    3.8%    0.0%    0.0%    0.0%    0.0%    0.0%   22.6%   39.6%    0.0%
    DECISIONS: rows not written (decisionnorows)
  200   16 hmute    0/0          456     3918    13416     3486     1554    1/20        1          5 1 7 7 0
                A READ  ant-readable homeward along >= 0.02 on  39.0% of route-cell samples | FOODWARD  14.7% | plane lit on  61.9% | peak amt  42358 cells 196
                THE LOOP, ANT BY ANT:
                  0. lived                                     20    100.0% of prev    100.0% of all
                  1. reached the food                           1      5.0% of prev      5.0% of all
                  2. picked food up out there                   1    100.0% of prev      5.0% of all
                  3. turned for home with it                    1    100.0% of prev      5.0% of all
                  4. got back to the nest still holding it      1    100.0% of prev      5.0% of all
                  5. PUT IT DOWN there                          1    100.0% of prev      5.0% of all
                  6. went back out again                        1    100.0% of prev      5.0% of all
                  7. reached the food a SECOND time             0      0.0% of prev      0.0% of all
                RETURN LEDGER reached food    1 of   20 ants | came back    1 | trips laden    1 empty    0 | LOOPERS    1 of   20 ants (100.0% of those that reached food), repeat    0, most loops by one ant   1
                BY ANCHOR AT PICKUP  anchor ON nest material:    1 loops /    1 pickups (100.0%) | anchor OFF it:    0 /    0 (  0.0%)
                BY BIRTH SITE  born ON comb:   1 of   1 that reached food looped (100.0%) | born OFF comb:   0 of   0 (  0.0%)
                LEGS legs[1891] laden[1891]
                founded x   30..68   (nest cursor 48 MATERIAL x 26..70 20 of 20 founders born on it; food 248; nearest founder 180 cells out, farthest 218, nominal gap 200)  occupancy/1k [36 17 10 16 10 4 3 0]  carry->nest     171  born    0 died   20 (starved   20)
                own trail: route pk    0 end    0 along +0.0000  B nest->food [1040,3947,6854,9762,8347]  blocked      220  kin swaps       0  ticks     16792  tumbles      4919 (homeward       35, 0.71%)  drops       0  DELIVERED     0  leg home n    1 med  1891 p90  1891 (laden n    1 med  1891 p90  1891)  appetite held         0 J of      1920  trips born-on-comb    1 (20 ants) / born-off    0 (0 ants)
                channel A: PEAK amt  42358 cells  196 (of 201 route)  POLARITY|| +0.08884 && +0.08292 SPAN +0.00199 edge   6.0  end nest->food [1390,513,0,0,0]  nest   25  AtNest  7.92%
                Carrying: laden     17826  of which SPOIL     14340 ( 80.4%)
    DECISION CENSUS: 15995 decisions, reconciled against the rows and the engine's counters
      leg     setting          n  stepped    felllaunched swappedcrossingreversedblocked_roll_fairoll_fai no_body
      empty   pocket        3142     3.8%    7.6%    0.0%    0.0%    0.0%    0.0%    1.8%   42.5%   44.4%    0.0%
      empty   corridor      3723    46.7%    1.8%    0.0%    0.0%    0.0%    0.0%    0.5%   24.6%   26.5%    0.0%
      empty   junction      6473    39.7%    5.1%    0.0%    0.0%    0.0%    0.0%    0.5%   27.5%   27.3%    0.0%
      empty   open          1530    35.0%    6.4%    0.0%    0.0%    0.0%    0.0%    0.0%   31.2%   27.3%    0.0%
      spoil   pocket         443     8.6%    1.8%    0.0%    0.0%    0.0%    0.0%    7.9%   38.6%   43.1%    0.0%
      spoil   corridor       307    45.0%    0.0%    0.0%    0.0%    0.0%    0.0%    1.3%   23.5%   30.3%    0.0%
      spoil   junction       304    39.8%    0.3%    0.0%    0.0%    0.0%    0.0%    5.6%   27.3%   27.0%    0.0%
      spoil   open            73    30.1%    2.7%    0.0%    0.0%    0.0%    0.0%    0.0%   32.9%   34.2%    0.0%
    DECISIONS: rows not written (decisionnorows)
  200   17 hmute    0/0            0        0     7692        0        0    0/20        0         3 6 10 1 0
                A READ  ant-readable homeward along >= 0.02 on  41.8% of route-cell samples | FOODWARD  11.1% | plane lit on  57.9% | peak amt  32054 cells 154
                THE LOOP, ANT BY ANT:
                  0. lived                                     20    100.0% of prev    100.0% of all
                  1. reached the food                           0      0.0% of prev      0.0% of all
                  2. picked food up out there                   0      0.0% of prev      0.0% of all
                  3. turned for home with it                    0      0.0% of prev      0.0% of all
                  4. got back to the nest still holding it      0      0.0% of prev      0.0% of all
                  5. PUT IT DOWN there                          0      0.0% of prev      0.0% of all
                  6. went back out again                        0      0.0% of prev      0.0% of all
                  7. reached the food a SECOND time             0      0.0% of prev      0.0% of all
                RETURN LEDGER reached food    0 of   20 ants | came back    0 | trips laden    0 empty    0 | LOOPERS    0 of   20 ants ( 0.0% of those that reached food), repeat    0, most loops by one ant   0
                BY ANCHOR AT PICKUP  anchor ON nest material:    0 loops /    0 pickups (  0.0%) | anchor OFF it:    0 /    0 (  0.0%)
                BY BIRTH SITE  born ON comb:   0 of   0 that reached food looped (  0.0%) | born OFF comb:   0 of   0 (  0.0%)
                founded x   30..68   (nest cursor 48 MATERIAL x 26..70 20 of 20 founders born on it; food 248; nearest founder 180 cells out, farthest 218, nominal gap 200)  occupancy/1k [34 17 18 10 9 5 0 0]  carry->nest       0  born    0 died   20 (starved   20)
                own trail: route pk    0 end    0 along +0.0000  B nest->food [1040,3947,6854,9762,8347]  blocked      161  kin swaps       0  ticks     15995  tumbles      5017 (homeward        0, 0.00%)  drops       0  DELIVERED     0  leg home n    0 med     0 p90     0 (laden n    0 med     0 p90     0)  appetite held         0 J of         0  trips born-on-comb    0 (20 ants) / born-off    0 (0 ants)
                channel A: PEAK amt  32054 cells  154 (of 201 route)  POLARITY|| +0.08488 && +0.07868 SPAN +0.00591 edge   6.0  end nest->food [916,819,0,0,0]  nest   25  AtNest  8.93%
                Carrying: laden      6762  of which SPOIL      6762 (100.0%)
    DECISION CENSUS: 15166 decisions, reconciled against the rows and the engine's counters
      leg     setting          n  stepped    felllaunched swappedcrossingreversedblocked_roll_fairoll_fai no_body
      empty   pocket        1454     7.4%   12.5%    0.0%    0.0%    0.0%    0.0%    4.9%   35.1%   40.1%    0.0%
      empty   corridor      3161    46.1%    2.2%    0.0%    0.0%    0.0%    0.0%    0.2%   26.6%   25.0%    0.0%
      empty   junction      7467    40.7%    6.1%    0.0%    0.0%    0.0%    0.0%    0.5%   26.4%   26.2%    0.0%
      empty   open          2093    33.8%   11.4%    0.0%    0.0%    0.0%    0.0%    0.0%   26.9%   27.8%    0.0%
      spoil   pocket         468    11.8%    2.1%    0.0%    0.0%    0.0%    0.0%    9.4%   36.8%   40.0%    0.0%
      spoil   corridor       152    40.8%    0.7%    0.0%    0.0%    0.0%    0.0%    4.6%   27.0%   27.0%    0.0%
      spoil   junction       290    47.9%    1.4%    0.0%    0.0%    0.0%    0.0%    4.1%   23.4%   23.1%    0.0%
      spoil   open            81    55.6%    4.9%    0.0%    0.0%    0.0%    0.0%    0.0%   23.5%   16.0%    0.0%
    DECISIONS: rows not written (decisionnorows)
  200   18 hmute    0/0            0        0     6828        0        0    0/20        0         2 4 11 3 0
                A READ  ant-readable homeward along >= 0.02 on  42.5% of route-cell samples | FOODWARD  12.3% | plane lit on  61.1% | peak amt  37653 cells 177
                THE LOOP, ANT BY ANT:
                  0. lived                                     20    100.0% of prev    100.0% of all
                  1. reached the food                           0      0.0% of prev      0.0% of all
                  2. picked food up out there                   0      0.0% of prev      0.0% of all
                  3. turned for home with it                    0      0.0% of prev      0.0% of all
                  4. got back to the nest still holding it      0      0.0% of prev      0.0% of all
                  5. PUT IT DOWN there                          0      0.0% of prev      0.0% of all
                  6. went back out again                        0      0.0% of prev      0.0% of all
                  7. reached the food a SECOND time             0      0.0% of prev      0.0% of all
                RETURN LEDGER reached food    0 of   20 ants | came back    0 | trips laden    0 empty    0 | LOOPERS    0 of   20 ants ( 0.0% of those that reached food), repeat    0, most loops by one ant   0
                BY ANCHOR AT PICKUP  anchor ON nest material:    0 loops /    0 pickups (  0.0%) | anchor OFF it:    0 /    0 (  0.0%)
                BY BIRTH SITE  born ON comb:   0 of   0 that reached food looped (  0.0%) | born OFF comb:   0 of   0 (  0.0%)
                founded x   30..68   (nest cursor 48 MATERIAL x 26..70 20 of 20 founders born on it; food 248; nearest founder 180 cells out, farthest 218, nominal gap 200)  occupancy/1k [19 17 15 22 10 6 0 0]  carry->nest       0  born    0 died   20 (starved   20)
                own trail: route pk    0 end    0 along +0.0000  B nest->food [1040,3947,6854,9762,8347]  blocked      177  kin swaps       0  ticks     15166  tumbles      4365 (homeward        0, 0.00%)  drops       0  DELIVERED     0  leg home n    0 med     0 p90     0 (laden n    0 med     0 p90     0)  appetite held         0 J of         0  trips born-on-comb    0 (20 ants) / born-off    0 (0 ants)
                channel A: PEAK amt  37653 cells  177 (of 201 route)  POLARITY|| +0.07810 && +0.07069 SPAN +0.00136 edge   6.0  end nest->food [584,613,0,0,0]  nest   25  AtNest  6.67%
                Carrying: laden      5946  of which SPOIL      5946 (100.0%)
    DECISION CENSUS: 14598 decisions, reconciled against the rows and the engine's counters
      leg     setting          n  stepped    felllaunched swappedcrossingreversedblocked_roll_fairoll_fai no_body
      empty   pocket         795     9.1%   17.2%    0.0%    0.0%    0.0%    0.0%    5.0%   34.1%   34.6%    0.0%
      empty   corridor      1768    46.4%    2.9%    0.0%    0.0%    0.0%    0.0%    0.2%   23.7%   26.8%    0.0%
      empty   junction      7154    40.7%    7.0%    0.0%    0.0%    0.0%    0.0%    0.7%   25.3%   26.2%    0.0%
      empty   open          3931    35.4%   10.5%    0.0%    0.0%    0.0%    0.0%    0.0%   27.9%   26.3%    0.0%
      spoil   pocket         210    23.3%    5.2%    0.0%    0.0%    0.0%    0.0%   18.6%   25.7%   27.1%    0.0%
      spoil   corridor       185    49.7%    1.1%    0.0%    0.0%    0.0%    0.0%    5.9%   21.1%   22.2%    0.0%
      spoil   junction       396    50.8%    1.5%    0.0%    0.0%    0.0%    0.0%    5.3%   23.0%   19.4%    0.0%
      spoil   open           159    40.3%    1.9%    0.0%    0.0%    0.0%    0.0%    0.0%   23.9%   34.0%    0.0%
    DECISIONS: rows not written (decisionnorows)
  200   19 hmute    0/0            0        0     5196        0        0    0/20        0         1 8 10 1 0
                A READ  ant-readable homeward along >= 0.02 on  38.9% of route-cell samples | FOODWARD  12.4% | plane lit on  59.6% | peak amt  44659 cells 179
                THE LOOP, ANT BY ANT:
                  0. lived                                     20    100.0% of prev    100.0% of all
                  1. reached the food                           0      0.0% of prev      0.0% of all
                  2. picked food up out there                   0      0.0% of prev      0.0% of all
                  3. turned for home with it                    0      0.0% of prev      0.0% of all
                  4. got back to the nest still holding it      0      0.0% of prev      0.0% of all
                  5. PUT IT DOWN there                          0      0.0% of prev      0.0% of all
                  6. went back out again                        0      0.0% of prev      0.0% of all
                  7. reached the food a SECOND time             0      0.0% of prev      0.0% of all
                RETURN LEDGER reached food    0 of   20 ants | came back    0 | trips laden    0 empty    0 | LOOPERS    0 of   20 ants ( 0.0% of those that reached food), repeat    0, most loops by one ant   0
                BY ANCHOR AT PICKUP  anchor ON nest material:    0 loops /    0 pickups (  0.0%) | anchor OFF it:    0 /    0 (  0.0%)
                BY BIRTH SITE  born ON comb:   0 of   0 that reached food looped (  0.0%) | born OFF comb:   0 of   0 (  0.0%)
                founded x   30..68   (nest cursor 48 MATERIAL x 26..70 20 of 20 founders born on it; food 248; nearest founder 180 cells out, farthest 218, nominal gap 200)  occupancy/1k [10 14 23 24 11 2 0 0]  carry->nest       0  born    0 died   20 (starved   20)
                own trail: route pk    0 end    0 along +0.0000  B nest->food [1040,3947,6854,9762,8347]  blocked      168  kin swaps       0  ticks     14598  tumbles      3985 (homeward        0, 0.00%)  drops       0  DELIVERED     0  leg home n    0 med     0 p90     0 (laden n    0 med     0 p90     0)  appetite held         0 J of         0  trips born-on-comb    0 (20 ants) / born-off    0 (0 ants)
                channel A: PEAK amt  44659 cells  179 (of 201 route)  POLARITY|| +0.07531 && +0.06737 SPAN +0.00065 edge   6.2  end nest->food [361,570,0,0,0]  nest   25  AtNest  4.75%
                Carrying: laden      5700  of which SPOIL      5700 (100.0%)
    DECISION CENSUS: 15499 decisions, reconciled against the rows and the engine's counters
      leg     setting          n  stepped    felllaunched swappedcrossingreversedblocked_roll_fairoll_fai no_body
      empty   pocket        1810     5.2%    8.3%    0.0%    0.0%    0.0%    0.0%    3.3%   42.2%   40.9%    0.0%
      empty   corridor      3086    49.7%    1.9%    0.0%    0.0%    0.0%    0.0%    0.4%   24.2%   23.8%    0.0%
      empty   junction      6397    40.7%    6.0%    0.0%    0.0%    0.0%    0.0%    0.5%   27.4%   25.4%    0.0%
      empty   open          2319    36.1%    8.7%    0.0%    0.0%    0.0%    0.0%    0.0%   27.8%   27.4%    0.0%
      spoil   pocket         954     6.9%    1.7%    0.0%    0.0%    0.0%    0.0%    6.7%   42.2%   42.5%    0.0%
      spoil   corridor       552    36.2%    0.5%    0.0%    0.0%    0.0%    0.0%    0.9%   31.0%   31.3%    0.0%
      spoil   junction       325    45.2%    1.8%    0.0%    0.0%    0.0%    0.0%    4.9%   22.2%   25.8%    0.0%
      spoil   open            56    51.8%    0.0%    0.0%    0.0%    0.0%    0.0%    0.0%   19.6%   28.6%    0.0%
    DECISIONS: rows not written (decisionnorows)
  200   20 hmute    0/0            0        0     6024        0        0    0/20        0          3 5 9 3 0
                A READ  ant-readable homeward along >= 0.02 on  43.7% of route-cell samples | FOODWARD   9.5% | plane lit on  59.4% | peak amt  30266 cells 189
                THE LOOP, ANT BY ANT:
                  0. lived                                     20    100.0% of prev    100.0% of all
                  1. reached the food                           0      0.0% of prev      0.0% of all
                  2. picked food up out there                   0      0.0% of prev      0.0% of all
                  3. turned for home with it                    0      0.0% of prev      0.0% of all
                  4. got back to the nest still holding it      0      0.0% of prev      0.0% of all
                  5. PUT IT DOWN there                          0      0.0% of prev      0.0% of all
                  6. went back out again                        0      0.0% of prev      0.0% of all
                  7. reached the food a SECOND time             0      0.0% of prev      0.0% of all
                RETURN LEDGER reached food    0 of   20 ants | came back    0 | trips laden    0 empty    0 | LOOPERS    0 of   20 ants ( 0.0% of those that reached food), repeat    0, most loops by one ant   0
                BY ANCHOR AT PICKUP  anchor ON nest material:    0 loops /    0 pickups (  0.0%) | anchor OFF it:    0 /    0 (  0.0%)
                BY BIRTH SITE  born ON comb:   0 of   0 that reached food looped (  0.0%) | born OFF comb:   0 of   0 (  0.0%)
                founded x   30..68   (nest cursor 48 MATERIAL x 26..70 20 of 20 founders born on it; food 248; nearest founder 180 cells out, farthest 218, nominal gap 200)  occupancy/1k [31 9 22 14 9 3 1 0]  carry->nest       0  born    0 died   20 (starved   20)
                own trail: route pk    0 end    0 along +0.0000  B nest->food [1040,3947,6854,9762,8347]  blocked      186  kin swaps       0  ticks     15499  tumbles      4754 (homeward        0, 0.00%)  drops       0  DELIVERED     0  leg home n    0 med     0 p90     0 (laden n    0 med     0 p90     0)  appetite held         0 J of         0  trips born-on-comb    0 (20 ants) / born-off    0 (0 ants)
                channel A: PEAK amt  30266 cells  189 (of 201 route)  POLARITY|| +0.09127 && +0.08420 SPAN +0.00258 edge   6.1  end nest->food [1310,662,0,0,0]  nest   25  AtNest  6.41%
                Carrying: laden     11322  of which SPOIL     11322 (100.0%)
    DECISION CENSUS: 15206 decisions, reconciled against the rows and the engine's counters
      leg     setting          n  stepped    felllaunched swappedcrossingreversedblocked_roll_fairoll_fai no_body
      empty   pocket        1705     5.9%   10.2%    0.0%    0.0%    0.0%    0.0%    3.2%   39.4%   41.3%    0.0%
      empty   corridor      2399    46.0%    3.0%    0.0%    0.0%    0.0%    0.0%    0.5%   24.6%   26.0%    0.0%
      empty   junction      7003    40.6%    6.2%    0.0%    0.0%    0.0%    0.0%    0.3%   25.7%   27.2%    0.0%
      empty   open          2398    38.3%    9.0%    0.0%    0.0%    0.0%    0.0%    0.0%   26.9%   25.8%    0.0%
      spoil   pocket         869    20.1%    0.5%    0.0%    0.0%    0.0%    0.0%   15.0%   31.0%   33.5%    0.0%
      spoil   corridor       405    51.1%    0.2%    0.0%    0.0%    0.0%    0.0%    2.5%   25.4%   20.7%    0.0%
      spoil   junction       342    40.9%    1.5%    0.0%    0.0%    0.0%    0.0%    3.5%   25.7%   28.4%    0.0%
      spoil   open            85    43.5%    3.5%    0.0%    0.0%    0.0%    0.0%    0.0%   24.7%   28.2%    0.0%
    DECISIONS: rows not written (decisionnorows)
  200   21 hmute    0/0            0     4086     6060        0        0    1/20        0         3 3 12 2 0
                A READ  ant-readable homeward along >= 0.02 on  41.6% of route-cell samples | FOODWARD  10.4% | plane lit on  57.3% | peak amt  32585 cells 194
                THE LOOP, ANT BY ANT:
                  0. lived                                     20    100.0% of prev    100.0% of all
                  1. reached the food                           1      5.0% of prev      5.0% of all
                  2. picked food up out there                   0      0.0% of prev      0.0% of all
                  3. turned for home with it                    0      0.0% of prev      0.0% of all
                  4. got back to the nest still holding it      0      0.0% of prev      0.0% of all
                  5. PUT IT DOWN there                          0      0.0% of prev      0.0% of all
                  6. went back out again                        0      0.0% of prev      0.0% of all
                  7. reached the food a SECOND time             0      0.0% of prev      0.0% of all
                RETURN LEDGER reached food    1 of   20 ants | came back    0 | trips laden    0 empty    0 | LOOPERS    0 of   20 ants ( 0.0% of those that reached food), repeat    0, most loops by one ant   0
                BY ANCHOR AT PICKUP  anchor ON nest material:    0 loops /    0 pickups (  0.0%) | anchor OFF it:    0 /    0 (  0.0%)
                BY BIRTH SITE  born ON comb:   0 of   1 that reached food looped (  0.0%) | born OFF comb:   0 of   0 (  0.0%)
                founded x   30..68   (nest cursor 48 MATERIAL x 26..70 20 of 20 founders born on it; food 248; nearest founder 180 cells out, farthest 218, nominal gap 200)  occupancy/1k [24 15 19 21 7 1 0 0]  carry->nest       0  born    0 died   20 (starved   20)
                own trail: route pk    0 end    0 along +0.0000  B nest->food [1040,3947,6854,9762,8347]  blocked      239  kin swaps       0  ticks     15206  tumbles      4424 (homeward        0, 0.00%)  drops       0  DELIVERED     0  leg home n    0 med     0 p90     0 (laden n    0 med     0 p90     0)  appetite held         0 J of         0  trips born-on-comb    0 (20 ants) / born-off    0 (0 ants)
                channel A: PEAK amt  32585 cells  194 (of 201 route)  POLARITY|| +0.08846 && +0.08125 SPAN +0.00248 edge   6.4  end nest->food [1107,780,0,0,0]  nest   25  AtNest 11.43%
                Carrying: laden     10206  of which SPOIL     10206 (100.0%)
    DECISION CENSUS: 15175 decisions, reconciled against the rows and the engine's counters
      leg     setting          n  stepped    felllaunched swappedcrossingreversedblocked_roll_fairoll_fai no_body
      empty   pocket         800     3.6%   24.9%    0.0%    0.0%    0.0%    0.0%    1.2%   35.6%   34.6%    0.0%
      empty   corridor      3072    50.0%    2.0%    0.0%    0.0%    0.0%    0.0%    0.1%   23.9%   24.1%    0.0%
      empty   junction      7067    41.3%    6.6%    0.0%    0.0%    0.0%    0.0%    0.3%   25.8%   25.9%    0.0%
      empty   open          1984    36.4%   10.6%    0.0%    0.0%    0.0%    0.0%    0.0%   26.9%   26.1%    0.0%
      spoil   pocket        1322    13.8%    0.3%    0.0%    0.0%    0.0%    0.0%   11.8%   36.2%   37.9%    0.0%
      spoil   corridor       564    41.5%    0.0%    0.0%    0.0%    0.0%    0.0%    0.4%   27.5%   30.7%    0.0%
      spoil   junction       287    42.2%    2.4%    0.0%    0.0%    0.0%    0.0%    5.6%   28.6%   21.3%    0.0%
      spoil   open            79    35.4%    2.5%    0.0%    0.0%    0.0%    0.0%    0.0%   32.9%   29.1%    0.0%
    DECISIONS: rows not written (decisionnorows)
  200   22 hmute    0/0            0        0     5346        0        0    0/20        0         2 2 13 3 0
                A READ  ant-readable homeward along >= 0.02 on  46.4% of route-cell samples | FOODWARD  10.6% | plane lit on  62.0% | peak amt  33286 cells 173
                THE LOOP, ANT BY ANT:
                  0. lived                                     20    100.0% of prev    100.0% of all
                  1. reached the food                           0      0.0% of prev      0.0% of all
                  2. picked food up out there                   0      0.0% of prev      0.0% of all
                  3. turned for home with it                    0      0.0% of prev      0.0% of all
                  4. got back to the nest still holding it      0      0.0% of prev      0.0% of all
                  5. PUT IT DOWN there                          0      0.0% of prev      0.0% of all
                  6. went back out again                        0      0.0% of prev      0.0% of all
                  7. reached the food a SECOND time             0      0.0% of prev      0.0% of all
                RETURN LEDGER reached food    0 of   20 ants | came back    0 | trips laden    0 empty    0 | LOOPERS    0 of   20 ants ( 0.0% of those that reached food), repeat    0, most loops by one ant   0
                BY ANCHOR AT PICKUP  anchor ON nest material:    0 loops /    0 pickups (  0.0%) | anchor OFF it:    0 /    0 (  0.0%)
                BY BIRTH SITE  born ON comb:   0 of   0 that reached food looped (  0.0%) | born OFF comb:   0 of   0 (  0.0%)
                founded x   30..68   (nest cursor 48 MATERIAL x 26..70 20 of 20 founders born on it; food 248; nearest founder 180 cells out, farthest 218, nominal gap 200)  occupancy/1k [24 10 18 18 12 4 1 0]  carry->nest       0  born    0 died   20 (starved   20)
                own trail: route pk    0 end    0 along +0.0000  B nest->food [1040,3947,6854,9762,8347]  blocked      205  kin swaps       0  ticks     15175  tumbles      4325 (homeward        0, 0.00%)  drops       0  DELIVERED     0  leg home n    0 med     0 p90     0 (laden n    0 med     0 p90     0)  appetite held         0 J of         0  trips born-on-comb    0 (20 ants) / born-off    0 (0 ants)
                channel A: PEAK amt  33286 cells  173 (of 201 route)  POLARITY|| +0.07868 && +0.07195 SPAN +0.00330 edge   6.0  end nest->food [737,694,0,0,0]  nest   25  AtNest  8.55%
                Carrying: laden     13512  of which SPOIL     13512 (100.0%)
    DECISION CENSUS: 15598 decisions, reconciled against the rows and the engine's counters
      leg     setting          n  stepped    felllaunched swappedcrossingreversedblocked_roll_fairoll_fai no_body
      empty   pocket        1299     6.4%   17.3%    0.0%    0.0%    0.0%    0.0%    4.2%   36.6%   35.6%    0.0%
      empty   corridor      3451    39.4%    2.1%    0.0%    0.0%    0.0%    0.0%    0.8%   30.0%   27.7%    0.0%
      empty   junction      6824    38.9%    5.3%    0.0%    0.0%    0.0%    0.0%    0.7%   27.6%   27.5%    0.0%
      empty   open          1609    41.2%    7.0%    0.0%    0.0%    0.0%    0.0%    0.0%   26.6%   25.2%    0.0%
      spoil   pocket         778    11.8%    1.2%    0.0%    0.0%    0.0%    0.0%   11.3%   39.2%   36.5%    0.0%
      spoil   corridor       955    22.2%    0.1%    0.0%    0.0%    0.0%    0.0%    1.2%   39.1%   37.5%    0.0%
      spoil   junction       575    39.3%    1.6%    0.0%    0.0%    0.0%    0.0%    3.1%   27.0%   29.0%    0.0%
      spoil   open           107    41.1%    0.9%    0.0%    0.0%    0.0%    0.0%    0.0%   30.8%   27.1%    0.0%
    DECISIONS: rows not written (decisionnorows)
  200   23 hmute    0/0            0     4116     5100        0        0    1/20        0          2 9 7 2 0
                A READ  ant-readable homeward along >= 0.02 on  41.9% of route-cell samples | FOODWARD  11.3% | plane lit on  56.5% | peak amt  33199 cells 193
                THE LOOP, ANT BY ANT:
                  0. lived                                     20    100.0% of prev    100.0% of all
                  1. reached the food                           1      5.0% of prev      5.0% of all
                  2. picked food up out there                   0      0.0% of prev      0.0% of all
                  3. turned for home with it                    0      0.0% of prev      0.0% of all
                  4. got back to the nest still holding it      0      0.0% of prev      0.0% of all
                  5. PUT IT DOWN there                          0      0.0% of prev      0.0% of all
                  6. went back out again                        0      0.0% of prev      0.0% of all
                  7. reached the food a SECOND time             0      0.0% of prev      0.0% of all
                RETURN LEDGER reached food    1 of   20 ants | came back    0 | trips laden    0 empty    0 | LOOPERS    0 of   20 ants ( 0.0% of those that reached food), repeat    0, most loops by one ant   0
                BY ANCHOR AT PICKUP  anchor ON nest material:    0 loops /    0 pickups (  0.0%) | anchor OFF it:    0 /    0 (  0.0%)
                BY BIRTH SITE  born ON comb:   0 of   1 that reached food looped (  0.0%) | born OFF comb:   0 of   0 (  0.0%)
                founded x   30..68   (nest cursor 48 MATERIAL x 26..70 20 of 20 founders born on it; food 248; nearest founder 180 cells out, farthest 218, nominal gap 200)  occupancy/1k [34 12 19 16 7 1 1 0]  carry->nest       0  born    0 died   20 (starved   20)
                own trail: route pk    0 end    0 along +0.0000  B nest->food [1040,3947,6854,9762,8347]  blocked      250  kin swaps       0  ticks     15598  tumbles      4937 (homeward        0, 0.00%)  drops       0  DELIVERED     0  leg home n    0 med     0 p90     0 (laden n    0 med     0 p90     0)  appetite held         0 J of         0  trips born-on-comb    0 (20 ants) / born-off    0 (0 ants)
                channel A: PEAK amt  33199 cells  193 (of 201 route)  POLARITY|| +0.08889 && +0.08219 SPAN +0.00268 edge   6.8  end nest->food [932,909,0,0,0]  nest   25  AtNest  9.21%
                Carrying: laden     14490  of which SPOIL     14490 (100.0%)
    DECISION CENSUS: 14204 decisions, reconciled against the rows and the engine's counters
      leg     setting          n  stepped    felllaunched swappedcrossingreversedblocked_roll_fairoll_fai no_body
      empty   pocket         357     4.5%   42.6%    0.0%    0.0%    0.0%    0.0%    1.4%   26.9%   24.6%    0.0%
      empty   corridor      2499    44.8%    3.1%    0.0%    0.0%    0.0%    0.0%    0.2%   25.7%   26.2%    0.0%
      empty   junction      8090    42.4%    6.4%    0.0%    0.0%    0.0%    0.0%    0.5%   25.3%   25.4%    0.0%
      empty   open          2668    35.3%   10.6%    0.0%    0.0%    0.0%    0.0%    0.0%   27.2%   26.8%    0.0%
      spoil   pocket         196     0.5%    2.0%    0.0%    0.0%    0.0%    0.0%    1.5%   46.9%   49.0%    0.0%
      spoil   corridor        32    37.5%    6.2%    0.0%    0.0%    0.0%    0.0%    9.4%   12.5%   34.4%    0.0%
      spoil   junction       287    47.0%    2.8%    0.0%    0.0%    0.0%    0.0%    6.3%   17.8%   26.1%    0.0%
      spoil   open            75    44.0%    2.7%    0.0%    0.0%    0.0%    0.0%    0.0%   24.0%   29.3%    0.0%
    DECISIONS: rows not written (decisionnorows)
  200   24 hmute    0/0            0        0     5010        0        0    0/20        0         1 7 10 2 0
                A READ  ant-readable homeward along >= 0.02 on  43.7% of route-cell samples | FOODWARD  10.7% | plane lit on  60.5% | peak amt  37667 cells 193
                THE LOOP, ANT BY ANT:
                  0. lived                                     20    100.0% of prev    100.0% of all
                  1. reached the food                           0      0.0% of prev      0.0% of all
                  2. picked food up out there                   0      0.0% of prev      0.0% of all
                  3. turned for home with it                    0      0.0% of prev      0.0% of all
                  4. got back to the nest still holding it      0      0.0% of prev      0.0% of all
                  5. PUT IT DOWN there                          0      0.0% of prev      0.0% of all
                  6. went back out again                        0      0.0% of prev      0.0% of all
                  7. reached the food a SECOND time             0      0.0% of prev      0.0% of all
                RETURN LEDGER reached food    0 of   20 ants | came back    0 | trips laden    0 empty    0 | LOOPERS    0 of   20 ants ( 0.0% of those that reached food), repeat    0, most loops by one ant   0
                BY ANCHOR AT PICKUP  anchor ON nest material:    0 loops /    0 pickups (  0.0%) | anchor OFF it:    0 /    0 (  0.0%)
                BY BIRTH SITE  born ON comb:   0 of   0 that reached food looped (  0.0%) | born OFF comb:   0 of   0 (  0.0%)
                founded x   30..68   (nest cursor 48 MATERIAL x 26..70 20 of 20 founders born on it; food 248; nearest founder 180 cells out, farthest 218, nominal gap 200)  occupancy/1k [10 13 25 15 14 3 1 0]  carry->nest       0  born    0 died   20 (starved   19)
                own trail: route pk    0 end    0 along +0.0000  B nest->food [1040,3947,6854,9762,8347]  blocked       76  kin swaps       0  ticks     14205  tumbles      3750 (homeward        0, 0.00%)  drops       0  DELIVERED     0  leg home n    0 med     0 p90     0 (laden n    0 med     0 p90     0)  appetite held         0 J of         0  trips born-on-comb    0 (20 ants) / born-off    0 (0 ants)
                channel A: PEAK amt  37667 cells  193 (of 201 route)  POLARITY|| +0.07565 && +0.06860 SPAN +0.00232 edge   6.2  end nest->food [350,619,0,0,0]  nest   25  AtNest  7.38%
                Carrying: laden      3540  of which SPOIL      3540 (100.0%)

  larder put out, over the whole sweep: 96000-118320 J, against a need near 46,800 J
    for 52 ants over 24,000 frames -- so these colonies are provisioned, not starved.
  intake off anything that is not the larder is ASSERTED to be 0 in every row, not printed.

  `self` vs `mute` is the real question: do the ants' OWN trails do anything?
  `visitors` is DISTINCT ants that reached the food over distinct ants that ever lived --
    recruitment, which `near` ant-ticks cannot see: 50 visitors and 1 resident read alike.
  `trips` is nest -> food -> nest, closed on the RETURN. `reach` buckets every ant by how
  `occupancy` is ant-ticks in 8 equal bands, NEST END FIRST, food end last -- a commuting
    colony is bimodal, a dispersing one slides its mass right, a homebody is a spike at 0.
  `carry->nest` is signed cells moved while holding larder, POSITIVE = homeward. Near zero
    means food is picked up and wandered with, which is a different fault from not finding it.
    far it ever got, as a share of the gap, so a commuting population is visible as a shape.
  `hand` vs `self` only says whether a laid ramp beats what they bootstrap.
  `hmute` is the DECAY BASELINE for `route pk`: our ramp laid, the ants silenced.
  `flatN`/`flatF` are the POLARITY metric's negative controls: a FLAT channel A blob over
    the nest half / the food half, ants' EmitA silenced. A field with no ramp in it at all.
    A correct metric reads 0 on both. POLARITY|| is predicted to read ~+0.12 and ~-0.12,
    which brackets every polarity figure in the report -- see `lay_flat`.
  `homeA` lays a channel A HOMING ramp and no food trail -- if laden ants only fail
    to route because they cannot find their way home, this is where their own B appears.
  `carry` is ant-ticks holding larder in the crop; `carry@nest` is those inside the +-26 nest band --
    that pair is the answer to "is food being carried back", which a cell census cannot give.
  `other J` must read 0 in every row: it is the check that `onlyfood` held.
  A gap where `alive` reaches 0 in every arm is measuring a dead colony, not a deaf one.
