  diet: larder=fruit onlyfood=on
  odometer A: recur=shipped emita=shipped biasa=shipped   odometer B: charb=shipped recurb=shipped emitb=shipped biasb=shipped carryb=shipped
trailfollow: mode=gap gate=shipped frames=24000 seeds=24 seed0=1 ants=20 relay=60 near=10 food=400 refill=400 stop=6000 homebias=shipped cropcap=shipped hungergate=shipped arho=shipped brho=shipped adiffuse=shipped arise=off/off tumble=shipped persist=shipped tumblegrad=shipped homewire=shipped
  gate shipped: off -45.0  on +0.5  along ±6.0
  breadoff=false decisioncsv=true dtag= COLONY_SPACING=2 STACK_DEPTH=4 layfrom=founders
  landed 2026-09-09: units 0/1 = b2 (off -45, on +0.5, along 6); units 2/3 = saturated (off -45, on +30, along 6). See open-bugs-handoff.md Z7.

  gap seed   arm     alive     ate J  arrive@    dead@    carry    @nest  visitors  trips reach 0-25-50-75-100
----- ---- ----- --------- --------- -------- -------- -------- -------- --------- ------ ------------------
    DECISION CENSUS: 12640 decisions, reconciled against the rows and the engine's counters
      leg     setting          n  stepped    felllaunched swappedcrossingreversedblocked_roll_fairoll_fai no_body
      empty   pocket         529    14.4%   32.9%    0.0%    0.0%    0.0%    0.0%    6.2%   23.4%   23.1%    0.0%
      empty   corridor      1589    47.8%    4.7%    0.0%    0.0%    0.0%    0.0%    3.2%   22.3%   22.0%    0.0%
      empty   junction      5715    39.3%    6.5%    0.0%    0.0%    0.0%    0.0%    1.5%   25.8%   26.8%    0.0%
      empty   open          2435    38.9%    7.4%    0.0%    0.0%    0.0%    0.0%    0.0%   28.5%   25.1%    0.0%
      spoil   pocket         899    31.1%    1.1%    0.0%    0.0%    0.0%    0.0%   23.7%   22.2%   21.8%    0.0%
      spoil   corridor       411    39.4%    0.7%    0.0%    0.0%    0.0%    0.0%   14.4%   20.7%   24.8%    0.0%
      spoil   junction       915    46.9%    1.9%    0.0%    0.0%    0.0%    0.0%    4.4%   22.1%   24.8%    0.0%
      spoil   open           147    54.4%    6.1%    0.0%    0.0%    0.0%    0.0%    0.0%   15.0%   24.5%    0.0%
    DECISIONS: rows not written (decisionnorows)
   90    1  self    0/0            0        0     4272        0        0    0/20        0         14 5 1 0 0
                A READ  ant-readable homeward along >= 0.02 on  58.4% of route-cell samples | FOODWARD   0.8% | plane lit on  60.4% | peak amt  65535 cells  70
                THE LOOP, ANT BY ANT:
                  0. lived                                     20    100.0% of prev    100.0% of all
                  1. reached the food                           0      0.0% of prev      0.0% of all
                  2. picked food up out there                   0      0.0% of prev      0.0% of all
                  3. turned for home with it                    0      0.0% of prev      0.0% of all
                  4. got back to the nest still holding it      0      0.0% of prev      0.0% of all
                  5. PUT IT DOWN there                          0      0.0% of prev      0.0% of all
                  6. went back out again                        0      0.0% of prev      0.0% of all
                  7. reached the food a SECOND time             0      0.0% of prev      0.0% of all
                RETURN LEDGER reached food    0 of   20 ants | came back    0 | trips laden    0 empty    0 | LOOPERS    0 of   20 ants ( 0.0% of those that reached food), repeat    0, most loops by one ant   0
                BY ANCHOR AT PICKUP  anchor ON nest material:    0 loops /    0 pickups (  0.0%) | anchor OFF it:    0 /    0 (  0.0%)
                BY BIRTH SITE  born ON comb:   0 of   0 that reached food looped (  0.0%) | born OFF comb:   0 of   0 (  0.0%)
                founded x   30..68   (nest cursor 48 MATERIAL x 26..70 20 of 20 founders born on it; food 138; nearest founder 70 cells out, farthest 108, nominal gap 90)  occupancy/1k [57 15 1 0 0 0 0 0]  carry->nest       0  born    0 died   20 (starved   20)
                own trail: route pk    0 end    0 along +0.0000  B nest->food [0,0,0,0,0]  blocked      482  kin swaps       0  ticks     12640  tumbles      3640 (homeward        0, 0.00%)  drops       0  DELIVERED     0  leg home n    0 med     0 p90     0 (laden n    0 med     0 p90     0)  appetite held         0 J of         0  trips born-on-comb    0 (20 ants) / born-off    0 (0 ants)
                channel A: PEAK amt  65535 cells   70 (of 91 route)  POLARITY|| +0.26906 && +0.27474 SPAN +0.02173 edge   6.0  end nest->food [12857,7402,582,0,0]  nest   25  AtNest 34.45%
                Carrying: laden     14232  of which SPOIL     14232 (100.0%)
    DECISION CENSUS: 12346 decisions, reconciled against the rows and the engine's counters
      leg     setting          n  stepped    felllaunched swappedcrossingreversedblocked_roll_fairoll_fai no_body
      empty   pocket         723    18.7%   25.4%    0.0%    0.0%    0.0%    0.0%    8.7%   23.9%   23.2%    0.0%
      empty   corridor      1615    46.4%    3.7%    0.0%    0.0%    0.0%    0.0%    1.7%   25.6%   22.7%    0.0%
      empty   junction      5790    39.9%    5.5%    0.0%    0.0%    0.0%    0.0%    1.2%   26.9%   26.5%    0.0%
      empty   open          1971    41.7%    9.6%    0.0%    0.0%    0.0%    0.0%    0.0%   24.1%   24.6%    0.0%
      spoil   pocket         417    28.5%    2.2%    0.0%    0.0%    0.0%    0.0%   23.0%   20.4%   25.9%    0.0%
      spoil   corridor       646    45.8%    0.3%    0.0%    0.0%    0.0%    0.0%    7.4%   20.9%   25.5%    0.0%
      spoil   junction      1063    48.2%    1.0%    0.0%    0.0%    0.0%    0.0%    5.0%   22.5%   23.3%    0.0%
      spoil   open           121    51.2%    5.0%    0.0%    0.0%    0.0%    0.0%    0.0%   21.5%   22.3%    0.0%
    DECISIONS: rows not written (decisionnorows)
   90    2  self    0/0            0        0     3936        0        0    0/20        0          9 7 4 0 0
                A READ  ant-readable homeward along >= 0.02 on  59.0% of route-cell samples | FOODWARD   3.9% | plane lit on  68.6% | peak amt  65535 cells  71
                THE LOOP, ANT BY ANT:
                  0. lived                                     20    100.0% of prev    100.0% of all
                  1. reached the food                           0      0.0% of prev      0.0% of all
                  2. picked food up out there                   0      0.0% of prev      0.0% of all
                  3. turned for home with it                    0      0.0% of prev      0.0% of all
                  4. got back to the nest still holding it      0      0.0% of prev      0.0% of all
                  5. PUT IT DOWN there                          0      0.0% of prev      0.0% of all
                  6. went back out again                        0      0.0% of prev      0.0% of all
                  7. reached the food a SECOND time             0      0.0% of prev      0.0% of all
                RETURN LEDGER reached food    0 of   20 ants | came back    0 | trips laden    0 empty    0 | LOOPERS    0 of   20 ants ( 0.0% of those that reached food), repeat    0, most loops by one ant   0
                BY ANCHOR AT PICKUP  anchor ON nest material:    0 loops /    0 pickups (  0.0%) | anchor OFF it:    0 /    0 (  0.0%)
                BY BIRTH SITE  born ON comb:   0 of   0 that reached food looped (  0.0%) | born OFF comb:   0 of   0 (  0.0%)
                founded x   30..68   (nest cursor 48 MATERIAL x 26..70 20 of 20 founders born on it; food 138; nearest founder 70 cells out, farthest 108, nominal gap 90)  occupancy/1k [47 15 6 3 0 0 0 0]  carry->nest       0  born    0 died   20 (starved   20)
                own trail: route pk    0 end    0 along +0.0000  B nest->food [0,0,0,0,0]  blocked      359  kin swaps       0  ticks     12346  tumbles      3462 (homeward        0, 0.00%)  drops       0  DELIVERED     0  leg home n    0 med     0 p90     0 (laden n    0 med     0 p90     0)  appetite held         0 J of         0  trips born-on-comb    0 (20 ants) / born-off    0 (0 ants)
                channel A: PEAK amt  65535 cells   71 (of 91 route)  POLARITY|| +0.23253 && +0.23134 SPAN +0.01528 edge   6.0  end nest->food [11038,9105,1825,0,0]  nest   25  AtNest 38.36%
                Carrying: laden     13482  of which SPOIL     13482 (100.0%)
    DECISION CENSUS: 15547 decisions, reconciled against the rows and the engine's counters
      leg     setting          n  stepped    felllaunched swappedcrossingreversedblocked_roll_fairoll_fai no_body
      empty   pocket         826     9.9%   22.5%    0.0%    0.0%    0.0%    0.0%    4.1%   33.2%   30.3%    0.0%
      empty   corridor      2890    39.5%    1.8%    0.0%    0.0%    0.0%    0.0%    1.3%   28.7%   28.8%    0.0%
      empty   junction      6534    31.4%    4.6%    0.0%    0.0%    0.0%    0.0%    0.8%   31.6%   31.6%    0.0%
      empty   open          2603    26.7%    4.2%    0.0%    0.0%    0.0%    0.0%    0.0%   33.9%   35.2%    0.0%
      laden   pocket          59     1.7%   13.6%    0.0%    0.0%    0.0%    0.0%    0.0%   37.3%   47.5%    0.0%
      laden   corridor       131    26.7%    0.8%    0.0%    0.0%    0.0%    0.0%    0.8%   38.2%   33.6%    0.0%
      laden   junction       339    15.6%    0.6%    0.0%    0.0%    0.0%    0.0%    0.6%   43.1%   40.1%    0.0%
      laden   open            38    26.3%    2.6%    0.0%    0.0%    0.0%    0.0%    0.0%   34.2%   36.8%    0.0%
      spoil   pocket         758    30.1%    0.7%    0.0%    0.0%    0.0%    0.0%   23.5%   24.1%   21.6%    0.0%
      spoil   corridor       501    43.7%    0.2%    0.0%    0.0%    0.0%    0.0%   10.2%   25.3%   20.6%    0.0%
      spoil   junction       752    43.0%    0.7%    0.0%    0.0%    0.0%    0.0%    4.1%   27.3%   25.0%    0.0%
      spoil   open           116    47.4%    1.7%    0.0%    0.0%    0.0%    0.0%    0.0%   25.9%   25.0%    0.0%
    DECISIONS: rows not written (decisionnorows)
   90    3  self    0/0          445     2052     7512     3402     2424    1/20        1         12 3 4 1 0
                A READ  ant-readable homeward along >= 0.02 on  61.1% of route-cell samples | FOODWARD   4.2% | plane lit on  70.4% | peak amt  65535 cells  88
                THE LOOP, ANT BY ANT:
                  0. lived                                     20    100.0% of prev    100.0% of all
                  1. reached the food                           1      5.0% of prev      5.0% of all
                  2. picked food up out there                   1    100.0% of prev      5.0% of all
                  3. turned for home with it                    1    100.0% of prev      5.0% of all
                  4. got back to the nest still holding it      1    100.0% of prev      5.0% of all
                  5. PUT IT DOWN there                          1    100.0% of prev      5.0% of all
                  6. went back out again                        0      0.0% of prev      0.0% of all
                  7. reached the food a SECOND time             0      0.0% of prev      0.0% of all
                RETURN LEDGER reached food    1 of   20 ants | came back    1 | trips laden    1 empty    0 | LOOPERS    1 of   20 ants (100.0% of those that reached food), repeat    0, most loops by one ant   1
                BY ANCHOR AT PICKUP  anchor ON nest material:    1 loops /    1 pickups (100.0%) | anchor OFF it:    0 /    0 (  0.0%)
                BY BIRTH SITE  born ON comb:   1 of   1 that reached food looped (100.0%) | born OFF comb:   0 of   0 (  0.0%)
                LEGS legs[877] laden[877]
                founded x   30..68   (nest cursor 48 MATERIAL x 26..70 20 of 20 founders born on it; food 138; nearest founder 70 cells out, farthest 108, nominal gap 90)  occupancy/1k [53 30 3 3 1 0 0 0]  carry->nest      69  born    0 died   20 (starved   19)
                own trail: route pk   68 end    0 along +0.0000  B nest->food [0,37,21,18,0]  blocked      388  kin swaps       0  ticks     15548  tumbles      5215 (homeward       40, 0.77%)  drops      40  DELIVERED    40  leg home n    1 med   877 p90   877 (laden n    1 med   877 p90   877)  appetite held         0 J of      1874  trips born-on-comb    1 (20 ants) / born-off    0 (0 ants)
                channel A: PEAK amt  65535 cells   88 (of 91 route)  POLARITY|| +0.22772 && +0.23018 SPAN +0.02928 edge   5.8  end nest->food [10416,7317,1054,0,0]  nest   25  AtNest 39.05%
                Carrying: laden     16164  of which SPOIL     12762 ( 79.0%)
    DECISION CENSUS: 15204 decisions, reconciled against the rows and the engine's counters
      leg     setting          n  stepped    felllaunched swappedcrossingreversedblocked_roll_fairoll_fai no_body
      empty   pocket         732    19.3%   15.0%    0.0%    0.0%    0.0%    0.0%   10.4%   26.6%   28.7%    0.0%
      empty   corridor      2074    41.5%    3.0%    0.0%    0.0%    0.0%    0.0%    1.9%   27.2%   26.3%    0.0%
      empty   junction      6326    35.5%    4.6%    0.0%    0.0%    0.0%    0.0%    1.3%   29.0%   29.5%    0.0%
      empty   open          2337    37.4%    6.7%    0.0%    0.0%    0.0%    0.0%    0.0%   28.6%   27.2%    0.0%
      laden   pocket         271     0.7%    0.0%    0.0%    0.0%    0.0%    0.0%    0.4%   48.0%   50.9%    0.0%
      laden   corridor       434    11.8%    0.0%    0.0%    0.0%    0.0%    0.0%    0.2%   46.3%   41.7%    0.0%
      laden   junction       500     6.8%    0.0%    0.0%    0.0%    0.0%    0.0%    0.0%   42.6%   50.6%    0.0%
      laden   open            57    15.8%    1.8%    0.0%    0.0%    0.0%    0.0%    0.0%   45.6%   36.8%    0.0%
      spoil   pocket         665    29.3%    1.2%    0.0%    0.0%    0.0%    0.0%   23.8%   23.2%   22.6%    0.0%
      spoil   corridor       622    42.1%    0.3%    0.0%    0.0%    0.0%    0.0%   14.3%   22.0%   21.2%    0.0%
      spoil   junction      1032    49.6%    2.1%    0.0%    0.0%    0.0%    0.0%    4.7%   23.2%   20.3%    0.0%
      spoil   open           154    51.3%    3.2%    0.0%    0.0%    0.0%    0.0%    0.0%   18.8%   26.6%    0.0%
    DECISIONS: rows not written (decisionnorows)
   90    4  self    0/0         1465     3198    16626     7572     7020    1/21        1         13 5 1 2 0
                A READ  ant-readable homeward along >= 0.02 on  61.4% of route-cell samples | FOODWARD   1.4% | plane lit on  70.8% | peak amt  65535 cells  90
                THE LOOP, ANT BY ANT:
                  0. lived                                     21    100.0% of prev    100.0% of all
                  1. reached the food                           1      4.8% of prev      4.8% of all
                  2. picked food up out there                   1    100.0% of prev      4.8% of all
                  3. turned for home with it                    1    100.0% of prev      4.8% of all
                  4. got back to the nest still holding it      1    100.0% of prev      4.8% of all
                  5. PUT IT DOWN there                          1    100.0% of prev      4.8% of all
                  6. went back out again                        0      0.0% of prev      0.0% of all
                  7. reached the food a SECOND time             0      0.0% of prev      0.0% of all
                RETURN LEDGER reached food    1 of   21 ants | came back    1 | trips laden    1 empty    0 | LOOPERS    1 of   21 ants (100.0% of those that reached food), repeat    0, most loops by one ant   1
                BY ANCHOR AT PICKUP  anchor ON nest material:    1 loops /    1 pickups (100.0%) | anchor OFF it:    0 /    0 (  0.0%)
                BY BIRTH SITE  born ON comb:   1 of   1 that reached food looped (100.0%) | born OFF comb:   0 of   0 (  0.0%)
                LEGS legs[445] laden[445]
                founded x   30..68   (nest cursor 48 MATERIAL x 26..70 20 of 21 founders born on it; food 138; nearest founder 70 cells out, farthest 108, nominal gap 90)  occupancy/1k [54 30 2 2 0 0 0 0]  carry->nest      67  born    1 died   21 (starved   21)
                own trail: route pk   74 end    0 along +0.0000  B nest->food [0,61,19,19,0]  blocked      494  kin swaps       0  ticks     15204  tumbles      4888 (homeward       32, 0.65%)  drops     413  DELIVERED   413  leg home n    1 med   445 p90   445 (laden n    1 med   445 p90   445)  appetite held         0 J of      4178  trips born-on-comb    1 (21 ants) / born-off    0 (0 ants)
                channel A: PEAK amt  65535 cells   90 (of 91 route)  POLARITY|| +0.23531 && +0.23733 SPAN +0.01565 edge   5.5  end nest->food [12111,9115,1220,0,0]  nest   25  AtNest 44.52%
                Carrying: laden     22410  of which SPOIL     14934 ( 66.6%)
    DECISION CENSUS: 14573 decisions, reconciled against the rows and the engine's counters
      leg     setting          n  stepped    felllaunched swappedcrossingreversedblocked_roll_fairoll_fai no_body
      empty   pocket         713    19.6%   24.0%    0.0%    0.0%    0.0%    0.0%   10.1%   22.3%   24.0%    0.0%
      empty   corridor      2072    44.4%    2.5%    0.0%    0.0%    0.0%    0.0%    0.8%   24.9%   27.4%    0.0%
      empty   junction      6357    34.3%    4.4%    0.0%    0.0%    0.0%    0.0%    0.9%   29.9%   30.5%    0.0%
      empty   open          1944    39.7%    6.8%    0.0%    0.0%    0.0%    0.0%    0.0%   27.6%   25.9%    0.0%
      laden   pocket           4     0.0%   75.0%    0.0%    0.0%    0.0%    0.0%    0.0%    0.0%   25.0%    0.0%
      laden   corridor       320    17.5%    0.0%    0.0%    0.0%    0.0%    0.0%    0.3%   40.6%   41.6%    0.0%
      laden   junction      1055     7.6%    0.1%    0.0%    0.0%    0.0%    0.0%    0.0%   46.7%   45.6%    0.0%
      spoil   pocket         661    26.9%    1.1%    0.0%    0.0%    0.0%    0.0%   22.8%   26.0%   23.1%    0.0%
      spoil   corridor       521    38.8%    1.0%    0.0%    0.0%    0.0%    0.0%   11.1%   25.7%   23.4%    0.0%
      spoil   junction       816    47.7%    1.1%    0.0%    0.0%    0.0%    0.0%    4.5%   25.6%   21.1%    0.0%
      spoil   open           110    54.5%    3.6%    0.0%    0.0%    0.0%    0.0%    0.0%   17.3%   24.5%    0.0%
    DECISIONS: rows not written (decisionnorows)
   90    5  self    0/0         1082     3120    17316     8280     7542    1/20        1         10 8 0 2 0
                A READ  ant-readable homeward along >= 0.02 on  58.3% of route-cell samples | FOODWARD   5.7% | plane lit on  70.5% | peak amt  65535 cells  87
                THE LOOP, ANT BY ANT:
                  0. lived                                     20    100.0% of prev    100.0% of all
                  1. reached the food                           1      5.0% of prev      5.0% of all
                  2. picked food up out there                   1    100.0% of prev      5.0% of all
                  3. turned for home with it                    1    100.0% of prev      5.0% of all
                  4. got back to the nest still holding it      1    100.0% of prev      5.0% of all
                  5. PUT IT DOWN there                          1    100.0% of prev      5.0% of all
                  6. went back out again                        0      0.0% of prev      0.0% of all
                  7. reached the food a SECOND time             0      0.0% of prev      0.0% of all
                RETURN LEDGER reached food    1 of   20 ants | came back    1 | trips laden    1 empty    0 | LOOPERS    1 of   20 ants (100.0% of those that reached food), repeat    0, most loops by one ant   1
                BY ANCHOR AT PICKUP  anchor ON nest material:    1 loops /    1 pickups (100.0%) | anchor OFF it:    0 /    0 (  0.0%)
                BY BIRTH SITE  born ON comb:   1 of   1 that reached food looped (100.0%) | born OFF comb:   0 of   0 (  0.0%)
                LEGS legs[631] laden[631]
                founded x   30..68   (nest cursor 48 MATERIAL x 26..70 20 of 20 founders born on it; food 138; nearest founder 70 cells out, farthest 108, nominal gap 90)  occupancy/1k [48 30 4 1 0 1 0 0]  carry->nest      51  born    0 died   20 (starved   18)
                own trail: route pk   72 end    0 along +0.0000  B nest->food [0,26,19,17,0]  blocked      395  kin swaps       0  ticks     14575  tumbles      4662 (homeward       46, 0.99%)  drops     498  DELIVERED   498  leg home n    1 med   631 p90   631 (laden n    1 med   631 p90   631)  appetite held         0 J of      4554  trips born-on-comb    1 (20 ants) / born-off    0 (0 ants)
                channel A: PEAK amt  65535 cells   87 (of 91 route)  POLARITY|| +0.22724 && +0.22705 SPAN +0.02657 edge   5.9  end nest->food [11201,8385,1230,0,0]  nest   25  AtNest 46.76%
                Carrying: laden     20928  of which SPOIL     12702 ( 60.7%)
    DECISION CENSUS: 12309 decisions, reconciled against the rows and the engine's counters
      leg     setting          n  stepped    felllaunched swappedcrossingreversedblocked_roll_fairoll_fai no_body
      empty   pocket         661    13.5%   35.9%    0.0%    0.0%    0.0%    0.0%    3.9%   23.8%   23.0%    0.0%
      empty   corridor      1609    47.5%    4.0%    0.0%    0.0%    0.0%    0.0%    1.7%   22.9%   23.9%    0.0%
      empty   junction      6201    37.4%    5.9%    0.0%    0.0%    0.0%    0.0%    1.0%   27.9%   27.8%    0.0%
      empty   open          1772    44.0%    7.5%    0.0%    0.0%    0.0%    0.0%    0.0%   24.3%   24.2%    0.0%
      spoil   pocket         720    28.8%    1.7%    0.0%    0.0%    0.0%    0.0%   22.6%   22.6%   24.3%    0.0%
      spoil   corridor       372    41.9%    0.8%    0.0%    0.0%    0.0%    0.0%   12.9%   23.4%   21.0%    0.0%
      spoil   junction       835    46.6%    0.8%    0.0%    0.0%    0.0%    0.0%    3.7%   23.5%   25.4%    0.0%
      spoil   open           139    54.7%    4.3%    0.0%    0.0%    0.0%    0.0%    0.0%   20.1%   20.9%    0.0%
    DECISIONS: rows not written (decisionnorows)
   90    6  self    0/0            0        0     4590        0        0    0/20        0         12 5 3 0 0
                A READ  ant-readable homeward along >= 0.02 on  66.1% of route-cell samples | FOODWARD   2.0% | plane lit on  65.2% | peak amt  61659 cells  66
                THE LOOP, ANT BY ANT:
                  0. lived                                     20    100.0% of prev    100.0% of all
                  1. reached the food                           0      0.0% of prev      0.0% of all
                  2. picked food up out there                   0      0.0% of prev      0.0% of all
                  3. turned for home with it                    0      0.0% of prev      0.0% of all
                  4. got back to the nest still holding it      0      0.0% of prev      0.0% of all
                  5. PUT IT DOWN there                          0      0.0% of prev      0.0% of all
                  6. went back out again                        0      0.0% of prev      0.0% of all
                  7. reached the food a SECOND time             0      0.0% of prev      0.0% of all
                RETURN LEDGER reached food    0 of   20 ants | came back    0 | trips laden    0 empty    0 | LOOPERS    0 of   20 ants ( 0.0% of those that reached food), repeat    0, most loops by one ant   0
                BY ANCHOR AT PICKUP  anchor ON nest material:    0 loops /    0 pickups (  0.0%) | anchor OFF it:    0 /    0 (  0.0%)
                BY BIRTH SITE  born ON comb:   0 of   0 that reached food looped (  0.0%) | born OFF comb:   0 of   0 (  0.0%)
                founded x   30..68   (nest cursor 48 MATERIAL x 26..70 20 of 20 founders born on it; food 138; nearest founder 70 cells out, farthest 108, nominal gap 90)  occupancy/1k [56 9 6 1 0 0 0 0]  carry->nest       0  born    0 died   20 (starved   20)
                own trail: route pk    0 end    0 along +0.0000  B nest->food [0,0,0,0,0]  blocked      356  kin swaps       0  ticks     12309  tumbles      3514 (homeward        0, 0.00%)  drops       0  DELIVERED     0  leg home n    0 med     0 p90     0 (laden n    0 med     0 p90     0)  appetite held         0 J of         0  trips born-on-comb    0 (20 ants) / born-off    0 (0 ants)
                channel A: PEAK amt  61659 cells   66 (of 91 route)  POLARITY|| +0.23631 && +0.23538 SPAN +0.03896 edge   6.0  end nest->food [10912,6790,1031,0,0]  nest   25  AtNest 38.46%
                Carrying: laden     12396  of which SPOIL     12396 (100.0%)
    DECISION CENSUS: 12891 decisions, reconciled against the rows and the engine's counters
      leg     setting          n  stepped    felllaunched swappedcrossingreversedblocked_roll_fairoll_fai no_body
      empty   pocket         602    15.1%   33.6%    0.0%    0.0%    0.0%    0.0%    5.5%   25.7%   20.1%    0.0%
      empty   corridor      1452    46.5%    6.0%    0.0%    0.0%    0.0%    0.0%    2.0%   22.6%   22.9%    0.0%
      empty   junction      6759    37.7%    6.2%    0.0%    0.0%    0.0%    0.0%    1.4%   27.3%   27.4%    0.0%
      empty   open          2216    38.7%    6.6%    0.0%    0.0%    0.0%    0.0%    0.0%   28.9%   25.8%    0.0%
      spoil   pocket         612    29.9%    1.6%    0.0%    0.0%    0.0%    0.0%   22.7%   21.9%   23.9%    0.0%
      spoil   corridor       386    43.0%    0.8%    0.0%    0.0%    0.0%    0.0%   11.7%   24.1%   20.5%    0.0%
      spoil   junction       736    48.6%    1.8%    0.0%    0.0%    0.0%    0.0%    4.5%   25.1%   20.0%    0.0%
      spoil   open           128    53.1%    4.7%    0.0%    0.0%    0.0%    0.0%    0.0%   21.9%   20.3%    0.0%
    DECISIONS: rows not written (decisionnorows)
   90    7  self    0/0            0        0     4380        0        0    0/20        0         10 6 4 0 0
                A READ  ant-readable homeward along >= 0.02 on  64.2% of route-cell samples | FOODWARD   1.3% | plane lit on  64.3% | peak amt  64831 cells  63
                THE LOOP, ANT BY ANT:
                  0. lived                                     20    100.0% of prev    100.0% of all
                  1. reached the food                           0      0.0% of prev      0.0% of all
                  2. picked food up out there                   0      0.0% of prev      0.0% of all
                  3. turned for home with it                    0      0.0% of prev      0.0% of all
                  4. got back to the nest still holding it      0      0.0% of prev      0.0% of all
                  5. PUT IT DOWN there                          0      0.0% of prev      0.0% of all
                  6. went back out again                        0      0.0% of prev      0.0% of all
                  7. reached the food a SECOND time             0      0.0% of prev      0.0% of all
                RETURN LEDGER reached food    0 of   20 ants | came back    0 | trips laden    0 empty    0 | LOOPERS    0 of   20 ants ( 0.0% of those that reached food), repeat    0, most loops by one ant   0
                BY ANCHOR AT PICKUP  anchor ON nest material:    0 loops /    0 pickups (  0.0%) | anchor OFF it:    0 /    0 (  0.0%)
                BY BIRTH SITE  born ON comb:   0 of   0 that reached food looped (  0.0%) | born OFF comb:   0 of   0 (  0.0%)
                founded x   30..68   (nest cursor 48 MATERIAL x 26..70 20 of 20 founders born on it; food 138; nearest founder 70 cells out, farthest 108, nominal gap 90)  occupancy/1k [53 11 8 2 1 0 0 0]  carry->nest       0  born    0 died   20 (starved   20)
                own trail: route pk    0 end    0 along +0.0000  B nest->food [0,0,0,0,0]  blocked      372  kin swaps       0  ticks     12891  tumbles      3782 (homeward        0, 0.00%)  drops       0  DELIVERED     0  leg home n    0 med     0 p90     0 (laden n    0 med     0 p90     0)  appetite held         0 J of         0  trips born-on-comb    0 (20 ants) / born-off    0 (0 ants)
                channel A: PEAK amt  64831 cells   63 (of 91 route)  POLARITY|| +0.24068 && +0.23981 SPAN +0.02919 edge   6.0  end nest->food [11121,6833,948,0,0]  nest   25  AtNest 36.88%
                Carrying: laden     11172  of which SPOIL     11172 (100.0%)
    DECISION CENSUS: 16007 decisions, reconciled against the rows and the engine's counters
      leg     setting          n  stepped    felllaunched swappedcrossingreversedblocked_roll_fairoll_fai no_body
      empty   pocket        1061     8.0%   18.5%    0.0%    0.0%    0.0%    0.0%    3.0%   33.6%   36.9%    0.0%
      empty   corridor      2215    39.9%    3.3%    0.0%    0.0%    0.0%    0.0%    1.1%   28.3%   27.4%    0.0%
      empty   junction      6829    35.7%    5.9%    0.0%    0.0%    0.0%    0.0%    0.6%   30.2%   27.6%    0.0%
      empty   open          1629    46.2%    8.0%    0.0%    0.0%    0.0%    0.0%    0.0%   22.5%   23.2%    0.0%
      laden   pocket         333     4.5%    0.6%    0.0%    0.0%    0.0%    0.0%    0.6%   48.3%   45.9%    0.0%
      laden   corridor       436    16.3%    0.0%    0.0%    0.0%    0.0%    0.0%    0.2%   35.8%   47.7%    0.0%
      laden   junction       420    11.2%    0.2%    0.0%    0.0%    0.0%    0.0%    0.2%   48.3%   40.0%    0.0%
      laden   open            11     9.1%    0.0%    0.0%    0.0%    0.0%    0.0%    0.0%   54.5%   36.4%    0.0%
      spoil   pocket         831    22.1%    0.4%    0.0%    0.0%    0.0%    0.0%   17.2%   29.0%   31.3%    0.0%
      spoil   corridor      1289    10.9%    0.2%    0.0%    0.0%    0.0%    0.0%    3.4%   43.1%   42.4%    0.0%
      spoil   junction       820    44.4%    1.1%    0.0%    0.0%    0.0%    0.0%    4.5%   27.7%   22.3%    0.0%
      spoil   open           133    51.9%    1.5%    0.0%    0.0%    0.0%    0.0%    0.0%   27.1%   19.5%    0.0%
    DECISIONS: rows not written (decisionnorows)
   90    8  self    1/1          941     3672        0     7200     6558    1/20        1         14 3 2 1 0
                A READ  ant-readable homeward along >= 0.02 on  61.6% of route-cell samples | FOODWARD   3.0% | plane lit on  66.4% | peak amt  65535 cells  86
                THE LOOP, ANT BY ANT:
                  0. lived                                     20    100.0% of prev    100.0% of all
                  1. reached the food                           1      5.0% of prev      5.0% of all
                  2. picked food up out there                   1    100.0% of prev      5.0% of all
                  3. turned for home with it                    1    100.0% of prev      5.0% of all
                  4. got back to the nest still holding it      1    100.0% of prev      5.0% of all
                  5. PUT IT DOWN there                          1    100.0% of prev      5.0% of all
                  6. went back out again                        0      0.0% of prev      0.0% of all
                  7. reached the food a SECOND time             0      0.0% of prev      0.0% of all
                RETURN LEDGER reached food    1 of   20 ants | came back    1 | trips laden    1 empty    0 | LOOPERS    1 of   20 ants (100.0% of those that reached food), repeat    0, most loops by one ant   1
                BY ANCHOR AT PICKUP  anchor ON nest material:    1 loops /    1 pickups (100.0%) | anchor OFF it:    0 /    0 (  0.0%)
                BY BIRTH SITE  born ON comb:   1 of   1 that reached food looped (100.0%) | born OFF comb:   0 of   0 (  0.0%)
                LEGS legs[571] laden[571]
                founded x   30..68   (nest cursor 48 MATERIAL x 26..70 20 of 20 founders born on it; food 138; nearest founder 70 cells out, farthest 108, nominal gap 90)  occupancy/1k [72 15 1 3 1 0 0 0]  carry->nest      72  born    0 died   19 (starved   19)
                own trail: route pk   74 end    5 along +0.0071  B nest->food [0,37,19,18,0]  blocked      327  kin swaps       0  ticks     16007  tumbles      5323 (homeward       14, 0.26%)  drops     489  DELIVERED   489  leg home n    1 med   571 p90   571 (laden n    1 med   571 p90   571)  appetite held         0 J of      3960  trips born-on-comb    1 (20 ants) / born-off    0 (0 ants)
                channel A: PEAK amt  65535 cells   86 (of 91 route)  POLARITY|| +0.24189 && +0.24579 SPAN +0.04206 edge   6.0  end nest->food [11688,6440,624,0,0]  nest   25  AtNest 41.18%
                Carrying: laden     25639  of which SPOIL     20611 ( 80.4%)
    DECISION CENSUS: 12229 decisions, reconciled against the rows and the engine's counters
      leg     setting          n  stepped    felllaunched swappedcrossingreversedblocked_roll_fairoll_fai no_body
      empty   pocket         566    20.8%   30.6%    0.0%    0.0%    0.0%    0.0%   10.4%   19.6%   18.6%    0.0%
      empty   corridor      1667    46.3%    3.3%    0.0%    0.0%    0.0%    0.0%    1.4%   24.1%   25.0%    0.0%
      empty   junction      5281    37.0%    6.1%    0.0%    0.0%    0.0%    0.0%    1.6%   27.6%   27.7%    0.0%
      empty   open          1911    40.2%    7.0%    0.0%    0.0%    0.0%    0.0%    0.0%   25.7%   27.0%    0.0%
      spoil   pocket         635    32.8%    0.9%    0.0%    0.0%    0.0%    0.0%   28.3%   16.5%   21.4%    0.0%
      spoil   corridor      1021    51.9%    0.5%    0.0%    0.0%    0.0%    0.0%    6.0%   20.8%   20.9%    0.0%
      spoil   junction       960    50.4%    1.1%    0.0%    0.0%    0.0%    0.0%    4.1%   22.4%   22.0%    0.0%
      spoil   open           188    51.6%    3.2%    0.0%    0.0%    0.0%    0.0%    0.0%   20.7%   24.5%    0.0%
    DECISIONS: rows not written (decisionnorows)
   90    9  self    0/0            0        0     4038        0        0    0/20        0         12 7 1 0 0
                A READ  ant-readable homeward along >= 0.02 on  53.1% of route-cell samples | FOODWARD   1.1% | plane lit on  56.4% | peak amt  65150 cells  54
                THE LOOP, ANT BY ANT:
                  0. lived                                     20    100.0% of prev    100.0% of all
                  1. reached the food                           0      0.0% of prev      0.0% of all
                  2. picked food up out there                   0      0.0% of prev      0.0% of all
                  3. turned for home with it                    0      0.0% of prev      0.0% of all
                  4. got back to the nest still holding it      0      0.0% of prev      0.0% of all
                  5. PUT IT DOWN there                          0      0.0% of prev      0.0% of all
                  6. went back out again                        0      0.0% of prev      0.0% of all
                  7. reached the food a SECOND time             0      0.0% of prev      0.0% of all
                RETURN LEDGER reached food    0 of   20 ants | came back    0 | trips laden    0 empty    0 | LOOPERS    0 of   20 ants ( 0.0% of those that reached food), repeat    0, most loops by one ant   0
                BY ANCHOR AT PICKUP  anchor ON nest material:    0 loops /    0 pickups (  0.0%) | anchor OFF it:    0 /    0 (  0.0%)
                BY BIRTH SITE  born ON comb:   0 of   0 that reached food looped (  0.0%) | born OFF comb:   0 of   0 (  0.0%)
                founded x   30..68   (nest cursor 48 MATERIAL x 26..70 20 of 20 founders born on it; food 138; nearest founder 70 cells out, farthest 108, nominal gap 90)  occupancy/1k [55 14 2 0 0 0 0 0]  carry->nest       0  born    0 died   20 (starved   20)
                own trail: route pk    0 end    0 along +0.0000  B nest->food [0,0,0,0,0]  blocked      448  kin swaps       0  ticks     12229  tumbles      3481 (homeward        0, 0.00%)  drops       0  DELIVERED     0  leg home n    0 med     0 p90     0 (laden n    0 med     0 p90     0)  appetite held         0 J of         0  trips born-on-comb    0 (20 ants) / born-off    0 (0 ants)
                channel A: PEAK amt  65150 cells   54 (of 91 route)  POLARITY|| +0.27449 && +0.26677 SPAN -0.00073 edge   6.0  end nest->food [12354,7913,766,0,0]  nest   25  AtNest 46.13%
                Carrying: laden     16824  of which SPOIL     16824 (100.0%)
    DECISION CENSUS: 14611 decisions, reconciled against the rows and the engine's counters
      leg     setting          n  stepped    felllaunched swappedcrossingreversedblocked_roll_fairoll_fai no_body
      empty   pocket         660    12.3%   35.5%    0.0%    0.0%    0.0%    0.0%    4.8%   22.9%   24.5%    0.0%
      empty   corridor      3311    35.4%    2.4%    0.0%    0.0%    0.0%    0.0%    0.9%   30.0%   31.4%    0.0%
      empty   junction      6751    36.0%    5.5%    0.0%    0.0%    0.0%    0.0%    0.9%   28.8%   28.8%    0.0%
      empty   open          1974    41.0%    8.2%    0.0%    0.0%    0.0%    0.0%    0.0%   24.5%   26.3%    0.0%
      laden   pocket          58    13.8%    0.0%    0.0%    0.0%    0.0%    0.0%    0.0%   39.7%   46.6%    0.0%
      laden   corridor       173    39.3%    0.0%    0.0%    0.0%    0.0%    0.0%    0.0%   29.5%   31.2%    0.0%
      laden   junction       122    31.1%    0.0%    0.0%    0.0%    0.0%    0.0%    0.0%   32.8%   36.1%    0.0%
      spoil   pocket         325    26.8%    3.7%    0.0%    0.0%    0.0%    0.0%   22.8%   25.5%   21.2%    0.0%
      spoil   corridor       361    43.5%    0.6%    0.0%    0.0%    0.0%    0.0%    8.9%   23.8%   23.3%    0.0%
      spoil   junction       777    40.7%    0.1%    0.0%    0.0%    0.0%    0.0%    4.5%   27.4%   27.3%    0.0%
      spoil   open            99    53.5%    4.0%    0.0%    0.0%    0.0%    0.0%    0.0%   21.2%   21.2%    0.0%
    DECISIONS: rows not written (decisionnorows)
   90   10  self    0/0          277     3456    13548     2118     1698    1/20        1         12 4 0 4 0
                A READ  ant-readable homeward along >= 0.02 on  74.2% of route-cell samples | FOODWARD   1.9% | plane lit on  75.7% | peak amt  65535 cells  87
                THE LOOP, ANT BY ANT:
                  0. lived                                     20    100.0% of prev    100.0% of all
                  1. reached the food                           1      5.0% of prev      5.0% of all
                  2. picked food up out there                   1    100.0% of prev      5.0% of all
                  3. turned for home with it                    1    100.0% of prev      5.0% of all
                  4. got back to the nest still holding it      1    100.0% of prev      5.0% of all
                  5. PUT IT DOWN there                          1    100.0% of prev      5.0% of all
                  6. went back out again                        0      0.0% of prev      0.0% of all
                  7. reached the food a SECOND time             0      0.0% of prev      0.0% of all
                RETURN LEDGER reached food    1 of   20 ants | came back    1 | trips laden    1 empty    0 | LOOPERS    1 of   20 ants (100.0% of those that reached food), repeat    0, most loops by one ant   1
                BY ANCHOR AT PICKUP  anchor ON nest material:    1 loops /    1 pickups (100.0%) | anchor OFF it:    0 /    0 (  0.0%)
                BY BIRTH SITE  born ON comb:   1 of   1 that reached food looped (100.0%) | born OFF comb:   0 of   0 (  0.0%)
                LEGS legs[385] laden[385]
                founded x   30..68   (nest cursor 48 MATERIAL x 26..70 20 of 20 founders born on it; food 138; nearest founder 70 cells out, farthest 108, nominal gap 90)  occupancy/1k [58 16 4 1 2 2 1 0]  carry->nest      70  born    0 died   20 (starved   20)
                own trail: route pk   73 end    0 along +0.0000  B nest->food [0,40,18,18,0]  blocked      260  kin swaps       0  ticks     14611  tumbles      4350 (homeward       11, 0.25%)  drops      92  DELIVERED    92  leg home n    1 med   385 p90   385 (laden n    1 med   385 p90   385)  appetite held         0 J of      1165  trips born-on-comb    1 (20 ants) / born-off    0 (0 ants)
                channel A: PEAK amt  65535 cells   87 (of 91 route)  POLARITY|| +0.21617 && +0.21416 SPAN +0.02434 edge   5.7  end nest->food [11735,6690,777,0,0]  nest   25  AtNest 37.02%
                Carrying: laden     11490  of which SPOIL      9408 ( 81.9%)
    DECISION CENSUS: 12501 decisions, reconciled against the rows and the engine's counters
      leg     setting          n  stepped    felllaunched swappedcrossingreversedblocked_roll_fairoll_fai no_body
      empty   pocket         576    18.8%   26.7%    0.0%    0.0%    0.0%    0.0%    6.9%   23.1%   24.5%    0.0%
      empty   corridor      1286    45.2%    4.7%    0.0%    0.0%    0.0%    0.0%    1.2%   24.0%   25.0%    0.0%
      empty   junction      5957    36.4%    7.2%    0.0%    0.0%    0.0%    0.0%    1.1%   27.5%   27.7%    0.0%
      empty   open          2320    42.3%   10.3%    0.0%    0.0%    0.0%    0.0%    0.0%   23.1%   24.3%    0.0%
      spoil   pocket        1012    29.9%    1.2%    0.0%    0.0%    0.0%    0.0%   23.7%   21.7%   23.4%    0.0%
      spoil   corridor       370    41.9%    1.1%    0.0%    0.0%    0.0%    0.0%    9.7%   25.1%   22.2%    0.0%
      spoil   junction       827    48.5%    1.8%    0.0%    0.0%    0.0%    0.0%    4.2%   21.9%   23.6%    0.0%
      spoil   open           153    49.7%    6.5%    0.0%    0.0%    0.0%    0.0%    0.0%   21.6%   22.2%    0.0%
    DECISIONS: rows not written (decisionnorows)
   90   11  self    0/0            0        0     4602        0        0    0/20        0         11 7 1 1 0
                A READ  ant-readable homeward along >= 0.02 on  59.9% of route-cell samples | FOODWARD   0.8% | plane lit on  65.3% | peak amt  65535 cells  74
                THE LOOP, ANT BY ANT:
                  0. lived                                     20    100.0% of prev    100.0% of all
                  1. reached the food                           0      0.0% of prev      0.0% of all
                  2. picked food up out there                   0      0.0% of prev      0.0% of all
                  3. turned for home with it                    0      0.0% of prev      0.0% of all
                  4. got back to the nest still holding it      0      0.0% of prev      0.0% of all
                  5. PUT IT DOWN there                          0      0.0% of prev      0.0% of all
                  6. went back out again                        0      0.0% of prev      0.0% of all
                  7. reached the food a SECOND time             0      0.0% of prev      0.0% of all
                RETURN LEDGER reached food    0 of   20 ants | came back    0 | trips laden    0 empty    0 | LOOPERS    0 of   20 ants ( 0.0% of those that reached food), repeat    0, most loops by one ant   0
                BY ANCHOR AT PICKUP  anchor ON nest material:    0 loops /    0 pickups (  0.0%) | anchor OFF it:    0 /    0 (  0.0%)
                BY BIRTH SITE  born ON comb:   0 of   0 that reached food looped (  0.0%) | born OFF comb:   0 of   0 (  0.0%)
                founded x   30..68   (nest cursor 48 MATERIAL x 26..70 20 of 20 founders born on it; food 138; nearest founder 70 cells out, farthest 108, nominal gap 90)  occupancy/1k [53 15 4 0 0 0 0 0]  carry->nest       0  born    0 died   20 (starved   20)
                own trail: route pk    0 end    0 along +0.0000  B nest->food [0,0,0,0,0]  blocked      433  kin swaps       0  ticks     12501  tumbles      3577 (homeward        0, 0.00%)  drops       0  DELIVERED     0  leg home n    0 med     0 p90     0 (laden n    0 med     0 p90     0)  appetite held         0 J of         0  trips born-on-comb    0 (20 ants) / born-off    0 (0 ants)
                channel A: PEAK amt  65535 cells   74 (of 91 route)  POLARITY|| +0.25097 && +0.25308 SPAN +0.01250 edge   6.0  end nest->food [11755,7994,1190,0,0]  nest   25  AtNest 43.05%
                Carrying: laden     14172  of which SPOIL     14172 (100.0%)
    DECISION CENSUS: 12269 decisions, reconciled against the rows and the engine's counters
      leg     setting          n  stepped    felllaunched swappedcrossingreversedblocked_roll_fairoll_fai no_body
      empty   pocket         566    16.6%   32.7%    0.0%    0.0%    0.0%    0.0%    8.0%   20.7%   22.1%    0.0%
      empty   corridor      1619    50.1%    3.5%    0.0%    0.0%    0.0%    0.0%    1.9%   22.4%   22.2%    0.0%
      empty   junction      5625    36.4%    5.4%    0.0%    0.0%    0.0%    0.0%    1.0%   27.5%   29.6%    0.0%
      empty   open          1594    42.5%    7.5%    0.0%    0.0%    0.0%    0.0%    0.0%   25.3%   24.8%    0.0%
      spoil   pocket        1125    28.4%    0.8%    0.0%    0.0%    0.0%    0.0%   21.8%   24.4%   24.6%    0.0%
      spoil   corridor       641    46.2%    0.5%    0.0%    0.0%    0.0%    0.0%    8.4%   25.0%   20.0%    0.0%
      spoil   junction       946    49.0%    1.9%    0.0%    0.0%    0.0%    0.0%    4.2%   21.0%   23.8%    0.0%
      spoil   open           153    46.4%    2.6%    0.0%    0.0%    0.0%    0.0%    0.0%   26.1%   24.8%    0.0%
    DECISIONS: rows not written (decisionnorows)
   90   12  self    0/0            0        0     4440        0        0    0/20        0         15 3 2 0 0
                A READ  ant-readable homeward along >= 0.02 on  60.2% of route-cell samples | FOODWARD   1.2% | plane lit on  60.2% | peak amt  65535 cells  57
                THE LOOP, ANT BY ANT:
                  0. lived                                     20    100.0% of prev    100.0% of all
                  1. reached the food                           0      0.0% of prev      0.0% of all
                  2. picked food up out there                   0      0.0% of prev      0.0% of all
                  3. turned for home with it                    0      0.0% of prev      0.0% of all
                  4. got back to the nest still holding it      0      0.0% of prev      0.0% of all
                  5. PUT IT DOWN there                          0      0.0% of prev      0.0% of all
                  6. went back out again                        0      0.0% of prev      0.0% of all
                  7. reached the food a SECOND time             0      0.0% of prev      0.0% of all
                RETURN LEDGER reached food    0 of   20 ants | came back    0 | trips laden    0 empty    0 | LOOPERS    0 of   20 ants ( 0.0% of those that reached food), repeat    0, most loops by one ant   0
                BY ANCHOR AT PICKUP  anchor ON nest material:    0 loops /    0 pickups (  0.0%) | anchor OFF it:    0 /    0 (  0.0%)
                BY BIRTH SITE  born ON comb:   0 of   0 that reached food looped (  0.0%) | born OFF comb:   0 of   0 (  0.0%)
                founded x   30..68   (nest cursor 48 MATERIAL x 26..70 20 of 20 founders born on it; food 138; nearest founder 70 cells out, farthest 108, nominal gap 90)  occupancy/1k [59 11 1 1 0 0 0 0]  carry->nest       0  born    0 died   20 (starved   20)
                own trail: route pk    0 end    0 along +0.0000  B nest->food [0,0,0,0,0]  blocked      472  kin swaps       0  ticks     12269  tumbles      3573 (homeward        0, 0.00%)  drops       0  DELIVERED     0  leg home n    0 med     0 p90     0 (laden n    0 med     0 p90     0)  appetite held         0 J of         0  trips born-on-comb    0 (20 ants) / born-off    0 (0 ants)
                channel A: PEAK amt  65535 cells   57 (of 91 route)  POLARITY|| +0.26058 && +0.26238 SPAN +0.02530 edge   6.0  end nest->food [12054,6874,658,0,0]  nest   25  AtNest 46.49%
                Carrying: laden     17190  of which SPOIL     17190 (100.0%)
    DECISION CENSUS: 12586 decisions, reconciled against the rows and the engine's counters
      leg     setting          n  stepped    felllaunched swappedcrossingreversedblocked_roll_fairoll_fai no_body
      empty   pocket         549    15.5%   32.2%    0.0%    0.0%    0.0%    0.0%    8.7%   21.7%   21.9%    0.0%
      empty   corridor      1976    47.5%    3.4%    0.0%    0.0%    0.0%    0.0%    1.7%   24.1%   23.2%    0.0%
      empty   junction      6572    37.1%    5.7%    0.0%    0.0%    0.0%    0.0%    0.9%   29.2%   27.0%    0.0%
      empty   open          1660    44.9%    8.3%    0.0%    0.0%    0.0%    0.0%    0.0%   24.9%   21.9%    0.0%
      spoil   pocket         571    26.6%    1.4%    0.0%    0.0%    0.0%    0.0%   20.3%   25.7%   25.9%    0.0%
      spoil   corridor       330    40.9%    0.6%    0.0%    0.0%    0.0%    0.0%   13.6%   18.5%   26.4%    0.0%
      spoil   junction       798    46.2%    1.8%    0.0%    0.0%    0.0%    0.0%    4.8%   23.3%   23.9%    0.0%
      spoil   open           130    47.7%    3.8%    0.0%    0.0%    0.0%    0.0%    0.0%   25.4%   23.1%    0.0%
    DECISIONS: rows not written (decisionnorows)
   90   13  self    0/0            0        0     4548        0        0    0/20        0          7 8 4 1 0
                A READ  ant-readable homeward along >= 0.02 on  59.3% of route-cell samples | FOODWARD   4.1% | plane lit on  69.9% | peak amt  65535 cells  83
                THE LOOP, ANT BY ANT:
                  0. lived                                     20    100.0% of prev    100.0% of all
                  1. reached the food                           0      0.0% of prev      0.0% of all
                  2. picked food up out there                   0      0.0% of prev      0.0% of all
                  3. turned for home with it                    0      0.0% of prev      0.0% of all
                  4. got back to the nest still holding it      0      0.0% of prev      0.0% of all
                  5. PUT IT DOWN there                          0      0.0% of prev      0.0% of all
                  6. went back out again                        0      0.0% of prev      0.0% of all
                  7. reached the food a SECOND time             0      0.0% of prev      0.0% of all
                RETURN LEDGER reached food    0 of   20 ants | came back    0 | trips laden    0 empty    0 | LOOPERS    0 of   20 ants ( 0.0% of those that reached food), repeat    0, most loops by one ant   0
                BY ANCHOR AT PICKUP  anchor ON nest material:    0 loops /    0 pickups (  0.0%) | anchor OFF it:    0 /    0 (  0.0%)
                BY BIRTH SITE  born ON comb:   0 of   0 that reached food looped (  0.0%) | born OFF comb:   0 of   0 (  0.0%)
                founded x   30..68   (nest cursor 48 MATERIAL x 26..70 20 of 20 founders born on it; food 138; nearest founder 70 cells out, farthest 108, nominal gap 90)  occupancy/1k [48 15 7 2 0 0 0 0]  carry->nest       0  born    0 died   20 (starved   20)
                own trail: route pk    0 end    0 along +0.0000  B nest->food [0,0,0,0,0]  blocked      339  kin swaps       0  ticks     12586  tumbles      3697 (homeward        0, 0.00%)  drops       0  DELIVERED     0  leg home n    0 med     0 p90     0 (laden n    0 med     0 p90     0)  appetite held         0 J of         0  trips born-on-comb    0 (20 ants) / born-off    0 (0 ants)
                channel A: PEAK amt  65535 cells   83 (of 91 route)  POLARITY|| +0.22462 && +0.22468 SPAN +0.03041 edge   6.0  end nest->food [10906,8754,1640,0,0]  nest   25  AtNest 39.14%
                Carrying: laden     10974  of which SPOIL     10974 (100.0%)
    DECISION CENSUS: 12620 decisions, reconciled against the rows and the engine's counters
      leg     setting          n  stepped    felllaunched swappedcrossingreversedblocked_roll_fairoll_fai no_body
      empty   pocket         601    16.0%   31.8%    0.0%    0.0%    0.0%    0.0%    6.7%   21.8%   23.8%    0.0%
      empty   corridor      1761    48.9%    4.4%    0.0%    0.0%    0.0%    0.0%    1.9%   22.7%   22.0%    0.0%
      empty   junction      6840    36.6%    6.0%    0.0%    0.0%    0.0%    0.0%    0.8%   28.1%   28.4%    0.0%
      empty   open          1873    46.0%    8.0%    0.0%    0.0%    0.0%    0.0%    0.0%   22.9%   23.2%    0.0%
      spoil   pocket         365    29.0%    2.2%    0.0%    0.0%    0.0%    0.0%   24.1%   25.5%   19.2%    0.0%
      spoil   corridor       299    38.1%    0.0%    0.0%    0.0%    0.0%    0.0%   15.1%   25.1%   21.7%    0.0%
      spoil   junction       762    46.3%    1.2%    0.0%    0.0%    0.0%    0.0%    4.6%   23.0%   24.9%    0.0%
      spoil   open           119    54.6%    2.5%    0.0%    0.0%    0.0%    0.0%    0.0%   21.8%   21.0%    0.0%
    DECISIONS: rows not written (decisionnorows)
   90   14  self    0/0            0        0     4914        0        0    0/20        0         12 6 1 1 0
                A READ  ant-readable homeward along >= 0.02 on  60.8% of route-cell samples | FOODWARD   1.4% | plane lit on  64.9% | peak amt  65535 cells  76
                THE LOOP, ANT BY ANT:
                  0. lived                                     20    100.0% of prev    100.0% of all
                  1. reached the food                           0      0.0% of prev      0.0% of all
                  2. picked food up out there                   0      0.0% of prev      0.0% of all
                  3. turned for home with it                    0      0.0% of prev      0.0% of all
                  4. got back to the nest still holding it      0      0.0% of prev      0.0% of all
                  5. PUT IT DOWN there                          0      0.0% of prev      0.0% of all
                  6. went back out again                        0      0.0% of prev      0.0% of all
                  7. reached the food a SECOND time             0      0.0% of prev      0.0% of all
                RETURN LEDGER reached food    0 of   20 ants | came back    0 | trips laden    0 empty    0 | LOOPERS    0 of   20 ants ( 0.0% of those that reached food), repeat    0, most loops by one ant   0
                BY ANCHOR AT PICKUP  anchor ON nest material:    0 loops /    0 pickups (  0.0%) | anchor OFF it:    0 /    0 (  0.0%)
                BY BIRTH SITE  born ON comb:   0 of   0 that reached food looped (  0.0%) | born OFF comb:   0 of   0 (  0.0%)
                founded x   30..68   (nest cursor 48 MATERIAL x 26..70 20 of 20 founders born on it; food 138; nearest founder 70 cells out, farthest 108, nominal gap 90)  occupancy/1k [60 9 3 1 0 0 0 0]  carry->nest       0  born    0 died   20 (starved   20)
                own trail: route pk    0 end    0 along +0.0000  B nest->food [0,0,0,0,0]  blocked      299  kin swaps       0  ticks     12620  tumbles      3550 (homeward        0, 0.00%)  drops       0  DELIVERED     0  leg home n    0 med     0 p90     0 (laden n    0 med     0 p90     0)  appetite held         0 J of         0  trips born-on-comb    0 (20 ants) / born-off    0 (0 ants)
                channel A: PEAK amt  65535 cells   76 (of 91 route)  POLARITY|| +0.24658 && +0.24995 SPAN +0.04125 edge   6.0  end nest->food [11744,7121,841,0,0]  nest   25  AtNest 40.62%
                Carrying: laden      9270  of which SPOIL      9270 (100.0%)
    DECISION CENSUS: 13567 decisions, reconciled against the rows and the engine's counters
      leg     setting          n  stepped    felllaunched swappedcrossingreversedblocked_roll_fairoll_fai no_body
      empty   pocket         717    20.1%   27.9%    0.0%    0.0%    0.0%    0.0%    9.6%   20.6%   21.8%    0.0%
      empty   corridor      1966    37.2%    4.4%    0.0%    0.0%    0.0%    0.0%    1.9%   27.0%   29.5%    0.0%
      empty   junction      6347    38.9%    7.0%    0.0%    0.0%    0.0%    0.0%    1.3%   26.6%   26.2%    0.0%
      empty   open          2088    44.4%    8.8%    0.0%    0.0%    0.0%    0.0%    0.0%   22.3%   24.4%    0.0%
      laden   pocket           2     0.0%   50.0%    0.0%    0.0%    0.0%    0.0%    0.0%    0.0%   50.0%    0.0%
      laden   corridor       261    32.2%    0.0%    0.0%    0.0%    0.0%    0.0%    0.0%   34.9%   33.0%    0.0%
      laden   junction        27    48.1%    3.7%    0.0%    0.0%    0.0%    0.0%    0.0%   33.3%   14.8%    0.0%
      spoil   pocket         768    30.9%    1.3%    0.0%    0.0%    0.0%    0.0%   24.9%   21.9%   21.1%    0.0%
      spoil   corridor       465    44.1%    0.4%    0.0%    0.0%    0.0%    0.0%    9.2%   23.0%   23.2%    0.0%
      spoil   junction       836    44.9%    1.2%    0.0%    0.0%    0.0%    0.0%    7.1%   23.2%   23.7%    0.0%
      spoil   open            90    64.4%    2.2%    0.0%    0.0%    0.0%    0.0%    0.0%   16.7%   16.7%    0.0%
    DECISIONS: rows not written (decisionnorows)
   90   15  self    0/0          228     3846     9804     1740     1104    1/20        1         12 7 0 1 0
                A READ  ant-readable homeward along >= 0.02 on  55.8% of route-cell samples | FOODWARD   2.8% | plane lit on  66.1% | peak amt  65535 cells  86
                THE LOOP, ANT BY ANT:
                  0. lived                                     20    100.0% of prev    100.0% of all
                  1. reached the food                           1      5.0% of prev      5.0% of all
                  2. picked food up out there                   1    100.0% of prev      5.0% of all
                  3. turned for home with it                    1    100.0% of prev      5.0% of all
                  4. got back to the nest still holding it      1    100.0% of prev      5.0% of all
                  5. PUT IT DOWN there                          1    100.0% of prev      5.0% of all
                  6. went back out again                        1    100.0% of prev      5.0% of all
                  7. reached the food a SECOND time             0      0.0% of prev      0.0% of all
                RETURN LEDGER reached food    1 of   20 ants | came back    1 | trips laden    1 empty    0 | LOOPERS    1 of   20 ants (100.0% of those that reached food), repeat    0, most loops by one ant   1
                BY ANCHOR AT PICKUP  anchor ON nest material:    1 loops /    1 pickups (100.0%) | anchor OFF it:    0 /    0 (  0.0%)
                BY BIRTH SITE  born ON comb:   1 of   1 that reached food looped (100.0%) | born OFF comb:   0 of   0 (  0.0%)
                LEGS legs[547] laden[547]
                founded x   30..68   (nest cursor 48 MATERIAL x 26..70 20 of 20 founders born on it; food 138; nearest founder 70 cells out, farthest 108, nominal gap 90)  occupancy/1k [50 19 6 1 0 1 0 0]  carry->nest      61  born    0 died   20 (starved   20)
                own trail: route pk   71 end    0 along +0.0000  B nest->food [0,304,19,17,0]  blocked      481  kin swaps       0  ticks     13567  tumbles      3900 (homeward        7, 0.18%)  drops       0  DELIVERED     0  leg home n    1 med   547 p90   547 (laden n    1 med   547 p90   547)  appetite held         0 J of       960  trips born-on-comb    1 (20 ants) / born-off    0 (0 ants)
                channel A: PEAK amt  65535 cells   86 (of 91 route)  POLARITY|| +0.24518 && +0.24124 SPAN +0.00565 edge   5.9  end nest->food [12526,9677,1530,0,0]  nest   25  AtNest 36.99%
                Carrying: laden     14694  of which SPOIL     12954 ( 88.2%)
    DECISION CENSUS: 18371 decisions, reconciled against the rows and the engine's counters
      leg     setting          n  stepped    felllaunched swappedcrossingreversedblocked_roll_fairoll_fai no_body
      empty   pocket         785    10.1%   18.0%    0.0%    0.0%    0.0%    0.0%    4.1%   31.5%   36.4%    0.0%
      empty   corridor      2671    24.9%    1.9%    0.0%    0.0%    0.0%    0.0%    0.7%   36.0%   36.5%    0.0%
      empty   junction      9422    24.8%    3.7%    0.0%    0.0%    0.0%    0.0%    0.7%   35.3%   35.5%    0.0%
      empty   open          2534    33.1%    8.2%    0.0%    0.0%    0.0%    0.0%    0.0%   28.4%   30.2%    0.0%
      laden   pocket          82     1.2%    6.1%    0.0%    0.0%    0.0%    0.0%    0.0%   47.6%   45.1%    0.0%
      laden   corridor       334    17.7%    0.3%    0.0%    0.0%    0.0%    0.0%    0.6%   44.3%   37.1%    0.0%
      laden   junction       488    18.0%    0.8%    0.0%    0.0%    0.0%    0.0%    0.0%   41.8%   39.3%    0.0%
      laden   open             7    57.1%    0.0%    0.0%    0.0%    0.0%    0.0%    0.0%    0.0%   42.9%    0.0%
      spoil   pocket         459    28.1%    0.7%    0.0%    0.0%    0.0%    0.0%   25.5%   22.2%   23.5%    0.0%
      spoil   corridor       307    38.8%    0.0%    0.0%    0.0%    0.0%    0.0%    9.1%   24.4%   27.7%    0.0%
      spoil   junction      1143    31.0%    0.5%    0.0%    0.0%    0.0%    0.0%    2.8%   33.2%   32.5%    0.0%
      spoil   open           139    42.4%    5.8%    0.0%    0.0%    0.0%    0.0%    0.0%   25.2%   26.6%    0.0%
    DECISIONS: rows not written (decisionnorows)
   90   16  self    0/0          714     1914    19314     5466     4980    1/20        1         12 3 3 2 0
                A READ  ant-readable homeward along >= 0.02 on  67.3% of route-cell samples | FOODWARD   2.6% | plane lit on  72.9% | peak amt  65535 cells  87
                THE LOOP, ANT BY ANT:
                  0. lived                                     20    100.0% of prev    100.0% of all
                  1. reached the food                           1      5.0% of prev      5.0% of all
                  2. picked food up out there                   1    100.0% of prev      5.0% of all
                  3. turned for home with it                    1    100.0% of prev      5.0% of all
                  4. got back to the nest still holding it      1    100.0% of prev      5.0% of all
                  5. PUT IT DOWN there                          1    100.0% of prev      5.0% of all
                  6. went back out again                        0      0.0% of prev      0.0% of all
                  7. reached the food a SECOND time             0      0.0% of prev      0.0% of all
                RETURN LEDGER reached food    1 of   20 ants | came back    1 | trips laden    1 empty    0 | LOOPERS    1 of   20 ants (100.0% of those that reached food), repeat    0, most loops by one ant   1
                BY ANCHOR AT PICKUP  anchor ON nest material:    1 loops /    1 pickups (100.0%) | anchor OFF it:    0 /    0 (  0.0%)
                BY BIRTH SITE  born ON comb:   1 of   1 that reached food looped (100.0%) | born OFF comb:   0 of   0 (  0.0%)
                LEGS legs[445] laden[445]
                founded x   30..68   (nest cursor 48 MATERIAL x 26..70 20 of 20 founders born on it; food 138; nearest founder 70 cells out, farthest 108, nominal gap 90)  occupancy/1k [88 11 5 2 1 1 0 0]  carry->nest      66  born    0 died   20 (starved   20)
                own trail: route pk   83 end    0 along +0.0000  B nest->food [222,56,17,19,0]  blocked      297  kin swaps       0  ticks     18371  tumbles      6534 (homeward       16, 0.24%)  drops     285  DELIVERED   285  leg home n    1 med   445 p90   445 (laden n    1 med   445 p90   445)  appetite held         0 J of      3006  trips born-on-comb    1 (20 ants) / born-off    0 (0 ants)
                channel A: PEAK amt  65535 cells   87 (of 91 route)  POLARITY|| +0.22961 && +0.23294 SPAN +0.01810 edge   5.9  end nest->food [12348,8967,939,0,0]  nest   25  AtNest 52.75%
                Carrying: laden     17754  of which SPOIL     12432 ( 70.0%)
    DECISION CENSUS: 18885 decisions, reconciled against the rows and the engine's counters
      leg     setting          n  stepped    felllaunched swappedcrossingreversedblocked_roll_fairoll_fai no_body
      empty   pocket         247    17.0%   31.2%    0.0%    0.0%    0.0%    0.0%    2.8%   21.9%   27.1%    0.0%
      empty   corridor      1479    42.6%    2.3%    0.0%    0.0%    0.0%    0.0%    1.0%   28.7%   25.4%    0.0%
      empty   junction      9897    21.0%    2.8%    0.0%    0.0%    0.0%    0.0%    0.7%   38.5%   37.0%    0.0%
      empty   open          4809    19.1%    3.2%    0.0%    0.0%    0.0%    0.0%    0.0%   38.4%   39.4%    0.0%
      laden   corridor       141    40.4%    0.0%    0.0%    0.0%    0.0%    0.0%    2.1%   28.4%   29.1%    0.0%
      laden   junction       382    12.6%    0.0%    0.0%    0.0%    0.0%    0.0%    1.0%   47.1%   39.3%    0.0%
      laden   open           200    17.0%    0.5%    0.0%    0.0%    0.0%    0.0%    0.0%   38.5%   44.0%    0.0%
      spoil   pocket         269    28.3%    0.7%    0.0%    0.0%    0.0%    0.0%   21.6%   26.0%   23.4%    0.0%
      spoil   corridor       238    37.8%    0.8%    0.0%    0.0%    0.0%    0.0%   13.4%   21.0%   26.9%    0.0%
      spoil   junction      1096    32.4%    0.9%    0.0%    0.0%    0.0%    0.0%    4.2%   32.4%   30.1%    0.0%
      spoil   open           127    50.4%    0.8%    0.0%    0.0%    0.0%    0.0%    0.0%   26.8%   22.0%    0.0%
    DECISIONS: rows not written (decisionnorows)
   90   17  self    0/0          567     1992     8052     4338     3618    1/20        1         13 6 0 1 0
                A READ  ant-readable homeward along >= 0.02 on  54.9% of route-cell samples | FOODWARD   4.0% | plane lit on  61.8% | peak amt  64817 cells  87
                THE LOOP, ANT BY ANT:
                  0. lived                                     20    100.0% of prev    100.0% of all
                  1. reached the food                           1      5.0% of prev      5.0% of all
                  2. picked food up out there                   1    100.0% of prev      5.0% of all
                  3. turned for home with it                    1    100.0% of prev      5.0% of all
                  4. got back to the nest still holding it      1    100.0% of prev      5.0% of all
                  5. PUT IT DOWN there                          1    100.0% of prev      5.0% of all
                  6. went back out again                        0      0.0% of prev      0.0% of all
                  7. reached the food a SECOND time             0      0.0% of prev      0.0% of all
                RETURN LEDGER reached food    1 of   20 ants | came back    1 | trips laden    1 empty    0 | LOOPERS    1 of   20 ants (100.0% of those that reached food), repeat    0, most loops by one ant   1
                BY ANCHOR AT PICKUP  anchor ON nest material:    1 loops /    1 pickups (100.0%) | anchor OFF it:    0 /    0 (  0.0%)
                BY BIRTH SITE  born ON comb:   1 of   1 that reached food looped (100.0%) | born OFF comb:   0 of   0 (  0.0%)
                LEGS legs[655] laden[655]
                founded x   30..68   (nest cursor 48 MATERIAL x 26..70 20 of 20 founders born on it; food 138; nearest founder 70 cells out, farthest 108, nominal gap 90)  occupancy/1k [51 57 2 0 0 0 0 0]  carry->nest      65  born    0 died   20 (starved   20)
                own trail: route pk   72 end    0 along +0.0000  B nest->food [0,64,17,18,0]  blocked      232  kin swaps       0  ticks     18885  tumbles      7174 (homeward       29, 0.40%)  drops      80  DELIVERED    80  leg home n    1 med   655 p90   655 (laden n    1 med   655 p90   655)  appetite held         0 J of      2386  trips born-on-comb    1 (20 ants) / born-off    0 (0 ants)
                channel A: PEAK amt  64817 cells   87 (of 91 route)  POLARITY|| +0.25339 && +0.25086 SPAN +0.01593 edge   6.3  end nest->food [10597,6327,336,0,0]  nest   25  AtNest 51.43%
                Carrying: laden     14718  of which SPOIL     10392 ( 70.6%)
    DECISION CENSUS: 15502 decisions, reconciled against the rows and the engine's counters
      leg     setting          n  stepped    felllaunched swappedcrossingreversedblocked_roll_fairoll_fai no_body
      empty   pocket         549    14.9%   35.7%    0.0%    0.0%    0.0%    0.0%    6.6%   19.1%   23.7%    0.0%
      empty   corridor      2018    46.5%    4.2%    0.0%    0.0%    0.0%    0.0%    1.9%   23.4%   24.0%    0.0%
      empty   junction      7242    33.9%    4.7%    0.0%    0.0%    0.0%    0.0%    1.0%   30.2%   30.3%    0.0%
      empty   open          1923    40.4%    7.4%    0.0%    0.0%    0.0%    0.0%    0.0%   26.5%   25.7%    0.0%
      laden   pocket          14     0.0%   14.3%    0.0%    0.0%    0.0%    0.0%    0.0%   42.9%   42.9%    0.0%
      laden   corridor       103    47.6%    0.0%    0.0%    0.0%    0.0%    0.0%    0.0%   27.2%   25.2%    0.0%
      laden   junction      1514     7.1%    0.0%    0.0%    0.0%    0.0%    0.0%    0.0%   45.2%   47.6%    0.0%
      laden   open           136     5.1%    0.0%    0.0%    0.0%    0.0%    0.0%    0.0%   49.3%   45.6%    0.0%
      spoil   pocket         303    27.4%    2.3%    0.0%    0.0%    0.0%    0.0%   24.1%   21.8%   24.4%    0.0%
      spoil   corridor       539    46.4%    0.9%    0.0%    0.0%    0.0%    0.0%    6.9%   23.6%   22.3%    0.0%
      spoil   junction      1024    43.8%    1.0%    0.0%    0.0%    0.0%    0.0%    4.4%   26.4%   24.5%    0.0%
      spoil   open           137    56.9%    2.2%    0.0%    0.0%    0.0%    0.0%    0.0%   20.4%   20.4%    0.0%
    DECISIONS: rows not written (decisionnorows)
   90   18  self    1/1         1385     3792        0    10602     9990    1/20        1         12 6 0 2 0
                A READ  ant-readable homeward along >= 0.02 on  56.8% of route-cell samples | FOODWARD   2.9% | plane lit on  66.6% | peak amt  65535 cells  87
                THE LOOP, ANT BY ANT:
                  0. lived                                     20    100.0% of prev    100.0% of all
                  1. reached the food                           1      5.0% of prev      5.0% of all
                  2. picked food up out there                   1    100.0% of prev      5.0% of all
                  3. turned for home with it                    1    100.0% of prev      5.0% of all
                  4. got back to the nest still holding it      1    100.0% of prev      5.0% of all
                  5. PUT IT DOWN there                          1    100.0% of prev      5.0% of all
                  6. went back out again                        0      0.0% of prev      0.0% of all
                  7. reached the food a SECOND time             0      0.0% of prev      0.0% of all
                RETURN LEDGER reached food    1 of   20 ants | came back    1 | trips laden    1 empty    0 | LOOPERS    1 of   20 ants (100.0% of those that reached food), repeat    0, most loops by one ant   1
                BY ANCHOR AT PICKUP  anchor ON nest material:    1 loops /    1 pickups (100.0%) | anchor OFF it:    0 /    0 (  0.0%)
                BY BIRTH SITE  born ON comb:   1 of   1 that reached food looped (100.0%) | born OFF comb:   0 of   0 (  0.0%)
                LEGS legs[577] laden[577]
                founded x   30..68   (nest cursor 48 MATERIAL x 26..70 20 of 20 founders born on it; food 138; nearest founder 70 cells out, farthest 108, nominal gap 90)  occupancy/1k [52 33 3 1 1 0 0 0]  carry->nest      50  born    0 died   19 (starved   19)
                own trail: route pk   70 end   12 along -0.0008  B nest->food [0,77,19,18,0]  blocked      298  kin swaps       0  ticks     15502  tumbles      4845 (homeward       57, 1.18%)  drops     641  DELIVERED   641  leg home n    1 med   577 p90   577 (laden n    1 med   577 p90   577)  appetite held         0 J of      5831  trips born-on-comb    1 (20 ants) / born-off    0 (0 ants)
                channel A: PEAK amt  65535 cells   87 (of 91 route)  POLARITY|| +0.24357 && +0.24450 SPAN +0.03815 edge   5.9  end nest->food [12940,8504,951,0,0]  nest   25  AtNest 49.62%
                Carrying: laden     22620  of which SPOIL     12018 ( 53.1%)
    DECISION CENSUS: 12445 decisions, reconciled against the rows and the engine's counters
      leg     setting          n  stepped    felllaunched swappedcrossingreversedblocked_roll_fairoll_fai no_body
      empty   pocket         493    12.2%   36.3%    0.0%    0.0%    0.0%    0.0%    2.8%   26.0%   22.7%    0.0%
      empty   corridor      1646    50.3%    3.6%    0.0%    0.0%    0.0%    0.0%    1.4%   22.7%   22.0%    0.0%
      empty   junction      6075    40.3%    6.1%    0.0%    0.0%    0.0%    0.0%    1.3%   25.8%   26.6%    0.0%
      empty   open          2250    37.0%    7.0%    0.0%    0.0%    0.0%    0.0%    0.0%   28.8%   27.2%    0.0%
      spoil   pocket         499    24.6%    2.4%    0.0%    0.0%    0.0%    0.0%   18.2%   27.5%   27.3%    0.0%
      spoil   corridor       501    44.5%    0.4%    0.0%    0.0%    0.0%    0.0%    8.2%   22.0%   25.0%    0.0%
      spoil   junction       831    51.6%    1.1%    0.0%    0.0%    0.0%    0.0%    5.9%   19.5%   21.9%    0.0%
      spoil   open           150    50.7%    2.7%    0.0%    0.0%    0.0%    0.0%    0.0%   26.7%   20.0%    0.0%
    DECISIONS: rows not written (decisionnorows)
   90   19  self    0/0            0        0     4110        0        0    0/20        0          9 8 3 0 0
                A READ  ant-readable homeward along >= 0.02 on  56.7% of route-cell samples | FOODWARD   1.7% | plane lit on  64.1% | peak amt  65535 cells  69
                THE LOOP, ANT BY ANT:
                  0. lived                                     20    100.0% of prev    100.0% of all
                  1. reached the food                           0      0.0% of prev      0.0% of all
                  2. picked food up out there                   0      0.0% of prev      0.0% of all
                  3. turned for home with it                    0      0.0% of prev      0.0% of all
                  4. got back to the nest still holding it      0      0.0% of prev      0.0% of all
                  5. PUT IT DOWN there                          0      0.0% of prev      0.0% of all
                  6. went back out again                        0      0.0% of prev      0.0% of all
                  7. reached the food a SECOND time             0      0.0% of prev      0.0% of all
                RETURN LEDGER reached food    0 of   20 ants | came back    0 | trips laden    0 empty    0 | LOOPERS    0 of   20 ants ( 0.0% of those that reached food), repeat    0, most loops by one ant   0
                BY ANCHOR AT PICKUP  anchor ON nest material:    0 loops /    0 pickups (  0.0%) | anchor OFF it:    0 /    0 (  0.0%)
                BY BIRTH SITE  born ON comb:   0 of   0 that reached food looped (  0.0%) | born OFF comb:   0 of   0 (  0.0%)
                founded x   30..68   (nest cursor 48 MATERIAL x 26..70 20 of 20 founders born on it; food 138; nearest founder 70 cells out, farthest 108, nominal gap 90)  occupancy/1k [51 16 4 1 0 0 0 0]  carry->nest       0  born    0 died   20 (starved   20)
                own trail: route pk    0 end    0 along +0.0000  B nest->food [0,0,0,0,0]  blocked      296  kin swaps       0  ticks     12445  tumbles      3461 (homeward        0, 0.00%)  drops       0  DELIVERED     0  leg home n    0 med     0 p90     0 (laden n    0 med     0 p90     0)  appetite held         0 J of         0  trips born-on-comb    0 (20 ants) / born-off    0 (0 ants)
                channel A: PEAK amt  65535 cells   69 (of 91 route)  POLARITY|| +0.24688 && +0.24958 SPAN +0.04079 edge   6.0  end nest->food [11395,8067,1112,0,0]  nest   25  AtNest 39.13%
                Carrying: laden     11886  of which SPOIL     11886 (100.0%)
    DECISION CENSUS: 12878 decisions, reconciled against the rows and the engine's counters
      leg     setting          n  stepped    felllaunched swappedcrossingreversedblocked_roll_fairoll_fai no_body
      empty   pocket         740    22.8%   21.4%    0.0%    0.0%    0.0%    0.0%   11.2%   23.8%   20.8%    0.0%
      empty   corridor      1777    47.3%    3.6%    0.0%    0.0%    0.0%    0.0%    1.1%   24.5%   23.5%    0.0%
      empty   junction      6107    35.8%    6.2%    0.0%    0.0%    0.0%    0.0%    1.0%   28.9%   28.0%    0.0%
      empty   open          1928    38.5%    7.0%    0.0%    0.0%    0.0%    0.0%    0.0%   28.1%   26.5%    0.0%
      spoil   pocket         990    30.2%    0.5%    0.0%    0.0%    0.0%    0.0%   24.6%   21.2%   23.4%    0.0%
      spoil   corridor       350    44.0%    0.0%    0.0%    0.0%    0.0%    0.0%    9.7%   24.9%   21.4%    0.0%
      spoil   junction       853    50.5%    0.8%    0.0%    0.0%    0.0%    0.0%    5.9%   19.8%   23.0%    0.0%
      spoil   open           133    51.1%    1.5%    0.0%    0.0%    0.0%    0.0%    0.0%   18.0%   29.3%    0.0%
    DECISIONS: rows not written (decisionnorows)
   90   20  self    0/0            0        0     4566        0        0    0/20        0          9 9 2 0 0
                A READ  ant-readable homeward along >= 0.02 on  51.7% of route-cell samples | FOODWARD   3.8% | plane lit on  61.0% | peak amt  65535 cells  62
                THE LOOP, ANT BY ANT:
                  0. lived                                     20    100.0% of prev    100.0% of all
                  1. reached the food                           0      0.0% of prev      0.0% of all
                  2. picked food up out there                   0      0.0% of prev      0.0% of all
                  3. turned for home with it                    0      0.0% of prev      0.0% of all
                  4. got back to the nest still holding it      0      0.0% of prev      0.0% of all
                  5. PUT IT DOWN there                          0      0.0% of prev      0.0% of all
                  6. went back out again                        0      0.0% of prev      0.0% of all
                  7. reached the food a SECOND time             0      0.0% of prev      0.0% of all
                RETURN LEDGER reached food    0 of   20 ants | came back    0 | trips laden    0 empty    0 | LOOPERS    0 of   20 ants ( 0.0% of those that reached food), repeat    0, most loops by one ant   0
                BY ANCHOR AT PICKUP  anchor ON nest material:    0 loops /    0 pickups (  0.0%) | anchor OFF it:    0 /    0 (  0.0%)
                BY BIRTH SITE  born ON comb:   0 of   0 that reached food looped (  0.0%) | born OFF comb:   0 of   0 (  0.0%)
                founded x   30..68   (nest cursor 48 MATERIAL x 26..70 20 of 20 founders born on it; food 138; nearest founder 70 cells out, farthest 108, nominal gap 90)  occupancy/1k [50 19 5 1 0 0 0 0]  carry->nest       0  born    0 died   20 (starved   20)
                own trail: route pk    0 end    0 along +0.0000  B nest->food [0,0,0,0,0]  blocked      490  kin swaps       0  ticks     12878  tumbles      3899 (homeward        0, 0.00%)  drops       0  DELIVERED     0  leg home n    0 med     0 p90     0 (laden n    0 med     0 p90     0)  appetite held         0 J of         0  trips born-on-comb    0 (20 ants) / born-off    0 (0 ants)
                channel A: PEAK amt  65535 cells   62 (of 91 route)  POLARITY|| +0.25573 && +0.25270 SPAN +0.02255 edge   6.0  end nest->food [11442,8611,1166,0,0]  nest   25  AtNest 37.83%
                Carrying: laden     13956  of which SPOIL     13956 (100.0%)
    DECISION CENSUS: 12535 decisions, reconciled against the rows and the engine's counters
      leg     setting          n  stepped    felllaunched swappedcrossingreversedblocked_roll_fairoll_fai no_body
      empty   pocket         839    19.2%   25.7%    0.0%    0.0%    0.0%    0.0%    8.9%   23.1%   23.0%    0.0%
      empty   corridor      1410    45.5%    3.8%    0.0%    0.0%    0.0%    0.0%    2.3%   23.9%   24.5%    0.0%
      empty   junction      5930    39.1%    5.3%    0.0%    0.0%    0.0%    0.0%    0.9%   27.3%   27.4%    0.0%
      empty   open          1586    42.1%    6.7%    0.0%    0.0%    0.0%    0.0%    0.0%   25.8%   25.4%    0.0%
      spoil   pocket        1166    29.2%    0.6%    0.0%    0.0%    0.0%    0.0%   23.3%   21.5%   25.3%    0.0%
      spoil   corridor       506    44.5%    0.4%    0.0%    0.0%    0.0%    0.0%   12.1%   21.7%   21.3%    0.0%
      spoil   junction       976    49.6%    0.9%    0.0%    0.0%    0.0%    0.0%    4.8%   21.0%   23.7%    0.0%
      spoil   open           122    56.6%    5.7%    0.0%    0.0%    0.0%    0.0%    0.0%   14.8%   23.0%    0.0%
    DECISIONS: rows not written (decisionnorows)
   90   21  self    0/0            0        0     4476        0        0    0/20        0         13 7 0 0 0
                A READ  ant-readable homeward along >= 0.02 on  53.0% of route-cell samples | FOODWARD   1.1% | plane lit on  56.8% | peak amt  65204 cells  55
                THE LOOP, ANT BY ANT:
                  0. lived                                     20    100.0% of prev    100.0% of all
                  1. reached the food                           0      0.0% of prev      0.0% of all
                  2. picked food up out there                   0      0.0% of prev      0.0% of all
                  3. turned for home with it                    0      0.0% of prev      0.0% of all
                  4. got back to the nest still holding it      0      0.0% of prev      0.0% of all
                  5. PUT IT DOWN there                          0      0.0% of prev      0.0% of all
                  6. went back out again                        0      0.0% of prev      0.0% of all
                  7. reached the food a SECOND time             0      0.0% of prev      0.0% of all
                RETURN LEDGER reached food    0 of   20 ants | came back    0 | trips laden    0 empty    0 | LOOPERS    0 of   20 ants ( 0.0% of those that reached food), repeat    0, most loops by one ant   0
                BY ANCHOR AT PICKUP  anchor ON nest material:    0 loops /    0 pickups (  0.0%) | anchor OFF it:    0 /    0 (  0.0%)
                BY BIRTH SITE  born ON comb:   0 of   0 that reached food looped (  0.0%) | born OFF comb:   0 of   0 (  0.0%)
                founded x   30..68   (nest cursor 48 MATERIAL x 26..70 20 of 20 founders born on it; food 138; nearest founder 70 cells out, farthest 108, nominal gap 90)  occupancy/1k [55 16 2 0 0 0 0 0]  carry->nest       0  born    0 died   20 (starved   20)
                own trail: route pk    0 end    0 along +0.0000  B nest->food [0,0,0,0,0]  blocked      543  kin swaps       0  ticks     12535  tumbles      3685 (homeward        0, 0.00%)  drops       0  DELIVERED     0  leg home n    0 med     0 p90     0 (laden n    0 med     0 p90     0)  appetite held         0 J of         0  trips born-on-comb    0 (20 ants) / born-off    0 (0 ants)
                channel A: PEAK amt  65204 cells   55 (of 91 route)  POLARITY|| +0.27389 && +0.26717 SPAN +0.01269 edge   6.0  end nest->food [12108,7823,871,0,0]  nest   25  AtNest 36.25%
                Carrying: laden     16620  of which SPOIL     16620 (100.0%)
    DECISION CENSUS: 12318 decisions, reconciled against the rows and the engine's counters
      leg     setting          n  stepped    felllaunched swappedcrossingreversedblocked_roll_fairoll_fai no_body
      empty   pocket         471    12.7%   36.9%    0.0%    0.0%    0.0%    0.0%    3.8%   23.8%   22.7%    0.0%
      empty   corridor      1724    46.8%    3.6%    0.0%    0.0%    0.0%    0.0%    1.3%   24.7%   23.7%    0.0%
      empty   junction      5939    39.4%    5.4%    0.0%    0.0%    0.0%    0.0%    1.2%   26.5%   27.6%    0.0%
      empty   open          2219    43.4%    8.2%    0.0%    0.0%    0.0%    0.0%    0.0%   24.6%   23.9%    0.0%
      spoil   pocket         386    28.2%    4.7%    0.0%    0.0%    0.0%    0.0%   25.4%   19.7%   22.0%    0.0%
      spoil   corridor       346    39.6%    0.6%    0.0%    0.0%    0.0%    0.0%   12.7%   25.7%   21.4%    0.0%
      spoil   junction      1038    48.5%    1.0%    0.0%    0.0%    0.0%    0.0%    5.9%   20.3%   24.4%    0.0%
      spoil   open           195    49.7%    1.5%    0.0%    0.0%    0.0%    0.0%    0.0%   25.6%   23.1%    0.0%
    DECISIONS: rows not written (decisionnorows)
   90   22  self    0/0            0        0     4002        0        0    0/20        0         10 7 3 0 0
                A READ  ant-readable homeward along >= 0.02 on  55.8% of route-cell samples | FOODWARD   1.3% | plane lit on  63.2% | peak amt  65535 cells  60
                THE LOOP, ANT BY ANT:
                  0. lived                                     20    100.0% of prev    100.0% of all
                  1. reached the food                           0      0.0% of prev      0.0% of all
                  2. picked food up out there                   0      0.0% of prev      0.0% of all
                  3. turned for home with it                    0      0.0% of prev      0.0% of all
                  4. got back to the nest still holding it      0      0.0% of prev      0.0% of all
                  5. PUT IT DOWN there                          0      0.0% of prev      0.0% of all
                  6. went back out again                        0      0.0% of prev      0.0% of all
                  7. reached the food a SECOND time             0      0.0% of prev      0.0% of all
                RETURN LEDGER reached food    0 of   20 ants | came back    0 | trips laden    0 empty    0 | LOOPERS    0 of   20 ants ( 0.0% of those that reached food), repeat    0, most loops by one ant   0
                BY ANCHOR AT PICKUP  anchor ON nest material:    0 loops /    0 pickups (  0.0%) | anchor OFF it:    0 /    0 (  0.0%)
                BY BIRTH SITE  born ON comb:   0 of   0 that reached food looped (  0.0%) | born OFF comb:   0 of   0 (  0.0%)
                founded x   30..68   (nest cursor 48 MATERIAL x 26..70 20 of 20 founders born on it; food 138; nearest founder 70 cells out, farthest 108, nominal gap 90)  occupancy/1k [49 16 5 2 0 0 0 0]  carry->nest       0  born    0 died   20 (starved   20)
                own trail: route pk    0 end    0 along +0.0000  B nest->food [0,0,0,0,0]  blocked      313  kin swaps       0  ticks     12318  tumbles      3396 (homeward        0, 0.00%)  drops       0  DELIVERED     0  leg home n    0 med     0 p90     0 (laden n    0 med     0 p90     0)  appetite held         0 J of         0  trips born-on-comb    0 (20 ants) / born-off    0 (0 ants)
                channel A: PEAK amt  65535 cells   60 (of 91 route)  POLARITY|| +0.24949 && +0.24257 SPAN +0.00916 edge   6.0  end nest->food [12160,8812,1457,0,0]  nest   25  AtNest 42.47%
                Carrying: laden     11790  of which SPOIL     11790 (100.0%)
    DECISION CENSUS: 12926 decisions, reconciled against the rows and the engine's counters
      leg     setting          n  stepped    felllaunched swappedcrossingreversedblocked_roll_fairoll_fai no_body
      empty   pocket         559    16.3%   35.4%    0.0%    0.0%    0.0%    0.0%    6.4%   18.8%   23.1%    0.0%
      empty   corridor      1861    45.2%    4.4%    0.0%    0.0%    0.0%    0.0%    1.3%   25.8%   23.2%    0.0%
      empty   junction      6115    39.0%    6.5%    0.0%    0.0%    0.0%    0.0%    0.9%   27.4%   26.3%    0.0%
      empty   open          2259    43.6%    9.6%    0.0%    0.0%    0.0%    0.0%    0.0%   23.4%   23.4%    0.0%
      spoil   pocket         851    28.2%    1.3%    0.0%    0.0%    0.0%    0.0%   22.6%   23.3%   24.7%    0.0%
      spoil   corridor       372    36.0%    1.1%    0.0%    0.0%    0.0%    0.0%   13.4%   27.7%   21.8%    0.0%
      spoil   junction       797    45.0%    0.8%    0.0%    0.0%    0.0%    0.0%    4.1%   25.0%   25.1%    0.0%
      spoil   open           112    50.0%    6.2%    0.0%    0.0%    0.0%    0.0%    0.0%   25.9%   17.9%    0.0%
    DECISIONS: rows not written (decisionnorows)
   90   23  self    0/0            0        0     4452        0        0    0/20        0         13 2 5 0 0
                A READ  ant-readable homeward along >= 0.02 on  62.7% of route-cell samples | FOODWARD   2.6% | plane lit on  71.0% | peak amt  65535 cells  71
                THE LOOP, ANT BY ANT:
                  0. lived                                     20    100.0% of prev    100.0% of all
                  1. reached the food                           0      0.0% of prev      0.0% of all
                  2. picked food up out there                   0      0.0% of prev      0.0% of all
                  3. turned for home with it                    0      0.0% of prev      0.0% of all
                  4. got back to the nest still holding it      0      0.0% of prev      0.0% of all
                  5. PUT IT DOWN there                          0      0.0% of prev      0.0% of all
                  6. went back out again                        0      0.0% of prev      0.0% of all
                  7. reached the food a SECOND time             0      0.0% of prev      0.0% of all
                RETURN LEDGER reached food    0 of   20 ants | came back    0 | trips laden    0 empty    0 | LOOPERS    0 of   20 ants ( 0.0% of those that reached food), repeat    0, most loops by one ant   0
                BY ANCHOR AT PICKUP  anchor ON nest material:    0 loops /    0 pickups (  0.0%) | anchor OFF it:    0 /    0 (  0.0%)
                BY BIRTH SITE  born ON comb:   0 of   0 that reached food looped (  0.0%) | born OFF comb:   0 of   0 (  0.0%)
                founded x   30..68   (nest cursor 48 MATERIAL x 26..70 20 of 20 founders born on it; food 138; nearest founder 70 cells out, farthest 108, nominal gap 90)  occupancy/1k [44 21 4 2 2 0 0 0]  carry->nest       0  born    0 died   20 (starved   20)
                own trail: route pk    0 end    0 along +0.0000  B nest->food [0,0,0,0,0]  blocked      389  kin swaps       0  ticks     12926  tumbles      3707 (homeward        0, 0.00%)  drops       0  DELIVERED     0  leg home n    0 med     0 p90     0 (laden n    0 med     0 p90     0)  appetite held         0 J of         0  trips born-on-comb    0 (20 ants) / born-off    0 (0 ants)
                channel A: PEAK amt  65535 cells   71 (of 91 route)  POLARITY|| +0.23105 && +0.22984 SPAN +0.01151 edge   6.0  end nest->food [11459,8623,1556,0,0]  nest   25  AtNest 35.47%
                Carrying: laden     12792  of which SPOIL     12792 (100.0%)
    DECISION CENSUS: 12004 decisions, reconciled against the rows and the engine's counters
      leg     setting          n  stepped    felllaunched swappedcrossingreversedblocked_roll_fairoll_fai no_body
      empty   pocket         614    18.7%   31.1%    0.0%    0.0%    0.0%    0.0%    8.5%   20.8%   20.8%    0.0%
      empty   corridor      1220    43.3%    5.1%    0.0%    0.0%    0.0%    0.0%    1.6%   25.8%   24.3%    0.0%
      empty   junction      5919    37.3%    5.9%    0.0%    0.0%    0.0%    0.0%    0.8%   27.5%   28.6%    0.0%
      empty   open          1965    40.4%    8.7%    0.0%    0.0%    0.0%    0.0%    0.0%   25.1%   25.8%    0.0%
      spoil   pocket         771    30.4%    2.3%    0.0%    0.0%    0.0%    0.0%   22.4%   22.7%   22.2%    0.0%
      spoil   corridor       603    42.5%    1.3%    0.0%    0.0%    0.0%    0.0%   12.1%   21.7%   22.4%    0.0%
      spoil   junction       792    48.4%    1.3%    0.0%    0.0%    0.0%    0.0%    6.2%   22.2%   22.0%    0.0%
      spoil   open           120    49.2%    2.5%    0.0%    0.0%    0.0%    0.0%    0.0%   22.5%   25.8%    0.0%
    DECISIONS: rows not written (decisionnorows)
   90   24  self    0/0            0        0     4494        0        0    0/20        0         11 7 2 0 0
                A READ  ant-readable homeward along >= 0.02 on  53.3% of route-cell samples | FOODWARD   1.7% | plane lit on  61.3% | peak amt  65535 cells  60
                THE LOOP, ANT BY ANT:
                  0. lived                                     20    100.0% of prev    100.0% of all
                  1. reached the food                           0      0.0% of prev      0.0% of all
                  2. picked food up out there                   0      0.0% of prev      0.0% of all
                  3. turned for home with it                    0      0.0% of prev      0.0% of all
                  4. got back to the nest still holding it      0      0.0% of prev      0.0% of all
                  5. PUT IT DOWN there                          0      0.0% of prev      0.0% of all
                  6. went back out again                        0      0.0% of prev      0.0% of all
                  7. reached the food a SECOND time             0      0.0% of prev      0.0% of all
                RETURN LEDGER reached food    0 of   20 ants | came back    0 | trips laden    0 empty    0 | LOOPERS    0 of   20 ants ( 0.0% of those that reached food), repeat    0, most loops by one ant   0
                BY ANCHOR AT PICKUP  anchor ON nest material:    0 loops /    0 pickups (  0.0%) | anchor OFF it:    0 /    0 (  0.0%)
                BY BIRTH SITE  born ON comb:   0 of   0 that reached food looped (  0.0%) | born OFF comb:   0 of   0 (  0.0%)
                founded x   30..68   (nest cursor 48 MATERIAL x 26..70 20 of 20 founders born on it; food 138; nearest founder 70 cells out, farthest 108, nominal gap 90)  occupancy/1k [42 21 5 1 0 0 0 0]  carry->nest       0  born    0 died   20 (starved   19)
                own trail: route pk    0 end    0 along +0.0000  B nest->food [0,0,0,0,0]  blocked      412  kin swaps       0  ticks     12005  tumbles      3483 (homeward        0, 0.00%)  drops       0  DELIVERED     0  leg home n    0 med     0 p90     0 (laden n    0 med     0 p90     0)  appetite held         0 J of         0  trips born-on-comb    0 (20 ants) / born-off    0 (0 ants)
                channel A: PEAK amt  65535 cells   60 (of 91 route)  POLARITY|| +0.25956 && +0.26040 SPAN +0.00965 edge   6.0  end nest->food [11612,8615,1277,0,0]  nest   25  AtNest 37.80%
                Carrying: laden     13722  of which SPOIL     13722 (100.0%)
    DECISION CENSUS: 12600 decisions, reconciled against the rows and the engine's counters
      leg     setting          n  stepped    felllaunched swappedcrossingreversedblocked_roll_fairoll_fai no_body
      empty   pocket         511    16.0%   32.5%    0.0%    0.0%    0.0%    0.0%    6.5%   21.9%   23.1%    0.0%
      empty   corridor      1533    45.7%    4.8%    0.0%    0.0%    0.0%    0.0%    2.5%   23.5%   23.4%    0.0%
      empty   junction      5743    38.8%    7.6%    0.0%    0.0%    0.0%    0.0%    1.4%   25.8%   26.4%    0.0%
      empty   open          2519    39.8%    8.3%    0.0%    0.0%    0.0%    0.0%    0.0%   27.0%   24.9%    0.0%
      spoil   pocket         876    30.5%    0.7%    0.0%    0.0%    0.0%    0.0%   24.4%   21.8%   22.6%    0.0%
      spoil   corridor       404    39.4%    0.5%    0.0%    0.0%    0.0%    0.0%   12.6%   23.8%   23.8%    0.0%
      spoil   junction       857    47.4%    2.0%    0.0%    0.0%    0.0%    0.0%    3.6%   22.9%   24.2%    0.0%
      spoil   open           157    56.1%    5.1%    0.0%    0.0%    0.0%    0.0%    0.0%   15.9%   22.9%    0.0%
    DECISIONS: rows not written (decisionnorows)
  140    1  self    0/0            0        0     4290        0        0    0/20        0         18 2 0 0 0
                A READ  ant-readable homeward along >= 0.02 on  33.7% of route-cell samples | FOODWARD   0.3% | plane lit on  35.3% | peak amt  65535 cells  54
                THE LOOP, ANT BY ANT:
                  0. lived                                     20    100.0% of prev    100.0% of all
                  1. reached the food                           0      0.0% of prev      0.0% of all
                  2. picked food up out there                   0      0.0% of prev      0.0% of all
                  3. turned for home with it                    0      0.0% of prev      0.0% of all
                  4. got back to the nest still holding it      0      0.0% of prev      0.0% of all
                  5. PUT IT DOWN there                          0      0.0% of prev      0.0% of all
                  6. went back out again                        0      0.0% of prev      0.0% of all
                  7. reached the food a SECOND time             0      0.0% of prev      0.0% of all
                RETURN LEDGER reached food    0 of   20 ants | came back    0 | trips laden    0 empty    0 | LOOPERS    0 of   20 ants ( 0.0% of those that reached food), repeat    0, most loops by one ant   0
                BY ANCHOR AT PICKUP  anchor ON nest material:    0 loops /    0 pickups (  0.0%) | anchor OFF it:    0 /    0 (  0.0%)
                BY BIRTH SITE  born ON comb:   0 of   0 that reached food looped (  0.0%) | born OFF comb:   0 of   0 (  0.0%)
                founded x   30..68   (nest cursor 48 MATERIAL x 26..70 20 of 20 founders born on it; food 188; nearest founder 120 cells out, farthest 158, nominal gap 140)  occupancy/1k [66 7 0 0 0 0 0 0]  carry->nest       0  born    0 died   20 (starved   20)
                own trail: route pk    0 end    0 along +0.0000  B nest->food [0,0,0,0,0]  blocked      448  kin swaps       0  ticks     12600  tumbles      3590 (homeward        0, 0.00%)  drops       0  DELIVERED     0  leg home n    0 med     0 p90     0 (laden n    0 med     0 p90     0)  appetite held         0 J of         0  trips born-on-comb    0 (20 ants) / born-off    0 (0 ants)
                channel A: PEAK amt  65535 cells   54 (of 141 route)  POLARITY|| +0.28732 && +0.28145 SPAN +0.00992 edge   6.0  end nest->food [12519,3039,0,0,0]  nest   25  AtNest 34.01%
                Carrying: laden     13764  of which SPOIL     13764 (100.0%)
    DECISION CENSUS: 12351 decisions, reconciled against the rows and the engine's counters
      leg     setting          n  stepped    felllaunched swappedcrossingreversedblocked_roll_fairoll_fai no_body
      empty   pocket         707    18.7%   25.2%    0.0%    0.0%    0.0%    0.0%    8.8%   24.3%   23.1%    0.0%
      empty   corridor      1616    46.3%    3.7%    0.0%    0.0%    0.0%    0.0%    1.7%   25.6%   22.8%    0.0%
      empty   junction      5788    39.7%    5.7%    0.0%    0.0%    0.0%    0.0%    1.2%   26.9%   26.5%    0.0%
      empty   open          1987    41.9%    9.6%    0.0%    0.0%    0.0%    0.0%    0.0%   24.0%   24.5%    0.0%
      spoil   pocket         421    28.7%    2.1%    0.0%    0.0%    0.0%    0.0%   23.3%   20.2%   25.7%    0.0%
      spoil   corridor       645    45.7%    0.3%    0.0%    0.0%    0.0%    0.0%    7.4%   20.9%   25.6%    0.0%
      spoil   junction      1068    48.3%    1.0%    0.0%    0.0%    0.0%    0.0%    5.0%   22.4%   23.3%    0.0%
      spoil   open           119    51.3%    5.0%    0.0%    0.0%    0.0%    0.0%    0.0%   21.0%   22.7%    0.0%
    DECISIONS: rows not written (decisionnorows)
  140    2  self    0/0            0        0     3966        0        0    0/20        0         13 7 0 0 0
                A READ  ant-readable homeward along >= 0.02 on  38.1% of route-cell samples | FOODWARD   2.5% | plane lit on  44.3% | peak amt  65535 cells  71
                THE LOOP, ANT BY ANT:
                  0. lived                                     20    100.0% of prev    100.0% of all
                  1. reached the food                           0      0.0% of prev      0.0% of all
                  2. picked food up out there                   0      0.0% of prev      0.0% of all
                  3. turned for home with it                    0      0.0% of prev      0.0% of all
                  4. got back to the nest still holding it      0      0.0% of prev      0.0% of all
                  5. PUT IT DOWN there                          0      0.0% of prev      0.0% of all
                  6. went back out again                        0      0.0% of prev      0.0% of all
                  7. reached the food a SECOND time             0      0.0% of prev      0.0% of all
                RETURN LEDGER reached food    0 of   20 ants | came back    0 | trips laden    0 empty    0 | LOOPERS    0 of   20 ants ( 0.0% of those that reached food), repeat    0, most loops by one ant   0
                BY ANCHOR AT PICKUP  anchor ON nest material:    0 loops /    0 pickups (  0.0%) | anchor OFF it:    0 /    0 (  0.0%)
                BY BIRTH SITE  born ON comb:   0 of   0 that reached food looped (  0.0%) | born OFF comb:   0 of   0 (  0.0%)
                founded x   30..68   (nest cursor 48 MATERIAL x 26..70 20 of 20 founders born on it; food 188; nearest founder 120 cells out, farthest 158, nominal gap 140)  occupancy/1k [56 13 3 0 0 0 0 0]  carry->nest       0  born    0 died   20 (starved   20)
                own trail: route pk    0 end    0 along +0.0000  B nest->food [0,0,0,0,0]  blocked      360  kin swaps       0  ticks     12351  tumbles      3462 (homeward        0, 0.00%)  drops       0  DELIVERED     0  leg home n    0 med     0 p90     0 (laden n    0 med     0 p90     0)  appetite held         0 J of         0  trips born-on-comb    0 (20 ants) / born-off    0 (0 ants)
                channel A: PEAK amt  65535 cells   71 (of 141 route)  POLARITY|| +0.23213 && +0.23102 SPAN +0.01533 edge   6.0  end nest->food [11005,4652,0,0,0]  nest   25  AtNest 38.22%
                Carrying: laden     13518  of which SPOIL     13518 (100.0%)
    DECISION CENSUS: 15845 decisions, reconciled against the rows and the engine's counters
      leg     setting          n  stepped    felllaunched swappedcrossingreversedblocked_roll_fairoll_fai no_body
      empty   pocket         727    12.5%   26.3%    0.0%    0.0%    0.0%    0.0%    4.8%   29.3%   27.1%    0.0%
      empty   corridor      3323    35.7%    1.3%    0.0%    0.0%    0.0%    0.0%    1.1%   31.4%   30.5%    0.0%
      empty   junction      6080    35.8%    4.6%    0.0%    0.0%    0.0%    0.0%    1.0%   29.1%   29.5%    0.0%
      empty   open          1672    40.0%    6.6%    0.0%    0.0%    0.0%    0.0%    0.0%   26.3%   27.2%    0.0%
      laden   pocket          38     2.6%    7.9%    0.0%    0.0%    0.0%    0.0%    0.0%   39.5%   50.0%    0.0%
      laden   corridor       347    37.2%    0.0%    0.0%    0.0%    0.0%    0.0%    0.3%   30.0%   32.6%    0.0%
      laden   junction       547    11.0%    0.0%    0.0%    0.0%    0.0%    0.0%    0.0%   42.6%   46.4%    0.0%
      spoil   pocket         823    29.5%    0.9%    0.0%    0.0%    0.0%    0.0%   23.3%   24.2%   22.1%    0.0%
      spoil   corridor      1352    16.5%    0.0%    0.0%    0.0%    0.0%    0.0%    3.7%   40.3%   39.5%    0.0%
      spoil   junction       834    38.5%    0.4%    0.0%    0.0%    0.0%    0.0%    3.7%   29.0%   28.4%    0.0%
      spoil   open           102    48.0%    1.0%    0.0%    0.0%    0.0%    0.0%    0.0%   24.5%   26.5%    0.0%
    DECISIONS: rows not written (decisionnorows)
  140    3  self    1/1          730     3432        0     5592     4506    1/20        1         15 2 2 1 0
                A READ  ant-readable homeward along >= 0.02 on  43.8% of route-cell samples | FOODWARD   3.2% | plane lit on  51.6% | peak amt  65535 cells 138
                THE LOOP, ANT BY ANT:
                  0. lived                                     20    100.0% of prev    100.0% of all
                  1. reached the food                           1      5.0% of prev      5.0% of all
                  2. picked food up out there                   1    100.0% of prev      5.0% of all
                  3. turned for home with it                    1    100.0% of prev      5.0% of all
                  4. got back to the nest still holding it      1    100.0% of prev      5.0% of all
                  5. PUT IT DOWN there                          1    100.0% of prev      5.0% of all
                  6. went back out again                        0      0.0% of prev      0.0% of all
                  7. reached the food a SECOND time             0      0.0% of prev      0.0% of all
                RETURN LEDGER reached food    1 of   20 ants | came back    1 | trips laden    1 empty    0 | LOOPERS    1 of   20 ants (100.0% of those that reached food), repeat    0, most loops by one ant   1
                BY ANCHOR AT PICKUP  anchor ON nest material:    1 loops /    1 pickups (100.0%) | anchor OFF it:    0 /    0 (  0.0%)
                BY BIRTH SITE  born ON comb:   1 of   1 that reached food looped (100.0%) | born OFF comb:   0 of   0 (  0.0%)
                LEGS legs[1027] laden[1027]
                founded x   30..68   (nest cursor 48 MATERIAL x 26..70 20 of 20 founders born on it; food 188; nearest founder 120 cells out, farthest 158, nominal gap 140)  occupancy/1k [62 25 3 2 1 0 0 0]  carry->nest     113  born    0 died   19 (starved   18)
                own trail: route pk  120 end    8 along -0.0000  B nest->food [0,18,19,18,0]  blocked      405  kin swaps       0  ticks     15846  tumbles      5232 (homeward       35, 0.67%)  drops     300  DELIVERED   300  leg home n    1 med  1027 p90  1027 (laden n    1 med  1027 p90  1027)  appetite held         0 J of      3076  trips born-on-comb    1 (20 ants) / born-off    0 (0 ants)
                channel A: PEAK amt  65535 cells  138 (of 141 route)  POLARITY|| +0.21018 && +0.21078 SPAN +0.02447 edge   6.0  end nest->food [10656,3352,0,0,0]  nest   25  AtNest 37.27%
                Carrying: laden     24258  of which SPOIL     19470 ( 80.3%)
    DECISION CENSUS: 12546 decisions, reconciled against the rows and the engine's counters
      leg     setting          n  stepped    felllaunched swappedcrossingreversedblocked_roll_fairoll_fai no_body
      empty   pocket         674    20.3%   22.0%    0.0%    0.0%    0.0%    0.0%    9.5%   22.3%   26.0%    0.0%
      empty   corridor      1880    48.1%    3.0%    0.0%    0.0%    0.0%    0.0%    1.7%   24.4%   22.8%    0.0%
      empty   junction      5453    38.8%    5.2%    0.0%    0.0%    0.0%    0.0%    1.2%   27.4%   27.3%    0.0%
      empty   open          2016    41.0%    7.5%    0.0%    0.0%    0.0%    0.0%    0.0%   25.7%   25.8%    0.0%
      spoil   pocket         686    29.7%    0.4%    0.0%    0.0%    0.0%    0.0%   24.3%   22.7%   22.7%    0.0%
      spoil   corridor       630    45.2%    0.2%    0.0%    0.0%    0.0%    0.0%   12.7%   21.6%   20.3%    0.0%
      spoil   junction      1076    49.0%    1.3%    0.0%    0.0%    0.0%    0.0%    6.2%   22.2%   21.3%    0.0%
      spoil   open           131    48.9%    3.1%    0.0%    0.0%    0.0%    0.0%    0.0%   21.4%   26.7%    0.0%
    DECISIONS: rows not written (decisionnorows)
  140    4  self    0/0            0        0     4314        0        0    0/20        0         16 4 0 0 0
                A READ  ant-readable homeward along >= 0.02 on  41.0% of route-cell samples | FOODWARD   0.4% | plane lit on  43.5% | peak amt  65535 cells  75
                THE LOOP, ANT BY ANT:
                  0. lived                                     20    100.0% of prev    100.0% of all
                  1. reached the food                           0      0.0% of prev      0.0% of all
                  2. picked food up out there                   0      0.0% of prev      0.0% of all
                  3. turned for home with it                    0      0.0% of prev      0.0% of all
                  4. got back to the nest still holding it      0      0.0% of prev      0.0% of all
                  5. PUT IT DOWN there                          0      0.0% of prev      0.0% of all
                  6. went back out again                        0      0.0% of prev      0.0% of all
                  7. reached the food a SECOND time             0      0.0% of prev      0.0% of all
                RETURN LEDGER reached food    0 of   20 ants | came back    0 | trips laden    0 empty    0 | LOOPERS    0 of   20 ants ( 0.0% of those that reached food), repeat    0, most loops by one ant   0
                BY ANCHOR AT PICKUP  anchor ON nest material:    0 loops /    0 pickups (  0.0%) | anchor OFF it:    0 /    0 (  0.0%)
                BY BIRTH SITE  born ON comb:   0 of   0 that reached food looped (  0.0%) | born OFF comb:   0 of   0 (  0.0%)
                founded x   30..68   (nest cursor 48 MATERIAL x 26..70 20 of 20 founders born on it; food 188; nearest founder 120 cells out, farthest 158, nominal gap 140)  occupancy/1k [63 9 2 0 0 0 0 0]  carry->nest       0  born    0 died   20 (starved   20)
                own trail: route pk    0 end    0 along +0.0000  B nest->food [0,0,0,0,0]  blocked      478  kin swaps       0  ticks     12546  tumbles      3658 (homeward        0, 0.00%)  drops       0  DELIVERED     0  leg home n    0 med     0 p90     0 (laden n    0 med     0 p90     0)  appetite held         0 J of         0  trips born-on-comb    0 (20 ants) / born-off    0 (0 ants)
                channel A: PEAK amt  65535 cells   75 (of 141 route)  POLARITY|| +0.24393 && +0.24422 SPAN +0.01173 edge   6.0  end nest->food [11583,3284,0,0,0]  nest   25  AtNest 38.17%
                Carrying: laden     15138  of which SPOIL     15138 (100.0%)
    DECISION CENSUS: 12540 decisions, reconciled against the rows and the engine's counters
      leg     setting          n  stepped    felllaunched swappedcrossingreversedblocked_roll_fairoll_fai no_body
      empty   pocket         716    16.6%   30.0%    0.0%    0.0%    0.0%    0.0%    7.5%   22.6%   23.2%    0.0%
      empty   corridor      2057    48.8%    2.1%    0.0%    0.0%    0.0%    0.0%    1.0%   23.1%   25.0%    0.0%
      empty   junction      5554    38.6%    4.7%    0.0%    0.0%    0.0%    0.0%    1.0%   27.6%   28.2%    0.0%
      empty   open          1835    38.5%    6.2%    0.0%    0.0%    0.0%    0.0%    0.0%   28.6%   26.8%    0.0%
      spoil   pocket         747    26.6%    2.1%    0.0%    0.0%    0.0%    0.0%   22.0%   25.3%   24.0%    0.0%
      spoil   corridor       555    44.9%    0.5%    0.0%    0.0%    0.0%    0.0%    9.2%   23.1%   22.3%    0.0%
      spoil   junction       933    51.3%    1.0%    0.0%    0.0%    0.0%    0.0%    4.7%   22.6%   20.4%    0.0%
      spoil   open           143    58.7%    2.1%    0.0%    0.0%    0.0%    0.0%    0.0%   20.3%   18.9%    0.0%
    DECISIONS: rows not written (decisionnorows)
  140    5  self    0/0            0        0     4644        0        0    0/20        0         16 2 2 0 0
                A READ  ant-readable homeward along >= 0.02 on  37.6% of route-cell samples | FOODWARD   5.6% | plane lit on  47.5% | peak amt  65535 cells  99
                THE LOOP, ANT BY ANT:
                  0. lived                                     20    100.0% of prev    100.0% of all
                  1. reached the food                           0      0.0% of prev      0.0% of all
                  2. picked food up out there                   0      0.0% of prev      0.0% of all
                  3. turned for home with it                    0      0.0% of prev      0.0% of all
                  4. got back to the nest still holding it      0      0.0% of prev      0.0% of all
                  5. PUT IT DOWN there                          0      0.0% of prev      0.0% of all
                  6. went back out again                        0      0.0% of prev      0.0% of all
                  7. reached the food a SECOND time             0      0.0% of prev      0.0% of all
                RETURN LEDGER reached food    0 of   20 ants | came back    0 | trips laden    0 empty    0 | LOOPERS    0 of   20 ants ( 0.0% of those that reached food), repeat    0, most loops by one ant   0
                BY ANCHOR AT PICKUP  anchor ON nest material:    0 loops /    0 pickups (  0.0%) | anchor OFF it:    0 /    0 (  0.0%)
                BY BIRTH SITE  born ON comb:   0 of   0 that reached food looped (  0.0%) | born OFF comb:   0 of   0 (  0.0%)
                founded x   30..68   (nest cursor 48 MATERIAL x 26..70 20 of 20 founders born on it; food 188; nearest founder 120 cells out, farthest 158, nominal gap 140)  occupancy/1k [57 14 1 0 1 0 0 0]  carry->nest       0  born    0 died   20 (starved   19)
                own trail: route pk    0 end    0 along +0.0000  B nest->food [0,0,0,0,0]  blocked      387  kin swaps       0  ticks     12541  tumbles      3640 (homeward        0, 0.00%)  drops       0  DELIVERED     0  leg home n    0 med     0 p90     0 (laden n    0 med     0 p90     0)  appetite held         0 J of         0  trips born-on-comb    0 (20 ants) / born-off    0 (0 ants)
                channel A: PEAK amt  65535 cells   99 (of 141 route)  POLARITY|| +0.21461 && +0.21027 SPAN +0.03011 edge   6.3  end nest->food [10035,4010,0,0,0]  nest   25  AtNest 35.71%
                Carrying: laden     14268  of which SPOIL     14268 (100.0%)
    DECISION CENSUS: 12315 decisions, reconciled against the rows and the engine's counters
      leg     setting          n  stepped    felllaunched swappedcrossingreversedblocked_roll_fairoll_fai no_body
      empty   pocket         644    13.5%   35.9%    0.0%    0.0%    0.0%    0.0%    3.9%   24.2%   22.5%    0.0%
      empty   corridor      1641    47.5%    4.1%    0.0%    0.0%    0.0%    0.0%    1.6%   23.0%   23.8%    0.0%
      empty   junction      6189    37.4%    5.9%    0.0%    0.0%    0.0%    0.0%    1.0%   27.8%   27.9%    0.0%
      empty   open          1773    44.0%    7.5%    0.0%    0.0%    0.0%    0.0%    0.0%   24.3%   24.2%    0.0%
      spoil   pocket         719    28.8%    1.7%    0.0%    0.0%    0.0%    0.0%   22.7%   22.5%   24.3%    0.0%
      spoil   corridor       368    41.8%    0.8%    0.0%    0.0%    0.0%    0.0%   12.5%   23.6%   21.2%    0.0%
      spoil   junction       842    46.3%    0.8%    0.0%    0.0%    0.0%    0.0%    3.8%   23.5%   25.5%    0.0%
      spoil   open           139    54.7%    4.3%    0.0%    0.0%    0.0%    0.0%    0.0%   20.1%   20.9%    0.0%
    DECISIONS: rows not written (decisionnorows)
  140    6  self    0/0            0        0     4590        0        0    0/20        0         15 5 0 0 0
                A READ  ant-readable homeward along >= 0.02 on  43.1% of route-cell samples | FOODWARD   1.2% | plane lit on  42.6% | peak amt  61659 cells  66
                THE LOOP, ANT BY ANT:
                  0. lived                                     20    100.0% of prev    100.0% of all
                  1. reached the food                           0      0.0% of prev      0.0% of all
                  2. picked food up out there                   0      0.0% of prev      0.0% of all
                  3. turned for home with it                    0      0.0% of prev      0.0% of all
                  4. got back to the nest still holding it      0      0.0% of prev      0.0% of all
                  5. PUT IT DOWN there                          0      0.0% of prev      0.0% of all
                  6. went back out again                        0      0.0% of prev      0.0% of all
                  7. reached the food a SECOND time             0      0.0% of prev      0.0% of all
                RETURN LEDGER reached food    0 of   20 ants | came back    0 | trips laden    0 empty    0 | LOOPERS    0 of   20 ants ( 0.0% of those that reached food), repeat    0, most loops by one ant   0
                BY ANCHOR AT PICKUP  anchor ON nest material:    0 loops /    0 pickups (  0.0%) | anchor OFF it:    0 /    0 (  0.0%)
                BY BIRTH SITE  born ON comb:   0 of   0 that reached food looped (  0.0%) | born OFF comb:   0 of   0 (  0.0%)
                founded x   30..68   (nest cursor 48 MATERIAL x 26..70 20 of 20 founders born on it; food 188; nearest founder 120 cells out, farthest 158, nominal gap 140)  occupancy/1k [62 9 1 0 0 0 0 0]  carry->nest       0  born    0 died   20 (starved   20)
                own trail: route pk    0 end    0 along +0.0000  B nest->food [0,0,0,0,0]  blocked      355  kin swaps       0  ticks     12315  tumbles      3513 (homeward        0, 0.00%)  drops       0  DELIVERED     0  leg home n    0 med     0 p90     0 (laden n    0 med     0 p90     0)  appetite held         0 J of         0  trips born-on-comb    0 (20 ants) / born-off    0 (0 ants)
                channel A: PEAK amt  61659 cells   66 (of 141 route)  POLARITY|| +0.23404 && +0.23652 SPAN +0.04087 edge   6.0  end nest->food [10920,3111,0,0,0]  nest   25  AtNest 38.60%
                Carrying: laden     12408  of which SPOIL     12408 (100.0%)
    DECISION CENSUS: 13043 decisions, reconciled against the rows and the engine's counters
      leg     setting          n  stepped    felllaunched swappedcrossingreversedblocked_roll_fairoll_fai no_body
      empty   pocket         608    15.3%   34.4%    0.0%    0.0%    0.0%    0.0%    6.4%   23.5%   20.4%    0.0%
      empty   corridor      1377    48.5%    5.3%    0.0%    0.0%    0.0%    0.0%    1.7%   22.3%   22.2%    0.0%
      empty   junction      6755    37.5%    5.8%    0.0%    0.0%    0.0%    0.0%    1.5%   27.8%   27.5%    0.0%
      empty   open          2175    37.8%    6.7%    0.0%    0.0%    0.0%    0.0%    0.0%   29.4%   26.1%    0.0%
      spoil   pocket         829    31.0%    0.6%    0.0%    0.0%    0.0%    0.0%   23.9%   22.7%   21.8%    0.0%
      spoil   corridor       514    45.9%    1.2%    0.0%    0.0%    0.0%    0.0%    8.6%   21.4%   23.0%    0.0%
      spoil   junction       675    48.6%    1.5%    0.0%    0.0%    0.0%    0.0%    4.7%   25.8%   19.4%    0.0%
      spoil   open           110    56.4%    2.7%    0.0%    0.0%    0.0%    0.0%    0.0%   20.9%   20.0%    0.0%
    DECISIONS: rows not written (decisionnorows)
  140    7  self    0/0            0        0     4524        0        0    0/20        0         14 6 0 0 0
                A READ  ant-readable homeward along >= 0.02 on  42.4% of route-cell samples | FOODWARD   0.9% | plane lit on  42.3% | peak amt  64707 cells  63
                THE LOOP, ANT BY ANT:
                  0. lived                                     20    100.0% of prev    100.0% of all
                  1. reached the food                           0      0.0% of prev      0.0% of all
                  2. picked food up out there                   0      0.0% of prev      0.0% of all
                  3. turned for home with it                    0      0.0% of prev      0.0% of all
                  4. got back to the nest still holding it      0      0.0% of prev      0.0% of all
                  5. PUT IT DOWN there                          0      0.0% of prev      0.0% of all
                  6. went back out again                        0      0.0% of prev      0.0% of all
                  7. reached the food a SECOND time             0      0.0% of prev      0.0% of all
                RETURN LEDGER reached food    0 of   20 ants | came back    0 | trips laden    0 empty    0 | LOOPERS    0 of   20 ants ( 0.0% of those that reached food), repeat    0, most loops by one ant   0
                BY ANCHOR AT PICKUP  anchor ON nest material:    0 loops /    0 pickups (  0.0%) | anchor OFF it:    0 /    0 (  0.0%)
                BY BIRTH SITE  born ON comb:   0 of   0 that reached food looped (  0.0%) | born OFF comb:   0 of   0 (  0.0%)
                founded x   30..68   (nest cursor 48 MATERIAL x 26..70 20 of 20 founders born on it; food 188; nearest founder 120 cells out, farthest 158, nominal gap 140)  occupancy/1k [58 16 3 0 0 0 0 0]  carry->nest       0  born    0 died   20 (starved   20)
                own trail: route pk    0 end    0 along +0.0000  B nest->food [0,0,0,0,0]  blocked      436  kin swaps       0  ticks     13043  tumbles      3898 (homeward        0, 0.00%)  drops       0  DELIVERED     0  leg home n    0 med     0 p90     0 (laden n    0 med     0 p90     0)  appetite held         0 J of         0  trips born-on-comb    0 (20 ants) / born-off    0 (0 ants)
                channel A: PEAK amt  64707 cells   63 (of 141 route)  POLARITY|| +0.23705 && +0.23647 SPAN +0.02153 edge   6.0  end nest->food [11122,3002,0,0,0]  nest   25  AtNest 37.21%
                Carrying: laden     12768  of which SPOIL     12768 (100.0%)
    DECISION CENSUS: 12766 decisions, reconciled against the rows and the engine's counters
      leg     setting          n  stepped    felllaunched swappedcrossingreversedblocked_roll_fairoll_fai no_body
      empty   pocket         573    14.3%   34.0%    0.0%    0.0%    0.0%    0.0%    5.6%   21.8%   24.3%    0.0%
      empty   corridor      2319    45.1%    3.1%    0.0%    0.0%    0.0%    0.0%    1.0%   25.6%   25.2%    0.0%
      empty   junction      6420    37.2%    6.2%    0.0%    0.0%    0.0%    0.0%    0.7%   29.2%   26.6%    0.0%
      empty   open          1625    46.3%    8.1%    0.0%    0.0%    0.0%    0.0%    0.0%   22.6%   23.1%    0.0%
      spoil   pocket         622    29.1%    0.5%    0.0%    0.0%    0.0%    0.0%   23.2%   22.3%   24.9%    0.0%
      spoil   corridor       316    40.2%    0.6%    0.0%    0.0%    0.0%    0.0%   13.9%   22.2%   23.1%    0.0%
      spoil   junction       761    47.6%    1.2%    0.0%    0.0%    0.0%    0.0%    4.9%   25.9%   20.5%    0.0%
      spoil   open           130    53.1%    1.5%    0.0%    0.0%    0.0%    0.0%    0.0%   26.9%   18.5%    0.0%
    DECISIONS: rows not written (decisionnorows)
  140    8  self    0/0            0        0     4908        0        0    0/20        0         17 1 1 1 0
                A READ  ant-readable homeward along >= 0.02 on  41.1% of route-cell samples | FOODWARD   2.9% | plane lit on  45.1% | peak amt  65535 cells 125
                THE LOOP, ANT BY ANT:
                  0. lived                                     20    100.0% of prev    100.0% of all
                  1. reached the food                           0      0.0% of prev      0.0% of all
                  2. picked food up out there                   0      0.0% of prev      0.0% of all
                  3. turned for home with it                    0      0.0% of prev      0.0% of all
                  4. got back to the nest still holding it      0      0.0% of prev      0.0% of all
                  5. PUT IT DOWN there                          0      0.0% of prev      0.0% of all
                  6. went back out again                        0      0.0% of prev      0.0% of all
                  7. reached the food a SECOND time             0      0.0% of prev      0.0% of all
                RETURN LEDGER reached food    0 of   20 ants | came back    0 | trips laden    0 empty    0 | LOOPERS    0 of   20 ants ( 0.0% of those that reached food), repeat    0, most loops by one ant   0
                BY ANCHOR AT PICKUP  anchor ON nest material:    0 loops /    0 pickups (  0.0%) | anchor OFF it:    0 /    0 (  0.0%)
                BY BIRTH SITE  born ON comb:   0 of   0 that reached food looped (  0.0%) | born OFF comb:   0 of   0 (  0.0%)
                founded x   30..68   (nest cursor 48 MATERIAL x 26..70 20 of 20 founders born on it; food 188; nearest founder 120 cells out, farthest 158, nominal gap 140)  occupancy/1k [61 9 3 1 0 0 0 0]  carry->nest       0  born    0 died   20 (starved   20)
                own trail: route pk    0 end    0 along +0.0000  B nest->food [0,0,0,0,0]  blocked      323  kin swaps       0  ticks     12766  tumbles      3726 (homeward        0, 0.00%)  drops       0  DELIVERED     0  leg home n    0 med     0 p90     0 (laden n    0 med     0 p90     0)  appetite held         0 J of         0  trips born-on-comb    0 (20 ants) / born-off    0 (0 ants)
                channel A: PEAK amt  65535 cells  125 (of 141 route)  POLARITY|| +0.23376 && +0.23678 SPAN +0.04051 edge   6.4  end nest->food [11010,2295,0,0,0]  nest   25  AtNest 37.25%
                Carrying: laden     10974  of which SPOIL     10974 (100.0%)
    DECISION CENSUS: 12302 decisions, reconciled against the rows and the engine's counters
      leg     setting          n  stepped    felllaunched swappedcrossingreversedblocked_roll_fairoll_fai no_body
      empty   pocket         454    16.3%   35.9%    0.0%    0.0%    0.0%    0.0%    7.5%   20.0%   20.3%    0.0%
      empty   corridor      1906    48.5%    3.5%    0.0%    0.0%    0.0%    0.0%    1.7%   22.5%   23.8%    0.0%
      empty   junction      5617    37.8%    6.1%    0.0%    0.0%    0.0%    0.0%    1.4%   27.6%   27.1%    0.0%
      empty   open          2175    41.9%    8.1%    0.0%    0.0%    0.0%    0.0%    0.0%   24.7%   25.3%    0.0%
      spoil   pocket         412    28.6%    2.4%    0.0%    0.0%    0.0%    0.0%   24.8%   19.9%   24.3%    0.0%
      spoil   corridor       704    41.6%    0.3%    0.0%    0.0%    0.0%    0.0%    6.4%   23.4%   28.3%    0.0%
      spoil   junction       849    47.9%    0.8%    0.0%    0.0%    0.0%    0.0%    5.4%   22.3%   23.6%    0.0%
      spoil   open           185    51.9%    2.7%    0.0%    0.0%    0.0%    0.0%    0.0%   20.5%   24.9%    0.0%
    DECISIONS: rows not written (decisionnorows)
  140    9  self    0/0            0        0     4248        0        0    0/20        0         18 2 0 0 0
                A READ  ant-readable homeward along >= 0.02 on  33.2% of route-cell samples | FOODWARD   0.9% | plane lit on  37.3% | peak amt  65535 cells  58
                THE LOOP, ANT BY ANT:
                  0. lived                                     20    100.0% of prev    100.0% of all
                  1. reached the food                           0      0.0% of prev      0.0% of all
                  2. picked food up out there                   0      0.0% of prev      0.0% of all
                  3. turned for home with it                    0      0.0% of prev      0.0% of all
                  4. got back to the nest still holding it      0      0.0% of prev      0.0% of all
                  5. PUT IT DOWN there                          0      0.0% of prev      0.0% of all
                  6. went back out again                        0      0.0% of prev      0.0% of all
                  7. reached the food a SECOND time             0      0.0% of prev      0.0% of all
                RETURN LEDGER reached food    0 of   20 ants | came back    0 | trips laden    0 empty    0 | LOOPERS    0 of   20 ants ( 0.0% of those that reached food), repeat    0, most loops by one ant   0
                BY ANCHOR AT PICKUP  anchor ON nest material:    0 loops /    0 pickups (  0.0%) | anchor OFF it:    0 /    0 (  0.0%)
                BY BIRTH SITE  born ON comb:   0 of   0 that reached food looped (  0.0%) | born OFF comb:   0 of   0 (  0.0%)
                founded x   30..68   (nest cursor 48 MATERIAL x 26..70 20 of 20 founders born on it; food 188; nearest founder 120 cells out, farthest 158, nominal gap 140)  occupancy/1k [62 11 0 0 0 0 0 0]  carry->nest       0  born    0 died   20 (starved   20)
                own trail: route pk    0 end    0 along +0.0000  B nest->food [0,0,0,0,0]  blocked      337  kin swaps       0  ticks     12302  tumbles      3421 (homeward        0, 0.00%)  drops       0  DELIVERED     0  leg home n    0 med     0 p90     0 (laden n    0 med     0 p90     0)  appetite held         0 J of         0  trips born-on-comb    0 (20 ants) / born-off    0 (0 ants)
                channel A: PEAK amt  65535 cells   58 (of 141 route)  POLARITY|| +0.26615 && +0.26188 SPAN +0.02531 edge   6.0  end nest->food [12346,3708,0,0,0]  nest   25  AtNest 44.79%
                Carrying: laden     12900  of which SPOIL     12900 (100.0%)
    DECISION CENSUS: 12941 decisions, reconciled against the rows and the engine's counters
      leg     setting          n  stepped    felllaunched swappedcrossingreversedblocked_roll_fairoll_fai no_body
      empty   pocket         612    12.9%   38.9%    0.0%    0.0%    0.0%    0.0%    5.1%   20.4%   22.7%    0.0%
      empty   corridor      2382    49.8%    3.4%    0.0%    0.0%    0.0%    0.0%    1.2%   22.2%   23.4%    0.0%
      empty   junction      6529    37.2%    5.7%    0.0%    0.0%    0.0%    0.0%    0.9%   27.9%   28.3%    0.0%
      empty   open          1973    41.1%    8.2%    0.0%    0.0%    0.0%    0.0%    0.0%   24.5%   26.3%    0.0%
      spoil   pocket         323    26.6%    3.7%    0.0%    0.0%    0.0%    0.0%   22.6%   25.7%   21.4%    0.0%
      spoil   corridor       356    43.5%    0.6%    0.0%    0.0%    0.0%    0.0%    9.0%   23.9%   23.0%    0.0%
      spoil   junction       667    47.1%    0.1%    0.0%    0.0%    0.0%    0.0%    5.1%   24.1%   23.5%    0.0%
      spoil   open            99    53.5%    4.0%    0.0%    0.0%    0.0%    0.0%    0.0%   21.2%   21.2%    0.0%
    DECISIONS: rows not written (decisionnorows)
  140   10  self    0/0            0        0     4722        0        0    0/20        0         16 0 4 0 0
                A READ  ant-readable homeward along >= 0.02 on  48.7% of route-cell samples | FOODWARD   1.3% | plane lit on  49.4% | peak amt  65535 cells  93
                THE LOOP, ANT BY ANT:
                  0. lived                                     20    100.0% of prev    100.0% of all
                  1. reached the food                           0      0.0% of prev      0.0% of all
                  2. picked food up out there                   0      0.0% of prev      0.0% of all
                  3. turned for home with it                    0      0.0% of prev      0.0% of all
                  4. got back to the nest still holding it      0      0.0% of prev      0.0% of all
                  5. PUT IT DOWN there                          0      0.0% of prev      0.0% of all
                  6. went back out again                        0      0.0% of prev      0.0% of all
                  7. reached the food a SECOND time             0      0.0% of prev      0.0% of all
                RETURN LEDGER reached food    0 of   20 ants | came back    0 | trips laden    0 empty    0 | LOOPERS    0 of   20 ants ( 0.0% of those that reached food), repeat    0, most loops by one ant   0
                BY ANCHOR AT PICKUP  anchor ON nest material:    0 loops /    0 pickups (  0.0%) | anchor OFF it:    0 /    0 (  0.0%)
                BY BIRTH SITE  born ON comb:   0 of   0 that reached food looped (  0.0%) | born OFF comb:   0 of   0 (  0.0%)
                founded x   30..68   (nest cursor 48 MATERIAL x 26..70 20 of 20 founders born on it; food 188; nearest founder 120 cells out, farthest 158, nominal gap 140)  occupancy/1k [62 7 2 3 1 0 0 0]  carry->nest       0  born    0 died   20 (starved   20)
                own trail: route pk    0 end    0 along +0.0000  B nest->food [0,0,0,0,0]  blocked      256  kin swaps       0  ticks     12941  tumbles      3567 (homeward        0, 0.00%)  drops       0  DELIVERED     0  leg home n    0 med     0 p90     0 (laden n    0 med     0 p90     0)  appetite held         0 J of         0  trips born-on-comb    0 (20 ants) / born-off    0 (0 ants)
                channel A: PEAK amt  65535 cells   93 (of 141 route)  POLARITY|| +0.21442 && +0.21307 SPAN +0.02428 edge   6.0  end nest->food [11517,2524,0,0,0]  nest   25  AtNest 36.42%
                Carrying: laden      8670  of which SPOIL      8670 (100.0%)
    DECISION CENSUS: 12444 decisions, reconciled against the rows and the engine's counters
      leg     setting          n  stepped    felllaunched swappedcrossingreversedblocked_roll_fairoll_fai no_body
      empty   pocket         614    19.2%   26.7%    0.0%    0.0%    0.0%    0.0%    7.0%   23.1%   23.9%    0.0%
      empty   corridor      1237    43.0%    4.6%    0.0%    0.0%    0.0%    0.0%    1.4%   25.0%   26.0%    0.0%
      empty   junction      5857    36.2%    7.1%    0.0%    0.0%    0.0%    0.0%    1.1%   27.8%   27.8%    0.0%
      empty   open          2255    41.9%   10.4%    0.0%    0.0%    0.0%    0.0%    0.0%   23.1%   24.6%    0.0%
      spoil   pocket        1081    30.2%    1.4%    0.0%    0.0%    0.0%    0.0%   24.2%   20.7%   23.5%    0.0%
      spoil   corridor       385    42.9%    1.0%    0.0%    0.0%    0.0%    0.0%   10.4%   24.7%   21.0%    0.0%
      spoil   junction       869    49.5%    1.6%    0.0%    0.0%    0.0%    0.0%    4.6%   21.4%   22.9%    0.0%
      spoil   open           146    49.3%    6.2%    0.0%    0.0%    0.0%    0.0%    0.0%   22.6%   21.9%    0.0%
    DECISIONS: rows not written (decisionnorows)
  140   11  self    0/0            0        0     4602        0        0    0/20        0         16 4 0 0 0
                A READ  ant-readable homeward along >= 0.02 on  36.8% of route-cell samples | FOODWARD   0.5% | plane lit on  40.3% | peak amt  65535 cells  74
                THE LOOP, ANT BY ANT:
                  0. lived                                     20    100.0% of prev    100.0% of all
                  1. reached the food                           0      0.0% of prev      0.0% of all
                  2. picked food up out there                   0      0.0% of prev      0.0% of all
                  3. turned for home with it                    0      0.0% of prev      0.0% of all
                  4. got back to the nest still holding it      0      0.0% of prev      0.0% of all
                  5. PUT IT DOWN there                          0      0.0% of prev      0.0% of all
                  6. went back out again                        0      0.0% of prev      0.0% of all
                  7. reached the food a SECOND time             0      0.0% of prev      0.0% of all
                RETURN LEDGER reached food    0 of   20 ants | came back    0 | trips laden    0 empty    0 | LOOPERS    0 of   20 ants ( 0.0% of those that reached food), repeat    0, most loops by one ant   0
                BY ANCHOR AT PICKUP  anchor ON nest material:    0 loops /    0 pickups (  0.0%) | anchor OFF it:    0 /    0 (  0.0%)
                BY BIRTH SITE  born ON comb:   0 of   0 that reached food looped (  0.0%) | born OFF comb:   0 of   0 (  0.0%)
                founded x   30..68   (nest cursor 48 MATERIAL x 26..70 20 of 20 founders born on it; food 188; nearest founder 120 cells out, farthest 158, nominal gap 140)  occupancy/1k [63 10 0 0 0 0 0 0]  carry->nest       0  born    0 died   20 (starved   20)
                own trail: route pk    0 end    0 along +0.0000  B nest->food [0,0,0,0,0]  blocked      464  kin swaps       0  ticks     12444  tumbles      3604 (homeward        0, 0.00%)  drops       0  DELIVERED     0  leg home n    0 med     0 p90     0 (laden n    0 med     0 p90     0)  appetite held         0 J of         0  trips born-on-comb    0 (20 ants) / born-off    0 (0 ants)
                channel A: PEAK amt  65535 cells   74 (of 141 route)  POLARITY|| +0.25895 && +0.26153 SPAN +0.01131 edge   6.0  end nest->food [11775,3451,0,0,0]  nest   25  AtNest 42.47%
                Carrying: laden     14886  of which SPOIL     14886 (100.0%)
    DECISION CENSUS: 12805 decisions, reconciled against the rows and the engine's counters
      leg     setting          n  stepped    felllaunched swappedcrossingreversedblocked_roll_fairoll_fai no_body
      empty   pocket         800    20.5%   23.9%    0.0%    0.0%    0.0%    0.0%   10.8%   21.4%   23.5%    0.0%
      empty   corridor      2382    48.1%    2.6%    0.0%    0.0%    0.0%    0.0%    1.0%   24.2%   24.1%    0.0%
      empty   junction      5379    36.7%    5.9%    0.0%    0.0%    0.0%    0.0%    0.8%   27.7%   28.8%    0.0%
      empty   open          1529    43.0%    6.3%    0.0%    0.0%    0.0%    0.0%    0.0%   26.2%   24.6%    0.0%
      spoil   pocket        1368    28.2%    0.5%    0.0%    0.0%    0.0%    0.0%   22.0%   23.2%   26.1%    0.0%
      spoil   corridor       615    49.8%    0.3%    0.0%    0.0%    0.0%    0.0%    5.7%   24.2%   20.0%    0.0%
      spoil   junction       638    45.3%    1.6%    0.0%    0.0%    0.0%    0.0%    3.9%   23.7%   25.5%    0.0%
      spoil   open            94    51.1%    4.3%    0.0%    0.0%    0.0%    0.0%    0.0%   18.1%   26.6%    0.0%
    DECISIONS: rows not written (decisionnorows)
  140   12  self    0/0            0        0     5214        0        0    0/20        0         16 2 2 0 0
                A READ  ant-readable homeward along >= 0.02 on  42.1% of route-cell samples | FOODWARD   1.3% | plane lit on  44.6% | peak amt  64146 cells  78
                THE LOOP, ANT BY ANT:
                  0. lived                                     20    100.0% of prev    100.0% of all
                  1. reached the food                           0      0.0% of prev      0.0% of all
                  2. picked food up out there                   0      0.0% of prev      0.0% of all
                  3. turned for home with it                    0      0.0% of prev      0.0% of all
                  4. got back to the nest still holding it      0      0.0% of prev      0.0% of all
                  5. PUT IT DOWN there                          0      0.0% of prev      0.0% of all
                  6. went back out again                        0      0.0% of prev      0.0% of all
                  7. reached the food a SECOND time             0      0.0% of prev      0.0% of all
                RETURN LEDGER reached food    0 of   20 ants | came back    0 | trips laden    0 empty    0 | LOOPERS    0 of   20 ants ( 0.0% of those that reached food), repeat    0, most loops by one ant   0
                BY ANCHOR AT PICKUP  anchor ON nest material:    0 loops /    0 pickups (  0.0%) | anchor OFF it:    0 /    0 (  0.0%)
                BY BIRTH SITE  born ON comb:   0 of   0 that reached food looped (  0.0%) | born OFF comb:   0 of   0 (  0.0%)
                founded x   30..68   (nest cursor 48 MATERIAL x 26..70 20 of 20 founders born on it; food 188; nearest founder 120 cells out, farthest 158, nominal gap 140)  occupancy/1k [68 5 2 1 0 0 0 0]  carry->nest       0  born    0 died   20 (starved   20)
                own trail: route pk    0 end    0 along +0.0000  B nest->food [0,0,0,0,0]  blocked      514  kin swaps       0  ticks     12805  tumbles      3787 (homeward        0, 0.00%)  drops       0  DELIVERED     0  leg home n    0 med     0 p90     0 (laden n    0 med     0 p90     0)  appetite held         0 J of         0  trips born-on-comb    0 (20 ants) / born-off    0 (0 ants)
                channel A: PEAK amt  64146 cells   78 (of 141 route)  POLARITY|| +0.22931 && +0.23084 SPAN +0.02801 edge   6.0  end nest->food [11213,2787,0,0,0]  nest   25  AtNest 39.37%
                Carrying: laden     16290  of which SPOIL     16290 (100.0%)
    DECISION CENSUS: 12434 decisions, reconciled against the rows and the engine's counters
      leg     setting          n  stepped    felllaunched swappedcrossingreversedblocked_roll_fairoll_fai no_body
      empty   pocket         467    10.7%   38.8%    0.0%    0.0%    0.0%    0.0%    4.5%   17.8%   28.3%    0.0%
      empty   corridor      1580    45.8%    5.1%    0.0%    0.0%    0.0%    0.0%    1.1%   24.6%   23.4%    0.0%
      empty   junction      6483    36.1%    6.8%    0.0%    0.0%    0.0%    0.0%    0.7%   29.2%   27.1%    0.0%
      empty   open          2343    48.1%    9.8%    0.0%    0.0%    0.0%    0.0%    0.0%   22.3%   19.8%    0.0%
      spoil   pocket         464    26.9%    1.3%    0.0%    0.0%    0.0%    0.0%   22.0%   23.5%   26.3%    0.0%
      spoil   corridor       274    42.3%    0.7%    0.0%    0.0%    0.0%    0.0%   12.4%   21.2%   23.4%    0.0%
      spoil   junction       673    47.7%    1.2%    0.0%    0.0%    0.0%    0.0%    4.0%   24.2%   22.9%    0.0%
      spoil   open           150    50.7%    5.3%    0.0%    0.0%    0.0%    0.0%    0.0%   24.7%   19.3%    0.0%
    DECISIONS: rows not written (decisionnorows)
  140   13  self    0/0            0        0     4434        0        0    0/20        0         15 5 0 0 0
                A READ  ant-readable homeward along >= 0.02 on  36.5% of route-cell samples | FOODWARD   1.8% | plane lit on  42.9% | peak amt  65535 cells  63
                THE LOOP, ANT BY ANT:
                  0. lived                                     20    100.0% of prev    100.0% of all
                  1. reached the food                           0      0.0% of prev      0.0% of all
                  2. picked food up out there                   0      0.0% of prev      0.0% of all
                  3. turned for home with it                    0      0.0% of prev      0.0% of all
                  4. got back to the nest still holding it      0      0.0% of prev      0.0% of all
                  5. PUT IT DOWN there                          0      0.0% of prev      0.0% of all
                  6. went back out again                        0      0.0% of prev      0.0% of all
                  7. reached the food a SECOND time             0      0.0% of prev      0.0% of all
                RETURN LEDGER reached food    0 of   20 ants | came back    0 | trips laden    0 empty    0 | LOOPERS    0 of   20 ants ( 0.0% of those that reached food), repeat    0, most loops by one ant   0
                BY ANCHOR AT PICKUP  anchor ON nest material:    0 loops /    0 pickups (  0.0%) | anchor OFF it:    0 /    0 (  0.0%)
                BY BIRTH SITE  born ON comb:   0 of   0 that reached food looped (  0.0%) | born OFF comb:   0 of   0 (  0.0%)
                founded x   30..68   (nest cursor 48 MATERIAL x 26..70 20 of 20 founders born on it; food 188; nearest founder 120 cells out, farthest 158, nominal gap 140)  occupancy/1k [57 14 2 0 0 0 0 0]  carry->nest       0  born    0 died   20 (starved   20)
                own trail: route pk    0 end    0 along +0.0000  B nest->food [0,0,0,0,0]  blocked      248  kin swaps       0  ticks     12434  tumbles      3504 (homeward        0, 0.00%)  drops       0  DELIVERED     0  leg home n    0 med     0 p90     0 (laden n    0 med     0 p90     0)  appetite held         0 J of         0  trips born-on-comb    0 (20 ants) / born-off    0 (0 ants)
                channel A: PEAK amt  65535 cells   63 (of 141 route)  POLARITY|| +0.23549 && +0.23337 SPAN +0.01258 edge   6.0  end nest->food [11141,4386,0,0,0]  nest   25  AtNest 41.90%
                Carrying: laden      9366  of which SPOIL      9366 (100.0%)
    DECISION CENSUS: 12613 decisions, reconciled against the rows and the engine's counters
      leg     setting          n  stepped    felllaunched swappedcrossingreversedblocked_roll_fairoll_fai no_body
      empty   pocket         668    16.0%   33.4%    0.0%    0.0%    0.0%    0.0%    6.3%   22.3%   22.0%    0.0%
      empty   corridor      1896    49.8%    3.9%    0.0%    0.0%    0.0%    0.0%    1.5%   23.3%   21.5%    0.0%
      empty   junction      6505    36.1%    5.1%    0.0%    0.0%    0.0%    0.0%    0.8%   29.1%   28.9%    0.0%
      empty   open          1598    45.9%    7.8%    0.0%    0.0%    0.0%    0.0%    0.0%   22.4%   23.9%    0.0%
      spoil   pocket         540    29.1%    0.9%    0.0%    0.0%    0.0%    0.0%   26.7%   20.7%   22.6%    0.0%
      spoil   corridor       531    47.1%    0.2%    0.0%    0.0%    0.0%    0.0%    7.5%   23.7%   21.5%    0.0%
      spoil   junction       772    46.9%    0.6%    0.0%    0.0%    0.0%    0.0%    3.5%   23.6%   25.4%    0.0%
      spoil   open           103    59.2%    0.0%    0.0%    0.0%    0.0%    0.0%    0.0%   18.4%   22.3%    0.0%
    DECISIONS: rows not written (decisionnorows)
  140   14  self    0/0            0        0     4638        0        0    0/20        0         17 2 1 0 0
                A READ  ant-readable homeward along >= 0.02 on  39.4% of route-cell samples | FOODWARD   0.8% | plane lit on  41.9% | peak amt  65535 cells  76
                THE LOOP, ANT BY ANT:
                  0. lived                                     20    100.0% of prev    100.0% of all
                  1. reached the food                           0      0.0% of prev      0.0% of all
                  2. picked food up out there                   0      0.0% of prev      0.0% of all
                  3. turned for home with it                    0      0.0% of prev      0.0% of all
                  4. got back to the nest still holding it      0      0.0% of prev      0.0% of all
                  5. PUT IT DOWN there                          0      0.0% of prev      0.0% of all
                  6. went back out again                        0      0.0% of prev      0.0% of all
                  7. reached the food a SECOND time             0      0.0% of prev      0.0% of all
                RETURN LEDGER reached food    0 of   20 ants | came back    0 | trips laden    0 empty    0 | LOOPERS    0 of   20 ants ( 0.0% of those that reached food), repeat    0, most loops by one ant   0
                BY ANCHOR AT PICKUP  anchor ON nest material:    0 loops /    0 pickups (  0.0%) | anchor OFF it:    0 /    0 (  0.0%)
                BY BIRTH SITE  born ON comb:   0 of   0 that reached food looped (  0.0%) | born OFF comb:   0 of   0 (  0.0%)
                founded x   30..68   (nest cursor 48 MATERIAL x 26..70 20 of 20 founders born on it; food 188; nearest founder 120 cells out, farthest 158, nominal gap 140)  occupancy/1k [66 7 1 0 0 0 0 0]  carry->nest       0  born    0 died   20 (starved   20)
                own trail: route pk    0 end    0 along +0.0000  B nest->food [0,0,0,0,0]  blocked      335  kin swaps       0  ticks     12613  tumbles      3615 (homeward        0, 0.00%)  drops       0  DELIVERED     0  leg home n    0 med     0 p90     0 (laden n    0 med     0 p90     0)  appetite held         0 J of         0  trips born-on-comb    0 (20 ants) / born-off    0 (0 ants)
                channel A: PEAK amt  65535 cells   76 (of 141 route)  POLARITY|| +0.24775 && +0.25137 SPAN +0.04265 edge   6.0  end nest->food [11827,2857,0,0,0]  nest   25  AtNest 41.90%
                Carrying: laden     11676  of which SPOIL     11676 (100.0%)
    DECISION CENSUS: 12646 decisions, reconciled against the rows and the engine's counters
      leg     setting          n  stepped    felllaunched swappedcrossingreversedblocked_roll_fairoll_fai no_body
      empty   pocket         616    17.4%   28.7%    0.0%    0.0%    0.0%    0.0%    6.5%   23.2%   24.2%    0.0%
      empty   corridor      1865    45.7%    4.0%    0.0%    0.0%    0.0%    0.0%    1.6%   23.7%   25.0%    0.0%
      empty   junction      5606    37.7%    6.8%    0.0%    0.0%    0.0%    0.0%    1.1%   27.4%   27.1%    0.0%
      empty   open          2204    42.6%   10.8%    0.0%    0.0%    0.0%    0.0%    0.0%   22.2%   24.5%    0.0%
      spoil   pocket        1106    34.5%    0.7%    0.0%    0.0%    0.0%    0.0%   28.3%   19.8%   16.6%    0.0%
      spoil   corridor       399    47.1%    0.5%    0.0%    0.0%    0.0%    0.0%    8.3%   22.8%   21.3%    0.0%
      spoil   junction       739    45.3%    1.2%    0.0%    0.0%    0.0%    0.0%    4.3%   24.2%   24.9%    0.0%
      spoil   open           111    58.6%    5.4%    0.0%    0.0%    0.0%    0.0%    0.0%   14.4%   21.6%    0.0%
    DECISIONS: rows not written (decisionnorows)
  140   15  self    0/0            0        0     4674        0        0    0/20        0         16 3 0 1 0
                A READ  ant-readable homeward along >= 0.02 on  40.0% of route-cell samples | FOODWARD   1.5% | plane lit on  44.8% | peak amt  65535 cells 126
                THE LOOP, ANT BY ANT:
                  0. lived                                     20    100.0% of prev    100.0% of all
                  1. reached the food                           0      0.0% of prev      0.0% of all
                  2. picked food up out there                   0      0.0% of prev      0.0% of all
                  3. turned for home with it                    0      0.0% of prev      0.0% of all
                  4. got back to the nest still holding it      0      0.0% of prev      0.0% of all
                  5. PUT IT DOWN there                          0      0.0% of prev      0.0% of all
                  6. went back out again                        0      0.0% of prev      0.0% of all
                  7. reached the food a SECOND time             0      0.0% of prev      0.0% of all
                RETURN LEDGER reached food    0 of   20 ants | came back    0 | trips laden    0 empty    0 | LOOPERS    0 of   20 ants ( 0.0% of those that reached food), repeat    0, most loops by one ant   0
                BY ANCHOR AT PICKUP  anchor ON nest material:    0 loops /    0 pickups (  0.0%) | anchor OFF it:    0 /    0 (  0.0%)
                BY BIRTH SITE  born ON comb:   0 of   0 that reached food looped (  0.0%) | born OFF comb:   0 of   0 (  0.0%)
                founded x   30..68   (nest cursor 48 MATERIAL x 26..70 20 of 20 founders born on it; food 188; nearest founder 120 cells out, farthest 158, nominal gap 140)  occupancy/1k [62 9 1 1 0 0 0 0]  carry->nest       0  born    0 died   20 (starved   20)
                own trail: route pk    0 end    0 along +0.0000  B nest->food [0,0,0,0,0]  blocked      507  kin swaps       0  ticks     12646  tumbles      3624 (homeward        0, 0.00%)  drops       0  DELIVERED     0  leg home n    0 med     0 p90     0 (laden n    0 med     0 p90     0)  appetite held         0 J of         0  trips born-on-comb    0 (20 ants) / born-off    0 (0 ants)
                channel A: PEAK amt  65535 cells  126 (of 141 route)  POLARITY|| +0.24151 && +0.24343 SPAN +0.01081 edge   6.6  end nest->food [11822,3367,0,0,0]  nest   25  AtNest 38.32%
                Carrying: laden     14130  of which SPOIL     14130 (100.0%)
    DECISION CENSUS: 12702 decisions, reconciled against the rows and the engine's counters
      leg     setting          n  stepped    felllaunched swappedcrossingreversedblocked_roll_fairoll_fai no_body
      empty   pocket         511    18.0%   28.2%    0.0%    0.0%    0.0%    0.0%    7.6%   23.7%   22.5%    0.0%
      empty   corridor      1712    53.3%    3.2%    0.0%    0.0%    0.0%    0.0%    0.6%   21.6%   21.3%    0.0%
      empty   junction      6359    35.2%    6.7%    0.0%    0.0%    0.0%    0.0%    1.1%   27.6%   29.3%    0.0%
      empty   open          2347    40.4%   10.4%    0.0%    0.0%    0.0%    0.0%    0.0%   23.7%   25.5%    0.0%
      spoil   pocket         552    33.2%    0.9%    0.0%    0.0%    0.0%    0.0%   28.1%   20.8%   17.0%    0.0%
      spoil   corridor       388    46.6%    0.5%    0.0%    0.0%    0.0%    0.0%    8.8%   21.4%   22.7%    0.0%
      spoil   junction       682    48.7%    1.3%    0.0%    0.0%    0.0%    0.0%    3.5%   22.0%   24.5%    0.0%
      spoil   open           151    46.4%    6.0%    0.0%    0.0%    0.0%    0.0%    0.0%   23.2%   24.5%    0.0%
    DECISIONS: rows not written (decisionnorows)
  140   16  self    0/0            0        0     4296        0        0    0/20        0         15 2 3 0 0
                A READ  ant-readable homeward along >= 0.02 on  48.5% of route-cell samples | FOODWARD   1.5% | plane lit on  49.9% | peak amt  65535 cells 105
                THE LOOP, ANT BY ANT:
                  0. lived                                     20    100.0% of prev    100.0% of all
                  1. reached the food                           0      0.0% of prev      0.0% of all
                  2. picked food up out there                   0      0.0% of prev      0.0% of all
                  3. turned for home with it                    0      0.0% of prev      0.0% of all
                  4. got back to the nest still holding it      0      0.0% of prev      0.0% of all
                  5. PUT IT DOWN there                          0      0.0% of prev      0.0% of all
                  6. went back out again                        0      0.0% of prev      0.0% of all
                  7. reached the food a SECOND time             0      0.0% of prev      0.0% of all
                RETURN LEDGER reached food    0 of   20 ants | came back    0 | trips laden    0 empty    0 | LOOPERS    0 of   20 ants ( 0.0% of those that reached food), repeat    0, most loops by one ant   0
                BY ANCHOR AT PICKUP  anchor ON nest material:    0 loops /    0 pickups (  0.0%) | anchor OFF it:    0 /    0 (  0.0%)
                BY BIRTH SITE  born ON comb:   0 of   0 that reached food looped (  0.0%) | born OFF comb:   0 of   0 (  0.0%)
                founded x   30..68   (nest cursor 48 MATERIAL x 26..70 20 of 20 founders born on it; food 188; nearest founder 120 cells out, farthest 158, nominal gap 140)  occupancy/1k [62 6 3 2 1 0 0 0]  carry->nest       0  born    0 died   20 (starved   20)
                own trail: route pk    0 end    0 along +0.0000  B nest->food [0,0,0,0,0]  blocked      336  kin swaps       0  ticks     12702  tumbles      3522 (homeward        0, 0.00%)  drops       0  DELIVERED     0  leg home n    0 med     0 p90     0 (laden n    0 med     0 p90     0)  appetite held         0 J of         0  trips born-on-comb    0 (20 ants) / born-off    0 (0 ants)
                channel A: PEAK amt  65535 cells  105 (of 141 route)  POLARITY|| +0.21721 && +0.21885 SPAN +0.02333 edge   6.0  end nest->food [11327,2412,0,0,0]  nest   25  AtNest 39.68%
                Carrying: laden     10638  of which SPOIL     10638 (100.0%)
    DECISION CENSUS: 12746 decisions, reconciled against the rows and the engine's counters
      leg     setting          n  stepped    felllaunched swappedcrossingreversedblocked_roll_fairoll_fai no_body
      empty   pocket         349    18.9%   32.1%    0.0%    0.0%    0.0%    0.0%    4.9%   23.8%   20.3%    0.0%
      empty   corridor      1648    47.5%    2.7%    0.0%    0.0%    0.0%    0.0%    1.1%   25.7%   23.0%    0.0%
      empty   junction      6219    37.6%    6.4%    0.0%    0.0%    0.0%    0.0%    1.2%   28.4%   26.5%    0.0%
      empty   open          2694    41.3%    8.2%    0.0%    0.0%    0.0%    0.0%    0.0%   24.2%   26.3%    0.0%
      spoil   pocket         412    30.1%    2.9%    0.0%    0.0%    0.0%    0.0%   21.8%   23.5%   21.6%    0.0%
      spoil   corridor       287    42.5%    0.7%    0.0%    0.0%    0.0%    0.0%   13.9%   20.2%   22.6%    0.0%
      spoil   junction       982    44.2%    0.8%    0.0%    0.0%    0.0%    0.0%    5.2%   25.7%   24.1%    0.0%
      spoil   open           155    52.3%    1.3%    0.0%    0.0%    0.0%    0.0%    0.0%   24.5%   21.9%    0.0%
    DECISIONS: rows not written (decisionnorows)
  140   17  self    0/0            0        0     4236        0        0    0/20        0         19 0 1 0 0
                A READ  ant-readable homeward along >= 0.02 on  36.8% of route-cell samples | FOODWARD   2.8% | plane lit on  43.2% | peak amt  65535 cells  96
                THE LOOP, ANT BY ANT:
                  0. lived                                     20    100.0% of prev    100.0% of all
                  1. reached the food                           0      0.0% of prev      0.0% of all
                  2. picked food up out there                   0      0.0% of prev      0.0% of all
                  3. turned for home with it                    0      0.0% of prev      0.0% of all
                  4. got back to the nest still holding it      0      0.0% of prev      0.0% of all
                  5. PUT IT DOWN there                          0      0.0% of prev      0.0% of all
                  6. went back out again                        0      0.0% of prev      0.0% of all
                  7. reached the food a SECOND time             0      0.0% of prev      0.0% of all
                RETURN LEDGER reached food    0 of   20 ants | came back    0 | trips laden    0 empty    0 | LOOPERS    0 of   20 ants ( 0.0% of those that reached food), repeat    0, most loops by one ant   0
                BY ANCHOR AT PICKUP  anchor ON nest material:    0 loops /    0 pickups (  0.0%) | anchor OFF it:    0 /    0 (  0.0%)
                BY BIRTH SITE  born ON comb:   0 of   0 that reached food looped (  0.0%) | born OFF comb:   0 of   0 (  0.0%)
                founded x   30..68   (nest cursor 48 MATERIAL x 26..70 20 of 20 founders born on it; food 188; nearest founder 120 cells out, farthest 158, nominal gap 140)  occupancy/1k [63 10 0 1 0 0 0 0]  carry->nest       0  born    0 died   20 (starved   20)
                own trail: route pk    0 end    0 along +0.0000  B nest->food [0,0,0,0,0]  blocked      288  kin swaps       0  ticks     12746  tumbles      3655 (homeward        0, 0.00%)  drops       0  DELIVERED     0  leg home n    0 med     0 p90     0 (laden n    0 med     0 p90     0)  appetite held         0 J of         0  trips born-on-comb    0 (20 ants) / born-off    0 (0 ants)
                channel A: PEAK amt  65535 cells   96 (of 141 route)  POLARITY|| +0.23707 && +0.23339 SPAN +0.01526 edge   6.4  end nest->food [11969,3646,0,0,0]  nest   25  AtNest 41.59%
                Carrying: laden     11016  of which SPOIL     11016 (100.0%)
    DECISION CENSUS: 12374 decisions, reconciled against the rows and the engine's counters
      leg     setting          n  stepped    felllaunched swappedcrossingreversedblocked_roll_fairoll_fai no_body
      empty   pocket         546    13.9%   29.9%    0.0%    0.0%    0.0%    0.0%    6.0%   23.1%   27.1%    0.0%
      empty   corridor      1871    45.4%    3.7%    0.0%    0.0%    0.0%    0.0%    1.9%   23.3%   25.7%    0.0%
      empty   junction      6072    39.7%    6.1%    0.0%    0.0%    0.0%    0.0%    1.1%   26.4%   26.8%    0.0%
      empty   open          1891    43.2%    7.2%    0.0%    0.0%    0.0%    0.0%    0.0%   25.2%   24.4%    0.0%
      spoil   pocket         446    32.7%    1.1%    0.0%    0.0%    0.0%    0.0%   24.9%   21.7%   19.5%    0.0%
      spoil   corridor       454    44.1%    0.4%    0.0%    0.0%    0.0%    0.0%    9.5%   24.2%   21.8%    0.0%
      spoil   junction       940    46.8%    1.5%    0.0%    0.0%    0.0%    0.0%    3.9%   24.7%   23.1%    0.0%
      spoil   open           154    48.1%    1.9%    0.0%    0.0%    0.0%    0.0%    0.0%   27.3%   22.7%    0.0%
    DECISIONS: rows not written (decisionnorows)
  140   18  self    0/0            0        0     4056        0        0    0/20        0         17 1 2 0 0
                A READ  ant-readable homeward along >= 0.02 on  43.4% of route-cell samples | FOODWARD   1.0% | plane lit on  45.0% | peak amt  64519 cells  92
                THE LOOP, ANT BY ANT:
                  0. lived                                     20    100.0% of prev    100.0% of all
                  1. reached the food                           0      0.0% of prev      0.0% of all
                  2. picked food up out there                   0      0.0% of prev      0.0% of all
                  3. turned for home with it                    0      0.0% of prev      0.0% of all
                  4. got back to the nest still holding it      0      0.0% of prev      0.0% of all
                  5. PUT IT DOWN there                          0      0.0% of prev      0.0% of all
                  6. went back out again                        0      0.0% of prev      0.0% of all
                  7. reached the food a SECOND time             0      0.0% of prev      0.0% of all
                RETURN LEDGER reached food    0 of   20 ants | came back    0 | trips laden    0 empty    0 | LOOPERS    0 of   20 ants ( 0.0% of those that reached food), repeat    0, most loops by one ant   0
                BY ANCHOR AT PICKUP  anchor ON nest material:    0 loops /    0 pickups (  0.0%) | anchor OFF it:    0 /    0 (  0.0%)
                BY BIRTH SITE  born ON comb:   0 of   0 that reached food looped (  0.0%) | born OFF comb:   0 of   0 (  0.0%)
                founded x   30..68   (nest cursor 48 MATERIAL x 26..70 20 of 20 founders born on it; food 188; nearest founder 120 cells out, farthest 158, nominal gap 140)  occupancy/1k [62 7 2 0 0 0 0 0]  carry->nest       0  born    0 died   20 (starved   20)
                own trail: route pk    0 end    0 along +0.0000  B nest->food [0,0,0,0,0]  blocked      326  kin swaps       0  ticks     12374  tumbles      3447 (homeward        0, 0.00%)  drops       0  DELIVERED     0  leg home n    0 med     0 p90     0 (laden n    0 med     0 p90     0)  appetite held         0 J of         0  trips born-on-comb    0 (20 ants) / born-off    0 (0 ants)
                channel A: PEAK amt  64519 cells   92 (of 141 route)  POLARITY|| +0.23253 && +0.23322 SPAN +0.02652 edge   6.0  end nest->food [11955,3061,0,0,0]  nest   25  AtNest 39.07%
                Carrying: laden     11964  of which SPOIL     11964 (100.0%)
    DECISION CENSUS: 12566 decisions, reconciled against the rows and the engine's counters
      leg     setting          n  stepped    felllaunched swappedcrossingreversedblocked_roll_fairoll_fai no_body
      empty   pocket         612    18.8%   31.9%    0.0%    0.0%    0.0%    0.0%    7.4%   21.2%   20.8%    0.0%
      empty   corridor      2073    50.1%    2.2%    0.0%    0.0%    0.0%    0.0%    0.8%   23.5%   23.3%    0.0%
      empty   junction      5703    40.1%    5.4%    0.0%    0.0%    0.0%    0.0%    1.2%   25.8%   27.4%    0.0%
      empty   open          2182    35.2%    6.4%    0.0%    0.0%    0.0%    0.0%    0.0%   29.7%   28.7%    0.0%
      spoil   pocket         518    27.0%    0.6%    0.0%    0.0%    0.0%    0.0%   21.2%   25.9%   25.3%    0.0%
      spoil   corridor       440    41.6%    0.2%    0.0%    0.0%    0.0%    0.0%   10.9%   23.4%   23.9%    0.0%
      spoil   junction       861    51.8%    0.3%    0.0%    0.0%    0.0%    0.0%    5.2%   20.6%   22.1%    0.0%
      spoil   open           177    50.3%    0.6%    0.0%    0.0%    0.0%    0.0%    0.0%   27.1%   22.0%    0.0%
    DECISIONS: rows not written (decisionnorows)
  140   19  self    0/0            0        0     4782        0        0    0/20        0         16 3 1 0 0
                A READ  ant-readable homeward along >= 0.02 on  40.6% of route-cell samples | FOODWARD   2.2% | plane lit on  44.5% | peak amt  65535 cells 102
                THE LOOP, ANT BY ANT:
                  0. lived                                     20    100.0% of prev    100.0% of all
                  1. reached the food                           0      0.0% of prev      0.0% of all
                  2. picked food up out there                   0      0.0% of prev      0.0% of all
                  3. turned for home with it                    0      0.0% of prev      0.0% of all
                  4. got back to the nest still holding it      0      0.0% of prev      0.0% of all
                  5. PUT IT DOWN there                          0      0.0% of prev      0.0% of all
                  6. went back out again                        0      0.0% of prev      0.0% of all
                  7. reached the food a SECOND time             0      0.0% of prev      0.0% of all
                RETURN LEDGER reached food    0 of   20 ants | came back    0 | trips laden    0 empty    0 | LOOPERS    0 of   20 ants ( 0.0% of those that reached food), repeat    0, most loops by one ant   0
                BY ANCHOR AT PICKUP  anchor ON nest material:    0 loops /    0 pickups (  0.0%) | anchor OFF it:    0 /    0 (  0.0%)
                BY BIRTH SITE  born ON comb:   0 of   0 that reached food looped (  0.0%) | born OFF comb:   0 of   0 (  0.0%)
                founded x   30..68   (nest cursor 48 MATERIAL x 26..70 20 of 20 founders born on it; food 188; nearest founder 120 cells out, farthest 158, nominal gap 140)  occupancy/1k [61 8 4 1 0 0 0 0]  carry->nest       0  born    0 died   20 (starved   20)
                own trail: route pk    0 end    0 along +0.0000  B nest->food [0,0,0,0,0]  blocked      335  kin swaps       0  ticks     12566  tumbles      3535 (homeward        0, 0.00%)  drops       0  DELIVERED     0  leg home n    0 med     0 p90     0 (laden n    0 med     0 p90     0)  appetite held         0 J of         0  trips born-on-comb    0 (20 ants) / born-off    0 (0 ants)
                channel A: PEAK amt  65535 cells  102 (of 141 route)  POLARITY|| +0.23391 && +0.23472 SPAN +0.02457 edge   6.4  end nest->food [11911,3270,0,0,0]  nest   25  AtNest 39.11%
                Carrying: laden     11976  of which SPOIL     11976 (100.0%)
    DECISION CENSUS: 12917 decisions, reconciled against the rows and the engine's counters
      leg     setting          n  stepped    felllaunched swappedcrossingreversedblocked_roll_fairoll_fai no_body
      empty   pocket         787    21.6%   22.4%    0.0%    0.0%    0.0%    0.0%   10.5%   23.5%   22.0%    0.0%
      empty   corridor      1734    47.1%    4.1%    0.0%    0.0%    0.0%    0.0%    1.2%   24.0%   23.6%    0.0%
      empty   junction      6164    36.2%    6.2%    0.0%    0.0%    0.0%    0.0%    0.9%   28.8%   28.0%    0.0%
      empty   open          1931    38.5%    6.9%    0.0%    0.0%    0.0%    0.0%    0.0%   28.0%   26.5%    0.0%
      spoil   pocket         995    30.4%    0.5%    0.0%    0.0%    0.0%    0.0%   25.1%   20.7%   23.3%    0.0%
      spoil   corridor       363    42.7%    0.0%    0.0%    0.0%    0.0%    0.0%   11.0%   25.9%   20.4%    0.0%
      spoil   junction       816    50.4%    0.9%    0.0%    0.0%    0.0%    0.0%    5.9%   20.3%   22.5%    0.0%
      spoil   open           127    50.4%    1.6%    0.0%    0.0%    0.0%    0.0%    0.0%   17.3%   30.7%    0.0%
    DECISIONS: rows not written (decisionnorows)
  140   20  self    0/0            0        0     4566        0        0    0/20        0         18 2 0 0 0
                A READ  ant-readable homeward along >= 0.02 on  34.2% of route-cell samples | FOODWARD   1.2% | plane lit on  39.3% | peak amt  65535 cells  62
                THE LOOP, ANT BY ANT:
                  0. lived                                     20    100.0% of prev    100.0% of all
                  1. reached the food                           0      0.0% of prev      0.0% of all
                  2. picked food up out there                   0      0.0% of prev      0.0% of all
                  3. turned for home with it                    0      0.0% of prev      0.0% of all
                  4. got back to the nest still holding it      0      0.0% of prev      0.0% of all
                  5. PUT IT DOWN there                          0      0.0% of prev      0.0% of all
                  6. went back out again                        0      0.0% of prev      0.0% of all
                  7. reached the food a SECOND time             0      0.0% of prev      0.0% of all
                RETURN LEDGER reached food    0 of   20 ants | came back    0 | trips laden    0 empty    0 | LOOPERS    0 of   20 ants ( 0.0% of those that reached food), repeat    0, most loops by one ant   0
                BY ANCHOR AT PICKUP  anchor ON nest material:    0 loops /    0 pickups (  0.0%) | anchor OFF it:    0 /    0 (  0.0%)
                BY BIRTH SITE  born ON comb:   0 of   0 that reached food looped (  0.0%) | born OFF comb:   0 of   0 (  0.0%)
                founded x   30..68   (nest cursor 48 MATERIAL x 26..70 20 of 20 founders born on it; food 188; nearest founder 120 cells out, farthest 158, nominal gap 140)  occupancy/1k [61 14 1 0 0 0 0 0]  carry->nest       0  born    0 died   20 (starved   20)
                own trail: route pk    0 end    0 along +0.0000  B nest->food [0,0,0,0,0]  blocked      496  kin swaps       0  ticks     12917  tumbles      3900 (homeward        0, 0.00%)  drops       0  DELIVERED     0  leg home n    0 med     0 p90     0 (laden n    0 med     0 p90     0)  appetite held         0 J of         0  trips born-on-comb    0 (20 ants) / born-off    0 (0 ants)
                channel A: PEAK amt  65535 cells   62 (of 141 route)  POLARITY|| +0.25768 && +0.25778 SPAN +0.02417 edge   6.0  end nest->food [11668,3668,0,0,0]  nest   25  AtNest 37.30%
                Carrying: laden     13806  of which SPOIL     13806 (100.0%)
    DECISION CENSUS: 12643 decisions, reconciled against the rows and the engine's counters
      leg     setting          n  stepped    felllaunched swappedcrossingreversedblocked_roll_fairoll_fai no_body
      empty   pocket         752    16.8%   29.3%    0.0%    0.0%    0.0%    0.0%    7.6%   23.7%   22.7%    0.0%
      empty   corridor      1442    45.2%    4.9%    0.0%    0.0%    0.0%    0.0%    1.8%   23.1%   25.0%    0.0%
      empty   junction      6022    38.5%    6.3%    0.0%    0.0%    0.0%    0.0%    1.1%   27.2%   27.0%    0.0%
      empty   open          1900    43.9%    9.1%    0.0%    0.0%    0.0%    0.0%    0.0%   22.7%   24.4%    0.0%
      spoil   pocket        1192    29.1%    1.2%    0.0%    0.0%    0.0%    0.0%   22.9%   21.9%   24.9%    0.0%
      spoil   corridor       409    40.8%    0.7%    0.0%    0.0%    0.0%    0.0%   10.5%   23.7%   24.2%    0.0%
      spoil   junction       802    48.5%    1.7%    0.0%    0.0%    0.0%    0.0%    4.2%   21.9%   23.6%    0.0%
      spoil   open           124    53.2%    3.2%    0.0%    0.0%    0.0%    0.0%    0.0%   20.2%   23.4%    0.0%
    DECISIONS: rows not written (decisionnorows)
  140   21  self    0/0            0        0     4638        0        0    0/20        0         17 3 0 0 0
                A READ  ant-readable homeward along >= 0.02 on  34.3% of route-cell samples | FOODWARD   1.2% | plane lit on  37.7% | peak amt  65535 cells  55
                THE LOOP, ANT BY ANT:
                  0. lived                                     20    100.0% of prev    100.0% of all
                  1. reached the food                           0      0.0% of prev      0.0% of all
                  2. picked food up out there                   0      0.0% of prev      0.0% of all
                  3. turned for home with it                    0      0.0% of prev      0.0% of all
                  4. got back to the nest still holding it      0      0.0% of prev      0.0% of all
                  5. PUT IT DOWN there                          0      0.0% of prev      0.0% of all
                  6. went back out again                        0      0.0% of prev      0.0% of all
                  7. reached the food a SECOND time             0      0.0% of prev      0.0% of all
                RETURN LEDGER reached food    0 of   20 ants | came back    0 | trips laden    0 empty    0 | LOOPERS    0 of   20 ants ( 0.0% of those that reached food), repeat    0, most loops by one ant   0
                BY ANCHOR AT PICKUP  anchor ON nest material:    0 loops /    0 pickups (  0.0%) | anchor OFF it:    0 /    0 (  0.0%)
                BY BIRTH SITE  born ON comb:   0 of   0 that reached food looped (  0.0%) | born OFF comb:   0 of   0 (  0.0%)
                founded x   30..68   (nest cursor 48 MATERIAL x 26..70 20 of 20 founders born on it; food 188; nearest founder 120 cells out, farthest 158, nominal gap 140)  occupancy/1k [66 8 0 0 0 0 0 0]  carry->nest       0  born    0 died   20 (starved   20)
                own trail: route pk    0 end    0 along +0.0000  B nest->food [0,0,0,0,0]  blocked      498  kin swaps       0  ticks     12643  tumbles      3636 (homeward        0, 0.00%)  drops       0  DELIVERED     0  leg home n    0 med     0 p90     0 (laden n    0 med     0 p90     0)  appetite held         0 J of         0  trips born-on-comb    0 (20 ants) / born-off    0 (0 ants)
                channel A: PEAK amt  65535 cells   55 (of 141 route)  POLARITY|| +0.26769 && +0.25884 SPAN +0.02097 edge   6.0  end nest->food [11644,3239,0,0,0]  nest   25  AtNest 36.40%
                Carrying: laden     15162  of which SPOIL     15162 (100.0%)
    DECISION CENSUS: 12312 decisions, reconciled against the rows and the engine's counters
      leg     setting          n  stepped    felllaunched swappedcrossingreversedblocked_roll_fairoll_fai no_body
      empty   pocket         464    12.9%   36.6%    0.0%    0.0%    0.0%    0.0%    4.5%   21.3%   24.6%    0.0%
      empty   corridor      1573    45.7%    3.6%    0.0%    0.0%    0.0%    0.0%    2.1%   24.5%   24.2%    0.0%
      empty   junction      6164    39.9%    5.6%    0.0%    0.0%    0.0%    0.0%    1.3%   26.6%   26.7%    0.0%
      empty   open          2332    44.9%    7.9%    0.0%    0.0%    0.0%    0.0%    0.0%   23.3%   23.8%    0.0%
      spoil   pocket         179    24.6%    2.2%    0.0%    0.0%    0.0%    0.0%   26.3%   22.9%   24.0%    0.0%
      spoil   corridor       339    35.4%    0.9%    0.0%    0.0%    0.0%    0.0%   16.2%   23.9%   23.6%    0.0%
      spoil   junction      1069    46.3%    0.9%    0.0%    0.0%    0.0%    0.0%    7.0%   22.2%   23.6%    0.0%
      spoil   open           192    52.6%    1.0%    0.0%    0.0%    0.0%    0.0%    0.0%   24.0%   22.4%    0.0%
    DECISIONS: rows not written (decisionnorows)
  140   22  self    0/0            0        0     3966        0        0    0/20        0         15 5 0 0 0
                A READ  ant-readable homeward along >= 0.02 on  36.8% of route-cell samples | FOODWARD   1.2% | plane lit on  42.0% | peak amt  65535 cells  70
                THE LOOP, ANT BY ANT:
                  0. lived                                     20    100.0% of prev    100.0% of all
                  1. reached the food                           0      0.0% of prev      0.0% of all
                  2. picked food up out there                   0      0.0% of prev      0.0% of all
                  3. turned for home with it                    0      0.0% of prev      0.0% of all
                  4. got back to the nest still holding it      0      0.0% of prev      0.0% of all
                  5. PUT IT DOWN there                          0      0.0% of prev      0.0% of all
                  6. went back out again                        0      0.0% of prev      0.0% of all
                  7. reached the food a SECOND time             0      0.0% of prev      0.0% of all
                RETURN LEDGER reached food    0 of   20 ants | came back    0 | trips laden    0 empty    0 | LOOPERS    0 of   20 ants ( 0.0% of those that reached food), repeat    0, most loops by one ant   0
                BY ANCHOR AT PICKUP  anchor ON nest material:    0 loops /    0 pickups (  0.0%) | anchor OFF it:    0 /    0 (  0.0%)
                BY BIRTH SITE  born ON comb:   0 of   0 that reached food looped (  0.0%) | born OFF comb:   0 of   0 (  0.0%)
                founded x   30..68   (nest cursor 48 MATERIAL x 26..70 20 of 20 founders born on it; food 188; nearest founder 120 cells out, farthest 158, nominal gap 140)  occupancy/1k [58 12 2 0 0 0 0 0]  carry->nest       0  born    0 died   20 (starved   20)
                own trail: route pk    0 end    0 along +0.0000  B nest->food [0,0,0,0,0]  blocked      309  kin swaps       0  ticks     12312  tumbles      3379 (homeward        0, 0.00%)  drops       0  DELIVERED     0  leg home n    0 med     0 p90     0 (laden n    0 med     0 p90     0)  appetite held         0 J of         0  trips born-on-comb    0 (20 ants) / born-off    0 (0 ants)
                channel A: PEAK amt  65535 cells   70 (of 141 route)  POLARITY|| +0.24420 && +0.24441 SPAN +0.01747 edge   6.0  end nest->food [12357,4067,0,0,0]  nest   25  AtNest 41.56%
                Carrying: laden     10674  of which SPOIL     10674 (100.0%)
    DECISION CENSUS: 12964 decisions, reconciled against the rows and the engine's counters
      leg     setting          n  stepped    felllaunched swappedcrossingreversedblocked_roll_fairoll_fai no_body
      empty   pocket         533    16.3%   35.5%    0.0%    0.0%    0.0%    0.0%    6.0%   19.5%   22.7%    0.0%
      empty   corridor      2084    48.3%    3.0%    0.0%    0.0%    0.0%    0.0%    1.0%   24.7%   23.0%    0.0%
      empty   junction      5968    38.5%    6.1%    0.0%    0.0%    0.0%    0.0%    0.9%   27.8%   26.7%    0.0%
      empty   open          2262    43.1%    9.6%    0.0%    0.0%    0.0%    0.0%    0.0%   23.3%   23.9%    0.0%
      spoil   pocket         849    28.2%    1.1%    0.0%    0.0%    0.0%    0.0%   23.1%   23.3%   24.4%    0.0%
      spoil   corridor       385    36.9%    1.0%    0.0%    0.0%    0.0%    0.0%   12.7%   27.3%   22.1%    0.0%
      spoil   junction       769    45.3%    0.7%    0.0%    0.0%    0.0%    0.0%    4.0%   25.4%   24.7%    0.0%
      spoil   open           114    50.0%    6.1%    0.0%    0.0%    0.0%    0.0%    0.0%   24.6%   19.3%    0.0%
    DECISIONS: rows not written (decisionnorows)
  140   23  self    0/0            0        0     4470        0        0    0/20        0         15 4 1 0 0
                A READ  ant-readable homeward along >= 0.02 on  40.5% of route-cell samples | FOODWARD   1.3% | plane lit on  45.8% | peak amt  65535 cells  87
                THE LOOP, ANT BY ANT:
                  0. lived                                     20    100.0% of prev    100.0% of all
                  1. reached the food                           0      0.0% of prev      0.0% of all
                  2. picked food up out there                   0      0.0% of prev      0.0% of all
                  3. turned for home with it                    0      0.0% of prev      0.0% of all
                  4. got back to the nest still holding it      0      0.0% of prev      0.0% of all
                  5. PUT IT DOWN there                          0      0.0% of prev      0.0% of all
                  6. went back out again                        0      0.0% of prev      0.0% of all
                  7. reached the food a SECOND time             0      0.0% of prev      0.0% of all
                RETURN LEDGER reached food    0 of   20 ants | came back    0 | trips laden    0 empty    0 | LOOPERS    0 of   20 ants ( 0.0% of those that reached food), repeat    0, most loops by one ant   0
                BY ANCHOR AT PICKUP  anchor ON nest material:    0 loops /    0 pickups (  0.0%) | anchor OFF it:    0 /    0 (  0.0%)
                BY BIRTH SITE  born ON comb:   0 of   0 that reached food looped (  0.0%) | born OFF comb:   0 of   0 (  0.0%)
                founded x   30..68   (nest cursor 48 MATERIAL x 26..70 20 of 20 founders born on it; food 188; nearest founder 120 cells out, farthest 158, nominal gap 140)  occupancy/1k [60 12 3 1 0 0 0 0]  carry->nest       0  born    0 died   20 (starved   20)
                own trail: route pk    0 end    0 along +0.0000  B nest->food [0,0,0,0,0]  blocked      384  kin swaps       0  ticks     12964  tumbles      3713 (homeward        0, 0.00%)  drops       0  DELIVERED     0  leg home n    0 med     0 p90     0 (laden n    0 med     0 p90     0)  appetite held         0 J of         0  trips born-on-comb    0 (20 ants) / born-off    0 (0 ants)
                channel A: PEAK amt  65535 cells   87 (of 141 route)  POLARITY|| +0.23319 && +0.23390 SPAN +0.01232 edge   6.0  end nest->food [11673,3930,0,0,0]  nest   25  AtNest 34.16%
                Carrying: laden     12702  of which SPOIL     12702 (100.0%)
    DECISION CENSUS: 12011 decisions, reconciled against the rows and the engine's counters
      leg     setting          n  stepped    felllaunched swappedcrossingreversedblocked_roll_fairoll_fai no_body
      empty   pocket         580    16.7%   35.2%    0.0%    0.0%    0.0%    0.0%    7.6%   20.0%   20.5%    0.0%
      empty   corridor      1414    46.1%    4.3%    0.0%    0.0%    0.0%    0.0%    1.1%   23.7%   24.8%    0.0%
      empty   junction      5927    37.5%    5.6%    0.0%    0.0%    0.0%    0.0%    0.8%   27.4%   28.7%    0.0%
      empty   open          1886    39.6%    8.5%    0.0%    0.0%    0.0%    0.0%    0.0%   26.0%   25.9%    0.0%
      spoil   pocket         765    30.7%    0.9%    0.0%    0.0%    0.0%    0.0%   22.5%   23.4%   22.5%    0.0%
      spoil   corridor       530    42.6%    1.1%    0.0%    0.0%    0.0%    0.0%   12.8%   22.5%   20.9%    0.0%
      spoil   junction       792    49.0%    1.3%    0.0%    0.0%    0.0%    0.0%    6.2%   22.2%   21.3%    0.0%
      spoil   open           117    48.7%    2.6%    0.0%    0.0%    0.0%    0.0%    0.0%   23.9%   24.8%    0.0%
    DECISIONS: rows not written (decisionnorows)
  140   24  self    0/0            0        0     4518        0        0    0/20        0         16 3 0 1 0
                A READ  ant-readable homeward along >= 0.02 on  39.0% of route-cell samples | FOODWARD   3.0% | plane lit on  46.1% | peak amt  65535 cells 116
                THE LOOP, ANT BY ANT:
                  0. lived                                     20    100.0% of prev    100.0% of all
                  1. reached the food                           0      0.0% of prev      0.0% of all
                  2. picked food up out there                   0      0.0% of prev      0.0% of all
                  3. turned for home with it                    0      0.0% of prev      0.0% of all
                  4. got back to the nest still holding it      0      0.0% of prev      0.0% of all
                  5. PUT IT DOWN there                          0      0.0% of prev      0.0% of all
                  6. went back out again                        0      0.0% of prev      0.0% of all
                  7. reached the food a SECOND time             0      0.0% of prev      0.0% of all
                RETURN LEDGER reached food    0 of   20 ants | came back    0 | trips laden    0 empty    0 | LOOPERS    0 of   20 ants ( 0.0% of those that reached food), repeat    0, most loops by one ant   0
                BY ANCHOR AT PICKUP  anchor ON nest material:    0 loops /    0 pickups (  0.0%) | anchor OFF it:    0 /    0 (  0.0%)
                BY BIRTH SITE  born ON comb:   0 of   0 that reached food looped (  0.0%) | born OFF comb:   0 of   0 (  0.0%)
                founded x   30..68   (nest cursor 48 MATERIAL x 26..70 20 of 20 founders born on it; food 188; nearest founder 120 cells out, farthest 158, nominal gap 140)  occupancy/1k [58 10 1 0 0 0 0 0]  carry->nest       0  born    0 died   20 (starved   19)
                own trail: route pk    0 end    0 along +0.0000  B nest->food [0,0,0,0,0]  blocked      397  kin swaps       0  ticks     12012  tumbles      3465 (homeward        0, 0.00%)  drops       0  DELIVERED     0  leg home n    0 med     0 p90     0 (laden n    0 med     0 p90     0)  appetite held         0 J of         0  trips born-on-comb    0 (20 ants) / born-off    0 (0 ants)
                channel A: PEAK amt  65535 cells  116 (of 141 route)  POLARITY|| +0.23614 && +0.23880 SPAN +0.01074 edge   7.1  end nest->food [11623,3612,0,0,0]  nest   25  AtNest 38.87%
                Carrying: laden     13230  of which SPOIL     13230 (100.0%)
    DECISION CENSUS: 12600 decisions, reconciled against the rows and the engine's counters
      leg     setting          n  stepped    felllaunched swappedcrossingreversedblocked_roll_fairoll_fai no_body
      empty   pocket         511    16.0%   32.5%    0.0%    0.0%    0.0%    0.0%    6.5%   21.9%   23.1%    0.0%
      empty   corridor      1533    45.7%    4.8%    0.0%    0.0%    0.0%    0.0%    2.5%   23.5%   23.4%    0.0%
      empty   junction      5743    38.8%    7.6%    0.0%    0.0%    0.0%    0.0%    1.4%   25.8%   26.4%    0.0%
      empty   open          2519    39.8%    8.3%    0.0%    0.0%    0.0%    0.0%    0.0%   27.0%   24.9%    0.0%
      spoil   pocket         876    30.5%    0.7%    0.0%    0.0%    0.0%    0.0%   24.4%   21.8%   22.6%    0.0%
      spoil   corridor       404    39.4%    0.5%    0.0%    0.0%    0.0%    0.0%   12.6%   23.8%   23.8%    0.0%
      spoil   junction       857    47.4%    2.0%    0.0%    0.0%    0.0%    0.0%    3.6%   22.9%   24.2%    0.0%
      spoil   open           157    56.1%    5.1%    0.0%    0.0%    0.0%    0.0%    0.0%   15.9%   22.9%    0.0%
    DECISIONS: rows not written (decisionnorows)
  200    1  self    0/0            0        0     4290        0        0    0/20        0         20 0 0 0 0
                A READ  ant-readable homeward along >= 0.02 on  23.7% of route-cell samples | FOODWARD   0.2% | plane lit on  24.8% | peak amt  65535 cells  54
                THE LOOP, ANT BY ANT:
                  0. lived                                     20    100.0% of prev    100.0% of all
                  1. reached the food                           0      0.0% of prev      0.0% of all
                  2. picked food up out there                   0      0.0% of prev      0.0% of all
                  3. turned for home with it                    0      0.0% of prev      0.0% of all
                  4. got back to the nest still holding it      0      0.0% of prev      0.0% of all
                  5. PUT IT DOWN there                          0      0.0% of prev      0.0% of all
                  6. went back out again                        0      0.0% of prev      0.0% of all
                  7. reached the food a SECOND time             0      0.0% of prev      0.0% of all
                RETURN LEDGER reached food    0 of   20 ants | came back    0 | trips laden    0 empty    0 | LOOPERS    0 of   20 ants ( 0.0% of those that reached food), repeat    0, most loops by one ant   0
                BY ANCHOR AT PICKUP  anchor ON nest material:    0 loops /    0 pickups (  0.0%) | anchor OFF it:    0 /    0 (  0.0%)
                BY BIRTH SITE  born ON comb:   0 of   0 that reached food looped (  0.0%) | born OFF comb:   0 of   0 (  0.0%)
                founded x   30..68   (nest cursor 48 MATERIAL x 26..70 20 of 20 founders born on it; food 248; nearest founder 180 cells out, farthest 218, nominal gap 200)  occupancy/1k [73 2 0 0 0 0 0 0]  carry->nest       0  born    0 died   20 (starved   20)
                own trail: route pk    0 end    0 along +0.0000  B nest->food [0,0,0,0,0]  blocked      448  kin swaps       0  ticks     12600  tumbles      3590 (homeward        0, 0.00%)  drops       0  DELIVERED     0  leg home n    0 med     0 p90     0 (laden n    0 med     0 p90     0)  appetite held         0 J of         0  trips born-on-comb    0 (20 ants) / born-off    0 (0 ants)
                channel A: PEAK amt  65535 cells   54 (of 201 route)  POLARITY|| +0.28732 && +0.28145 SPAN +0.00992 edge   6.0  end nest->food [12519,125,0,0,0]  nest   25  AtNest 34.01%
                Carrying: laden     13764  of which SPOIL     13764 (100.0%)
    DECISION CENSUS: 12351 decisions, reconciled against the rows and the engine's counters
      leg     setting          n  stepped    felllaunched swappedcrossingreversedblocked_roll_fairoll_fai no_body
      empty   pocket         707    18.7%   25.2%    0.0%    0.0%    0.0%    0.0%    8.8%   24.3%   23.1%    0.0%
      empty   corridor      1616    46.3%    3.7%    0.0%    0.0%    0.0%    0.0%    1.7%   25.6%   22.8%    0.0%
      empty   junction      5788    39.7%    5.7%    0.0%    0.0%    0.0%    0.0%    1.2%   26.9%   26.5%    0.0%
      empty   open          1987    41.9%    9.6%    0.0%    0.0%    0.0%    0.0%    0.0%   24.0%   24.5%    0.0%
      spoil   pocket         421    28.7%    2.1%    0.0%    0.0%    0.0%    0.0%   23.3%   20.2%   25.7%    0.0%
      spoil   corridor       645    45.7%    0.3%    0.0%    0.0%    0.0%    0.0%    7.4%   20.9%   25.6%    0.0%
      spoil   junction      1068    48.3%    1.0%    0.0%    0.0%    0.0%    0.0%    5.0%   22.4%   23.3%    0.0%
      spoil   open           119    51.3%    5.0%    0.0%    0.0%    0.0%    0.0%    0.0%   21.0%   22.7%    0.0%
    DECISIONS: rows not written (decisionnorows)
  200    2  self    0/0            0        0     3966        0        0    0/20        0         17 3 0 0 0
                A READ  ant-readable homeward along >= 0.02 on  26.7% of route-cell samples | FOODWARD   1.7% | plane lit on  31.1% | peak amt  65535 cells  71
                THE LOOP, ANT BY ANT:
                  0. lived                                     20    100.0% of prev    100.0% of all
                  1. reached the food                           0      0.0% of prev      0.0% of all
                  2. picked food up out there                   0      0.0% of prev      0.0% of all
                  3. turned for home with it                    0      0.0% of prev      0.0% of all
                  4. got back to the nest still holding it      0      0.0% of prev      0.0% of all
                  5. PUT IT DOWN there                          0      0.0% of prev      0.0% of all
                  6. went back out again                        0      0.0% of prev      0.0% of all
                  7. reached the food a SECOND time             0      0.0% of prev      0.0% of all
                RETURN LEDGER reached food    0 of   20 ants | came back    0 | trips laden    0 empty    0 | LOOPERS    0 of   20 ants ( 0.0% of those that reached food), repeat    0, most loops by one ant   0
                BY ANCHOR AT PICKUP  anchor ON nest material:    0 loops /    0 pickups (  0.0%) | anchor OFF it:    0 /    0 (  0.0%)
                BY BIRTH SITE  born ON comb:   0 of   0 that reached food looped (  0.0%) | born OFF comb:   0 of   0 (  0.0%)
                founded x   30..68   (nest cursor 48 MATERIAL x 26..70 20 of 20 founders born on it; food 248; nearest founder 180 cells out, farthest 218, nominal gap 200)  occupancy/1k [64 8 0 0 0 0 0 0]  carry->nest       0  born    0 died   20 (starved   20)
                own trail: route pk    0 end    0 along +0.0000  B nest->food [0,0,0,0,0]  blocked      360  kin swaps       0  ticks     12351  tumbles      3462 (homeward        0, 0.00%)  drops       0  DELIVERED     0  leg home n    0 med     0 p90     0 (laden n    0 med     0 p90     0)  appetite held         0 J of         0  trips born-on-comb    0 (20 ants) / born-off    0 (0 ants)
                channel A: PEAK amt  65535 cells   71 (of 201 route)  POLARITY|| +0.23213 && +0.23102 SPAN +0.01533 edge   6.0  end nest->food [11005,933,0,0,0]  nest   25  AtNest 38.22%
                Carrying: laden     13518  of which SPOIL     13518 (100.0%)
    DECISION CENSUS: 12414 decisions, reconciled against the rows and the engine's counters
      leg     setting          n  stepped    felllaunched swappedcrossingreversedblocked_roll_fairoll_fai no_body
      empty   pocket         534    15.9%   32.6%    0.0%    0.0%    0.0%    0.0%    6.6%   23.2%   21.7%    0.0%
      empty   corridor      2377    50.1%    1.9%    0.0%    0.0%    0.0%    0.0%    1.3%   23.1%   23.5%    0.0%
      empty   junction      5710    37.9%    5.0%    0.0%    0.0%    0.0%    0.0%    1.0%   27.9%   28.2%    0.0%
      empty   open          1669    39.8%    6.7%    0.0%    0.0%    0.0%    0.0%    0.0%   26.3%   27.2%    0.0%
      spoil   pocket         805    29.9%    1.1%    0.0%    0.0%    0.0%    0.0%   23.6%   23.2%   22.1%    0.0%
      spoil   corridor       470    44.7%    0.2%    0.0%    0.0%    0.0%    0.0%   10.6%   24.7%   19.8%    0.0%
      spoil   junction       747    43.9%    0.4%    0.0%    0.0%    0.0%    0.0%    4.3%   26.2%   25.2%    0.0%
      spoil   open           102    48.0%    1.0%    0.0%    0.0%    0.0%    0.0%    0.0%   24.5%   26.5%    0.0%
    DECISIONS: rows not written (decisionnorows)
  200    3  self    0/0            0        0     5052        0        0    0/20        0         16 3 1 0 0
                A READ  ant-readable homeward along >= 0.02 on  30.9% of route-cell samples | FOODWARD   2.2% | plane lit on  35.6% | peak amt  65535 cells 142
                THE LOOP, ANT BY ANT:
                  0. lived                                     20    100.0% of prev    100.0% of all
                  1. reached the food                           0      0.0% of prev      0.0% of all
                  2. picked food up out there                   0      0.0% of prev      0.0% of all
                  3. turned for home with it                    0      0.0% of prev      0.0% of all
                  4. got back to the nest still holding it      0      0.0% of prev      0.0% of all
                  5. PUT IT DOWN there                          0      0.0% of prev      0.0% of all
                  6. went back out again                        0      0.0% of prev      0.0% of all
                  7. reached the food a SECOND time             0      0.0% of prev      0.0% of all
                RETURN LEDGER reached food    0 of   20 ants | came back    0 | trips laden    0 empty    0 | LOOPERS    0 of   20 ants ( 0.0% of those that reached food), repeat    0, most loops by one ant   0
                BY ANCHOR AT PICKUP  anchor ON nest material:    0 loops /    0 pickups (  0.0%) | anchor OFF it:    0 /    0 (  0.0%)
                BY BIRTH SITE  born ON comb:   0 of   0 that reached food looped (  0.0%) | born OFF comb:   0 of   0 (  0.0%)
                founded x   30..68   (nest cursor 48 MATERIAL x 26..70 20 of 20 founders born on it; food 248; nearest founder 180 cells out, farthest 218, nominal gap 200)  occupancy/1k [65 4 2 0 0 0 0 0]  carry->nest       0  born    0 died   20 (starved   19)
                own trail: route pk    0 end    0 along +0.0000  B nest->food [0,0,0,0,0]  blocked      398  kin swaps       0  ticks     12415  tumbles      3630 (homeward        0, 0.00%)  drops       0  DELIVERED     0  leg home n    0 med     0 p90     0 (laden n    0 med     0 p90     0)  appetite held         0 J of         0  trips born-on-comb    0 (20 ants) / born-off    0 (0 ants)
                channel A: PEAK amt  65535 cells  142 (of 201 route)  POLARITY|| +0.21329 && +0.21450 SPAN +0.02245 edge   6.3  end nest->food [10724,428,0,0,0]  nest   25  AtNest 38.47%
                Carrying: laden     12744  of which SPOIL     12744 (100.0%)
    DECISION CENSUS: 12546 decisions, reconciled against the rows and the engine's counters
      leg     setting          n  stepped    felllaunched swappedcrossingreversedblocked_roll_fairoll_fai no_body
      empty   pocket         674    20.3%   22.0%    0.0%    0.0%    0.0%    0.0%    9.5%   22.3%   26.0%    0.0%
      empty   corridor      1880    48.1%    3.0%    0.0%    0.0%    0.0%    0.0%    1.7%   24.4%   22.8%    0.0%
      empty   junction      5453    38.8%    5.2%    0.0%    0.0%    0.0%    0.0%    1.2%   27.4%   27.3%    0.0%
      empty   open          2016    41.0%    7.5%    0.0%    0.0%    0.0%    0.0%    0.0%   25.7%   25.8%    0.0%
      spoil   pocket         686    29.7%    0.4%    0.0%    0.0%    0.0%    0.0%   24.3%   22.7%   22.7%    0.0%
      spoil   corridor       630    45.2%    0.2%    0.0%    0.0%    0.0%    0.0%   12.7%   21.6%   20.3%    0.0%
      spoil   junction      1076    49.0%    1.3%    0.0%    0.0%    0.0%    0.0%    6.2%   22.2%   21.3%    0.0%
      spoil   open           131    48.9%    3.1%    0.0%    0.0%    0.0%    0.0%    0.0%   21.4%   26.7%    0.0%
    DECISIONS: rows not written (decisionnorows)
  200    4  self    0/0            0        0     4314        0        0    0/20        0         17 3 0 0 0
                A READ  ant-readable homeward along >= 0.02 on  28.8% of route-cell samples | FOODWARD   0.3% | plane lit on  30.5% | peak amt  65535 cells  75
                THE LOOP, ANT BY ANT:
                  0. lived                                     20    100.0% of prev    100.0% of all
                  1. reached the food                           0      0.0% of prev      0.0% of all
                  2. picked food up out there                   0      0.0% of prev      0.0% of all
                  3. turned for home with it                    0      0.0% of prev      0.0% of all
                  4. got back to the nest still holding it      0      0.0% of prev      0.0% of all
                  5. PUT IT DOWN there                          0      0.0% of prev      0.0% of all
                  6. went back out again                        0      0.0% of prev      0.0% of all
                  7. reached the food a SECOND time             0      0.0% of prev      0.0% of all
                RETURN LEDGER reached food    0 of   20 ants | came back    0 | trips laden    0 empty    0 | LOOPERS    0 of   20 ants ( 0.0% of those that reached food), repeat    0, most loops by one ant   0
                BY ANCHOR AT PICKUP  anchor ON nest material:    0 loops /    0 pickups (  0.0%) | anchor OFF it:    0 /    0 (  0.0%)
                BY BIRTH SITE  born ON comb:   0 of   0 that reached food looped (  0.0%) | born OFF comb:   0 of   0 (  0.0%)
                founded x   30..68   (nest cursor 48 MATERIAL x 26..70 20 of 20 founders born on it; food 248; nearest founder 180 cells out, farthest 218, nominal gap 200)  occupancy/1k [69 4 1 0 0 0 0 0]  carry->nest       0  born    0 died   20 (starved   20)
                own trail: route pk    0 end    0 along +0.0000  B nest->food [0,0,0,0,0]  blocked      478  kin swaps       0  ticks     12546  tumbles      3658 (homeward        0, 0.00%)  drops       0  DELIVERED     0  leg home n    0 med     0 p90     0 (laden n    0 med     0 p90     0)  appetite held         0 J of         0  trips born-on-comb    0 (20 ants) / born-off    0 (0 ants)
                channel A: PEAK amt  65535 cells   75 (of 201 route)  POLARITY|| +0.24393 && +0.24422 SPAN +0.01173 edge   6.0  end nest->food [11583,421,0,0,0]  nest   25  AtNest 38.17%
                Carrying: laden     15138  of which SPOIL     15138 (100.0%)
    DECISION CENSUS: 12540 decisions, reconciled against the rows and the engine's counters
      leg     setting          n  stepped    felllaunched swappedcrossingreversedblocked_roll_fairoll_fai no_body
      empty   pocket         716    16.6%   30.0%    0.0%    0.0%    0.0%    0.0%    7.5%   22.6%   23.2%    0.0%
      empty   corridor      2057    48.8%    2.1%    0.0%    0.0%    0.0%    0.0%    1.0%   23.1%   25.0%    0.0%
      empty   junction      5554    38.6%    4.7%    0.0%    0.0%    0.0%    0.0%    1.0%   27.6%   28.2%    0.0%
      empty   open          1835    38.5%    6.2%    0.0%    0.0%    0.0%    0.0%    0.0%   28.6%   26.8%    0.0%
      spoil   pocket         747    26.6%    2.1%    0.0%    0.0%    0.0%    0.0%   22.0%   25.3%   24.0%    0.0%
      spoil   corridor       555    44.9%    0.5%    0.0%    0.0%    0.0%    0.0%    9.2%   23.1%   22.3%    0.0%
      spoil   junction       933    51.3%    1.0%    0.0%    0.0%    0.0%    0.0%    4.7%   22.6%   20.4%    0.0%
      spoil   open           143    58.7%    2.1%    0.0%    0.0%    0.0%    0.0%    0.0%   20.3%   18.9%    0.0%
    DECISIONS: rows not written (decisionnorows)
  200    5  self    0/0            0        0     4644        0        0    0/20        0         17 3 0 0 0
                A READ  ant-readable homeward along >= 0.02 on  26.4% of route-cell samples | FOODWARD   3.9% | plane lit on  33.3% | peak amt  65535 cells  99
                THE LOOP, ANT BY ANT:
                  0. lived                                     20    100.0% of prev    100.0% of all
                  1. reached the food                           0      0.0% of prev      0.0% of all
                  2. picked food up out there                   0      0.0% of prev      0.0% of all
                  3. turned for home with it                    0      0.0% of prev      0.0% of all
                  4. got back to the nest still holding it      0      0.0% of prev      0.0% of all
                  5. PUT IT DOWN there                          0      0.0% of prev      0.0% of all
                  6. went back out again                        0      0.0% of prev      0.0% of all
                  7. reached the food a SECOND time             0      0.0% of prev      0.0% of all
                RETURN LEDGER reached food    0 of   20 ants | came back    0 | trips laden    0 empty    0 | LOOPERS    0 of   20 ants ( 0.0% of those that reached food), repeat    0, most loops by one ant   0
                BY ANCHOR AT PICKUP  anchor ON nest material:    0 loops /    0 pickups (  0.0%) | anchor OFF it:    0 /    0 (  0.0%)
                BY BIRTH SITE  born ON comb:   0 of   0 that reached food looped (  0.0%) | born OFF comb:   0 of   0 (  0.0%)
                founded x   30..68   (nest cursor 48 MATERIAL x 26..70 20 of 20 founders born on it; food 248; nearest founder 180 cells out, farthest 218, nominal gap 200)  occupancy/1k [67 5 0 1 0 0 0 0]  carry->nest       0  born    0 died   20 (starved   19)
                own trail: route pk    0 end    0 along +0.0000  B nest->food [0,0,0,0,0]  blocked      387  kin swaps       0  ticks     12541  tumbles      3640 (homeward        0, 0.00%)  drops       0  DELIVERED     0  leg home n    0 med     0 p90     0 (laden n    0 med     0 p90     0)  appetite held         0 J of         0  trips born-on-comb    0 (20 ants) / born-off    0 (0 ants)
                channel A: PEAK amt  65535 cells   99 (of 201 route)  POLARITY|| +0.21461 && +0.21027 SPAN +0.03011 edge   6.3  end nest->food [10035,613,0,0,0]  nest   25  AtNest 35.71%
                Carrying: laden     14268  of which SPOIL     14268 (100.0%)
    DECISION CENSUS: 12315 decisions, reconciled against the rows and the engine's counters
      leg     setting          n  stepped    felllaunched swappedcrossingreversedblocked_roll_fairoll_fai no_body
      empty   pocket         644    13.5%   35.9%    0.0%    0.0%    0.0%    0.0%    3.9%   24.2%   22.5%    0.0%
      empty   corridor      1641    47.5%    4.1%    0.0%    0.0%    0.0%    0.0%    1.6%   23.0%   23.8%    0.0%
      empty   junction      6189    37.4%    5.9%    0.0%    0.0%    0.0%    0.0%    1.0%   27.8%   27.9%    0.0%
      empty   open          1773    44.0%    7.5%    0.0%    0.0%    0.0%    0.0%    0.0%   24.3%   24.2%    0.0%
      spoil   pocket         719    28.8%    1.7%    0.0%    0.0%    0.0%    0.0%   22.7%   22.5%   24.3%    0.0%
      spoil   corridor       368    41.8%    0.8%    0.0%    0.0%    0.0%    0.0%   12.5%   23.6%   21.2%    0.0%
      spoil   junction       842    46.3%    0.8%    0.0%    0.0%    0.0%    0.0%    3.8%   23.5%   25.5%    0.0%
      spoil   open           139    54.7%    4.3%    0.0%    0.0%    0.0%    0.0%    0.0%   20.1%   20.9%    0.0%
    DECISIONS: rows not written (decisionnorows)
  200    6  self    0/0            0        0     4590        0        0    0/20        0         18 2 0 0 0
                A READ  ant-readable homeward along >= 0.02 on  30.2% of route-cell samples | FOODWARD   0.8% | plane lit on  29.9% | peak amt  61659 cells  66
                THE LOOP, ANT BY ANT:
                  0. lived                                     20    100.0% of prev    100.0% of all
                  1. reached the food                           0      0.0% of prev      0.0% of all
                  2. picked food up out there                   0      0.0% of prev      0.0% of all
                  3. turned for home with it                    0      0.0% of prev      0.0% of all
                  4. got back to the nest still holding it      0      0.0% of prev      0.0% of all
                  5. PUT IT DOWN there                          0      0.0% of prev      0.0% of all
                  6. went back out again                        0      0.0% of prev      0.0% of all
                  7. reached the food a SECOND time             0      0.0% of prev      0.0% of all
                RETURN LEDGER reached food    0 of   20 ants | came back    0 | trips laden    0 empty    0 | LOOPERS    0 of   20 ants ( 0.0% of those that reached food), repeat    0, most loops by one ant   0
                BY ANCHOR AT PICKUP  anchor ON nest material:    0 loops /    0 pickups (  0.0%) | anchor OFF it:    0 /    0 (  0.0%)
                BY BIRTH SITE  born ON comb:   0 of   0 that reached food looped (  0.0%) | born OFF comb:   0 of   0 (  0.0%)
                founded x   30..68   (nest cursor 48 MATERIAL x 26..70 20 of 20 founders born on it; food 248; nearest founder 180 cells out, farthest 218, nominal gap 200)  occupancy/1k [67 5 0 0 0 0 0 0]  carry->nest       0  born    0 died   20 (starved   20)
                own trail: route pk    0 end    0 along +0.0000  B nest->food [0,0,0,0,0]  blocked      355  kin swaps       0  ticks     12315  tumbles      3513 (homeward        0, 0.00%)  drops       0  DELIVERED     0  leg home n    0 med     0 p90     0 (laden n    0 med     0 p90     0)  appetite held         0 J of         0  trips born-on-comb    0 (20 ants) / born-off    0 (0 ants)
                channel A: PEAK amt  61659 cells   66 (of 201 route)  POLARITY|| +0.23404 && +0.23652 SPAN +0.04087 edge   6.0  end nest->food [10920,413,0,0,0]  nest   25  AtNest 38.60%
                Carrying: laden     12408  of which SPOIL     12408 (100.0%)
    DECISION CENSUS: 13043 decisions, reconciled against the rows and the engine's counters
      leg     setting          n  stepped    felllaunched swappedcrossingreversedblocked_roll_fairoll_fai no_body
      empty   pocket         608    15.3%   34.4%    0.0%    0.0%    0.0%    0.0%    6.4%   23.5%   20.4%    0.0%
      empty   corridor      1377    48.5%    5.3%    0.0%    0.0%    0.0%    0.0%    1.7%   22.3%   22.2%    0.0%
      empty   junction      6755    37.5%    5.8%    0.0%    0.0%    0.0%    0.0%    1.5%   27.8%   27.5%    0.0%
      empty   open          2175    37.8%    6.7%    0.0%    0.0%    0.0%    0.0%    0.0%   29.4%   26.1%    0.0%
      spoil   pocket         829    31.0%    0.6%    0.0%    0.0%    0.0%    0.0%   23.9%   22.7%   21.8%    0.0%
      spoil   corridor       514    45.9%    1.2%    0.0%    0.0%    0.0%    0.0%    8.6%   21.4%   23.0%    0.0%
      spoil   junction       675    48.6%    1.5%    0.0%    0.0%    0.0%    0.0%    4.7%   25.8%   19.4%    0.0%
      spoil   open           110    56.4%    2.7%    0.0%    0.0%    0.0%    0.0%    0.0%   20.9%   20.0%    0.0%
    DECISIONS: rows not written (decisionnorows)
  200    7  self    0/0            0        0     4524        0        0    0/20        0         17 3 0 0 0
                A READ  ant-readable homeward along >= 0.02 on  29.8% of route-cell samples | FOODWARD   0.6% | plane lit on  29.7% | peak amt  64707 cells  63
                THE LOOP, ANT BY ANT:
                  0. lived                                     20    100.0% of prev    100.0% of all
                  1. reached the food                           0      0.0% of prev      0.0% of all
                  2. picked food up out there                   0      0.0% of prev      0.0% of all
                  3. turned for home with it                    0      0.0% of prev      0.0% of all
                  4. got back to the nest still holding it      0      0.0% of prev      0.0% of all
                  5. PUT IT DOWN there                          0      0.0% of prev      0.0% of all
                  6. went back out again                        0      0.0% of prev      0.0% of all
                  7. reached the food a SECOND time             0      0.0% of prev      0.0% of all
                RETURN LEDGER reached food    0 of   20 ants | came back    0 | trips laden    0 empty    0 | LOOPERS    0 of   20 ants ( 0.0% of those that reached food), repeat    0, most loops by one ant   0
                BY ANCHOR AT PICKUP  anchor ON nest material:    0 loops /    0 pickups (  0.0%) | anchor OFF it:    0 /    0 (  0.0%)
                BY BIRTH SITE  born ON comb:   0 of   0 that reached food looped (  0.0%) | born OFF comb:   0 of   0 (  0.0%)
                founded x   30..68   (nest cursor 48 MATERIAL x 26..70 20 of 20 founders born on it; food 248; nearest founder 180 cells out, farthest 218, nominal gap 200)  occupancy/1k [67 10 0 0 0 0 0 0]  carry->nest       0  born    0 died   20 (starved   20)
                own trail: route pk    0 end    0 along +0.0000  B nest->food [0,0,0,0,0]  blocked      436  kin swaps       0  ticks     13043  tumbles      3898 (homeward        0, 0.00%)  drops       0  DELIVERED     0  leg home n    0 med     0 p90     0 (laden n    0 med     0 p90     0)  appetite held         0 J of         0  trips born-on-comb    0 (20 ants) / born-off    0 (0 ants)
                channel A: PEAK amt  64707 cells   63 (of 201 route)  POLARITY|| +0.23705 && +0.23647 SPAN +0.02153 edge   6.0  end nest->food [11122,414,0,0,0]  nest   25  AtNest 37.21%
                Carrying: laden     12768  of which SPOIL     12768 (100.0%)
    DECISION CENSUS: 12766 decisions, reconciled against the rows and the engine's counters
      leg     setting          n  stepped    felllaunched swappedcrossingreversedblocked_roll_fairoll_fai no_body
      empty   pocket         573    14.3%   34.0%    0.0%    0.0%    0.0%    0.0%    5.6%   21.8%   24.3%    0.0%
      empty   corridor      2319    45.1%    3.1%    0.0%    0.0%    0.0%    0.0%    1.0%   25.6%   25.2%    0.0%
      empty   junction      6420    37.2%    6.2%    0.0%    0.0%    0.0%    0.0%    0.7%   29.2%   26.6%    0.0%
      empty   open          1625    46.3%    8.1%    0.0%    0.0%    0.0%    0.0%    0.0%   22.6%   23.1%    0.0%
      spoil   pocket         622    29.1%    0.5%    0.0%    0.0%    0.0%    0.0%   23.2%   22.3%   24.9%    0.0%
      spoil   corridor       316    40.2%    0.6%    0.0%    0.0%    0.0%    0.0%   13.9%   22.2%   23.1%    0.0%
      spoil   junction       761    47.6%    1.2%    0.0%    0.0%    0.0%    0.0%    4.9%   25.9%   20.5%    0.0%
      spoil   open           130    53.1%    1.5%    0.0%    0.0%    0.0%    0.0%    0.0%   26.9%   18.5%    0.0%
    DECISIONS: rows not written (decisionnorows)
  200    8  self    0/0            0        0     4908        0        0    0/20        0         18 1 1 0 0
                A READ  ant-readable homeward along >= 0.02 on  28.8% of route-cell samples | FOODWARD   2.0% | plane lit on  31.6% | peak amt  65535 cells 125
                THE LOOP, ANT BY ANT:
                  0. lived                                     20    100.0% of prev    100.0% of all
                  1. reached the food                           0      0.0% of prev      0.0% of all
                  2. picked food up out there                   0      0.0% of prev      0.0% of all
                  3. turned for home with it                    0      0.0% of prev      0.0% of all
                  4. got back to the nest still holding it      0      0.0% of prev      0.0% of all
                  5. PUT IT DOWN there                          0      0.0% of prev      0.0% of all
                  6. went back out again                        0      0.0% of prev      0.0% of all
                  7. reached the food a SECOND time             0      0.0% of prev      0.0% of all
                RETURN LEDGER reached food    0 of   20 ants | came back    0 | trips laden    0 empty    0 | LOOPERS    0 of   20 ants ( 0.0% of those that reached food), repeat    0, most loops by one ant   0
                BY ANCHOR AT PICKUP  anchor ON nest material:    0 loops /    0 pickups (  0.0%) | anchor OFF it:    0 /    0 (  0.0%)
                BY BIRTH SITE  born ON comb:   0 of   0 that reached food looped (  0.0%) | born OFF comb:   0 of   0 (  0.0%)
                founded x   30..68   (nest cursor 48 MATERIAL x 26..70 20 of 20 founders born on it; food 248; nearest founder 180 cells out, farthest 218, nominal gap 200)  occupancy/1k [69 4 1 0 0 0 0 0]  carry->nest       0  born    0 died   20 (starved   20)
                own trail: route pk    0 end    0 along +0.0000  B nest->food [0,0,0,0,0]  blocked      323  kin swaps       0  ticks     12766  tumbles      3726 (homeward        0, 0.00%)  drops       0  DELIVERED     0  leg home n    0 med     0 p90     0 (laden n    0 med     0 p90     0)  appetite held         0 J of         0  trips born-on-comb    0 (20 ants) / born-off    0 (0 ants)
                channel A: PEAK amt  65535 cells  125 (of 201 route)  POLARITY|| +0.23376 && +0.23678 SPAN +0.04051 edge   6.4  end nest->food [11010,171,0,0,0]  nest   25  AtNest 37.25%
                Carrying: laden     10974  of which SPOIL     10974 (100.0%)
    DECISION CENSUS: 12302 decisions, reconciled against the rows and the engine's counters
      leg     setting          n  stepped    felllaunched swappedcrossingreversedblocked_roll_fairoll_fai no_body
      empty   pocket         454    16.3%   35.9%    0.0%    0.0%    0.0%    0.0%    7.5%   20.0%   20.3%    0.0%
      empty   corridor      1906    48.5%    3.5%    0.0%    0.0%    0.0%    0.0%    1.7%   22.5%   23.8%    0.0%
      empty   junction      5617    37.8%    6.1%    0.0%    0.0%    0.0%    0.0%    1.4%   27.6%   27.1%    0.0%
      empty   open          2175    41.9%    8.1%    0.0%    0.0%    0.0%    0.0%    0.0%   24.7%   25.3%    0.0%
      spoil   pocket         412    28.6%    2.4%    0.0%    0.0%    0.0%    0.0%   24.8%   19.9%   24.3%    0.0%
      spoil   corridor       704    41.6%    0.3%    0.0%    0.0%    0.0%    0.0%    6.4%   23.4%   28.3%    0.0%
      spoil   junction       849    47.9%    0.8%    0.0%    0.0%    0.0%    0.0%    5.4%   22.3%   23.6%    0.0%
      spoil   open           185    51.9%    2.7%    0.0%    0.0%    0.0%    0.0%    0.0%   20.5%   24.9%    0.0%
    DECISIONS: rows not written (decisionnorows)
  200    9  self    0/0            0        0     4248        0        0    0/20        0         19 1 0 0 0
                A READ  ant-readable homeward along >= 0.02 on  23.3% of route-cell samples | FOODWARD   0.6% | plane lit on  26.1% | peak amt  65535 cells  58
                THE LOOP, ANT BY ANT:
                  0. lived                                     20    100.0% of prev    100.0% of all
                  1. reached the food                           0      0.0% of prev      0.0% of all
                  2. picked food up out there                   0      0.0% of prev      0.0% of all
                  3. turned for home with it                    0      0.0% of prev      0.0% of all
                  4. got back to the nest still holding it      0      0.0% of prev      0.0% of all
                  5. PUT IT DOWN there                          0      0.0% of prev      0.0% of all
                  6. went back out again                        0      0.0% of prev      0.0% of all
                  7. reached the food a SECOND time             0      0.0% of prev      0.0% of all
                RETURN LEDGER reached food    0 of   20 ants | came back    0 | trips laden    0 empty    0 | LOOPERS    0 of   20 ants ( 0.0% of those that reached food), repeat    0, most loops by one ant   0
                BY ANCHOR AT PICKUP  anchor ON nest material:    0 loops /    0 pickups (  0.0%) | anchor OFF it:    0 /    0 (  0.0%)
                BY BIRTH SITE  born ON comb:   0 of   0 that reached food looped (  0.0%) | born OFF comb:   0 of   0 (  0.0%)
                founded x   30..68   (nest cursor 48 MATERIAL x 26..70 20 of 20 founders born on it; food 248; nearest founder 180 cells out, farthest 218, nominal gap 200)  occupancy/1k [71 2 0 0 0 0 0 0]  carry->nest       0  born    0 died   20 (starved   20)
                own trail: route pk    0 end    0 along +0.0000  B nest->food [0,0,0,0,0]  blocked      337  kin swaps       0  ticks     12302  tumbles      3421 (homeward        0, 0.00%)  drops       0  DELIVERED     0  leg home n    0 med     0 p90     0 (laden n    0 med     0 p90     0)  appetite held         0 J of         0  trips born-on-comb    0 (20 ants) / born-off    0 (0 ants)
                channel A: PEAK amt  65535 cells   58 (of 201 route)  POLARITY|| +0.26615 && +0.26188 SPAN +0.02531 edge   6.0  end nest->food [12346,280,0,0,0]  nest   25  AtNest 44.79%
                Carrying: laden     12900  of which SPOIL     12900 (100.0%)
    DECISION CENSUS: 12941 decisions, reconciled against the rows and the engine's counters
      leg     setting          n  stepped    felllaunched swappedcrossingreversedblocked_roll_fairoll_fai no_body
      empty   pocket         612    12.9%   38.9%    0.0%    0.0%    0.0%    0.0%    5.1%   20.4%   22.7%    0.0%
      empty   corridor      2382    49.8%    3.4%    0.0%    0.0%    0.0%    0.0%    1.2%   22.2%   23.4%    0.0%
      empty   junction      6529    37.2%    5.7%    0.0%    0.0%    0.0%    0.0%    0.9%   27.9%   28.3%    0.0%
      empty   open          1973    41.1%    8.2%    0.0%    0.0%    0.0%    0.0%    0.0%   24.5%   26.3%    0.0%
      spoil   pocket         323    26.6%    3.7%    0.0%    0.0%    0.0%    0.0%   22.6%   25.7%   21.4%    0.0%
      spoil   corridor       356    43.5%    0.6%    0.0%    0.0%    0.0%    0.0%    9.0%   23.9%   23.0%    0.0%
      spoil   junction       667    47.1%    0.1%    0.0%    0.0%    0.0%    0.0%    5.1%   24.1%   23.5%    0.0%
      spoil   open            99    53.5%    4.0%    0.0%    0.0%    0.0%    0.0%    0.0%   21.2%   21.2%    0.0%
    DECISIONS: rows not written (decisionnorows)
  200   10  self    0/0            0        0     4722        0        0    0/20        0         16 4 0 0 0
                A READ  ant-readable homeward along >= 0.02 on  34.1% of route-cell samples | FOODWARD   0.9% | plane lit on  34.6% | peak amt  65535 cells  93
                THE LOOP, ANT BY ANT:
                  0. lived                                     20    100.0% of prev    100.0% of all
                  1. reached the food                           0      0.0% of prev      0.0% of all
                  2. picked food up out there                   0      0.0% of prev      0.0% of all
                  3. turned for home with it                    0      0.0% of prev      0.0% of all
                  4. got back to the nest still holding it      0      0.0% of prev      0.0% of all
                  5. PUT IT DOWN there                          0      0.0% of prev      0.0% of all
                  6. went back out again                        0      0.0% of prev      0.0% of all
                  7. reached the food a SECOND time             0      0.0% of prev      0.0% of all
                RETURN LEDGER reached food    0 of   20 ants | came back    0 | trips laden    0 empty    0 | LOOPERS    0 of   20 ants ( 0.0% of those that reached food), repeat    0, most loops by one ant   0
                BY ANCHOR AT PICKUP  anchor ON nest material:    0 loops /    0 pickups (  0.0%) | anchor OFF it:    0 /    0 (  0.0%)
                BY BIRTH SITE  born ON comb:   0 of   0 that reached food looped (  0.0%) | born OFF comb:   0 of   0 (  0.0%)
                founded x   30..68   (nest cursor 48 MATERIAL x 26..70 20 of 20 founders born on it; food 248; nearest founder 180 cells out, farthest 218, nominal gap 200)  occupancy/1k [67 4 4 0 0 0 0 0]  carry->nest       0  born    0 died   20 (starved   20)
                own trail: route pk    0 end    0 along +0.0000  B nest->food [0,0,0,0,0]  blocked      256  kin swaps       0  ticks     12941  tumbles      3567 (homeward        0, 0.00%)  drops       0  DELIVERED     0  leg home n    0 med     0 p90     0 (laden n    0 med     0 p90     0)  appetite held         0 J of         0  trips born-on-comb    0 (20 ants) / born-off    0 (0 ants)
                channel A: PEAK amt  65535 cells   93 (of 201 route)  POLARITY|| +0.21442 && +0.21307 SPAN +0.02428 edge   6.0  end nest->food [11517,267,0,0,0]  nest   25  AtNest 36.42%
                Carrying: laden      8670  of which SPOIL      8670 (100.0%)
    DECISION CENSUS: 12444 decisions, reconciled against the rows and the engine's counters
      leg     setting          n  stepped    felllaunched swappedcrossingreversedblocked_roll_fairoll_fai no_body
      empty   pocket         614    19.2%   26.7%    0.0%    0.0%    0.0%    0.0%    7.0%   23.1%   23.9%    0.0%
      empty   corridor      1237    43.0%    4.6%    0.0%    0.0%    0.0%    0.0%    1.4%   25.0%   26.0%    0.0%
      empty   junction      5857    36.2%    7.1%    0.0%    0.0%    0.0%    0.0%    1.1%   27.8%   27.8%    0.0%
      empty   open          2255    41.9%   10.4%    0.0%    0.0%    0.0%    0.0%    0.0%   23.1%   24.6%    0.0%
      spoil   pocket        1081    30.2%    1.4%    0.0%    0.0%    0.0%    0.0%   24.2%   20.7%   23.5%    0.0%
      spoil   corridor       385    42.9%    1.0%    0.0%    0.0%    0.0%    0.0%   10.4%   24.7%   21.0%    0.0%
      spoil   junction       869    49.5%    1.6%    0.0%    0.0%    0.0%    0.0%    4.6%   21.4%   22.9%    0.0%
      spoil   open           146    49.3%    6.2%    0.0%    0.0%    0.0%    0.0%    0.0%   22.6%   21.9%    0.0%
    DECISIONS: rows not written (decisionnorows)
  200   11  self    0/0            0        0     4602        0        0    0/20        0         18 2 0 0 0
                A READ  ant-readable homeward along >= 0.02 on  25.8% of route-cell samples | FOODWARD   0.3% | plane lit on  28.3% | peak amt  65535 cells  74
                THE LOOP, ANT BY ANT:
                  0. lived                                     20    100.0% of prev    100.0% of all
                  1. reached the food                           0      0.0% of prev      0.0% of all
                  2. picked food up out there                   0      0.0% of prev      0.0% of all
                  3. turned for home with it                    0      0.0% of prev      0.0% of all
                  4. got back to the nest still holding it      0      0.0% of prev      0.0% of all
                  5. PUT IT DOWN there                          0      0.0% of prev      0.0% of all
                  6. went back out again                        0      0.0% of prev      0.0% of all
                  7. reached the food a SECOND time             0      0.0% of prev      0.0% of all
                RETURN LEDGER reached food    0 of   20 ants | came back    0 | trips laden    0 empty    0 | LOOPERS    0 of   20 ants ( 0.0% of those that reached food), repeat    0, most loops by one ant   0
                BY ANCHOR AT PICKUP  anchor ON nest material:    0 loops /    0 pickups (  0.0%) | anchor OFF it:    0 /    0 (  0.0%)
                BY BIRTH SITE  born ON comb:   0 of   0 that reached food looped (  0.0%) | born OFF comb:   0 of   0 (  0.0%)
                founded x   30..68   (nest cursor 48 MATERIAL x 26..70 20 of 20 founders born on it; food 248; nearest founder 180 cells out, farthest 218, nominal gap 200)  occupancy/1k [70 3 0 0 0 0 0 0]  carry->nest       0  born    0 died   20 (starved   20)
                own trail: route pk    0 end    0 along +0.0000  B nest->food [0,0,0,0,0]  blocked      464  kin swaps       0  ticks     12444  tumbles      3604 (homeward        0, 0.00%)  drops       0  DELIVERED     0  leg home n    0 med     0 p90     0 (laden n    0 med     0 p90     0)  appetite held         0 J of         0  trips born-on-comb    0 (20 ants) / born-off    0 (0 ants)
                channel A: PEAK amt  65535 cells   74 (of 201 route)  POLARITY|| +0.25895 && +0.26153 SPAN +0.01131 edge   6.0  end nest->food [11775,310,0,0,0]  nest   25  AtNest 42.47%
                Carrying: laden     14886  of which SPOIL     14886 (100.0%)
    DECISION CENSUS: 12805 decisions, reconciled against the rows and the engine's counters
      leg     setting          n  stepped    felllaunched swappedcrossingreversedblocked_roll_fairoll_fai no_body
      empty   pocket         800    20.5%   23.9%    0.0%    0.0%    0.0%    0.0%   10.8%   21.4%   23.5%    0.0%
      empty   corridor      2382    48.1%    2.6%    0.0%    0.0%    0.0%    0.0%    1.0%   24.2%   24.1%    0.0%
      empty   junction      5379    36.7%    5.9%    0.0%    0.0%    0.0%    0.0%    0.8%   27.7%   28.8%    0.0%
      empty   open          1529    43.0%    6.3%    0.0%    0.0%    0.0%    0.0%    0.0%   26.2%   24.6%    0.0%
      spoil   pocket        1368    28.2%    0.5%    0.0%    0.0%    0.0%    0.0%   22.0%   23.2%   26.1%    0.0%
      spoil   corridor       615    49.8%    0.3%    0.0%    0.0%    0.0%    0.0%    5.7%   24.2%   20.0%    0.0%
      spoil   junction       638    45.3%    1.6%    0.0%    0.0%    0.0%    0.0%    3.9%   23.7%   25.5%    0.0%
      spoil   open            94    51.1%    4.3%    0.0%    0.0%    0.0%    0.0%    0.0%   18.1%   26.6%    0.0%
    DECISIONS: rows not written (decisionnorows)
  200   12  self    0/0            0        0     5214        0        0    0/20        0         18 2 0 0 0
                A READ  ant-readable homeward along >= 0.02 on  29.6% of route-cell samples | FOODWARD   0.9% | plane lit on  31.3% | peak amt  64146 cells  78
                THE LOOP, ANT BY ANT:
                  0. lived                                     20    100.0% of prev    100.0% of all
                  1. reached the food                           0      0.0% of prev      0.0% of all
                  2. picked food up out there                   0      0.0% of prev      0.0% of all
                  3. turned for home with it                    0      0.0% of prev      0.0% of all
                  4. got back to the nest still holding it      0      0.0% of prev      0.0% of all
                  5. PUT IT DOWN there                          0      0.0% of prev      0.0% of all
                  6. went back out again                        0      0.0% of prev      0.0% of all
                  7. reached the food a SECOND time             0      0.0% of prev      0.0% of all
                RETURN LEDGER reached food    0 of   20 ants | came back    0 | trips laden    0 empty    0 | LOOPERS    0 of   20 ants ( 0.0% of those that reached food), repeat    0, most loops by one ant   0
                BY ANCHOR AT PICKUP  anchor ON nest material:    0 loops /    0 pickups (  0.0%) | anchor OFF it:    0 /    0 (  0.0%)
                BY BIRTH SITE  born ON comb:   0 of   0 that reached food looped (  0.0%) | born OFF comb:   0 of   0 (  0.0%)
                founded x   30..68   (nest cursor 48 MATERIAL x 26..70 20 of 20 founders born on it; food 248; nearest founder 180 cells out, farthest 218, nominal gap 200)  occupancy/1k [71 3 1 0 0 0 0 0]  carry->nest       0  born    0 died   20 (starved   20)
                own trail: route pk    0 end    0 along +0.0000  B nest->food [0,0,0,0,0]  blocked      514  kin swaps       0  ticks     12805  tumbles      3787 (homeward        0, 0.00%)  drops       0  DELIVERED     0  leg home n    0 med     0 p90     0 (laden n    0 med     0 p90     0)  appetite held         0 J of         0  trips born-on-comb    0 (20 ants) / born-off    0 (0 ants)
                channel A: PEAK amt  64146 cells   78 (of 201 route)  POLARITY|| +0.22931 && +0.23084 SPAN +0.02801 edge   6.0  end nest->food [11213,316,0,0,0]  nest   25  AtNest 39.37%
                Carrying: laden     16290  of which SPOIL     16290 (100.0%)
    DECISION CENSUS: 12434 decisions, reconciled against the rows and the engine's counters
      leg     setting          n  stepped    felllaunched swappedcrossingreversedblocked_roll_fairoll_fai no_body
      empty   pocket         467    10.7%   38.8%    0.0%    0.0%    0.0%    0.0%    4.5%   17.8%   28.3%    0.0%
      empty   corridor      1580    45.8%    5.1%    0.0%    0.0%    0.0%    0.0%    1.1%   24.6%   23.4%    0.0%
      empty   junction      6483    36.1%    6.8%    0.0%    0.0%    0.0%    0.0%    0.7%   29.2%   27.1%    0.0%
      empty   open          2343    48.1%    9.8%    0.0%    0.0%    0.0%    0.0%    0.0%   22.3%   19.8%    0.0%
      spoil   pocket         464    26.9%    1.3%    0.0%    0.0%    0.0%    0.0%   22.0%   23.5%   26.3%    0.0%
      spoil   corridor       274    42.3%    0.7%    0.0%    0.0%    0.0%    0.0%   12.4%   21.2%   23.4%    0.0%
      spoil   junction       673    47.7%    1.2%    0.0%    0.0%    0.0%    0.0%    4.0%   24.2%   22.9%    0.0%
      spoil   open           150    50.7%    5.3%    0.0%    0.0%    0.0%    0.0%    0.0%   24.7%   19.3%    0.0%
    DECISIONS: rows not written (decisionnorows)
  200   13  self    0/0            0        0     4434        0        0    0/20        0         18 2 0 0 0
                A READ  ant-readable homeward along >= 0.02 on  25.6% of route-cell samples | FOODWARD   1.2% | plane lit on  30.1% | peak amt  65535 cells  63
                THE LOOP, ANT BY ANT:
                  0. lived                                     20    100.0% of prev    100.0% of all
                  1. reached the food                           0      0.0% of prev      0.0% of all
                  2. picked food up out there                   0      0.0% of prev      0.0% of all
                  3. turned for home with it                    0      0.0% of prev      0.0% of all
                  4. got back to the nest still holding it      0      0.0% of prev      0.0% of all
                  5. PUT IT DOWN there                          0      0.0% of prev      0.0% of all
                  6. went back out again                        0      0.0% of prev      0.0% of all
                  7. reached the food a SECOND time             0      0.0% of prev      0.0% of all
                RETURN LEDGER reached food    0 of   20 ants | came back    0 | trips laden    0 empty    0 | LOOPERS    0 of   20 ants ( 0.0% of those that reached food), repeat    0, most loops by one ant   0
                BY ANCHOR AT PICKUP  anchor ON nest material:    0 loops /    0 pickups (  0.0%) | anchor OFF it:    0 /    0 (  0.0%)
                BY BIRTH SITE  born ON comb:   0 of   0 that reached food looped (  0.0%) | born OFF comb:   0 of   0 (  0.0%)
                founded x   30..68   (nest cursor 48 MATERIAL x 26..70 20 of 20 founders born on it; food 248; nearest founder 180 cells out, farthest 218, nominal gap 200)  occupancy/1k [69 5 0 0 0 0 0 0]  carry->nest       0  born    0 died   20 (starved   20)
                own trail: route pk    0 end    0 along +0.0000  B nest->food [0,0,0,0,0]  blocked      248  kin swaps       0  ticks     12434  tumbles      3504 (homeward        0, 0.00%)  drops       0  DELIVERED     0  leg home n    0 med     0 p90     0 (laden n    0 med     0 p90     0)  appetite held         0 J of         0  trips born-on-comb    0 (20 ants) / born-off    0 (0 ants)
                channel A: PEAK amt  65535 cells   63 (of 201 route)  POLARITY|| +0.23549 && +0.23337 SPAN +0.01258 edge   6.0  end nest->food [11141,736,0,0,0]  nest   25  AtNest 41.90%
                Carrying: laden      9366  of which SPOIL      9366 (100.0%)
    DECISION CENSUS: 12613 decisions, reconciled against the rows and the engine's counters
      leg     setting          n  stepped    felllaunched swappedcrossingreversedblocked_roll_fairoll_fai no_body
      empty   pocket         668    16.0%   33.4%    0.0%    0.0%    0.0%    0.0%    6.3%   22.3%   22.0%    0.0%
      empty   corridor      1896    49.8%    3.9%    0.0%    0.0%    0.0%    0.0%    1.5%   23.3%   21.5%    0.0%
      empty   junction      6505    36.1%    5.1%    0.0%    0.0%    0.0%    0.0%    0.8%   29.1%   28.9%    0.0%
      empty   open          1598    45.9%    7.8%    0.0%    0.0%    0.0%    0.0%    0.0%   22.4%   23.9%    0.0%
      spoil   pocket         540    29.1%    0.9%    0.0%    0.0%    0.0%    0.0%   26.7%   20.7%   22.6%    0.0%
      spoil   corridor       531    47.1%    0.2%    0.0%    0.0%    0.0%    0.0%    7.5%   23.7%   21.5%    0.0%
      spoil   junction       772    46.9%    0.6%    0.0%    0.0%    0.0%    0.0%    3.5%   23.6%   25.4%    0.0%
      spoil   open           103    59.2%    0.0%    0.0%    0.0%    0.0%    0.0%    0.0%   18.4%   22.3%    0.0%
    DECISIONS: rows not written (decisionnorows)
  200   14  self    0/0            0        0     4638        0        0    0/20        0         19 1 0 0 0
                A READ  ant-readable homeward along >= 0.02 on  27.7% of route-cell samples | FOODWARD   0.5% | plane lit on  29.4% | peak amt  65535 cells  76
                THE LOOP, ANT BY ANT:
                  0. lived                                     20    100.0% of prev    100.0% of all
                  1. reached the food                           0      0.0% of prev      0.0% of all
                  2. picked food up out there                   0      0.0% of prev      0.0% of all
                  3. turned for home with it                    0      0.0% of prev      0.0% of all
                  4. got back to the nest still holding it      0      0.0% of prev      0.0% of all
                  5. PUT IT DOWN there                          0      0.0% of prev      0.0% of all
                  6. went back out again                        0      0.0% of prev      0.0% of all
                  7. reached the food a SECOND time             0      0.0% of prev      0.0% of all
                RETURN LEDGER reached food    0 of   20 ants | came back    0 | trips laden    0 empty    0 | LOOPERS    0 of   20 ants ( 0.0% of those that reached food), repeat    0, most loops by one ant   0
                BY ANCHOR AT PICKUP  anchor ON nest material:    0 loops /    0 pickups (  0.0%) | anchor OFF it:    0 /    0 (  0.0%)
                BY BIRTH SITE  born ON comb:   0 of   0 that reached food looped (  0.0%) | born OFF comb:   0 of   0 (  0.0%)
                founded x   30..68   (nest cursor 48 MATERIAL x 26..70 20 of 20 founders born on it; food 248; nearest founder 180 cells out, farthest 218, nominal gap 200)  occupancy/1k [71 4 0 0 0 0 0 0]  carry->nest       0  born    0 died   20 (starved   20)
                own trail: route pk    0 end    0 along +0.0000  B nest->food [0,0,0,0,0]  blocked      335  kin swaps       0  ticks     12613  tumbles      3615 (homeward        0, 0.00%)  drops       0  DELIVERED     0  leg home n    0 med     0 p90     0 (laden n    0 med     0 p90     0)  appetite held         0 J of         0  trips born-on-comb    0 (20 ants) / born-off    0 (0 ants)
                channel A: PEAK amt  65535 cells   76 (of 201 route)  POLARITY|| +0.24775 && +0.25137 SPAN +0.04265 edge   6.0  end nest->food [11827,293,0,0,0]  nest   25  AtNest 41.90%
                Carrying: laden     11676  of which SPOIL     11676 (100.0%)
    DECISION CENSUS: 12646 decisions, reconciled against the rows and the engine's counters
      leg     setting          n  stepped    felllaunched swappedcrossingreversedblocked_roll_fairoll_fai no_body
      empty   pocket         616    17.4%   28.7%    0.0%    0.0%    0.0%    0.0%    6.5%   23.2%   24.2%    0.0%
      empty   corridor      1865    45.7%    4.0%    0.0%    0.0%    0.0%    0.0%    1.6%   23.7%   25.0%    0.0%
      empty   junction      5606    37.7%    6.8%    0.0%    0.0%    0.0%    0.0%    1.1%   27.4%   27.1%    0.0%
      empty   open          2204    42.6%   10.8%    0.0%    0.0%    0.0%    0.0%    0.0%   22.2%   24.5%    0.0%
      spoil   pocket        1106    34.5%    0.7%    0.0%    0.0%    0.0%    0.0%   28.3%   19.8%   16.6%    0.0%
      spoil   corridor       399    47.1%    0.5%    0.0%    0.0%    0.0%    0.0%    8.3%   22.8%   21.3%    0.0%
      spoil   junction       739    45.3%    1.2%    0.0%    0.0%    0.0%    0.0%    4.3%   24.2%   24.9%    0.0%
      spoil   open           111    58.6%    5.4%    0.0%    0.0%    0.0%    0.0%    0.0%   14.4%   21.6%    0.0%
    DECISIONS: rows not written (decisionnorows)
  200   15  self    0/0            0        0     4674        0        0    0/20        0         18 1 1 0 0
                A READ  ant-readable homeward along >= 0.02 on  28.0% of route-cell samples | FOODWARD   1.1% | plane lit on  31.4% | peak amt  65535 cells 126
                THE LOOP, ANT BY ANT:
                  0. lived                                     20    100.0% of prev    100.0% of all
                  1. reached the food                           0      0.0% of prev      0.0% of all
                  2. picked food up out there                   0      0.0% of prev      0.0% of all
                  3. turned for home with it                    0      0.0% of prev      0.0% of all
                  4. got back to the nest still holding it      0      0.0% of prev      0.0% of all
                  5. PUT IT DOWN there                          0      0.0% of prev      0.0% of all
                  6. went back out again                        0      0.0% of prev      0.0% of all
                  7. reached the food a SECOND time             0      0.0% of prev      0.0% of all
                RETURN LEDGER reached food    0 of   20 ants | came back    0 | trips laden    0 empty    0 | LOOPERS    0 of   20 ants ( 0.0% of those that reached food), repeat    0, most loops by one ant   0
                BY ANCHOR AT PICKUP  anchor ON nest material:    0 loops /    0 pickups (  0.0%) | anchor OFF it:    0 /    0 (  0.0%)
                BY BIRTH SITE  born ON comb:   0 of   0 that reached food looped (  0.0%) | born OFF comb:   0 of   0 (  0.0%)
                founded x   30..68   (nest cursor 48 MATERIAL x 26..70 20 of 20 founders born on it; food 248; nearest founder 180 cells out, farthest 218, nominal gap 200)  occupancy/1k [69 3 1 0 0 0 0 0]  carry->nest       0  born    0 died   20 (starved   20)
                own trail: route pk    0 end    0 along +0.0000  B nest->food [0,0,0,0,0]  blocked      507  kin swaps       0  ticks     12646  tumbles      3624 (homeward        0, 0.00%)  drops       0  DELIVERED     0  leg home n    0 med     0 p90     0 (laden n    0 med     0 p90     0)  appetite held         0 J of         0  trips born-on-comb    0 (20 ants) / born-off    0 (0 ants)
                channel A: PEAK amt  65535 cells  126 (of 201 route)  POLARITY|| +0.24151 && +0.24343 SPAN +0.01081 edge   6.6  end nest->food [11822,355,0,0,0]  nest   25  AtNest 38.32%
                Carrying: laden     14130  of which SPOIL     14130 (100.0%)
    DECISION CENSUS: 12702 decisions, reconciled against the rows and the engine's counters
      leg     setting          n  stepped    felllaunched swappedcrossingreversedblocked_roll_fairoll_fai no_body
      empty   pocket         511    18.0%   28.2%    0.0%    0.0%    0.0%    0.0%    7.6%   23.7%   22.5%    0.0%
      empty   corridor      1712    53.3%    3.2%    0.0%    0.0%    0.0%    0.0%    0.6%   21.6%   21.3%    0.0%
      empty   junction      6359    35.2%    6.7%    0.0%    0.0%    0.0%    0.0%    1.1%   27.6%   29.3%    0.0%
      empty   open          2347    40.4%   10.4%    0.0%    0.0%    0.0%    0.0%    0.0%   23.7%   25.5%    0.0%
      spoil   pocket         552    33.2%    0.9%    0.0%    0.0%    0.0%    0.0%   28.1%   20.8%   17.0%    0.0%
      spoil   corridor       388    46.6%    0.5%    0.0%    0.0%    0.0%    0.0%    8.8%   21.4%   22.7%    0.0%
      spoil   junction       682    48.7%    1.3%    0.0%    0.0%    0.0%    0.0%    3.5%   22.0%   24.5%    0.0%
      spoil   open           151    46.4%    6.0%    0.0%    0.0%    0.0%    0.0%    0.0%   23.2%   24.5%    0.0%
    DECISIONS: rows not written (decisionnorows)
  200   16  self    0/0            0        0     4296        0        0    0/20        0         16 3 1 0 0
                A READ  ant-readable homeward along >= 0.02 on  34.0% of route-cell samples | FOODWARD   1.0% | plane lit on  35.0% | peak amt  65535 cells 105
                THE LOOP, ANT BY ANT:
                  0. lived                                     20    100.0% of prev    100.0% of all
                  1. reached the food                           0      0.0% of prev      0.0% of all
                  2. picked food up out there                   0      0.0% of prev      0.0% of all
                  3. turned for home with it                    0      0.0% of prev      0.0% of all
                  4. got back to the nest still holding it      0      0.0% of prev      0.0% of all
                  5. PUT IT DOWN there                          0      0.0% of prev      0.0% of all
                  6. went back out again                        0      0.0% of prev      0.0% of all
                  7. reached the food a SECOND time             0      0.0% of prev      0.0% of all
                RETURN LEDGER reached food    0 of   20 ants | came back    0 | trips laden    0 empty    0 | LOOPERS    0 of   20 ants ( 0.0% of those that reached food), repeat    0, most loops by one ant   0
                BY ANCHOR AT PICKUP  anchor ON nest material:    0 loops /    0 pickups (  0.0%) | anchor OFF it:    0 /    0 (  0.0%)
                BY BIRTH SITE  born ON comb:   0 of   0 that reached food looped (  0.0%) | born OFF comb:   0 of   0 (  0.0%)
                founded x   30..68   (nest cursor 48 MATERIAL x 26..70 20 of 20 founders born on it; food 248; nearest founder 180 cells out, farthest 218, nominal gap 200)  occupancy/1k [66 5 3 1 0 0 0 0]  carry->nest       0  born    0 died   20 (starved   20)
                own trail: route pk    0 end    0 along +0.0000  B nest->food [0,0,0,0,0]  blocked      336  kin swaps       0  ticks     12702  tumbles      3522 (homeward        0, 0.00%)  drops       0  DELIVERED     0  leg home n    0 med     0 p90     0 (laden n    0 med     0 p90     0)  appetite held         0 J of         0  trips born-on-comb    0 (20 ants) / born-off    0 (0 ants)
                channel A: PEAK amt  65535 cells  105 (of 201 route)  POLARITY|| +0.21721 && +0.21885 SPAN +0.02333 edge   6.0  end nest->food [11327,244,0,0,0]  nest   25  AtNest 39.68%
                Carrying: laden     10638  of which SPOIL     10638 (100.0%)
    DECISION CENSUS: 12746 decisions, reconciled against the rows and the engine's counters
      leg     setting          n  stepped    felllaunched swappedcrossingreversedblocked_roll_fairoll_fai no_body
      empty   pocket         349    18.9%   32.1%    0.0%    0.0%    0.0%    0.0%    4.9%   23.8%   20.3%    0.0%
      empty   corridor      1648    47.5%    2.7%    0.0%    0.0%    0.0%    0.0%    1.1%   25.7%   23.0%    0.0%
      empty   junction      6219    37.6%    6.4%    0.0%    0.0%    0.0%    0.0%    1.2%   28.4%   26.5%    0.0%
      empty   open          2694    41.3%    8.2%    0.0%    0.0%    0.0%    0.0%    0.0%   24.2%   26.3%    0.0%
      spoil   pocket         412    30.1%    2.9%    0.0%    0.0%    0.0%    0.0%   21.8%   23.5%   21.6%    0.0%
      spoil   corridor       287    42.5%    0.7%    0.0%    0.0%    0.0%    0.0%   13.9%   20.2%   22.6%    0.0%
      spoil   junction       982    44.2%    0.8%    0.0%    0.0%    0.0%    0.0%    5.2%   25.7%   24.1%    0.0%
      spoil   open           155    52.3%    1.3%    0.0%    0.0%    0.0%    0.0%    0.0%   24.5%   21.9%    0.0%
    DECISIONS: rows not written (decisionnorows)
  200   17  self    0/0            0        0     4236        0        0    0/20        0         19 1 0 0 0
                A READ  ant-readable homeward along >= 0.02 on  25.8% of route-cell samples | FOODWARD   2.0% | plane lit on  30.3% | peak amt  65535 cells  96
                THE LOOP, ANT BY ANT:
                  0. lived                                     20    100.0% of prev    100.0% of all
                  1. reached the food                           0      0.0% of prev      0.0% of all
                  2. picked food up out there                   0      0.0% of prev      0.0% of all
                  3. turned for home with it                    0      0.0% of prev      0.0% of all
                  4. got back to the nest still holding it      0      0.0% of prev      0.0% of all
                  5. PUT IT DOWN there                          0      0.0% of prev      0.0% of all
                  6. went back out again                        0      0.0% of prev      0.0% of all
                  7. reached the food a SECOND time             0      0.0% of prev      0.0% of all
                RETURN LEDGER reached food    0 of   20 ants | came back    0 | trips laden    0 empty    0 | LOOPERS    0 of   20 ants ( 0.0% of those that reached food), repeat    0, most loops by one ant   0
                BY ANCHOR AT PICKUP  anchor ON nest material:    0 loops /    0 pickups (  0.0%) | anchor OFF it:    0 /    0 (  0.0%)
                BY BIRTH SITE  born ON comb:   0 of   0 that reached food looped (  0.0%) | born OFF comb:   0 of   0 (  0.0%)
                founded x   30..68   (nest cursor 48 MATERIAL x 26..70 20 of 20 founders born on it; food 248; nearest founder 180 cells out, farthest 218, nominal gap 200)  occupancy/1k [70 3 1 0 0 0 0 0]  carry->nest       0  born    0 died   20 (starved   20)
                own trail: route pk    0 end    0 along +0.0000  B nest->food [0,0,0,0,0]  blocked      288  kin swaps       0  ticks     12746  tumbles      3655 (homeward        0, 0.00%)  drops       0  DELIVERED     0  leg home n    0 med     0 p90     0 (laden n    0 med     0 p90     0)  appetite held         0 J of         0  trips born-on-comb    0 (20 ants) / born-off    0 (0 ants)
                channel A: PEAK amt  65535 cells   96 (of 201 route)  POLARITY|| +0.23707 && +0.23339 SPAN +0.01526 edge   6.4  end nest->food [11969,293,0,0,0]  nest   25  AtNest 41.59%
                Carrying: laden     11016  of which SPOIL     11016 (100.0%)
    DECISION CENSUS: 12374 decisions, reconciled against the rows and the engine's counters
      leg     setting          n  stepped    felllaunched swappedcrossingreversedblocked_roll_fairoll_fai no_body
      empty   pocket         546    13.9%   29.9%    0.0%    0.0%    0.0%    0.0%    6.0%   23.1%   27.1%    0.0%
      empty   corridor      1871    45.4%    3.7%    0.0%    0.0%    0.0%    0.0%    1.9%   23.3%   25.7%    0.0%
      empty   junction      6072    39.7%    6.1%    0.0%    0.0%    0.0%    0.0%    1.1%   26.4%   26.8%    0.0%
      empty   open          1891    43.2%    7.2%    0.0%    0.0%    0.0%    0.0%    0.0%   25.2%   24.4%    0.0%
      spoil   pocket         446    32.7%    1.1%    0.0%    0.0%    0.0%    0.0%   24.9%   21.7%   19.5%    0.0%
      spoil   corridor       454    44.1%    0.4%    0.0%    0.0%    0.0%    0.0%    9.5%   24.2%   21.8%    0.0%
      spoil   junction       940    46.8%    1.5%    0.0%    0.0%    0.0%    0.0%    3.9%   24.7%   23.1%    0.0%
      spoil   open           154    48.1%    1.9%    0.0%    0.0%    0.0%    0.0%    0.0%   27.3%   22.7%    0.0%
    DECISIONS: rows not written (decisionnorows)
  200   18  self    0/0            0        0     4056        0        0    0/20        0         17 3 0 0 0
                A READ  ant-readable homeward along >= 0.02 on  30.5% of route-cell samples | FOODWARD   0.7% | plane lit on  31.6% | peak amt  64519 cells  92
                THE LOOP, ANT BY ANT:
                  0. lived                                     20    100.0% of prev    100.0% of all
                  1. reached the food                           0      0.0% of prev      0.0% of all
                  2. picked food up out there                   0      0.0% of prev      0.0% of all
                  3. turned for home with it                    0      0.0% of prev      0.0% of all
                  4. got back to the nest still holding it      0      0.0% of prev      0.0% of all
                  5. PUT IT DOWN there                          0      0.0% of prev      0.0% of all
                  6. went back out again                        0      0.0% of prev      0.0% of all
                  7. reached the food a SECOND time             0      0.0% of prev      0.0% of all
                RETURN LEDGER reached food    0 of   20 ants | came back    0 | trips laden    0 empty    0 | LOOPERS    0 of   20 ants ( 0.0% of those that reached food), repeat    0, most loops by one ant   0
                BY ANCHOR AT PICKUP  anchor ON nest material:    0 loops /    0 pickups (  0.0%) | anchor OFF it:    0 /    0 (  0.0%)
                BY BIRTH SITE  born ON comb:   0 of   0 that reached food looped (  0.0%) | born OFF comb:   0 of   0 (  0.0%)
                founded x   30..68   (nest cursor 48 MATERIAL x 26..70 20 of 20 founders born on it; food 248; nearest founder 180 cells out, farthest 218, nominal gap 200)  occupancy/1k [67 5 1 0 0 0 0 0]  carry->nest       0  born    0 died   20 (starved   20)
                own trail: route pk    0 end    0 along +0.0000  B nest->food [0,0,0,0,0]  blocked      326  kin swaps       0  ticks     12374  tumbles      3447 (homeward        0, 0.00%)  drops       0  DELIVERED     0  leg home n    0 med     0 p90     0 (laden n    0 med     0 p90     0)  appetite held         0 J of         0  trips born-on-comb    0 (20 ants) / born-off    0 (0 ants)
                channel A: PEAK amt  64519 cells   92 (of 201 route)  POLARITY|| +0.23253 && +0.23322 SPAN +0.02652 edge   6.0  end nest->food [11955,406,0,0,0]  nest   25  AtNest 39.07%
                Carrying: laden     11964  of which SPOIL     11964 (100.0%)
    DECISION CENSUS: 12566 decisions, reconciled against the rows and the engine's counters
      leg     setting          n  stepped    felllaunched swappedcrossingreversedblocked_roll_fairoll_fai no_body
      empty   pocket         612    18.8%   31.9%    0.0%    0.0%    0.0%    0.0%    7.4%   21.2%   20.8%    0.0%
      empty   corridor      2073    50.1%    2.2%    0.0%    0.0%    0.0%    0.0%    0.8%   23.5%   23.3%    0.0%
      empty   junction      5703    40.1%    5.4%    0.0%    0.0%    0.0%    0.0%    1.2%   25.8%   27.4%    0.0%
      empty   open          2182    35.2%    6.4%    0.0%    0.0%    0.0%    0.0%    0.0%   29.7%   28.7%    0.0%
      spoil   pocket         518    27.0%    0.6%    0.0%    0.0%    0.0%    0.0%   21.2%   25.9%   25.3%    0.0%
      spoil   corridor       440    41.6%    0.2%    0.0%    0.0%    0.0%    0.0%   10.9%   23.4%   23.9%    0.0%
      spoil   junction       861    51.8%    0.3%    0.0%    0.0%    0.0%    0.0%    5.2%   20.6%   22.1%    0.0%
      spoil   open           177    50.3%    0.6%    0.0%    0.0%    0.0%    0.0%    0.0%   27.1%   22.0%    0.0%
    DECISIONS: rows not written (decisionnorows)
  200   19  self    0/0            0        0     4782        0        0    0/20        0         17 3 0 0 0
                A READ  ant-readable homeward along >= 0.02 on  28.5% of route-cell samples | FOODWARD   1.5% | plane lit on  31.2% | peak amt  65535 cells 102
                THE LOOP, ANT BY ANT:
                  0. lived                                     20    100.0% of prev    100.0% of all
                  1. reached the food                           0      0.0% of prev      0.0% of all
                  2. picked food up out there                   0      0.0% of prev      0.0% of all
                  3. turned for home with it                    0      0.0% of prev      0.0% of all
                  4. got back to the nest still holding it      0      0.0% of prev      0.0% of all
                  5. PUT IT DOWN there                          0      0.0% of prev      0.0% of all
                  6. went back out again                        0      0.0% of prev      0.0% of all
                  7. reached the food a SECOND time             0      0.0% of prev      0.0% of all
                RETURN LEDGER reached food    0 of   20 ants | came back    0 | trips laden    0 empty    0 | LOOPERS    0 of   20 ants ( 0.0% of those that reached food), repeat    0, most loops by one ant   0
                BY ANCHOR AT PICKUP  anchor ON nest material:    0 loops /    0 pickups (  0.0%) | anchor OFF it:    0 /    0 (  0.0%)
                BY BIRTH SITE  born ON comb:   0 of   0 that reached food looped (  0.0%) | born OFF comb:   0 of   0 (  0.0%)
                founded x   30..68   (nest cursor 48 MATERIAL x 26..70 20 of 20 founders born on it; food 248; nearest founder 180 cells out, farthest 218, nominal gap 200)  occupancy/1k [67 6 1 0 0 0 0 0]  carry->nest       0  born    0 died   20 (starved   20)
                own trail: route pk    0 end    0 along +0.0000  B nest->food [0,0,0,0,0]  blocked      335  kin swaps       0  ticks     12566  tumbles      3535 (homeward        0, 0.00%)  drops       0  DELIVERED     0  leg home n    0 med     0 p90     0 (laden n    0 med     0 p90     0)  appetite held         0 J of         0  trips born-on-comb    0 (20 ants) / born-off    0 (0 ants)
                channel A: PEAK amt  65535 cells  102 (of 201 route)  POLARITY|| +0.23391 && +0.23472 SPAN +0.02457 edge   6.4  end nest->food [11911,458,0,0,0]  nest   25  AtNest 39.11%
                Carrying: laden     11976  of which SPOIL     11976 (100.0%)
    DECISION CENSUS: 12917 decisions, reconciled against the rows and the engine's counters
      leg     setting          n  stepped    felllaunched swappedcrossingreversedblocked_roll_fairoll_fai no_body
      empty   pocket         787    21.6%   22.4%    0.0%    0.0%    0.0%    0.0%   10.5%   23.5%   22.0%    0.0%
      empty   corridor      1734    47.1%    4.1%    0.0%    0.0%    0.0%    0.0%    1.2%   24.0%   23.6%    0.0%
      empty   junction      6164    36.2%    6.2%    0.0%    0.0%    0.0%    0.0%    0.9%   28.8%   28.0%    0.0%
      empty   open          1931    38.5%    6.9%    0.0%    0.0%    0.0%    0.0%    0.0%   28.0%   26.5%    0.0%
      spoil   pocket         995    30.4%    0.5%    0.0%    0.0%    0.0%    0.0%   25.1%   20.7%   23.3%    0.0%
      spoil   corridor       363    42.7%    0.0%    0.0%    0.0%    0.0%    0.0%   11.0%   25.9%   20.4%    0.0%
      spoil   junction       816    50.4%    0.9%    0.0%    0.0%    0.0%    0.0%    5.9%   20.3%   22.5%    0.0%
      spoil   open           127    50.4%    1.6%    0.0%    0.0%    0.0%    0.0%    0.0%   17.3%   30.7%    0.0%
    DECISIONS: rows not written (decisionnorows)
  200   20  self    0/0            0        0     4566        0        0    0/20        0         18 2 0 0 0
                A READ  ant-readable homeward along >= 0.02 on  24.0% of route-cell samples | FOODWARD   0.9% | plane lit on  27.6% | peak amt  65535 cells  62
                THE LOOP, ANT BY ANT:
                  0. lived                                     20    100.0% of prev    100.0% of all
                  1. reached the food                           0      0.0% of prev      0.0% of all
                  2. picked food up out there                   0      0.0% of prev      0.0% of all
                  3. turned for home with it                    0      0.0% of prev      0.0% of all
                  4. got back to the nest still holding it      0      0.0% of prev      0.0% of all
                  5. PUT IT DOWN there                          0      0.0% of prev      0.0% of all
                  6. went back out again                        0      0.0% of prev      0.0% of all
                  7. reached the food a SECOND time             0      0.0% of prev      0.0% of all
                RETURN LEDGER reached food    0 of   20 ants | came back    0 | trips laden    0 empty    0 | LOOPERS    0 of   20 ants ( 0.0% of those that reached food), repeat    0, most loops by one ant   0
                BY ANCHOR AT PICKUP  anchor ON nest material:    0 loops /    0 pickups (  0.0%) | anchor OFF it:    0 /    0 (  0.0%)
                BY BIRTH SITE  born ON comb:   0 of   0 that reached food looped (  0.0%) | born OFF comb:   0 of   0 (  0.0%)
                founded x   30..68   (nest cursor 48 MATERIAL x 26..70 20 of 20 founders born on it; food 248; nearest founder 180 cells out, farthest 218, nominal gap 200)  occupancy/1k [73 3 0 0 0 0 0 0]  carry->nest       0  born    0 died   20 (starved   20)
                own trail: route pk    0 end    0 along +0.0000  B nest->food [0,0,0,0,0]  blocked      496  kin swaps       0  ticks     12917  tumbles      3900 (homeward        0, 0.00%)  drops       0  DELIVERED     0  leg home n    0 med     0 p90     0 (laden n    0 med     0 p90     0)  appetite held         0 J of         0  trips born-on-comb    0 (20 ants) / born-off    0 (0 ants)
                channel A: PEAK amt  65535 cells   62 (of 201 route)  POLARITY|| +0.25768 && +0.25778 SPAN +0.02417 edge   6.0  end nest->food [11668,280,0,0,0]  nest   25  AtNest 37.30%
                Carrying: laden     13806  of which SPOIL     13806 (100.0%)
    DECISION CENSUS: 12643 decisions, reconciled against the rows and the engine's counters
      leg     setting          n  stepped    felllaunched swappedcrossingreversedblocked_roll_fairoll_fai no_body
      empty   pocket         752    16.8%   29.3%    0.0%    0.0%    0.0%    0.0%    7.6%   23.7%   22.7%    0.0%
      empty   corridor      1442    45.2%    4.9%    0.0%    0.0%    0.0%    0.0%    1.8%   23.1%   25.0%    0.0%
      empty   junction      6022    38.5%    6.3%    0.0%    0.0%    0.0%    0.0%    1.1%   27.2%   27.0%    0.0%
      empty   open          1900    43.9%    9.1%    0.0%    0.0%    0.0%    0.0%    0.0%   22.7%   24.4%    0.0%
      spoil   pocket        1192    29.1%    1.2%    0.0%    0.0%    0.0%    0.0%   22.9%   21.9%   24.9%    0.0%
      spoil   corridor       409    40.8%    0.7%    0.0%    0.0%    0.0%    0.0%   10.5%   23.7%   24.2%    0.0%
      spoil   junction       802    48.5%    1.7%    0.0%    0.0%    0.0%    0.0%    4.2%   21.9%   23.6%    0.0%
      spoil   open           124    53.2%    3.2%    0.0%    0.0%    0.0%    0.0%    0.0%   20.2%   23.4%    0.0%
    DECISIONS: rows not written (decisionnorows)
  200   21  self    0/0            0        0     4638        0        0    0/20        0         20 0 0 0 0
                A READ  ant-readable homeward along >= 0.02 on  24.1% of route-cell samples | FOODWARD   0.8% | plane lit on  26.4% | peak amt  65535 cells  55
                THE LOOP, ANT BY ANT:
                  0. lived                                     20    100.0% of prev    100.0% of all
                  1. reached the food                           0      0.0% of prev      0.0% of all
                  2. picked food up out there                   0      0.0% of prev      0.0% of all
                  3. turned for home with it                    0      0.0% of prev      0.0% of all
                  4. got back to the nest still holding it      0      0.0% of prev      0.0% of all
                  5. PUT IT DOWN there                          0      0.0% of prev      0.0% of all
                  6. went back out again                        0      0.0% of prev      0.0% of all
                  7. reached the food a SECOND time             0      0.0% of prev      0.0% of all
                RETURN LEDGER reached food    0 of   20 ants | came back    0 | trips laden    0 empty    0 | LOOPERS    0 of   20 ants ( 0.0% of those that reached food), repeat    0, most loops by one ant   0
                BY ANCHOR AT PICKUP  anchor ON nest material:    0 loops /    0 pickups (  0.0%) | anchor OFF it:    0 /    0 (  0.0%)
                BY BIRTH SITE  born ON comb:   0 of   0 that reached food looped (  0.0%) | born OFF comb:   0 of   0 (  0.0%)
                founded x   30..68   (nest cursor 48 MATERIAL x 26..70 20 of 20 founders born on it; food 248; nearest founder 180 cells out, farthest 218, nominal gap 200)  occupancy/1k [72 3 0 0 0 0 0 0]  carry->nest       0  born    0 died   20 (starved   20)
                own trail: route pk    0 end    0 along +0.0000  B nest->food [0,0,0,0,0]  blocked      498  kin swaps       0  ticks     12643  tumbles      3636 (homeward        0, 0.00%)  drops       0  DELIVERED     0  leg home n    0 med     0 p90     0 (laden n    0 med     0 p90     0)  appetite held         0 J of         0  trips born-on-comb    0 (20 ants) / born-off    0 (0 ants)
                channel A: PEAK amt  65535 cells   55 (of 201 route)  POLARITY|| +0.26769 && +0.25884 SPAN +0.02097 edge   6.0  end nest->food [11644,212,0,0,0]  nest   25  AtNest 36.40%
                Carrying: laden     15162  of which SPOIL     15162 (100.0%)
    DECISION CENSUS: 12312 decisions, reconciled against the rows and the engine's counters
      leg     setting          n  stepped    felllaunched swappedcrossingreversedblocked_roll_fairoll_fai no_body
      empty   pocket         464    12.9%   36.6%    0.0%    0.0%    0.0%    0.0%    4.5%   21.3%   24.6%    0.0%
      empty   corridor      1573    45.7%    3.6%    0.0%    0.0%    0.0%    0.0%    2.1%   24.5%   24.2%    0.0%
      empty   junction      6164    39.9%    5.6%    0.0%    0.0%    0.0%    0.0%    1.3%   26.6%   26.7%    0.0%
      empty   open          2332    44.9%    7.9%    0.0%    0.0%    0.0%    0.0%    0.0%   23.3%   23.8%    0.0%
      spoil   pocket         179    24.6%    2.2%    0.0%    0.0%    0.0%    0.0%   26.3%   22.9%   24.0%    0.0%
      spoil   corridor       339    35.4%    0.9%    0.0%    0.0%    0.0%    0.0%   16.2%   23.9%   23.6%    0.0%
      spoil   junction      1069    46.3%    0.9%    0.0%    0.0%    0.0%    0.0%    7.0%   22.2%   23.6%    0.0%
      spoil   open           192    52.6%    1.0%    0.0%    0.0%    0.0%    0.0%    0.0%   24.0%   22.4%    0.0%
    DECISIONS: rows not written (decisionnorows)
  200   22  self    0/0            0        0     3966        0        0    0/20        0         19 1 0 0 0
                A READ  ant-readable homeward along >= 0.02 on  25.8% of route-cell samples | FOODWARD   0.8% | plane lit on  29.4% | peak amt  65535 cells  70
                THE LOOP, ANT BY ANT:
                  0. lived                                     20    100.0% of prev    100.0% of all
                  1. reached the food                           0      0.0% of prev      0.0% of all
                  2. picked food up out there                   0      0.0% of prev      0.0% of all
                  3. turned for home with it                    0      0.0% of prev      0.0% of all
                  4. got back to the nest still holding it      0      0.0% of prev      0.0% of all
                  5. PUT IT DOWN there                          0      0.0% of prev      0.0% of all
                  6. went back out again                        0      0.0% of prev      0.0% of all
                  7. reached the food a SECOND time             0      0.0% of prev      0.0% of all
                RETURN LEDGER reached food    0 of   20 ants | came back    0 | trips laden    0 empty    0 | LOOPERS    0 of   20 ants ( 0.0% of those that reached food), repeat    0, most loops by one ant   0
                BY ANCHOR AT PICKUP  anchor ON nest material:    0 loops /    0 pickups (  0.0%) | anchor OFF it:    0 /    0 (  0.0%)
                BY BIRTH SITE  born ON comb:   0 of   0 that reached food looped (  0.0%) | born OFF comb:   0 of   0 (  0.0%)
                founded x   30..68   (nest cursor 48 MATERIAL x 26..70 20 of 20 founders born on it; food 248; nearest founder 180 cells out, farthest 218, nominal gap 200)  occupancy/1k [68 5 0 0 0 0 0 0]  carry->nest       0  born    0 died   20 (starved   20)
                own trail: route pk    0 end    0 along +0.0000  B nest->food [0,0,0,0,0]  blocked      309  kin swaps       0  ticks     12312  tumbles      3379 (homeward        0, 0.00%)  drops       0  DELIVERED     0  leg home n    0 med     0 p90     0 (laden n    0 med     0 p90     0)  appetite held         0 J of         0  trips born-on-comb    0 (20 ants) / born-off    0 (0 ants)
                channel A: PEAK amt  65535 cells   70 (of 201 route)  POLARITY|| +0.24420 && +0.24441 SPAN +0.01747 edge   6.0  end nest->food [12357,500,0,0,0]  nest   25  AtNest 41.56%
                Carrying: laden     10674  of which SPOIL     10674 (100.0%)
    DECISION CENSUS: 12964 decisions, reconciled against the rows and the engine's counters
      leg     setting          n  stepped    felllaunched swappedcrossingreversedblocked_roll_fairoll_fai no_body
      empty   pocket         533    16.3%   35.5%    0.0%    0.0%    0.0%    0.0%    6.0%   19.5%   22.7%    0.0%
      empty   corridor      2084    48.3%    3.0%    0.0%    0.0%    0.0%    0.0%    1.0%   24.7%   23.0%    0.0%
      empty   junction      5968    38.5%    6.1%    0.0%    0.0%    0.0%    0.0%    0.9%   27.8%   26.7%    0.0%
      empty   open          2262    43.1%    9.6%    0.0%    0.0%    0.0%    0.0%    0.0%   23.3%   23.9%    0.0%
      spoil   pocket         849    28.2%    1.1%    0.0%    0.0%    0.0%    0.0%   23.1%   23.3%   24.4%    0.0%
      spoil   corridor       385    36.9%    1.0%    0.0%    0.0%    0.0%    0.0%   12.7%   27.3%   22.1%    0.0%
      spoil   junction       769    45.3%    0.7%    0.0%    0.0%    0.0%    0.0%    4.0%   25.4%   24.7%    0.0%
      spoil   open           114    50.0%    6.1%    0.0%    0.0%    0.0%    0.0%    0.0%   24.6%   19.3%    0.0%
    DECISIONS: rows not written (decisionnorows)
  200   23  self    0/0            0        0     4470        0        0    0/20        0         17 3 0 0 0
                A READ  ant-readable homeward along >= 0.02 on  28.4% of route-cell samples | FOODWARD   0.9% | plane lit on  32.1% | peak amt  65535 cells  87
                THE LOOP, ANT BY ANT:
                  0. lived                                     20    100.0% of prev    100.0% of all
                  1. reached the food                           0      0.0% of prev      0.0% of all
                  2. picked food up out there                   0      0.0% of prev      0.0% of all
                  3. turned for home with it                    0      0.0% of prev      0.0% of all
                  4. got back to the nest still holding it      0      0.0% of prev      0.0% of all
                  5. PUT IT DOWN there                          0      0.0% of prev      0.0% of all
                  6. went back out again                        0      0.0% of prev      0.0% of all
                  7. reached the food a SECOND time             0      0.0% of prev      0.0% of all
                RETURN LEDGER reached food    0 of   20 ants | came back    0 | trips laden    0 empty    0 | LOOPERS    0 of   20 ants ( 0.0% of those that reached food), repeat    0, most loops by one ant   0
                BY ANCHOR AT PICKUP  anchor ON nest material:    0 loops /    0 pickups (  0.0%) | anchor OFF it:    0 /    0 (  0.0%)
                BY BIRTH SITE  born ON comb:   0 of   0 that reached food looped (  0.0%) | born OFF comb:   0 of   0 (  0.0%)
                founded x   30..68   (nest cursor 48 MATERIAL x 26..70 20 of 20 founders born on it; food 248; nearest founder 180 cells out, farthest 218, nominal gap 200)  occupancy/1k [68 6 2 0 0 0 0 0]  carry->nest       0  born    0 died   20 (starved   20)
                own trail: route pk    0 end    0 along +0.0000  B nest->food [0,0,0,0,0]  blocked      384  kin swaps       0  ticks     12964  tumbles      3713 (homeward        0, 0.00%)  drops       0  DELIVERED     0  leg home n    0 med     0 p90     0 (laden n    0 med     0 p90     0)  appetite held         0 J of         0  trips born-on-comb    0 (20 ants) / born-off    0 (0 ants)
                channel A: PEAK amt  65535 cells   87 (of 201 route)  POLARITY|| +0.23319 && +0.23390 SPAN +0.01232 edge   6.0  end nest->food [11673,637,0,0,0]  nest   25  AtNest 34.16%
                Carrying: laden     12702  of which SPOIL     12702 (100.0%)
    DECISION CENSUS: 12011 decisions, reconciled against the rows and the engine's counters
      leg     setting          n  stepped    felllaunched swappedcrossingreversedblocked_roll_fairoll_fai no_body
      empty   pocket         580    16.7%   35.2%    0.0%    0.0%    0.0%    0.0%    7.6%   20.0%   20.5%    0.0%
      empty   corridor      1414    46.1%    4.3%    0.0%    0.0%    0.0%    0.0%    1.1%   23.7%   24.8%    0.0%
      empty   junction      5927    37.5%    5.6%    0.0%    0.0%    0.0%    0.0%    0.8%   27.4%   28.7%    0.0%
      empty   open          1886    39.6%    8.5%    0.0%    0.0%    0.0%    0.0%    0.0%   26.0%   25.9%    0.0%
      spoil   pocket         765    30.7%    0.9%    0.0%    0.0%    0.0%    0.0%   22.5%   23.4%   22.5%    0.0%
      spoil   corridor       530    42.6%    1.1%    0.0%    0.0%    0.0%    0.0%   12.8%   22.5%   20.9%    0.0%
      spoil   junction       792    49.0%    1.3%    0.0%    0.0%    0.0%    0.0%    6.2%   22.2%   21.3%    0.0%
      spoil   open           117    48.7%    2.6%    0.0%    0.0%    0.0%    0.0%    0.0%   23.9%   24.8%    0.0%
    DECISIONS: rows not written (decisionnorows)
  200   24  self    0/0            0        0     4518        0        0    0/20        0         17 2 1 0 0
                A READ  ant-readable homeward along >= 0.02 on  27.3% of route-cell samples | FOODWARD   2.1% | plane lit on  32.4% | peak amt  65535 cells 116
                THE LOOP, ANT BY ANT:
                  0. lived                                     20    100.0% of prev    100.0% of all
                  1. reached the food                           0      0.0% of prev      0.0% of all
                  2. picked food up out there                   0      0.0% of prev      0.0% of all
                  3. turned for home with it                    0      0.0% of prev      0.0% of all
                  4. got back to the nest still holding it      0      0.0% of prev      0.0% of all
                  5. PUT IT DOWN there                          0      0.0% of prev      0.0% of all
                  6. went back out again                        0      0.0% of prev      0.0% of all
                  7. reached the food a SECOND time             0      0.0% of prev      0.0% of all
                RETURN LEDGER reached food    0 of   20 ants | came back    0 | trips laden    0 empty    0 | LOOPERS    0 of   20 ants ( 0.0% of those that reached food), repeat    0, most loops by one ant   0
                BY ANCHOR AT PICKUP  anchor ON nest material:    0 loops /    0 pickups (  0.0%) | anchor OFF it:    0 /    0 (  0.0%)
                BY BIRTH SITE  born ON comb:   0 of   0 that reached food looped (  0.0%) | born OFF comb:   0 of   0 (  0.0%)
                founded x   30..68   (nest cursor 48 MATERIAL x 26..70 20 of 20 founders born on it; food 248; nearest founder 180 cells out, farthest 218, nominal gap 200)  occupancy/1k [65 5 0 0 0 0 0 0]  carry->nest       0  born    0 died   20 (starved   19)
                own trail: route pk    0 end    0 along +0.0000  B nest->food [0,0,0,0,0]  blocked      397  kin swaps       0  ticks     12012  tumbles      3465 (homeward        0, 0.00%)  drops       0  DELIVERED     0  leg home n    0 med     0 p90     0 (laden n    0 med     0 p90     0)  appetite held         0 J of         0  trips born-on-comb    0 (20 ants) / born-off    0 (0 ants)
                channel A: PEAK amt  65535 cells  116 (of 201 route)  POLARITY|| +0.23614 && +0.23880 SPAN +0.01074 edge   7.1  end nest->food [11623,444,0,0,0]  nest   25  AtNest 38.87%
                Carrying: laden     13230  of which SPOIL     13230 (100.0%)

  larder put out, over the whole sweep: 96000-96720 J, against a need near 46,800 J
    for 52 ants over 24,000 frames -- so these colonies are provisioned, not starved.
  intake off anything that is not the larder is ASSERTED to be 0 in every row, not printed.

  `self` vs `mute` is the real question: do the ants' OWN trails do anything?
  `visitors` is DISTINCT ants that reached the food over distinct ants that ever lived --
    recruitment, which `near` ant-ticks cannot see: 50 visitors and 1 resident read alike.
  `trips` is nest -> food -> nest, closed on the RETURN. `reach` buckets every ant by how
  `occupancy` is ant-ticks in 8 equal bands, NEST END FIRST, food end last -- a commuting
    colony is bimodal, a dispersing one slides its mass right, a homebody is a spike at 0.
  `carry->nest` is signed cells moved while holding larder, POSITIVE = homeward. Near zero
    means food is picked up and wandered with, which is a different fault from not finding it.
    far it ever got, as a share of the gap, so a commuting population is visible as a shape.
  `hand` vs `self` only says whether a laid ramp beats what they bootstrap.
  `hmute` is the DECAY BASELINE for `route pk`: our ramp laid, the ants silenced.
  `flatN`/`flatF` are the POLARITY metric's negative controls: a FLAT channel A blob over
    the nest half / the food half, ants' EmitA silenced. A field with no ramp in it at all.
    A correct metric reads 0 on both. POLARITY|| is predicted to read ~+0.12 and ~-0.12,
    which brackets every polarity figure in the report -- see `lay_flat`.
  `homeA` lays a channel A HOMING ramp and no food trail -- if laden ants only fail
    to route because they cannot find their way home, this is where their own B appears.
  `carry` is ant-ticks holding larder in the crop; `carry@nest` is those inside the +-26 nest band --
    that pair is the answer to "is food being carried back", which a cell census cannot give.
  `other J` must read 0 in every row: it is the check that `onlyfood` held.
  A gap where `alive` reaches 0 in every arm is measuring a dead colony, not a deaf one.
