  diet: larder=fruit onlyfood=on
  odometer A: recur=shipped emita=shipped biasa=shipped   odometer B: charb=shipped recurb=shipped emitb=shipped biasb=shipped carryb=shipped
trailfollow: mode=gap gate=shipped frames=24000 seeds=24 seed0=1 ants=20 relay=60 near=10 food=400 refill=400 stop=6000 homebias=shipped cropcap=shipped hungergate=shipped arho=shipped brho=shipped adiffuse=shipped arise=off/off tumble=shipped persist=shipped tumblegrad=shipped homewire=shipped
  gate shipped: off -45.0  on +0.5  along ±6.0
  breadoff=false decisioncsv=true dtag= COLONY_SPACING=2 STACK_DEPTH=4 layfrom=founders
  landed 2026-09-09: units 0/1 = b2 (off -45, on +0.5, along 6); units 2/3 = saturated (off -45, on +30, along 6). See open-bugs-handoff.md Z7.

  gap seed   arm     alive     ate J  arrive@    dead@    carry    @nest  visitors  trips reach 0-25-50-75-100
----- ---- ----- --------- --------- -------- -------- -------- -------- --------- ------ ------------------
    DECISION CENSUS: 69836 decisions, reconciled against the rows and the engine's counters
      C1 homeward re-roll: no_usable 120, bias_off 0, no_crop 23412, empty_crop 0, no_site 0, on_anchor 3322, roll_failed 2545, fired 1253, fired_haul 0
      C1 fired, aimed: toward 638, across 368, away 247
      C2 drop: roll_lost 11940, placed 0, delivered 1466, no_room 1652 -- no room on 53.0% of won rolls; handed on through bodies 0 (mean 0.0 steps)
      C3 cone: left 562, straight 6553, right 575; Turn nonzero on 1317 picks (largest |Turn| 7.63e-8), discarded on 887
      leg     setting          n  stepped    felllaunched swappedcrossingreversedblocked_roll_fairoll_fai no_body
      empty   pocket        2535     5.4%    4.9%    0.0%    0.0%    0.0%    0.0%    3.0%   43.7%   43.0%    0.0%
      empty   corridor     14734    12.2%    0.3%    0.0%    0.0%    0.0%    0.0%    0.1%   44.3%   43.0%    0.0%
      empty   junction     22309    13.1%    1.8%    0.0%    0.0%    0.0%    0.0%    0.2%   42.1%   42.8%    0.0%
      empty   open         10474     9.4%    2.2%    0.0%    0.0%    0.0%    0.0%    0.0%   43.4%   45.0%    0.0%
      laden   pocket         323     1.5%   15.8%    0.0%    0.0%    0.0%    0.0%    0.0%   41.5%   41.2%    0.0%
      laden   corridor      3187     9.9%    0.4%    0.0%    0.0%    0.0%    0.0%    0.3%   45.9%   43.5%    0.0%
      laden   junction     10997     6.8%    0.5%    0.0%    0.0%    0.0%    0.0%    0.2%   45.9%   46.6%    0.0%
      laden   open          1136    18.9%    2.4%    0.0%    0.0%    0.0%    0.0%    0.0%   39.7%   39.0%    0.0%
      spoil   pocket        2807     2.9%    0.3%    0.0%    0.0%    0.0%    0.0%    2.2%   47.9%   46.7%    0.0%
      spoil   corridor       612    40.0%    0.2%    0.0%    0.0%    0.0%    0.0%    1.6%   27.5%   30.7%    0.0%
      spoil   junction       548    33.2%    1.1%    0.0%    0.0%    0.0%    0.0%    3.1%   31.9%   30.7%    0.0%
      spoil   open           174    33.3%    2.3%    0.0%    0.0%    0.0%    0.0%    0.0%   30.5%   33.9%    0.0%
    DECISIONS: rows not written (decisionnorows)
   90    1  hand   13/13       12273     1320        0    93860    52862   17/20       13         2 1 0 17 0
                A READ  ant-readable homeward along >= 0.02 on  54.9% of route-cell samples | FOODWARD  28.5% | plane lit on  96.5% | peak amt  39454 cells  91
                THE LOOP, ANT BY ANT:
                  0. lived                                     20    100.0% of prev    100.0% of all
                  1. reached the food                          17     85.0% of prev     85.0% of all
                  2. picked food up out there                  17    100.0% of prev     85.0% of all
                  3. turned for home with it                   12     70.6% of prev     60.0% of all
                  4. got back to the nest still holding it     11     91.7% of prev     55.0% of all
                  5. PUT IT DOWN there                         11    100.0% of prev     55.0% of all
                  6. went back out again                        6     54.5% of prev     30.0% of all
                  7. reached the food a SECOND time             1     16.7% of prev      5.0% of all
                RETURN LEDGER reached food   17 of   20 ants | came back   13 | trips laden   11 empty    2 | LOOPERS   11 of   20 ants (64.7% of those that reached food), repeat    0, most loops by one ant   1
                BY ANCHOR AT PICKUP  anchor ON nest material:   11 loops /   24 pickups ( 45.8%) | anchor OFF it:    0 /    0 (  0.0%)
                BY BIRTH SITE  born ON comb:  11 of  17 that reached food looped ( 64.7%) | born OFF comb:   0 of   0 (  0.0%)
                LEGS legs[757,649,445,997,481,733,1123,1495,547,781,10153,637,12835] laden[757,649,445,997,481,733,1123,1495,547,781,637]
                founded x   30..68   (nest cursor 48 MATERIAL x 26..70 20 of 20 founders born on it; food 138; nearest founder 70 cells out, farthest 108, nominal gap 90)  occupancy/1k [5 23 216 15 14 111 22 9]  carry->nest    1028  born    0 died    7 (starved    7)
                own trail: route pk   69 end    2 along +0.0000  B nest->food [2106,5298,7641,10584,8308]  blocked      253  kin swaps       0  ticks     69836  tumbles     30652 (homeward     1253, 4.09%)  drops    1466  DELIVERED  1466  leg home n   13 med   757 p90 10153 (laden n   11 med   733 p90  1123)  appetite held         0 J of     51676  trips born-on-comb   13 (20 ants) / born-off    0 (0 ants)
                channel A: PEAK amt  39454 cells   91 (of 91 route)  POLARITY|| +0.07441 && +0.06942 SPAN -0.00579 edge   1.3  end nest->food [624,3614,1408,502,0]  nest   25  AtNest 25.24%
                Carrying: laden    118706  of which SPOIL     24990 ( 21.1%)
    DECISION CENSUS: 67333 decisions, reconciled against the rows and the engine's counters
      C1 homeward re-roll: no_usable 216, bias_off 0, no_crop 22395, empty_crop 0, no_site 0, on_anchor 3502, roll_failed 2438, fired 869, fired_haul 0
      C1 fired, aimed: toward 511, across 280, away 78
      C2 drop: roll_lost 10940, placed 0, delivered 1561, no_room 1678 -- no room on 51.8% of won rolls; handed on through bodies 0 (mean 0.0 steps)
      C3 cone: left 727, straight 6560, right 723; Turn nonzero on 1206 picks (largest |Turn| 7.63e-8), discarded on 648
      leg     setting          n  stepped    felllaunched swappedcrossingreversedblocked_roll_fairoll_fai no_body
      empty   pocket        3773     7.5%    6.1%    0.0%    0.0%    0.0%    0.0%    3.9%   43.4%   38.9%    0.0%
      empty   corridor      4881    17.1%    1.3%    0.0%    0.0%    0.0%    0.0%    0.8%   39.8%   40.9%    0.0%
      empty   junction     28534    12.5%    1.6%    0.0%    0.0%    0.0%    0.0%    0.3%   42.9%   42.7%    0.0%
      empty   open         10236    12.9%    2.5%    0.0%    0.0%    0.0%    0.0%    0.0%   42.1%   42.5%    0.0%
      laden   pocket        1545     0.3%    3.5%    0.0%    0.0%    0.0%    0.0%    0.3%   46.7%   49.3%    0.0%
      laden   corridor      5099     1.7%    0.3%    0.0%    0.0%    0.0%    0.0%    0.2%   48.7%   49.1%    0.0%
      laden   junction      7373     9.2%    1.2%    0.0%    0.0%    0.0%    0.0%    0.2%   45.7%   43.7%    0.0%
      laden   open           750    33.7%    4.4%    0.0%    0.0%    0.0%    0.0%    0.0%   28.1%   33.7%    0.0%
      spoil   pocket        2325    12.3%    0.7%    0.0%    0.0%    0.0%    0.0%    8.6%   39.5%   38.8%    0.0%
      spoil   corridor       842    37.4%    0.5%    0.0%    0.0%    0.0%    0.0%    1.9%   31.1%   29.1%    0.0%
      spoil   junction      1678    19.1%    0.8%    0.0%    0.0%    0.0%    0.0%    1.4%   38.7%   39.9%    0.0%
      spoil   open           297    24.6%    1.7%    0.0%    0.0%    0.0%    0.0%    0.0%   38.7%   35.0%    0.0%
    DECISIONS: rows not written (decisionnorows)
   90    2  hand   13/13       12764     1266        0    88604    51440   16/21       14         0 4 0 17 0
                A READ  ant-readable homeward along >= 0.02 on  60.8% of route-cell samples | FOODWARD  23.8% | plane lit on  96.6% | peak amt  40045 cells  91
                THE LOOP, ANT BY ANT:
                  0. lived                                     21    100.0% of prev    100.0% of all
                  1. reached the food                          16     76.2% of prev     76.2% of all
                  2. picked food up out there                  15     93.8% of prev     71.4% of all
                  3. turned for home with it                   11     73.3% of prev     52.4% of all
                  4. got back to the nest still holding it     10     90.9% of prev     47.6% of all
                  5. PUT IT DOWN there                         10    100.0% of prev     47.6% of all
                  6. went back out again                        4     40.0% of prev     19.0% of all
                  7. reached the food a SECOND time             2     50.0% of prev      9.5% of all
                RETURN LEDGER reached food   16 of   21 ants | came back   13 | trips laden    7 empty    7 | LOOPERS    6 of   21 ants (37.5% of those that reached food), repeat    1, most loops by one ant   2
                BY ANCHOR AT PICKUP  anchor ON nest material:    7 loops /   20 pickups ( 35.0%) | anchor OFF it:    0 /    1 (  0.0%)
                BY BIRTH SITE  born ON comb:   6 of  15 that reached food looped ( 40.0%) | born OFF comb:   0 of   1 (  0.0%)
                LEGS legs[763,1345,1567,1105,1633,619,1777,5113,4831,7441,6619,3607,3253,3187] laden[763,1345,1567,1105,1633,619,1777]
                founded x   30..68   (nest cursor 48 MATERIAL x 26..70 20 of 21 founders born on it; food 138; nearest founder 70 cells out, farthest 108, nominal gap 90)  occupancy/1k [3 110 134 14 29 40 54 15]  carry->nest     746  born    1 died    8 (starved    6)
                own trail: route pk   71 end   14 along -0.0002  B nest->food [2106,5449,7641,10418,8308]  blocked      542  kin swaps       0  ticks     67335  tumbles     29420 (homeward      869, 2.95%)  drops    1561  DELIVERED  1561  leg home n   14 med  3187 p90  6619 (laden n    7 med  1345 p90  1633)  appetite held         0 J of     48724  trips born-on-comb   14 (20 ants) / born-off    0 (1 ants)
                channel A: PEAK amt  40045 cells   91 (of 91 route)  POLARITY|| +0.09371 && +0.08823 SPAN -0.00538 edge   1.4  end nest->food [1839,8870,2547,959,0]  nest   25  AtNest 24.80%
                Carrying: laden    119457  of which SPOIL     34999 ( 29.3%)
    DECISION CENSUS: 75138 decisions, reconciled against the rows and the engine's counters
      C1 homeward re-roll: no_usable 108, bias_off 0, no_crop 22965, empty_crop 0, no_site 0, on_anchor 5368, roll_failed 2452, fired 2132, fired_haul 0
      C1 fired, aimed: toward 1747, across 355, away 30
      C2 drop: roll_lost 15645, placed 0, delivered 1930, no_room 2971 -- no room on 60.6% of won rolls; handed on through bodies 0 (mean 0.0 steps)
      C3 cone: left 689, straight 6313, right 734; Turn nonzero on 1381 picks (largest |Turn| 7.63e-8), discarded on 689
      leg     setting          n  stepped    felllaunched swappedcrossingreversedblocked_roll_fairoll_fai no_body
      empty   pocket        1226     6.2%   13.2%    0.0%    0.0%    0.0%    0.0%    2.4%   37.8%   40.4%    0.0%
      empty   corridor      6568    12.3%    1.3%    0.0%    0.0%    0.0%    0.0%    0.2%   42.8%   43.4%    0.0%
      empty   junction     32177    10.6%    1.7%    0.0%    0.0%    0.0%    0.0%    0.2%   43.6%   43.9%    0.0%
      empty   open         10640    13.6%    3.2%    0.0%    0.0%    0.0%    0.0%    0.0%   41.3%   41.9%    0.0%
      laden   pocket        3333     1.0%    2.0%    0.0%    0.0%    0.0%    0.0%    0.0%   49.7%   47.3%    0.0%
      laden   corridor      3980     8.4%    0.4%    0.0%    0.0%    0.0%    0.0%    0.1%   44.0%   47.1%    0.0%
      laden   junction     12489     7.3%    0.6%    0.0%    0.0%    0.0%    0.0%    0.1%   46.5%   45.4%    0.0%
      laden   open          1916    18.2%    1.8%    0.0%    0.0%    0.0%    0.0%    0.0%   39.9%   40.1%    0.0%
      spoil   pocket        1810     2.7%    0.2%    0.0%    0.0%    0.0%    0.0%    2.4%   47.0%   47.6%    0.0%
      spoil   corridor       325    20.3%    0.9%    0.0%    0.0%    0.0%    0.0%    4.0%   39.1%   35.7%    0.0%
      spoil   junction       512    35.0%    2.9%    0.0%    0.0%    0.0%    0.0%    2.1%   27.5%   32.4%    0.0%
      spoil   open           162    42.6%    3.1%    0.0%    0.0%    0.0%    0.0%    0.0%   25.3%   29.0%    0.0%
    DECISIONS: rows not written (decisionnorows)
   90    3  hand   18/17       17550      978        0   131203    94363   16/22       22         2 4 0 16 0
                A READ  ant-readable homeward along >= 0.02 on  56.1% of route-cell samples | FOODWARD  27.6% | plane lit on  98.3% | peak amt  34070 cells  91
                THE LOOP, ANT BY ANT:
                  0. lived                                     22    100.0% of prev    100.0% of all
                  1. reached the food                          16     72.7% of prev     72.7% of all
                  2. picked food up out there                  16    100.0% of prev     72.7% of all
                  3. turned for home with it                   15     93.8% of prev     68.2% of all
                  4. got back to the nest still holding it     15    100.0% of prev     68.2% of all
                  5. PUT IT DOWN there                         15    100.0% of prev     68.2% of all
                  6. went back out again                       12     80.0% of prev     54.5% of all
                  7. reached the food a SECOND time             6     50.0% of prev     27.3% of all
                RETURN LEDGER reached food   16 of   22 ants | came back   16 | trips laden   16 empty    6 | LOOPERS   13 of   22 ants (81.2% of those that reached food), repeat    3, most loops by one ant   2
                BY ANCHOR AT PICKUP  anchor ON nest material:   16 loops /   25 pickups ( 64.0%) | anchor OFF it:    0 /    0 (  0.0%)
                BY BIRTH SITE  born ON comb:  13 of  16 that reached food looped ( 81.2%) | born OFF comb:   0 of   0 (  0.0%)
                LEGS legs[553,625,607,949,859,649,529,739,655,601,1021,655,763,625,547,1729,7825,7705,6637,9391,1339,8821] laden[553,625,607,949,859,649,529,739,655,601,1021,655,763,625,547,1339]
                founded x   30..68   (nest cursor 48 MATERIAL x 26..70 20 of 22 founders born on it; food 138; nearest founder 70 cells out, farthest 108, nominal gap 90)  occupancy/1k [5 90 207 11 25 49 55 7]  carry->nest    1169  born    2 died    4 (starved    1)
                own trail: route pk   72 end   12 along -0.0099  B nest->food [2106,6116,7814,10608,8308]  blocked      195  kin swaps       0  ticks     75141  tumbles     33025 (homeward     2132, 6.46%)  drops    1930  DELIVERED  1930  leg home n   22 med   763 p90  7825 (laden n   16 med   655 p90  1021)  appetite held         0 J of     72149  trips born-on-comb   22 (20 ants) / born-off    0 (2 ants)
                channel A: PEAK amt  34070 cells   91 (of 91 route)  POLARITY|| +0.05735 && +0.05464 SPAN -0.00696 edge   0.4  end nest->food [895,4602,2419,1308,3]  nest   25  AtNest 29.58%
                Carrying: laden    148060  of which SPOIL     38137 ( 25.8%)
    DECISION CENSUS: 59308 decisions, reconciled against the rows and the engine's counters
      C1 homeward re-roll: no_usable 99, bias_off 0, no_crop 18573, empty_crop 0, no_site 0, on_anchor 4741, roll_failed 1223, fired 1523, fired_haul 0
      C1 fired, aimed: toward 1006, across 454, away 63
      C2 drop: roll_lost 11342, placed 0, delivered 1392, no_room 2890 -- no room on 67.5% of won rolls; handed on through bodies 0 (mean 0.0 steps)
      C3 cone: left 624, straight 5016, right 574; Turn nonzero on 794 picks (largest |Turn| 3.08e-2), discarded on 413
      leg     setting          n  stepped    felllaunched swappedcrossingreversedblocked_roll_fairoll_fai no_body
      empty   pocket        5614     1.7%    2.5%    0.0%    0.0%    0.0%    0.0%    0.9%   47.3%   47.5%    0.0%
      empty   corridor      2602    26.3%    2.5%    0.0%    0.0%    0.0%    0.0%    0.3%   34.5%   36.4%    0.0%
      empty   junction     19593    14.1%    1.8%    0.0%    0.0%    0.0%    0.0%    0.2%   42.1%   41.8%    0.0%
      empty   open         13526     7.2%    1.6%    0.0%    0.0%    0.0%    0.0%    0.0%   45.7%   45.4%    0.0%
      laden   pocket        2330     0.8%    4.4%    0.0%    0.0%    0.0%    0.0%    0.0%   47.3%   47.5%    0.0%
      laden   corridor      2818     7.9%    0.6%    0.0%    0.0%    0.0%    0.0%    0.0%   45.1%   46.4%    0.0%
      laden   junction      9109     9.2%    0.8%    0.0%    0.0%    0.0%    0.0%    0.2%   45.2%   44.6%    0.0%
      laden   open          2262    10.7%    1.2%    0.0%    0.0%    0.0%    0.0%    0.0%   44.6%   43.5%    0.0%
      spoil   pocket         467     7.7%    1.1%    0.0%    0.0%    0.0%    0.0%    7.5%   42.6%   41.1%    0.0%
      spoil   corridor       292    41.1%    0.7%    0.0%    0.0%    0.0%    0.0%    2.1%   25.3%   30.8%    0.0%
      spoil   junction       573    30.9%    0.9%    0.0%    0.0%    0.0%    0.0%    1.9%   34.6%   31.8%    0.0%
      spoil   open           122    27.9%    1.6%    0.0%    0.0%    0.0%    0.0%    0.0%   29.5%   41.0%    0.0%
    DECISIONS: rows not written (decisionnorows)
   90    4  hand   12/12       12952      996        0    99121    83245   16/21       17         1 4 0 16 0
                A READ  ant-readable homeward along >= 0.02 on  63.6% of route-cell samples | FOODWARD  24.8% | plane lit on  98.0% | peak amt  36410 cells  91
                THE LOOP, ANT BY ANT:
                  0. lived                                     21    100.0% of prev    100.0% of all
                  1. reached the food                          16     76.2% of prev     76.2% of all
                  2. picked food up out there                  15     93.8% of prev     71.4% of all
                  3. turned for home with it                   14     93.3% of prev     66.7% of all
                  4. got back to the nest still holding it     14    100.0% of prev     66.7% of all
                  5. PUT IT DOWN there                         14    100.0% of prev     66.7% of all
                  6. went back out again                        9     64.3% of prev     42.9% of all
                  7. reached the food a SECOND time             4     44.4% of prev     19.0% of all
                RETURN LEDGER reached food   16 of   21 ants | came back   14 | trips laden   17 empty    0 | LOOPERS   14 of   21 ants (87.5% of those that reached food), repeat    3, most loops by one ant   2
                BY ANCHOR AT PICKUP  anchor ON nest material:   17 loops /   18 pickups ( 94.4%) | anchor OFF it:    0 /    0 (  0.0%)
                BY BIRTH SITE  born ON comb:  14 of  16 that reached food looped ( 87.5%) | born OFF comb:   0 of   0 (  0.0%)
                LEGS legs[637,649,637,739,937,559,511,643,721,541,679,1561,469,2335,823,775,1423] laden[637,649,637,739,937,559,511,643,721,541,679,1561,469,2335,823,775,1423]
                founded x   30..68   (nest cursor 48 MATERIAL x 26..70 20 of 21 founders born on it; food 138; nearest founder 70 cells out, farthest 108, nominal gap 90)  occupancy/1k [3 107 168 15 15 20 21 4]  carry->nest    1052  born    1 died    9 (starved    6)
                own trail: route pk   49 end   10 along -0.0002  B nest->food [2106,5771,7779,10469,8308]  blocked      168  kin swaps       0  ticks     59311  tumbles     26159 (homeward     1523, 5.82%)  drops    1392  DELIVERED  1392  leg home n   17 med   679 p90  1423 (laden n   17 med   679 p90  1423)  appetite held         0 J of     54542  trips born-on-comb   17 (20 ants) / born-off    0 (1 ants)
                channel A: PEAK amt  36410 cells   91 (of 91 route)  POLARITY|| +0.07857 && +0.07502 SPAN -0.00434 edge   0.8  end nest->food [1123,4709,2343,853,0]  nest   25  AtNest 37.93%
                Carrying: laden    107845  of which SPOIL      9798 (  9.1%)
    DECISION CENSUS: 52409 decisions, reconciled against the rows and the engine's counters
      C1 homeward re-roll: no_usable 127, bias_off 0, no_crop 17398, empty_crop 0, no_site 0, on_anchor 885, roll_failed 2468, fired 757, fired_haul 0
      C1 fired, aimed: toward 280, across 297, away 180
      C2 drop: roll_lost 8711, placed 0, delivered 525, no_room 347 -- no room on 39.8% of won rolls; handed on through bodies 0 (mean 0.0 steps)
      C3 cone: left 755, straight 6537, right 721; Turn nonzero on 1168 picks (largest |Turn| 7.63e-8), discarded on 732
      leg     setting          n  stepped    felllaunched swappedcrossingreversedblocked_roll_fairoll_fai no_body
      empty   pocket        3080     4.2%    7.7%    0.0%    0.0%    0.0%    0.0%    2.2%   41.8%   44.1%    0.0%
      empty   corridor      3995    23.7%    1.7%    0.0%    0.0%    0.0%    0.0%    0.6%   36.9%   37.1%    0.0%
      empty   junction     21614    16.2%    2.4%    0.0%    0.0%    0.0%    0.0%    0.3%   40.3%   40.8%    0.0%
      empty   open         10761    12.7%    3.0%    0.0%    0.0%    0.0%    0.0%    0.0%   42.1%   42.2%    0.0%
      laden   pocket        1134     0.9%    4.3%    0.0%    0.0%    0.0%    0.0%    0.4%   49.3%   45.1%    0.0%
      laden   corridor      2737    11.5%    0.5%    0.0%    0.0%    0.0%    0.0%    0.3%   42.4%   45.3%    0.0%
      laden   junction      5006    15.3%    1.4%    0.0%    0.0%    0.0%    0.0%    0.3%   42.3%   40.6%    0.0%
      laden   open           785    28.8%    4.3%    0.0%    0.0%    0.0%    0.0%    0.0%   33.0%   33.9%    0.0%
      spoil   pocket        1424    16.3%    0.4%    0.0%    0.0%    0.0%    0.0%   11.3%   35.5%   36.5%    0.0%
      spoil   corridor       498    45.6%    0.2%    0.0%    0.0%    0.0%    0.0%    2.2%   25.5%   26.5%    0.0%
      spoil   junction      1138    20.4%    0.4%    0.0%    0.0%    0.0%    0.0%    2.2%   38.1%   38.8%    0.0%
      spoil   open           237    24.9%    0.8%    0.0%    0.0%    0.0%    0.0%    0.0%   35.0%   39.2%    0.0%
    DECISIONS: rows not written (decisionnorows)
   90    5  hand    0/0         8259      990    20682    57972    21408   17/21       22         0 2 2 17 0
                A READ  ant-readable homeward along >= 0.02 on  61.2% of route-cell samples | FOODWARD  25.7% | plane lit on  97.7% | peak amt  45088 cells  91
                THE LOOP, ANT BY ANT:
                  0. lived                                     21    100.0% of prev    100.0% of all
                  1. reached the food                          17     81.0% of prev     81.0% of all
                  2. picked food up out there                  16     94.1% of prev     76.2% of all
                  3. turned for home with it                   16    100.0% of prev     76.2% of all
                  4. got back to the nest still holding it     16    100.0% of prev     76.2% of all
                  5. PUT IT DOWN there                         16    100.0% of prev     76.2% of all
                  6. went back out again                       11     68.8% of prev     52.4% of all
                  7. reached the food a SECOND time             7     63.6% of prev     33.3% of all
                RETURN LEDGER reached food   17 of   21 ants | came back   17 | trips laden   11 empty   11 | LOOPERS   10 of   21 ants (58.8% of those that reached food), repeat    1, most loops by one ant   2
                BY ANCHOR AT PICKUP  anchor ON nest material:   11 loops /   24 pickups ( 45.8%) | anchor OFF it:    0 /    0 (  0.0%)
                BY BIRTH SITE  born ON comb:  10 of  17 that reached food looped ( 58.8%) | born OFF comb:   0 of   0 (  0.0%)
                LEGS legs[883,595,649,595,577,661,499,961,1621,775,1717,2401,2065,6847,4693,5809,3253,4993,5143,4333,5815,6013] laden[883,595,649,595,577,661,499,961,1621,775,2065]
                founded x   30..68   (nest cursor 48 MATERIAL x 26..70 20 of 21 founders born on it; food 138; nearest founder 70 cells out, farthest 108, nominal gap 90)  occupancy/1k [7 100 88 15 43 19 31 7]  carry->nest    1122  born    1 died   21 (starved   16)
                own trail: route pk   69 end    0 along +0.0000  B nest->food [2106,5136,7778,10704,8308]  blocked      377  kin swaps       0  ticks     52414  tumbles     21635 (homeward      757, 3.50%)  drops     525  DELIVERED   525  leg home n   22 med  2065 p90  5815 (laden n   11 med   661 p90  1621)  appetite held         0 J of     32001  trips born-on-comb   22 (21 ants) / born-off    0 (0 ants)
                channel A: PEAK amt  45088 cells   91 (of 91 route)  POLARITY|| +0.07653 && +0.07277 SPAN -0.00405 edge   1.1  end nest->food [1266,8383,2534,590,0]  nest   25  AtNest 22.39%
                Carrying: laden     77754  of which SPOIL     20304 ( 26.1%)
    DECISION CENSUS: 58452 decisions, reconciled against the rows and the engine's counters
      C1 homeward re-roll: no_usable 140, bias_off 0, no_crop 18573, empty_crop 0, no_site 0, on_anchor 2826, roll_failed 1596, fired 998, fired_haul 0
      C1 fired, aimed: toward 552, across 220, away 226
      C2 drop: roll_lost 9639, placed 0, delivered 1335, no_room 792 -- no room on 37.2% of won rolls; handed on through bodies 0 (mean 0.0 steps)
      C3 cone: left 750, straight 7800, right 690; Turn nonzero on 1287 picks (largest |Turn| 7.63e-8), discarded on 1002
      leg     setting          n  stepped    felllaunched swappedcrossingreversedblocked_roll_fairoll_fai no_body
      empty   pocket        3347     7.2%    7.8%    0.0%    0.0%    0.0%    0.0%    4.7%   39.6%   40.8%    0.0%
      empty   corridor      6533    28.0%    1.3%    0.0%    0.0%    0.0%    0.0%    0.5%   35.0%   35.2%    0.0%
      empty   junction     23750    15.8%    2.5%    0.0%    0.0%    0.0%    0.0%    0.3%   40.7%   40.7%    0.0%
      empty   open          8626    15.0%    2.3%    0.0%    0.0%    0.0%    0.0%    0.0%   41.4%   41.3%    0.0%
      laden   pocket        1231     1.5%    7.5%    0.0%    0.0%    0.0%    0.0%    0.0%   42.1%   48.9%    0.0%
      laden   corridor      4060     4.4%    0.4%    0.0%    0.0%    0.0%    0.0%    0.2%   47.8%   47.2%    0.0%
      laden   junction      5785    14.4%    1.5%    0.0%    0.0%    0.0%    0.0%    0.2%   42.2%   41.6%    0.0%
      laden   open          1315    16.7%    1.8%    0.0%    0.0%    0.0%    0.0%    0.0%   42.1%   39.4%    0.0%
      spoil   pocket        1639    12.7%    0.8%    0.0%    0.0%    0.0%    0.0%   10.4%   37.5%   38.6%    0.0%
      spoil   corridor      1224    29.3%    0.2%    0.0%    0.0%    0.0%    0.0%    1.4%   34.1%   35.0%    0.0%
      spoil   junction       734    34.3%    1.4%    0.0%    0.0%    0.0%    0.0%    4.5%   29.4%   30.4%    0.0%
      spoil   open           208    26.9%    2.4%    0.0%    0.0%    0.0%    0.0%    0.0%   36.1%   34.6%    0.0%
    DECISIONS: rows not written (decisionnorows)
   90    6  hand    1/1        10648      936        0    74346    48126   14/22       15         0 6 1 15 0
                A READ  ant-readable homeward along >= 0.02 on  64.8% of route-cell samples | FOODWARD  22.7% | plane lit on  96.5% | peak amt  60790 cells  91
                THE LOOP, ANT BY ANT:
                  0. lived                                     22    100.0% of prev    100.0% of all
                  1. reached the food                          14     63.6% of prev     63.6% of all
                  2. picked food up out there                  14    100.0% of prev     63.6% of all
                  3. turned for home with it                   14    100.0% of prev     63.6% of all
                  4. got back to the nest still holding it     11     78.6% of prev     50.0% of all
                  5. PUT IT DOWN there                         11    100.0% of prev     50.0% of all
                  6. went back out again                       11    100.0% of prev     50.0% of all
                  7. reached the food a SECOND time             4     36.4% of prev     18.2% of all
                RETURN LEDGER reached food   14 of   22 ants | came back   13 | trips laden   13 empty    2 | LOOPERS   11 of   22 ants (78.6% of those that reached food), repeat    2, most loops by one ant   2
                BY ANCHOR AT PICKUP  anchor ON nest material:   13 loops /   17 pickups ( 76.5%) | anchor OFF it:    0 /    0 (  0.0%)
                BY BIRTH SITE  born ON comb:  11 of  14 that reached food looped ( 78.6%) | born OFF comb:   0 of   0 (  0.0%)
                LEGS legs[739,781,835,559,1285,829,865,775,925,631,2269,823,3139,5569,6175] laden[739,781,835,559,1285,829,865,775,925,631,2269,823,3139]
                founded x   30..68   (nest cursor 48 MATERIAL x 26..70 20 of 22 founders born on it; food 138; nearest founder 70 cells out, farthest 108, nominal gap 90)  occupancy/1k [6 193 61 37 18 16 14 4]  carry->nest    1014  born    2 died   21 (starved   20)
                own trail: route pk   30 end    0 along +0.0000  B nest->food [2106,5145,7827,10497,8308]  blocked      510  kin swaps       0  ticks     58453  tumbles     24133 (homeward      998, 4.14%)  drops    1335  DELIVERED  1335  leg home n   15 med   835 p90  5569 (laden n   13 med   829 p90  2269)  appetite held         0 J of     41599  trips born-on-comb   15 (20 ants) / born-off    0 (2 ants)
                channel A: PEAK amt  60790 cells   91 (of 91 route)  POLARITY|| +0.08518 && +0.08081 SPAN -0.00116 edge   1.6  end nest->food [3298,35759,5033,490,0]  nest   25  AtNest 32.08%
                Carrying: laden     97176  of which SPOIL     23298 ( 24.0%)
    DECISION CENSUS: 65022 decisions, reconciled against the rows and the engine's counters
      C1 homeward re-roll: no_usable 86, bias_off 0, no_crop 20184, empty_crop 0, no_site 0, on_anchor 6367, roll_failed 1340, fired 1336, fired_haul 0
      C1 fired, aimed: toward 986, across 320, away 30
      C2 drop: roll_lost 12599, placed 0, delivered 1429, no_room 4506 -- no room on 75.9% of won rolls; handed on through bodies 0 (mean 0.0 steps)
      C3 cone: left 484, straight 4715, right 459; Turn nonzero on 1003 picks (largest |Turn| 7.63e-8), discarded on 625
      leg     setting          n  stepped    felllaunched swappedcrossingreversedblocked_roll_fairoll_fai no_body
      empty   pocket        7341     1.4%    1.2%    0.0%    0.0%    0.0%    0.0%    0.9%   48.4%   48.1%    0.0%
      empty   corridor      7378     9.4%    0.7%    0.0%    0.0%    0.0%    0.0%    0.1%   44.8%   45.0%    0.0%
      empty   junction     22549    10.7%    1.5%    0.0%    0.0%    0.0%    0.0%    0.2%   43.2%   44.5%    0.0%
      empty   open          6624    11.6%    2.6%    0.0%    0.0%    0.0%    0.0%    0.0%   43.3%   42.5%    0.0%
      laden   pocket        3415     0.6%    2.2%    0.0%    0.0%    0.0%    0.0%    0.1%   49.2%   48.0%    0.0%
      laden   corridor      4900     7.5%    0.3%    0.0%    0.0%    0.0%    0.0%    0.1%   46.4%   45.7%    0.0%
      laden   junction      9358     8.5%    0.8%    0.0%    0.0%    0.0%    0.0%    0.1%   45.4%   45.2%    0.0%
      laden   open          1864    11.7%    1.8%    0.0%    0.0%    0.0%    0.0%    0.0%   45.5%   40.9%    0.0%
      spoil   pocket         269     7.8%    0.4%    0.0%    0.0%    0.0%    0.0%    9.3%   40.9%   41.6%    0.0%
      spoil   corridor       431    23.4%    0.0%    0.0%    0.0%    0.0%    0.0%    0.0%   39.2%   37.4%    0.0%
      spoil   junction       770    17.1%    0.6%    0.0%    0.0%    0.0%    0.0%    0.9%   39.1%   42.2%    0.0%
      spoil   open           123    30.1%    0.8%    0.0%    0.0%    0.0%    0.0%    0.0%   35.8%   33.3%    0.0%
    DECISIONS: rows not written (decisionnorows)
   90    7  hand   14/13       15322     1146        0   117230   103598   16/21       19         4 1 0 16 0
                A READ  ant-readable homeward along >= 0.02 on  59.5% of route-cell samples | FOODWARD  23.8% | plane lit on  97.7% | peak amt  31614 cells  91
                THE LOOP, ANT BY ANT:
                  0. lived                                     21    100.0% of prev    100.0% of all
                  1. reached the food                          16     76.2% of prev     76.2% of all
                  2. picked food up out there                  16    100.0% of prev     76.2% of all
                  3. turned for home with it                   16    100.0% of prev     76.2% of all
                  4. got back to the nest still holding it     16    100.0% of prev     76.2% of all
                  5. PUT IT DOWN there                         16    100.0% of prev     76.2% of all
                  6. went back out again                        5     31.2% of prev     23.8% of all
                  7. reached the food a SECOND time             5    100.0% of prev     23.8% of all
                RETURN LEDGER reached food   16 of   21 ants | came back   16 | trips laden   19 empty    0 | LOOPERS   16 of   21 ants (100.0% of those that reached food), repeat    3, most loops by one ant   2
                BY ANCHOR AT PICKUP  anchor ON nest material:   19 loops /   19 pickups (100.0%) | anchor OFF it:    0 /    0 (  0.0%)
                BY BIRTH SITE  born ON comb:  16 of  16 that reached food looped (100.0%) | born OFF comb:   0 of   0 (  0.0%)
                LEGS legs[679,661,1003,715,703,745,475,481,787,529,709,511,739,607,517,391,559,547,853] laden[679,661,1003,715,703,745,475,481,787,529,709,511,739,607,517,391,559,547,853]
                founded x   30..68   (nest cursor 48 MATERIAL x 26..70 20 of 21 founders born on it; food 138; nearest founder 70 cells out, farthest 108, nominal gap 90)  occupancy/1k [3 214 114 7 13 17 14 5]  carry->nest    1155  born    1 died    7 (starved    4)
                own trail: route pk   53 end   13 along -0.0010  B nest->food [2106,5481,7827,10451,8309]  blocked      167  kin swaps       0  ticks     65025  tumbles     29313 (homeward     1336, 4.56%)  drops    1429  DELIVERED  1429  leg home n   19 med   661 p90   787 (laden n   19 med   661 p90   787)  appetite held         0 J of     64513  trips born-on-comb   19 (20 ants) / born-off    0 (1 ants)
                channel A: PEAK amt  31614 cells   91 (of 91 route)  POLARITY|| +0.07642 && +0.07268 SPAN -0.00418 edge   1.0  end nest->food [1057,8307,1569,613,0]  nest   25  AtNest 42.48%
                Carrying: laden    126788  of which SPOIL     10680 (  8.4%)
    DECISION CENSUS: 58226 decisions, reconciled against the rows and the engine's counters
      C1 homeward re-roll: no_usable 108, bias_off 0, no_crop 18973, empty_crop 0, no_site 0, on_anchor 2466, roll_failed 2344, fired 1041, fired_haul 0
      C1 fired, aimed: toward 834, across 107, away 100
      C2 drop: roll_lost 10976, placed 0, delivered 929, no_room 1452 -- no room on 61.0% of won rolls; handed on through bodies 0 (mean 0.0 steps)
      C3 cone: left 726, straight 5900, right 695; Turn nonzero on 754 picks (largest |Turn| 7.63e-8), discarded on 440
      leg     setting          n  stepped    felllaunched swappedcrossingreversedblocked_roll_fairoll_fai no_body
      empty   pocket        2199     4.6%    7.7%    0.0%    0.0%    0.0%    0.0%    1.8%   42.9%   43.0%    0.0%
      empty   corridor      2496    24.6%    2.9%    0.0%    0.0%    0.0%    0.0%    0.3%   35.9%   36.3%    0.0%
      empty   junction     25296    13.8%    1.8%    0.0%    0.0%    0.0%    0.0%    0.2%   42.0%   42.2%    0.0%
      empty   open         12471     8.6%    2.0%    0.0%    0.0%    0.0%    0.0%    0.0%   44.7%   44.7%    0.0%
      laden   pocket        1609     0.9%    4.5%    0.0%    0.0%    0.0%    0.0%    0.1%   48.2%   46.2%    0.0%
      laden   corridor      1643    14.7%    2.1%    0.0%    0.0%    0.0%    0.0%    0.1%   42.2%   40.9%    0.0%
      laden   junction      8441    11.9%    1.1%    0.0%    0.0%    0.0%    0.0%    0.1%   43.7%   43.1%    0.0%
      laden   open          1898    14.2%    2.1%    0.0%    0.0%    0.0%    0.0%    0.0%   37.8%   45.9%    0.0%
      spoil   pocket         551    17.8%    3.1%    0.0%    0.0%    0.0%    0.0%   12.5%   36.1%   30.5%    0.0%
      spoil   corridor       292    41.8%    0.7%    0.0%    0.0%    0.0%    0.0%    5.1%   27.1%   25.3%    0.0%
      spoil   junction      1085    20.9%    1.3%    0.0%    0.0%    0.0%    0.0%    2.1%   40.2%   35.5%    0.0%
      spoil   open           245    24.9%    0.4%    0.0%    0.0%    0.0%    0.0%    0.0%   35.5%   39.2%    0.0%
    DECISIONS: rows not written (decisionnorows)
   90    8  hand   10/10       11142     1158        0    81553    53281   18/21       17         1 2 0 18 0
                A READ  ant-readable homeward along >= 0.02 on  62.6% of route-cell samples | FOODWARD  24.3% | plane lit on  97.8% | peak amt  43398 cells  91
                THE LOOP, ANT BY ANT:
                  0. lived                                     21    100.0% of prev    100.0% of all
                  1. reached the food                          18     85.7% of prev     85.7% of all
                  2. picked food up out there                  18    100.0% of prev     85.7% of all
                  3. turned for home with it                   18    100.0% of prev     85.7% of all
                  4. got back to the nest still holding it     15     83.3% of prev     71.4% of all
                  5. PUT IT DOWN there                         15    100.0% of prev     71.4% of all
                  6. went back out again                        8     53.3% of prev     38.1% of all
                  7. reached the food a SECOND time             3     37.5% of prev     14.3% of all
                RETURN LEDGER reached food   18 of   21 ants | came back   15 | trips laden   15 empty    2 | LOOPERS   13 of   21 ants (72.2% of those that reached food), repeat    2, most loops by one ant   2
                BY ANCHOR AT PICKUP  anchor ON nest material:   15 loops /   22 pickups ( 68.2%) | anchor OFF it:    0 /    0 (  0.0%)
                BY BIRTH SITE  born ON comb:  13 of  18 that reached food looped ( 72.2%) | born OFF comb:   0 of   0 (  0.0%)
                LEGS legs[595,673,709,619,763,853,739,805,2023,1861,481,595,685,1261,727,6925,6907] laden[595,673,709,619,763,853,739,805,2023,1861,481,595,685,1261,727]
                founded x   30..68   (nest cursor 48 MATERIAL x 26..70 20 of 21 founders born on it; food 138; nearest founder 70 cells out, farthest 108, nominal gap 90)  occupancy/1k [6 120 133 21 23 18 19 6]  carry->nest    1237  born    1 died   11 (starved    6)
                own trail: route pk   41 end   41 along +0.0016  B nest->food [2106,5458,7940,10643,8308]  blocked      219  kin swaps       0  ticks     58231  tumbles     24932 (homeward     1041, 4.18%)  drops     929  DELIVERED   929  leg home n   17 med   739 p90  2023 (laden n   15 med   727 p90  1861)  appetite held         0 J of     44914  trips born-on-comb   17 (20 ants) / born-off    0 (1 ants)
                channel A: PEAK amt  43398 cells   91 (of 91 route)  POLARITY|| +0.06865 && +0.06444 SPAN -0.00581 edge   0.6  end nest->food [906,10296,2537,1111,0]  nest   25  AtNest 36.10%
                Carrying: laden     94592  of which SPOIL     18115 ( 19.2%)
    DECISION CENSUS: 48254 decisions, reconciled against the rows and the engine's counters
      C1 homeward re-roll: no_usable 161, bias_off 0, no_crop 14522, empty_crop 0, no_site 0, on_anchor 1952, roll_failed 1035, fired 739, fired_haul 0
      C1 fired, aimed: toward 609, across 59, away 71
      C2 drop: roll_lost 6358, placed 0, delivered 1085, no_room 526 -- no room on 32.7% of won rolls; handed on through bodies 0 (mean 0.0 steps)
      C3 cone: left 970, straight 8459, right 925; Turn nonzero on 1777 picks (largest |Turn| 1.76e-2), discarded on 1130
      leg     setting          n  stepped    felllaunched swappedcrossingreversedblocked_roll_fairoll_fai no_body
      empty   pocket        2687     9.5%   14.1%    0.0%    0.0%    0.0%    0.0%    5.2%   34.5%   36.7%    0.0%
      empty   corridor      4031    32.7%    2.8%    0.0%    0.0%    0.0%    0.0%    1.1%   32.0%   31.5%    0.0%
      empty   junction     18798    26.5%    3.5%    0.0%    0.0%    0.0%    0.0%    0.5%   35.0%   34.5%    0.0%
      empty   open          8931    18.9%    3.8%    0.0%    0.0%    0.0%    0.0%    0.0%   38.3%   39.0%    0.0%
      laden   pocket         793     0.5%    6.4%    0.0%    0.0%    0.0%    0.0%    0.3%   45.4%   47.4%    0.0%
      laden   corridor      1116    18.1%    1.6%    0.0%    0.0%    0.0%    0.0%    0.1%   41.6%   38.6%    0.0%
      laden   junction      5374    10.5%    1.2%    0.0%    0.0%    0.0%    0.0%    0.1%   43.4%   44.7%    0.0%
      laden   open          1316     9.8%    2.4%    0.0%    0.0%    0.0%    0.0%    0.0%   44.1%   43.8%    0.0%
      spoil   pocket        2481    12.5%    0.7%    0.0%    0.0%    0.0%    0.0%    9.4%   38.7%   38.8%    0.0%
      spoil   corridor      1079    29.9%    0.6%    0.0%    0.0%    0.0%    0.0%    1.7%   37.6%   30.2%    0.0%
      spoil   junction      1312    37.3%    1.3%    0.0%    0.0%    0.0%    0.0%    3.2%   29.6%   28.7%    0.0%
      spoil   open           336    28.3%    1.2%    0.0%    0.0%    0.0%    0.0%    0.0%   34.8%   35.7%    0.0%
    DECISIONS: rows not written (decisionnorows)
   90    9  hand    0/0         9946      984    21006    51594    33972   15/23       11         2 5 0 16 0
                A READ  ant-readable homeward along >= 0.02 on  59.8% of route-cell samples | FOODWARD  24.7% | plane lit on  98.2% | peak amt  65093 cells  91
                THE LOOP, ANT BY ANT:
                  0. lived                                     23    100.0% of prev    100.0% of all
                  1. reached the food                          15     65.2% of prev     65.2% of all
                  2. picked food up out there                  13     86.7% of prev     56.5% of all
                  3. turned for home with it                   13    100.0% of prev     56.5% of all
                  4. got back to the nest still holding it     11     84.6% of prev     47.8% of all
                  5. PUT IT DOWN there                         11    100.0% of prev     47.8% of all
                  6. went back out again                       11    100.0% of prev     47.8% of all
                  7. reached the food a SECOND time             4     36.4% of prev     17.4% of all
                RETURN LEDGER reached food   15 of   23 ants | came back   11 | trips laden   10 empty    1 | LOOPERS   10 of   23 ants (66.7% of those that reached food), repeat    0, most loops by one ant   1
                BY ANCHOR AT PICKUP  anchor ON nest material:   10 loops /   14 pickups ( 71.4%) | anchor OFF it:    0 /    0 (  0.0%)
                BY BIRTH SITE  born ON comb:  10 of  15 that reached food looped ( 66.7%) | born OFF comb:   0 of   0 (  0.0%)
                LEGS legs[619,1207,739,529,763,541,1225,859,775,979,4861] laden[619,1207,739,529,763,541,1225,859,775,979]
                founded x   30..68   (nest cursor 48 MATERIAL x 26..70 20 of 23 founders born on it; food 138; nearest founder 70 cells out, farthest 108, nominal gap 90)  occupancy/1k [24 104 60 22 26 24 22 5]  carry->nest     760  born    3 died   23 (starved   23)
                own trail: route pk   51 end    0 along +0.0000  B nest->food [2106,5098,7691,10372,8308]  blocked      583  kin swaps       0  ticks     48254  tumbles     18409 (homeward      739, 4.01%)  drops    1085  DELIVERED  1085  leg home n   11 med   775 p90  1225 (laden n   10 med   775 p90  1207)  appetite held         0 J of     28413  trips born-on-comb   11 (21 ants) / born-off    0 (2 ants)
                channel A: PEAK amt  65093 cells   91 (of 91 route)  POLARITY|| +0.08886 && +0.08552 SPAN -0.00126 edge   0.6  end nest->food [6516,24578,5008,1016,0]  nest   25  AtNest 28.38%
                Carrying: laden     82842  of which SPOIL     32394 ( 39.1%)
    DECISION CENSUS: 64328 decisions, reconciled against the rows and the engine's counters
      C1 homeward re-roll: no_usable 144, bias_off 0, no_crop 21084, empty_crop 0, no_site 0, on_anchor 3175, roll_failed 2362, fired 1244, fired_haul 0
      C1 fired, aimed: toward 626, across 528, away 90
      C2 drop: roll_lost 11409, placed 0, delivered 1307, no_room 1405 -- no room on 51.8% of won rolls; handed on through bodies 0 (mean 0.0 steps)
      C3 cone: left 609, straight 5937, right 598; Turn nonzero on 1139 picks (largest |Turn| 7.63e-8), discarded on 718
      leg     setting          n  stepped    felllaunched swappedcrossingreversedblocked_roll_fairoll_fai no_body
      empty   pocket        2416     6.6%    8.3%    0.0%    0.0%    0.0%    0.0%    3.9%   41.6%   39.6%    0.0%
      empty   corridor      7676    16.5%    0.8%    0.0%    0.0%    0.0%    0.0%    0.3%   40.8%   41.5%    0.0%
      empty   junction     30088    10.6%    1.5%    0.0%    0.0%    0.0%    0.0%    0.3%   43.5%   44.1%    0.0%
      empty   open          7734    13.6%    2.9%    0.0%    0.0%    0.0%    0.0%    0.0%   41.6%   42.0%    0.0%
      laden   pocket        3221     0.7%    2.5%    0.0%    0.0%    0.0%    0.0%    0.0%   49.2%   47.6%    0.0%
      laden   corridor      4437     5.9%    0.4%    0.0%    0.0%    0.0%    0.0%    0.2%   45.5%   48.0%    0.0%
      laden   junction      6629     9.5%    1.1%    0.0%    0.0%    0.0%    0.0%    0.4%   44.7%   44.2%    0.0%
      laden   open           696    30.9%    7.5%    0.0%    0.0%    0.0%    0.0%    0.0%   30.3%   31.3%    0.0%
      spoil   pocket         378    13.5%    1.3%    0.0%    0.0%    0.0%    0.0%   14.6%   35.7%   34.9%    0.0%
      spoil   corridor       318    35.8%    0.0%    0.0%    0.0%    0.0%    0.0%    4.1%   26.1%   34.0%    0.0%
      spoil   junction       591    27.4%    1.0%    0.0%    0.0%    0.0%    0.0%    2.2%   32.8%   36.5%    0.0%
      spoil   open           144    25.0%    0.7%    0.0%    0.0%    0.0%    0.0%    0.0%   38.2%   36.1%    0.0%
    DECISIONS: rows not written (decisionnorows)
   90   10  hand   11/11       11754     1026        0    89905    43879   17/20       14         0 3 0 17 0
                A READ  ant-readable homeward along >= 0.02 on  58.5% of route-cell samples | FOODWARD  26.5% | plane lit on  97.0% | peak amt  33389 cells  91
                THE LOOP, ANT BY ANT:
                  0. lived                                     20    100.0% of prev    100.0% of all
                  1. reached the food                          17     85.0% of prev     85.0% of all
                  2. picked food up out there                  17    100.0% of prev     85.0% of all
                  3. turned for home with it                   14     82.4% of prev     70.0% of all
                  4. got back to the nest still holding it      8     57.1% of prev     40.0% of all
                  5. PUT IT DOWN there                          8    100.0% of prev     40.0% of all
                  6. went back out again                        5     62.5% of prev     25.0% of all
                  7. reached the food a SECOND time             0      0.0% of prev      0.0% of all
                RETURN LEDGER reached food   17 of   20 ants | came back   14 | trips laden    8 empty    6 | LOOPERS    8 of   20 ants (47.1% of those that reached food), repeat    0, most loops by one ant   1
                BY ANCHOR AT PICKUP  anchor ON nest material:    8 loops /   21 pickups ( 38.1%) | anchor OFF it:    0 /    0 (  0.0%)
                BY BIRTH SITE  born ON comb:   8 of  17 that reached food looped ( 47.1%) | born OFF comb:   0 of   0 (  0.0%)
                LEGS legs[571,1231,823,697,685,1201,4471,5059,5533,8239,6943,2665,10069,12025] laden[571,1231,823,697,685,1201,4471,2665]
                founded x   30..68   (nest cursor 48 MATERIAL x 26..70 20 of 20 founders born on it; food 138; nearest founder 70 cells out, farthest 108, nominal gap 90)  occupancy/1k [4 25 221 17 55 31 22 6]  carry->nest     972  born    0 died    9 (starved    5)
                own trail: route pk   55 end   10 along -0.0012  B nest->food [2106,5093,7713,10633,8308]  blocked      318  kin swaps       0  ticks     64332  tumbles     28009 (homeward     1244, 4.44%)  drops    1307  DELIVERED  1307  leg home n   14 med  4471 p90 10069 (laden n    8 med  1201 p90  2665)  appetite held         0 J of     49490  trips born-on-comb   14 (20 ants) / born-off    0 (0 ants)
                channel A: PEAK amt  33389 cells   91 (of 91 route)  POLARITY|| +0.07492 && +0.07044 SPAN -0.00463 edge   1.4  end nest->food [694,3030,1674,498,0]  nest   25  AtNest 14.68%
                Carrying: laden     98497  of which SPOIL     10416 ( 10.6%)
    DECISION CENSUS: 74925 decisions, reconciled against the rows and the engine's counters
      C1 homeward re-roll: no_usable 135, bias_off 0, no_crop 24487, empty_crop 0, no_site 0, on_anchor 5322, roll_failed 2154, fired 1688, fired_haul 0
      C1 fired, aimed: toward 1286, across 93, away 309
      C2 drop: roll_lost 14607, placed 0, delivered 1341, no_room 3088 -- no room on 69.7% of won rolls; handed on through bodies 0 (mean 0.0 steps)
      C3 cone: left 626, straight 5308, right 645; Turn nonzero on 1132 picks (largest |Turn| 7.63e-8), discarded on 551
      leg     setting          n  stepped    felllaunched swappedcrossingreversedblocked_roll_fairoll_fai no_body
      empty   pocket        2526     2.8%    7.3%    0.0%    0.0%    0.0%    0.0%    1.4%   44.1%   44.4%    0.0%
      empty   corridor      6838    11.5%    0.7%    0.0%    0.0%    0.0%    0.0%    0.4%   43.5%   43.9%    0.0%
      empty   junction     31932     9.1%    1.1%    0.0%    0.0%    0.0%    0.0%    0.1%   45.0%   44.7%    0.0%
      empty   open         11702     8.6%    2.1%    0.0%    0.0%    0.0%    0.0%    0.0%   44.6%   44.7%    0.0%
      laden   pocket         441     2.3%   11.8%    0.0%    0.0%    0.0%    0.0%    1.1%   40.4%   44.4%    0.0%
      laden   corridor      6551     5.4%    0.3%    0.0%    0.0%    0.0%    0.0%    0.1%   47.1%   47.1%    0.0%
      laden   junction     10770     8.0%    1.0%    0.0%    0.0%    0.0%    0.0%    0.2%   46.0%   44.8%    0.0%
      laden   open          2260    13.8%    2.2%    0.0%    0.0%    0.0%    0.0%    0.0%   41.5%   42.5%    0.0%
      spoil   pocket         575     3.5%    1.9%    0.0%    0.0%    0.0%    0.0%    3.1%   45.7%   45.7%    0.0%
      spoil   corridor       629     5.4%    0.5%    0.0%    0.0%    0.0%    0.0%    2.4%   44.8%   46.9%    0.0%
      spoil   junction       562    31.3%    1.1%    0.0%    0.0%    0.0%    0.0%    3.2%   33.6%   30.8%    0.0%
      spoil   open           139    34.5%    3.6%    0.0%    0.0%    0.0%    0.0%    0.0%   24.5%   37.4%    0.0%
    DECISIONS: rows not written (decisionnorows)
   90   11  hand   18/17       16623      900        0   121094    86294   18/22       22         2 1 0 19 0
                A READ  ant-readable homeward along >= 0.02 on  58.3% of route-cell samples | FOODWARD  26.1% | plane lit on  98.4% | peak amt  41955 cells  91
                THE LOOP, ANT BY ANT:
                  0. lived                                     22    100.0% of prev    100.0% of all
                  1. reached the food                          18     81.8% of prev     81.8% of all
                  2. picked food up out there                  17     94.4% of prev     77.3% of all
                  3. turned for home with it                   15     88.2% of prev     68.2% of all
                  4. got back to the nest still holding it     14     93.3% of prev     63.6% of all
                  5. PUT IT DOWN there                         14    100.0% of prev     63.6% of all
                  6. went back out again                        8     57.1% of prev     36.4% of all
                  7. reached the food a SECOND time             5     62.5% of prev     22.7% of all
                RETURN LEDGER reached food   18 of   22 ants | came back   17 | trips laden   19 empty    3 | LOOPERS   14 of   22 ants (77.8% of those that reached food), repeat    5, most loops by one ant   2
                BY ANCHOR AT PICKUP  anchor ON nest material:   19 loops /   23 pickups ( 82.6%) | anchor OFF it:    0 /    0 (  0.0%)
                BY BIRTH SITE  born ON comb:  14 of  18 that reached food looped ( 77.8%) | born OFF comb:   0 of   0 (  0.0%)
                LEGS legs[697,601,775,739,733,793,1357,1429,1159,883,1177,601,655,3049,2155,1615,1885,3373,811,3841,5611,6157] laden[697,601,775,739,733,793,1357,1429,1159,883,1177,601,655,3049,2155,1615,1885,3373,811]
                founded x   30..68   (nest cursor 48 MATERIAL x 26..70 20 of 22 founders born on it; food 138; nearest founder 70 cells out, farthest 108, nominal gap 90)  occupancy/1k [6 85 239 10 29 27 42 9]  carry->nest    1222  born    2 died    4 (starved    2)
                own trail: route pk   73 end    0 along +0.0000  B nest->food [2106,5941,7859,10520,8308]  blocked      181  kin swaps       0  ticks     74927  tumbles     33786 (homeward     1688, 5.00%)  drops    1341  DELIVERED  1341  leg home n   22 med  1177 p90  3841 (laden n   19 med   883 p90  2155)  appetite held         0 J of     66082  trips born-on-comb   22 (20 ants) / born-off    0 (2 ants)
                channel A: PEAK amt  41955 cells   91 (of 91 route)  POLARITY|| +0.05701 && +0.05392 SPAN -0.00764 edge   0.4  end nest->food [856,5058,2189,1244,5]  nest   25  AtNest 32.09%
                Carrying: laden    132525  of which SPOIL     16657 ( 12.6%)
    DECISION CENSUS: 74377 decisions, reconciled against the rows and the engine's counters
      C1 homeward re-roll: no_usable 91, bias_off 0, no_crop 24959, empty_crop 0, no_site 0, on_anchor 4165, roll_failed 1722, fired 1598, fired_haul 0
      C1 fired, aimed: toward 1244, across 253, away 101
      C2 drop: roll_lost 11888, placed 0, delivered 2532, no_room 1230 -- no room on 32.7% of won rolls; handed on through bodies 0 (mean 0.0 steps)
      C3 cone: left 797, straight 6521, right 749; Turn nonzero on 1114 picks (largest |Turn| 2.48e-2), discarded on 474
      leg     setting          n  stepped    felllaunched swappedcrossingreversedblocked_roll_fairoll_fai no_body
      empty   pocket        2400     4.5%    8.2%    0.0%    0.0%    0.0%    0.0%    2.3%   41.8%   43.2%    0.0%
      empty   corridor      3572    23.4%    2.2%    0.0%    0.0%    0.0%    0.0%    0.7%   36.8%   36.9%    0.0%
      empty   junction     30157    11.8%    1.9%    0.0%    0.0%    0.0%    0.0%    0.3%   43.1%   42.8%    0.0%
      empty   open         19457     8.6%    1.9%    0.0%    0.0%    0.0%    0.0%    0.0%   45.3%   44.3%    0.0%
      laden   pocket         401     2.7%   19.7%    0.0%    0.0%    0.0%    0.0%    0.0%   36.7%   40.9%    0.0%
      laden   corridor      3279     9.2%    0.9%    0.0%    0.0%    0.0%    0.0%    0.2%   43.7%   46.0%    0.0%
      laden   junction     11017     7.1%    0.9%    0.0%    0.0%    0.0%    0.0%    0.2%   45.3%   46.5%    0.0%
      laden   open          2150    15.8%    2.8%    0.0%    0.0%    0.0%    0.0%    0.0%   40.1%   41.3%    0.0%
      spoil   pocket         765     4.8%    0.4%    0.0%    0.0%    0.0%    0.0%    4.8%   45.5%   44.4%    0.0%
      spoil   corridor       342    36.3%    0.6%    0.0%    0.0%    0.0%    0.0%    5.3%   27.8%   30.1%    0.0%
      spoil   junction       570    35.3%    1.2%    0.0%    0.0%    0.0%    0.0%    2.3%   31.1%   30.2%    0.0%
      spoil   open           267    35.2%    2.6%    0.0%    0.0%    0.0%    0.0%    0.0%   34.8%   27.3%    0.0%
    DECISIONS: rows not written (decisionnorows)
   90   12  hand   15/15       15483      810        0   101099    69155   18/23       19         0 3 2 18 0
                A READ  ant-readable homeward along >= 0.02 on  55.9% of route-cell samples | FOODWARD  29.2% | plane lit on  98.4% | peak amt  35172 cells  91
                THE LOOP, ANT BY ANT:
                  0. lived                                     23    100.0% of prev    100.0% of all
                  1. reached the food                          18     78.3% of prev     78.3% of all
                  2. picked food up out there                  17     94.4% of prev     73.9% of all
                  3. turned for home with it                   16     94.1% of prev     69.6% of all
                  4. got back to the nest still holding it     16    100.0% of prev     69.6% of all
                  5. PUT IT DOWN there                         15     93.8% of prev     65.2% of all
                  6. went back out again                       10     66.7% of prev     43.5% of all
                  7. reached the food a SECOND time             3     30.0% of prev     13.0% of all
                RETURN LEDGER reached food   18 of   23 ants | came back   18 | trips laden   16 empty    3 | LOOPERS   15 of   23 ants (83.3% of those that reached food), repeat    1, most loops by one ant   2
                BY ANCHOR AT PICKUP  anchor ON nest material:   16 loops /   19 pickups ( 84.2%) | anchor OFF it:    0 /    0 (  0.0%)
                BY BIRTH SITE  born ON comb:  15 of  18 that reached food looped ( 83.3%) | born OFF comb:   0 of   0 (  0.0%)
                LEGS legs[577,1075,661,763,661,907,709,745,1003,649,2359,421,799,2707,3937,2947,6175,6823,2695] laden[577,1075,661,763,661,907,709,745,1003,649,2359,421,799,2707,3937,2695]
                founded x   30..68   (nest cursor 48 MATERIAL x 26..70 20 of 23 founders born on it; food 138; nearest founder 70 cells out, farthest 108, nominal gap 90)  occupancy/1k [4 63 228 12 25 71 28 11]  carry->nest    1064  born    3 died    8 (starved    3)
                own trail: route pk   65 end   15 along -0.0144  B nest->food [2106,6284,7754,10644,8308]  blocked      262  kin swaps       0  ticks     74382  tumbles     32535 (homeward     1598, 4.91%)  drops    2532  DELIVERED  2532  leg home n   19 med   907 p90  3937 (laden n   16 med   799 p90  2707)  appetite held         0 J of     55521  trips born-on-comb   19 (21 ants) / born-off    0 (2 ants)
                channel A: PEAK amt  35172 cells   91 (of 91 route)  POLARITY|| +0.05629 && +0.05289 SPAN -0.00779 edge   0.4  end nest->food [802,6451,2462,1476,9]  nest   25  AtNest 24.80%
                Carrying: laden    112763  of which SPOIL     11718 ( 10.4%)
    DECISION CENSUS: 63172 decisions, reconciled against the rows and the engine's counters
      C1 homeward re-roll: no_usable 118, bias_off 0, no_crop 17302, empty_crop 0, no_site 0, on_anchor 5845, roll_failed 2158, fired 2310, fired_haul 0
      C1 fired, aimed: toward 1904, across 387, away 19
      C2 drop: roll_lost 15845, placed 0, delivered 3526, no_room 1702 -- no room on 32.6% of won rolls; handed on through bodies 0 (mean 0.0 steps)
      C3 cone: left 582, straight 5531, right 592; Turn nonzero on 1343 picks (largest |Turn| 1.14e-7), discarded on 847
      leg     setting          n  stepped    felllaunched swappedcrossingreversedblocked_roll_fairoll_fai no_body
      empty   pocket        1913     4.8%    8.8%    0.0%    0.0%    0.0%    0.0%    2.6%   43.6%   40.1%    0.0%
      empty   corridor      4294    20.1%    1.2%    0.0%    0.0%    0.0%    0.0%    0.2%   39.2%   39.3%    0.0%
      empty   junction     23236    12.2%    1.9%    0.0%    0.0%    0.0%    0.0%    0.3%   43.2%   42.5%    0.0%
      empty   open          9167    11.0%    3.5%    0.0%    0.0%    0.0%    0.0%    0.0%   42.9%   42.6%    0.0%
      laden   pocket        1149     1.0%    8.6%    0.0%    0.0%    0.0%    0.0%    0.0%   43.3%   47.0%    0.0%
      laden   corridor      4639     5.5%    0.3%    0.0%    0.0%    0.0%    0.0%    0.0%   45.7%   48.5%    0.0%
      laden   junction     14179     6.3%    0.7%    0.0%    0.0%    0.0%    0.0%    0.1%   46.5%   46.5%    0.0%
      laden   open          2684    10.1%    1.7%    0.0%    0.0%    0.0%    0.0%    0.0%   42.8%   45.4%    0.0%
      spoil   pocket         959     8.7%    1.0%    0.0%    0.0%    0.0%    0.0%    7.9%   42.4%   39.9%    0.0%
      spoil   corridor       427    46.8%    0.2%    0.0%    0.0%    0.0%    0.0%    1.4%   24.6%   26.9%    0.0%
      spoil   junction       404    39.6%    2.2%    0.0%    0.0%    0.0%    0.0%    3.5%   28.2%   26.5%    0.0%
      spoil   open           121    29.8%    1.7%    0.0%    0.0%    0.0%    0.0%    0.0%   33.9%   34.7%    0.0%
    DECISIONS: rows not written (decisionnorows)
   90   13  hand   14/13       19019     1044        0   135315   116955   17/23       19         3 3 0 17 0
                A READ  ant-readable homeward along >= 0.02 on  55.6% of route-cell samples | FOODWARD  28.5% | plane lit on  98.0% | peak amt  37480 cells  91
                THE LOOP, ANT BY ANT:
                  0. lived                                     23    100.0% of prev    100.0% of all
                  1. reached the food                          17     73.9% of prev     73.9% of all
                  2. picked food up out there                  16     94.1% of prev     69.6% of all
                  3. turned for home with it                   16    100.0% of prev     69.6% of all
                  4. got back to the nest still holding it     16    100.0% of prev     69.6% of all
                  5. PUT IT DOWN there                         16    100.0% of prev     69.6% of all
                  6. went back out again                        8     50.0% of prev     34.8% of all
                  7. reached the food a SECOND time             3     37.5% of prev     13.0% of all
                RETURN LEDGER reached food   17 of   23 ants | came back   16 | trips laden   18 empty    1 | LOOPERS   16 of   23 ants (94.1% of those that reached food), repeat    2, most loops by one ant   2
                BY ANCHOR AT PICKUP  anchor ON nest material:   18 loops /   20 pickups ( 90.0%) | anchor OFF it:    0 /    0 (  0.0%)
                BY BIRTH SITE  born ON comb:  16 of  17 that reached food looped ( 94.1%) | born OFF comb:   0 of   0 (  0.0%)
                LEGS legs[541,637,511,847,445,811,793,901,1231,937,697,517,565,709,649,1153,559,2335,1249] laden[541,637,511,847,445,811,793,901,1231,937,697,517,565,709,649,1153,559,1249]
                founded x   30..68   (nest cursor 48 MATERIAL x 26..70 20 of 23 founders born on it; food 138; nearest founder 70 cells out, farthest 108, nominal gap 90)  occupancy/1k [17 67 217 9 15 20 23 7]  carry->nest    1160  born    3 died    9 (starved    5)
                own trail: route pk   70 end   11 along +0.0027  B nest->food [2106,5672,7937,10595,8308]  blocked      230  kin swaps       0  ticks     63176  tumbles     27733 (homeward     2310, 8.33%)  drops    3526  DELIVERED  3526  leg home n   19 med   709 p90  1231 (laden n   18 med   709 p90  1153)  appetite held         0 J of     75195  trips born-on-comb   19 (22 ants) / born-off    0 (1 ants)
                channel A: PEAK amt  37480 cells   91 (of 91 route)  POLARITY|| +0.06496 && +0.06177 SPAN -0.00531 edge   0.5  end nest->food [948,4263,1891,1013,0]  nest   25  AtNest 34.93%
                Carrying: laden    146779  of which SPOIL     11510 (  7.8%)
    DECISION CENSUS: 67506 decisions, reconciled against the rows and the engine's counters
      C1 homeward re-roll: no_usable 117, bias_off 0, no_crop 22599, empty_crop 0, no_site 0, on_anchor 4884, roll_failed 1123, fired 1351, fired_haul 0
      C1 fired, aimed: toward 841, across 347, away 163
      C2 drop: roll_lost 10878, placed 0, delivered 2177, no_room 1971 -- no room on 47.5% of won rolls; handed on through bodies 0 (mean 0.0 steps)
      C3 cone: left 389, straight 6221, right 381; Turn nonzero on 831 picks (largest |Turn| 7.63e-8), discarded on 623
      leg     setting          n  stepped    felllaunched swappedcrossingreversedblocked_roll_fairoll_fai no_body
      empty   pocket       11873     1.7%    1.3%    0.0%    0.0%    0.0%    0.0%    1.2%   47.7%   48.0%    0.0%
      empty   corridor     12597    19.2%    0.3%    0.0%    0.0%    0.0%    0.0%    0.1%   40.1%   40.3%    0.0%
      empty   junction     17023    12.4%    1.4%    0.0%    0.0%    0.0%    0.0%    0.1%   43.3%   42.8%    0.0%
      empty   open          6479     7.5%    1.5%    0.0%    0.0%    0.0%    0.0%    0.0%   45.7%   45.3%    0.0%
      laden   pocket        1043     1.6%    6.4%    0.0%    0.0%    0.0%    0.0%    0.0%   45.8%   46.1%    0.0%
      laden   corridor      3089    10.3%    0.4%    0.0%    0.0%    0.0%    0.0%    0.0%   44.8%   44.6%    0.0%
      laden   junction     10802     7.4%    0.5%    0.0%    0.0%    0.0%    0.0%    0.1%   46.0%   46.0%    0.0%
      laden   open          1206    10.4%    1.3%    0.0%    0.0%    0.0%    0.0%    0.0%   43.9%   44.3%    0.0%
      spoil   pocket        1581     5.4%    0.6%    0.0%    0.0%    0.0%    0.0%    4.7%   45.4%   44.0%    0.0%
      spoil   corridor       744    33.3%    0.4%    0.0%    0.0%    0.0%    0.0%    0.4%   30.9%   34.9%    0.0%
      spoil   junction       909    17.3%    0.4%    0.0%    0.0%    0.0%    0.0%    1.3%   40.4%   40.6%    0.0%
      spoil   open           160    13.8%    1.2%    0.0%    0.0%    0.0%    0.0%    0.0%   40.6%   44.4%    0.0%
    DECISIONS: rows not written (decisionnorows)
   90   14  hand   13/13       13005      942        0    95577    84117   12/21       15         2 6 1 12 0
                A READ  ant-readable homeward along >= 0.02 on  64.6% of route-cell samples | FOODWARD  23.2% | plane lit on  96.0% | peak amt  36390 cells  91
                THE LOOP, ANT BY ANT:
                  0. lived                                     21    100.0% of prev    100.0% of all
                  1. reached the food                          12     57.1% of prev     57.1% of all
                  2. picked food up out there                  11     91.7% of prev     52.4% of all
                  3. turned for home with it                   11    100.0% of prev     52.4% of all
                  4. got back to the nest still holding it     11    100.0% of prev     52.4% of all
                  5. PUT IT DOWN there                         11    100.0% of prev     52.4% of all
                  6. went back out again                       10     90.9% of prev     47.6% of all
                  7. reached the food a SECOND time             4     40.0% of prev     19.0% of all
                RETURN LEDGER reached food   12 of   21 ants | came back   11 | trips laden   15 empty    0 | LOOPERS   11 of   21 ants (91.7% of those that reached food), repeat    3, most loops by one ant   3
                BY ANCHOR AT PICKUP  anchor ON nest material:   15 loops /   15 pickups (100.0%) | anchor OFF it:    0 /    0 (  0.0%)
                BY BIRTH SITE  born ON comb:  11 of  12 that reached food looped ( 91.7%) | born OFF comb:   0 of   0 (  0.0%)
                LEGS legs[469,667,475,667,451,535,757,943,697,487,1261,553,673,649,607] laden[469,667,475,667,451,535,757,943,697,487,1261,553,673,649,607]
                founded x   30..68   (nest cursor 48 MATERIAL x 26..70 20 of 21 founders born on it; food 138; nearest founder 70 cells out, farthest 108, nominal gap 90)  occupancy/1k [3 228 113 17 13 9 11 4]  carry->nest     915  born    1 died    8 (starved    6)
                own trail: route pk   21 end   10 along -0.0000  B nest->food [2106,5720,7790,10329,8308]  blocked      290  kin swaps       0  ticks     67508  tumbles     30074 (homeward     1351, 4.49%)  drops    2177  DELIVERED  2177  leg home n   15 med   649 p90   943 (laden n   15 med   649 p90   943)  appetite held         0 J of     53418  trips born-on-comb   15 (20 ants) / born-off    0 (1 ants)
                channel A: PEAK amt  36390 cells   91 (of 91 route)  POLARITY|| +0.08870 && +0.08381 SPAN -0.00365 edge   1.9  end nest->food [1178,11974,2460,411,0]  nest   25  AtNest 44.78%
                Carrying: laden    115937  of which SPOIL     23054 ( 19.9%)
    DECISION CENSUS: 60719 decisions, reconciled against the rows and the engine's counters
      C1 homeward re-roll: no_usable 68, bias_off 0, no_crop 18310, empty_crop 0, no_site 0, on_anchor 6866, roll_failed 1156, fired 786, fired_haul 0
      C1 fired, aimed: toward 522, across 116, away 148
      C2 drop: roll_lost 11673, placed 0, delivered 2131, no_room 4321 -- no room on 67.0% of won rolls; handed on through bodies 0 (mean 0.0 steps)
      C3 cone: left 513, straight 4460, right 484; Turn nonzero on 1040 picks (largest |Turn| 7.63e-8), discarded on 574
      leg     setting          n  stepped    felllaunched swappedcrossingreversedblocked_roll_fairoll_fai no_body
      empty   pocket        2547     4.2%    5.1%    0.0%    0.0%    0.0%    0.0%    2.4%   44.8%   43.5%    0.0%
      empty   corridor      3203    21.3%    1.1%    0.0%    0.0%    0.0%    0.0%    0.6%   36.6%   40.4%    0.0%
      empty   junction     21609    10.9%    1.6%    0.0%    0.0%    0.0%    0.0%    0.2%   43.6%   43.8%    0.0%
      empty   open          9710     8.9%    2.2%    0.0%    0.0%    0.0%    0.0%    0.0%   44.2%   44.7%    0.0%
      laden   pocket        1119     1.1%    6.4%    0.0%    0.0%    0.0%    0.0%    0.4%   45.5%   46.6%    0.0%
      laden   corridor      3299     7.6%    0.2%    0.0%    0.0%    0.0%    0.0%    0.3%   45.8%   46.1%    0.0%
      laden   junction     12238     5.4%    0.4%    0.0%    0.0%    0.0%    0.0%    0.1%   47.2%   46.9%    0.0%
      laden   open          2279     6.9%    1.0%    0.0%    0.0%    0.0%    0.0%    0.0%   46.6%   45.5%    0.0%
      spoil   pocket        1228     3.8%    0.8%    0.0%    0.0%    0.0%    0.0%    3.7%   45.4%   46.3%    0.0%
      spoil   corridor       340    33.5%    0.6%    0.0%    0.0%    0.0%    0.0%    3.2%   29.7%   32.9%    0.0%
      spoil   junction      1639     9.2%    0.5%    0.0%    0.0%    0.0%    0.0%    1.1%   44.0%   45.2%    0.0%
      spoil   open          1508     4.6%    0.1%    0.0%    0.0%    0.0%    0.0%    0.0%   47.1%   48.2%    0.0%
    DECISIONS: rows not written (decisionnorows)
   90   15  hand   11/11       15324     1014        0   113624    99068   18/21       14         1 1 0 19 0
                A READ  ant-readable homeward along >= 0.02 on  56.9% of route-cell samples | FOODWARD  27.3% | plane lit on  97.3% | peak amt  35227 cells  91
                THE LOOP, ANT BY ANT:
                  0. lived                                     21    100.0% of prev    100.0% of all
                  1. reached the food                          18     85.7% of prev     85.7% of all
                  2. picked food up out there                  17     94.4% of prev     81.0% of all
                  3. turned for home with it                   14     82.4% of prev     66.7% of all
                  4. got back to the nest still holding it     14    100.0% of prev     66.7% of all
                  5. PUT IT DOWN there                         14    100.0% of prev     66.7% of all
                  6. went back out again                        3     21.4% of prev     14.3% of all
                  7. reached the food a SECOND time             0      0.0% of prev      0.0% of all
                RETURN LEDGER reached food   18 of   21 ants | came back   14 | trips laden   14 empty    0 | LOOPERS   14 of   21 ants (77.8% of those that reached food), repeat    0, most loops by one ant   1
                BY ANCHOR AT PICKUP  anchor ON nest material:   14 loops /   17 pickups ( 82.4%) | anchor OFF it:    0 /    0 (  0.0%)
                BY BIRTH SITE  born ON comb:  14 of  18 that reached food looped ( 77.8%) | born OFF comb:   0 of   0 (  0.0%)
                LEGS legs[607,919,1357,637,1165,979,775,697,547,1087,553,1279,757,463] laden[607,919,1357,637,1165,979,775,697,547,1087,553,1279,757,463]
                founded x   30..68   (nest cursor 48 MATERIAL x 26..70 20 of 21 founders born on it; food 138; nearest founder 70 cells out, farthest 108, nominal gap 90)  occupancy/1k [5 183 110 7 11 15 23 5]  carry->nest     886  born    1 died   10 (starved    3)
                own trail: route pk   71 end   10 along +0.0000  B nest->food [2106,5612,7756,10348,8307]  blocked      217  kin swaps       0  ticks     60726  tumbles     27186 (homeward      786, 2.89%)  drops    2131  DELIVERED  2131  leg home n   14 med   775 p90  1279 (laden n   14 med   775 p90  1279)  appetite held         0 J of     62877  trips born-on-comb   14 (20 ants) / born-off    0 (1 ants)
                channel A: PEAK amt  35227 cells   91 (of 91 route)  POLARITY|| +0.07303 && +0.06874 SPAN -0.00687 edge   1.1  end nest->food [947,6862,1298,448,0]  nest   25  AtNest 56.14%
                Carrying: laden    141920  of which SPOIL     36270 ( 25.6%)
    DECISION CENSUS: 58084 decisions, reconciled against the rows and the engine's counters
      C1 homeward re-roll: no_usable 152, bias_off 0, no_crop 16084, empty_crop 0, no_site 0, on_anchor 4976, roll_failed 2063, fired 1191, fired_haul 0
      C1 fired, aimed: toward 783, across 122, away 286
      C2 drop: roll_lost 13155, placed 0, delivered 2128, no_room 1554 -- no room on 42.2% of won rolls; handed on through bodies 0 (mean 0.0 steps)
      C3 cone: left 776, straight 6341, right 759; Turn nonzero on 1134 picks (largest |Turn| 7.63e-8), discarded on 742
      leg     setting          n  stepped    felllaunched swappedcrossingreversedblocked_roll_fairoll_fai no_body
      empty   pocket        3356     5.0%    8.3%    0.0%    0.0%    0.0%    0.0%    2.6%   42.6%   41.5%    0.0%
      empty   corridor      4348    20.5%    2.1%    0.0%    0.0%    0.0%    0.0%    0.9%   38.5%   38.0%    0.0%
      empty   junction     20413    17.8%    2.5%    0.0%    0.0%    0.0%    0.0%    0.5%   39.6%   39.6%    0.0%
      empty   open          9283    13.7%    3.0%    0.0%    0.0%    0.0%    0.0%    0.0%   40.4%   42.8%    0.0%
      laden   pocket        1562     1.0%    5.1%    0.0%    0.0%    0.0%    0.0%    0.3%   43.6%   49.9%    0.0%
      laden   corridor      2090     7.9%    0.7%    0.0%    0.0%    0.0%    0.0%    0.2%   46.2%   45.0%    0.0%
      laden   junction     12742     6.7%    0.7%    0.0%    0.0%    0.0%    0.0%    0.1%   46.4%   46.1%    0.0%
      laden   open          1576    13.6%    2.2%    0.0%    0.0%    0.0%    0.0%    0.0%   40.5%   43.7%    0.0%
      spoil   pocket        1229     9.6%    0.3%    0.0%    0.0%    0.0%    0.0%    8.2%   37.9%   43.9%    0.0%
      spoil   corridor       441    35.1%    0.0%    0.0%    0.0%    0.0%    0.0%    5.4%   29.5%   29.9%    0.0%
      spoil   junction       868    37.2%    0.7%    0.0%    0.0%    0.0%    0.0%    4.1%   30.0%   28.0%    0.0%
      spoil   open           176    35.8%    2.8%    0.0%    0.0%    0.0%    0.0%    0.0%   31.2%   30.1%    0.0%
    DECISIONS: rows not written (decisionnorows)
   90   16  hand    9/8        14982      888        0   106479    71949   16/23       11         4 3 0 16 0
                A READ  ant-readable homeward along >= 0.02 on  58.7% of route-cell samples | FOODWARD  23.6% | plane lit on  98.2% | peak amt  43144 cells  91
                THE LOOP, ANT BY ANT:
                  0. lived                                     23    100.0% of prev    100.0% of all
                  1. reached the food                          16     69.6% of prev     69.6% of all
                  2. picked food up out there                  16    100.0% of prev     69.6% of all
                  3. turned for home with it                   11     68.8% of prev     47.8% of all
                  4. got back to the nest still holding it      9     81.8% of prev     39.1% of all
                  5. PUT IT DOWN there                          9    100.0% of prev     39.1% of all
                  6. went back out again                        5     55.6% of prev     21.7% of all
                  7. reached the food a SECOND time             5    100.0% of prev     21.7% of all
                RETURN LEDGER reached food   16 of   23 ants | came back    9 | trips laden   11 empty    0 | LOOPERS    9 of   23 ants (56.2% of those that reached food), repeat    2, most loops by one ant   2
                BY ANCHOR AT PICKUP  anchor ON nest material:   11 loops /   23 pickups ( 47.8%) | anchor OFF it:    0 /    0 (  0.0%)
                BY BIRTH SITE  born ON comb:   9 of  16 that reached food looped ( 56.2%) | born OFF comb:   0 of   0 (  0.0%)
                LEGS legs[589,871,559,1009,715,475,571,619,661,955,937] laden[589,871,559,1009,715,475,571,619,661,955,937]
                founded x   30..68   (nest cursor 48 MATERIAL x 26..70 20 of 23 founders born on it; food 138; nearest founder 70 cells out, farthest 108, nominal gap 90)  occupancy/1k [4 52 137 14 19 81 28 5]  carry->nest     977  born    3 died   14 (starved   12)
                own trail: route pk   72 end    3 along +0.0000  B nest->food [2106,5748,7736,10697,8308]  blocked      415  kin swaps       0  ticks     58086  tumbles     24466 (homeward     1191, 4.87%)  drops    2128  DELIVERED  2128  leg home n   11 med   661 p90   955 (laden n   11 med   661 p90   955)  appetite held         0 J of     58807  trips born-on-comb   11 (22 ants) / born-off    0 (1 ants)
                channel A: PEAK amt  43144 cells   91 (of 91 route)  POLARITY|| +0.07556 && +0.07257 SPAN -0.00586 edge   0.5  end nest->food [1380,5624,1925,1051,0]  nest   25  AtNest 34.03%
                Carrying: laden    122733  of which SPOIL     18175 ( 14.8%)
    DECISION CENSUS: 67397 decisions, reconciled against the rows and the engine's counters
      C1 homeward re-roll: no_usable 110, bias_off 0, no_crop 23212, empty_crop 0, no_site 0, on_anchor 2274, roll_failed 1968, fired 1778, fired_haul 0
      C1 fired, aimed: toward 1697, across 45, away 36
      C2 drop: roll_lost 11558, placed 0, delivered 462, no_room 1509 -- no room on 76.6% of won rolls; handed on through bodies 0 (mean 0.0 steps)
      C3 cone: left 807, straight 6272, right 775; Turn nonzero on 969 picks (largest |Turn| 7.63e-8), discarded on 478
      leg     setting          n  stepped    felllaunched swappedcrossingreversedblocked_roll_fairoll_fai no_body
      empty   pocket        4556     2.8%    4.4%    0.0%    0.0%    0.0%    0.0%    1.0%   45.8%   46.0%    0.0%
      empty   corridor      5214    11.2%    1.4%    0.0%    0.0%    0.0%    0.0%    0.5%   43.0%   43.8%    0.0%
      empty   junction     24935    13.9%    2.0%    0.0%    0.0%    0.0%    0.0%    0.2%   42.2%   41.7%    0.0%
      empty   open         16932     9.8%    2.2%    0.0%    0.0%    0.0%    0.0%    0.0%   44.5%   43.4%    0.0%
      laden   pocket         432     1.6%   15.7%    0.0%    0.0%    0.0%    0.0%    0.0%   40.7%   41.9%    0.0%
      laden   corridor      1416    17.4%    1.9%    0.0%    0.0%    0.0%    0.0%    0.4%   40.0%   40.3%    0.0%
      laden   junction      8114    10.8%    1.4%    0.0%    0.0%    0.0%    0.0%    0.2%   44.2%   43.5%    0.0%
      laden   open          3857     9.9%    1.4%    0.0%    0.0%    0.0%    0.0%    0.0%   44.6%   44.1%    0.0%
      spoil   pocket         440    12.7%    2.0%    0.0%    0.0%    0.0%    0.0%    9.1%   37.0%   39.1%    0.0%
      spoil   corridor       382    20.4%    1.3%    0.0%    0.0%    0.0%    0.0%    5.2%   34.0%   39.0%    0.0%
      spoil   junction       846    35.2%    0.8%    0.0%    0.0%    0.0%    0.0%    2.2%   34.8%   27.0%    0.0%
      spoil   open           273    27.1%    1.5%    0.0%    0.0%    0.0%    0.0%    0.0%   38.5%   33.0%    0.0%
    DECISIONS: rows not written (decisionnorows)
   90   17  hand   14/14       13029      762        0    82914    62964   18/22       20         2 1 1 18 0
                A READ  ant-readable homeward along >= 0.02 on  60.1% of route-cell samples | FOODWARD  25.6% | plane lit on  98.5% | peak amt  65535 cells  91
                THE LOOP, ANT BY ANT:
                  0. lived                                     22    100.0% of prev    100.0% of all
                  1. reached the food                          18     81.8% of prev     81.8% of all
                  2. picked food up out there                  17     94.4% of prev     77.3% of all
                  3. turned for home with it                   17    100.0% of prev     77.3% of all
                  4. got back to the nest still holding it     16     94.1% of prev     72.7% of all
                  5. PUT IT DOWN there                         16    100.0% of prev     72.7% of all
                  6. went back out again                       14     87.5% of prev     63.6% of all
                  7. reached the food a SECOND time             5     35.7% of prev     22.7% of all
                RETURN LEDGER reached food   18 of   22 ants | came back   17 | trips laden   19 empty    1 | LOOPERS   16 of   22 ants (88.9% of those that reached food), repeat    3, most loops by one ant   2
                BY ANCHOR AT PICKUP  anchor ON nest material:   19 loops /   20 pickups ( 95.0%) | anchor OFF it:    0 /    0 (  0.0%)
                BY BIRTH SITE  born ON comb:  16 of  18 that reached food looped ( 88.9%) | born OFF comb:   0 of   0 (  0.0%)
                LEGS legs[991,493,1261,715,1015,1273,667,949,607,583,901,967,739,649,871,529,601,1123,1195,3073] laden[991,493,1261,715,1015,1273,667,949,607,583,901,967,739,649,871,529,601,1123,1195]
                founded x   30..68   (nest cursor 48 MATERIAL x 26..70 20 of 22 founders born on it; food 138; nearest founder 70 cells out, farthest 108, nominal gap 90)  occupancy/1k [13 165 139 20 18 21 20 6]  carry->nest    1192  born    2 died    8 (starved    7)
                own trail: route pk   18 end    0 along +0.0000  B nest->food [2106,6056,7850,10522,8308]  blocked      214  kin swaps       0  ticks     67398  tumbles     29342 (homeward     1778, 6.06%)  drops     462  DELIVERED   462  leg home n   20 med   901 p90  1261 (laden n   19 med   871 p90  1195)  appetite held         0 J of     46626  trips born-on-comb   20 (20 ants) / born-off    0 (2 ants)
                channel A: PEAK amt  65535 cells   91 (of 91 route)  POLARITY|| +0.06036 && +0.05760 SPAN -0.00351 edge   0.5  end nest->food [876,59531,3137,881,0]  nest   25  AtNest 23.82%
                Carrying: laden     94561  of which SPOIL     12061 ( 12.8%)
    DECISION CENSUS: 72663 decisions, reconciled against the rows and the engine's counters
      C1 homeward re-roll: no_usable 99, bias_off 0, no_crop 25000, empty_crop 0, no_site 0, on_anchor 2470, roll_failed 2300, fired 2043, fired_haul 0
      C1 fired, aimed: toward 1865, across 122, away 56
      C2 drop: roll_lost 13493, placed 0, delivered 955, no_room 686 -- no room on 41.8% of won rolls; handed on through bodies 0 (mean 0.0 steps)
      C3 cone: left 820, straight 5895, right 755; Turn nonzero on 1409 picks (largest |Turn| 1.14e-7), discarded on 743
      leg     setting          n  stepped    felllaunched swappedcrossingreversedblocked_roll_fairoll_fai no_body
      empty   pocket        1504     3.7%   10.5%    0.0%    0.0%    0.0%    0.0%    1.6%   42.8%   41.5%    0.0%
      empty   corridor      2306    26.6%    3.1%    0.0%    0.0%    0.0%    0.0%    0.3%   35.0%   35.0%    0.0%
      empty   junction     28225    12.1%    2.1%    0.0%    0.0%    0.0%    0.0%    0.2%   42.7%   43.0%    0.0%
      empty   open         23147     6.2%    1.7%    0.0%    0.0%    0.0%    0.0%    0.0%   45.8%   46.3%    0.0%
      laden   pocket         332     4.5%   20.5%    0.0%    0.0%    0.0%    0.0%    0.6%   39.2%   35.2%    0.0%
      laden   corridor      1625    13.8%    0.8%    0.0%    0.0%    0.0%    0.0%    0.6%   43.1%   41.6%    0.0%
      laden   junction      7962    12.2%    1.4%    0.0%    0.0%    0.0%    0.0%    0.3%   43.4%   42.7%    0.0%
      laden   open          5573     8.2%    1.6%    0.0%    0.0%    0.0%    0.0%    0.0%   45.5%   44.7%    0.0%
      spoil   pocket        1185     1.6%    0.0%    0.0%    0.0%    0.0%    0.0%    1.4%   48.5%   48.4%    0.0%
      spoil   corridor       113    38.1%    1.8%    0.0%    0.0%    0.0%    0.0%    7.1%   30.1%   23.0%    0.0%
      spoil   junction       491    35.6%    2.0%    0.0%    0.0%    0.0%    0.0%    3.5%   29.7%   29.1%    0.0%
      spoil   open           200    27.0%    2.0%    0.0%    0.0%    0.0%    0.0%    0.0%   34.0%   37.0%    0.0%
    DECISIONS: rows not written (decisionnorows)
   90   18  hand   12/12       13596     1182        0    89669    61415   19/22       22         1 0 2 19 0
                A READ  ant-readable homeward along >= 0.02 on  61.7% of route-cell samples | FOODWARD  25.9% | plane lit on  97.4% | peak amt  48647 cells  91
                THE LOOP, ANT BY ANT:
                  0. lived                                     22    100.0% of prev    100.0% of all
                  1. reached the food                          19     86.4% of prev     86.4% of all
                  2. picked food up out there                  19    100.0% of prev     86.4% of all
                  3. turned for home with it                   18     94.7% of prev     81.8% of all
                  4. got back to the nest still holding it     16     88.9% of prev     72.7% of all
                  5. PUT IT DOWN there                         15     93.8% of prev     68.2% of all
                  6. went back out again                       15    100.0% of prev     68.2% of all
                  7. reached the food a SECOND time             4     26.7% of prev     18.2% of all
                RETURN LEDGER reached food   19 of   22 ants | came back   18 | trips laden   18 empty    4 | LOOPERS   15 of   22 ants (78.9% of those that reached food), repeat    3, most loops by one ant   2
                BY ANCHOR AT PICKUP  anchor ON nest material:   18 loops /   23 pickups ( 78.3%) | anchor OFF it:    0 /    0 (  0.0%)
                BY BIRTH SITE  born ON comb:  15 of  19 that reached food looped ( 78.9%) | born OFF comb:   0 of   0 (  0.0%)
                LEGS legs[787,847,751,1123,835,1183,1525,1447,961,1465,1087,1021,1255,835,691,2695,1045,2167,529,901,6661,1285] laden[787,847,751,1123,835,1183,1525,1447,961,1465,1087,1021,1255,835,691,2695,1045,529]
                founded x   30..68   (nest cursor 48 MATERIAL x 26..70 20 of 22 founders born on it; food 138; nearest founder 70 cells out, farthest 108, nominal gap 90)  occupancy/1k [4 66 263 16 32 22 17 5]  carry->nest    1247  born    2 died   10 (starved    4)
                own trail: route pk   72 end    0 along +0.0000  B nest->food [2106,6061,7936,10502,8308]  blocked      160  kin swaps       0  ticks     72669  tumbles     31912 (homeward     2043, 6.40%)  drops     955  DELIVERED   955  leg home n   22 med  1087 p90  2167 (laden n   18 med  1045 p90  1465)  appetite held         0 J of     50863  trips born-on-comb   22 (20 ants) / born-off    0 (2 ants)
                channel A: PEAK amt  48647 cells   91 (of 91 route)  POLARITY|| +0.06941 && +0.06500 SPAN -0.00665 edge   0.7  end nest->food [771,31535,3084,879,0]  nest   25  AtNest 19.24%
                Carrying: laden    101601  of which SPOIL     11932 ( 11.7%)
    DECISION CENSUS: 67764 decisions, reconciled against the rows and the engine's counters
      C1 homeward re-roll: no_usable 110, bias_off 0, no_crop 20324, empty_crop 0, no_site 0, on_anchor 4863, roll_failed 2420, fired 1963, fired_haul 0
      C1 fired, aimed: toward 1543, across 166, away 254
      C2 drop: roll_lost 15641, placed 0, delivered 1192, no_room 3068 -- no room on 72.0% of won rolls; handed on through bodies 0 (mean 0.0 steps)
      C3 cone: left 738, straight 5475, right 711; Turn nonzero on 1196 picks (largest |Turn| 7.63e-8), discarded on 555
      leg     setting          n  stepped    felllaunched swappedcrossingreversedblocked_roll_fairoll_fai no_body
      empty   pocket        1204     2.7%   15.2%    0.0%    0.0%    0.0%    0.0%    0.5%   40.1%   41.5%    0.0%
      empty   corridor      6108     7.3%    0.9%    0.0%    0.0%    0.0%    0.0%    0.1%   46.1%   45.4%    0.0%
      empty   junction     21364    14.8%    2.0%    0.0%    0.0%    0.0%    0.0%    0.2%   41.1%   42.0%    0.0%
      empty   open         17451     7.7%    2.4%    0.0%    0.0%    0.0%    0.0%    0.0%   45.5%   44.5%    0.0%
      laden   pocket        1466     1.0%    6.8%    0.0%    0.0%    0.0%    0.0%    0.1%   46.2%   45.8%    0.0%
      laden   corridor      3925     4.8%    0.6%    0.0%    0.0%    0.0%    0.0%    0.0%   46.1%   48.5%    0.0%
      laden   junction     12030     9.3%    1.1%    0.0%    0.0%    0.0%    0.0%    0.2%   44.2%   45.1%    0.0%
      laden   open          3277    10.4%    2.4%    0.0%    0.0%    0.0%    0.0%    0.0%   44.0%   43.2%    0.0%
      spoil   pocket          65    15.4%    6.2%    0.0%    0.0%    0.0%    0.0%   13.8%   30.8%   33.8%    0.0%
      spoil   corridor       123    26.8%    0.8%    0.0%    0.0%    0.0%    0.0%    7.3%   23.6%   41.5%    0.0%
      spoil   junction       553    36.3%    0.5%    0.0%    0.0%    0.0%    0.0%    3.6%   29.3%   30.2%    0.0%
      spoil   open           198    23.2%    1.5%    0.0%    0.0%    0.0%    0.0%    0.0%   37.4%   37.9%    0.0%
    DECISIONS: rows not written (decisionnorows)
   90   19  hand   13/13       17145     1272        0   123689    98201   20/22       24         0 2 0 20 0
                A READ  ant-readable homeward along >= 0.02 on  59.4% of route-cell samples | FOODWARD  27.1% | plane lit on  97.9% | peak amt  47727 cells  91
                THE LOOP, ANT BY ANT:
                  0. lived                                     22    100.0% of prev    100.0% of all
                  1. reached the food                          20     90.9% of prev     90.9% of all
                  2. picked food up out there                  20    100.0% of prev     90.9% of all
                  3. turned for home with it                   20    100.0% of prev     90.9% of all
                  4. got back to the nest still holding it     20    100.0% of prev     90.9% of all
                  5. PUT IT DOWN there                         20    100.0% of prev     90.9% of all
                  6. went back out again                       12     60.0% of prev     54.5% of all
                  7. reached the food a SECOND time             5     41.7% of prev     22.7% of all
                RETURN LEDGER reached food   20 of   22 ants | came back   20 | trips laden   24 empty    0 | LOOPERS   20 of   22 ants (100.0% of those that reached food), repeat    4, most loops by one ant   2
                BY ANCHOR AT PICKUP  anchor ON nest material:   24 loops /   25 pickups ( 96.0%) | anchor OFF it:    0 /    0 (  0.0%)
                BY BIRTH SITE  born ON comb:  20 of  20 that reached food looped (100.0%) | born OFF comb:   0 of   0 (  0.0%)
                LEGS legs[883,667,895,889,649,775,913,523,961,1411,667,625,991,661,673,1069,1405,787,499,577,565,571,535,535] laden[883,667,895,889,649,775,913,523,961,1411,667,625,991,661,673,1069,1405,787,499,577,565,571,535,535]
                founded x   30..68   (nest cursor 48 MATERIAL x 26..70 20 of 22 founders born on it; food 138; nearest founder 70 cells out, farthest 108, nominal gap 90)  occupancy/1k [3 83 218 16 18 20 34 6]  carry->nest    1458  born    2 died    9 (starved    5)
                own trail: route pk   71 end    0 along +0.0000  B nest->food [2106,5591,8329,10720,8309]  blocked      130  kin swaps       0  ticks     67768  tumbles     29680 (homeward     1963, 6.61%)  drops    1192  DELIVERED  1192  leg home n   24 med   673 p90  1069 (laden n   24 med   673 p90  1069)  appetite held         0 J of     68131  trips born-on-comb   24 (20 ants) / born-off    0 (2 ants)
                channel A: PEAK amt  47727 cells   91 (of 91 route)  POLARITY|| +0.05518 && +0.05215 SPAN -0.00754 edge   0.4  end nest->food [668,9647,2232,1173,1]  nest   25  AtNest 26.42%
                Carrying: laden    129322  of which SPOIL      7421 (  5.7%)
    DECISION CENSUS: 65854 decisions, reconciled against the rows and the engine's counters
      C1 homeward re-roll: no_usable 101, bias_off 0, no_crop 21379, empty_crop 0, no_site 0, on_anchor 6045, roll_failed 1326, fired 969, fired_haul 0
      C1 fired, aimed: toward 472, across 414, away 83
      C2 drop: roll_lost 11332, placed 0, delivered 1700, no_room 4120 -- no room on 70.8% of won rolls; handed on through bodies 0 (mean 0.0 steps)
      C3 cone: left 507, straight 4839, right 498; Turn nonzero on 928 picks (largest |Turn| 7.63e-8), discarded on 587
      leg     setting          n  stepped    felllaunched swappedcrossingreversedblocked_roll_fairoll_fai no_body
      empty   pocket        5214     2.2%    2.1%    0.0%    0.0%    0.0%    0.0%    1.3%   45.6%   48.7%    0.0%
      empty   corridor      3823    25.6%    1.0%    0.0%    0.0%    0.0%    0.0%    0.2%   37.9%   35.4%    0.0%
      empty   junction     26078     8.9%    1.2%    0.0%    0.0%    0.0%    0.0%    0.2%   45.5%   44.3%    0.0%
      empty   open          9927     8.9%    1.9%    0.0%    0.0%    0.0%    0.0%    0.0%   44.6%   44.7%    0.0%
      laden   pocket        4362     0.2%    2.1%    0.0%    0.0%    0.0%    0.0%    0.0%   48.9%   48.8%    0.0%
      laden   corridor      4660     4.4%    0.5%    0.0%    0.0%    0.0%    0.0%    0.0%   47.6%   47.5%    0.0%
      laden   junction      7928    10.6%    0.9%    0.0%    0.0%    0.0%    0.0%    0.2%   44.9%   43.4%    0.0%
      laden   open          1145    16.9%    4.2%    0.0%    0.0%    0.0%    0.0%    0.0%   38.9%   40.0%    0.0%
      spoil   pocket        1220     3.0%    0.1%    0.0%    0.0%    0.0%    0.0%    2.8%   46.5%   47.7%    0.0%
      spoil   corridor       362    35.1%    0.0%    0.0%    0.0%    0.0%    0.0%    1.9%   31.5%   31.5%    0.0%
      spoil   junction       934    12.2%    0.4%    0.0%    0.0%    0.0%    0.0%    1.2%   41.9%   44.3%    0.0%
      spoil   open           201    16.9%    1.5%    0.0%    0.0%    0.0%    0.0%    0.0%   40.3%   41.3%    0.0%
    DECISIONS: rows not written (decisionnorows)
   90   20  hand   16/15       14432      984        0   108570    91902   15/21       18         1 5 0 15 0
                A READ  ant-readable homeward along >= 0.02 on  57.5% of route-cell samples | FOODWARD  26.6% | plane lit on  97.3% | peak amt  32330 cells  91
                THE LOOP, ANT BY ANT:
                  0. lived                                     21    100.0% of prev    100.0% of all
                  1. reached the food                          15     71.4% of prev     71.4% of all
                  2. picked food up out there                  14     93.3% of prev     66.7% of all
                  3. turned for home with it                   14    100.0% of prev     66.7% of all
                  4. got back to the nest still holding it     14    100.0% of prev     66.7% of all
                  5. PUT IT DOWN there                         14    100.0% of prev     66.7% of all
                  6. went back out again                        7     50.0% of prev     33.3% of all
                  7. reached the food a SECOND time             4     57.1% of prev     19.0% of all
                RETURN LEDGER reached food   15 of   21 ants | came back   14 | trips laden   18 empty    0 | LOOPERS   14 of   21 ants (93.3% of those that reached food), repeat    4, most loops by one ant   2
                BY ANCHOR AT PICKUP  anchor ON nest material:   18 loops /   18 pickups (100.0%) | anchor OFF it:    0 /    0 (  0.0%)
                BY BIRTH SITE  born ON comb:  14 of  15 that reached food looped ( 93.3%) | born OFF comb:   0 of   0 (  0.0%)
                LEGS legs[673,967,679,709,871,661,877,649,817,661,781,511,865,985,1651,727,1639,625] laden[673,967,679,709,871,661,877,649,817,661,781,511,865,985,1651,727,1639,625]
                founded x   30..68   (nest cursor 48 MATERIAL x 26..70 20 of 21 founders born on it; food 138; nearest founder 70 cells out, farthest 108, nominal gap 90)  occupancy/1k [4 130 205 8 8 13 18 5]  carry->nest    1091  born    1 died    5 (starved    5)
                own trail: route pk   70 end    0 along +0.0000  B nest->food [2106,5134,7911,10525,8308]  blocked      193  kin swaps       0  ticks     65854  tumbles     29820 (homeward      969, 3.25%)  drops    1700  DELIVERED  1700  leg home n   18 med   781 p90   985 (laden n   18 med   781 p90   985)  appetite held         0 J of     59755  trips born-on-comb   18 (21 ants) / born-off    0 (0 ants)
                channel A: PEAK amt  32330 cells   91 (of 91 route)  POLARITY|| +0.07696 && +0.07287 SPAN -0.00497 edge   1.1  end nest->food [1171,13209,1443,454,0]  nest   25  AtNest 37.24%
                Carrying: laden    124872  of which SPOIL     22338 ( 17.9%)
    DECISION CENSUS: 63936 decisions, reconciled against the rows and the engine's counters
      C1 homeward re-roll: no_usable 106, bias_off 0, no_crop 18269, empty_crop 0, no_site 0, on_anchor 5717, roll_failed 1472, fired 1982, fired_haul 0
      C1 fired, aimed: toward 1885, across 2, away 95
      C2 drop: roll_lost 15180, placed 0, delivered 1135, no_room 2956 -- no room on 72.3% of won rolls; handed on through bodies 0 (mean 0.0 steps)
      C3 cone: left 842, straight 6061, right 724; Turn nonzero on 1215 picks (largest |Turn| 7.63e-8), discarded on 607
      leg     setting          n  stepped    felllaunched swappedcrossingreversedblocked_roll_fairoll_fai no_body
      empty   pocket         607     2.6%   30.1%    0.0%    0.0%    0.0%    0.0%    0.0%   33.6%   33.6%    0.0%
      empty   corridor      3631    16.9%    2.2%    0.0%    0.0%    0.0%    0.0%    0.1%   39.7%   41.0%    0.0%
      empty   junction     25811    14.1%    2.6%    0.0%    0.0%    0.0%    0.0%    0.2%   42.2%   40.9%    0.0%
      empty   open         13128    11.2%    2.8%    0.0%    0.0%    0.0%    0.0%    0.0%   42.1%   43.9%    0.0%
      laden   pocket        2323     1.0%    3.6%    0.0%    0.0%    0.0%    0.0%    0.1%   48.1%   47.2%    0.0%
      laden   corridor      3609     8.9%    0.9%    0.0%    0.0%    0.0%    0.0%    0.0%   46.1%   44.2%    0.0%
      laden   junction      9379    10.2%    1.1%    0.0%    0.0%    0.0%    0.0%    0.1%   44.4%   44.2%    0.0%
      laden   open          4709     6.2%    1.0%    0.0%    0.0%    0.0%    0.0%    0.0%   47.4%   45.4%    0.0%
      spoil   pocket         104     8.7%   12.5%    0.0%    0.0%    0.0%    0.0%    8.7%   37.5%   32.7%    0.0%
      spoil   corridor        56    33.9%    1.8%    0.0%    0.0%    0.0%    0.0%   10.7%   23.2%   30.4%    0.0%
      spoil   junction       439    45.6%    1.8%    0.0%    0.0%    0.0%    0.0%    3.6%   27.1%   21.9%    0.0%
      spoil   open           140    50.0%    4.3%    0.0%    0.0%    0.0%    0.0%    0.0%   22.9%   22.9%    0.0%
    DECISIONS: rows not written (decisionnorows)
   90   21  hand   14/13       15850     1092        0   116821    97777   20/22       22         0 2 0 20 0
                A READ  ant-readable homeward along >= 0.02 on  52.6% of route-cell samples | FOODWARD  27.6% | plane lit on  97.9% | peak amt  37519 cells  91
                THE LOOP, ANT BY ANT:
                  0. lived                                     22    100.0% of prev    100.0% of all
                  1. reached the food                          20     90.9% of prev     90.9% of all
                  2. picked food up out there                  20    100.0% of prev     90.9% of all
                  3. turned for home with it                   20    100.0% of prev     90.9% of all
                  4. got back to the nest still holding it     20    100.0% of prev     90.9% of all
                  5. PUT IT DOWN there                         20    100.0% of prev     90.9% of all
                  6. went back out again                       11     55.0% of prev     50.0% of all
                  7. reached the food a SECOND time             1      9.1% of prev      4.5% of all
                RETURN LEDGER reached food   20 of   22 ants | came back   20 | trips laden   22 empty    0 | LOOPERS   20 of   22 ants (100.0% of those that reached food), repeat    1, most loops by one ant   3
                BY ANCHOR AT PICKUP  anchor ON nest material:   22 loops /   22 pickups (100.0%) | anchor OFF it:    0 /    0 (  0.0%)
                BY BIRTH SITE  born ON comb:  20 of  20 that reached food looped (100.0%) | born OFF comb:   0 of   0 (  0.0%)
                LEGS legs[775,535,559,589,559,481,601,583,457,685,697,619,733,745,781,781,733,1609,2017,613,583,2071] laden[775,535,559,589,559,481,601,583,457,685,697,619,733,745,781,781,733,1609,2017,613,583,2071]
                founded x   30..68   (nest cursor 48 MATERIAL x 26..70 20 of 22 founders born on it; food 138; nearest founder 70 cells out, farthest 108, nominal gap 90)  occupancy/1k [3 36 241 14 23 28 24 6]  carry->nest    1329  born    2 died    8 (starved    7)
                own trail: route pk   73 end   11 along -0.0000  B nest->food [2106,5717,8082,10627,8308]  blocked       89  kin swaps       0  ticks     63937  tumbles     27546 (homeward     1982, 7.20%)  drops    1135  DELIVERED  1135  leg home n   22 med   685 p90  1609 (laden n   22 med   685 p90  1609)  appetite held         0 J of     65629  trips born-on-comb   22 (20 ants) / born-off    0 (2 ants)
                channel A: PEAK amt  37519 cells   91 (of 91 route)  POLARITY|| +0.05250 && +0.04853 SPAN -0.00998 edge   0.4  end nest->food [760,3773,3156,1958,50]  nest   25  AtNest 31.25%
                Carrying: laden    121255  of which SPOIL      4434 (  3.7%)
    DECISION CENSUS: 76460 decisions, reconciled against the rows and the engine's counters
      C1 homeward re-roll: no_usable 70, bias_off 0, no_crop 22862, empty_crop 0, no_site 0, on_anchor 8848, roll_failed 1888, fired 1361, fired_haul 0
      C1 fired, aimed: toward 1151, across 77, away 133
      C2 drop: roll_lost 16042, placed 0, delivered 2815, no_room 5194 -- no room on 64.9% of won rolls; handed on through bodies 0 (mean 0.0 steps)
      C3 cone: left 485, straight 5079, right 481; Turn nonzero on 1080 picks (largest |Turn| 7.63e-8), discarded on 681
      leg     setting          n  stepped    felllaunched swappedcrossingreversedblocked_roll_fairoll_fai no_body
      empty   pocket        5033     0.9%    2.4%    0.0%    0.0%    0.0%    0.0%    0.3%   48.5%   48.0%    0.0%
      empty   corridor      7090    13.4%    0.6%    0.0%    0.0%    0.0%    0.0%    0.1%   42.8%   43.2%    0.0%
      empty   junction     25987    10.0%    1.2%    0.0%    0.0%    0.0%    0.0%    0.1%   44.5%   44.2%    0.0%
      empty   open         10177     6.4%    1.5%    0.0%    0.0%    0.0%    0.0%    0.0%   46.7%   45.4%    0.0%
      laden   pocket        1644     0.3%    4.0%    0.0%    0.0%    0.0%    0.0%    0.2%   47.6%   48.0%    0.0%
      laden   corridor      5044     8.5%    0.4%    0.0%    0.0%    0.0%    0.0%    0.1%   45.2%   45.8%    0.0%
      laden   junction     18175     5.1%    0.4%    0.0%    0.0%    0.0%    0.0%    0.1%   47.5%   46.9%    0.0%
      laden   open           993    15.2%    2.1%    0.0%    0.0%    0.0%    0.0%    0.0%   44.2%   38.5%    0.0%
      spoil   pocket        1368     4.0%    0.1%    0.0%    0.0%    0.0%    0.0%    3.7%   44.4%   47.8%    0.0%
      spoil   corridor       303    26.1%    0.3%    0.0%    0.0%    0.0%    0.0%    2.3%   38.0%   33.3%    0.0%
      spoil   junction       555    26.7%    0.2%    0.0%    0.0%    0.0%    0.0%    3.2%   35.5%   34.4%    0.0%
      spoil   open            91    26.4%    2.2%    0.0%    0.0%    0.0%    0.0%    0.0%   40.7%   30.8%    0.0%
    DECISIONS: rows not written (decisionnorows)
   90   22  hand   19/18       20334      948        0   153857   126377   17/23       21         2 4 0 17 0
                A READ  ant-readable homeward along >= 0.02 on  56.4% of route-cell samples | FOODWARD  28.6% | plane lit on  98.4% | peak amt  33784 cells  91
                THE LOOP, ANT BY ANT:
                  0. lived                                     23    100.0% of prev    100.0% of all
                  1. reached the food                          17     73.9% of prev     73.9% of all
                  2. picked food up out there                  17    100.0% of prev     73.9% of all
                  3. turned for home with it                   17    100.0% of prev     73.9% of all
                  4. got back to the nest still holding it     17    100.0% of prev     73.9% of all
                  5. PUT IT DOWN there                         17    100.0% of prev     73.9% of all
                  6. went back out again                        8     47.1% of prev     34.8% of all
                  7. reached the food a SECOND time             5     62.5% of prev     21.7% of all
                RETURN LEDGER reached food   17 of   23 ants | came back   17 | trips laden   20 empty    1 | LOOPERS   17 of   23 ants (100.0% of those that reached food), repeat    3, most loops by one ant   2
                BY ANCHOR AT PICKUP  anchor ON nest material:   20 loops /   25 pickups ( 80.0%) | anchor OFF it:    0 /    0 (  0.0%)
                BY BIRTH SITE  born ON comb:  17 of  17 that reached food looped (100.0%) | born OFF comb:   0 of   0 (  0.0%)
                LEGS legs[649,523,823,799,709,769,715,673,463,547,715,511,733,715,523,439,1441,775,601,2893,1303] laden[649,523,823,799,709,769,715,673,463,547,715,511,733,715,523,439,1441,775,601,1303]
                founded x   30..68   (nest cursor 48 MATERIAL x 26..70 20 of 23 founders born on it; food 138; nearest founder 70 cells out, farthest 108, nominal gap 90)  occupancy/1k [13 49 310 10 13 22 29 8]  carry->nest    1316  born    3 died    4 (starved    2)
                own trail: route pk   66 end    9 along +0.0000  B nest->food [2106,5230,7927,10534,8308]  blocked      146  kin swaps       0  ticks     76462  tumbles     35029 (homeward     1361, 3.89%)  drops    2815  DELIVERED  2815  leg home n   21 med   715 p90  1303 (laden n   20 med   715 p90   823)  appetite held         0 J of     84975  trips born-on-comb   21 (21 ants) / born-off    0 (2 ants)
                channel A: PEAK amt  33784 cells   91 (of 91 route)  POLARITY|| +0.06456 && +0.06183 SPAN -0.00629 edge   0.4  end nest->food [773,5599,1636,952,0]  nest   25  AtNest 38.45%
                Carrying: laden    167760  of which SPOIL     15763 (  9.4%)
    DECISION CENSUS: 72096 decisions, reconciled against the rows and the engine's counters
      C1 homeward re-roll: no_usable 195, bias_off 0, no_crop 22473, empty_crop 0, no_site 0, on_anchor 2616, roll_failed 2458, fired 2095, fired_haul 0
      C1 fired, aimed: toward 1760, across 108, away 227
      C2 drop: roll_lost 14147, placed 0, delivered 996, no_room 560 -- no room on 36.0% of won rolls; handed on through bodies 0 (mean 0.0 steps)
      C3 cone: left 1084, straight 8651, right 1030; Turn nonzero on 1676 picks (largest |Turn| 1.14e-7), discarded on 721
      leg     setting          n  stepped    felllaunched swappedcrossingreversedblocked_roll_fairoll_fai no_body
      empty   pocket        1632     9.3%   19.2%    0.0%    0.0%    0.0%    0.0%    3.7%   34.7%   33.1%    0.0%
      empty   corridor      3281    25.6%    3.6%    0.0%    0.0%    0.0%    0.0%    1.5%   34.3%   35.0%    0.0%
      empty   junction     25545    18.9%    3.0%    0.0%    0.0%    0.0%    0.0%    0.5%   39.1%   38.5%    0.0%
      empty   open         23012    10.4%    2.4%    0.0%    0.0%    0.0%    0.0%    0.0%   43.2%   44.1%    0.0%
      laden   pocket        1308     0.8%    4.7%    0.0%    0.0%    0.0%    0.0%    0.2%   47.1%   47.2%    0.0%
      laden   corridor      1941    18.1%    1.3%    0.0%    0.0%    0.0%    0.0%    0.4%   41.5%   38.7%    0.0%
      laden   junction      9514     9.8%    1.6%    0.0%    0.0%    0.0%    0.0%    0.2%   44.9%   43.5%    0.0%
      laden   open          3599    15.8%    4.8%    0.0%    0.0%    0.0%    0.0%    0.0%   40.5%   38.9%    0.0%
      spoil   pocket         386    20.2%    1.6%    0.0%    0.0%    0.0%    0.0%   16.6%   31.9%   29.8%    0.0%
      spoil   corridor       268    36.6%    0.7%    0.0%    0.0%    0.0%    0.0%    7.8%   25.4%   29.5%    0.0%
      spoil   junction      1266    32.3%    0.9%    0.0%    0.0%    0.0%    0.0%    3.1%   30.6%   33.1%    0.0%
      spoil   open           344    35.8%    2.6%    0.0%    0.0%    0.0%    0.0%    0.0%   29.4%   32.3%    0.0%
    DECISIONS: rows not written (decisionnorows)
   90   23  hand   11/11       15773     1494        0    98179    51840   21/24       12         0 3 0 21 0
                A READ  ant-readable homeward along >= 0.02 on  54.7% of route-cell samples | FOODWARD  27.3% | plane lit on  97.6% | peak amt  65145 cells  91
                THE LOOP, ANT BY ANT:
                  0. lived                                     24    100.0% of prev    100.0% of all
                  1. reached the food                          21     87.5% of prev     87.5% of all
                  2. picked food up out there                  20     95.2% of prev     83.3% of all
                  3. turned for home with it                   15     75.0% of prev     62.5% of all
                  4. got back to the nest still holding it     12     80.0% of prev     50.0% of all
                  5. PUT IT DOWN there                         12    100.0% of prev     50.0% of all
                  6. went back out again                       11     91.7% of prev     45.8% of all
                  7. reached the food a SECOND time             4     36.4% of prev     16.7% of all
                RETURN LEDGER reached food   21 of   24 ants | came back   12 | trips laden   12 empty    0 | LOOPERS   12 of   24 ants (57.1% of those that reached food), repeat    0, most loops by one ant   1
                BY ANCHOR AT PICKUP  anchor ON nest material:   12 loops /   22 pickups ( 54.5%) | anchor OFF it:    0 /    3 (  0.0%)
                BY BIRTH SITE  born ON comb:  12 of  20 that reached food looped ( 60.0%) | born OFF comb:   0 of   1 (  0.0%)
                LEGS legs[439,529,487,487,997,619,565,595,649,1417,625,1681] laden[439,529,487,487,997,619,565,595,649,1417,625,1681]
                founded x   30..68   (nest cursor 48 MATERIAL x 26..70 20 of 24 founders born on it; food 138; nearest founder 70 cells out, farthest 108, nominal gap 90)  occupancy/1k [11 55 134 17 27 70 83 33]  carry->nest    1059  born    4 died   13 (starved    9)
                own trail: route pk   62 end   24 along +0.0162  B nest->food [2106,5529,7727,10629,8310]  blocked      387  kin swaps       0  ticks     72100  tumbles     29837 (homeward     2095, 7.02%)  drops     996  DELIVERED   996  leg home n   12 med   619 p90  1417 (laden n   12 med   619 p90  1417)  appetite held         0 J of     53246  trips born-on-comb   12 (20 ants) / born-off    0 (4 ants)
                channel A: PEAK amt  65145 cells   91 (of 91 route)  POLARITY|| +0.06787 && +0.06390 SPAN -0.00485 edge   0.6  end nest->food [17376,57297,6375,1042,0]  nest   25  AtNest 18.60%
                Carrying: laden    111763  of which SPOIL     19032 ( 17.0%)
    DECISION CENSUS: 56189 decisions, reconciled against the rows and the engine's counters
      C1 homeward re-roll: no_usable 72, bias_off 0, no_crop 15127, empty_crop 0, no_site 0, on_anchor 7511, roll_failed 1066, fired 502, fired_haul 0
      C1 fired, aimed: toward 485, across 8, away 9
      C2 drop: roll_lost 11868, placed 0, delivered 3732, no_room 2585 -- no room on 40.9% of won rolls; handed on through bodies 0 (mean 0.0 steps)
      C3 cone: left 668, straight 5211, right 607; Turn nonzero on 1350 picks (largest |Turn| 7.63e-8), discarded on 747
      leg     setting          n  stepped    felllaunched swappedcrossingreversedblocked_roll_fairoll_fai no_body
      empty   pocket        4000     1.9%    3.4%    0.0%    0.0%    0.0%    0.0%    1.0%   46.2%   47.4%    0.0%
      empty   corridor      5721    10.9%    1.0%    0.0%    0.0%    0.0%    0.0%    0.2%   43.8%   44.1%    0.0%
      empty   junction     19037    15.1%    2.4%    0.0%    0.0%    0.0%    0.0%    0.3%   40.7%   41.5%    0.0%
      empty   open          3440    33.1%    8.2%    0.0%    0.0%    0.0%    0.0%    0.0%   29.7%   29.0%    0.0%
      laden   pocket        3294     0.4%    2.8%    0.0%    0.0%    0.0%    0.0%    0.1%   47.9%   48.8%    0.0%
      laden   corridor      5931     3.5%    0.3%    0.0%    0.0%    0.0%    0.0%    0.1%   47.5%   48.6%    0.0%
      laden   junction      9748     9.6%    1.0%    0.0%    0.0%    0.0%    0.0%    0.3%   45.5%   43.6%    0.0%
      laden   open           731    29.3%    5.1%    0.0%    0.0%    0.0%    0.0%    0.0%   32.6%   33.1%    0.0%
      spoil   pocket         462     9.7%    0.6%    0.0%    0.0%    0.0%    0.0%    9.1%   35.9%   44.6%    0.0%
      spoil   corridor      2710     3.7%    0.0%    0.0%    0.0%    0.0%    0.0%    0.4%   48.3%   47.6%    0.0%
      spoil   junction       954    20.5%    0.9%    0.0%    0.0%    0.0%    0.0%    1.8%   36.4%   40.4%    0.0%
      spoil   open           161    41.6%    3.1%    0.0%    0.0%    0.0%    0.0%    0.0%   19.3%   36.0%    0.0%
    DECISIONS: rows not written (decisionnorows)
   90   24  hand   11/10       17925     1320        0   117345    99345   16/25       15         8 1 0 16 0
                A READ  ant-readable homeward along >= 0.02 on  57.1% of route-cell samples | FOODWARD  24.8% | plane lit on  97.5% | peak amt  35157 cells  91
                THE LOOP, ANT BY ANT:
                  0. lived                                     25    100.0% of prev    100.0% of all
                  1. reached the food                          16     64.0% of prev     64.0% of all
                  2. picked food up out there                  16    100.0% of prev     64.0% of all
                  3. turned for home with it                   16    100.0% of prev     64.0% of all
                  4. got back to the nest still holding it     14     87.5% of prev     56.0% of all
                  5. PUT IT DOWN there                         13     92.9% of prev     52.0% of all
                  6. went back out again                        6     46.2% of prev     24.0% of all
                  7. reached the food a SECOND time             3     50.0% of prev     12.0% of all
                RETURN LEDGER reached food   16 of   25 ants | came back   14 | trips laden   15 empty    0 | LOOPERS   14 of   25 ants (87.5% of those that reached food), repeat    1, most loops by one ant   2
                BY ANCHOR AT PICKUP  anchor ON nest material:   15 loops /   19 pickups ( 78.9%) | anchor OFF it:    0 /    0 (  0.0%)
                BY BIRTH SITE  born ON comb:  14 of  16 that reached food looped ( 87.5%) | born OFF comb:   0 of   0 (  0.0%)
                LEGS legs[535,985,733,733,643,661,529,751,439,733,763,745,547,793,619] laden[535,985,733,733,643,661,529,751,439,733,763,745,547,793,619]
                founded x   30..68   (nest cursor 48 MATERIAL x 26..70 20 of 25 founders born on it; food 138; nearest founder 70 cells out, farthest 108, nominal gap 90)  occupancy/1k [4 209 38 11 21 20 22 5]  carry->nest    1094  born    5 died   14 (starved    8)
                own trail: route pk   29 end   17 along -0.0004  B nest->food [2106,5478,7871,10498,8308]  blocked      220  kin swaps       0  ticks     56195  tumbles     24278 (homeward      502, 2.07%)  drops    3732  DELIVERED  3732  leg home n   15 med   733 p90   793 (laden n   15 med   733 p90   793)  appetite held         0 J of     64704  trips born-on-comb   15 (21 ants) / born-off    0 (4 ants)
                channel A: PEAK amt  35157 cells   91 (of 91 route)  POLARITY|| +0.07365 && +0.07013 SPAN -0.00503 edge   0.6  end nest->food [1104,4103,1668,890,0]  nest   25  AtNest 51.65%
                Carrying: laden    143069  of which SPOIL     29647 ( 20.7%)

  larder put out, over the whole sweep: 100080-107520 J, against a need near 46,800 J
    for 52 ants over 24,000 frames -- so these colonies are provisioned, not starved.
  intake off anything that is not the larder is ASSERTED to be 0 in every row, not printed.

  `self` vs `mute` is the real question: do the ants' OWN trails do anything?
  `visitors` is DISTINCT ants that reached the food over distinct ants that ever lived --
    recruitment, which `near` ant-ticks cannot see: 50 visitors and 1 resident read alike.
  `trips` is nest -> food -> nest, closed on the RETURN. `reach` buckets every ant by how
  `occupancy` is ant-ticks in 8 equal bands, NEST END FIRST, food end last -- a commuting
    colony is bimodal, a dispersing one slides its mass right, a homebody is a spike at 0.
  `carry->nest` is signed cells moved while holding larder, POSITIVE = homeward. Near zero
    means food is picked up and wandered with, which is a different fault from not finding it.
    far it ever got, as a share of the gap, so a commuting population is visible as a shape.
  `hand` vs `self` only says whether a laid ramp beats what they bootstrap.
  `hmute` is the DECAY BASELINE for `route pk`: our ramp laid, the ants silenced.
  `flatN`/`flatF` are the POLARITY metric's negative controls: a FLAT channel A blob over
    the nest half / the food half, ants' EmitA silenced. A field with no ramp in it at all.
    A correct metric reads 0 on both. POLARITY|| is predicted to read ~+0.12 and ~-0.12,
    which brackets every polarity figure in the report -- see `lay_flat`.
  `homeA` lays a channel A HOMING ramp and no food trail -- if laden ants only fail
    to route because they cannot find their way home, this is where their own B appears.
  `carry` is ant-ticks holding larder in the crop; `carry@nest` is those inside the +-26 nest band --
    that pair is the answer to "is food being carried back", which a cell census cannot give.
  `other J` must read 0 in every row: it is the check that `onlyfood` held.
  A gap where `alive` reaches 0 in every arm is measuring a dead colony, not a deaf one.
  diet: larder=fruit onlyfood=on
  odometer A: recur=shipped emita=shipped biasa=shipped   odometer B: charb=shipped recurb=shipped emitb=shipped biasb=shipped carryb=shipped
trailfollow: mode=gap gate=shipped frames=24000 seeds=24 seed0=1 ants=20 relay=60 near=10 food=400 refill=400 stop=6000 homebias=shipped cropcap=shipped hungergate=shipped arho=shipped brho=shipped adiffuse=shipped arise=off/off tumble=shipped persist=shipped tumblegrad=shipped homewire=shipped
  gate shipped: off -45.0  on +0.5  along ±6.0
  breadoff=false decisioncsv=true dtag= COLONY_SPACING=2 STACK_DEPTH=4 layfrom=founders
  landed 2026-09-09: units 0/1 = b2 (off -45, on +0.5, along 6); units 2/3 = saturated (off -45, on +30, along 6). See open-bugs-handoff.md Z7.

  gap seed   arm     alive     ate J  arrive@    dead@    carry    @nest  visitors  trips reach 0-25-50-75-100
----- ---- ----- --------- --------- -------- -------- -------- -------- --------- ------ ------------------
    DECISION CENSUS: 20575 decisions, reconciled against the rows and the engine's counters
      C1 homeward re-roll: no_usable 105, bias_off 0, no_crop 5848, empty_crop 0, no_site 0, on_anchor 0, roll_failed 462, fired 120, fired_haul 0
      C1 fired, aimed: toward 31, across 0, away 89
      C2 drop: roll_lost 1740, placed 0, delivered 0, no_room 0 -- no room on 0.0% of won rolls; handed on through bodies 0 (mean 0.0 steps)
      C3 cone: left 522, straight 5894, right 467; Turn nonzero on 220 picks (largest |Turn| 3.81e-8), discarded on 202
      leg     setting          n  stepped    felllaunched swappedcrossingreversedblocked_roll_fairoll_fai no_body
      empty   pocket        2531     6.6%    8.5%    0.0%    0.0%    0.0%    0.0%    4.0%   40.7%   40.1%    0.0%
      empty   corridor      4061    43.9%    2.1%    0.0%    0.0%    0.0%    0.0%    0.5%   27.2%   26.3%    0.0%
      empty   junction      7979    38.8%    5.7%    0.0%    0.0%    0.0%    0.0%    0.5%   27.4%   27.6%    0.0%
      empty   open          2147    34.7%    8.0%    0.0%    0.0%    0.0%    0.0%    0.0%   29.2%   28.2%    0.0%
      laden   pocket          91     6.6%   56.0%    0.0%    0.0%    0.0%    0.0%    0.0%   23.1%   14.3%    0.0%
      laden   corridor       351    42.7%    3.4%    0.0%    0.0%    0.0%    0.0%    0.3%   26.5%   27.1%    0.0%
      laden   junction      1242    22.1%    2.0%    0.0%    0.0%    0.0%    0.0%    0.4%   37.7%   37.8%    0.0%
      laden   open            58    56.9%    5.2%    0.0%    0.0%    0.0%    0.0%    0.0%   19.0%   19.0%    0.0%
      spoil   pocket         982    19.0%    0.8%    0.0%    0.0%    0.0%    0.0%   16.2%   31.3%   32.7%    0.0%
      spoil   corridor       648    40.7%    0.2%    0.0%    0.0%    0.0%    0.0%    1.7%   28.2%   29.2%    0.0%
      spoil   junction       435    36.3%    1.1%    0.0%    0.0%    0.0%    0.0%    3.4%   31.7%   27.4%    0.0%
      spoil   open            50    42.0%    4.0%    0.0%    0.0%    0.0%    0.0%    0.0%   28.0%   26.0%    0.0%
    DECISIONS: rows not written (decisionnorows)
  140    1  hand    0/0         1368     2724    13374    10452        0    5/20        3          4 2 6 8 0
                A READ  ant-readable homeward along >= 0.02 on  52.1% of route-cell samples | FOODWARD  16.8% | plane lit on  76.6% | peak amt  41509 cells 139
                THE LOOP, ANT BY ANT:
                  0. lived                                     20    100.0% of prev    100.0% of all
                  1. reached the food                           5     25.0% of prev     25.0% of all
                  2. picked food up out there                   4     80.0% of prev     20.0% of all
                  3. turned for home with it                    4    100.0% of prev     20.0% of all
                  4. got back to the nest still holding it      0      0.0% of prev      0.0% of all
                  5. PUT IT DOWN there                          0      0.0% of prev      0.0% of all
                  6. went back out again                        0      0.0% of prev      0.0% of all
                  7. reached the food a SECOND time             0      0.0% of prev      0.0% of all
                RETURN LEDGER reached food    5 of   20 ants | came back    3 | trips laden    0 empty    3 | LOOPERS    0 of   20 ants ( 0.0% of those that reached food), repeat    0, most loops by one ant   0
                BY ANCHOR AT PICKUP  anchor ON nest material:    0 loops /    4 pickups (  0.0%) | anchor OFF it:    0 /    0 (  0.0%)
                BY BIRTH SITE  born ON comb:   0 of   5 that reached food looped (  0.0%) | born OFF comb:   0 of   0 (  0.0%)
                LEGS legs[6559,6025,7819] laden[]
                founded x   30..68   (nest cursor 48 MATERIAL x 26..70 20 of 20 founders born on it; food 188; nearest founder 120 cells out, farthest 158, nominal gap 140)  occupancy/1k [7 54 16 12 16 8 4 2]  carry->nest     425  born    0 died   20 (starved   20)
                own trail: route pk    0 end    0 along +0.0000  B nest->food [1438,4366,7232,9945,8332]  blocked      353  kin swaps       0  ticks     20575  tumbles      6535 (homeward      120, 1.84%)  drops       0  DELIVERED     0  leg home n    3 med  6559 p90  7819 (laden n    0 med     0 p90     0)  appetite held         0 J of      5760  trips born-on-comb    3 (20 ants) / born-off    0 (0 ants)
                channel A: PEAK amt  41509 cells  139 (of 141 route)  POLARITY|| +0.09580 && +0.08809 SPAN +0.00200 edge   5.4  end nest->food [1287,2626,15,0,0]  nest   25  AtNest  5.56%
                Carrying: laden     23142  of which SPOIL     12690 ( 54.8%)
    DECISION CENSUS: 28179 decisions, reconciled against the rows and the engine's counters
      C1 homeward re-roll: no_usable 130, bias_off 0, no_crop 7588, empty_crop 0, no_site 0, on_anchor 342, roll_failed 895, fired 357, fired_haul 0
      C1 fired, aimed: toward 179, across 159, away 19
      C2 drop: roll_lost 3425, placed 0, delivered 349, no_room 0 -- no room on 0.0% of won rolls; handed on through bodies 0 (mean 0.0 steps)
      C3 cone: left 785, straight 6732, right 699; Turn nonzero on 334 picks (largest |Turn| 7.63e-8), discarded on 287
      leg     setting          n  stepped    felllaunched swappedcrossingreversedblocked_roll_fairoll_fai no_body
      empty   pocket        1281     4.6%   22.5%    0.0%    0.0%    0.0%    0.0%    1.6%   37.6%   33.7%    0.0%
      empty   corridor      3614    40.0%    2.5%    0.0%    0.0%    0.0%    0.0%    0.8%   28.8%   27.9%    0.0%
      empty   junction     13714    32.1%    4.4%    0.0%    0.0%    0.0%    0.0%    0.7%   30.9%   31.9%    0.0%
      empty   open          3947    33.7%    7.4%    0.0%    0.0%    0.0%    0.0%    0.0%   28.9%   30.0%    0.0%
      laden   pocket         274     2.6%   12.4%    0.0%    0.0%    0.0%    0.0%    0.0%   45.3%   39.8%    0.0%
      laden   corridor       718    22.6%    0.8%    0.0%    0.0%    0.0%    0.0%    0.3%   40.4%   35.9%    0.0%
      laden   junction      2668    10.3%    0.9%    0.0%    0.0%    0.0%    0.0%    0.3%   42.7%   45.9%    0.0%
      laden   open           116    41.4%    5.2%    0.0%    0.0%    0.0%    0.0%    0.0%   27.6%   25.9%    0.0%
      spoil   pocket         736     4.3%    1.9%    0.0%    0.0%    0.0%    0.0%    3.7%   43.6%   46.5%    0.0%
      spoil   corridor       172    40.7%    1.2%    0.0%    0.0%    0.0%    0.0%    7.6%   26.7%   23.8%    0.0%
      spoil   junction       761    40.1%    2.4%    0.0%    0.0%    0.0%    0.0%    2.9%   26.8%   27.9%    0.0%
      spoil   open           178    42.7%    6.7%    0.0%    0.0%    0.0%    0.0%    0.0%   26.4%   24.2%    0.0%
    DECISIONS: rows not written (decisionnorows)
  140    2  hand    2/2         2964     2580        0    22656     5568    8/20        3         1 0 6 13 0
                A READ  ant-readable homeward along >= 0.02 on  56.0% of route-cell samples | FOODWARD  18.9% | plane lit on  85.8% | peak amt  37800 cells 139
                THE LOOP, ANT BY ANT:
                  0. lived                                     20    100.0% of prev    100.0% of all
                  1. reached the food                           8     40.0% of prev     40.0% of all
                  2. picked food up out there                   7     87.5% of prev     35.0% of all
                  3. turned for home with it                    4     57.1% of prev     20.0% of all
                  4. got back to the nest still holding it      3     75.0% of prev     15.0% of all
                  5. PUT IT DOWN there                          3    100.0% of prev     15.0% of all
                  6. went back out again                        2     66.7% of prev     10.0% of all
                  7. reached the food a SECOND time             0      0.0% of prev      0.0% of all
                RETURN LEDGER reached food    8 of   20 ants | came back    3 | trips laden    1 empty    2 | LOOPERS    1 of   20 ants (12.5% of those that reached food), repeat    0, most loops by one ant   1
                BY ANCHOR AT PICKUP  anchor ON nest material:    1 loops /    8 pickups ( 12.5%) | anchor OFF it:    0 /    0 (  0.0%)
                BY BIRTH SITE  born ON comb:   1 of   8 that reached food looped ( 12.5%) | born OFF comb:   0 of   0 (  0.0%)
                LEGS legs[1249,9685,3265] laden[1249]
                founded x   30..68   (nest cursor 48 MATERIAL x 26..70 20 of 20 founders born on it; food 188; nearest founder 120 cells out, farthest 158, nominal gap 140)  occupancy/1k [14 30 9 31 24 25 27 6]  carry->nest     430  born    0 died   18 (starved   18)
                own trail: route pk   79 end    9 along +0.0000  B nest->food [1438,4266,7139,10067,8332]  blocked      212  kin swaps       0  ticks     28179  tumbles      9312 (homeward      357, 3.83%)  drops     349  DELIVERED   349  leg home n    3 med  3265 p90  9685 (laden n    1 med  1249 p90  1249)  appetite held         0 J of     12481  trips born-on-comb    3 (20 ants) / born-off    0 (0 ants)
                channel A: PEAK amt  37800 cells  139 (of 141 route)  POLARITY|| +0.07566 && +0.06647 SPAN -0.00121 edge   5.1  end nest->food [504,1694,534,0,0]  nest   25  AtNest  8.09%
                Carrying: laden     33738  of which SPOIL     11148 ( 33.0%)
    DECISION CENSUS: 21322 decisions, reconciled against the rows and the engine's counters
      C1 homeward re-roll: no_usable 146, bias_off 0, no_crop 5534, empty_crop 0, no_site 0, on_anchor 402, roll_failed 496, fired 222, fired_haul 0
      C1 fired, aimed: toward 77, across 145, away 0
      C2 drop: roll_lost 2525, placed 0, delivered 426, no_room 0 -- no room on 0.0% of won rolls; handed on through bodies 0 (mean 0.0 steps)
      C3 cone: left 567, straight 5823, right 447; Turn nonzero on 170 picks (largest |Turn| 3.81e-8), discarded on 166
      leg     setting          n  stepped    felllaunched swappedcrossingreversedblocked_roll_fairoll_fai no_body
      empty   pocket        2528     7.3%   11.0%    0.0%    0.0%    0.0%    0.2%    3.4%   39.0%   39.2%    0.0%
      empty   corridor      3601    39.2%    2.2%    0.0%    0.0%    0.0%    0.0%    0.4%   28.3%   30.0%    0.0%
      empty   junction      7925    41.2%    5.6%    0.0%    0.0%    0.0%    0.0%    0.4%   26.7%   26.0%    0.0%
      empty   open          2328    36.0%    9.0%    0.0%    0.0%    0.0%    0.0%    0.0%   26.6%   28.4%    0.0%
      laden   pocket         517     1.9%    8.7%    0.0%    0.0%    0.0%    0.0%    0.0%   45.1%   44.3%    0.0%
      laden   corridor      1506    13.1%    0.5%    0.0%    0.0%    0.0%    0.0%    0.1%   43.6%   42.8%    0.0%
      laden   junction       770    37.7%    5.5%    0.0%    0.0%    0.0%    0.0%    1.0%   26.9%   29.0%    0.0%
      laden   open           160    48.8%    9.4%    0.0%    0.0%    0.0%    0.0%    0.0%   25.6%   16.2%    0.0%
      spoil   pocket         969     9.5%    1.3%    0.0%    0.0%    0.0%    0.0%    7.5%   42.3%   39.3%    0.0%
      spoil   corridor       469    49.3%    0.9%    0.0%    0.0%    0.0%    0.0%    1.1%   26.9%   22.0%    0.0%
      spoil   junction       455    43.5%    1.1%    0.0%    0.0%    0.0%    0.0%    5.1%   26.8%   23.5%    0.0%
      spoil   open            94    45.7%    5.3%    0.0%    0.0%    0.0%    0.0%    0.0%   22.3%   26.6%    0.0%
    DECISIONS: rows not written (decisionnorows)
  140    3  hand    0/0         2557     1764    22932    17718    10764    5/21        4         3 1 7 10 0
                A READ  ant-readable homeward along >= 0.02 on  62.1% of route-cell samples | FOODWARD  14.6% | plane lit on  80.8% | peak amt  35200 cells 139
                THE LOOP, ANT BY ANT:
                  0. lived                                     21    100.0% of prev    100.0% of all
                  1. reached the food                           5     23.8% of prev     23.8% of all
                  2. picked food up out there                   5    100.0% of prev     23.8% of all
                  3. turned for home with it                    5    100.0% of prev     23.8% of all
                  4. got back to the nest still holding it      4     80.0% of prev     19.0% of all
                  5. PUT IT DOWN there                          4    100.0% of prev     19.0% of all
                  6. went back out again                        4    100.0% of prev     19.0% of all
                  7. reached the food a SECOND time             0      0.0% of prev      0.0% of all
                RETURN LEDGER reached food    5 of   21 ants | came back    4 | trips laden    4 empty    0 | LOOPERS    4 of   21 ants (80.0% of those that reached food), repeat    0, most loops by one ant   1
                BY ANCHOR AT PICKUP  anchor ON nest material:    4 loops /    5 pickups ( 80.0%) | anchor OFF it:    0 /    0 (  0.0%)
                BY BIRTH SITE  born ON comb:   4 of   5 that reached food looped ( 80.0%) | born OFF comb:   0 of   0 (  0.0%)
                LEGS legs[1441,1417,997,1087] laden[1441,1417,997,1087]
                founded x   30..68   (nest cursor 48 MATERIAL x 26..70 20 of 21 founders born on it; food 188; nearest founder 120 cells out, farthest 158, nominal gap 140)  occupancy/1k [17 40 14 18 17 12 5 1]  carry->nest     530  born    1 died   21 (starved   20)
                own trail: route pk   11 end    0 along +0.0000  B nest->food [1438,4385,7173,9996,8332]  blocked      247  kin swaps       0  ticks     21323  tumbles      6800 (homeward      222, 3.26%)  drops     426  DELIVERED   426  leg home n    4 med  1417 p90  1441 (laden n    4 med  1417 p90  1441)  appetite held         0 J of      9756  trips born-on-comb    4 (20 ants) / born-off    0 (1 ants)
                channel A: PEAK amt  35200 cells  139 (of 141 route)  POLARITY|| +0.09221 && +0.08546 SPAN +0.00383 edge   5.5  end nest->food [4218,2852,381,0,0]  nest   25  AtNest 14.23%
                Carrying: laden     29635  of which SPOIL     11917 ( 40.2%)
    DECISION CENSUS: 19041 decisions, reconciled against the rows and the engine's counters
      C1 homeward re-roll: no_usable 67, bias_off 0, no_crop 5897, empty_crop 0, no_site 0, on_anchor 0, roll_failed 252, fired 44, fired_haul 0
      C1 fired, aimed: toward 26, across 6, away 12
      C2 drop: roll_lost 870, placed 0, delivered 0, no_room 0 -- no room on 0.0% of won rolls; handed on through bodies 0 (mean 0.0 steps)
      C3 cone: left 510, straight 4842, right 467; Turn nonzero on 17 picks (largest |Turn| 3.81e-8), discarded on 16
      leg     setting          n  stepped    felllaunched swappedcrossingreversedblocked_roll_fairoll_fai no_body
      empty   pocket        2516     3.1%    7.8%    0.0%    0.0%    0.0%    0.0%    1.3%   45.0%   42.8%    0.0%
      empty   corridor      4255    29.7%    1.4%    0.0%    0.0%    0.0%    0.0%    0.8%   35.1%   33.0%    0.0%
      empty   junction      7485    41.3%    5.9%    0.0%    0.0%    0.0%    0.0%    0.6%   25.9%   26.4%    0.0%
      empty   open          2317    38.1%    8.9%    0.0%    0.0%    0.0%    0.0%    0.0%   26.9%   26.1%    0.0%
      laden   pocket         253     0.4%    2.8%    0.0%    0.0%    0.0%    0.0%    0.8%   45.5%   50.6%    0.0%
      laden   corridor       113    53.1%    3.5%    0.0%    0.0%    0.0%    0.0%    0.0%   22.1%   21.2%    0.0%
      laden   junction       430    30.9%    4.0%    0.0%    0.0%    0.0%    0.0%    0.9%   30.7%   33.5%    0.0%
      laden   open            74    44.6%    4.1%    0.0%    0.0%    0.0%    0.0%    0.0%   29.7%   21.6%    0.0%
      spoil   pocket         917     2.4%    1.5%    0.0%    0.0%    0.0%    0.0%    2.0%   46.7%   47.4%    0.0%
      spoil   corridor       190    19.5%    0.5%    0.0%    0.0%    0.0%    0.0%    4.7%   36.8%   38.4%    0.0%
      spoil   junction       399    45.6%    0.3%    0.0%    0.0%    0.0%    0.0%    3.8%   25.1%   25.3%    0.0%
      spoil   open            92    44.6%    7.6%    0.0%    0.0%    0.0%    0.0%    0.0%   23.9%   23.9%    0.0%
    DECISIONS: rows not written (decisionnorows)
  140    4  hand    0/0          684     2766     8472     5220        0    3/20        0         4 0 5 11 0
                A READ  ant-readable homeward along >= 0.02 on  56.8% of route-cell samples | FOODWARD  16.1% | plane lit on  80.0% | peak amt  35346 cells 137
                THE LOOP, ANT BY ANT:
                  0. lived                                     20    100.0% of prev    100.0% of all
                  1. reached the food                           3     15.0% of prev     15.0% of all
                  2. picked food up out there                   3    100.0% of prev     15.0% of all
                  3. turned for home with it                    3    100.0% of prev     15.0% of all
                  4. got back to the nest still holding it      0      0.0% of prev      0.0% of all
                  5. PUT IT DOWN there                          0      0.0% of prev      0.0% of all
                  6. went back out again                        0      0.0% of prev      0.0% of all
                  7. reached the food a SECOND time             0      0.0% of prev      0.0% of all
                RETURN LEDGER reached food    3 of   20 ants | came back    0 | trips laden    0 empty    0 | LOOPERS    0 of   20 ants ( 0.0% of those that reached food), repeat    0, most loops by one ant   0
                BY ANCHOR AT PICKUP  anchor ON nest material:    0 loops /    3 pickups (  0.0%) | anchor OFF it:    0 /    0 (  0.0%)
                BY BIRTH SITE  born ON comb:   0 of   3 that reached food looped (  0.0%) | born OFF comb:   0 of   0 (  0.0%)
                founded x   30..68   (nest cursor 48 MATERIAL x 26..70 20 of 20 founders born on it; food 188; nearest founder 120 cells out, farthest 158, nominal gap 140)  occupancy/1k [19 27 8 19 16 15 6 1]  carry->nest     208  born    0 died   20 (starved   20)
                own trail: route pk    0 end    0 along +0.0000  B nest->food [1438,4246,7075,9920,8332]  blocked      161  kin swaps       0  ticks     19041  tumbles      6260 (homeward       44, 0.70%)  drops       0  DELIVERED     0  leg home n    0 med     0 p90     0 (laden n    0 med     0 p90     0)  appetite held         0 J of      2880  trips born-on-comb    0 (20 ants) / born-off    0 (0 ants)
                channel A: PEAK amt  35346 cells  137 (of 141 route)  POLARITY|| +0.08850 && +0.08135 SPAN +0.00358 edge   5.8  end nest->food [954,1347,165,0,0]  nest   25  AtNest 14.77%
                Carrying: laden     14808  of which SPOIL      9588 ( 64.7%)
    DECISION CENSUS: 21001 decisions, reconciled against the rows and the engine's counters
      C1 homeward re-roll: no_usable 153, bias_off 0, no_crop 5730, empty_crop 0, no_site 0, on_anchor 0, roll_failed 534, fired 137, fired_haul 0
      C1 fired, aimed: toward 49, across 0, away 88
      C2 drop: roll_lost 2030, placed 0, delivered 0, no_room 0 -- no room on 0.0% of won rolls; handed on through bodies 0 (mean 0.0 steps)
      C3 cone: left 561, straight 6164, right 450; Turn nonzero on 303 picks (largest |Turn| 3.81e-8), discarded on 301
      leg     setting          n  stepped    felllaunched swappedcrossingreversedblocked_roll_fairoll_fai no_body
      empty   pocket        2361     8.9%   11.4%    0.0%    0.0%    0.0%    0.0%    5.5%   35.1%   39.0%    0.0%
      empty   corridor      4613    44.8%    1.5%    0.0%    0.0%    0.0%    0.0%    0.3%   26.5%   26.8%    0.0%
      empty   junction      7417    40.2%    5.3%    0.0%    0.0%    0.0%    0.0%    0.7%   28.1%   25.6%    0.0%
      empty   open          1861    38.8%    9.6%    0.0%    0.0%    0.0%    0.0%    0.0%   25.1%   26.5%    0.0%
      laden   pocket        1028     1.6%    8.9%    0.0%    0.0%    0.0%    0.0%    0.1%   44.0%   45.5%    0.0%
      laden   corridor       300    43.3%    3.0%    0.0%    0.0%    0.0%    0.0%    0.0%   26.7%   27.0%    0.0%
      laden   junction       650    44.9%    4.3%    0.0%    0.0%    0.0%    0.0%    0.8%   22.9%   27.1%    0.0%
      laden   open            53    50.9%    3.8%    0.0%    0.0%    0.0%    0.0%    0.0%   22.6%   22.6%    0.0%
      spoil   pocket        1267     8.8%    1.3%    0.0%    0.0%    0.0%    0.0%    7.8%   41.0%   41.0%    0.0%
      spoil   corridor       859    40.7%    0.1%    0.0%    0.0%    0.0%    0.0%    0.7%   28.6%   29.8%    0.0%
      spoil   junction       497    45.7%    0.8%    0.0%    0.0%    0.0%    0.0%    4.4%   26.4%   22.7%    0.0%
      spoil   open            95    36.8%    3.2%    0.0%    0.0%    0.0%    0.0%    0.0%   29.5%   30.5%    0.0%
    DECISIONS: rows not written (decisionnorows)
  140    5  hand    0/0         1596     2850    22104    12186       42    4/20        1         3 3 4 10 0
                A READ  ant-readable homeward along >= 0.02 on  56.8% of route-cell samples | FOODWARD  16.1% | plane lit on  81.0% | peak amt  29205 cells 137
                THE LOOP, ANT BY ANT:
                  0. lived                                     20    100.0% of prev    100.0% of all
                  1. reached the food                           4     20.0% of prev     20.0% of all
                  2. picked food up out there                   4    100.0% of prev     20.0% of all
                  3. turned for home with it                    3     75.0% of prev     15.0% of all
                  4. got back to the nest still holding it      1     33.3% of prev      5.0% of all
                  5. PUT IT DOWN there                          1    100.0% of prev      5.0% of all
                  6. went back out again                        1    100.0% of prev      5.0% of all
                  7. reached the food a SECOND time             0      0.0% of prev      0.0% of all
                RETURN LEDGER reached food    4 of   20 ants | came back    1 | trips laden    1 empty    0 | LOOPERS    1 of   20 ants (25.0% of those that reached food), repeat    0, most loops by one ant   1
                BY ANCHOR AT PICKUP  anchor ON nest material:    1 loops /    6 pickups ( 16.7%) | anchor OFF it:    0 /    0 (  0.0%)
                BY BIRTH SITE  born ON comb:   1 of   4 that reached food looped ( 25.0%) | born OFF comb:   0 of   0 (  0.0%)
                LEGS legs[1633] laden[1633]
                founded x   30..68   (nest cursor 48 MATERIAL x 26..70 20 of 20 founders born on it; food 188; nearest founder 120 cells out, farthest 158, nominal gap 140)  occupancy/1k [15 31 11 18 20 14 10 2]  carry->nest     435  born    0 died   20 (starved   19)
                own trail: route pk   64 end    0 along +0.0000  B nest->food [1438,4286,7151,10122,8332]  blocked      334  kin swaps       0  ticks     21002  tumbles      6554 (homeward      137, 2.09%)  drops       0  DELIVERED     0  leg home n    1 med  1633 p90  1633 (laden n    1 med  1633 p90  1633)  appetite held         0 J of      6720  trips born-on-comb    1 (20 ants) / born-off    0 (0 ants)
                channel A: PEAK amt  29205 cells  137 (of 141 route)  POLARITY|| +0.09022 && +0.08269 SPAN +0.00192 edge   5.7  end nest->food [1316,2334,0,0,0]  nest   25  AtNest  4.56%
                Carrying: laden     28494  of which SPOIL     16308 ( 57.2%)
    DECISION CENSUS: 16375 decisions, reconciled against the rows and the engine's counters
      C1 homeward re-roll: no_usable 81, bias_off 0, no_crop 5063, empty_crop 0, no_site 0, on_anchor 0, roll_failed 91, fired 14, fired_haul 0
      C1 fired, aimed: toward 13, across 0, away 1
      C2 drop: roll_lost 290, placed 0, delivered 0, no_room 0 -- no room on 0.0% of won rolls; handed on through bodies 0 (mean 0.0 steps)
      C3 cone: left 454, straight 4742, right 363; Turn nonzero on 84 picks (largest |Turn| 3.81e-8), discarded on 84
      leg     setting          n  stepped    felllaunched swappedcrossingreversedblocked_roll_fairoll_fai no_body
      empty   pocket        2008     5.9%    9.0%    0.0%    0.0%    0.0%    0.0%    3.2%   42.0%   39.8%    0.0%
      empty   corridor      3139    47.5%    1.9%    0.0%    0.0%    0.0%    0.0%    0.3%   24.8%   25.4%    0.0%
      empty   junction      5991    40.2%    5.8%    0.0%    0.0%    0.0%    0.0%    0.6%   26.8%   26.5%    0.0%
      empty   open          1817    40.3%    8.0%    0.0%    0.0%    0.0%    0.0%    0.0%   26.9%   24.7%    0.0%
      laden   pocket           2     0.0%   50.0%    0.0%    0.0%    0.0%    0.0%    0.0%   50.0%    0.0%    0.0%
      laden   corridor       145    29.0%    0.7%    0.0%    0.0%    0.0%    0.0%    0.0%   37.2%   33.1%    0.0%
      laden   junction       111    24.3%    1.8%    0.0%    0.0%    0.0%    0.0%    0.9%   34.2%   38.7%    0.0%
      laden   open            32    12.5%    0.0%    0.0%    0.0%    0.0%    0.0%    0.0%   31.2%   56.2%    0.0%
      spoil   pocket        2249    15.1%    0.5%    0.0%    0.0%    0.0%    0.0%   10.8%   36.5%   37.1%    0.0%
      spoil   corridor       389    42.9%    0.5%    0.0%    0.0%    0.0%    0.0%    1.5%   26.0%   29.0%    0.0%
      spoil   junction       377    46.9%    1.9%    0.0%    0.0%    0.0%    0.0%    5.3%   24.7%   21.2%    0.0%
      spoil   open           115    43.5%    0.9%    0.0%    0.0%    0.0%    0.0%    0.0%   27.0%   28.7%    0.0%
    DECISIONS: rows not written (decisionnorows)
  140    6  hand    0/0          228     2832     6300     1740        0    1/20        0          2 5 9 4 0
                A READ  ant-readable homeward along >= 0.02 on  54.9% of route-cell samples | FOODWARD  11.7% | plane lit on  70.8% | peak amt  33227 cells 136
                THE LOOP, ANT BY ANT:
                  0. lived                                     20    100.0% of prev    100.0% of all
                  1. reached the food                           1      5.0% of prev      5.0% of all
                  2. picked food up out there                   1    100.0% of prev      5.0% of all
                  3. turned for home with it                    1    100.0% of prev      5.0% of all
                  4. got back to the nest still holding it      0      0.0% of prev      0.0% of all
                  5. PUT IT DOWN there                          0      0.0% of prev      0.0% of all
                  6. went back out again                        0      0.0% of prev      0.0% of all
                  7. reached the food a SECOND time             0      0.0% of prev      0.0% of all
                RETURN LEDGER reached food    1 of   20 ants | came back    0 | trips laden    0 empty    0 | LOOPERS    0 of   20 ants ( 0.0% of those that reached food), repeat    0, most loops by one ant   0
                BY ANCHOR AT PICKUP  anchor ON nest material:    0 loops /    1 pickups (  0.0%) | anchor OFF it:    0 /    0 (  0.0%)
                BY BIRTH SITE  born ON comb:   0 of   1 that reached food looped (  0.0%) | born OFF comb:   0 of   0 (  0.0%)
                founded x   30..68   (nest cursor 48 MATERIAL x 26..70 20 of 20 founders born on it; food 188; nearest founder 120 cells out, farthest 158, nominal gap 140)  occupancy/1k [17 22 21 19 10 4 2 0]  carry->nest      71  born    0 died   20 (starved   20)
                own trail: route pk    0 end    0 along +0.0000  B nest->food [1438,4245,7074,9882,8332]  blocked      380  kin swaps       0  ticks     16375  tumbles      5249 (homeward       14, 0.27%)  drops       0  DELIVERED     0  leg home n    0 med     0 p90     0 (laden n    0 med     0 p90     0)  appetite held         0 J of       960  trips born-on-comb    0 (20 ants) / born-off    0 (0 ants)
                channel A: PEAK amt  33227 cells  136 (of 141 route)  POLARITY|| +0.10299 && +0.09591 SPAN +0.00197 edge   6.0  end nest->food [1242,1943,63,0,0]  nest   25  AtNest  8.25%
                Carrying: laden     20520  of which SPOIL     18780 ( 91.5%)
    DECISION CENSUS: 19200 decisions, reconciled against the rows and the engine's counters
      C1 homeward re-roll: no_usable 121, bias_off 0, no_crop 4691, empty_crop 0, no_site 0, on_anchor 406, roll_failed 310, fired 99, fired_haul 0
      C1 fired, aimed: toward 73, across 5, away 21
      C2 drop: roll_lost 1523, placed 0, delivered 353, no_room 0 -- no room on 0.0% of won rolls; handed on through bodies 0 (mean 0.0 steps)
      C3 cone: left 637, straight 5638, right 566; Turn nonzero on 163 picks (largest |Turn| 7.63e-8), discarded on 138
      leg     setting          n  stepped    felllaunched swappedcrossingreversedblocked_roll_fairoll_fai no_body
      empty   pocket        1295     4.7%   16.1%    0.0%    0.0%    0.0%    0.0%    1.7%   38.9%   38.5%    0.0%
      empty   corridor      3183    41.8%    2.5%    0.0%    0.0%    0.0%    0.0%    0.3%   27.5%   27.8%    0.0%
      empty   junction      8771    42.5%    6.1%    0.0%    0.0%    0.0%    0.0%    0.4%   25.6%   25.5%    0.0%
      empty   open          2670    37.8%   10.5%    0.0%    0.0%    0.0%    0.0%    0.0%   25.7%   25.9%    0.0%
      laden   pocket         172     1.2%    9.3%    0.0%    0.0%    0.0%    0.0%    0.6%   52.9%   36.0%    0.0%
      laden   corridor       561    15.3%    0.4%    0.0%    0.0%    0.0%    0.0%    0.2%   39.2%   44.9%    0.0%
      laden   junction      1093    19.6%    2.7%    0.0%    0.0%    0.0%    0.0%    0.1%   40.8%   36.9%    0.0%
      laden   open           198    21.7%    7.6%    0.0%    0.0%    0.0%    0.0%    0.0%   32.8%   37.9%    0.0%
      spoil   pocket         219     7.8%    8.7%    0.0%    0.0%    0.0%    0.0%    7.3%   35.2%   41.1%    0.0%
      spoil   corridor       333    17.1%    0.9%    0.0%    0.0%    0.0%    0.0%    4.8%   36.0%   41.1%    0.0%
      spoil   junction       585    41.4%    1.0%    0.0%    0.0%    0.0%    0.0%    3.9%   23.2%   30.4%    0.0%
      spoil   open           120    44.2%    5.8%    0.0%    0.0%    0.0%    0.0%    0.0%   32.5%   17.5%    0.0%
    DECISIONS: rows not written (decisionnorows)
  140    7  hand    0/0         2068     2562    14016    12144     5502    5/21        1         1 0 11 9 0
                A READ  ant-readable homeward along >= 0.02 on  54.7% of route-cell samples | FOODWARD  17.6% | plane lit on  82.0% | peak amt  34569 cells 139
                THE LOOP, ANT BY ANT:
                  0. lived                                     21    100.0% of prev    100.0% of all
                  1. reached the food                           5     23.8% of prev     23.8% of all
                  2. picked food up out there                   4     80.0% of prev     19.0% of all
                  3. turned for home with it                    3     75.0% of prev     14.3% of all
                  4. got back to the nest still holding it      1     33.3% of prev      4.8% of all
                  5. PUT IT DOWN there                          1    100.0% of prev      4.8% of all
                  6. went back out again                        1    100.0% of prev      4.8% of all
                  7. reached the food a SECOND time             0      0.0% of prev      0.0% of all
                RETURN LEDGER reached food    5 of   21 ants | came back    1 | trips laden    1 empty    0 | LOOPERS    1 of   21 ants (20.0% of those that reached food), repeat    0, most loops by one ant   1
                BY ANCHOR AT PICKUP  anchor ON nest material:    1 loops /    4 pickups ( 25.0%) | anchor OFF it:    0 /    0 (  0.0%)
                BY BIRTH SITE  born ON comb:   1 of   5 that reached food looped ( 20.0%) | born OFF comb:   0 of   0 (  0.0%)
                LEGS legs[1357] laden[1357]
                founded x   30..68   (nest cursor 48 MATERIAL x 26..70 20 of 21 founders born on it; food 188; nearest founder 120 cells out, farthest 158, nominal gap 140)  occupancy/1k [7 27 10 22 27 13 5 1]  carry->nest     321  born    1 died   21 (starved   21)
                own trail: route pk   10 end    0 along +0.0000  B nest->food [1438,4289,7125,9950,8332]  blocked      121  kin swaps       0  ticks     19200  tumbles      5627 (homeward       99, 1.76%)  drops     353  DELIVERED   353  leg home n    1 med  1357 p90  1357 (laden n    1 med  1357 p90  1357)  appetite held         0 J of      6688  trips born-on-comb    1 (20 ants) / born-off    0 (1 ants)
                channel A: PEAK amt  34569 cells  139 (of 141 route)  POLARITY|| +0.08245 && +0.07436 SPAN +0.00210 edge   5.5  end nest->food [823,1902,606,0,0]  nest   25  AtNest 12.52%
                Carrying: laden     19686  of which SPOIL      7608 ( 38.6%)
    DECISION CENSUS: 36043 decisions, reconciled against the rows and the engine's counters
      C1 homeward re-roll: no_usable 112, bias_off 0, no_crop 10036, empty_crop 0, no_site 0, on_anchor 2491, roll_failed 450, fired 696, fired_haul 0
      C1 fired, aimed: toward 665, across 12, away 19
      C2 drop: roll_lost 6312, placed 0, delivered 1409, no_room 291 -- no room on 17.1% of won rolls; handed on through bodies 0 (mean 0.0 steps)
      C3 cone: left 684, straight 6150, right 616; Turn nonzero on 335 picks (largest |Turn| 7.63e-8), discarded on 231
      leg     setting          n  stepped    felllaunched swappedcrossingreversedblocked_roll_fairoll_fai no_body
      empty   pocket        1077     5.0%   20.3%    0.0%    0.0%    0.0%    0.0%    1.9%   34.9%   37.9%    0.0%
      empty   corridor      2923    38.6%    3.3%    0.0%    0.0%    0.0%    0.0%    0.2%   29.4%   28.5%    0.0%
      empty   junction     15001    24.8%    3.7%    0.0%    0.0%    0.0%    0.0%    0.3%   36.3%   35.0%    0.0%
      empty   open          7061    16.4%    4.7%    0.0%    0.0%    0.0%    0.0%    0.0%   39.6%   39.3%    0.0%
      laden   pocket         240     2.9%   32.5%    0.0%    0.0%    0.0%    0.0%    0.0%   36.7%   27.9%    0.0%
      laden   corridor       699    30.9%    2.1%    0.0%    0.0%    0.0%    0.0%    0.0%   34.2%   32.8%    0.0%
      laden   junction      5988    10.8%    1.4%    0.0%    0.0%    0.0%    0.0%    0.2%   43.6%   44.0%    0.0%
      laden   open          1661    12.0%    1.6%    0.0%    0.0%    0.0%    0.0%    0.0%   44.6%   41.8%    0.0%
      spoil   pocket         240    15.4%    2.5%    0.0%    0.0%    0.0%    0.0%   13.8%   32.5%   35.8%    0.0%
      spoil   corridor       281    37.4%    0.4%    0.0%    0.0%    0.0%    0.0%    1.4%   32.7%   28.1%    0.0%
      spoil   junction       735    19.9%    0.7%    0.0%    0.0%    0.0%    0.0%    2.3%   38.5%   38.6%    0.0%
      spoil   open           137    25.5%    2.2%    0.0%    0.0%    0.0%    0.0%    0.0%   37.2%   35.0%    0.0%
    DECISIONS: rows not written (decisionnorows)
  140    8  hand    6/5         8027     2232        0    51528    39828    9/22        7         3 1 4 14 0
                A READ  ant-readable homeward along >= 0.02 on  62.9% of route-cell samples | FOODWARD  16.1% | plane lit on  83.4% | peak amt  38061 cells 141
                THE LOOP, ANT BY ANT:
                  0. lived                                     22    100.0% of prev    100.0% of all
                  1. reached the food                           9     40.9% of prev     40.9% of all
                  2. picked food up out there                   8     88.9% of prev     36.4% of all
                  3. turned for home with it                    8    100.0% of prev     36.4% of all
                  4. got back to the nest still holding it      7     87.5% of prev     31.8% of all
                  5. PUT IT DOWN there                          7    100.0% of prev     31.8% of all
                  6. went back out again                        4     57.1% of prev     18.2% of all
                  7. reached the food a SECOND time             0      0.0% of prev      0.0% of all
                RETURN LEDGER reached food    9 of   22 ants | came back    7 | trips laden    7 empty    0 | LOOPERS    7 of   22 ants (77.8% of those that reached food), repeat    0, most loops by one ant   1
                BY ANCHOR AT PICKUP  anchor ON nest material:    7 loops /    8 pickups ( 87.5%) | anchor OFF it:    0 /    0 (  0.0%)
                BY BIRTH SITE  born ON comb:   7 of   9 that reached food looped ( 77.8%) | born OFF comb:   0 of   0 (  0.0%)
                LEGS legs[1063,1549,1423,1327,1531,1339,1477] laden[1063,1549,1423,1327,1531,1339,1477]
                founded x   30..68   (nest cursor 48 MATERIAL x 26..70 20 of 22 founders born on it; food 188; nearest founder 120 cells out, farthest 158, nominal gap 140)  occupancy/1k [15 117 16 22 18 11 9 4]  carry->nest     864  born    2 died   16 (starved   15)
                own trail: route pk   16 end    0 along +0.0000  B nest->food [1438,4474,7240,10162,8332]  blocked      127  kin swaps       0  ticks     36044  tumbles     13785 (homeward      696, 5.05%)  drops    1409  DELIVERED  1409  leg home n    7 med  1423 p90  1531 (laden n    7 med  1423 p90  1531)  appetite held         0 J of     28619  trips born-on-comb    7 (21 ants) / born-off    0 (1 ants)
                channel A: PEAK amt  38061 cells  141 (of 141 route)  POLARITY|| +0.08472 && +0.07807 SPAN +0.00179 edge   4.6  end nest->food [1000,3287,474,0,0]  nest   25  AtNest 36.04%
                Carrying: laden     59888  of which SPOIL      8372 ( 14.0%)
    DECISION CENSUS: 26999 decisions, reconciled against the rows and the engine's counters
      C1 homeward re-roll: no_usable 141, bias_off 0, no_crop 7119, empty_crop 0, no_site 0, on_anchor 615, roll_failed 894, fired 365, fired_haul 0
      C1 fired, aimed: toward 228, across 69, away 68
      C2 drop: roll_lost 3825, placed 0, delivered 565, no_room 0 -- no room on 0.0% of won rolls; handed on through bodies 0 (mean 0.0 steps)
      C3 cone: left 567, straight 7040, right 539; Turn nonzero on 76 picks (largest |Turn| 7.63e-8), discarded on 65
      leg     setting          n  stepped    felllaunched swappedcrossingreversedblocked_roll_fairoll_fai no_body
      empty   pocket        1209    12.1%   22.6%    0.0%    0.0%    0.0%    0.0%    7.0%   29.1%   29.2%    0.0%
      empty   corridor      5303    47.2%    1.7%    0.0%    0.0%    0.0%    0.0%    0.3%   24.7%   26.0%    0.0%
      empty   junction     11560    32.2%    3.6%    0.0%    0.0%    0.0%    0.0%    0.5%   32.6%   31.1%    0.0%
      empty   open          2247    31.4%    7.0%    0.0%    0.0%    0.0%    0.0%    0.0%   30.8%   30.8%    0.0%
      laden   pocket         548     0.4%    7.7%    0.0%    0.0%    0.0%    0.0%    0.0%   47.6%   44.3%    0.0%
      laden   corridor      1205    16.4%    1.1%    0.0%    0.0%    0.0%    0.0%    0.2%   44.6%   37.7%    0.0%
      laden   junction      2515    14.3%    1.7%    0.0%    0.0%    0.0%    0.0%    0.2%   42.2%   41.6%    0.0%
      laden   open           173    37.6%    4.0%    0.0%    0.0%    0.0%    0.0%    0.0%   28.3%   30.1%    0.0%
      spoil   pocket        1329     4.2%    0.7%    0.0%    0.0%    0.0%    0.0%    3.5%   45.4%   46.1%    0.0%
      spoil   corridor       336    47.0%    0.0%    0.0%    0.0%    0.0%    0.0%    3.3%   25.0%   24.7%    0.0%
      spoil   junction       494    39.1%    2.2%    0.0%    0.0%    0.0%    0.0%    3.0%   30.2%   25.5%    0.0%
      spoil   open            80    47.5%    0.0%    0.0%    0.0%    0.0%    0.0%    0.0%   27.5%   25.0%    0.0%
    DECISIONS: rows not written (decisionnorows)
  140    9  hand    1/1         3484     1890        0    26652     9402    7/20        3         0 2 7 11 0
                A READ  ant-readable homeward along >= 0.02 on  56.6% of route-cell samples | FOODWARD  18.0% | plane lit on  80.6% | peak amt  39498 cells 138
                THE LOOP, ANT BY ANT:
                  0. lived                                     20    100.0% of prev    100.0% of all
                  1. reached the food                           7     35.0% of prev     35.0% of all
                  2. picked food up out there                   6     85.7% of prev     30.0% of all
                  3. turned for home with it                    6    100.0% of prev     30.0% of all
                  4. got back to the nest still holding it      3     50.0% of prev     15.0% of all
                  5. PUT IT DOWN there                          3    100.0% of prev     15.0% of all
                  6. went back out again                        3    100.0% of prev     15.0% of all
                  7. reached the food a SECOND time             0      0.0% of prev      0.0% of all
                RETURN LEDGER reached food    7 of   20 ants | came back    3 | trips laden    2 empty    1 | LOOPERS    2 of   20 ants (28.6% of those that reached food), repeat    0, most loops by one ant   1
                BY ANCHOR AT PICKUP  anchor ON nest material:    2 loops /    6 pickups ( 33.3%) | anchor OFF it:    0 /    0 (  0.0%)
                BY BIRTH SITE  born ON comb:   2 of   7 that reached food looped ( 28.6%) | born OFF comb:   0 of   0 (  0.0%)
                LEGS legs[1537,1459,6535] laden[1537,1459]
                founded x   30..68   (nest cursor 48 MATERIAL x 26..70 20 of 20 founders born on it; food 188; nearest founder 120 cells out, farthest 158, nominal gap 140)  occupancy/1k [13 33 52 24 16 10 7 3]  carry->nest     561  born    0 died   19 (starved   18)
                own trail: route pk   12 end    9 along +0.0000  B nest->food [1438,4297,7222,10051,8332]  blocked      247  kin swaps       0  ticks     27000  tumbles      9134 (homeward      365, 4.00%)  drops     565  DELIVERED   565  leg home n    3 med  1537 p90  6535 (laden n    2 med  1537 p90  1537)  appetite held         0 J of     14669  trips born-on-comb    3 (20 ants) / born-off    0 (0 ants)
                channel A: PEAK amt  39498 cells  138 (of 141 route)  POLARITY|| +0.08173 && +0.07385 SPAN +0.00239 edge   5.4  end nest->food [629,2183,241,0,0]  nest   25  AtNest 17.46%
                Carrying: laden     40086  of which SPOIL     13434 ( 33.5%)
    DECISION CENSUS: 40389 decisions, reconciled against the rows and the engine's counters
      C1 homeward re-roll: no_usable 93, bias_off 0, no_crop 10731, empty_crop 0, no_site 0, on_anchor 2985, roll_failed 973, fired 721, fired_haul 0
      C1 fired, aimed: toward 371, across 2, away 348
      C2 drop: roll_lost 7341, placed 0, delivered 1678, no_room 986 -- no room on 37.0% of won rolls; handed on through bodies 0 (mean 0.0 steps)
      C3 cone: left 726, straight 6622, right 628; Turn nonzero on 481 picks (largest |Turn| 7.63e-8), discarded on 284
      leg     setting          n  stepped    felllaunched swappedcrossingreversedblocked_roll_fairoll_fai no_body
      empty   pocket         759     6.3%   29.4%    0.0%    0.0%    0.0%    0.0%    0.7%   27.5%   36.1%    0.0%
      empty   corridor      3125    41.0%    3.2%    0.0%    0.0%    0.0%    0.0%    0.3%   27.8%   27.7%    0.0%
      empty   junction     17828    25.1%    3.3%    0.0%    0.0%    0.0%    0.0%    0.3%   35.8%   35.5%    0.0%
      empty   open          7222    12.5%    3.5%    0.0%    0.0%    0.0%    0.0%    0.0%   41.6%   42.4%    0.0%
      laden   pocket        2600     0.6%    2.6%    0.0%    0.0%    0.0%    0.0%    0.3%   46.7%   49.7%    0.0%
      laden   corridor      1999    13.0%    0.6%    0.0%    0.0%    0.0%    0.0%    0.0%   42.0%   44.5%    0.0%
      laden   junction      4715    13.1%    1.1%    0.0%    0.0%    0.0%    0.0%    0.2%   42.4%   43.2%    0.0%
      laden   open          1344     9.7%    1.3%    0.0%    0.0%    0.0%    0.0%    0.0%   44.4%   44.6%    0.0%
      spoil   pocket          48    22.9%   33.3%    0.0%    0.0%    0.0%    0.0%    8.3%   14.6%   20.8%    0.0%
      spoil   corridor       102    23.5%    0.0%    0.0%    0.0%    0.0%    0.0%    3.9%   40.2%   32.4%    0.0%
      spoil   junction       576    31.1%    1.4%    0.0%    0.0%    0.0%    0.0%    4.7%   35.2%   27.6%    0.0%
      spoil   open            71    47.9%    0.0%    0.0%    0.0%    0.0%    0.0%    0.0%   23.9%   28.2%    0.0%
    DECISIONS: rows not written (decisionnorows)
  140   10  hand    6/6         8881     1842        0    63951    43377   10/21        7         1 0 3 17 0
                A READ  ant-readable homeward along >= 0.02 on  63.4% of route-cell samples | FOODWARD  19.2% | plane lit on  90.4% | peak amt  43882 cells 140
                THE LOOP, ANT BY ANT:
                  0. lived                                     21    100.0% of prev    100.0% of all
                  1. reached the food                          10     47.6% of prev     47.6% of all
                  2. picked food up out there                   9     90.0% of prev     42.9% of all
                  3. turned for home with it                    7     77.8% of prev     33.3% of all
                  4. got back to the nest still holding it      7    100.0% of prev     33.3% of all
                  5. PUT IT DOWN there                          7    100.0% of prev     33.3% of all
                  6. went back out again                        3     42.9% of prev     14.3% of all
                  7. reached the food a SECOND time             0      0.0% of prev      0.0% of all
                RETURN LEDGER reached food   10 of   21 ants | came back    7 | trips laden    7 empty    0 | LOOPERS    7 of   21 ants (70.0% of those that reached food), repeat    0, most loops by one ant   1
                BY ANCHOR AT PICKUP  anchor ON nest material:    7 loops /   10 pickups ( 70.0%) | anchor OFF it:    0 /    0 (  0.0%)
                BY BIRTH SITE  born ON comb:   7 of  10 that reached food looped ( 70.0%) | born OFF comb:   0 of   0 (  0.0%)
                LEGS legs[1441,1237,967,1123,931,1339,1027] laden[1441,1237,967,1123,931,1339,1027]
                founded x   30..68   (nest cursor 48 MATERIAL x 26..70 20 of 21 founders born on it; food 188; nearest founder 120 cells out, farthest 158, nominal gap 140)  occupancy/1k [6 117 12 19 31 20 27 6]  carry->nest     896  born    1 died   15 (starved   13)
                own trail: route pk   37 end   11 along +0.0000  B nest->food [1438,4476,7201,10141,8332]  blocked      114  kin swaps       0  ticks     40391  tumbles     15503 (homeward      721, 4.65%)  drops    1678  DELIVERED  1678  leg home n    7 med  1123 p90  1339 (laden n    7 med  1123 p90  1339)  appetite held         0 J of     35077  trips born-on-comb    7 (20 ants) / born-off    0 (1 ants)
                channel A: PEAK amt  43882 cells  140 (of 141 route)  POLARITY|| +0.07107 && +0.06429 SPAN +0.00007 edge   5.3  end nest->food [575,1714,580,0,0]  nest   25  AtNest 26.18%
                Carrying: laden     68733  of which SPOIL      6336 (  9.2%)
    DECISION CENSUS: 20243 decisions, reconciled against the rows and the engine's counters
      C1 homeward re-roll: no_usable 116, bias_off 0, no_crop 4997, empty_crop 0, no_site 0, on_anchor 0, roll_failed 542, fired 82, fired_haul 0
      C1 fired, aimed: toward 78, across 0, away 4
      C2 drop: roll_lost 2030, placed 0, delivered 0, no_room 0 -- no room on 0.0% of won rolls; handed on through bodies 0 (mean 0.0 steps)
      C3 cone: left 725, straight 6183, right 679; Turn nonzero on 211 picks (largest |Turn| 7.63e-8), discarded on 178
      leg     setting          n  stepped    felllaunched swappedcrossingreversedblocked_roll_fairoll_fai no_body
      empty   pocket        1056     7.1%   24.6%    0.0%    0.0%    0.0%    0.0%    3.3%   32.5%   32.5%    0.0%
      empty   corridor      2715    46.3%    3.7%    0.0%    0.0%    0.0%    0.0%    0.7%   24.6%   24.7%    0.0%
      empty   junction      9683    40.5%    5.9%    0.0%    0.0%    0.0%    0.0%    0.7%   26.6%   26.4%    0.0%
      empty   open          3122    38.6%    8.8%    0.0%    0.0%    0.0%    0.0%    0.0%   27.3%   25.3%    0.0%
      laden   pocket         291     2.4%   24.1%    0.0%    0.0%    0.0%    0.0%    0.0%   36.4%   37.1%    0.0%
      laden   corridor       480    22.7%    4.8%    0.0%    0.0%    0.0%    0.0%    0.8%   34.0%   37.7%    0.0%
      laden   junction       995    39.9%    6.1%    0.0%    0.0%    0.0%    0.0%    0.4%   27.6%   25.9%    0.0%
      laden   open           264    39.4%    8.3%    0.0%    0.0%    0.0%    0.0%    0.0%   28.4%   23.9%    0.0%
      spoil   pocket         531     9.0%    3.8%    0.0%    0.0%    0.0%    0.0%    8.5%   33.9%   44.8%    0.0%
      spoil   corridor       361    34.9%    0.6%    0.0%    0.0%    0.0%    0.0%    5.3%   31.3%   28.0%    0.0%
      spoil   junction       607    45.5%    2.6%    0.0%    0.0%    0.0%    0.0%    2.5%   24.1%   25.4%    0.0%
      spoil   open           138    48.6%    2.9%    0.0%    0.0%    0.0%    0.0%    0.0%   24.6%   23.9%    0.0%
    DECISIONS: rows not written (decisionnorows)
  140   11  hand    0/0         1596     2406     8706    12180        0    8/20        0         1 0 3 16 0
                A READ  ant-readable homeward along >= 0.02 on  56.2% of route-cell samples | FOODWARD  18.0% | plane lit on  84.3% | peak amt  37811 cells 139
                THE LOOP, ANT BY ANT:
                  0. lived                                     20    100.0% of prev    100.0% of all
                  1. reached the food                           8     40.0% of prev     40.0% of all
                  2. picked food up out there                   7     87.5% of prev     35.0% of all
                  3. turned for home with it                    7    100.0% of prev     35.0% of all
                  4. got back to the nest still holding it      0      0.0% of prev      0.0% of all
                  5. PUT IT DOWN there                          0      0.0% of prev      0.0% of all
                  6. went back out again                        0      0.0% of prev      0.0% of all
                  7. reached the food a SECOND time             0      0.0% of prev      0.0% of all
                RETURN LEDGER reached food    8 of   20 ants | came back    0 | trips laden    0 empty    0 | LOOPERS    0 of   20 ants ( 0.0% of those that reached food), repeat    0, most loops by one ant   0
                BY ANCHOR AT PICKUP  anchor ON nest material:    0 loops /    7 pickups (  0.0%) | anchor OFF it:    0 /    0 (  0.0%)
                BY BIRTH SITE  born ON comb:   0 of   8 that reached food looped (  0.0%) | born OFF comb:   0 of   0 (  0.0%)
                founded x   30..68   (nest cursor 48 MATERIAL x 26..70 20 of 20 founders born on it; food 188; nearest founder 120 cells out, farthest 158, nominal gap 140)  occupancy/1k [6 19 15 23 23 20 9 3]  carry->nest     575  born    0 died   20 (starved   20)
                own trail: route pk    0 end    0 along +0.0000  B nest->food [1438,4293,7334,10038,8332]  blocked      207  kin swaps       0  ticks     20243  tumbles      5737 (homeward       82, 1.43%)  drops       0  DELIVERED     0  leg home n    0 med     0 p90     0 (laden n    0 med     0 p90     0)  appetite held         0 J of      6720  trips born-on-comb    0 (20 ants) / born-off    0 (0 ants)
                channel A: PEAK amt  37811 cells  139 (of 141 route)  POLARITY|| +0.07974 && +0.07090 SPAN -0.00117 edge   5.2  end nest->food [713,1615,354,0,0]  nest   25  AtNest  4.90%
                Carrying: laden     22002  of which SPOIL      9822 ( 44.6%)
    DECISION CENSUS: 23576 decisions, reconciled against the rows and the engine's counters
      C1 homeward re-roll: no_usable 133, bias_off 0, no_crop 5977, empty_crop 0, no_site 0, on_anchor 0, roll_failed 818, fired 255, fired_haul 0
      C1 fired, aimed: toward 154, across 81, away 20
      C2 drop: roll_lost 2900, placed 0, delivered 0, no_room 0 -- no room on 0.0% of won rolls; handed on through bodies 0 (mean 0.0 steps)
      C3 cone: left 790, straight 6529, right 677; Turn nonzero on 277 picks (largest |Turn| 3.81e-8), discarded on 196
      leg     setting          n  stepped    felllaunched swappedcrossingreversedblocked_roll_fairoll_fai no_body
      empty   pocket        2065     4.8%   15.8%    0.0%    0.0%    0.0%    0.0%    1.7%   39.6%   38.1%    0.0%
      empty   corridor      2724    44.3%    4.0%    0.0%    0.0%    0.0%    0.0%    1.1%   25.5%   25.1%    0.0%
      empty   junction     11333    40.0%    5.4%    0.0%    0.0%    0.0%    0.0%    0.7%   27.0%   26.9%    0.0%
      empty   open          2961    36.4%    8.1%    0.0%    0.0%    0.0%    0.0%    0.0%   27.0%   28.5%    0.0%
      laden   pocket         393     2.5%   18.1%    0.0%    0.0%    0.0%    0.0%    0.3%   39.7%   39.4%    0.0%
      laden   corridor       820    20.4%    1.2%    0.0%    0.0%    0.0%    0.0%    1.0%   37.6%   39.9%    0.0%
      laden   junction      1529    24.7%    3.6%    0.0%    0.0%    0.0%    0.0%    0.3%   37.1%   34.3%    0.0%
      laden   open           160    46.2%    6.9%    0.0%    0.0%    0.0%    0.0%    0.0%   23.8%   23.1%    0.0%
      spoil   pocket         577     4.7%    2.9%    0.0%    0.0%    0.0%    0.0%    3.1%   43.5%   45.8%    0.0%
      spoil   corridor       187    39.0%    3.2%    0.0%    0.0%    0.0%    0.0%   10.7%   25.1%   21.9%    0.0%
      spoil   junction       702    41.6%    2.0%    0.0%    0.0%    0.0%    0.0%    3.6%   26.2%   26.6%    0.0%
      spoil   open           125    43.2%    2.4%    0.0%    0.0%    0.0%    0.0%    0.0%   34.4%   20.0%    0.0%
    DECISIONS: rows not written (decisionnorows)
  140   12  hand    0/0         2280     2208    11574    17412        0   10/20        1         1 0 1 18 0
                A READ  ant-readable homeward along >= 0.02 on  57.8% of route-cell samples | FOODWARD  17.1% | plane lit on  87.1% | peak amt  37135 cells 139
                THE LOOP, ANT BY ANT:
                  0. lived                                     20    100.0% of prev    100.0% of all
                  1. reached the food                          10     50.0% of prev     50.0% of all
                  2. picked food up out there                   7     70.0% of prev     35.0% of all
                  3. turned for home with it                    6     85.7% of prev     30.0% of all
                  4. got back to the nest still holding it      0      0.0% of prev      0.0% of all
                  5. PUT IT DOWN there                          0      0.0% of prev      0.0% of all
                  6. went back out again                        0      0.0% of prev      0.0% of all
                  7. reached the food a SECOND time             0      0.0% of prev      0.0% of all
                RETURN LEDGER reached food   10 of   20 ants | came back    1 | trips laden    0 empty    1 | LOOPERS    0 of   20 ants ( 0.0% of those that reached food), repeat    0, most loops by one ant   0
                BY ANCHOR AT PICKUP  anchor ON nest material:    0 loops /    8 pickups (  0.0%) | anchor OFF it:    0 /    0 (  0.0%)
                BY BIRTH SITE  born ON comb:   0 of  10 that reached food looped (  0.0%) | born OFF comb:   0 of   0 (  0.0%)
                LEGS legs[4525] laden[]
                founded x   30..68   (nest cursor 48 MATERIAL x 26..70 20 of 20 founders born on it; food 188; nearest founder 120 cells out, farthest 158, nominal gap 140)  occupancy/1k [9 19 21 20 30 21 15 4]  carry->nest     582  born    0 died   20 (starved   19)
                own trail: route pk   67 end    0 along +0.0000  B nest->food [1438,4246,7239,10050,8332]  blocked      217  kin swaps       0  ticks     23577  tumbles      7183 (homeward      255, 3.55%)  drops       0  DELIVERED     0  leg home n    1 med  4525 p90  4525 (laden n    0 med     0 p90     0)  appetite held         0 J of      9600  trips born-on-comb    1 (20 ants) / born-off    0 (0 ants)
                channel A: PEAK amt  37135 cells  139 (of 141 route)  POLARITY|| +0.07325 && +0.06437 SPAN -0.00067 edge   5.0  end nest->food [529,1275,392,0,0]  nest   25  AtNest  5.41%
                Carrying: laden     26958  of which SPOIL      9546 ( 35.4%)
    DECISION CENSUS: 28701 decisions, reconciled against the rows and the engine's counters
      C1 homeward re-roll: no_usable 116, bias_off 0, no_crop 7781, empty_crop 0, no_site 0, on_anchor 837, roll_failed 841, fired 462, fired_haul 0
      C1 fired, aimed: toward 208, across 233, away 21
      C2 drop: roll_lost 4232, placed 0, delivered 713, no_room 110 -- no room on 13.4% of won rolls; handed on through bodies 0 (mean 0.0 steps)
      C3 cone: left 705, straight 6347, right 592; Turn nonzero on 635 picks (largest |Turn| 7.63e-8), discarded on 558
      leg     setting          n  stepped    felllaunched swappedcrossingreversedblocked_roll_fairoll_fai no_body
      empty   pocket        1310     8.9%   20.3%    0.0%    0.0%    0.0%    0.0%    4.4%   34.6%   31.8%    0.0%
      empty   corridor      3493    47.2%    2.2%    0.0%    0.0%    0.0%    0.0%    0.5%   24.1%   26.0%    0.0%
      empty   junction     12750    28.5%    3.6%    0.0%    0.0%    0.0%    0.0%    0.6%   33.6%   33.6%    0.0%
      empty   open          4074    25.9%    7.6%    0.0%    0.0%    0.0%    0.0%    0.0%   33.5%   33.0%    0.0%
      laden   pocket         172     4.1%   17.4%    0.0%    0.0%    0.0%    0.0%    1.2%   39.0%   38.4%    0.0%
      laden   corridor       380    31.6%    1.6%    0.0%    0.0%    0.0%    0.0%    0.0%   33.9%   32.9%    0.0%
      laden   junction      3988    10.3%    1.0%    0.0%    0.0%    0.0%    0.0%    0.3%   43.5%   44.9%    0.0%
      laden   open           617    15.9%    2.9%    0.0%    0.0%    0.0%    0.0%    0.0%   41.0%   40.2%    0.0%
      spoil   pocket         696     9.3%    0.7%    0.0%    0.0%    0.0%    0.0%    8.0%   44.0%   37.9%    0.0%
      spoil   corridor       579    43.2%    0.0%    0.0%    0.0%    0.0%    0.0%    1.0%   29.9%   25.9%    0.0%
      spoil   junction       525    36.4%    1.0%    0.0%    0.0%    0.0%    0.0%    3.8%   26.9%   32.0%    0.0%
      spoil   open           117    36.8%    1.7%    0.0%    0.0%    0.0%    0.0%    0.0%   32.5%   29.1%    0.0%
    DECISIONS: rows not written (decisionnorows)
  140   13  hand    2/2         4702     2322        0    30943    14461    8/21        2         4 0 5 12 0
                A READ  ant-readable homeward along >= 0.02 on  56.9% of route-cell samples | FOODWARD  18.2% | plane lit on  85.3% | peak amt  37480 cells 140
                THE LOOP, ANT BY ANT:
                  0. lived                                     21    100.0% of prev    100.0% of all
                  1. reached the food                           8     38.1% of prev     38.1% of all
                  2. picked food up out there                   7     87.5% of prev     33.3% of all
                  3. turned for home with it                    5     71.4% of prev     23.8% of all
                  4. got back to the nest still holding it      2     40.0% of prev      9.5% of all
                  5. PUT IT DOWN there                          2    100.0% of prev      9.5% of all
                  6. went back out again                        0      0.0% of prev      0.0% of all
                  7. reached the food a SECOND time             0      0.0% of prev      0.0% of all
                RETURN LEDGER reached food    8 of   21 ants | came back    2 | trips laden    2 empty    0 | LOOPERS    2 of   21 ants (25.0% of those that reached food), repeat    0, most loops by one ant   1
                BY ANCHOR AT PICKUP  anchor ON nest material:    2 loops /    7 pickups ( 28.6%) | anchor OFF it:    0 /    0 (  0.0%)
                BY BIRTH SITE  born ON comb:   2 of   8 that reached food looped ( 25.0%) | born OFF comb:   0 of   0 (  0.0%)
                LEGS legs[1105,3037] laden[1105,3037]
                founded x   30..68   (nest cursor 48 MATERIAL x 26..70 20 of 21 founders born on it; food 188; nearest founder 120 cells out, farthest 158, nominal gap 140)  occupancy/1k [20 50 12 19 20 30 12 5]  carry->nest     521  born    1 died   19 (starved   18)
                own trail: route pk   13 end    0 along +0.0000  B nest->food [1438,4285,7154,10086,8332]  blocked      252  kin swaps       0  ticks     28702  tumbles     10037 (homeward      462, 4.60%)  drops     713  DELIVERED   713  leg home n    2 med  3037 p90  3037 (laden n    2 med  3037 p90  3037)  appetite held         0 J of     16783  trips born-on-comb    2 (20 ants) / born-off    0 (1 ants)
                channel A: PEAK amt  37480 cells  140 (of 141 route)  POLARITY|| +0.07744 && +0.07007 SPAN +0.00087 edge   4.6  end nest->food [619,1060,212,0,0]  nest   25  AtNest 18.79%
                Carrying: laden     42445  of which SPOIL     11616 ( 27.4%)
    DECISION CENSUS: 20047 decisions, reconciled against the rows and the engine's counters
      C1 homeward re-roll: no_usable 92, bias_off 0, no_crop 5821, empty_crop 0, no_site 0, on_anchor 0, roll_failed 409, fired 95, fired_haul 0
      C1 fired, aimed: toward 47, across 40, away 8
      C2 drop: roll_lost 1450, placed 0, delivered 0, no_room 0 -- no room on 0.0% of won rolls; handed on through bodies 0 (mean 0.0 steps)
      C3 cone: left 497, straight 5667, right 447; Turn nonzero on 126 picks (largest |Turn| 3.81e-8), discarded on 115
      leg     setting          n  stepped    felllaunched swappedcrossingreversedblocked_roll_fairoll_fai no_body
      empty   pocket        2470     5.3%   11.6%    0.0%    0.0%    0.0%    0.0%    2.3%   40.7%   40.1%    0.0%
      empty   corridor      4033    39.7%    1.8%    0.0%    0.0%    0.0%    0.0%    0.6%   29.1%   28.8%    0.0%
      empty   junction      7787    39.2%    4.8%    0.0%    0.0%    0.0%    0.0%    0.6%   27.1%   28.3%    0.0%
      empty   open          1832    37.8%    7.4%    0.0%    0.0%    0.0%    0.0%    0.0%   27.5%   27.3%    0.0%
      laden   pocket         231     0.9%   13.4%    0.0%    0.0%    0.0%    0.0%    0.4%   42.4%   42.9%    0.0%
      laden   corridor       729    19.5%    0.4%    0.0%    0.0%    0.0%    0.0%    0.3%   40.3%   39.5%    0.0%
      laden   junction       418    51.9%    2.9%    0.0%    0.0%    0.0%    0.0%    0.5%   23.4%   21.3%    0.0%
      laden   open            73    43.8%   13.7%    0.0%    0.0%    0.0%    0.0%    0.0%   20.5%   21.9%    0.0%
      spoil   pocket        1383    19.7%    1.5%    0.0%    0.0%    0.0%    0.0%   15.6%   32.4%   30.7%    0.0%
      spoil   corridor       470    46.8%    0.6%    0.0%    0.0%    0.0%    0.0%    0.9%   26.6%   25.1%    0.0%
      spoil   junction       537    40.2%    0.7%    0.0%    0.0%    0.0%    0.0%    4.5%   26.6%   27.9%    0.0%
      spoil   open            84    42.9%    2.4%    0.0%    0.0%    0.0%    0.0%    0.0%   28.6%   26.2%    0.0%
    DECISIONS: rows not written (decisionnorows)
  140   14  hand    0/0         1140     2034    13128     8706       96    4/20        1         2 0 7 11 0
                A READ  ant-readable homeward along >= 0.02 on  53.6% of route-cell samples | FOODWARD  19.0% | plane lit on  81.0% | peak amt  36390 cells 137
                THE LOOP, ANT BY ANT:
                  0. lived                                     20    100.0% of prev    100.0% of all
                  1. reached the food                           4     20.0% of prev     20.0% of all
                  2. picked food up out there                   4    100.0% of prev     20.0% of all
                  3. turned for home with it                    4    100.0% of prev     20.0% of all
                  4. got back to the nest still holding it      1     25.0% of prev      5.0% of all
                  5. PUT IT DOWN there                          1    100.0% of prev      5.0% of all
                  6. went back out again                        1    100.0% of prev      5.0% of all
                  7. reached the food a SECOND time             0      0.0% of prev      0.0% of all
                RETURN LEDGER reached food    4 of   20 ants | came back    1 | trips laden    1 empty    0 | LOOPERS    1 of   20 ants (25.0% of those that reached food), repeat    0, most loops by one ant   1
                BY ANCHOR AT PICKUP  anchor ON nest material:    1 loops /    4 pickups ( 25.0%) | anchor OFF it:    0 /    0 (  0.0%)
                BY BIRTH SITE  born ON comb:   1 of   4 that reached food looped ( 25.0%) | born OFF comb:   0 of   0 (  0.0%)
                LEGS legs[1591] laden[1591]
                founded x   30..68   (nest cursor 48 MATERIAL x 26..70 20 of 20 founders born on it; food 188; nearest founder 120 cells out, farthest 158, nominal gap 140)  occupancy/1k [8 38 11 19 21 13 5 1]  carry->nest     384  born    0 died   20 (starved   20)
                own trail: route pk    0 end    0 along +0.0000  B nest->food [1438,4330,7129,9937,8332]  blocked      380  kin swaps       0  ticks     20047  tumbles      6417 (homeward       95, 1.48%)  drops       0  DELIVERED     0  leg home n    1 med  1591 p90  1591 (laden n    1 med  1591 p90  1591)  appetite held         0 J of      4800  trips born-on-comb    1 (20 ants) / born-off    0 (0 ants)
                channel A: PEAK amt  36390 cells  137 (of 141 route)  POLARITY|| +0.07768 && +0.06913 SPAN +0.00087 edge   5.7  end nest->food [384,845,268,0,0]  nest   25  AtNest  6.96%
                Carrying: laden     23550  of which SPOIL     14844 ( 63.0%)
    DECISION CENSUS: 26932 decisions, reconciled against the rows and the engine's counters
      C1 homeward re-roll: no_usable 140, bias_off 0, no_crop 7189, empty_crop 0, no_site 0, on_anchor 1975, roll_failed 337, fired 166, fired_haul 0
      C1 fired, aimed: toward 161, across 4, away 1
      C2 drop: roll_lost 3503, placed 0, delivered 686, no_room 1171 -- no room on 63.1% of won rolls; handed on through bodies 0 (mean 0.0 steps)
      C3 cone: left 536, straight 5473, right 494; Turn nonzero on 280 picks (largest |Turn| 7.63e-8), discarded on 263
      leg     setting          n  stepped    felllaunched swappedcrossingreversedblocked_roll_fairoll_fai no_body
      empty   pocket        2397     5.9%   10.6%    0.0%    0.0%    0.0%    0.0%    3.6%   40.2%   39.8%    0.0%
      empty   corridor      3482    38.5%    1.9%    0.0%    0.0%    0.0%    0.0%    0.4%   29.1%   30.2%    0.0%
      empty   junction      8966    32.4%    4.6%    0.0%    0.0%    0.0%    0.0%    0.4%   31.7%   30.9%    0.0%
      empty   open          2384    33.9%    8.1%    0.0%    0.0%    0.0%    0.0%    0.0%   29.0%   29.0%    0.0%
      laden   pocket        2616     0.7%    1.3%    0.0%    0.0%    0.0%    0.0%    0.0%   48.5%   49.5%    0.0%
      laden   corridor      1385    14.1%    0.5%    0.0%    0.0%    0.0%    0.0%    0.2%   40.4%   44.8%    0.0%
      laden   junction      1668    20.3%    2.0%    0.0%    0.0%    0.0%    0.0%    0.5%   38.2%   38.9%    0.0%
      laden   open            79    49.4%    5.1%    0.0%    0.0%    0.0%    0.0%    0.0%   19.0%   26.6%    0.0%
      spoil   pocket        2365     7.6%    0.8%    0.0%    0.0%    0.0%    0.0%    5.4%   42.2%   44.0%    0.0%
      spoil   corridor       916    33.5%    0.1%    0.0%    0.0%    0.0%    0.0%    0.5%   33.5%   32.3%    0.0%
      spoil   junction       603    33.7%    1.5%    0.0%    0.0%    0.0%    0.0%    3.3%   31.3%   30.2%    0.0%
      spoil   open            71    45.1%    1.4%    0.0%    0.0%    0.0%    0.0%    0.0%   28.2%   25.4%    0.0%
    DECISIONS: rows not written (decisionnorows)
  140   15  hand    3/2         4605     2094        0    34489    26059    5/21        4         6 1 3 11 0
                A READ  ant-readable homeward along >= 0.02 on  60.0% of route-cell samples | FOODWARD  14.3% | plane lit on  79.2% | peak amt  31502 cells 138
                THE LOOP, ANT BY ANT:
                  0. lived                                     21    100.0% of prev    100.0% of all
                  1. reached the food                           5     23.8% of prev     23.8% of all
                  2. picked food up out there                   5    100.0% of prev     23.8% of all
                  3. turned for home with it                    5    100.0% of prev     23.8% of all
                  4. got back to the nest still holding it      4     80.0% of prev     19.0% of all
                  5. PUT IT DOWN there                          4    100.0% of prev     19.0% of all
                  6. went back out again                        3     75.0% of prev     14.3% of all
                  7. reached the food a SECOND time             0      0.0% of prev      0.0% of all
                RETURN LEDGER reached food    5 of   21 ants | came back    4 | trips laden    4 empty    0 | LOOPERS    4 of   21 ants (80.0% of those that reached food), repeat    0, most loops by one ant   1
                BY ANCHOR AT PICKUP  anchor ON nest material:    4 loops /    5 pickups ( 80.0%) | anchor OFF it:    0 /    0 (  0.0%)
                BY BIRTH SITE  born ON comb:   4 of   5 that reached food looped ( 80.0%) | born OFF comb:   0 of   0 (  0.0%)
                LEGS legs[1141,1159,1063,3145] laden[1141,1159,1063,3145]
                founded x   30..68   (nest cursor 48 MATERIAL x 26..70 20 of 21 founders born on it; food 188; nearest founder 120 cells out, farthest 158, nominal gap 140)  occupancy/1k [25 66 13 18 15 13 5 1]  carry->nest     534  born    1 died   18 (starved   18)
                own trail: route pk   10 end    8 along +0.0000  B nest->food [1438,4329,7165,10006,8332]  blocked      302  kin swaps       0  ticks     26932  tumbles      9807 (homeward      166, 1.69%)  drops     686  DELIVERED   686  leg home n    4 med  1159 p90  3145 (laden n    4 med  1159 p90  3145)  appetite held         0 J of     18675  trips born-on-comb    4 (20 ants) / born-off    0 (1 ants)
                channel A: PEAK amt  31502 cells  138 (of 141 route)  POLARITY|| +0.09969 && +0.09192 SPAN +0.00154 edge   5.5  end nest->food [1862,2683,313,0,0]  nest   25  AtNest 26.15%
                Carrying: laden     58219  of which SPOIL     29808 ( 51.2%)
    DECISION CENSUS: 18489 decisions, reconciled against the rows and the engine's counters
      C1 homeward re-roll: no_usable 115, bias_off 0, no_crop 4793, empty_crop 0, no_site 0, on_anchor 7, roll_failed 350, fired 108, fired_haul 0
      C1 fired, aimed: toward 57, across 51, away 0
      C2 drop: roll_lost 1292, placed 0, delivered 9, no_room 0 -- no room on 0.0% of won rolls; handed on through bodies 0 (mean 0.0 steps)
      C3 cone: left 552, straight 5830, right 508; Turn nonzero on 111 picks (largest |Turn| 3.81e-8), discarded on 108
      leg     setting          n  stepped    felllaunched swappedcrossingreversedblocked_roll_fairoll_fai no_body
      empty   pocket        1195     9.7%   18.2%    0.0%    0.0%    0.0%    0.0%    5.7%   35.5%   30.9%    0.0%
      empty   corridor      3553    48.7%    2.3%    0.0%    0.0%    0.0%    0.0%    0.4%   24.4%   24.2%    0.0%
      empty   junction      7598    41.9%    6.0%    0.0%    0.0%    0.0%    0.0%    0.6%   24.8%   26.7%    0.0%
      empty   open          2447    38.9%    8.4%    0.0%    0.0%    0.0%    0.0%    0.0%   26.3%   26.4%    0.0%
      laden   pocket          31     0.0%   51.6%    0.0%    0.0%    0.0%    0.0%    0.0%   12.9%   35.5%    0.0%
      laden   corridor       527    30.0%    0.6%    0.0%    0.0%    0.0%    0.0%    0.0%   32.3%   37.2%    0.0%
      laden   junction       653    22.1%    2.6%    0.0%    0.0%    0.0%    0.0%    0.6%   39.5%   35.2%    0.0%
      laden   open            91    38.5%    8.8%    0.0%    0.0%    0.0%    0.0%    0.0%   30.8%   22.0%    0.0%
      spoil   pocket        1393    10.0%    0.4%    0.0%    0.0%    0.0%    0.0%    9.0%   39.6%   41.1%    0.0%
      spoil   corridor       405    42.0%    0.0%    0.0%    0.0%    0.0%    0.0%    1.7%   28.4%   27.9%    0.0%
      spoil   junction       471    43.5%    3.0%    0.0%    0.0%    0.0%    0.0%    4.9%   22.5%   26.1%    0.0%
      spoil   open           125    45.6%    1.6%    0.0%    0.0%    0.0%    0.0%    0.0%   27.2%   25.6%    0.0%
    DECISIONS: rows not written (decisionnorows)
  140   16  hand    0/0         1023     1986     9768     7812      132    4/20        1         2 0 10 8 0
                A READ  ant-readable homeward along >= 0.02 on  56.8% of route-cell samples | FOODWARD  16.7% | plane lit on  79.0% | peak amt  37183 cells 138
                THE LOOP, ANT BY ANT:
                  0. lived                                     20    100.0% of prev    100.0% of all
                  1. reached the food                           4     20.0% of prev     20.0% of all
                  2. picked food up out there                   4    100.0% of prev     20.0% of all
                  3. turned for home with it                    3     75.0% of prev     15.0% of all
                  4. got back to the nest still holding it      1     33.3% of prev      5.0% of all
                  5. PUT IT DOWN there                          1    100.0% of prev      5.0% of all
                  6. went back out again                        1    100.0% of prev      5.0% of all
                  7. reached the food a SECOND time             0      0.0% of prev      0.0% of all
                RETURN LEDGER reached food    4 of   20 ants | came back    1 | trips laden    1 empty    0 | LOOPERS    1 of   20 ants (25.0% of those that reached food), repeat    0, most loops by one ant   1
                BY ANCHOR AT PICKUP  anchor ON nest material:    1 loops /    4 pickups ( 25.0%) | anchor OFF it:    0 /    0 (  0.0%)
                BY BIRTH SITE  born ON comb:   1 of   4 that reached food looped ( 25.0%) | born OFF comb:   0 of   0 (  0.0%)
                LEGS legs[2377] laden[2377]
                founded x   30..68   (nest cursor 48 MATERIAL x 26..70 20 of 20 founders born on it; food 188; nearest founder 120 cells out, farthest 158, nominal gap 140)  occupancy/1k [9 24 13 24 22 10 4 1]  carry->nest     318  born    0 died   20 (starved   20)
                own trail: route pk    0 end    0 along +0.0000  B nest->food [1438,4295,7156,9959,8332]  blocked      288  kin swaps       0  ticks     18489  tumbles      5373 (homeward      108, 2.01%)  drops       9  DELIVERED     9  leg home n    1 med  2377 p90  2377 (laden n    1 med  2377 p90  2377)  appetite held         0 J of      4305  trips born-on-comb    1 (20 ants) / born-off    0 (0 ants)
                channel A: PEAK amt  37183 cells  138 (of 141 route)  POLARITY|| +0.08474 && +0.07680 SPAN +0.00111 edge   5.6  end nest->food [756,2230,605,0,0]  nest   25  AtNest  7.47%
                Carrying: laden     22176  of which SPOIL     14364 ( 64.8%)
    DECISION CENSUS: 17164 decisions, reconciled against the rows and the engine's counters
      C1 homeward re-roll: no_usable 76, bias_off 0, no_crop 4973, empty_crop 0, no_site 0, on_anchor 0, roll_failed 142, fired 28, fired_haul 0
      C1 fired, aimed: toward 23, across 0, away 5
      C2 drop: roll_lost 580, placed 0, delivered 0, no_room 0 -- no room on 0.0% of won rolls; handed on through bodies 0 (mean 0.0 steps)
      C3 cone: left 377, straight 5500, right 327; Turn nonzero on 90 picks (largest |Turn| 3.81e-8), discarded on 90
      leg     setting          n  stepped    felllaunched swappedcrossingreversedblocked_roll_fairoll_fai no_body
      empty   pocket        3147     4.9%    5.4%    0.0%    0.0%    0.0%    0.0%    3.0%   42.8%   43.9%    0.0%
      empty   corridor      4724    53.8%    1.0%    0.0%    0.0%    0.0%    0.0%    0.1%   22.3%   22.8%    0.0%
      empty   junction      5351    41.0%    6.2%    0.0%    0.0%    0.0%    0.0%    0.4%   27.0%   25.4%    0.0%
      empty   open          1597    35.4%   10.0%    0.0%    0.0%    0.0%    0.0%    0.0%   28.6%   26.0%    0.0%
      laden   pocket          15     6.7%   60.0%    0.0%    0.0%    0.0%    0.0%    0.0%   13.3%   20.0%    0.0%
      laden   corridor       395    31.6%    0.5%    0.0%    0.0%    0.0%    0.0%    0.3%   33.9%   33.7%    0.0%
      laden   junction       152    59.2%    5.3%    0.0%    0.0%    0.0%    0.0%    0.7%   18.4%   16.4%    0.0%
      laden   open            18    38.9%   11.1%    0.0%    0.0%    0.0%    0.0%    0.0%   22.2%   27.8%    0.0%
      spoil   pocket         713     9.1%    1.1%    0.0%    0.0%    0.0%    0.0%    8.1%   41.4%   40.3%    0.0%
      spoil   corridor       697    45.3%    0.1%    0.0%    0.0%    0.0%    0.0%    0.9%   24.2%   29.4%    0.0%
      spoil   junction       299    40.5%    1.7%    0.0%    0.0%    0.0%    0.0%    5.0%   25.4%   27.4%    0.0%
      spoil   open            56    44.6%    0.0%    0.0%    0.0%    0.0%    0.0%    0.0%   23.2%   32.1%    0.0%
    DECISIONS: rows not written (decisionnorows)
  140   17  hand    0/0          456     1950     8928     3480        0    2/20        0          4 5 3 8 0
                A READ  ant-readable homeward along >= 0.02 on  48.4% of route-cell samples | FOODWARD  21.4% | plane lit on  76.7% | peak amt  31496 cells 137
                THE LOOP, ANT BY ANT:
                  0. lived                                     20    100.0% of prev    100.0% of all
                  1. reached the food                           2     10.0% of prev     10.0% of all
                  2. picked food up out there                   2    100.0% of prev     10.0% of all
                  3. turned for home with it                    2    100.0% of prev     10.0% of all
                  4. got back to the nest still holding it      0      0.0% of prev      0.0% of all
                  5. PUT IT DOWN there                          0      0.0% of prev      0.0% of all
                  6. went back out again                        0      0.0% of prev      0.0% of all
                  7. reached the food a SECOND time             0      0.0% of prev      0.0% of all
                RETURN LEDGER reached food    2 of   20 ants | came back    0 | trips laden    0 empty    0 | LOOPERS    0 of   20 ants ( 0.0% of those that reached food), repeat    0, most loops by one ant   0
                BY ANCHOR AT PICKUP  anchor ON nest material:    0 loops /    2 pickups (  0.0%) | anchor OFF it:    0 /    0 (  0.0%)
                BY BIRTH SITE  born ON comb:   0 of   2 that reached food looped (  0.0%) | born OFF comb:   0 of   0 (  0.0%)
                founded x   30..68   (nest cursor 48 MATERIAL x 26..70 20 of 20 founders born on it; food 188; nearest founder 120 cells out, farthest 158, nominal gap 140)  occupancy/1k [22 29 8 8 17 9 5 1]  carry->nest     210  born    0 died   20 (starved   20)
                own trail: route pk    0 end    0 along +0.0000  B nest->food [1438,4289,7122,9903,8332]  blocked      198  kin swaps       0  ticks     17164  tumbles      5219 (homeward       28, 0.54%)  drops       0  DELIVERED     0  leg home n    0 med     0 p90     0 (laden n    0 med     0 p90     0)  appetite held         0 J of      1920  trips born-on-comb    0 (20 ants) / born-off    0 (0 ants)
                channel A: PEAK amt  31496 cells  137 (of 141 route)  POLARITY|| +0.09498 && +0.08911 SPAN +0.00401 edge   5.8  end nest->food [1431,2536,0,0,0]  nest   25  AtNest  8.51%
                Carrying: laden     14070  of which SPOIL     10590 ( 75.3%)
    DECISION CENSUS: 20473 decisions, reconciled against the rows and the engine's counters
      C1 homeward re-roll: no_usable 95, bias_off 0, no_crop 5445, empty_crop 0, no_site 0, on_anchor 0, roll_failed 462, fired 253, fired_haul 0
      C1 fired, aimed: toward 135, across 100, away 18
      C2 drop: roll_lost 1740, placed 0, delivered 0, no_room 0 -- no room on 0.0% of won rolls; handed on through bodies 0 (mean 0.0 steps)
      C3 cone: left 659, straight 5803, right 547; Turn nonzero on 167 picks (largest |Turn| 7.63e-8), discarded on 147
      leg     setting          n  stepped    felllaunched swappedcrossingreversedblocked_roll_fairoll_fai no_body
      empty   pocket        1135     5.2%   21.0%    0.0%    0.0%    0.0%    0.0%    1.4%   35.0%   37.4%    0.0%
      empty   corridor      2374    41.5%    3.6%    0.0%    0.0%    0.0%    0.0%    0.4%   27.3%   27.3%    0.0%
      empty   junction     10344    38.5%    5.6%    0.0%    0.0%    0.0%    0.0%    0.5%   27.9%   27.5%    0.0%
      empty   open          3041    37.3%    8.2%    0.0%    0.0%    0.0%    0.0%    0.0%   27.1%   27.4%    0.0%
      laden   pocket          49     4.1%   40.8%    0.0%    0.0%    0.0%    0.0%    0.0%   32.7%   22.4%    0.0%
      laden   corridor       445    12.1%    1.8%    0.0%    0.0%    0.0%    0.0%    0.4%   44.3%   41.3%    0.0%
      laden   junction      1177    13.6%    1.4%    0.0%    0.0%    0.0%    0.0%    0.3%   42.1%   42.5%    0.0%
      laden   open            72    56.9%    8.3%    0.0%    0.0%    0.0%    0.0%    0.0%   18.1%   16.7%    0.0%
      spoil   pocket         755    15.9%    0.5%    0.0%    0.0%    0.0%    0.0%   12.7%   36.6%   34.3%    0.0%
      spoil   corridor       412    46.8%    0.5%    0.0%    0.0%    0.0%    0.0%    1.5%   27.7%   23.5%    0.0%
      spoil   junction       532    41.0%    0.4%    0.0%    0.0%    0.0%    0.0%    3.8%   27.6%   27.3%    0.0%
      spoil   open           137    43.1%    2.2%    0.0%    0.0%    0.0%    0.0%    0.0%   25.5%   29.2%    0.0%
    DECISIONS: rows not written (decisionnorows)
  140   18  hand    0/0         1368     2790    16452    10458        0    3/20        1         1 0 6 13 0
                A READ  ant-readable homeward along >= 0.02 on  53.9% of route-cell samples | FOODWARD  17.2% | plane lit on  82.0% | peak amt  47603 cells 138
                THE LOOP, ANT BY ANT:
                  0. lived                                     20    100.0% of prev    100.0% of all
                  1. reached the food                           3     15.0% of prev     15.0% of all
                  2. picked food up out there                   3    100.0% of prev     15.0% of all
                  3. turned for home with it                    3    100.0% of prev     15.0% of all
                  4. got back to the nest still holding it      0      0.0% of prev      0.0% of all
                  5. PUT IT DOWN there                          0      0.0% of prev      0.0% of all
                  6. went back out again                        0      0.0% of prev      0.0% of all
                  7. reached the food a SECOND time             0      0.0% of prev      0.0% of all
                RETURN LEDGER reached food    3 of   20 ants | came back    1 | trips laden    0 empty    1 | LOOPERS    0 of   20 ants ( 0.0% of those that reached food), repeat    0, most loops by one ant   0
                BY ANCHOR AT PICKUP  anchor ON nest material:    0 loops /    3 pickups (  0.0%) | anchor OFF it:    0 /    0 (  0.0%)
                BY BIRTH SITE  born ON comb:   0 of   3 that reached food looped (  0.0%) | born OFF comb:   0 of   0 (  0.0%)
                LEGS legs[12061] laden[]
                founded x   30..68   (nest cursor 48 MATERIAL x 26..70 20 of 20 founders born on it; food 188; nearest founder 120 cells out, farthest 158, nominal gap 140)  occupancy/1k [8 15 20 25 27 16 7 1]  carry->nest     235  born    0 died   20 (starved   20)
                own trail: route pk    0 end    0 along +0.0000  B nest->food [1438,4245,7166,9948,8332]  blocked      208  kin swaps       0  ticks     20473  tumbles      6255 (homeward      253, 4.04%)  drops       0  DELIVERED     0  leg home n    1 med 12061 p90 12061 (laden n    0 med     0 p90     0)  appetite held         0 J of      5760  trips born-on-comb    1 (20 ants) / born-off    0 (0 ants)
                channel A: PEAK amt  47603 cells  138 (of 141 route)  POLARITY|| +0.08107 && +0.07223 SPAN -0.00021 edge   5.8  end nest->food [668,1340,470,0,0]  nest   25  AtNest  4.76%
                Carrying: laden     21474  of which SPOIL     11016 ( 51.3%)
    DECISION CENSUS: 19851 decisions, reconciled against the rows and the engine's counters
      C1 homeward re-roll: no_usable 95, bias_off 0, no_crop 4803, empty_crop 0, no_site 0, on_anchor 464, roll_failed 320, fired 60, fired_haul 0
      C1 fired, aimed: toward 55, across 4, away 1
      C2 drop: roll_lost 1764, placed 0, delivered 404, no_room 0 -- no room on 0.0% of won rolls; handed on through bodies 0 (mean 0.0 steps)
      C3 cone: left 771, straight 5777, right 624; Turn nonzero on 20 picks (largest |Turn| 3.81e-8), discarded on 20
      leg     setting          n  stepped    felllaunched swappedcrossingreversedblocked_roll_fairoll_fai no_body
      empty   pocket         504     6.7%   47.2%    0.0%    0.0%    0.0%    0.0%    0.8%   20.6%   24.6%    0.0%
      empty   corridor      2083    46.6%    3.9%    0.0%    0.0%    0.0%    0.0%    0.4%   25.5%   23.5%    0.0%
      empty   junction     10113    39.6%    5.3%    0.0%    0.0%    0.0%    0.0%    0.7%   27.4%   26.9%    0.0%
      empty   open          4014    33.2%    9.2%    0.0%    0.0%    0.0%    0.0%    0.0%   28.7%   28.8%    0.0%
      laden   pocket         103     1.0%   40.8%    0.0%    0.0%    0.0%    0.0%    0.0%   27.2%   31.1%    0.0%
      laden   corridor       786    15.1%    0.6%    0.0%    0.0%    0.0%    0.0%    0.3%   42.4%   41.6%    0.0%
      laden   junction      1293    24.7%    2.6%    0.0%    0.0%    0.0%    0.0%    1.1%   34.7%   36.8%    0.0%
      laden   open           121    50.4%   11.6%    0.0%    0.0%    0.0%    0.0%    0.0%   21.5%   16.5%    0.0%
      spoil   pocket          82    14.6%   23.2%    0.0%    0.0%    0.0%    0.0%   11.0%   24.4%   26.8%    0.0%
      spoil   corridor        83    28.9%    4.8%    0.0%    0.0%    0.0%    0.0%   13.3%   21.7%   31.3%    0.0%
      spoil   junction       484    44.8%    1.7%    0.0%    0.0%    0.0%    0.0%    4.8%   22.7%   26.0%    0.0%
      spoil   open           185    43.2%    2.2%    0.0%    0.0%    0.0%    0.0%    0.0%   26.5%   28.1%    0.0%
    DECISIONS: rows not written (decisionnorows)
  140   19  hand    0/0         2287     2322    16392    13818     6018    5/21        2         0 1 9 11 0
                A READ  ant-readable homeward along >= 0.02 on  57.0% of route-cell samples | FOODWARD  18.2% | plane lit on  83.7% | peak amt  47727 cells 138
                THE LOOP, ANT BY ANT:
                  0. lived                                     21    100.0% of prev    100.0% of all
                  1. reached the food                           5     23.8% of prev     23.8% of all
                  2. picked food up out there                   5    100.0% of prev     23.8% of all
                  3. turned for home with it                    5    100.0% of prev     23.8% of all
                  4. got back to the nest still holding it      2     40.0% of prev      9.5% of all
                  5. PUT IT DOWN there                          2    100.0% of prev      9.5% of all
                  6. went back out again                        2    100.0% of prev      9.5% of all
                  7. reached the food a SECOND time             0      0.0% of prev      0.0% of all
                RETURN LEDGER reached food    5 of   21 ants | came back    2 | trips laden    2 empty    0 | LOOPERS    2 of   21 ants (40.0% of those that reached food), repeat    0, most loops by one ant   1
                BY ANCHOR AT PICKUP  anchor ON nest material:    2 loops /    5 pickups ( 40.0%) | anchor OFF it:    0 /    0 (  0.0%)
                BY BIRTH SITE  born ON comb:   2 of   5 that reached food looped ( 40.0%) | born OFF comb:   0 of   0 (  0.0%)
                LEGS legs[1381,1117] laden[1381,1117]
                founded x   30..68   (nest cursor 48 MATERIAL x 26..70 20 of 21 founders born on it; food 188; nearest founder 120 cells out, farthest 158, nominal gap 140)  occupancy/1k [5 20 16 22 25 15 9 2]  carry->nest     468  born    1 died   21 (starved   21)
                own trail: route pk    9 end    0 along +0.0000  B nest->food [1438,4283,7188,9987,8332]  blocked      146  kin swaps       0  ticks     19851  tumbles      5742 (homeward       60, 1.04%)  drops     404  DELIVERED   404  leg home n    2 med  1381 p90  1381 (laden n    2 med  1381 p90  1381)  appetite held         0 J of      7609  trips born-on-comb    2 (21 ants) / born-off    0 (0 ants)
                channel A: PEAK amt  47727 cells  138 (of 141 route)  POLARITY|| +0.07662 && +0.06809 SPAN -0.00008 edge   5.4  end nest->food [493,2098,588,0,0]  nest   25  AtNest 11.69%
                Carrying: laden     18822  of which SPOIL      5004 ( 26.6%)
    DECISION CENSUS: 24040 decisions, reconciled against the rows and the engine's counters
      C1 homeward re-roll: no_usable 125, bias_off 0, no_crop 6775, empty_crop 0, no_site 0, on_anchor 1439, roll_failed 228, fired 351, fired_haul 0
      C1 fired, aimed: toward 341, across 0, away 10
      C2 drop: roll_lost 2789, placed 0, delivered 1182, no_room 130 -- no room on 9.9% of won rolls; handed on through bodies 0 (mean 0.0 steps)
      C3 cone: left 538, straight 4488, right 454; Turn nonzero on 157 picks (largest |Turn| 7.63e-8), discarded on 141
      leg     setting          n  stepped    felllaunched swappedcrossingreversedblocked_roll_fairoll_fai no_body
      empty   pocket        2693     4.7%    7.8%    0.0%    0.0%    0.0%    0.0%    2.7%   41.8%   42.9%    0.0%
      empty   corridor      2649    37.9%    2.7%    0.0%    0.0%    0.0%    0.0%    0.2%   30.4%   28.8%    0.0%
      empty   junction      9721    28.6%    4.7%    0.0%    0.0%    0.0%    0.0%    0.4%   34.0%   32.4%    0.0%
      empty   open          2901    31.6%    7.9%    0.0%    0.0%    0.0%    0.0%    0.0%   30.9%   29.7%    0.0%
      laden   pocket         182     3.8%   19.8%    0.0%    0.0%    0.0%    0.0%    2.2%   39.0%   35.2%    0.0%
      laden   corridor       864     8.0%    0.6%    0.0%    0.0%    0.0%    0.0%    0.1%   45.1%   46.2%    0.0%
      laden   junction      2831     6.9%    0.5%    0.0%    0.0%    0.0%    0.0%    0.1%   45.3%   47.3%    0.0%
      laden   open           542     5.2%    0.2%    0.0%    0.0%    0.0%    0.0%    0.0%   47.4%   47.2%    0.0%
      spoil   pocket         891     5.1%    2.2%    0.0%    0.0%    0.0%    0.0%    3.8%   43.0%   45.9%    0.0%
      spoil   corridor       252    36.1%    0.4%    0.0%    0.0%    0.0%    0.0%    0.8%   37.7%   25.0%    0.0%
      spoil   junction       418    44.7%    2.2%    0.0%    0.0%    0.0%    0.0%    2.9%   23.9%   26.3%    0.0%
      spoil   open            96    30.2%    4.2%    0.0%    0.0%    0.0%    0.0%    0.0%   40.6%   25.0%    0.0%
    DECISIONS: rows not written (decisionnorows)
  140   20  hand    3/2         3963     3906        0    26516    21542    6/21        2         3 2 5 11 0
                A READ  ant-readable homeward along >= 0.02 on  60.0% of route-cell samples | FOODWARD  15.4% | plane lit on  81.9% | peak amt  32330 cells 138
                THE LOOP, ANT BY ANT:
                  0. lived                                     21    100.0% of prev    100.0% of all
                  1. reached the food                           6     28.6% of prev     28.6% of all
                  2. picked food up out there                   2     33.3% of prev      9.5% of all
                  3. turned for home with it                    2    100.0% of prev      9.5% of all
                  4. got back to the nest still holding it      2    100.0% of prev      9.5% of all
                  5. PUT IT DOWN there                          2    100.0% of prev      9.5% of all
                  6. went back out again                        1     50.0% of prev      4.8% of all
                  7. reached the food a SECOND time             0      0.0% of prev      0.0% of all
                RETURN LEDGER reached food    6 of   21 ants | came back    2 | trips laden    2 empty    0 | LOOPERS    2 of   21 ants (33.3% of those that reached food), repeat    0, most loops by one ant   1
                BY ANCHOR AT PICKUP  anchor ON nest material:    2 loops /    2 pickups (100.0%) | anchor OFF it:    0 /    0 (  0.0%)
                BY BIRTH SITE  born ON comb:   2 of   6 that reached food looped ( 33.3%) | born OFF comb:   0 of   0 (  0.0%)
                LEGS legs[1129,925] laden[1129,925]
                founded x   30..68   (nest cursor 48 MATERIAL x 26..70 20 of 21 founders born on it; food 188; nearest founder 120 cells out, farthest 158, nominal gap 140)  occupancy/1k [19 64 8 14 11 10 10 4]  carry->nest     228  born    1 died   18 (starved   17)
                own trail: route pk   82 end    0 along +0.0000  B nest->food [1438,4286,7121,9897,8332]  blocked      168  kin swaps       0  ticks     24041  tumbles      8918 (homeward      351, 3.94%)  drops    1182  DELIVERED  1182  leg home n    2 med  1129 p90  1129 (laden n    2 med  1129 p90  1129)  appetite held         0 J of     14728  trips born-on-comb    2 (21 ants) / born-off    0 (0 ants)
                channel A: PEAK amt  32330 cells  138 (of 141 route)  POLARITY|| +0.08891 && +0.08123 SPAN +0.00197 edge   5.5  end nest->food [1219,2223,127,0,0]  nest   25  AtNest 30.47%
                Carrying: laden     36458  of which SPOIL     10158 ( 27.9%)
    DECISION CENSUS: 18967 decisions, reconciled against the rows and the engine's counters
      C1 homeward re-roll: no_usable 79, bias_off 0, no_crop 4925, empty_crop 0, no_site 0, on_anchor 18, roll_failed 344, fired 98, fired_haul 0
      C1 fired, aimed: toward 87, across 10, away 1
      C2 drop: roll_lost 1335, placed 0, delivered 23, no_room 0 -- no room on 0.0% of won rolls; handed on through bodies 0 (mean 0.0 steps)
      C3 cone: left 598, straight 5831, right 481; Turn nonzero on 159 picks (largest |Turn| 3.81e-8), discarded on 151
      leg     setting          n  stepped    felllaunched swappedcrossingreversedblocked_roll_fairoll_fai no_body
      empty   pocket        1767     8.1%   12.2%    0.0%    0.0%    0.0%    0.0%    4.6%   35.9%   39.1%    0.0%
      empty   corridor      3397    47.2%    2.6%    0.0%    0.0%    0.0%    0.0%    0.2%   24.8%   25.2%    0.0%
      empty   junction      8510    40.7%    6.1%    0.0%    0.0%    0.0%    0.0%    0.5%   25.9%   26.9%    0.0%
      empty   open          2489    37.6%   10.0%    0.0%    0.0%    0.0%    0.0%    0.0%   26.2%   26.2%    0.0%
      laden   pocket          33     6.1%   69.7%    0.0%    0.0%    0.0%    0.0%    0.0%    9.1%   15.2%    0.0%
      laden   corridor       440    24.8%    0.9%    0.0%    0.0%    0.0%    0.0%    0.2%   36.8%   37.3%    0.0%
      laden   junction       785    25.1%    2.5%    0.0%    0.0%    0.0%    0.0%    0.5%   33.8%   38.1%    0.0%
      laden   open           101    37.6%   12.9%    0.0%    0.0%    0.0%    0.0%    0.0%   24.8%   24.8%    0.0%
      spoil   pocket         590    15.3%    0.8%    0.0%    0.0%    0.0%    0.0%   13.1%   33.9%   36.9%    0.0%
      spoil   corridor       413    38.3%    0.0%    0.0%    0.0%    0.0%    0.0%    0.7%   30.8%   30.3%    0.0%
      spoil   junction       351    39.3%    2.0%    0.0%    0.0%    0.0%    0.0%    5.1%   25.4%   28.2%    0.0%
      spoil   open            91    37.4%    1.1%    0.0%    0.0%    0.0%    0.0%    0.0%   35.2%   26.4%    0.0%
    DECISIONS: rows not written (decisionnorows)
  140   21  hand    0/0         1067     2982    10950     8154      270    6/20        1         2 0 7 11 0
                A READ  ant-readable homeward along >= 0.02 on  56.8% of route-cell samples | FOODWARD  17.0% | plane lit on  80.6% | peak amt  32585 cells 138
                THE LOOP, ANT BY ANT:
                  0. lived                                     20    100.0% of prev    100.0% of all
                  1. reached the food                           6     30.0% of prev     30.0% of all
                  2. picked food up out there                   4     66.7% of prev     20.0% of all
                  3. turned for home with it                    4    100.0% of prev     20.0% of all
                  4. got back to the nest still holding it      1     25.0% of prev      5.0% of all
                  5. PUT IT DOWN there                          1    100.0% of prev      5.0% of all
                  6. went back out again                        1    100.0% of prev      5.0% of all
                  7. reached the food a SECOND time             0      0.0% of prev      0.0% of all
                RETURN LEDGER reached food    6 of   20 ants | came back    1 | trips laden    1 empty    0 | LOOPERS    1 of   20 ants (16.7% of those that reached food), repeat    0, most loops by one ant   1
                BY ANCHOR AT PICKUP  anchor ON nest material:    1 loops /    4 pickups ( 25.0%) | anchor OFF it:    0 /    0 (  0.0%)
                BY BIRTH SITE  born ON comb:   1 of   6 that reached food looped ( 16.7%) | born OFF comb:   0 of   0 (  0.0%)
                LEGS legs[2635] laden[2635]
                founded x   30..68   (nest cursor 48 MATERIAL x 26..70 20 of 20 founders born on it; food 188; nearest founder 120 cells out, farthest 158, nominal gap 140)  occupancy/1k [11 19 17 19 26 10 7 1]  carry->nest     329  born    0 died   20 (starved   20)
                own trail: route pk    0 end    0 along +0.0000  B nest->food [1438,4267,7154,9964,8332]  blocked      230  kin swaps       0  ticks     18967  tumbles      5464 (homeward       98, 1.79%)  drops      23  DELIVERED    23  leg home n    1 med  2635 p90  2635 (laden n    1 med  2635 p90  2635)  appetite held         0 J of      4493  trips born-on-comb    1 (20 ants) / born-off    0 (0 ants)
                channel A: PEAK amt  32585 cells  138 (of 141 route)  POLARITY|| +0.08358 && +0.07468 SPAN +0.00072 edge   5.6  end nest->food [735,1881,510,0,0]  nest   25  AtNest  8.78%
                Carrying: laden     16824  of which SPOIL      8670 ( 51.5%)
    DECISION CENSUS: 31535 decisions, reconciled against the rows and the engine's counters
      C1 homeward re-roll: no_usable 84, bias_off 0, no_crop 8400, empty_crop 0, no_site 0, on_anchor 2332, roll_failed 411, fired 321, fired_haul 0
      C1 fired, aimed: toward 241, across 38, away 42
      C2 drop: roll_lost 4820, placed 0, delivered 527, no_room 1308 -- no room on 71.3% of won rolls; handed on through bodies 0 (mean 0.0 steps)
      C3 cone: left 612, straight 6367, right 547; Turn nonzero on 413 picks (largest |Turn| 7.62e-3), discarded on 348
      leg     setting          n  stepped    felllaunched swappedcrossingreversedblocked_roll_fairoll_fai no_body
      empty   pocket        1524     8.7%   13.5%    0.0%    0.0%    0.0%    0.0%    4.3%   36.6%   36.9%    0.0%
      empty   corridor      6038    25.8%    1.4%    0.0%    0.0%    0.0%    0.0%    0.1%   36.7%   35.9%    0.0%
      empty   junction     10900    34.1%    4.6%    0.0%    0.0%    0.0%    0.0%    0.2%   31.1%   30.1%    0.0%
      empty   open          4021    20.5%    5.4%    0.0%    0.0%    0.0%    0.0%    0.0%   35.9%   38.1%    0.0%
      laden   pocket        1441     1.0%    3.4%    0.0%    0.0%    0.0%    0.0%    0.0%   48.5%   47.1%    0.0%
      laden   corridor      3272     6.0%    0.2%    0.0%    0.0%    0.0%    0.0%    0.1%   47.0%   46.7%    0.0%
      laden   junction      1722    22.9%    2.8%    0.0%    0.0%    0.0%    0.0%    0.2%   37.5%   36.6%    0.0%
      laden   open           511    21.5%    2.9%    0.0%    0.0%    0.0%    0.0%    0.0%   36.0%   39.5%    0.0%
      spoil   pocket         591    12.7%    3.7%    0.0%    0.0%    0.0%    0.0%   10.7%   35.5%   37.4%    0.0%
      spoil   corridor       927    28.8%    0.4%    0.0%    0.0%    0.0%    0.0%    0.5%   33.3%   36.9%    0.0%
      spoil   junction       532    41.0%    1.3%    0.0%    0.0%    0.0%    0.0%    3.9%   28.0%   25.8%    0.0%
      spoil   open            56    35.7%    7.1%    0.0%    0.0%    0.0%    0.0%    0.0%   32.1%   25.0%    0.0%
    DECISIONS: rows not written (decisionnorows)
  140   22  hand    5/3         5949     2346        0    40690    30352    6/22        3         4 1 1 16 0
                A READ  ant-readable homeward along >= 0.02 on  62.5% of route-cell samples | FOODWARD  16.9% | plane lit on  86.4% | peak amt  29853 cells 140
                THE LOOP, ANT BY ANT:
                  0. lived                                     22    100.0% of prev    100.0% of all
                  1. reached the food                           6     27.3% of prev     27.3% of all
                  2. picked food up out there                   6    100.0% of prev     27.3% of all
                  3. turned for home with it                    5     83.3% of prev     22.7% of all
                  4. got back to the nest still holding it      3     60.0% of prev     13.6% of all
                  5. PUT IT DOWN there                          3    100.0% of prev     13.6% of all
                  6. went back out again                        2     66.7% of prev      9.1% of all
                  7. reached the food a SECOND time             0      0.0% of prev      0.0% of all
                RETURN LEDGER reached food    6 of   22 ants | came back    3 | trips laden    3 empty    0 | LOOPERS    3 of   22 ants (50.0% of those that reached food), repeat    0, most loops by one ant   1
                BY ANCHOR AT PICKUP  anchor ON nest material:    3 loops /    6 pickups ( 50.0%) | anchor OFF it:    0 /    0 (  0.0%)
                BY BIRTH SITE  born ON comb:   3 of   6 that reached food looped ( 50.0%) | born OFF comb:   0 of   0 (  0.0%)
                LEGS legs[1027,1435,2377] laden[1027,1435,2377]
                founded x   30..68   (nest cursor 48 MATERIAL x 26..70 20 of 22 founders born on it; food 188; nearest founder 120 cells out, farthest 158, nominal gap 140)  occupancy/1k [11 94 9 18 19 17 13 3]  carry->nest     558  born    2 died   17 (starved   17)
                own trail: route pk   16 end    0 along +0.0000  B nest->food [1438,4361,7177,10036,8332]  blocked      191  kin swaps       0  ticks     31535  tumbles     11548 (homeward      321, 2.78%)  drops     527  DELIVERED   527  leg home n    3 med  1435 p90  2377 (laden n    3 med  1435 p90  2377)  appetite held         0 J of     22556  trips born-on-comb    3 (20 ants) / born-off    0 (2 ants)
                channel A: PEAK amt  29853 cells  140 (of 141 route)  POLARITY|| +0.08095 && +0.07379 SPAN +0.00189 edge   4.8  end nest->food [1072,2989,372,0,0]  nest   25  AtNest 28.54%
                Carrying: laden     53304  of which SPOIL     12614 ( 23.7%)
    DECISION CENSUS: 31895 decisions, reconciled against the rows and the engine's counters
      C1 homeward re-roll: no_usable 130, bias_off 0, no_crop 8332, empty_crop 0, no_site 0, on_anchor 1641, roll_failed 808, fired 523, fired_haul 0
      C1 fired, aimed: toward 314, across 120, away 89
      C2 drop: roll_lost 5463, placed 0, delivered 975, no_room 184 -- no room on 15.9% of won rolls; handed on through bodies 0 (mean 0.0 steps)
      C3 cone: left 699, straight 6503, right 604; Turn nonzero on 464 picks (largest |Turn| 1.14e-7), discarded on 400
      leg     setting          n  stepped    felllaunched swappedcrossingreversedblocked_roll_fairoll_fai no_body
      empty   pocket        1445     7.6%   22.9%    0.0%    0.0%    0.0%    0.0%    3.0%   31.5%   35.0%    0.0%
      empty   corridor      4265    35.3%    2.4%    0.0%    0.0%    0.0%    0.0%    0.4%   31.2%   30.7%    0.0%
      empty   junction     12805    30.1%    4.4%    0.0%    0.0%    0.0%    0.0%    0.6%   32.2%   32.6%    0.0%
      empty   open          4591    23.5%    5.0%    0.0%    0.0%    0.0%    0.0%    0.0%   36.5%   35.1%    0.0%
      laden   pocket         406     1.2%   16.7%    0.0%    0.0%    0.0%    0.0%    0.0%   41.6%   40.4%    0.0%
      laden   corridor      1784    13.1%    0.4%    0.0%    0.0%    0.0%    0.0%    0.1%   41.7%   44.6%    0.0%
      laden   junction      3891     9.5%    1.0%    0.0%    0.0%    0.0%    0.0%    0.3%   44.2%   45.0%    0.0%
      laden   open           803     8.2%    1.6%    0.0%    0.0%    0.0%    0.0%    0.0%   46.7%   43.5%    0.0%
      spoil   pocket         611    11.1%    2.6%    0.0%    0.0%    0.0%    0.0%    8.8%   40.3%   37.2%    0.0%
      spoil   corridor       425    38.8%    0.2%    0.0%    0.0%    0.0%    0.0%    2.8%   28.7%   29.4%    0.0%
      spoil   junction       719    39.1%    1.1%    0.0%    0.0%    0.0%    0.0%    3.9%   25.7%   30.2%    0.0%
      spoil   open           150    46.0%    2.0%    0.0%    0.0%    0.0%    0.0%    0.0%   26.7%   25.3%    0.0%
    DECISIONS: rows not written (decisionnorows)
  140   23  hand    1/1         5779     2244        0    40087    21361    8/21        3         2 1 8 10 0
                A READ  ant-readable homeward along >= 0.02 on  59.1% of route-cell samples | FOODWARD  17.2% | plane lit on  83.2% | peak amt  33475 cells 139
                THE LOOP, ANT BY ANT:
                  0. lived                                     21    100.0% of prev    100.0% of all
                  1. reached the food                           8     38.1% of prev     38.1% of all
                  2. picked food up out there                   8    100.0% of prev     38.1% of all
                  3. turned for home with it                    5     62.5% of prev     23.8% of all
                  4. got back to the nest still holding it      3     60.0% of prev     14.3% of all
                  5. PUT IT DOWN there                          3    100.0% of prev     14.3% of all
                  6. went back out again                        1     33.3% of prev      4.8% of all
                  7. reached the food a SECOND time             0      0.0% of prev      0.0% of all
                RETURN LEDGER reached food    8 of   21 ants | came back    3 | trips laden    3 empty    0 | LOOPERS    3 of   21 ants (37.5% of those that reached food), repeat    0, most loops by one ant   1
                BY ANCHOR AT PICKUP  anchor ON nest material:    3 loops /    8 pickups ( 37.5%) | anchor OFF it:    0 /    0 (  0.0%)
                BY BIRTH SITE  born ON comb:   3 of   8 that reached food looped ( 37.5%) | born OFF comb:   0 of   0 (  0.0%)
                LEGS legs[2563,2419,1273] laden[2563,2419,1273]
                founded x   30..68   (nest cursor 48 MATERIAL x 26..70 20 of 21 founders born on it; food 188; nearest founder 120 cells out, farthest 158, nominal gap 140)  occupancy/1k [10 71 10 27 23 31 9 4]  carry->nest     588  born    1 died   20 (starved   17)
                own trail: route pk   47 end    9 along -0.0000  B nest->food [1438,4304,7246,10066,8332]  blocked      245  kin swaps       0  ticks     31898  tumbles     11434 (homeward      523, 4.57%)  drops     975  DELIVERED   975  leg home n    3 med  2419 p90  2563 (laden n    3 med  2419 p90  2563)  appetite held         0 J of     22511  trips born-on-comb    3 (20 ants) / born-off    0 (1 ants)
                channel A: PEAK amt  33475 cells  139 (of 141 route)  POLARITY|| +0.08404 && +0.07623 SPAN +0.00126 edge   5.1  end nest->food [1087,2816,503,0,0]  nest   25  AtNest 23.84%
                Carrying: laden     51517  of which SPOIL     11442 ( 22.2%)
    DECISION CENSUS: 20059 decisions, reconciled against the rows and the engine's counters
      C1 homeward re-roll: no_usable 97, bias_off 0, no_crop 5122, empty_crop 0, no_site 0, on_anchor 419, roll_failed 393, fired 54, fired_haul 0
      C1 fired, aimed: toward 45, across 8, away 1
      C2 drop: roll_lost 1853, placed 0, delivered 410, no_room 0 -- no room on 0.0% of won rolls; handed on through bodies 0 (mean 0.0 steps)
      C3 cone: left 717, straight 5440, right 572; Turn nonzero on 178 picks (largest |Turn| 7.63e-8), discarded on 129
      leg     setting          n  stepped    felllaunched swappedcrossingreversedblocked_roll_fairoll_fai no_body
      empty   pocket         686     7.6%   37.0%    0.0%    0.0%    0.0%    0.0%    1.7%   26.8%   26.8%    0.0%
      empty   corridor      2472    37.7%    3.8%    0.0%    0.0%    0.0%    0.0%    0.4%   28.6%   29.4%    0.0%
      empty   junction      9273    40.7%    6.0%    0.0%    0.0%    0.0%    0.0%    0.6%   26.4%   26.2%    0.0%
      empty   open          3191    35.6%    9.9%    0.0%    0.0%    0.0%    0.0%    0.0%   26.9%   27.6%    0.0%
      laden   pocket          95     1.1%   13.7%    0.0%    0.0%    0.0%    0.0%    0.0%   44.2%   41.1%    0.0%
      laden   corridor       538    24.2%    2.0%    0.0%    0.0%    0.0%    0.0%    0.4%   37.4%   36.1%    0.0%
      laden   junction      1451    21.0%    2.9%    0.0%    0.0%    0.0%    0.0%    0.4%   39.8%   36.0%    0.0%
      laden   open           179    47.5%   12.8%    0.0%    0.0%    0.0%    0.0%    0.0%   22.9%   16.8%    0.0%
      spoil   pocket         447     4.9%    0.4%    0.0%    0.0%    0.0%    0.0%    4.9%   42.5%   47.2%    0.0%
      spoil   corridor       546    10.3%    0.2%    0.0%    0.0%    0.0%    0.0%    1.8%   44.3%   43.4%    0.0%
      spoil   junction      1085    17.7%    0.8%    0.0%    0.0%    0.0%    0.0%    1.9%   39.6%   39.9%    0.0%
      spoil   open            96    45.8%    5.2%    0.0%    0.0%    0.0%    0.0%    0.0%   22.9%   26.0%    0.0%
    DECISIONS: rows not written (decisionnorows)
  140   24  hand    0/0         1776     2766    21246    13578     6102    5/20        3         2 0 3 15 0
                A READ  ant-readable homeward along >= 0.02 on  59.8% of route-cell samples | FOODWARD  15.7% | plane lit on  84.8% | peak amt  37667 cells 139
                THE LOOP, ANT BY ANT:
                  0. lived                                     20    100.0% of prev    100.0% of all
                  1. reached the food                           5     25.0% of prev     25.0% of all
                  2. picked food up out there                   5    100.0% of prev     25.0% of all
                  3. turned for home with it                    5    100.0% of prev     25.0% of all
                  4. got back to the nest still holding it      3     60.0% of prev     15.0% of all
                  5. PUT IT DOWN there                          3    100.0% of prev     15.0% of all
                  6. went back out again                        2     66.7% of prev     10.0% of all
                  7. reached the food a SECOND time             0      0.0% of prev      0.0% of all
                RETURN LEDGER reached food    5 of   20 ants | came back    3 | trips laden    3 empty    0 | LOOPERS    3 of   20 ants (60.0% of those that reached food), repeat    0, most loops by one ant   1
                BY ANCHOR AT PICKUP  anchor ON nest material:    3 loops /    5 pickups ( 60.0%) | anchor OFF it:    0 /    0 (  0.0%)
                BY BIRTH SITE  born ON comb:   3 of   5 that reached food looped ( 60.0%) | born OFF comb:   0 of   0 (  0.0%)
                LEGS legs[1381,1183,1339] laden[1381,1183,1339]
                founded x   30..68   (nest cursor 48 MATERIAL x 26..70 20 of 20 founders born on it; food 188; nearest founder 120 cells out, farthest 158, nominal gap 140)  occupancy/1k [7 28 12 20 20 16 10 2]  carry->nest     490  born    0 died   20 (starved   18)
                own trail: route pk    7 end    0 along +0.0000  B nest->food [1438,4303,7215,10017,8332]  blocked      140  kin swaps       0  ticks     20061  tumbles      6085 (homeward       54, 0.89%)  drops     410  DELIVERED   410  leg home n    3 med  1339 p90  1381 (laden n    3 med  1339 p90  1381)  appetite held         0 J of      7480  trips born-on-comb    3 (20 ants) / born-off    0 (0 ants)
                channel A: PEAK amt  37667 cells  139 (of 141 route)  POLARITY|| +0.07731 && +0.06950 SPAN +0.00096 edge   5.2  end nest->food [527,1288,324,0,0]  nest   25  AtNest 17.84%
                Carrying: laden     26628  of which SPOIL     15822 ( 59.4%)

  larder put out, over the whole sweep: 96240-99840 J, against a need near 46,800 J
    for 52 ants over 24,000 frames -- so these colonies are provisioned, not starved.
  intake off anything that is not the larder is ASSERTED to be 0 in every row, not printed.

  `self` vs `mute` is the real question: do the ants' OWN trails do anything?
  `visitors` is DISTINCT ants that reached the food over distinct ants that ever lived --
    recruitment, which `near` ant-ticks cannot see: 50 visitors and 1 resident read alike.
  `trips` is nest -> food -> nest, closed on the RETURN. `reach` buckets every ant by how
  `occupancy` is ant-ticks in 8 equal bands, NEST END FIRST, food end last -- a commuting
    colony is bimodal, a dispersing one slides its mass right, a homebody is a spike at 0.
  `carry->nest` is signed cells moved while holding larder, POSITIVE = homeward. Near zero
    means food is picked up and wandered with, which is a different fault from not finding it.
    far it ever got, as a share of the gap, so a commuting population is visible as a shape.
  `hand` vs `self` only says whether a laid ramp beats what they bootstrap.
  `hmute` is the DECAY BASELINE for `route pk`: our ramp laid, the ants silenced.
  `flatN`/`flatF` are the POLARITY metric's negative controls: a FLAT channel A blob over
    the nest half / the food half, ants' EmitA silenced. A field with no ramp in it at all.
    A correct metric reads 0 on both. POLARITY|| is predicted to read ~+0.12 and ~-0.12,
    which brackets every polarity figure in the report -- see `lay_flat`.
  `homeA` lays a channel A HOMING ramp and no food trail -- if laden ants only fail
    to route because they cannot find their way home, this is where their own B appears.
  `carry` is ant-ticks holding larder in the crop; `carry@nest` is those inside the +-26 nest band --
    that pair is the answer to "is food being carried back", which a cell census cannot give.
  `other J` must read 0 in every row: it is the check that `onlyfood` held.
  A gap where `alive` reaches 0 in every arm is measuring a dead colony, not a deaf one.
  diet: larder=fruit onlyfood=on
  odometer A: recur=shipped emita=shipped biasa=shipped   odometer B: charb=shipped recurb=shipped emitb=shipped biasb=shipped carryb=shipped
trailfollow: mode=gap gate=shipped frames=24000 seeds=24 seed0=1 ants=20 relay=60 near=10 food=400 refill=400 stop=6000 homebias=shipped cropcap=shipped hungergate=shipped arho=shipped brho=shipped adiffuse=shipped arise=off/off tumble=shipped persist=shipped tumblegrad=shipped homewire=shipped
  gate shipped: off -45.0  on +0.5  along ±6.0
  breadoff=false decisioncsv=true dtag= COLONY_SPACING=2 STACK_DEPTH=4 layfrom=founders
  landed 2026-09-09: units 0/1 = b2 (off -45, on +0.5, along 6); units 2/3 = saturated (off -45, on +30, along 6). See open-bugs-handoff.md Z7.

  gap seed   arm     alive     ate J  arrive@    dead@    carry    @nest  visitors  trips reach 0-25-50-75-100
----- ---- ----- --------- --------- -------- -------- -------- -------- --------- ------ ------------------
    DECISION CENSUS: 15559 decisions, reconciled against the rows and the engine's counters
      C1 homeward re-roll: no_usable 54, bias_off 0, no_crop 4446, empty_crop 0, no_site 0, on_anchor 0, roll_failed 76, fired 13, fired_haul 0
      C1 fired, aimed: toward 12, across 0, away 1
      C2 drop: roll_lost 290, placed 0, delivered 0, no_room 0 -- no room on 0.0% of won rolls; handed on through bodies 0 (mean 0.0 steps)
      C3 cone: left 408, straight 5256, right 318; Turn nonzero on 278 picks (largest |Turn| 3.81e-8), discarded on 278
      leg     setting          n  stepped    felllaunched swappedcrossingreversedblocked_roll_fairoll_fai no_body
      empty   pocket        1121    11.4%   14.1%    0.0%    0.0%    0.0%    0.0%    6.2%   33.7%   34.5%    0.0%
      empty   corridor      3665    49.2%    1.3%    0.0%    0.0%    0.0%    0.0%    0.2%   24.3%   25.0%    0.0%
      empty   junction      6261    39.2%    5.1%    0.0%    0.0%    0.0%    0.0%    0.5%   28.6%   26.6%    0.0%
      empty   open          1825    34.2%    7.8%    0.0%    0.0%    0.0%    0.0%    0.0%   27.8%   30.2%    0.0%
      laden   pocket           2     0.0%  100.0%    0.0%    0.0%    0.0%    0.0%    0.0%    0.0%    0.0%    0.0%
      laden   corridor       217    31.3%    0.9%    0.0%    0.0%    0.0%    0.0%    0.0%   32.3%   35.5%    0.0%
      laden   junction        66    33.3%    3.0%    0.0%    0.0%    0.0%    0.0%    0.0%   28.8%   34.8%    0.0%
      laden   open             5    60.0%    0.0%    0.0%    0.0%    0.0%    0.0%    0.0%    0.0%   40.0%    0.0%
      spoil   pocket         878    19.0%    0.7%    0.0%    0.0%    0.0%    0.0%   14.8%   32.2%   33.3%    0.0%
      spoil   corridor      1124    48.3%    0.0%    0.0%    0.0%    0.0%    0.0%    0.6%   25.2%   25.9%    0.0%
      spoil   junction       330    39.7%    1.8%    0.0%    0.0%    0.0%    0.0%    3.3%   29.7%   25.5%    0.0%
      spoil   open            65    58.5%    4.6%    0.0%    0.0%    0.0%    0.0%    0.0%   24.6%   12.3%    0.0%
    DECISIONS: rows not written (decisionnorows)
  200    1  hand    0/0          228     3894     8640     1740        0    1/20        0          5 6 6 3 0
                A READ  ant-readable homeward along >= 0.02 on  39.5% of route-cell samples | FOODWARD  11.6% | plane lit on  56.2% | peak amt  36550 cells 196
                THE LOOP, ANT BY ANT:
                  0. lived                                     20    100.0% of prev    100.0% of all
                  1. reached the food                           1      5.0% of prev      5.0% of all
                  2. picked food up out there                   1    100.0% of prev      5.0% of all
                  3. turned for home with it                    1    100.0% of prev      5.0% of all
                  4. got back to the nest still holding it      0      0.0% of prev      0.0% of all
                  5. PUT IT DOWN there                          0      0.0% of prev      0.0% of all
                  6. went back out again                        0      0.0% of prev      0.0% of all
                  7. reached the food a SECOND time             0      0.0% of prev      0.0% of all
                RETURN LEDGER reached food    1 of   20 ants | came back    0 | trips laden    0 empty    0 | LOOPERS    0 of   20 ants ( 0.0% of those that reached food), repeat    0, most loops by one ant   0
                BY ANCHOR AT PICKUP  anchor ON nest material:    0 loops /    1 pickups (  0.0%) | anchor OFF it:    0 /    0 (  0.0%)
                BY BIRTH SITE  born ON comb:   0 of   1 that reached food looped (  0.0%) | born OFF comb:   0 of   0 (  0.0%)
                founded x   30..68   (nest cursor 48 MATERIAL x 26..70 20 of 20 founders born on it; food 248; nearest founder 180 cells out, farthest 218, nominal gap 200)  occupancy/1k [29 15 21 10 10 4 1 0]  carry->nest      93  born    0 died   20 (starved   20)
                own trail: route pk    0 end    0 along +0.0000  B nest->food [1040,3947,6869,9782,8347]  blocked      254  kin swaps       0  ticks     15559  tumbles      4589 (homeward       13, 0.28%)  drops       0  DELIVERED     0  leg home n    0 med     0 p90     0 (laden n    0 med     0 p90     0)  appetite held         0 J of       960  trips born-on-comb    0 (20 ants) / born-off    0 (0 ants)
                channel A: PEAK amt  36550 cells  196 (of 201 route)  POLARITY|| +0.09819 && +0.09125 SPAN +0.00246 edge   6.1  end nest->food [1365,884,0,0,0]  nest   25  AtNest  6.39%
                Carrying: laden     16122  of which SPOIL     14382 ( 89.2%)
    DECISION CENSUS: 15596 decisions, reconciled against the rows and the engine's counters
      C1 homeward re-roll: no_usable 37, bias_off 0, no_crop 4644, empty_crop 0, no_site 0, on_anchor 0, roll_failed 0, fired 0, fired_haul 0
      C1 fired, aimed: toward 0, across 0, away 0
      C2 drop: roll_lost 0, placed 0, delivered 0, no_room 0 -- no room on 0.0% of won rolls; handed on through bodies 0 (mean 0.0 steps)
      C3 cone: left 477, straight 4712, right 371; Turn nonzero on 47 picks (largest |Turn| 3.81e-8), discarded on 45
      leg     setting          n  stepped    felllaunched swappedcrossingreversedblocked_roll_fairoll_fai no_body
      empty   pocket        2102     3.6%    4.7%    0.0%    0.0%    0.0%    0.0%    2.4%   44.5%   44.8%    0.0%
      empty   corridor      2933    48.9%    2.1%    0.0%    0.0%    0.0%    0.0%    0.1%   23.5%   25.4%    0.0%
      empty   junction      6592    42.1%    5.9%    0.0%    0.0%    0.0%    0.0%    0.5%   25.8%   25.7%    0.0%
      empty   open          2622    33.3%    8.7%    0.0%    0.0%    0.0%    0.0%    0.0%   29.0%   29.0%    0.0%
      spoil   pocket         507    11.6%    1.4%    0.0%    0.0%    0.0%    0.0%    8.3%   40.8%   37.9%    0.0%
      spoil   corridor       318    45.3%    0.6%    0.0%    0.0%    0.0%    0.0%    1.3%   24.8%   28.0%    0.0%
      spoil   junction       377    36.9%    2.4%    0.0%    0.0%    0.0%    0.0%    6.1%   30.5%   24.1%    0.0%
      spoil   open           145    40.0%    1.4%    0.0%    0.0%    0.0%    0.0%    0.0%   29.0%   29.7%    0.0%
    DECISIONS: rows not written (decisionnorows)
  200    2  hand    0/0            0        0     6132        0        0    0/20        0         4 1 12 3 0
                A READ  ant-readable homeward along >= 0.02 on  44.2% of route-cell samples | FOODWARD   9.2% | plane lit on  58.9% | peak amt  35407 cells 174
                THE LOOP, ANT BY ANT:
                  0. lived                                     20    100.0% of prev    100.0% of all
                  1. reached the food                           0      0.0% of prev      0.0% of all
                  2. picked food up out there                   0      0.0% of prev      0.0% of all
                  3. turned for home with it                    0      0.0% of prev      0.0% of all
                  4. got back to the nest still holding it      0      0.0% of prev      0.0% of all
                  5. PUT IT DOWN there                          0      0.0% of prev      0.0% of all
                  6. went back out again                        0      0.0% of prev      0.0% of all
                  7. reached the food a SECOND time             0      0.0% of prev      0.0% of all
                RETURN LEDGER reached food    0 of   20 ants | came back    0 | trips laden    0 empty    0 | LOOPERS    0 of   20 ants ( 0.0% of those that reached food), repeat    0, most loops by one ant   0
                BY ANCHOR AT PICKUP  anchor ON nest material:    0 loops /    0 pickups (  0.0%) | anchor OFF it:    0 /    0 (  0.0%)
                BY BIRTH SITE  born ON comb:   0 of   0 that reached food looped (  0.0%) | born OFF comb:   0 of   0 (  0.0%)
                founded x   30..68   (nest cursor 48 MATERIAL x 26..70 20 of 20 founders born on it; food 248; nearest founder 180 cells out, farthest 218, nominal gap 200)  occupancy/1k [30 9 20 16 10 4 1 0]  carry->nest       0  born    0 died   20 (starved   20)
                own trail: route pk    0 end    0 along +0.0000  B nest->food [1040,3947,6854,9762,8347]  blocked      154  kin swaps       0  ticks     15596  tumbles      4681 (homeward        0, 0.00%)  drops       0  DELIVERED     0  leg home n    0 med     0 p90     0 (laden n    0 med     0 p90     0)  appetite held         0 J of         0  trips born-on-comb    0 (20 ants) / born-off    0 (0 ants)
                channel A: PEAK amt  35407 cells  174 (of 201 route)  POLARITY|| +0.08889 && +0.08205 SPAN +0.00218 edge   6.0  end nest->food [992,391,0,0,0]  nest   25  AtNest  7.56%
                Carrying: laden      8082  of which SPOIL      8082 (100.0%)
    DECISION CENSUS: 18926 decisions, reconciled against the rows and the engine's counters
      C1 homeward re-roll: no_usable 91, bias_off 0, no_crop 5009, empty_crop 0, no_site 0, on_anchor 630, roll_failed 190, fired 77, fired_haul 0
      C1 fired, aimed: toward 60, across 17, away 0
      C2 drop: roll_lost 1600, placed 0, delivered 620, no_room 0 -- no room on 0.0% of won rolls; handed on through bodies 0 (mean 0.0 steps)
      C3 cone: left 460, straight 5386, right 376; Turn nonzero on 55 picks (largest |Turn| 3.81e-8), discarded on 55
      leg     setting          n  stepped    felllaunched swappedcrossingreversedblocked_roll_fairoll_fai no_body
      empty   pocket        1297     6.2%   13.8%    0.0%    0.0%    0.0%    0.0%    3.1%   39.5%   37.4%    0.0%
      empty   corridor      3570    49.5%    2.2%    0.0%    0.0%    0.0%    0.0%    0.3%   23.3%   24.6%    0.0%
      empty   junction      8167    34.9%    5.2%    0.0%    0.0%    0.0%    0.0%    0.3%   30.5%   29.0%    0.0%
      empty   open          2067    35.7%    9.3%    0.0%    0.0%    0.0%    0.0%    0.0%   27.5%   27.5%    0.0%
      laden   pocket          56     3.6%   37.5%    0.0%    0.0%    0.0%    0.0%    0.0%   28.6%   30.4%    0.0%
      laden   corridor       549    31.1%    1.3%    0.0%    0.0%    0.0%    0.0%    0.0%   33.2%   34.4%    0.0%
      laden   junction      1579     9.6%    0.7%    0.0%    0.0%    0.0%    0.0%    0.1%   44.0%   45.7%    0.0%
      laden   open            37    56.8%   18.9%    0.0%    0.0%    0.0%    0.0%    0.0%   13.5%   10.8%    0.0%
      spoil   pocket         940    15.1%    0.4%    0.0%    0.0%    0.0%    0.0%   10.9%   34.8%   38.8%    0.0%
      spoil   corridor       227    55.1%    0.4%    0.0%    0.0%    0.0%    0.0%    1.8%   18.5%   24.2%    0.0%
      spoil   junction       349    39.8%    0.9%    0.0%    0.0%    0.0%    0.0%    6.3%   26.9%   26.1%    0.0%
      spoil   open            88    40.9%    2.3%    0.0%    0.0%    0.0%    0.0%    0.0%   27.3%   29.5%    0.0%
    DECISIONS: rows not written (decisionnorows)
  200    3  hand    1/1         1741     2946        0    13326     8490    2/20        1          2 6 5 7 0
                A READ  ant-readable homeward along >= 0.02 on  43.3% of route-cell samples | FOODWARD  12.5% | plane lit on  63.1% | peak amt  34500 cells 197
                THE LOOP, ANT BY ANT:
                  0. lived                                     20    100.0% of prev    100.0% of all
                  1. reached the food                           2     10.0% of prev     10.0% of all
                  2. picked food up out there                   2    100.0% of prev     10.0% of all
                  3. turned for home with it                    2    100.0% of prev     10.0% of all
                  4. got back to the nest still holding it      1     50.0% of prev      5.0% of all
                  5. PUT IT DOWN there                          1    100.0% of prev      5.0% of all
                  6. went back out again                        0      0.0% of prev      0.0% of all
                  7. reached the food a SECOND time             0      0.0% of prev      0.0% of all
                RETURN LEDGER reached food    2 of   20 ants | came back    1 | trips laden    1 empty    0 | LOOPERS    1 of   20 ants (50.0% of those that reached food), repeat    0, most loops by one ant   1
                BY ANCHOR AT PICKUP  anchor ON nest material:    1 loops /    2 pickups ( 50.0%) | anchor OFF it:    0 /    0 (  0.0%)
                BY BIRTH SITE  born ON comb:   1 of   2 that reached food looped ( 50.0%) | born OFF comb:   0 of   0 (  0.0%)
                LEGS legs[3037] laden[3037]
                founded x   30..68   (nest cursor 48 MATERIAL x 26..70 20 of 20 founders born on it; food 248; nearest founder 180 cells out, farthest 218, nominal gap 200)  occupancy/1k [37 11 29 18 5 5 3 1]  carry->nest     309  born    0 died   19 (starved   18)
                own trail: route pk   11 end    3 along +0.0000  B nest->food [1040,3968,6900,9803,8347]  blocked      205  kin swaps       0  ticks     18927  tumbles      5997 (homeward       77, 1.28%)  drops     620  DELIVERED   620  leg home n    1 med  3037 p90  3037 (laden n    1 med  3037 p90  3037)  appetite held         0 J of      7332  trips born-on-comb    1 (20 ants) / born-off    0 (0 ants)
                channel A: PEAK amt  34500 cells  197 (of 201 route)  POLARITY|| +0.08236 && +0.07618 SPAN +0.00292 edge   5.9  end nest->food [871,492,0,0,0]  nest   25  AtNest 18.95%
                Carrying: laden     22950  of which SPOIL      9624 ( 41.9%)
    DECISION CENSUS: 15831 decisions, reconciled against the rows and the engine's counters
      C1 homeward re-roll: no_usable 48, bias_off 0, no_crop 5087, empty_crop 0, no_site 0, on_anchor 0, roll_failed 0, fired 0, fired_haul 0
      C1 fired, aimed: toward 0, across 0, away 0
      C2 drop: roll_lost 0, placed 0, delivered 0, no_room 0 -- no room on 0.0% of won rolls; handed on through bodies 0 (mean 0.0 steps)
      C3 cone: left 400, straight 4410, right 356; Turn nonzero on 71 picks (largest |Turn| 3.81e-8), discarded on 71
      leg     setting          n  stepped    felllaunched swappedcrossingreversedblocked_roll_fairoll_fai no_body
      empty   pocket        1967     4.2%    8.9%    0.0%    0.0%    0.0%    0.0%    1.8%   42.9%   42.1%    0.0%
      empty   corridor      3213    41.5%    1.5%    0.0%    0.0%    0.0%    0.0%    0.2%   29.5%   27.3%    0.0%
      empty   junction      5841    40.3%    5.8%    0.0%    0.0%    0.0%    0.0%    0.6%   26.3%   26.9%    0.0%
      empty   open          1900    36.3%    9.6%    0.0%    0.0%    0.0%    0.0%    0.0%   28.2%   25.9%    0.0%
      spoil   pocket        1692    12.2%    0.5%    0.0%    0.0%    0.0%    0.0%    8.9%   39.5%   38.9%    0.0%
      spoil   corridor       735    40.8%    0.5%    0.0%    0.0%    0.0%    0.0%    1.0%   29.9%   27.8%    0.0%
      spoil   junction       402    40.5%    1.0%    0.0%    0.0%    0.0%    0.0%    2.0%   30.1%   26.4%    0.0%
      spoil   open            81    43.2%    6.2%    0.0%    0.0%    0.0%    0.0%    0.0%   22.2%   28.4%    0.0%
    DECISIONS: rows not written (decisionnorows)
  200    4  hand    0/0            0        0     6720        0        0    0/20        0          4 7 9 0 0
                A READ  ant-readable homeward along >= 0.02 on  41.0% of route-cell samples | FOODWARD   9.1% | plane lit on  53.5% | peak amt  35346 cells 152
                THE LOOP, ANT BY ANT:
                  0. lived                                     20    100.0% of prev    100.0% of all
                  1. reached the food                           0      0.0% of prev      0.0% of all
                  2. picked food up out there                   0      0.0% of prev      0.0% of all
                  3. turned for home with it                    0      0.0% of prev      0.0% of all
                  4. got back to the nest still holding it      0      0.0% of prev      0.0% of all
                  5. PUT IT DOWN there                          0      0.0% of prev      0.0% of all
                  6. went back out again                        0      0.0% of prev      0.0% of all
                  7. reached the food a SECOND time             0      0.0% of prev      0.0% of all
                RETURN LEDGER reached food    0 of   20 ants | came back    0 | trips laden    0 empty    0 | LOOPERS    0 of   20 ants ( 0.0% of those that reached food), repeat    0, most loops by one ant   0
                BY ANCHOR AT PICKUP  anchor ON nest material:    0 loops /    0 pickups (  0.0%) | anchor OFF it:    0 /    0 (  0.0%)
                BY BIRTH SITE  born ON comb:   0 of   0 that reached food looped (  0.0%) | born OFF comb:   0 of   0 (  0.0%)
                founded x   30..68   (nest cursor 48 MATERIAL x 26..70 20 of 20 founders born on it; food 248; nearest founder 180 cells out, farthest 218, nominal gap 200)  occupancy/1k [38 11 26 9 7 1 0 0]  carry->nest       0  born    0 died   20 (starved   20)
                own trail: route pk    0 end    0 along +0.0000  B nest->food [1040,3947,6854,9762,8347]  blocked      241  kin swaps       0  ticks     15831  tumbles      5135 (homeward        0, 0.00%)  drops       0  DELIVERED     0  leg home n    0 med     0 p90     0 (laden n    0 med     0 p90     0)  appetite held         0 J of         0  trips born-on-comb    0 (20 ants) / born-off    0 (0 ants)
                channel A: PEAK amt  35346 cells  152 (of 201 route)  POLARITY|| +0.10166 && +0.09579 SPAN +0.00505 edge   6.0  end nest->food [1495,830,0,0,0]  nest   25  AtNest  9.58%
                Carrying: laden     17460  of which SPOIL     17460 (100.0%)
    DECISION CENSUS: 14637 decisions, reconciled against the rows and the engine's counters
      C1 homeward re-roll: no_usable 52, bias_off 0, no_crop 4188, empty_crop 0, no_site 0, on_anchor 0, roll_failed 0, fired 0, fired_haul 0
      C1 fired, aimed: toward 0, across 0, away 0
      C2 drop: roll_lost 0, placed 0, delivered 0, no_room 0 -- no room on 0.0% of won rolls; handed on through bodies 0 (mean 0.0 steps)
      C3 cone: left 511, straight 4488, right 386; Turn nonzero on 221 picks (largest |Turn| 3.81e-8), discarded on 221
      leg     setting          n  stepped    felllaunched swappedcrossingreversedblocked_roll_fairoll_fai no_body
      empty   pocket        1329     9.2%   10.3%    0.0%    0.0%    0.0%    0.0%    6.0%   35.9%   38.6%    0.0%
      empty   corridor      2795    46.4%    2.2%    0.0%    0.0%    0.0%    0.0%    0.3%   25.0%   26.1%    0.0%
      empty   junction      6279    39.8%    6.8%    0.0%    0.0%    0.0%    0.0%    0.6%   27.1%   25.8%    0.0%
      empty   open          2895    37.7%   10.2%    0.0%    0.0%    0.0%    0.0%    0.0%   25.9%   26.2%    0.0%
      spoil   pocket         635     9.9%    0.9%    0.0%    0.0%    0.0%    0.0%    9.0%   37.8%   42.4%    0.0%
      spoil   corridor       311    42.8%    0.0%    0.0%    0.0%    0.0%    0.0%    2.9%   28.3%   26.0%    0.0%
      spoil   junction       295    45.4%    3.1%    0.0%    0.0%    0.0%    0.0%    2.7%   22.4%   26.4%    0.0%
      spoil   open            98    48.0%    3.1%    0.0%    0.0%    0.0%    0.0%    0.0%   20.4%   28.6%    0.0%
    DECISIONS: rows not written (decisionnorows)
  200    5  hand    0/0            0        0     5652        0        0    0/20        0         3 3 14 0 0
                A READ  ant-readable homeward along >= 0.02 on  38.9% of route-cell samples | FOODWARD  12.6% | plane lit on  57.2% | peak amt  37529 cells 146
                THE LOOP, ANT BY ANT:
                  0. lived                                     20    100.0% of prev    100.0% of all
                  1. reached the food                           0      0.0% of prev      0.0% of all
                  2. picked food up out there                   0      0.0% of prev      0.0% of all
                  3. turned for home with it                    0      0.0% of prev      0.0% of all
                  4. got back to the nest still holding it      0      0.0% of prev      0.0% of all
                  5. PUT IT DOWN there                          0      0.0% of prev      0.0% of all
                  6. went back out again                        0      0.0% of prev      0.0% of all
                  7. reached the food a SECOND time             0      0.0% of prev      0.0% of all
                RETURN LEDGER reached food    0 of   20 ants | came back    0 | trips laden    0 empty    0 | LOOPERS    0 of   20 ants ( 0.0% of those that reached food), repeat    0, most loops by one ant   0
                BY ANCHOR AT PICKUP  anchor ON nest material:    0 loops /    0 pickups (  0.0%) | anchor OFF it:    0 /    0 (  0.0%)
                BY BIRTH SITE  born ON comb:   0 of   0 that reached food looped (  0.0%) | born OFF comb:   0 of   0 (  0.0%)
                founded x   30..68   (nest cursor 48 MATERIAL x 26..70 20 of 20 founders born on it; food 248; nearest founder 180 cells out, farthest 218, nominal gap 200)  occupancy/1k [21 15 15 23 9 1 0 0]  carry->nest       0  born    0 died   20 (starved   19)
                own trail: route pk    0 end    0 along +0.0000  B nest->food [1040,3947,6854,9762,8347]  blocked      197  kin swaps       0  ticks     14638  tumbles      4240 (homeward        0, 0.00%)  drops       0  DELIVERED     0  leg home n    0 med     0 p90     0 (laden n    0 med     0 p90     0)  appetite held         0 J of         0  trips born-on-comb    0 (20 ants) / born-off    0 (0 ants)
                channel A: PEAK amt  37529 cells  146 (of 201 route)  POLARITY|| +0.08770 && +0.08096 SPAN +0.00291 edge   6.0  end nest->food [1148,784,0,0,0]  nest   25  AtNest  6.11%
                Carrying: laden      8034  of which SPOIL      8034 (100.0%)
    DECISION CENSUS: 14951 decisions, reconciled against the rows and the engine's counters
      C1 homeward re-roll: no_usable 61, bias_off 0, no_crop 4227, empty_crop 0, no_site 0, on_anchor 0, roll_failed 0, fired 0, fired_haul 0
      C1 fired, aimed: toward 0, across 0, away 0
      C2 drop: roll_lost 0, placed 0, delivered 0, no_room 0 -- no room on 0.0% of won rolls; handed on through bodies 0 (mean 0.0 steps)
      C3 cone: left 407, straight 4929, right 351; Turn nonzero on 145 picks (largest |Turn| 3.81e-8), discarded on 145
      leg     setting          n  stepped    felllaunched swappedcrossingreversedblocked_roll_fairoll_fai no_body
      empty   pocket        1928     6.0%    8.1%    0.0%    0.0%    0.0%    0.0%    4.1%   41.2%   40.6%    0.0%
      empty   corridor      3283    50.7%    1.6%    0.0%    0.0%    0.0%    0.0%    0.2%   23.2%   24.4%    0.0%
      empty   junction      6058    42.3%    6.6%    0.0%    0.0%    0.0%    0.0%    0.3%   25.0%   25.8%    0.0%
      empty   open          1898    39.0%    9.6%    0.0%    0.0%    0.0%    0.0%    0.0%   26.1%   25.3%    0.0%
      spoil   pocket         636    11.6%    0.3%    0.0%    0.0%    0.0%    0.0%   10.1%   38.7%   39.3%    0.0%
      spoil   corridor       840    45.8%    0.0%    0.0%    0.0%    0.0%    0.0%    1.0%   25.5%   27.7%    0.0%
      spoil   junction       262    43.1%    1.9%    0.0%    0.0%    0.0%    0.0%    3.4%   27.1%   24.4%    0.0%
      spoil   open            46    63.0%    0.0%    0.0%    0.0%    0.0%    0.0%    0.0%   17.4%   19.6%    0.0%
    DECISIONS: rows not written (decisionnorows)
  200    6  hand    0/0            0        0     5838        0        0    0/20        0         4 6 10 0 0
                A READ  ant-readable homeward along >= 0.02 on  38.3% of route-cell samples | FOODWARD  11.4% | plane lit on  54.8% | peak amt  31445 cells 141
                THE LOOP, ANT BY ANT:
                  0. lived                                     20    100.0% of prev    100.0% of all
                  1. reached the food                           0      0.0% of prev      0.0% of all
                  2. picked food up out there                   0      0.0% of prev      0.0% of all
                  3. turned for home with it                    0      0.0% of prev      0.0% of all
                  4. got back to the nest still holding it      0      0.0% of prev      0.0% of all
                  5. PUT IT DOWN there                          0      0.0% of prev      0.0% of all
                  6. went back out again                        0      0.0% of prev      0.0% of all
                  7. reached the food a SECOND time             0      0.0% of prev      0.0% of all
                RETURN LEDGER reached food    0 of   20 ants | came back    0 | trips laden    0 empty    0 | LOOPERS    0 of   20 ants ( 0.0% of those that reached food), repeat    0, most loops by one ant   0
                BY ANCHOR AT PICKUP  anchor ON nest material:    0 loops /    0 pickups (  0.0%) | anchor OFF it:    0 /    0 (  0.0%)
                BY BIRTH SITE  born ON comb:   0 of   0 that reached food looped (  0.0%) | born OFF comb:   0 of   0 (  0.0%)
                founded x   30..68   (nest cursor 48 MATERIAL x 26..70 20 of 20 founders born on it; food 248; nearest founder 180 cells out, farthest 218, nominal gap 200)  occupancy/1k [33 12 18 18 6 0 0 0]  carry->nest       0  born    0 died   20 (starved   20)
                own trail: route pk    0 end    0 along +0.0000  B nest->food [1040,3947,6854,9762,8347]  blocked      186  kin swaps       0  ticks     14951  tumbles      4288 (homeward        0, 0.00%)  drops       0  DELIVERED     0  leg home n    0 med     0 p90     0 (laden n    0 med     0 p90     0)  appetite held         0 J of         0  trips born-on-comb    0 (20 ants) / born-off    0 (0 ants)
                channel A: PEAK amt  31445 cells  141 (of 201 route)  POLARITY|| +0.09021 && +0.08278 SPAN +0.00142 edge   6.0  end nest->food [1080,739,0,0,0]  nest   25  AtNest  8.13%
                Carrying: laden     10704  of which SPOIL     10704 (100.0%)
    DECISION CENSUS: 14569 decisions, reconciled against the rows and the engine's counters
      C1 homeward re-roll: no_usable 67, bias_off 0, no_crop 3809, empty_crop 0, no_site 0, on_anchor 0, roll_failed 0, fired 0, fired_haul 0
      C1 fired, aimed: toward 0, across 0, away 0
      C2 drop: roll_lost 0, placed 0, delivered 0, no_room 0 -- no room on 0.0% of won rolls; handed on through bodies 0 (mean 0.0 steps)
      C3 cone: left 613, straight 4615, right 482; Turn nonzero on 23 picks (largest |Turn| 3.81e-8), discarded on 22
      leg     setting          n  stepped    felllaunched swappedcrossingreversedblocked_roll_fairoll_fai no_body
      empty   pocket         544     6.4%   33.8%    0.0%    0.0%    0.0%    0.0%    0.7%   30.5%   28.5%    0.0%
      empty   corridor      2065    45.0%    3.1%    0.0%    0.0%    0.0%    0.0%    0.6%   25.9%   25.5%    0.0%
      empty   junction      7512    41.7%    7.2%    0.0%    0.0%    0.0%    0.0%    0.5%   24.8%   25.7%    0.0%
      empty   open          3569    36.4%    9.4%    0.0%    0.0%    0.0%    0.0%    0.0%   27.0%   27.2%    0.0%
      spoil   pocket         144    11.8%    4.2%    0.0%    0.0%    0.0%    0.0%   11.1%   34.7%   38.2%    0.0%
      spoil   corridor        87    37.9%    3.4%    0.0%    0.0%    0.0%    0.0%    3.4%   31.0%   24.1%    0.0%
      spoil   junction       442    38.7%    2.3%    0.0%    0.0%    0.0%    0.0%    4.8%   27.6%   26.7%    0.0%
      spoil   open           206    44.2%    4.9%    0.0%    0.0%    0.0%    0.0%    0.0%   26.7%   24.3%    0.0%
    DECISIONS: rows not written (decisionnorows)
  200    7  hand    0/0            0        0     5160        0        0    0/20        0         0 6 10 4 0
                A READ  ant-readable homeward along >= 0.02 on  40.3% of route-cell samples | FOODWARD  11.4% | plane lit on  60.3% | peak amt  39674 cells 191
                THE LOOP, ANT BY ANT:
                  0. lived                                     20    100.0% of prev    100.0% of all
                  1. reached the food                           0      0.0% of prev      0.0% of all
                  2. picked food up out there                   0      0.0% of prev      0.0% of all
                  3. turned for home with it                    0      0.0% of prev      0.0% of all
                  4. got back to the nest still holding it      0      0.0% of prev      0.0% of all
                  5. PUT IT DOWN there                          0      0.0% of prev      0.0% of all
                  6. went back out again                        0      0.0% of prev      0.0% of all
                  7. reached the food a SECOND time             0      0.0% of prev      0.0% of all
                RETURN LEDGER reached food    0 of   20 ants | came back    0 | trips laden    0 empty    0 | LOOPERS    0 of   20 ants ( 0.0% of those that reached food), repeat    0, most loops by one ant   0
                BY ANCHOR AT PICKUP  anchor ON nest material:    0 loops /    0 pickups (  0.0%) | anchor OFF it:    0 /    0 (  0.0%)
                BY BIRTH SITE  born ON comb:   0 of   0 that reached food looped (  0.0%) | born OFF comb:   0 of   0 (  0.0%)
                founded x   30..68   (nest cursor 48 MATERIAL x 26..70 20 of 20 founders born on it; food 248; nearest founder 180 cells out, farthest 218, nominal gap 200)  occupancy/1k [9 15 26 21 9 2 1 0]  carry->nest       0  born    0 died   20 (starved   20)
                own trail: route pk    0 end    0 along +0.0000  B nest->food [1040,3947,6854,9762,8347]  blocked       97  kin swaps       0  ticks     14569  tumbles      3876 (homeward        0, 0.00%)  drops       0  DELIVERED     0  leg home n    0 med     0 p90     0 (laden n    0 med     0 p90     0)  appetite held         0 J of         0  trips born-on-comb    0 (20 ants) / born-off    0 (0 ants)
                channel A: PEAK amt  39674 cells  191 (of 201 route)  POLARITY|| +0.07587 && +0.06829 SPAN +0.00216 edge   6.4  end nest->food [415,662,0,0,0]  nest   25  AtNest  5.55%
                Carrying: laden      5274  of which SPOIL      5274 (100.0%)
    DECISION CENSUS: 16476 decisions, reconciled against the rows and the engine's counters
      C1 homeward re-roll: no_usable 117, bias_off 0, no_crop 4433, empty_crop 0, no_site 0, on_anchor 0, roll_failed 172, fired 33, fired_haul 0
      C1 fired, aimed: toward 33, across 0, away 0
      C2 drop: roll_lost 580, placed 0, delivered 0, no_room 0 -- no room on 0.0% of won rolls; handed on through bodies 0 (mean 0.0 steps)
      C3 cone: left 516, straight 5211, right 406; Turn nonzero on 43 picks (largest |Turn| 3.81e-8), discarded on 41
      leg     setting          n  stepped    felllaunched swappedcrossingreversedblocked_roll_fairoll_fai no_body
      empty   pocket        1133     6.5%   20.9%    0.0%    0.0%    0.0%    0.0%    3.3%   34.6%   34.7%    0.0%
      empty   corridor      3235    46.2%    2.6%    0.0%    0.0%    0.0%    0.0%    0.1%   25.6%   25.6%    0.0%
      empty   junction      7968    38.9%    5.8%    0.0%    0.0%    0.0%    0.0%    0.5%   27.2%   27.6%    0.0%
      empty   open          2173    37.9%    9.4%    0.0%    0.0%    0.0%    0.0%    0.0%   26.2%   26.5%    0.0%
      laden   pocket           1     0.0%  100.0%    0.0%    0.0%    0.0%    0.0%    0.0%    0.0%    0.0%    0.0%
      laden   corridor       311    41.8%    0.3%    0.0%    0.0%    0.0%    0.0%    0.3%   29.3%   28.3%    0.0%
      laden   junction       262    17.2%    0.0%    0.0%    0.0%    0.0%    0.0%    0.8%   42.0%   40.1%    0.0%
      laden   open             6    33.3%    0.0%    0.0%    0.0%    0.0%    0.0%    0.0%    0.0%   66.7%    0.0%
      spoil   pocket         411    21.7%    0.7%    0.0%    0.0%    0.0%    0.0%   16.5%   31.1%   29.9%    0.0%
      spoil   corridor       424    38.4%    0.2%    0.0%    0.0%    0.0%    0.0%    0.5%   32.3%   28.5%    0.0%
      spoil   junction       458    37.3%    2.6%    0.0%    0.0%    0.0%    0.0%    4.4%   30.3%   25.3%    0.0%
      spoil   open            94    47.9%    8.5%    0.0%    0.0%    0.0%    0.0%    0.0%   22.3%   21.3%    0.0%
    DECISIONS: rows not written (decisionnorows)
  200    8  hand    0/0          456     4380    10104     3480        0    2/20        0         1 6 10 3 0
                A READ  ant-readable homeward along >= 0.02 on  45.0% of route-cell samples | FOODWARD  11.2% | plane lit on  62.0% | peak amt  34406 cells 196
                THE LOOP, ANT BY ANT:
                  0. lived                                     20    100.0% of prev    100.0% of all
                  1. reached the food                           2     10.0% of prev     10.0% of all
                  2. picked food up out there                   2    100.0% of prev     10.0% of all
                  3. turned for home with it                    2    100.0% of prev     10.0% of all
                  4. got back to the nest still holding it      0      0.0% of prev      0.0% of all
                  5. PUT IT DOWN there                          0      0.0% of prev      0.0% of all
                  6. went back out again                        0      0.0% of prev      0.0% of all
                  7. reached the food a SECOND time             0      0.0% of prev      0.0% of all
                RETURN LEDGER reached food    2 of   20 ants | came back    0 | trips laden    0 empty    0 | LOOPERS    0 of   20 ants ( 0.0% of those that reached food), repeat    0, most loops by one ant   0
                BY ANCHOR AT PICKUP  anchor ON nest material:    0 loops /    2 pickups (  0.0%) | anchor OFF it:    0 /    0 (  0.0%)
                BY BIRTH SITE  born ON comb:   0 of   2 that reached food looped (  0.0%) | born OFF comb:   0 of   0 (  0.0%)
                founded x   30..68   (nest cursor 48 MATERIAL x 26..70 20 of 20 founders born on it; food 248; nearest founder 180 cells out, farthest 218, nominal gap 200)  occupancy/1k [21 13 20 14 18 4 3 0]  carry->nest     178  born    0 died   20 (starved   20)
                own trail: route pk    0 end    0 along +0.0000  B nest->food [1040,3947,6856,9802,8347]  blocked      176  kin swaps       0  ticks     16476  tumbles      4755 (homeward       33, 0.69%)  drops       0  DELIVERED     0  leg home n    0 med     0 p90     0 (laden n    0 med     0 p90     0)  appetite held         0 J of      1920  trips born-on-comb    0 (20 ants) / born-off    0 (0 ants)
                channel A: PEAK amt  34406 cells  196 (of 201 route)  POLARITY|| +0.08501 && +0.07868 SPAN +0.00293 edge   6.5  end nest->food [915,625,0,0,0]  nest   25  AtNest  6.63%
                Carrying: laden     11802  of which SPOIL      8322 ( 70.5%)
    DECISION CENSUS: 15162 decisions, reconciled against the rows and the engine's counters
      C1 homeward re-roll: no_usable 50, bias_off 0, no_crop 4467, empty_crop 0, no_site 0, on_anchor 0, roll_failed 0, fired 0, fired_haul 0
      C1 fired, aimed: toward 0, across 0, away 0
      C2 drop: roll_lost 0, placed 0, delivered 0, no_room 0 -- no room on 0.0% of won rolls; handed on through bodies 0 (mean 0.0 steps)
      C3 cone: left 316, straight 5080, right 258; Turn nonzero on 210 picks (largest |Turn| 3.81e-8), discarded on 210
      leg     setting          n  stepped    felllaunched swappedcrossingreversedblocked_roll_fairoll_fai no_body
      empty   pocket        1195    13.6%   11.1%    0.0%    0.0%    0.0%    0.0%    9.7%   32.5%   33.1%    0.0%
      empty   corridor      4085    52.9%    1.2%    0.0%    0.0%    0.0%    0.0%    0.0%   23.3%   22.6%    0.0%
      empty   junction      4838    42.0%    6.4%    0.0%    0.0%    0.0%    0.0%    0.2%   25.2%   26.1%    0.0%
      empty   open          1601    34.2%    9.4%    0.0%    0.0%    0.0%    0.0%    0.0%   27.0%   29.4%    0.0%
      spoil   pocket        1960     6.7%    0.3%    0.0%    0.0%    0.0%    0.0%    4.9%   43.9%   44.2%    0.0%
      spoil   corridor      1196    40.6%    0.3%    0.0%    0.0%    0.0%    0.0%    0.5%   30.9%   27.8%    0.0%
      spoil   junction       224    46.0%    2.7%    0.0%    0.0%    0.0%    0.0%    4.0%   20.5%   26.8%    0.0%
      spoil   open            63    50.8%    4.8%    0.0%    0.0%    0.0%    0.0%    0.0%   17.5%   27.0%    0.0%
    DECISIONS: rows not written (decisionnorows)
  200    9  hand    0/0            0     4110     7458        0        0    1/20        0          8 0 8 4 0
                A READ  ant-readable homeward along >= 0.02 on  35.4% of route-cell samples | FOODWARD  14.2% | plane lit on  56.3% | peak amt  31197 cells 196
                THE LOOP, ANT BY ANT:
                  0. lived                                     20    100.0% of prev    100.0% of all
                  1. reached the food                           1      5.0% of prev      5.0% of all
                  2. picked food up out there                   0      0.0% of prev      0.0% of all
                  3. turned for home with it                    0      0.0% of prev      0.0% of all
                  4. got back to the nest still holding it      0      0.0% of prev      0.0% of all
                  5. PUT IT DOWN there                          0      0.0% of prev      0.0% of all
                  6. went back out again                        0      0.0% of prev      0.0% of all
                  7. reached the food a SECOND time             0      0.0% of prev      0.0% of all
                RETURN LEDGER reached food    1 of   20 ants | came back    0 | trips laden    0 empty    0 | LOOPERS    0 of   20 ants ( 0.0% of those that reached food), repeat    0, most loops by one ant   0
                BY ANCHOR AT PICKUP  anchor ON nest material:    0 loops /    0 pickups (  0.0%) | anchor OFF it:    0 /    0 (  0.0%)
                BY BIRTH SITE  born ON comb:   0 of   1 that reached food looped (  0.0%) | born OFF comb:   0 of   0 (  0.0%)
                founded x   30..68   (nest cursor 48 MATERIAL x 26..70 20 of 20 founders born on it; food 248; nearest founder 180 cells out, farthest 218, nominal gap 200)  occupancy/1k [41 10 11 15 6 1 2 0]  carry->nest       0  born    0 died   20 (starved   20)
                own trail: route pk    0 end    0 along +0.0000  B nest->food [1040,3947,6854,9762,8347]  blocked      239  kin swaps       0  ticks     15162  tumbles      4517 (homeward        0, 0.00%)  drops       0  DELIVERED     0  leg home n    0 med     0 p90     0 (laden n    0 med     0 p90     0)  appetite held         0 J of         0  trips born-on-comb    0 (20 ants) / born-off    0 (0 ants)
                channel A: PEAK amt  31197 cells  196 (of 201 route)  POLARITY|| +0.09891 && +0.09309 SPAN +0.00223 edge   6.5  end nest->food [1740,487,0,0,0]  nest   25  AtNest 17.41%
                Carrying: laden     20658  of which SPOIL     20658 (100.0%)
    DECISION CENSUS: 15707 decisions, reconciled against the rows and the engine's counters
      C1 homeward re-roll: no_usable 73, bias_off 0, no_crop 4250, empty_crop 0, no_site 0, on_anchor 0, roll_failed 41, fired 10, fired_haul 0
      C1 fired, aimed: toward 10, across 0, away 0
      C2 drop: roll_lost 290, placed 0, delivered 0, no_room 0 -- no room on 0.0% of won rolls; handed on through bodies 0 (mean 0.0 steps)
      C3 cone: left 492, straight 5317, right 393; Turn nonzero on 99 picks (largest |Turn| 3.81e-8), discarded on 93
      leg     setting          n  stepped    felllaunched swappedcrossingreversedblocked_roll_fairoll_fai no_body
      empty   pocket        1396     5.3%   14.3%    0.0%    0.0%    0.0%    0.0%    2.9%   40.3%   37.2%    0.0%
      empty   corridor      3723    52.2%    1.7%    0.0%    0.0%    0.0%    0.0%    0.4%   22.6%   23.1%    0.0%
      empty   junction      7232    41.4%    5.8%    0.0%    0.0%    0.0%    0.0%    0.3%   26.2%   26.3%    0.0%
      empty   open          2031    35.5%    9.3%    0.0%    0.0%    0.0%    0.0%    0.0%   27.6%   27.6%    0.0%
      laden   pocket          55     3.6%   34.5%    0.0%    0.0%    0.0%    0.0%    0.0%   40.0%   21.8%    0.0%
      laden   corridor       106    59.4%    0.9%    0.0%    0.0%    0.0%    0.0%    0.0%   21.7%   17.9%    0.0%
      laden   junction       121    46.3%    3.3%    0.0%    0.0%    0.0%    0.0%    0.0%   17.4%   33.1%    0.0%
      laden   open             8    37.5%   12.5%    0.0%    0.0%    0.0%    0.0%    0.0%   50.0%    0.0%    0.0%
      spoil   pocket         330    10.0%    1.5%    0.0%    0.0%    0.0%    0.0%    8.5%   43.9%   36.1%    0.0%
      spoil   corridor       270    39.6%    0.7%    0.0%    0.0%    0.0%    0.0%    2.2%   27.4%   30.0%    0.0%
      spoil   junction       337    47.8%    2.4%    0.0%    0.0%    0.0%    0.0%    4.7%   22.0%   23.1%    0.0%
      spoil   open            98    43.9%    3.1%    0.0%    0.0%    0.0%    0.0%    0.0%   25.5%   27.6%    0.0%
    DECISIONS: rows not written (decisionnorows)
  200   10  hand    0/0          228     3462     7284     1740        0    1/20        0         2 2 10 6 0
                A READ  ant-readable homeward along >= 0.02 on  47.4% of route-cell samples | FOODWARD  12.1% | plane lit on  66.1% | peak amt  34969 cells 196
                THE LOOP, ANT BY ANT:
                  0. lived                                     20    100.0% of prev    100.0% of all
                  1. reached the food                           1      5.0% of prev      5.0% of all
                  2. picked food up out there                   1    100.0% of prev      5.0% of all
                  3. turned for home with it                    1    100.0% of prev      5.0% of all
                  4. got back to the nest still holding it      0      0.0% of prev      0.0% of all
                  5. PUT IT DOWN there                          0      0.0% of prev      0.0% of all
                  6. went back out again                        0      0.0% of prev      0.0% of all
                  7. reached the food a SECOND time             0      0.0% of prev      0.0% of all
                RETURN LEDGER reached food    1 of   20 ants | came back    0 | trips laden    0 empty    0 | LOOPERS    0 of   20 ants ( 0.0% of those that reached food), repeat    0, most loops by one ant   0
                BY ANCHOR AT PICKUP  anchor ON nest material:    0 loops /    1 pickups (  0.0%) | anchor OFF it:    0 /    0 (  0.0%)
                BY BIRTH SITE  born ON comb:   0 of   1 that reached food looped (  0.0%) | born OFF comb:   0 of   0 (  0.0%)
                founded x   30..68   (nest cursor 48 MATERIAL x 26..70 20 of 20 founders born on it; food 248; nearest founder 180 cells out, farthest 218, nominal gap 200)  occupancy/1k [22 11 19 17 11 6 4 1]  carry->nest     123  born    0 died   20 (starved   20)
                own trail: route pk    0 end    0 along +0.0000  B nest->food [1040,3947,6883,9781,8347]  blocked      126  kin swaps       0  ticks     15707  tumbles      4374 (homeward       10, 0.23%)  drops       0  DELIVERED     0  leg home n    0 med     0 p90     0 (laden n    0 med     0 p90     0)  appetite held         0 J of       960  trips born-on-comb    0 (20 ants) / born-off    0 (0 ants)
                channel A: PEAK amt  34969 cells  196 (of 201 route)  POLARITY|| +0.07948 && +0.07322 SPAN +0.00301 edge   6.0  end nest->food [1019,573,0,0,0]  nest   25  AtNest  6.85%
                Carrying: laden      7950  of which SPOIL      6210 ( 78.1%)
    DECISION CENSUS: 14661 decisions, reconciled against the rows and the engine's counters
      C1 homeward re-roll: no_usable 66, bias_off 0, no_crop 3912, empty_crop 0, no_site 0, on_anchor 0, roll_failed 0, fired 0, fired_haul 0
      C1 fired, aimed: toward 0, across 0, away 0
      C2 drop: roll_lost 0, placed 0, delivered 0, no_room 0 -- no room on 0.0% of won rolls; handed on through bodies 0 (mean 0.0 steps)
      C3 cone: left 605, straight 4566, right 453; Turn nonzero on 16 picks (largest |Turn| 3.81e-8), discarded on 16
      leg     setting          n  stepped    felllaunched swappedcrossingreversedblocked_roll_fairoll_fai no_body
      empty   pocket         671     8.9%   28.2%    0.0%    0.0%    0.0%    0.0%    3.9%   27.4%   31.6%    0.0%
      empty   corridor      2012    46.4%    3.3%    0.0%    0.0%    0.0%    0.0%    0.4%   25.9%   24.0%    0.0%
      empty   junction      7491    40.3%    6.7%    0.0%    0.0%    0.0%    0.0%    0.9%   25.3%   26.9%    0.0%
      empty   open          3460    36.8%    9.5%    0.0%    0.0%    0.0%    0.0%    0.0%   26.7%   26.9%    0.0%
      spoil   pocket         313    12.5%    1.9%    0.0%    0.0%    0.0%    0.0%    9.9%   33.9%   41.9%    0.0%
      spoil   corridor       135    32.6%    0.7%    0.0%    0.0%    0.0%    0.0%    3.0%   34.1%   29.6%    0.0%
      spoil   junction       447    45.6%    2.7%    0.0%    0.0%    0.0%    0.0%    4.5%   22.8%   24.4%    0.0%
      spoil   open           132    40.2%    2.3%    0.0%    0.0%    0.0%    0.0%    0.0%   35.6%   22.0%    0.0%
    DECISIONS: rows not written (decisionnorows)
  200   11  hand    0/0            0        0     4776        0        0    0/20        0         1 5 10 4 0
                A READ  ant-readable homeward along >= 0.02 on  41.0% of route-cell samples | FOODWARD  13.8% | plane lit on  61.2% | peak amt  45190 cells 191
                THE LOOP, ANT BY ANT:
                  0. lived                                     20    100.0% of prev    100.0% of all
                  1. reached the food                           0      0.0% of prev      0.0% of all
                  2. picked food up out there                   0      0.0% of prev      0.0% of all
                  3. turned for home with it                    0      0.0% of prev      0.0% of all
                  4. got back to the nest still holding it      0      0.0% of prev      0.0% of all
                  5. PUT IT DOWN there                          0      0.0% of prev      0.0% of all
                  6. went back out again                        0      0.0% of prev      0.0% of all
                  7. reached the food a SECOND time             0      0.0% of prev      0.0% of all
                RETURN LEDGER reached food    0 of   20 ants | came back    0 | trips laden    0 empty    0 | LOOPERS    0 of   20 ants ( 0.0% of those that reached food), repeat    0, most loops by one ant   0
                BY ANCHOR AT PICKUP  anchor ON nest material:    0 loops /    0 pickups (  0.0%) | anchor OFF it:    0 /    0 (  0.0%)
                BY BIRTH SITE  born ON comb:   0 of   0 that reached food looped (  0.0%) | born OFF comb:   0 of   0 (  0.0%)
                founded x   30..68   (nest cursor 48 MATERIAL x 26..70 20 of 20 founders born on it; food 248; nearest founder 180 cells out, farthest 218, nominal gap 200)  occupancy/1k [13 15 19 23 9 5 1 0]  carry->nest       0  born    0 died   20 (starved   20)
                own trail: route pk    0 end    0 along +0.0000  B nest->food [1040,3947,6854,9762,8347]  blocked      155  kin swaps       0  ticks     14661  tumbles      3978 (homeward        0, 0.00%)  drops       0  DELIVERED     0  leg home n    0 med     0 p90     0 (laden n    0 med     0 p90     0)  appetite held         0 J of         0  trips born-on-comb    0 (20 ants) / born-off    0 (0 ants)
                channel A: PEAK amt  45190 cells  191 (of 201 route)  POLARITY|| +0.07781 && +0.07012 SPAN +0.00112 edge   6.0  end nest->food [575,603,0,0,0]  nest   25  AtNest  6.10%
                Carrying: laden      6162  of which SPOIL      6162 (100.0%)
    DECISION CENSUS: 15383 decisions, reconciled against the rows and the engine's counters
      C1 homeward re-roll: no_usable 91, bias_off 0, no_crop 4501, empty_crop 0, no_site 0, on_anchor 0, roll_failed 0, fired 0, fired_haul 0
      C1 fired, aimed: toward 0, across 0, away 0
      C2 drop: roll_lost 0, placed 0, delivered 0, no_room 0 -- no room on 0.0% of won rolls; handed on through bodies 0 (mean 0.0 steps)
      C3 cone: left 388, straight 4899, right 339; Turn nonzero on 119 picks (largest |Turn| 3.81e-8), discarded on 119
      leg     setting          n  stepped    felllaunched swappedcrossingreversedblocked_roll_fairoll_fai no_body
      empty   pocket        2164     5.6%    8.6%    0.0%    0.0%    0.0%    0.0%    3.9%   42.1%   39.7%    0.0%
      empty   corridor      3938    45.8%    1.7%    0.0%    0.0%    0.0%    0.0%    0.2%   25.9%   26.5%    0.0%
      empty   junction      6533    40.3%    5.4%    0.0%    0.0%    0.0%    0.0%    0.4%   26.5%   27.4%    0.0%
      empty   open          1492    37.8%    8.6%    0.0%    0.0%    0.0%    0.0%    0.0%   26.1%   27.5%    0.0%
      spoil   pocket         334    16.2%    1.8%    0.0%    0.0%    0.0%    0.0%   11.4%   41.0%   29.6%    0.0%
      spoil   corridor       517    51.5%    0.4%    0.0%    0.0%    0.0%    0.0%    1.4%   25.1%   21.7%    0.0%
      spoil   junction       318    49.1%    1.3%    0.0%    0.0%    0.0%    0.0%    3.8%   23.0%   23.0%    0.0%
      spoil   open            87    35.6%    2.3%    0.0%    0.0%    0.0%    0.0%    0.0%   21.8%   40.2%    0.0%
    DECISIONS: rows not written (decisionnorows)
  200   12  hand    0/0            0        0     6750        0        0    0/20        0         4 5 10 1 0
                A READ  ant-readable homeward along >= 0.02 on  42.2% of route-cell samples | FOODWARD   9.5% | plane lit on  55.6% | peak amt  29184 cells 154
                THE LOOP, ANT BY ANT:
                  0. lived                                     20    100.0% of prev    100.0% of all
                  1. reached the food                           0      0.0% of prev      0.0% of all
                  2. picked food up out there                   0      0.0% of prev      0.0% of all
                  3. turned for home with it                    0      0.0% of prev      0.0% of all
                  4. got back to the nest still holding it      0      0.0% of prev      0.0% of all
                  5. PUT IT DOWN there                          0      0.0% of prev      0.0% of all
                  6. went back out again                        0      0.0% of prev      0.0% of all
                  7. reached the food a SECOND time             0      0.0% of prev      0.0% of all
                RETURN LEDGER reached food    0 of   20 ants | came back    0 | trips laden    0 empty    0 | LOOPERS    0 of   20 ants ( 0.0% of those that reached food), repeat    0, most loops by one ant   0
                BY ANCHOR AT PICKUP  anchor ON nest material:    0 loops /    0 pickups (  0.0%) | anchor OFF it:    0 /    0 (  0.0%)
                BY BIRTH SITE  born ON comb:   0 of   0 that reached food looped (  0.0%) | born OFF comb:   0 of   0 (  0.0%)
                founded x   30..68   (nest cursor 48 MATERIAL x 26..70 20 of 20 founders born on it; food 248; nearest founder 180 cells out, farthest 218, nominal gap 200)  occupancy/1k [34 14 20 13 7 2 0 0]  carry->nest       0  born    0 died   20 (starved   20)
                own trail: route pk    0 end    0 along +0.0000  B nest->food [1040,3947,6854,9762,8347]  blocked      177  kin swaps       0  ticks     15383  tumbles      4592 (homeward        0, 0.00%)  drops       0  DELIVERED     0  leg home n    0 med     0 p90     0 (laden n    0 med     0 p90     0)  appetite held         0 J of         0  trips born-on-comb    0 (20 ants) / born-off    0 (0 ants)
                channel A: PEAK amt  29184 cells  154 (of 201 route)  POLARITY|| +0.08718 && +0.07963 SPAN +0.00202 edge   6.0  end nest->food [844,773,0,0,0]  nest   25  AtNest  9.09%
                Carrying: laden      7536  of which SPOIL      7536 (100.0%)
    DECISION CENSUS: 15436 decisions, reconciled against the rows and the engine's counters
      C1 homeward re-roll: no_usable 72, bias_off 0, no_crop 4258, empty_crop 0, no_site 0, on_anchor 0, roll_failed 45, fired 16, fired_haul 0
      C1 fired, aimed: toward 16, across 0, away 0
      C2 drop: roll_lost 290, placed 0, delivered 0, no_room 0 -- no room on 0.0% of won rolls; handed on through bodies 0 (mean 0.0 steps)
      C3 cone: left 541, straight 4957, right 421; Turn nonzero on 100 picks (largest |Turn| 3.81e-8), discarded on 100
      leg     setting          n  stepped    felllaunched swappedcrossingreversedblocked_roll_fairoll_fai no_body
      empty   pocket         622     9.0%   29.4%    0.0%    0.0%    0.0%    0.0%    3.9%   30.9%   26.8%    0.0%
      empty   corridor      2804    47.3%    3.3%    0.0%    0.0%    0.0%    0.0%    0.5%   25.0%   23.9%    0.0%
      empty   junction      7756    39.5%    6.1%    0.0%    0.0%    0.0%    0.0%    0.6%   26.8%   27.0%    0.0%
      empty   open          2305    37.7%    9.3%    0.0%    0.0%    0.0%    0.0%    0.0%   28.0%   24.9%    0.0%
      laden   pocket          27     3.7%   63.0%    0.0%    0.0%    0.0%    0.0%    0.0%    3.7%   29.6%    0.0%
      laden   corridor       205    44.9%    1.0%    0.0%    0.0%    0.0%    0.0%    0.0%   25.9%   28.3%    0.0%
      laden   junction        58    62.1%    3.4%    0.0%    0.0%    0.0%    0.0%    0.0%   10.3%   24.1%    0.0%
      spoil   pocket         709     9.3%    0.7%    0.0%    0.0%    0.0%    0.0%    7.8%   40.9%   41.3%    0.0%
      spoil   corridor       392    44.4%    0.5%    0.0%    0.0%    0.0%    0.0%    2.0%   24.7%   28.3%    0.0%
      spoil   junction       472    41.7%    0.4%    0.0%    0.0%    0.0%    0.0%    4.2%   28.6%   25.0%    0.0%
      spoil   open            86    43.0%    4.7%    0.0%    0.0%    0.0%    0.0%    0.0%   27.9%   24.4%    0.0%
    DECISIONS: rows not written (decisionnorows)
  200   13  hand    0/0          228     3414     8154     1740        0    1/20        0          2 8 7 3 0
                A READ  ant-readable homeward along >= 0.02 on  42.0% of route-cell samples | FOODWARD  11.3% | plane lit on  59.1% | peak amt  37510 cells 196
                THE LOOP, ANT BY ANT:
                  0. lived                                     20    100.0% of prev    100.0% of all
                  1. reached the food                           1      5.0% of prev      5.0% of all
                  2. picked food up out there                   1    100.0% of prev      5.0% of all
                  3. turned for home with it                    1    100.0% of prev      5.0% of all
                  4. got back to the nest still holding it      0      0.0% of prev      0.0% of all
                  5. PUT IT DOWN there                          0      0.0% of prev      0.0% of all
                  6. went back out again                        0      0.0% of prev      0.0% of all
                  7. reached the food a SECOND time             0      0.0% of prev      0.0% of all
                RETURN LEDGER reached food    1 of   20 ants | came back    0 | trips laden    0 empty    0 | LOOPERS    0 of   20 ants ( 0.0% of those that reached food), repeat    0, most loops by one ant   0
                BY ANCHOR AT PICKUP  anchor ON nest material:    0 loops /    1 pickups (  0.0%) | anchor OFF it:    0 /    0 (  0.0%)
                BY BIRTH SITE  born ON comb:   0 of   1 that reached food looped (  0.0%) | born OFF comb:   0 of   0 (  0.0%)
                founded x   30..68   (nest cursor 48 MATERIAL x 26..70 20 of 20 founders born on it; food 248; nearest founder 180 cells out, farthest 218, nominal gap 200)  occupancy/1k [20 12 26 20 8 3 1 0]  carry->nest     127  born    0 died   20 (starved   20)
                own trail: route pk    0 end    0 along +0.0000  B nest->food [1040,3947,6877,9781,8347]  blocked      167  kin swaps       0  ticks     15436  tumbles      4391 (homeward       16, 0.36%)  drops       0  DELIVERED     0  leg home n    0 med     0 p90     0 (laden n    0 med     0 p90     0)  appetite held         0 J of       960  trips born-on-comb    0 (20 ants) / born-off    0 (0 ants)
                channel A: PEAK amt  37510 cells  196 (of 201 route)  POLARITY|| +0.08462 && +0.07708 SPAN +0.00176 edge   6.0  end nest->food [851,829,0,0,0]  nest   25  AtNest  7.65%
                Carrying: laden     11694  of which SPOIL      9954 ( 85.1%)
    DECISION CENSUS: 15479 decisions, reconciled against the rows and the engine's counters
      C1 homeward re-roll: no_usable 100, bias_off 0, no_crop 4030, empty_crop 0, no_site 0, on_anchor 0, roll_failed 67, fired 20, fired_haul 0
      C1 fired, aimed: toward 20, across 0, away 0
      C2 drop: roll_lost 290, placed 0, delivered 0, no_room 0 -- no room on 0.0% of won rolls; handed on through bodies 0 (mean 0.0 steps)
      C3 cone: left 531, straight 5021, right 460; Turn nonzero on 27 picks (largest |Turn| 3.81e-8), discarded on 22
      leg     setting          n  stepped    felllaunched swappedcrossingreversedblocked_roll_fairoll_fai no_body
      empty   pocket         529     3.2%   45.2%    0.0%    0.0%    0.0%    0.0%    0.8%   27.6%   23.3%    0.0%
      empty   corridor      2491    48.7%    3.6%    0.0%    0.0%    0.0%    0.0%    0.3%   24.6%   22.9%    0.0%
      empty   junction      8568    39.5%    6.7%    0.0%    0.0%    0.0%    0.0%    0.5%   26.9%   26.5%    0.0%
      empty   open          2957    37.2%    9.3%    0.0%    0.0%    0.0%    0.0%    0.0%   26.3%   27.1%    0.0%
      laden   pocket          41     2.4%   14.6%    0.0%    0.0%    0.0%    0.0%    2.4%   31.7%   48.8%    0.0%
      laden   corridor       134    53.0%    0.0%    0.0%    0.0%    0.0%    0.0%    0.0%   26.1%   20.9%    0.0%
      laden   junction       109    42.2%    2.8%    0.0%    0.0%    0.0%    0.0%    0.0%   32.1%   22.9%    0.0%
      laden   open             6    50.0%    0.0%    0.0%    0.0%    0.0%    0.0%    0.0%   33.3%   16.7%    0.0%
      spoil   pocket          81     2.5%    3.7%    0.0%    0.0%    0.0%    0.0%    7.4%   37.0%   49.4%    0.0%
      spoil   corridor       107    12.1%    1.9%    0.0%    0.0%    0.0%    0.0%    6.5%   42.1%   37.4%    0.0%
      spoil   junction       348    33.9%    3.2%    0.0%    0.0%    0.0%    0.0%    5.7%   27.9%   29.3%    0.0%
      spoil   open           108    43.5%    1.9%    0.0%    0.0%    0.0%    0.0%    0.0%   31.5%   23.1%    0.0%
    DECISIONS: rows not written (decisionnorows)
  200   14  hand    0/0          228     3318     7362     1740        0    1/20        0         0 5 11 4 0
                A READ  ant-readable homeward along >= 0.02 on  41.6% of route-cell samples | FOODWARD  12.6% | plane lit on  61.7% | peak amt  32505 cells 196
                THE LOOP, ANT BY ANT:
                  0. lived                                     20    100.0% of prev    100.0% of all
                  1. reached the food                           1      5.0% of prev      5.0% of all
                  2. picked food up out there                   1    100.0% of prev      5.0% of all
                  3. turned for home with it                    1    100.0% of prev      5.0% of all
                  4. got back to the nest still holding it      0      0.0% of prev      0.0% of all
                  5. PUT IT DOWN there                          0      0.0% of prev      0.0% of all
                  6. went back out again                        0      0.0% of prev      0.0% of all
                  7. reached the food a SECOND time             0      0.0% of prev      0.0% of all
                RETURN LEDGER reached food    1 of   20 ants | came back    0 | trips laden    0 empty    0 | LOOPERS    0 of   20 ants ( 0.0% of those that reached food), repeat    0, most loops by one ant   0
                BY ANCHOR AT PICKUP  anchor ON nest material:    0 loops /    1 pickups (  0.0%) | anchor OFF it:    0 /    0 (  0.0%)
                BY BIRTH SITE  born ON comb:   0 of   1 that reached food looped (  0.0%) | born OFF comb:   0 of   0 (  0.0%)
                founded x   30..68   (nest cursor 48 MATERIAL x 26..70 20 of 20 founders born on it; food 248; nearest founder 180 cells out, farthest 218, nominal gap 200)  occupancy/1k [14 13 26 23 6 5 1 0]  carry->nest     118  born    0 died   20 (starved   20)
                own trail: route pk    0 end    0 along +0.0000  B nest->food [1040,3947,6890,9783,8347]  blocked       84  kin swaps       0  ticks     15479  tumbles      4217 (homeward       20, 0.47%)  drops       0  DELIVERED     0  leg home n    0 med     0 p90     0 (laden n    0 med     0 p90     0)  appetite held         0 J of       960  trips born-on-comb    0 (20 ants) / born-off    0 (0 ants)
                channel A: PEAK amt  32505 cells  196 (of 201 route)  POLARITY|| +0.07267 && +0.06511 SPAN +0.00121 edge   6.0  end nest->food [360,814,0,0,0]  nest   25  AtNest  9.03%
                Carrying: laden      5604  of which SPOIL      3864 ( 69.0%)
    DECISION CENSUS: 15732 decisions, reconciled against the rows and the engine's counters
      C1 homeward re-roll: no_usable 68, bias_off 0, no_crop 4886, empty_crop 0, no_site 0, on_anchor 0, roll_failed 0, fired 0, fired_haul 0
      C1 fired, aimed: toward 0, across 0, away 0
      C2 drop: roll_lost 0, placed 0, delivered 0, no_room 0 -- no room on 0.0% of won rolls; handed on through bodies 0 (mean 0.0 steps)
      C3 cone: left 499, straight 4290, right 403; Turn nonzero on 15 picks (largest |Turn| 3.81e-8), discarded on 15
      leg     setting          n  stepped    felllaunched swappedcrossingreversedblocked_roll_fairoll_fai no_body
      empty   pocket        2015     3.9%   10.1%    0.0%    0.0%    0.0%    0.0%    1.7%   40.7%   43.6%    0.0%
      empty   corridor      3246    34.4%    2.6%    0.0%    0.0%    0.0%    0.0%    0.4%   31.9%   30.8%    0.0%
      empty   junction      6581    41.6%    6.0%    0.0%    0.0%    0.0%    0.0%    0.7%   26.0%   25.7%    0.0%
      empty   open          1917    40.6%    9.7%    0.0%    0.0%    0.0%    0.0%    0.0%   24.9%   24.8%    0.0%
      spoil   pocket         900    11.9%    0.9%    0.0%    0.0%    0.0%    0.0%    9.1%   39.9%   38.2%    0.0%
      spoil   corridor       552    29.0%    0.0%    0.0%    0.0%    0.0%    0.0%    2.4%   36.2%   32.4%    0.0%
      spoil   junction       438    39.7%    1.8%    0.0%    0.0%    0.0%    0.0%    3.4%   31.3%   23.7%    0.0%
      spoil   open            83    51.8%    2.4%    0.0%    0.0%    0.0%    0.0%    0.0%   16.9%   28.9%    0.0%
    DECISIONS: rows not written (decisionnorows)
  200   15  hand    0/0            0        0     5796        0        0    0/20        0         2 6 12 0 0
                A READ  ant-readable homeward along >= 0.02 on  39.8% of route-cell samples | FOODWARD  11.3% | plane lit on  55.4% | peak amt  31192 cells 146
                THE LOOP, ANT BY ANT:
                  0. lived                                     20    100.0% of prev    100.0% of all
                  1. reached the food                           0      0.0% of prev      0.0% of all
                  2. picked food up out there                   0      0.0% of prev      0.0% of all
                  3. turned for home with it                    0      0.0% of prev      0.0% of all
                  4. got back to the nest still holding it      0      0.0% of prev      0.0% of all
                  5. PUT IT DOWN there                          0      0.0% of prev      0.0% of all
                  6. went back out again                        0      0.0% of prev      0.0% of all
                  7. reached the food a SECOND time             0      0.0% of prev      0.0% of all
                RETURN LEDGER reached food    0 of   20 ants | came back    0 | trips laden    0 empty    0 | LOOPERS    0 of   20 ants ( 0.0% of those that reached food), repeat    0, most loops by one ant   0
                BY ANCHOR AT PICKUP  anchor ON nest material:    0 loops /    0 pickups (  0.0%) | anchor OFF it:    0 /    0 (  0.0%)
                BY BIRTH SITE  born ON comb:   0 of   0 that reached food looped (  0.0%) | born OFF comb:   0 of   0 (  0.0%)
                founded x   30..68   (nest cursor 48 MATERIAL x 26..70 20 of 20 founders born on it; food 248; nearest founder 180 cells out, farthest 218, nominal gap 200)  occupancy/1k [34 11 19 19 7 0 0 0]  carry->nest       0  born    0 died   20 (starved   20)
                own trail: route pk    0 end    0 along +0.0000  B nest->food [1040,3947,6854,9762,8347]  blocked      200  kin swaps       0  ticks     15732  tumbles      4954 (homeward        0, 0.00%)  drops       0  DELIVERED     0  leg home n    0 med     0 p90     0 (laden n    0 med     0 p90     0)  appetite held         0 J of         0  trips born-on-comb    0 (20 ants) / born-off    0 (0 ants)
                channel A: PEAK amt  31192 cells  146 (of 201 route)  POLARITY|| +0.08651 && +0.07860 SPAN +0.00131 edge   6.0  end nest->food [753,824,0,0,0]  nest   25  AtNest  7.49%
                Carrying: laden     11838  of which SPOIL     11838 (100.0%)
    DECISION CENSUS: 15174 decisions, reconciled against the rows and the engine's counters
      C1 homeward re-roll: no_usable 66, bias_off 0, no_crop 4356, empty_crop 0, no_site 0, on_anchor 0, roll_failed 0, fired 0, fired_haul 0
      C1 fired, aimed: toward 0, across 0, away 0
      C2 drop: roll_lost 0, placed 0, delivered 0, no_room 0 -- no room on 0.0% of won rolls; handed on through bodies 0 (mean 0.0 steps)
      C3 cone: left 374, straight 4854, right 340; Turn nonzero on 119 picks (largest |Turn| 3.81e-8), discarded on 119
      leg     setting          n  stepped    felllaunched swappedcrossingreversedblocked_roll_fairoll_fai no_body
      empty   pocket        1743     5.5%   11.4%    0.0%    0.0%    0.0%    0.0%    3.0%   38.4%   41.7%    0.0%
      empty   corridor      3219    49.0%    2.1%    0.0%    0.0%    0.0%    0.0%    0.1%   24.7%   24.2%    0.0%
      empty   junction      6292    40.6%    5.8%    0.0%    0.0%    0.0%    0.0%    0.4%   25.7%   27.5%    0.0%
      empty   open          1539    38.1%    8.6%    0.0%    0.0%    0.0%    0.0%    0.0%   27.0%   26.3%    0.0%
      spoil   pocket         947    13.0%    1.2%    0.0%    0.0%    0.0%    0.0%   10.2%   36.1%   39.5%    0.0%
      spoil   corridor      1056    44.2%    0.1%    0.0%    0.0%    0.0%    0.0%    0.2%   27.5%   28.0%    0.0%
      spoil   junction       326    43.9%    1.5%    0.0%    0.0%    0.0%    0.0%    5.2%   26.1%   23.3%    0.0%
      spoil   open            52    46.2%    3.8%    0.0%    0.0%    0.0%    0.0%    0.0%   17.3%   32.7%    0.0%
    DECISIONS: rows not written (decisionnorows)
  200   16  hand    0/0            0        0     6786        0        0    0/20        0          5 4 8 3 0
                A READ  ant-readable homeward along >= 0.02 on  42.3% of route-cell samples | FOODWARD  10.1% | plane lit on  58.8% | peak amt  42358 cells 178
                THE LOOP, ANT BY ANT:
                  0. lived                                     20    100.0% of prev    100.0% of all
                  1. reached the food                           0      0.0% of prev      0.0% of all
                  2. picked food up out there                   0      0.0% of prev      0.0% of all
                  3. turned for home with it                    0      0.0% of prev      0.0% of all
                  4. got back to the nest still holding it      0      0.0% of prev      0.0% of all
                  5. PUT IT DOWN there                          0      0.0% of prev      0.0% of all
                  6. went back out again                        0      0.0% of prev      0.0% of all
                  7. reached the food a SECOND time             0      0.0% of prev      0.0% of all
                RETURN LEDGER reached food    0 of   20 ants | came back    0 | trips laden    0 empty    0 | LOOPERS    0 of   20 ants ( 0.0% of those that reached food), repeat    0, most loops by one ant   0
                BY ANCHOR AT PICKUP  anchor ON nest material:    0 loops /    0 pickups (  0.0%) | anchor OFF it:    0 /    0 (  0.0%)
                BY BIRTH SITE  born ON comb:   0 of   0 that reached food looped (  0.0%) | born OFF comb:   0 of   0 (  0.0%)
                founded x   30..68   (nest cursor 48 MATERIAL x 26..70 20 of 20 founders born on it; food 248; nearest founder 180 cells out, farthest 218, nominal gap 200)  occupancy/1k [34 12 15 16 6 4 1 0]  carry->nest       0  born    0 died   20 (starved   20)
                own trail: route pk    0 end    0 along +0.0000  B nest->food [1040,3947,6854,9762,8347]  blocked      196  kin swaps       0  ticks     15174  tumbles      4422 (homeward        0, 0.00%)  drops       0  DELIVERED     0  leg home n    0 med     0 p90     0 (laden n    0 med     0 p90     0)  appetite held         0 J of         0  trips born-on-comb    0 (20 ants) / born-off    0 (0 ants)
                channel A: PEAK amt  42358 cells  178 (of 201 route)  POLARITY|| +0.09173 && +0.08617 SPAN +0.00309 edge   6.0  end nest->food [1376,551,0,0,0]  nest   25  AtNest  7.11%
                Carrying: laden     14286  of which SPOIL     14286 (100.0%)
    DECISION CENSUS: 15940 decisions, reconciled against the rows and the engine's counters
      C1 homeward re-roll: no_usable 52, bias_off 0, no_crop 4943, empty_crop 0, no_site 0, on_anchor 0, roll_failed 0, fired 0, fired_haul 0
      C1 fired, aimed: toward 0, across 0, away 0
      C2 drop: roll_lost 0, placed 0, delivered 0, no_room 0 -- no room on 0.0% of won rolls; handed on through bodies 0 (mean 0.0 steps)
      C3 cone: left 338, straight 4762, right 256; Turn nonzero on 0 picks (largest |Turn| 0.00e0), discarded on 0
      leg     setting          n  stepped    felllaunched swappedcrossingreversedblocked_roll_fairoll_fai no_body
      empty   pocket        2900     3.6%    6.7%    0.0%    0.0%    0.0%    0.0%    1.9%   43.6%   44.1%    0.0%
      empty   corridor      4326    49.3%    1.4%    0.0%    0.0%    0.0%    0.0%    0.2%   24.5%   24.5%    0.0%
      empty   junction      5837    38.1%    6.1%    0.0%    0.0%    0.0%    0.0%    0.3%   27.9%   27.7%    0.0%
      empty   open          1643    34.1%    7.8%    0.0%    0.0%    0.0%    0.0%    0.0%   30.6%   27.6%    0.0%
      spoil   pocket         527    10.8%    0.9%    0.0%    0.0%    0.0%    0.0%   10.8%   35.7%   41.7%    0.0%
      spoil   corridor       299    42.5%    0.7%    0.0%    0.0%    0.0%    0.0%    2.3%   23.7%   30.8%    0.0%
      spoil   junction       334    36.8%    0.9%    0.0%    0.0%    0.0%    0.0%    4.8%   27.8%   29.6%    0.0%
      spoil   open            74    36.5%    0.0%    0.0%    0.0%    0.0%    0.0%    0.0%   36.5%   27.0%    0.0%
    DECISIONS: rows not written (decisionnorows)
  200   17  hand    0/0            0        0     7680        0        0    0/20        0          4 6 9 1 0
                A READ  ant-readable homeward along >= 0.02 on  38.1% of route-cell samples | FOODWARD  14.3% | plane lit on  57.2% | peak amt  32054 cells 168
                THE LOOP, ANT BY ANT:
                  0. lived                                     20    100.0% of prev    100.0% of all
                  1. reached the food                           0      0.0% of prev      0.0% of all
                  2. picked food up out there                   0      0.0% of prev      0.0% of all
                  3. turned for home with it                    0      0.0% of prev      0.0% of all
                  4. got back to the nest still holding it      0      0.0% of prev      0.0% of all
                  5. PUT IT DOWN there                          0      0.0% of prev      0.0% of all
                  6. went back out again                        0      0.0% of prev      0.0% of all
                  7. reached the food a SECOND time             0      0.0% of prev      0.0% of all
                RETURN LEDGER reached food    0 of   20 ants | came back    0 | trips laden    0 empty    0 | LOOPERS    0 of   20 ants ( 0.0% of those that reached food), repeat    0, most loops by one ant   0
                BY ANCHOR AT PICKUP  anchor ON nest material:    0 loops /    0 pickups (  0.0%) | anchor OFF it:    0 /    0 (  0.0%)
                BY BIRTH SITE  born ON comb:   0 of   0 that reached food looped (  0.0%) | born OFF comb:   0 of   0 (  0.0%)
                founded x   30..68   (nest cursor 48 MATERIAL x 26..70 20 of 20 founders born on it; food 248; nearest founder 180 cells out, farthest 218, nominal gap 200)  occupancy/1k [33 18 21 11 6 5 0 0]  carry->nest       0  born    0 died   20 (starved   20)
                own trail: route pk    0 end    0 along +0.0000  B nest->food [1040,3947,6854,9762,8347]  blocked      161  kin swaps       0  ticks     15940  tumbles      4995 (homeward        0, 0.00%)  drops       0  DELIVERED     0  leg home n    0 med     0 p90     0 (laden n    0 med     0 p90     0)  appetite held         0 J of         0  trips born-on-comb    0 (20 ants) / born-off    0 (0 ants)
                channel A: PEAK amt  32054 cells  168 (of 201 route)  POLARITY|| +0.08322 && +0.07648 SPAN +0.00509 edge   6.0  end nest->food [833,876,0,0,0]  nest   25  AtNest  8.04%
                Carrying: laden      7404  of which SPOIL      7404 (100.0%)
    DECISION CENSUS: 15102 decisions, reconciled against the rows and the engine's counters
      C1 homeward re-roll: no_usable 61, bias_off 0, no_crop 4423, empty_crop 0, no_site 0, on_anchor 0, roll_failed 0, fired 0, fired_haul 0
      C1 fired, aimed: toward 0, across 0, away 0
      C2 drop: roll_lost 0, placed 0, delivered 0, no_room 0 -- no room on 0.0% of won rolls; handed on through bodies 0 (mean 0.0 steps)
      C3 cone: left 433, straight 4747, right 365; Turn nonzero on 16 picks (largest |Turn| 3.81e-8), discarded on 16
      leg     setting          n  stepped    felllaunched swappedcrossingreversedblocked_roll_fairoll_fai no_body
      empty   pocket        1435    10.7%   10.5%    0.0%    0.0%    0.0%    0.0%    6.8%   36.6%   35.3%    0.0%
      empty   corridor      3203    49.3%    1.5%    0.0%    0.0%    0.0%    0.0%    0.4%   25.1%   23.8%    0.0%
      empty   junction      6434    38.9%    6.5%    0.0%    0.0%    0.0%    0.0%    0.6%   26.9%   27.1%    0.0%
      empty   open          2556    36.3%    9.0%    0.0%    0.0%    0.0%    0.0%    0.0%   27.2%   27.5%    0.0%
      spoil   pocket         679     5.7%    2.7%    0.0%    0.0%    0.0%    0.0%    4.4%   45.1%   42.1%    0.0%
      spoil   corridor       240    45.8%    1.7%    0.0%    0.0%    0.0%    0.0%    2.5%   27.5%   22.5%    0.0%
      spoil   junction       451    41.7%    1.3%    0.0%    0.0%    0.0%    0.0%    4.9%   28.4%   23.7%    0.0%
      spoil   open           104    45.2%    3.8%    0.0%    0.0%    0.0%    0.0%    0.0%   19.2%   31.7%    0.0%
    DECISIONS: rows not written (decisionnorows)
  200   18  hand    0/0            0        0     6840        0        0    0/20        0         1 10 5 4 0
                A READ  ant-readable homeward along >= 0.02 on  40.7% of route-cell samples | FOODWARD  11.2% | plane lit on  57.5% | peak amt  37525 cells 192
                THE LOOP, ANT BY ANT:
                  0. lived                                     20    100.0% of prev    100.0% of all
                  1. reached the food                           0      0.0% of prev      0.0% of all
                  2. picked food up out there                   0      0.0% of prev      0.0% of all
                  3. turned for home with it                    0      0.0% of prev      0.0% of all
                  4. got back to the nest still holding it      0      0.0% of prev      0.0% of all
                  5. PUT IT DOWN there                          0      0.0% of prev      0.0% of all
                  6. went back out again                        0      0.0% of prev      0.0% of all
                  7. reached the food a SECOND time             0      0.0% of prev      0.0% of all
                RETURN LEDGER reached food    0 of   20 ants | came back    0 | trips laden    0 empty    0 | LOOPERS    0 of   20 ants ( 0.0% of those that reached food), repeat    0, most loops by one ant   0
                BY ANCHOR AT PICKUP  anchor ON nest material:    0 loops /    0 pickups (  0.0%) | anchor OFF it:    0 /    0 (  0.0%)
                BY BIRTH SITE  born ON comb:   0 of   0 that reached food looped (  0.0%) | born OFF comb:   0 of   0 (  0.0%)
                founded x   30..68   (nest cursor 48 MATERIAL x 26..70 20 of 20 founders born on it; food 248; nearest founder 180 cells out, farthest 218, nominal gap 200)  occupancy/1k [19 18 29 11 7 3 1 0]  carry->nest       0  born    0 died   20 (starved   20)
                own trail: route pk    0 end    0 along +0.0000  B nest->food [1040,3947,6854,9762,8347]  blocked      208  kin swaps       0  ticks     15102  tumbles      4484 (homeward        0, 0.00%)  drops       0  DELIVERED     0  leg home n    0 med     0 p90     0 (laden n    0 med     0 p90     0)  appetite held         0 J of         0  trips born-on-comb    0 (20 ants) / born-off    0 (0 ants)
                channel A: PEAK amt  37525 cells  192 (of 201 route)  POLARITY|| +0.08287 && +0.07510 SPAN +0.00110 edge   6.1  end nest->food [519,828,0,0,0]  nest   25  AtNest  5.59%
                Carrying: laden      8844  of which SPOIL      8844 (100.0%)
    DECISION CENSUS: 14737 decisions, reconciled against the rows and the engine's counters
      C1 homeward re-roll: no_usable 66, bias_off 0, no_crop 3911, empty_crop 0, no_site 0, on_anchor 0, roll_failed 0, fired 0, fired_haul 0
      C1 fired, aimed: toward 0, across 0, away 0
      C2 drop: roll_lost 0, placed 0, delivered 0, no_room 0 -- no room on 0.0% of won rolls; handed on through bodies 0 (mean 0.0 steps)
      C3 cone: left 522, straight 4831, right 398; Turn nonzero on 58 picks (largest |Turn| 3.81e-8), discarded on 58
      leg     setting          n  stepped    felllaunched swappedcrossingreversedblocked_roll_fairoll_fai no_body
      empty   pocket         808     7.2%   20.3%    0.0%    0.0%    0.0%    0.0%    3.7%   33.4%   35.4%    0.0%
      empty   corridor      2399    48.4%    2.8%    0.0%    0.0%    0.0%    0.0%    0.1%   23.8%   24.9%    0.0%
      empty   junction      7465    42.2%    6.8%    0.0%    0.0%    0.0%    0.0%    0.3%   24.8%   25.9%    0.0%
      empty   open          3160    33.0%   10.9%    0.0%    0.0%    0.0%    0.0%    0.0%   28.4%   27.7%    0.0%
      spoil   pocket         389    29.3%    2.1%    0.0%    0.0%    0.0%    0.0%   22.4%   24.7%   21.6%    0.0%
      spoil   corridor       141    54.6%    0.7%    0.0%    0.0%    0.0%    0.0%    5.0%   17.7%   22.0%    0.0%
      spoil   junction       293    42.7%    1.4%    0.0%    0.0%    0.0%    0.0%    6.8%   27.0%   22.2%    0.0%
      spoil   open            82    30.5%    1.2%    0.0%    0.0%    0.0%    0.0%    0.0%   22.0%   46.3%    0.0%
    DECISIONS: rows not written (decisionnorows)
  200   19  hand    0/0            0        0     5184        0        0    0/20        0         1 6 11 2 0
                A READ  ant-readable homeward along >= 0.02 on  43.1% of route-cell samples | FOODWARD  11.0% | plane lit on  59.8% | peak amt  44659 cells 184
                THE LOOP, ANT BY ANT:
                  0. lived                                     20    100.0% of prev    100.0% of all
                  1. reached the food                           0      0.0% of prev      0.0% of all
                  2. picked food up out there                   0      0.0% of prev      0.0% of all
                  3. turned for home with it                    0      0.0% of prev      0.0% of all
                  4. got back to the nest still holding it      0      0.0% of prev      0.0% of all
                  5. PUT IT DOWN there                          0      0.0% of prev      0.0% of all
                  6. went back out again                        0      0.0% of prev      0.0% of all
                  7. reached the food a SECOND time             0      0.0% of prev      0.0% of all
                RETURN LEDGER reached food    0 of   20 ants | came back    0 | trips laden    0 empty    0 | LOOPERS    0 of   20 ants ( 0.0% of those that reached food), repeat    0, most loops by one ant   0
                BY ANCHOR AT PICKUP  anchor ON nest material:    0 loops /    0 pickups (  0.0%) | anchor OFF it:    0 /    0 (  0.0%)
                BY BIRTH SITE  born ON comb:   0 of   0 that reached food looped (  0.0%) | born OFF comb:   0 of   0 (  0.0%)
                founded x   30..68   (nest cursor 48 MATERIAL x 26..70 20 of 20 founders born on it; food 248; nearest founder 180 cells out, farthest 218, nominal gap 200)  occupancy/1k [10 16 27 19 9 2 1 0]  carry->nest       0  born    0 died   20 (starved   20)
                own trail: route pk    0 end    0 along +0.0000  B nest->food [1040,3947,6854,9762,8347]  blocked      173  kin swaps       0  ticks     14737  tumbles      3977 (homeward        0, 0.00%)  drops       0  DELIVERED     0  leg home n    0 med     0 p90     0 (laden n    0 med     0 p90     0)  appetite held         0 J of         0  trips born-on-comb    0 (20 ants) / born-off    0 (0 ants)
                channel A: PEAK amt  44659 cells  184 (of 201 route)  POLARITY|| +0.07572 && +0.06807 SPAN +0.00120 edge   6.0  end nest->food [367,700,0,0,0]  nest   25  AtNest  4.69%
                Carrying: laden      5430  of which SPOIL      5430 (100.0%)
    DECISION CENSUS: 15639 decisions, reconciled against the rows and the engine's counters
      C1 homeward re-roll: no_usable 77, bias_off 0, no_crop 4852, empty_crop 0, no_site 0, on_anchor 0, roll_failed 0, fired 0, fired_haul 0
      C1 fired, aimed: toward 0, across 0, away 0
      C2 drop: roll_lost 0, placed 0, delivered 0, no_room 0 -- no room on 0.0% of won rolls; handed on through bodies 0 (mean 0.0 steps)
      C3 cone: left 394, straight 4556, right 334; Turn nonzero on 132 picks (largest |Turn| 3.81e-8), discarded on 132
      leg     setting          n  stepped    felllaunched swappedcrossingreversedblocked_roll_fairoll_fai no_body
      empty   pocket        2190     6.2%    8.1%    0.0%    0.0%    0.0%    0.0%    3.6%   41.8%   40.3%    0.0%
      empty   corridor      2917    47.2%    1.9%    0.0%    0.0%    0.0%    0.0%    0.0%   24.8%   26.1%    0.0%
      empty   junction      6259    40.1%    6.0%    0.0%    0.0%    0.0%    0.0%    0.4%   26.9%   26.7%    0.0%
      empty   open          1835    37.2%   10.2%    0.0%    0.0%    0.0%    0.0%    0.0%   28.2%   24.4%    0.0%
      spoil   pocket        1411     9.1%    0.2%    0.0%    0.0%    0.0%    0.0%    8.5%   41.6%   40.5%    0.0%
      spoil   corridor       685    46.3%    0.1%    0.0%    0.0%    0.0%    0.0%    0.7%   25.8%   27.0%    0.0%
      spoil   junction       288    37.8%    2.1%    0.0%    0.0%    0.0%    0.0%    3.8%   26.7%   29.5%    0.0%
      spoil   open            54    46.3%    1.9%    0.0%    0.0%    0.0%    0.0%    0.0%   22.2%   29.6%    0.0%
    DECISIONS: rows not written (decisionnorows)
  200   20  hand    0/0            0        0     6054        0        0    0/20        0         6 2 12 0 0
                A READ  ant-readable homeward along >= 0.02 on  39.1% of route-cell samples | FOODWARD   9.0% | plane lit on  55.0% | peak amt  30266 cells 130
                THE LOOP, ANT BY ANT:
                  0. lived                                     20    100.0% of prev    100.0% of all
                  1. reached the food                           0      0.0% of prev      0.0% of all
                  2. picked food up out there                   0      0.0% of prev      0.0% of all
                  3. turned for home with it                    0      0.0% of prev      0.0% of all
                  4. got back to the nest still holding it      0      0.0% of prev      0.0% of all
                  5. PUT IT DOWN there                          0      0.0% of prev      0.0% of all
                  6. went back out again                        0      0.0% of prev      0.0% of all
                  7. reached the food a SECOND time             0      0.0% of prev      0.0% of all
                RETURN LEDGER reached food    0 of   20 ants | came back    0 | trips laden    0 empty    0 | LOOPERS    0 of   20 ants ( 0.0% of those that reached food), repeat    0, most loops by one ant   0
                BY ANCHOR AT PICKUP  anchor ON nest material:    0 loops /    0 pickups (  0.0%) | anchor OFF it:    0 /    0 (  0.0%)
                BY BIRTH SITE  born ON comb:   0 of   0 that reached food looped (  0.0%) | born OFF comb:   0 of   0 (  0.0%)
                founded x   30..68   (nest cursor 48 MATERIAL x 26..70 20 of 20 founders born on it; food 248; nearest founder 180 cells out, farthest 218, nominal gap 200)  occupancy/1k [41 6 15 19 9 0 0 0]  carry->nest       0  born    0 died   20 (starved   20)
                own trail: route pk    0 end    0 along +0.0000  B nest->food [1040,3947,6854,9762,8347]  blocked      238  kin swaps       0  ticks     15639  tumbles      4929 (homeward        0, 0.00%)  drops       0  DELIVERED     0  leg home n    0 med     0 p90     0 (laden n    0 med     0 p90     0)  appetite held         0 J of         0  trips born-on-comb    0 (20 ants) / born-off    0 (0 ants)
                channel A: PEAK amt  30266 cells  130 (of 201 route)  POLARITY|| +0.09832 && +0.09035 SPAN +0.00150 edge   6.0  end nest->food [1842,470,0,0,0]  nest   25  AtNest  8.20%
                Carrying: laden     14628  of which SPOIL     14628 (100.0%)
    DECISION CENSUS: 15250 decisions, reconciled against the rows and the engine's counters
      C1 homeward re-roll: no_usable 48, bias_off 0, no_crop 4419, empty_crop 0, no_site 0, on_anchor 0, roll_failed 0, fired 0, fired_haul 0
      C1 fired, aimed: toward 0, across 0, away 0
      C2 drop: roll_lost 0, placed 0, delivered 0, no_room 0 -- no room on 0.0% of won rolls; handed on through bodies 0 (mean 0.0 steps)
      C3 cone: left 466, straight 4717, right 364; Turn nonzero on 119 picks (largest |Turn| 3.81e-8), discarded on 119
      leg     setting          n  stepped    felllaunched swappedcrossingreversedblocked_roll_fairoll_fai no_body
      empty   pocket        1733     6.1%   10.8%    0.0%    0.0%    0.0%    0.0%    3.3%   38.8%   41.0%    0.0%
      empty   corridor      2594    46.8%    3.0%    0.0%    0.0%    0.0%    0.0%    0.4%   23.8%   26.0%    0.0%
      empty   junction      7037    40.5%    5.9%    0.0%    0.0%    0.0%    0.0%    0.4%   25.9%   27.4%    0.0%
      empty   open          2251    37.3%    7.9%    0.0%    0.0%    0.0%    0.0%    0.0%   28.6%   26.2%    0.0%
      spoil   pocket         865    20.1%    0.0%    0.0%    0.0%    0.0%    0.0%   15.3%   31.4%   33.2%    0.0%
      spoil   corridor       384    51.8%    0.0%    0.0%    0.0%    0.0%    0.0%    0.8%   26.8%   20.6%    0.0%
      spoil   junction       294    42.5%    1.4%    0.0%    0.0%    0.0%    0.0%    6.1%   23.1%   26.9%    0.0%
      spoil   open            92    43.5%    4.3%    0.0%    0.0%    0.0%    0.0%    0.0%   23.9%   28.3%    0.0%
    DECISIONS: rows not written (decisionnorows)
  200   21  hand    0/0            0     4086     6042        0        0    1/20        0         3 3 12 2 0
                A READ  ant-readable homeward along >= 0.02 on  41.9% of route-cell samples | FOODWARD  10.7% | plane lit on  57.5% | peak amt  32585 cells 194
                THE LOOP, ANT BY ANT:
                  0. lived                                     20    100.0% of prev    100.0% of all
                  1. reached the food                           1      5.0% of prev      5.0% of all
                  2. picked food up out there                   0      0.0% of prev      0.0% of all
                  3. turned for home with it                    0      0.0% of prev      0.0% of all
                  4. got back to the nest still holding it      0      0.0% of prev      0.0% of all
                  5. PUT IT DOWN there                          0      0.0% of prev      0.0% of all
                  6. went back out again                        0      0.0% of prev      0.0% of all
                  7. reached the food a SECOND time             0      0.0% of prev      0.0% of all
                RETURN LEDGER reached food    1 of   20 ants | came back    0 | trips laden    0 empty    0 | LOOPERS    0 of   20 ants ( 0.0% of those that reached food), repeat    0, most loops by one ant   0
                BY ANCHOR AT PICKUP  anchor ON nest material:    0 loops /    0 pickups (  0.0%) | anchor OFF it:    0 /    0 (  0.0%)
                BY BIRTH SITE  born ON comb:   0 of   1 that reached food looped (  0.0%) | born OFF comb:   0 of   0 (  0.0%)
                founded x   30..68   (nest cursor 48 MATERIAL x 26..70 20 of 20 founders born on it; food 248; nearest founder 180 cells out, farthest 218, nominal gap 200)  occupancy/1k [24 15 19 18 10 2 0 0]  carry->nest       0  born    0 died   20 (starved   20)
                own trail: route pk    0 end    0 along +0.0000  B nest->food [1040,3947,6854,9762,8347]  blocked      247  kin swaps       0  ticks     15250  tumbles      4467 (homeward        0, 0.00%)  drops       0  DELIVERED     0  leg home n    0 med     0 p90     0 (laden n    0 med     0 p90     0)  appetite held         0 J of         0  trips born-on-comb    0 (20 ants) / born-off    0 (0 ants)
                channel A: PEAK amt  32585 cells  194 (of 201 route)  POLARITY|| +0.08854 && +0.08133 SPAN +0.00258 edge   6.4  end nest->food [1103,773,0,0,0]  nest   25  AtNest 11.36%
                Carrying: laden      9810  of which SPOIL      9810 (100.0%)
    DECISION CENSUS: 19565 decisions, reconciled against the rows and the engine's counters
      C1 homeward re-roll: no_usable 89, bias_off 0, no_crop 5209, empty_crop 0, no_site 0, on_anchor 597, roll_failed 178, fired 86, fired_haul 0
      C1 fired, aimed: toward 86, across 0, away 0
      C2 drop: roll_lost 1479, placed 0, delivered 598, no_room 0 -- no room on 0.0% of won rolls; handed on through bodies 0 (mean 0.0 steps)
      C3 cone: left 498, straight 5488, right 410; Turn nonzero on 124 picks (largest |Turn| 3.81e-8), discarded on 122
      leg     setting          n  stepped    felllaunched swappedcrossingreversedblocked_roll_fairoll_fai no_body
      empty   pocket         905     5.1%   25.6%    0.0%    0.0%    0.0%    0.0%    1.4%   33.7%   34.1%    0.0%
      empty   corridor      4253    40.8%    1.5%    0.0%    0.0%    0.0%    0.0%    0.2%   29.8%   27.7%    0.0%
      empty   junction      8416    37.0%    5.6%    0.0%    0.0%    0.0%    0.0%    0.3%   28.5%   28.6%    0.0%
      empty   open          1983    38.2%    9.5%    0.0%    0.0%    0.0%    0.0%    0.0%   25.8%   26.5%    0.0%
      laden   pocket          61     4.9%   59.0%    0.0%    0.0%    0.0%    0.0%    0.0%   26.2%    9.8%    0.0%
      laden   corridor       868    18.4%    0.3%    0.0%    0.0%    0.0%    0.0%    0.0%   40.9%   40.3%    0.0%
      laden   junction      1134    13.8%    0.5%    0.0%    0.0%    0.0%    0.0%    0.1%   43.8%   41.8%    0.0%
      laden   open            15    53.3%    0.0%    0.0%    0.0%    0.0%    0.0%    0.0%   20.0%   26.7%    0.0%
      spoil   pocket         966     5.6%    1.2%    0.0%    0.0%    0.0%    0.0%    5.3%   43.9%   44.0%    0.0%
      spoil   corridor       500    35.4%    0.4%    0.0%    0.0%    0.0%    0.0%    0.8%   28.2%   35.2%    0.0%
      spoil   junction       389    41.4%    3.3%    0.0%    0.0%    0.0%    0.0%    2.3%   24.9%   28.0%    0.0%
      spoil   open            75    36.0%    2.7%    0.0%    0.0%    0.0%    0.0%    0.0%   36.0%   25.3%    0.0%
    DECISIONS: rows not written (decisionnorows)
  200   22  hand    0/0         1869     3330    23172    12468     8940    3/21        1         3 3 11 4 0
                A READ  ant-readable homeward along >= 0.02 on  45.2% of route-cell samples | FOODWARD  12.7% | plane lit on  64.0% | peak amt  33286 cells 196
                THE LOOP, ANT BY ANT:
                  0. lived                                     21    100.0% of prev    100.0% of all
                  1. reached the food                           3     14.3% of prev     14.3% of all
                  2. picked food up out there                   2     66.7% of prev      9.5% of all
                  3. turned for home with it                    2    100.0% of prev      9.5% of all
                  4. got back to the nest still holding it      1     50.0% of prev      4.8% of all
                  5. PUT IT DOWN there                          1    100.0% of prev      4.8% of all
                  6. went back out again                        1    100.0% of prev      4.8% of all
                  7. reached the food a SECOND time             0      0.0% of prev      0.0% of all
                RETURN LEDGER reached food    3 of   21 ants | came back    1 | trips laden    1 empty    0 | LOOPERS    1 of   21 ants (33.3% of those that reached food), repeat    0, most loops by one ant   1
                BY ANCHOR AT PICKUP  anchor ON nest material:    1 loops /    2 pickups ( 50.0%) | anchor OFF it:    0 /    0 (  0.0%)
                BY BIRTH SITE  born ON comb:   1 of   3 that reached food looped ( 33.3%) | born OFF comb:   0 of   0 (  0.0%)
                LEGS legs[1735] laden[1735]
                founded x   30..68   (nest cursor 48 MATERIAL x 26..70 20 of 21 founders born on it; food 248; nearest founder 180 cells out, farthest 218, nominal gap 200)  occupancy/1k [45 11 18 22 12 4 2 1]  carry->nest     289  born    1 died   21 (starved   21)
                own trail: route pk   11 end    0 along +0.0000  B nest->food [1040,3968,6899,9801,8347]  blocked      115  kin swaps       0  ticks     19565  tumbles      6159 (homeward       86, 1.40%)  drops     598  DELIVERED   598  leg home n    1 med  1735 p90  1735 (laden n    1 med  1735 p90  1735)  appetite held         0 J of      6860  trips born-on-comb    1 (20 ants) / born-off    0 (1 ants)
                channel A: PEAK amt  33286 cells  196 (of 201 route)  POLARITY|| +0.07834 && +0.07183 SPAN +0.00337 edge   6.1  end nest->food [1190,699,0,0,0]  nest   25  AtNest 22.27%
                Carrying: laden     24048  of which SPOIL     11580 ( 48.2%)
    DECISION CENSUS: 15662 decisions, reconciled against the rows and the engine's counters
      C1 homeward re-roll: no_usable 86, bias_off 0, no_crop 4889, empty_crop 0, no_site 0, on_anchor 0, roll_failed 0, fired 0, fired_haul 0
      C1 fired, aimed: toward 0, across 0, away 0
      C2 drop: roll_lost 0, placed 0, delivered 0, no_room 0 -- no room on 0.0% of won rolls; handed on through bodies 0 (mean 0.0 steps)
      C3 cone: left 463, straight 4492, right 376; Turn nonzero on 96 picks (largest |Turn| 3.81e-8), discarded on 92
      leg     setting          n  stepped    felllaunched swappedcrossingreversedblocked_roll_fairoll_fai no_body
      empty   pocket        1290     6.7%   17.7%    0.0%    0.0%    0.0%    0.0%    4.0%   36.0%   35.6%    0.0%
      empty   corridor      3384    39.4%    1.7%    0.0%    0.0%    0.0%    0.0%    0.9%   29.9%   28.1%    0.0%
      empty   junction      7008    38.4%    5.0%    0.0%    0.0%    0.0%    0.0%    0.7%   27.8%   28.0%    0.0%
      empty   open          1654    41.8%    6.3%    0.0%    0.0%    0.0%    0.0%    0.0%   27.0%   24.8%    0.0%
      spoil   pocket         819    13.1%    0.6%    0.0%    0.0%    0.0%    0.0%   12.0%   38.3%   36.0%    0.0%
      spoil   corridor       867    19.6%    0.1%    0.0%    0.0%    0.0%    0.0%    1.2%   40.8%   38.3%    0.0%
      spoil   junction       550    38.9%    1.1%    0.0%    0.0%    0.0%    0.0%    2.9%   27.8%   29.3%    0.0%
      spoil   open            90    40.0%    2.2%    0.0%    0.0%    0.0%    0.0%    0.0%   31.1%   26.7%    0.0%
    DECISIONS: rows not written (decisionnorows)
  200   23  hand    0/0            0     4116     5466        0        0    1/20        0          2 9 7 2 0
                A READ  ant-readable homeward along >= 0.02 on  41.2% of route-cell samples | FOODWARD  12.0% | plane lit on  56.6% | peak amt  40221 cells 193
                THE LOOP, ANT BY ANT:
                  0. lived                                     20    100.0% of prev    100.0% of all
                  1. reached the food                           1      5.0% of prev      5.0% of all
                  2. picked food up out there                   0      0.0% of prev      0.0% of all
                  3. turned for home with it                    0      0.0% of prev      0.0% of all
                  4. got back to the nest still holding it      0      0.0% of prev      0.0% of all
                  5. PUT IT DOWN there                          0      0.0% of prev      0.0% of all
                  6. went back out again                        0      0.0% of prev      0.0% of all
                  7. reached the food a SECOND time             0      0.0% of prev      0.0% of all
                RETURN LEDGER reached food    1 of   20 ants | came back    0 | trips laden    0 empty    0 | LOOPERS    0 of   20 ants ( 0.0% of those that reached food), repeat    0, most loops by one ant   0
                BY ANCHOR AT PICKUP  anchor ON nest material:    0 loops /    0 pickups (  0.0%) | anchor OFF it:    0 /    0 (  0.0%)
                BY BIRTH SITE  born ON comb:   0 of   1 that reached food looped (  0.0%) | born OFF comb:   0 of   0 (  0.0%)
                founded x   30..68   (nest cursor 48 MATERIAL x 26..70 20 of 20 founders born on it; food 248; nearest founder 180 cells out, farthest 218, nominal gap 200)  occupancy/1k [35 12 18 16 7 1 1 0]  carry->nest       0  born    0 died   20 (starved   20)
                own trail: route pk    0 end    0 along +0.0000  B nest->food [1040,3947,6854,9762,8347]  blocked      256  kin swaps       0  ticks     15662  tumbles      4975 (homeward        0, 0.00%)  drops       0  DELIVERED     0  leg home n    0 med     0 p90     0 (laden n    0 med     0 p90     0)  appetite held         0 J of         0  trips born-on-comb    0 (20 ants) / born-off    0 (0 ants)
                channel A: PEAK amt  40221 cells  193 (of 201 route)  POLARITY|| +0.08871 && +0.08204 SPAN +0.00265 edge   6.8  end nest->food [936,1031,0,0,0]  nest   25  AtNest  9.46%
                Carrying: laden     13956  of which SPOIL     13956 (100.0%)
    DECISION CENSUS: 14017 decisions, reconciled against the rows and the engine's counters
      C1 homeward re-roll: no_usable 74, bias_off 0, no_crop 3675, empty_crop 0, no_site 0, on_anchor 0, roll_failed 0, fired 0, fired_haul 0
      C1 fired, aimed: toward 0, across 0, away 0
      C2 drop: roll_lost 0, placed 0, delivered 0, no_room 0 -- no room on 0.0% of won rolls; handed on through bodies 0 (mean 0.0 steps)
      C3 cone: left 581, straight 4435, right 435; Turn nonzero on 0 picks (largest |Turn| 0.00e0), discarded on 0
      leg     setting          n  stepped    felllaunched swappedcrossingreversedblocked_roll_fairoll_fai no_body
      empty   pocket         425     3.1%   51.5%    0.0%    0.0%    0.0%    0.0%    0.0%   21.2%   24.2%    0.0%
      empty   corridor      2093    43.3%    4.2%    0.0%    0.0%    0.0%    0.0%    0.6%   26.4%   25.6%    0.0%
      empty   junction      7706    42.6%    6.6%    0.0%    0.0%    0.0%    0.0%    0.4%   25.0%   25.4%    0.0%
      empty   open          2899    34.3%   10.4%    0.0%    0.0%    0.0%    0.0%    0.0%   28.5%   26.8%    0.0%
      spoil   pocket         341     1.8%    4.1%    0.0%    0.0%    0.0%    0.0%    1.5%   45.2%   47.5%    0.0%
      spoil   corridor        56    33.9%    5.4%    0.0%    0.0%    0.0%    0.0%   21.4%   14.3%   25.0%    0.0%
      spoil   junction       380    45.3%    2.9%    0.0%    0.0%    0.0%    0.0%    3.9%   22.6%   25.3%    0.0%
      spoil   open           117    47.0%    3.4%    0.0%    0.0%    0.0%    0.0%    0.0%   24.8%   24.8%    0.0%
    DECISIONS: rows not written (decisionnorows)
  200   24  hand    0/0            0        0     5064        0        0    0/20        0         1 4 12 3 0
                A READ  ant-readable homeward along >= 0.02 on  46.1% of route-cell samples | FOODWARD  10.0% | plane lit on  61.2% | peak amt  37667 cells 168
                THE LOOP, ANT BY ANT:
                  0. lived                                     20    100.0% of prev    100.0% of all
                  1. reached the food                           0      0.0% of prev      0.0% of all
                  2. picked food up out there                   0      0.0% of prev      0.0% of all
                  3. turned for home with it                    0      0.0% of prev      0.0% of all
                  4. got back to the nest still holding it      0      0.0% of prev      0.0% of all
                  5. PUT IT DOWN there                          0      0.0% of prev      0.0% of all
                  6. went back out again                        0      0.0% of prev      0.0% of all
                  7. reached the food a SECOND time             0      0.0% of prev      0.0% of all
                RETURN LEDGER reached food    0 of   20 ants | came back    0 | trips laden    0 empty    0 | LOOPERS    0 of   20 ants ( 0.0% of those that reached food), repeat    0, most loops by one ant   0
                BY ANCHOR AT PICKUP  anchor ON nest material:    0 loops /    0 pickups (  0.0%) | anchor OFF it:    0 /    0 (  0.0%)
                BY BIRTH SITE  born ON comb:   0 of   0 that reached food looped (  0.0%) | born OFF comb:   0 of   0 (  0.0%)
                founded x   30..68   (nest cursor 48 MATERIAL x 26..70 20 of 20 founders born on it; food 248; nearest founder 180 cells out, farthest 218, nominal gap 200)  occupancy/1k [11 13 19 19 11 7 0 0]  carry->nest       0  born    0 died   20 (starved   19)
                own trail: route pk    0 end    0 along +0.0000  B nest->food [1040,3947,6854,9762,8347]  blocked       77  kin swaps       0  ticks     14018  tumbles      3749 (homeward        0, 0.00%)  drops       0  DELIVERED     0  leg home n    0 med     0 p90     0 (laden n    0 med     0 p90     0)  appetite held         0 J of         0  trips born-on-comb    0 (20 ants) / born-off    0 (0 ants)
                channel A: PEAK amt  37667 cells  168 (of 201 route)  POLARITY|| +0.07520 && +0.06836 SPAN +0.00257 edge   6.0  end nest->food [364,579,0,0,0]  nest   25  AtNest  8.42%
                Carrying: laden      5364  of which SPOIL      5364 (100.0%)

  larder put out, over the whole sweep: 96000-96720 J, against a need near 46,800 J
    for 52 ants over 24,000 frames -- so these colonies are provisioned, not starved.
  intake off anything that is not the larder is ASSERTED to be 0 in every row, not printed.

  `self` vs `mute` is the real question: do the ants' OWN trails do anything?
  `visitors` is DISTINCT ants that reached the food over distinct ants that ever lived --
    recruitment, which `near` ant-ticks cannot see: 50 visitors and 1 resident read alike.
  `trips` is nest -> food -> nest, closed on the RETURN. `reach` buckets every ant by how
  `occupancy` is ant-ticks in 8 equal bands, NEST END FIRST, food end last -- a commuting
    colony is bimodal, a dispersing one slides its mass right, a homebody is a spike at 0.
  `carry->nest` is signed cells moved while holding larder, POSITIVE = homeward. Near zero
    means food is picked up and wandered with, which is a different fault from not finding it.
    far it ever got, as a share of the gap, so a commuting population is visible as a shape.
  `hand` vs `self` only says whether a laid ramp beats what they bootstrap.
  `hmute` is the DECAY BASELINE for `route pk`: our ramp laid, the ants silenced.
  `flatN`/`flatF` are the POLARITY metric's negative controls: a FLAT channel A blob over
    the nest half / the food half, ants' EmitA silenced. A field with no ramp in it at all.
    A correct metric reads 0 on both. POLARITY|| is predicted to read ~+0.12 and ~-0.12,
    which brackets every polarity figure in the report -- see `lay_flat`.
  `homeA` lays a channel A HOMING ramp and no food trail -- if laden ants only fail
    to route because they cannot find their way home, this is where their own B appears.
  `carry` is ant-ticks holding larder in the crop; `carry@nest` is those inside the +-26 nest band --
    that pair is the answer to "is food being carried back", which a cell census cannot give.
  `other J` must read 0 in every row: it is the check that `onlyfood` held.
  A gap where `alive` reaches 0 in every arm is measuring a dead colony, not a deaf one.
