  diet: larder=fruit onlyfood=on
  odometer A: recur=shipped emita=shipped biasa=shipped   odometer B: charb=shipped recurb=shipped emitb=shipped biasb=shipped carryb=shipped
trailfollow: mode=gap gate=shipped frames=24000 seeds=24 seed0=1 ants=20 relay=60 near=10 food=400 refill=400 stop=6000 homebias=shipped cropcap=shipped hungergate=shipped arho=shipped brho=shipped adiffuse=shipped arise=off/off tumble=shipped persist=shipped tumblegrad=shipped homewire=shipped
  gate shipped: off -45.0  on +0.5  along ±6.0
  breadoff=false decisioncsv=true dtag= COLONY_SPACING=2 STACK_DEPTH=4 layfrom=founders
  landed 2026-09-09: units 0/1 = b2 (off -45, on +0.5, along 6); units 2/3 = saturated (off -45, on +30, along 6). See open-bugs-handoff.md Z7.

  gap seed   arm     alive     ate J  arrive@    dead@    carry    @nest  visitors  trips reach 0-25-50-75-100
----- ---- ----- --------- --------- -------- -------- -------- -------- --------- ------ ------------------
    DECISION CENSUS: 65135 decisions, reconciled against the rows and the engine's counters
      C1 homeward re-roll: no_usable 88, bias_off 0, no_crop 23055, empty_crop 0, no_site 0, on_anchor 1260, roll_failed 2225, fired 1418, fired_haul 0
      C1 fired, aimed: toward 831, across 286, away 301
      C2 drop: roll_lost 10238, placed 0, delivered 1008, no_room 0 -- no room on 0.0% of won rolls; handed on through bodies 23 (mean 2.0 steps)
      C3 cone: left 637, straight 6666, right 681; Turn nonzero on 1322 picks (largest |Turn| 7.63e-8), discarded on 893
      leg     setting          n  stepped    felllaunched swappedcrossingreversedblocked_roll_fairoll_fai no_body
      empty   pocket        2468     5.5%    4.7%    0.0%    0.0%    0.0%    0.0%    3.3%   43.4%   43.1%    0.0%
      empty   corridor      6563    22.9%    0.8%    0.0%    0.0%    0.0%    0.0%    0.5%   37.9%   37.9%    0.0%
      empty   junction     29345    11.0%    1.5%    0.0%    0.0%    0.0%    0.0%    0.2%   43.4%   44.0%    0.0%
      empty   open         11225    10.1%    2.4%    0.0%    0.0%    0.0%    0.0%    0.0%   43.1%   44.4%    0.0%
      laden   pocket         579     1.0%    8.1%    0.0%    0.0%    0.0%    0.0%    0.2%   46.1%   44.6%    0.0%
      laden   corridor      3151     8.9%    0.3%    0.0%    0.0%    0.0%    0.0%    0.3%   46.8%   43.8%    0.0%
      laden   junction      5989    14.9%    1.4%    0.0%    0.0%    0.0%    0.0%    0.3%   41.6%   41.9%    0.0%
      laden   open          1840    19.8%    2.1%    0.0%    0.0%    0.0%    0.0%    0.0%   36.8%   41.4%    0.0%
      spoil   pocket        2665     2.6%    0.2%    0.0%    0.0%    0.0%    0.0%    2.1%   48.1%   47.0%    0.0%
      spoil   corridor       423    41.4%    0.2%    0.0%    0.0%    0.0%    0.0%    1.7%   26.5%   30.3%    0.0%
      spoil   junction       715    22.2%    0.7%    0.0%    0.0%    0.0%    0.0%    2.4%   39.4%   35.2%    0.0%
      spoil   open           172    26.2%    1.2%    0.0%    0.0%    0.0%    0.0%    0.0%   39.0%   33.7%    0.0%
    DECISIONS: rows not written (decisionnorows)
   90    1  hand    1/1        10121     1320        0    71000    29756   17/21       18         2 2 0 17 0
                A READ  ant-readable homeward along >= 0.02 on  58.1% of route-cell samples | FOODWARD  27.6% | plane lit on  96.7% | peak amt  39454 cells  91
                THE LOOP, ANT BY ANT:
                  0. lived                                     21    100.0% of prev    100.0% of all
                  1. reached the food                          17     81.0% of prev     81.0% of all
                  2. picked food up out there                  17    100.0% of prev     81.0% of all
                  3. turned for home with it                   16     94.1% of prev     76.2% of all
                  4. got back to the nest still holding it     15     93.8% of prev     71.4% of all
                  5. PUT IT DOWN there                         15    100.0% of prev     71.4% of all
                  6. went back out again                        9     60.0% of prev     42.9% of all
                  7. reached the food a SECOND time             1     11.1% of prev      4.8% of all
                RETURN LEDGER reached food   17 of   21 ants | came back   17 | trips laden   12 empty    6 | LOOPERS   12 of   21 ants (70.6% of those that reached food), repeat    0, most loops by one ant   1
                BY ANCHOR AT PICKUP  anchor ON nest material:   12 loops /   23 pickups ( 52.2%) | anchor OFF it:    0 /    0 (  0.0%)
                BY BIRTH SITE  born ON comb:  12 of  17 that reached food looped ( 70.6%) | born OFF comb:   0 of   0 (  0.0%)
                LEGS legs[757,649,445,997,481,721,1507,1189,481,751,2707,7831,3319,10999,10603,9739,3697,9859] laden[757,649,445,997,481,721,1507,1189,481,751,2707,3319]
                founded x   30..68   (nest cursor 48 MATERIAL x 26..70 20 of 21 founders born on it; food 138; nearest founder 70 cells out, farthest 108, nominal gap 90)  occupancy/1k [5 43 188 15 32 77 21 8]  carry->nest    1026  born    1 died   20 (starved   20)
                own trail: route pk   73 end    0 along +0.0000  B nest->food [2106,5871,7665,10539,8308]  blocked      265  kin swaps       0  ticks     65135  tumbles     28046 (homeward     1418, 5.06%)  drops    1008  DELIVERED  1008  leg home n   18 med  1507 p90  9859 (laden n   12 med   757 p90  2707)  appetite held         0 J of     37553  trips born-on-comb   18 (20 ants) / born-off    0 (1 ants)
                channel A: PEAK amt  39454 cells   91 (of 91 route)  POLARITY|| +0.07393 && +0.06919 SPAN -0.00574 edge   1.2  end nest->food [740,4199,1572,539,0]  nest   25  AtNest 21.95%
                Carrying: laden     94850  of which SPOIL     23928 ( 25.2%)
    DECISION CENSUS: 52272 decisions, reconciled against the rows and the engine's counters
      C1 homeward re-roll: no_usable 147, bias_off 0, no_crop 17453, empty_crop 0, no_site 0, on_anchor 1409, roll_failed 1849, fired 906, fired_haul 0
      C1 fired, aimed: toward 634, across 199, away 73
      C2 drop: roll_lost 7739, placed 0, delivered 1267, no_room 21 -- no room on 1.6% of won rolls; handed on through bodies 88 (mean 2.0 steps)
      C3 cone: left 713, straight 6621, right 716; Turn nonzero on 1128 picks (largest |Turn| 7.63e-8), discarded on 606
      leg     setting          n  stepped    felllaunched swappedcrossingreversedblocked_roll_fairoll_fai no_body
      empty   pocket        5918     4.4%    2.7%    0.0%    0.0%    0.0%    0.0%    2.1%   45.8%   45.0%    0.0%
      empty   corridor      8351    11.9%    0.9%    0.0%    0.0%    0.0%    0.0%    0.3%   43.0%   43.9%    0.0%
      empty   junction     17503    18.4%    2.8%    0.0%    0.0%    0.0%    0.0%    0.5%   39.3%   39.0%    0.0%
      empty   open          6053    27.9%    6.4%    0.0%    0.0%    0.0%    0.0%    0.0%   33.4%   32.3%    0.0%
      laden   pocket         942     1.5%    5.7%    0.0%    0.0%    0.0%    0.0%    0.5%   44.1%   48.2%    0.0%
      laden   corridor      2867     3.2%    0.5%    0.0%    0.0%    0.0%    0.0%    0.3%   47.8%   48.2%    0.0%
      laden   junction      5060    13.2%    1.1%    0.0%    0.0%    0.0%    0.0%    0.2%   43.5%   41.9%    0.0%
      laden   open           463    36.7%    6.3%    0.0%    0.0%    0.0%    0.0%    0.0%   28.3%   28.7%    0.0%
      spoil   pocket        2391    11.0%    0.1%    0.0%    0.0%    0.0%    0.0%    7.3%   41.0%   40.5%    0.0%
      spoil   corridor      1586    21.2%    0.1%    0.0%    0.0%    0.0%    0.0%    1.0%   39.8%   37.9%    0.0%
      spoil   junction       900    27.6%    1.3%    0.0%    0.0%    0.0%    0.0%    1.8%   33.4%   35.9%    0.0%
      spoil   open           238    36.6%    2.5%    0.0%    0.0%    0.0%    0.0%    0.0%   31.5%   29.4%    0.0%
    DECISIONS: rows not written (decisionnorows)
   90    2  hand    4/4         8043     1266        0    55994    22754   16/21       12         1 4 0 16 0
                A READ  ant-readable homeward along >= 0.02 on  62.7% of route-cell samples | FOODWARD  24.3% | plane lit on  97.0% | peak amt  45039 cells  91
                THE LOOP, ANT BY ANT:
                  0. lived                                     21    100.0% of prev    100.0% of all
                  1. reached the food                          16     76.2% of prev     76.2% of all
                  2. picked food up out there                  14     87.5% of prev     66.7% of all
                  3. turned for home with it                   11     78.6% of prev     52.4% of all
                  4. got back to the nest still holding it     11    100.0% of prev     52.4% of all
                  5. PUT IT DOWN there                         11    100.0% of prev     52.4% of all
                  6. went back out again                        7     63.6% of prev     33.3% of all
                  7. reached the food a SECOND time             2     28.6% of prev      9.5% of all
                RETURN LEDGER reached food   16 of   21 ants | came back   11 | trips laden    7 empty    5 | LOOPERS    7 of   21 ants (43.8% of those that reached food), repeat    0, most loops by one ant   1
                BY ANCHOR AT PICKUP  anchor ON nest material:    7 loops /   17 pickups ( 41.2%) | anchor OFF it:    0 /    0 (  0.0%)
                BY BIRTH SITE  born ON comb:   7 of  15 that reached food looped ( 46.7%) | born OFF comb:   0 of   1 (  0.0%)
                LEGS legs[763,1345,1621,1075,1597,1507,4861,2371,2821,2449,2833,721] laden[763,1345,1621,1075,1597,1507,721]
                founded x   30..68   (nest cursor 48 MATERIAL x 26..70 20 of 21 founders born on it; food 138; nearest founder 70 cells out, farthest 108, nominal gap 90)  occupancy/1k [3 77 95 16 25 43 32 18]  carry->nest     712  born    1 died   17 (starved   16)
                own trail: route pk   73 end   13 along -0.0005  B nest->food [2106,5390,7655,10402,8308]  blocked      467  kin swaps       0  ticks     52273  tumbles     21764 (homeward      906, 4.16%)  drops    1267  DELIVERED  1267  leg home n   12 med  1621 p90  2833 (laden n    7 med  1345 p90  1597)  appetite held         0 J of     30834  trips born-on-comb   12 (20 ants) / born-off    0 (1 ants)
                channel A: PEAK amt  45039 cells   91 (of 91 route)  POLARITY|| +0.09092 && +0.08595 SPAN -0.00628 edge   1.1  end nest->food [2093,9057,2689,641,0]  nest   25  AtNest 29.21%
                Carrying: laden     86684  of which SPOIL     31656 ( 36.5%)
    DECISION CENSUS: 56143 decisions, reconciled against the rows and the engine's counters
      C1 homeward re-roll: no_usable 100, bias_off 0, no_crop 18235, empty_crop 0, no_site 0, on_anchor 2382, roll_failed 1473, fired 1639, fired_haul 0
      C1 fired, aimed: toward 1216, across 387, away 36
      C2 drop: roll_lost 10776, placed 0, delivered 1706, no_room 5 -- no room on 0.3% of won rolls; handed on through bodies 61 (mean 2.1 steps)
      C3 cone: left 640, straight 5856, right 626; Turn nonzero on 1325 picks (largest |Turn| 7.63e-8), discarded on 700
      leg     setting          n  stepped    felllaunched swappedcrossingreversedblocked_roll_fairoll_fai no_body
      empty   pocket        1378     3.6%   13.6%    0.0%    0.0%    0.0%    0.0%    1.2%   39.9%   41.7%    0.0%
      empty   corridor      5857    14.6%    1.3%    0.0%    0.0%    0.0%    0.0%    0.2%   41.4%   42.5%    0.0%
      empty   junction     23468    13.0%    2.0%    0.0%    0.0%    0.0%    0.0%    0.2%   42.1%   42.7%    0.0%
      empty   open          9031    12.1%    2.6%    0.0%    0.0%    0.0%    0.0%    0.0%   42.2%   43.1%    0.0%
      laden   pocket         400     2.0%   17.0%    0.0%    0.0%    0.0%    0.0%    0.0%   41.8%   39.2%    0.0%
      laden   corridor      2168    13.8%    1.1%    0.0%    0.0%    0.0%    0.0%    0.2%   41.5%   43.4%    0.0%
      laden   junction      8056    11.8%    1.1%    0.0%    0.0%    0.0%    0.0%    0.2%   43.1%   43.8%    0.0%
      laden   open          2295    14.5%    1.8%    0.0%    0.0%    0.0%    0.0%    0.0%   43.1%   40.6%    0.0%
      spoil   pocket        2252     5.7%    0.1%    0.0%    0.0%    0.0%    0.0%    4.2%   44.2%   45.8%    0.0%
      spoil   corridor       526    28.3%    0.2%    0.0%    0.0%    0.0%    0.0%    1.1%   35.4%   35.0%    0.0%
      spoil   junction       609    23.6%    1.0%    0.0%    0.0%    0.0%    0.0%    2.5%   36.5%   36.5%    0.0%
      spoil   open           103    52.4%    2.9%    0.0%    0.0%    0.0%    0.0%    0.0%   22.3%   22.3%    0.0%
    DECISIONS: rows not written (decisionnorows)
   90    3  hand   11/11       11475      978        0    78195    60015   16/22       20         2 4 0 16 0
                A READ  ant-readable homeward along >= 0.02 on  61.0% of route-cell samples | FOODWARD  25.2% | plane lit on  98.3% | peak amt  34070 cells  91
                THE LOOP, ANT BY ANT:
                  0. lived                                     22    100.0% of prev    100.0% of all
                  1. reached the food                          16     72.7% of prev     72.7% of all
                  2. picked food up out there                  15     93.8% of prev     68.2% of all
                  3. turned for home with it                   15    100.0% of prev     68.2% of all
                  4. got back to the nest still holding it     14     93.3% of prev     63.6% of all
                  5. PUT IT DOWN there                         14    100.0% of prev     63.6% of all
                  6. went back out again                       12     85.7% of prev     54.5% of all
                  7. reached the food a SECOND time             7     58.3% of prev     31.8% of all
                RETURN LEDGER reached food   16 of   22 ants | came back   14 | trips laden   20 empty    0 | LOOPERS   14 of   22 ants (87.5% of those that reached food), repeat    6, most loops by one ant   2
                BY ANCHOR AT PICKUP  anchor ON nest material:   20 loops /   21 pickups ( 95.2%) | anchor OFF it:    0 /    0 (  0.0%)
                BY BIRTH SITE  born ON comb:  14 of  16 that reached food looped ( 87.5%) | born OFF comb:   0 of   0 (  0.0%)
                LEGS legs[553,625,607,949,859,523,673,721,535,655,973,739,757,781,1495,625,769,859,889,787] laden[553,625,607,949,859,523,673,721,535,655,973,739,757,781,1495,625,769,859,889,787]
                founded x   30..68   (nest cursor 48 MATERIAL x 26..70 20 of 22 founders born on it; food 138; nearest founder 70 cells out, farthest 108, nominal gap 90)  occupancy/1k [5 74 177 11 17 24 22 6]  carry->nest    1284  born    2 died   11 (starved    9)
                own trail: route pk   19 end   12 along -0.0001  B nest->food [2106,5583,7933,10526,8308]  blocked      214  kin swaps       0  ticks     56145  tumbles     23829 (homeward     1639, 6.88%)  drops    1706  DELIVERED  1706  leg home n   20 med   757 p90   949 (laden n   20 med   757 p90   949)  appetite held         0 J of     42073  trips born-on-comb   20 (20 ants) / born-off    0 (2 ants)
                channel A: PEAK amt  34070 cells   91 (of 91 route)  POLARITY|| +0.05696 && +0.05424 SPAN -0.00754 edge   0.4  end nest->food [1087,4970,3050,1592,21]  nest   25  AtNest 39.68%
                Carrying: laden     99497  of which SPOIL     23052 ( 23.2%)
    DECISION CENSUS: 68497 decisions, reconciled against the rows and the engine's counters
      C1 homeward re-roll: no_usable 117, bias_off 0, no_crop 24173, empty_crop 0, no_site 0, on_anchor 2200, roll_failed 1938, fired 1561, fired_haul 0
      C1 fired, aimed: toward 1129, across 79, away 353
      C2 drop: roll_lost 10540, placed 0, delivered 2010, no_room 0 -- no room on 0.0% of won rolls; handed on through bodies 107 (mean 2.0 steps)
      C3 cone: left 749, straight 5936, right 705; Turn nonzero on 1012 picks (largest |Turn| 7.63e-8), discarded on 527
      leg     setting          n  stepped    felllaunched swappedcrossingreversedblocked_roll_fairoll_fai no_body
      empty   pocket        7841     1.7%    2.3%    0.0%    0.0%    0.0%    0.0%    0.9%   47.8%   47.2%    0.0%
      empty   corridor      9413     8.5%    0.8%    0.0%    0.0%    0.0%    0.0%    0.1%   45.4%   45.1%    0.0%
      empty   junction     27556    12.0%    1.7%    0.0%    0.0%    0.0%    0.0%    0.2%   43.1%   43.0%    0.0%
      empty   open          7905    16.4%    3.6%    0.0%    0.0%    0.0%    0.0%    0.0%   39.3%   40.7%    0.0%
      laden   pocket        1376     1.8%    6.6%    0.0%    0.0%    0.0%    0.0%    0.3%   47.5%   43.8%    0.0%
      laden   corridor      1914    11.4%    1.0%    0.0%    0.0%    0.0%    0.0%    0.4%   41.6%   45.6%    0.0%
      laden   junction      8369    10.9%    1.0%    0.0%    0.0%    0.0%    0.0%    0.2%   43.7%   44.1%    0.0%
      laden   open          1450    22.4%    3.3%    0.0%    0.0%    0.0%    0.0%    0.0%   37.6%   36.7%    0.0%
      spoil   pocket         564     5.5%    1.1%    0.0%    0.0%    0.0%    0.0%    5.0%   44.3%   44.1%    0.0%
      spoil   corridor       941     9.6%    0.3%    0.0%    0.0%    0.0%    0.0%    0.5%   45.0%   44.6%    0.0%
      spoil   junction       930    20.8%    0.5%    0.0%    0.0%    0.0%    0.0%    2.0%   36.9%   39.8%    0.0%
      spoil   open           238    18.9%    2.5%    0.0%    0.0%    0.0%    0.0%    0.0%   38.2%   40.3%    0.0%
    DECISIONS: rows not written (decisionnorows)
   90    4  hand    6/6        12689      996        0    78491    49108   18/23       18         2 2 0 19 0
                A READ  ant-readable homeward along >= 0.02 on  62.5% of route-cell samples | FOODWARD  24.4% | plane lit on  98.4% | peak amt  36410 cells  91
                THE LOOP, ANT BY ANT:
                  0. lived                                     23    100.0% of prev    100.0% of all
                  1. reached the food                          18     78.3% of prev     78.3% of all
                  2. picked food up out there                  17     94.4% of prev     73.9% of all
                  3. turned for home with it                   15     88.2% of prev     65.2% of all
                  4. got back to the nest still holding it     15    100.0% of prev     65.2% of all
                  5. PUT IT DOWN there                         15    100.0% of prev     65.2% of all
                  6. went back out again                        7     46.7% of prev     30.4% of all
                  7. reached the food a SECOND time             3     42.9% of prev     13.0% of all
                RETURN LEDGER reached food   18 of   23 ants | came back   15 | trips laden   14 empty    4 | LOOPERS   13 of   23 ants (72.2% of those that reached food), repeat    1, most loops by one ant   2
                BY ANCHOR AT PICKUP  anchor ON nest material:   14 loops /   20 pickups ( 70.0%) | anchor OFF it:    0 /    0 (  0.0%)
                BY BIRTH SITE  born ON comb:  12 of  17 that reached food looped ( 70.6%) | born OFF comb:   1 of   1 (100.0%)
                LEGS legs[637,649,637,739,937,559,511,643,1441,3151,559,1585,1106,3841,4867,1579,3589,3769] laden[637,649,637,739,937,559,511,643,1441,3151,559,1585,1106,3841]
                founded x   30..68   (nest cursor 48 MATERIAL x 26..70 20 of 23 founders born on it; food 138; nearest founder 70 cells out, farthest 108, nominal gap 90)  occupancy/1k [3 161 145 22 21 23 26 5]  carry->nest    1099  born    3 died   17 (starved   12)
                own trail: route pk   29 end   14 along -0.0005  B nest->food [2106,5929,7819,10503,8308]  blocked      227  kin swaps       0  ticks     68502  tumbles     29989 (homeward     1561, 5.21%)  drops    2010  DELIVERED  2010  leg home n   18 med  1106 p90  3769 (laden n   14 med   739 p90  3151)  appetite held         0 J of     43847  trips born-on-comb   17 (20 ants) / born-off    1 (3 ants)
                channel A: PEAK amt  36410 cells   91 (of 91 route)  POLARITY|| +0.07371 && +0.07081 SPAN -0.00563 edge   0.4  end nest->food [1277,15664,2656,1186,0]  nest   25  AtNest 43.94%
                Carrying: laden     94479  of which SPOIL     16277 ( 17.2%)
    DECISION CENSUS: 56451 decisions, reconciled against the rows and the engine's counters
      C1 homeward re-roll: no_usable 179, bias_off 0, no_crop 18754, empty_crop 0, no_site 0, on_anchor 1750, roll_failed 2089, fired 1182, fired_haul 0
      C1 fired, aimed: toward 649, across 177, away 356
      C2 drop: roll_lost 9494, placed 0, delivered 1487, no_room 26 -- no room on 1.7% of won rolls; handed on through bodies 70 (mean 2.1 steps)
      C3 cone: left 719, straight 6511, right 700; Turn nonzero on 1146 picks (largest |Turn| 7.63e-8), discarded on 745
      leg     setting          n  stepped    felllaunched swappedcrossingreversedblocked_roll_fairoll_fai no_body
      empty   pocket        3324     6.0%    5.2%    0.0%    0.0%    0.0%    0.0%    3.7%   42.1%   43.0%    0.0%
      empty   corridor      5206    15.4%    1.2%    0.0%    0.0%    0.0%    0.0%    0.2%   41.1%   42.1%    0.0%
      empty   junction     24875    13.5%    2.0%    0.0%    0.0%    0.0%    0.0%    0.3%   42.1%   42.1%    0.0%
      empty   open          7900    15.0%    3.3%    0.0%    0.0%    0.0%    0.0%    0.0%   41.5%   40.3%    0.0%
      laden   pocket        1213     1.4%    8.4%    0.0%    0.0%    0.0%    0.0%    0.2%   45.3%   44.6%    0.0%
      laden   corridor      3861     5.6%    0.4%    0.0%    0.0%    0.0%    0.0%    0.3%   45.8%   47.9%    0.0%
      laden   junction      5728    15.6%    1.3%    0.0%    0.0%    0.0%    0.0%    0.3%   42.9%   39.9%    0.0%
      laden   open           652    28.1%    3.1%    0.0%    0.0%    0.0%    0.0%    0.0%   35.4%   33.4%    0.0%
      spoil   pocket        1641    21.7%    0.4%    0.0%    0.0%    0.0%    0.0%   15.5%   30.8%   31.6%    0.0%
      spoil   corridor       703    51.4%    0.0%    0.0%    0.0%    0.0%    0.0%    2.3%   21.8%   24.6%    0.0%
      spoil   junction      1051    27.2%    0.4%    0.0%    0.0%    0.0%    0.0%    2.5%   34.3%   35.7%    0.0%
      spoil   open           297    22.9%    1.3%    0.0%    0.0%    0.0%    0.0%    0.0%   36.0%   39.7%    0.0%
    DECISIONS: rows not written (decisionnorows)
   90    5  hand    8/8         8988      990        0    68733    40623   16/20       21         0 3 1 16 0
                A READ  ant-readable homeward along >= 0.02 on  62.6% of route-cell samples | FOODWARD  25.1% | plane lit on  97.8% | peak amt  36285 cells  91
                THE LOOP, ANT BY ANT:
                  0. lived                                     20    100.0% of prev    100.0% of all
                  1. reached the food                          16     80.0% of prev     80.0% of all
                  2. picked food up out there                  16    100.0% of prev     80.0% of all
                  3. turned for home with it                   16    100.0% of prev     80.0% of all
                  4. got back to the nest still holding it     15     93.8% of prev     75.0% of all
                  5. PUT IT DOWN there                         15    100.0% of prev     75.0% of all
                  6. went back out again                       12     80.0% of prev     60.0% of all
                  7. reached the food a SECOND time             9     75.0% of prev     45.0% of all
                RETURN LEDGER reached food   16 of   20 ants | came back   15 | trips laden   15 empty    6 | LOOPERS   13 of   20 ants (81.2% of those that reached food), repeat    2, most loops by one ant   2
                BY ANCHOR AT PICKUP  anchor ON nest material:   15 loops /   22 pickups ( 68.2%) | anchor OFF it:    0 /    0 (  0.0%)
                BY BIRTH SITE  born ON comb:  13 of  16 that reached food looped ( 81.2%) | born OFF comb:   0 of   0 (  0.0%)
                LEGS legs[883,595,649,595,577,661,871,745,781,919,667,625,643,721,1927,1639,6253,5983,5269,3439,3493] laden[883,595,649,595,577,661,871,745,781,919,667,625,643,721,1927]
                founded x   30..68   (nest cursor 48 MATERIAL x 26..70 20 of 20 founders born on it; food 138; nearest founder 70 cells out, farthest 108, nominal gap 90)  occupancy/1k [7 76 131 25 26 26 30 14]  carry->nest    1097  born    0 died   12 (starved    5)
                own trail: route pk   60 end    9 along -0.0000  B nest->food [2106,5380,7838,10554,8308]  blocked      537  kin swaps       0  ticks     56458  tumbles     23954 (homeward     1182, 4.93%)  drops    1487  DELIVERED  1487  leg home n   21 med   781 p90  5269 (laden n   15 med   667 p90   919)  appetite held         0 J of     37846  trips born-on-comb   21 (20 ants) / born-off    0 (0 ants)
                channel A: PEAK amt  36285 cells   91 (of 91 route)  POLARITY|| +0.07355 && +0.06975 SPAN -0.00434 edge   1.0  end nest->food [794,12318,1820,615,0]  nest   25  AtNest 30.01%
                Carrying: laden     90885  of which SPOIL     23328 ( 25.7%)
    DECISION CENSUS: 58491 decisions, reconciled against the rows and the engine's counters
      C1 homeward re-roll: no_usable 144, bias_off 0, no_crop 20578, empty_crop 0, no_site 0, on_anchor 1369, roll_failed 2021, fired 944, fired_haul 0
      C1 fired, aimed: toward 524, across 374, away 46
      C2 drop: roll_lost 8798, placed 0, delivered 1147, no_room 142 -- no room on 11.0% of won rolls; handed on through bodies 44 (mean 2.0 steps)
      C3 cone: left 653, straight 6475, right 610; Turn nonzero on 1720 picks (largest |Turn| 7.63e-8), discarded on 1350
      leg     setting          n  stepped    felllaunched swappedcrossingreversedblocked_roll_fairoll_fai no_body
      empty   pocket        2459     5.2%    8.2%    0.0%    0.0%    0.0%    0.0%    3.1%   41.5%   42.0%    0.0%
      empty   corridor      5842    25.2%    0.9%    0.0%    0.0%    0.0%    0.0%    0.4%   36.2%   37.2%    0.0%
      empty   junction     30089    10.9%    1.4%    0.0%    0.0%    0.0%    0.0%    0.2%   44.2%   43.3%    0.0%
      empty   open          6165    15.0%    2.6%    0.0%    0.0%    0.0%    0.0%    0.0%   41.3%   41.1%    0.0%
      laden   pocket        1535     0.7%    6.0%    0.0%    0.0%    0.0%    0.0%    0.1%   45.1%   48.1%    0.0%
      laden   corridor      1405    11.9%    1.3%    0.0%    0.0%    0.0%    0.0%    0.4%   44.3%   42.1%    0.0%
      laden   junction      6580    13.8%    1.1%    0.0%    0.0%    0.0%    0.0%    0.3%   42.0%   42.7%    0.0%
      laden   open           803    27.3%    3.5%    0.0%    0.0%    0.0%    0.0%    0.0%   35.1%   34.1%    0.0%
      spoil   pocket        1342     6.8%    0.7%    0.0%    0.0%    0.0%    0.0%    6.1%   44.0%   42.5%    0.0%
      spoil   corridor       728    37.1%    0.1%    0.0%    0.0%    0.0%    0.0%    2.1%   29.5%   31.2%    0.0%
      spoil   junction      1404    15.9%    0.4%    0.0%    0.0%    0.0%    0.0%    1.2%   39.8%   42.7%    0.0%
      spoil   open           139    28.8%    1.4%    0.0%    0.0%    0.0%    0.0%    0.0%   32.4%   37.4%    0.0%
    DECISIONS: rows not written (decisionnorows)
   90    6  hand    3/3         8541      936        0    61939    38005   15/21       17         0 6 0 15 0
                A READ  ant-readable homeward along >= 0.02 on  63.2% of route-cell samples | FOODWARD  24.0% | plane lit on  97.2% | peak amt  40851 cells  91
                THE LOOP, ANT BY ANT:
                  0. lived                                     21    100.0% of prev    100.0% of all
                  1. reached the food                          15     71.4% of prev     71.4% of all
                  2. picked food up out there                  15    100.0% of prev     71.4% of all
                  3. turned for home with it                   15    100.0% of prev     71.4% of all
                  4. got back to the nest still holding it     13     86.7% of prev     61.9% of all
                  5. PUT IT DOWN there                         13    100.0% of prev     61.9% of all
                  6. went back out again                       11     84.6% of prev     52.4% of all
                  7. reached the food a SECOND time             5     45.5% of prev     23.8% of all
                RETURN LEDGER reached food   15 of   21 ants | came back   13 | trips laden   14 empty    3 | LOOPERS   11 of   21 ants (73.3% of those that reached food), repeat    3, most loops by one ant   2
                BY ANCHOR AT PICKUP  anchor ON nest material:   14 loops /   18 pickups ( 77.8%) | anchor OFF it:    0 /    0 (  0.0%)
                BY BIRTH SITE  born ON comb:  11 of  15 that reached food looped ( 73.3%) | born OFF comb:   0 of   0 (  0.0%)
                LEGS legs[739,781,835,559,1285,829,865,943,709,1159,835,721,1549,1015,4411,2149,4429] laden[739,781,835,559,1285,829,865,943,709,1159,835,721,1549,1015]
                founded x   30..68   (nest cursor 48 MATERIAL x 26..70 20 of 21 founders born on it; food 138; nearest founder 70 cells out, farthest 108, nominal gap 90)  occupancy/1k [3 193 73 20 15 20 18 4]  carry->nest    1041  born    1 died   18 (starved   17)
                own trail: route pk   21 end   11 along -0.0001  B nest->food [2106,5537,7830,10515,8308]  blocked      302  kin swaps       0  ticks     58492  tumbles     25056 (homeward      944, 3.77%)  drops    1147  DELIVERED  1147  leg home n   17 med   865 p90  2149 (laden n   14 med   835 p90  1285)  appetite held         0 J of     34300  trips born-on-comb   17 (21 ants) / born-off    0 (0 ants)
                channel A: PEAK amt  40851 cells   91 (of 91 route)  POLARITY|| +0.07720 && +0.07305 SPAN -0.00512 edge   1.2  end nest->food [1134,15984,1950,518,0]  nest   25  AtNest 40.83%
                Carrying: laden     83617  of which SPOIL     21870 ( 26.2%)
    DECISION CENSUS: 64155 decisions, reconciled against the rows and the engine's counters
      C1 homeward re-roll: no_usable 59, bias_off 0, no_crop 22653, empty_crop 0, no_site 0, on_anchor 1862, roll_failed 1932, fired 2432, fired_haul 0
      C1 fired, aimed: toward 1844, across 514, away 74
      C2 drop: roll_lost 11999, placed 0, delivered 724, no_room 1040 -- no room on 59.0% of won rolls; handed on through bodies 165 (mean 2.3 steps)
      C3 cone: left 398, straight 4691, right 388; Turn nonzero on 920 picks (largest |Turn| 7.63e-8), discarded on 609
      leg     setting          n  stepped    felllaunched swappedcrossingreversedblocked_roll_fairoll_fai no_body
      empty   pocket        8353     1.7%    1.2%    0.0%    0.0%    0.0%    0.0%    1.1%   48.4%   47.8%    0.0%
      empty   corridor     10121     8.8%    0.4%    0.0%    0.0%    0.0%    0.0%    0.0%   45.3%   45.6%    0.0%
      empty   junction     28187     7.0%    1.0%    0.0%    0.0%    0.0%    0.0%    0.1%   45.4%   46.5%    0.0%
      empty   open          2445    26.3%    6.5%    0.0%    0.0%    0.0%    0.0%    0.0%   34.2%   33.0%    0.0%
      laden   pocket        1253     5.0%    7.0%    0.0%    0.0%    0.0%    0.0%    0.1%   42.1%   45.8%    0.0%
      laden   corridor      3740    13.2%    0.4%    0.0%    0.0%    0.0%    0.0%    0.1%   44.0%   42.3%    0.0%
      laden   junction      7718    10.7%    0.7%    0.0%    0.0%    0.0%    0.0%    0.1%   44.4%   44.1%    0.0%
      laden   open          1346    11.0%    1.7%    0.0%    0.0%    0.0%    0.0%    0.0%   45.5%   41.8%    0.0%
      spoil   pocket         245    11.0%    1.2%    0.0%    0.0%    0.0%    0.0%   12.7%   41.2%   33.9%    0.0%
      spoil   corridor       338    40.5%    0.6%    0.0%    0.0%    0.0%    0.0%    0.6%   27.8%   30.5%    0.0%
      spoil   junction       286    35.7%    1.7%    0.0%    0.0%    0.0%    0.0%    1.4%   26.2%   35.0%    0.0%
      spoil   open           123    26.0%    0.8%    0.0%    0.0%    0.0%    0.0%    0.0%   39.0%   34.1%    0.0%
    DECISIONS: rows not written (decisionnorows)
   90    7  hand   13/13       11022     1146        0    84343    69433   16/20       19         1 3 0 16 0
                A READ  ant-readable homeward along >= 0.02 on  61.4% of route-cell samples | FOODWARD  24.5% | plane lit on  96.7% | peak amt  31614 cells  91
                THE LOOP, ANT BY ANT:
                  0. lived                                     20    100.0% of prev    100.0% of all
                  1. reached the food                          16     80.0% of prev     80.0% of all
                  2. picked food up out there                  16    100.0% of prev     80.0% of all
                  3. turned for home with it                   16    100.0% of prev     80.0% of all
                  4. got back to the nest still holding it     16    100.0% of prev     80.0% of all
                  5. PUT IT DOWN there                         16    100.0% of prev     80.0% of all
                  6. went back out again                        7     43.8% of prev     35.0% of all
                  7. reached the food a SECOND time             3     42.9% of prev     15.0% of all
                RETURN LEDGER reached food   16 of   20 ants | came back   16 | trips laden   19 empty    0 | LOOPERS   16 of   20 ants (100.0% of those that reached food), repeat    3, most loops by one ant   2
                BY ANCHOR AT PICKUP  anchor ON nest material:   19 loops /   20 pickups ( 95.0%) | anchor OFF it:    0 /    0 (  0.0%)
                BY BIRTH SITE  born ON comb:  16 of  16 that reached food looped (100.0%) | born OFF comb:   0 of   0 (  0.0%)
                LEGS legs[679,661,1003,715,703,745,505,481,787,523,769,613,739,529,505,619,613,607,4969] laden[679,661,1003,715,703,745,505,481,787,523,769,613,739,529,505,619,613,607,4969]
                founded x   30..68   (nest cursor 48 MATERIAL x 26..70 20 of 20 founders born on it; food 138; nearest founder 70 cells out, farthest 108, nominal gap 90)  occupancy/1k [3 27 302 7 12 14 13 4]  carry->nest    1203  born    0 died    7 (starved    4)
                own trail: route pk   18 end   18 along +0.0015  B nest->food [2106,5434,7885,10502,8308]  blocked      165  kin swaps       0  ticks     64158  tumbles     28938 (homeward     2432, 8.40%)  drops     724  DELIVERED   724  leg home n   19 med   661 p90   787 (laden n   19 med   661 p90   787)  appetite held         0 J of     46408  trips born-on-comb   19 (20 ants) / born-off    0 (0 ants)
                channel A: PEAK amt  31614 cells   91 (of 91 route)  POLARITY|| +0.08200 && +0.07761 SPAN -0.00383 edge   1.6  end nest->food [900,3355,1519,434,0]  nest   25  AtNest 47.56%
                Carrying: laden     90295  of which SPOIL      6852 (  7.6%)
    DECISION CENSUS: 52540 decisions, reconciled against the rows and the engine's counters
      C1 homeward re-roll: no_usable 98, bias_off 0, no_crop 16394, empty_crop 0, no_site 0, on_anchor 2130, roll_failed 1672, fired 2024, fired_haul 0
      C1 fired, aimed: toward 1812, across 16, away 196
      C2 drop: roll_lost 10953, placed 0, delivered 1770, no_room 11 -- no room on 0.6% of won rolls; handed on through bodies 95 (mean 2.0 steps)
      C3 cone: left 737, straight 5432, right 710; Turn nonzero on 780 picks (largest |Turn| 7.63e-8), discarded on 428
      leg     setting          n  stepped    felllaunched swappedcrossingreversedblocked_roll_fairoll_fai no_body
      empty   pocket        2412     3.6%    5.5%    0.0%    0.0%    0.0%    0.0%    1.3%   45.9%   43.7%    0.0%
      empty   corridor      4152    12.3%    1.5%    0.0%    0.0%    0.0%    0.0%    0.1%   43.3%   42.8%    0.0%
      empty   junction     23649    13.2%    2.4%    0.0%    0.0%    0.0%    0.0%    0.2%   42.4%   41.8%    0.0%
      empty   open          7544    17.5%    4.3%    0.0%    0.0%    0.0%    0.0%    0.0%   38.4%   39.8%    0.0%
      laden   pocket        1748     0.9%    3.1%    0.0%    0.0%    0.0%    0.0%    0.3%   47.3%   48.5%    0.0%
      laden   corridor      1704    12.7%    1.3%    0.0%    0.0%    0.0%    0.0%    0.2%   42.5%   43.3%    0.0%
      laden   junction      7639    11.7%    1.3%    0.0%    0.0%    0.0%    0.0%    0.1%   43.2%   43.7%    0.0%
      laden   open          2251    12.5%    1.9%    0.0%    0.0%    0.0%    0.0%    0.0%   43.7%   41.9%    0.0%
      spoil   pocket         437    13.0%    0.7%    0.0%    0.0%    0.0%    0.0%    6.6%   41.2%   38.4%    0.0%
      spoil   corridor       237    24.1%    0.4%    0.0%    0.0%    0.0%    0.0%    3.4%   35.4%   36.7%    0.0%
      spoil   junction       599    38.1%    2.2%    0.0%    0.0%    0.0%    0.0%    4.8%   30.6%   24.4%    0.0%
      spoil   open           168    48.8%    3.0%    0.0%    0.0%    0.0%    0.0%    0.0%   23.8%   24.4%    0.0%
    DECISIONS: rows not written (decisionnorows)
   90    8  hand   10/10       11173     1158        0    80054    53852   18/21       18         0 2 1 18 0
                A READ  ant-readable homeward along >= 0.02 on  59.0% of route-cell samples | FOODWARD  26.1% | plane lit on  98.1% | peak amt  43398 cells  91
                THE LOOP, ANT BY ANT:
                  0. lived                                     21    100.0% of prev    100.0% of all
                  1. reached the food                          18     85.7% of prev     85.7% of all
                  2. picked food up out there                  18    100.0% of prev     85.7% of all
                  3. turned for home with it                   18    100.0% of prev     85.7% of all
                  4. got back to the nest still holding it     16     88.9% of prev     76.2% of all
                  5. PUT IT DOWN there                         16    100.0% of prev     76.2% of all
                  6. went back out again                        9     56.2% of prev     42.9% of all
                  7. reached the food a SECOND time             4     44.4% of prev     19.0% of all
                RETURN LEDGER reached food   18 of   21 ants | came back   17 | trips laden   16 empty    2 | LOOPERS   15 of   21 ants (83.3% of those that reached food), repeat    1, most loops by one ant   2
                BY ANCHOR AT PICKUP  anchor ON nest material:   16 loops /   19 pickups ( 84.2%) | anchor OFF it:    0 /    0 (  0.0%)
                BY BIRTH SITE  born ON comb:  15 of  18 that reached food looped ( 83.3%) | born OFF comb:   0 of   0 (  0.0%)
                LEGS legs[595,673,709,619,763,853,739,763,571,1975,2221,985,775,2017,1441,919,5365,7687] laden[595,673,709,619,763,853,739,763,571,1975,2221,985,775,2017,1441,919]
                founded x   30..68   (nest cursor 48 MATERIAL x 26..70 20 of 21 founders born on it; food 138; nearest founder 70 cells out, farthest 108, nominal gap 90)  occupancy/1k [6 36 174 25 18 23 24 6]  carry->nest    1140  born    1 died   11 (starved    9)
                own trail: route pk   38 end   10 along -0.0010  B nest->food [2106,5573,7865,10537,8308]  blocked      168  kin swaps       0  ticks     52542  tumbles     22318 (homeward     2024, 9.07%)  drops    1770  DELIVERED  1770  leg home n   18 med   853 p90  2221 (laden n   16 med   775 p90  2017)  appetite held         0 J of     43954  trips born-on-comb   18 (20 ants) / born-off    0 (1 ants)
                channel A: PEAK amt  43398 cells   91 (of 91 route)  POLARITY|| +0.05913 && +0.05592 SPAN -0.00691 edge   0.4  end nest->food [784,4303,2668,1428,4]  nest   25  AtNest 27.36%
                Carrying: laden     88700  of which SPOIL      8646 (  9.7%)
    DECISION CENSUS: 48885 decisions, reconciled against the rows and the engine's counters
      C1 homeward re-roll: no_usable 104, bias_off 0, no_crop 16692, empty_crop 0, no_site 0, on_anchor 2009, roll_failed 1194, fired 708, fired_haul 0
      C1 fired, aimed: toward 644, across 34, away 30
      C2 drop: roll_lost 6591, placed 0, delivered 1865, no_room 1 -- no room on 0.1% of won rolls; handed on through bodies 49 (mean 2.0 steps)
      C3 cone: left 592, straight 5416, right 530; Turn nonzero on 1377 picks (largest |Turn| 1.93e-2), discarded on 857
      leg     setting          n  stepped    felllaunched swappedcrossingreversedblocked_roll_fairoll_fai no_body
      empty   pocket        2129     5.6%    8.5%    0.0%    0.0%    0.0%    0.0%    3.9%   41.4%   40.6%    0.0%
      empty   corridor      3748    26.5%    2.1%    0.0%    0.0%    0.0%    0.0%    0.3%   35.9%   35.2%    0.0%
      empty   junction     23594    13.2%    1.9%    0.0%    0.0%    0.0%    0.0%    0.1%   41.9%   42.9%    0.0%
      empty   open          6802    13.8%    3.3%    0.0%    0.0%    0.0%    0.0%    0.0%   41.6%   41.2%    0.0%
      laden   pocket         553     0.9%    8.9%    0.0%    0.0%    0.0%    0.0%    0.2%   48.1%   42.0%    0.0%
      laden   corridor      1096    17.7%    1.2%    0.0%    0.0%    0.0%    0.0%    0.1%   41.7%   39.3%    0.0%
      laden   junction      6031     8.6%    0.9%    0.0%    0.0%    0.0%    0.0%    0.1%   45.4%   45.0%    0.0%
      laden   open          1246    12.7%    1.8%    0.0%    0.0%    0.0%    0.0%    0.0%   42.8%   42.8%    0.0%
      spoil   pocket        1660     4.5%    0.3%    0.0%    0.0%    0.0%    0.0%    3.6%   45.4%   46.3%    0.0%
      spoil   corridor      1001    18.6%    0.2%    0.0%    0.0%    0.0%    0.0%    0.7%   42.3%   38.3%    0.0%
      spoil   junction       891    23.2%    0.6%    0.0%    0.0%    0.0%    0.0%    1.9%   38.0%   36.3%    0.0%
      spoil   open           134    28.4%    2.2%    0.0%    0.0%    0.0%    0.0%    0.0%   32.1%   37.3%    0.0%
    DECISIONS: rows not written (decisionnorows)
   90    9  hand    7/7         7959      984        0    53557    34807   14/21       12         3 1 1 16 0
                A READ  ant-readable homeward along >= 0.02 on  59.2% of route-cell samples | FOODWARD  25.9% | plane lit on  97.8% | peak amt  37283 cells  91
                THE LOOP, ANT BY ANT:
                  0. lived                                     21    100.0% of prev    100.0% of all
                  1. reached the food                          14     66.7% of prev     66.7% of all
                  2. picked food up out there                  11     78.6% of prev     52.4% of all
                  3. turned for home with it                   11    100.0% of prev     52.4% of all
                  4. got back to the nest still holding it     11    100.0% of prev     52.4% of all
                  5. PUT IT DOWN there                         11    100.0% of prev     52.4% of all
                  6. went back out again                        6     54.5% of prev     28.6% of all
                  7. reached the food a SECOND time             1     16.7% of prev      4.8% of all
                RETURN LEDGER reached food   14 of   21 ants | came back   11 | trips laden    9 empty    3 | LOOPERS    8 of   21 ants (57.1% of those that reached food), repeat    1, most loops by one ant   2
                BY ANCHOR AT PICKUP  anchor ON nest material:    9 loops /   13 pickups ( 69.2%) | anchor OFF it:    0 /    0 (  0.0%)
                BY BIRTH SITE  born ON comb:   8 of  14 that reached food looped ( 57.1%) | born OFF comb:   0 of   0 (  0.0%)
                LEGS legs[619,1207,739,529,763,1219,859,1009,3973,4513,4153,721] laden[619,1207,739,529,763,1219,859,1009,721]
                founded x   30..68   (nest cursor 48 MATERIAL x 26..70 20 of 21 founders born on it; food 138; nearest founder 70 cells out, farthest 108, nominal gap 90)  occupancy/1k [21 148 47 10 17 23 18 4]  carry->nest     723  born    1 died   14 (starved   12)
                own trail: route pk   36 end   14 along +0.0013  B nest->food [2106,5170,7647,10400,8307]  blocked      210  kin swaps       0  ticks     48887  tumbles     20707 (homeward      708, 3.42%)  drops    1865  DELIVERED  1865  leg home n   12 med  1009 p90  4153 (laden n    9 med   763 p90  1207)  appetite held         0 J of     29471  trips born-on-comb   12 (20 ants) / born-off    0 (1 ants)
                channel A: PEAK amt  37283 cells   91 (of 91 route)  POLARITY|| +0.08091 && +0.07692 SPAN -0.00520 edge   1.0  end nest->food [1147,10455,1570,709,0]  nest   25  AtNest 51.81%
                Carrying: laden     75673  of which SPOIL     22470 ( 29.7%)
    DECISION CENSUS: 67560 decisions, reconciled against the rows and the engine's counters
      C1 homeward re-roll: no_usable 120, bias_off 0, no_crop 23586, empty_crop 0, no_site 0, on_anchor 2669, roll_failed 1678, fired 1768, fired_haul 0
      C1 fired, aimed: toward 1369, across 357, away 42
      C2 drop: roll_lost 12120, placed 0, delivered 1566, no_room 1 -- no room on 0.1% of won rolls; handed on through bodies 104 (mean 2.1 steps)
      C3 cone: left 595, straight 6010, right 628; Turn nonzero on 1032 picks (largest |Turn| 7.63e-8), discarded on 563
      leg     setting          n  stepped    felllaunched swappedcrossingreversedblocked_roll_fairoll_fai no_body
      empty   pocket       11087     1.4%    1.5%    0.0%    0.0%    0.0%    0.0%    0.8%   48.8%   47.5%    0.0%
      empty   corridor     14178     9.3%    0.4%    0.0%    0.0%    0.0%    0.0%    0.1%   45.0%   45.2%    0.0%
      empty   junction     21992    12.5%    1.9%    0.0%    0.0%    0.0%    0.0%    0.3%   42.9%   42.4%    0.0%
      empty   open          4895    20.3%    4.4%    0.0%    0.0%    0.0%    0.0%    0.0%   37.0%   38.4%    0.0%
      laden   pocket         315     3.5%   24.1%    0.0%    0.0%    0.0%    0.0%    0.0%   37.5%   34.9%    0.0%
      laden   corridor      2252    14.0%    0.8%    0.0%    0.0%    0.0%    0.0%    0.2%   44.0%   40.9%    0.0%
      laden   junction      9866    10.3%    0.8%    0.0%    0.0%    0.0%    0.0%    0.3%   44.2%   44.4%    0.0%
      laden   open          1673    20.6%    3.5%    0.0%    0.0%    0.0%    0.0%    0.0%   37.4%   38.5%    0.0%
      spoil   pocket         317     8.8%    1.3%    0.0%    0.0%    0.0%    0.0%   10.7%   40.7%   38.5%    0.0%
      spoil   corridor       284    36.3%    0.0%    0.0%    0.0%    0.0%    0.0%    3.2%   28.5%   32.0%    0.0%
      spoil   junction       555    27.9%    1.1%    0.0%    0.0%    0.0%    0.0%    3.6%   31.0%   36.4%    0.0%
      spoil   open           146    34.2%    0.7%    0.0%    0.0%    0.0%    0.0%    0.0%   24.7%   40.4%    0.0%
    DECISIONS: rows not written (decisionnorows)
   90   10  hand   13/13       11719     1026        0    81481    52315   18/21       19         0 3 0 18 0
                A READ  ant-readable homeward along >= 0.02 on  58.4% of route-cell samples | FOODWARD  27.5% | plane lit on  97.9% | peak amt  33389 cells  91
                THE LOOP, ANT BY ANT:
                  0. lived                                     21    100.0% of prev    100.0% of all
                  1. reached the food                          18     85.7% of prev     85.7% of all
                  2. picked food up out there                  17     94.4% of prev     81.0% of all
                  3. turned for home with it                   17    100.0% of prev     81.0% of all
                  4. got back to the nest still holding it     17    100.0% of prev     81.0% of all
                  5. PUT IT DOWN there                         17    100.0% of prev     81.0% of all
                  6. went back out again                        9     52.9% of prev     42.9% of all
                  7. reached the food a SECOND time             4     44.4% of prev     19.0% of all
                RETURN LEDGER reached food   18 of   21 ants | came back   17 | trips laden   17 empty    2 | LOOPERS   16 of   21 ants (88.9% of those that reached food), repeat    1, most loops by one ant   2
                BY ANCHOR AT PICKUP  anchor ON nest material:   17 loops /   21 pickups ( 81.0%) | anchor OFF it:    0 /    0 (  0.0%)
                BY BIRTH SITE  born ON comb:  16 of  18 that reached food looped ( 88.9%) | born OFF comb:   0 of   0 (  0.0%)
                LEGS legs[571,1231,823,943,925,643,1537,691,1297,1945,3001,805,709,589,727,751,2515,7213,961] laden[571,1231,823,943,925,643,1537,691,1297,1945,3001,805,709,589,727,751,961]
                founded x   30..68   (nest cursor 48 MATERIAL x 26..70 20 of 21 founders born on it; food 138; nearest founder 70 cells out, farthest 108, nominal gap 90)  occupancy/1k [4 87 206 9 30 30 24 7]  carry->nest    1190  born    1 died    8 (starved    6)
                own trail: route pk   72 end   18 along -0.0022  B nest->food [2106,6461,7816,10631,8308]  blocked      268  kin swaps       0  ticks     67562  tumbles     29821 (homeward     1768, 5.93%)  drops    1566  DELIVERED  1566  leg home n   19 med   925 p90  2515 (laden n   17 med   823 p90  1537)  appetite held         0 J of     45283  trips born-on-comb   19 (20 ants) / born-off    0 (1 ants)
                channel A: PEAK amt  33389 cells   91 (of 91 route)  POLARITY|| +0.06926 && +0.06549 SPAN -0.00567 edge   0.7  end nest->food [758,4389,1756,735,0]  nest   25  AtNest 32.52%
                Carrying: laden     89293  of which SPOIL      9588 ( 10.7%)
    DECISION CENSUS: 63703 decisions, reconciled against the rows and the engine's counters
      C1 homeward re-roll: no_usable 100, bias_off 0, no_crop 21953, empty_crop 0, no_site 0, on_anchor 657, roll_failed 2552, fired 1790, fired_haul 0
      C1 fired, aimed: toward 1137, across 469, away 184
      C2 drop: roll_lost 11302, placed 0, delivered 569, no_room 0 -- no room on 0.0% of won rolls; handed on through bodies 41 (mean 2.0 steps)
      C3 cone: left 767, straight 6311, right 828; Turn nonzero on 1417 picks (largest |Turn| 7.63e-8), discarded on 692
      leg     setting          n  stepped    felllaunched swappedcrossingreversedblocked_roll_fairoll_fai no_body
      empty   pocket        1837     4.0%    8.9%    0.0%    0.0%    0.0%    0.0%    2.3%   43.4%   41.3%    0.0%
      empty   corridor      7731     9.5%    0.9%    0.0%    0.0%    0.0%    0.0%    0.3%   43.6%   45.7%    0.0%
      empty   junction     26361    13.2%    1.8%    0.0%    0.0%    0.0%    0.0%    0.2%   41.6%   43.1%    0.0%
      empty   open         12757    10.7%    2.6%    0.0%    0.0%    0.0%    0.0%    0.0%   43.1%   43.5%    0.0%
      laden   pocket         440     2.0%   13.0%    0.0%    0.0%    0.0%    0.0%    1.1%   40.7%   43.2%    0.0%
      laden   corridor      2378    10.6%    1.5%    0.0%    0.0%    0.0%    0.0%    0.4%   42.0%   45.6%    0.0%
      laden   junction      7643    15.3%    1.9%    0.0%    0.0%    0.0%    0.0%    0.2%   41.9%   40.6%    0.0%
      laden   open          1639    27.1%    3.9%    0.0%    0.0%    0.0%    0.0%    0.0%   36.1%   32.9%    0.0%
      spoil   pocket         519     4.6%    2.3%    0.0%    0.0%    0.0%    0.0%    3.5%   45.5%   44.1%    0.0%
      spoil   corridor       680     6.6%    0.3%    0.0%    0.0%    0.0%    0.0%    2.6%   42.5%   47.9%    0.0%
      spoil   junction      1520    14.9%    0.5%    0.0%    0.0%    0.0%    0.0%    1.4%   41.8%   41.4%    0.0%
      spoil   open           198    34.8%    3.5%    0.0%    0.0%    0.0%    0.0%    0.0%   30.8%   30.8%    0.0%
    DECISIONS: rows not written (decisionnorows)
   90   11  hand    1/1        10425      900        0    72601    41755   18/21       25         1 1 1 18 0
                A READ  ant-readable homeward along >= 0.02 on  58.4% of route-cell samples | FOODWARD  27.7% | plane lit on  98.4% | peak amt  41955 cells  91
                THE LOOP, ANT BY ANT:
                  0. lived                                     21    100.0% of prev    100.0% of all
                  1. reached the food                          18     85.7% of prev     85.7% of all
                  2. picked food up out there                  18    100.0% of prev     85.7% of all
                  3. turned for home with it                   18    100.0% of prev     85.7% of all
                  4. got back to the nest still holding it     18    100.0% of prev     85.7% of all
                  5. PUT IT DOWN there                         18    100.0% of prev     85.7% of all
                  6. went back out again                       17     94.4% of prev     81.0% of all
                  7. reached the food a SECOND time             9     52.9% of prev     42.9% of all
                RETURN LEDGER reached food   18 of   21 ants | came back   18 | trips laden   22 empty    3 | LOOPERS   17 of   21 ants (94.4% of those that reached food), repeat    5, most loops by one ant   2
                BY ANCHOR AT PICKUP  anchor ON nest material:   22 loops /   25 pickups ( 88.0%) | anchor OFF it:    0 /    0 (  0.0%)
                BY BIRTH SITE  born ON comb:  17 of  18 that reached food looped ( 94.4%) | born OFF comb:   0 of   0 (  0.0%)
                LEGS legs[697,601,775,739,733,793,1357,1429,1159,877,1177,751,1591,781,565,2137,739,1519,2479,859,2599,5215,637,1711,1765] laden[697,601,775,739,733,793,1357,1429,1159,877,1177,751,1591,781,565,2137,739,1519,2479,859,2599,637]
                founded x   30..68   (nest cursor 48 MATERIAL x 26..70 20 of 21 founders born on it; food 138; nearest founder 70 cells out, farthest 108, nominal gap 90)  occupancy/1k [6 22 245 16 20 27 32 10]  carry->nest    1400  born    1 died   20 (starved   18)
                own trail: route pk   66 end    5 along +0.0000  B nest->food [2106,5953,7945,10632,8308]  blocked      208  kin swaps       0  ticks     63705  tumbles     27052 (homeward     1790, 6.62%)  drops     569  DELIVERED   569  leg home n   25 med   877 p90  2479 (laden n   22 med   859 p90  2137)  appetite held         0 J of     40005  trips born-on-comb   25 (20 ants) / born-off    0 (1 ants)
                channel A: PEAK amt  41955 cells   91 (of 91 route)  POLARITY|| +0.05175 && +0.04865 SPAN -0.00826 edge   0.4  end nest->food [1007,6094,2839,1605,54]  nest   25  AtNest 23.04%
                Carrying: laden     90103  of which SPOIL     23904 ( 26.5%)
    DECISION CENSUS: 66519 decisions, reconciled against the rows and the engine's counters
      C1 homeward re-roll: no_usable 155, bias_off 0, no_crop 22453, empty_crop 0, no_site 0, on_anchor 1468, roll_failed 2692, fired 1731, fired_haul 0
      C1 fired, aimed: toward 1190, across 383, away 158
      C2 drop: roll_lost 11879, placed 0, delivered 1254, no_room 2 -- no room on 0.2% of won rolls; handed on through bodies 20 (mean 2.0 steps)
      C3 cone: left 829, straight 6730, right 737; Turn nonzero on 1072 picks (largest |Turn| 7.63e-8), discarded on 507
      leg     setting          n  stepped    felllaunched swappedcrossingreversedblocked_roll_fairoll_fai no_body
      empty   pocket        2453     4.2%    8.8%    0.0%    0.0%    0.0%    0.0%    2.0%   42.8%   42.2%    0.0%
      empty   corridor      4405    16.0%    2.1%    0.0%    0.0%    0.0%    0.0%    0.5%   40.6%   40.7%    0.0%
      empty   junction     32010    12.0%    1.9%    0.0%    0.0%    0.0%    0.0%    0.2%   42.9%   43.0%    0.0%
      empty   open         11694    12.7%    2.5%    0.0%    0.0%    0.0%    0.0%    0.0%   42.5%   42.3%    0.0%
      laden   pocket         985     1.1%    8.1%    0.0%    0.0%    0.0%    0.0%    0.3%   45.3%   45.2%    0.0%
      laden   corridor      2411    16.2%    1.1%    0.0%    0.0%    0.0%    0.0%    0.4%   41.4%   41.0%    0.0%
      laden   junction      8482    10.7%    1.1%    0.0%    0.0%    0.0%    0.0%    0.3%   44.1%   43.8%    0.0%
      laden   open          1708    17.4%    3.2%    0.0%    0.0%    0.0%    0.0%    0.0%   39.4%   40.0%    0.0%
      spoil   pocket         874     9.8%    1.8%    0.0%    0.0%    0.0%    0.0%    8.7%   39.4%   40.3%    0.0%
      spoil   corridor       337    29.7%    1.5%    0.0%    0.0%    0.0%    0.0%    3.6%   28.5%   36.8%    0.0%
      spoil   junction       875    33.4%    1.3%    0.0%    0.0%    0.0%    0.0%    2.1%   30.6%   32.7%    0.0%
      spoil   open           285    32.6%    2.5%    0.0%    0.0%    0.0%    0.0%    0.0%   33.7%   31.2%    0.0%
    DECISIONS: rows not written (decisionnorows)
   90   12  hand   11/11       11563      810        0    81528    45450   18/21       21         1 2 0 18 0
                A READ  ant-readable homeward along >= 0.02 on  58.7% of route-cell samples | FOODWARD  27.1% | plane lit on  98.3% | peak amt  35172 cells  91
                THE LOOP, ANT BY ANT:
                  0. lived                                     21    100.0% of prev    100.0% of all
                  1. reached the food                          18     85.7% of prev     85.7% of all
                  2. picked food up out there                  17     94.4% of prev     81.0% of all
                  3. turned for home with it                   16     94.1% of prev     76.2% of all
                  4. got back to the nest still holding it     15     93.8% of prev     71.4% of all
                  5. PUT IT DOWN there                         15    100.0% of prev     71.4% of all
                  6. went back out again                        8     53.3% of prev     38.1% of all
                  7. reached the food a SECOND time             3     37.5% of prev     14.3% of all
                RETURN LEDGER reached food   18 of   21 ants | came back   17 | trips laden   13 empty    8 | LOOPERS   13 of   21 ants (72.2% of those that reached food), repeat    0, most loops by one ant   1
                BY ANCHOR AT PICKUP  anchor ON nest material:   13 loops /   21 pickups ( 61.9%) | anchor OFF it:    0 /    0 (  0.0%)
                BY BIRTH SITE  born ON comb:  13 of  18 that reached food looped ( 72.2%) | born OFF comb:   0 of   0 (  0.0%)
                LEGS legs[577,1075,661,763,661,907,709,745,1003,649,2401,421,2527,757,2017,4057,4141,4441,7561,10867,3733] laden[577,1075,661,763,661,907,709,745,1003,649,2401,421,757]
                founded x   30..68   (nest cursor 48 MATERIAL x 26..70 20 of 21 founders born on it; food 138; nearest founder 70 cells out, farthest 108, nominal gap 90)  occupancy/1k [4 101 166 17 28 43 27 9]  carry->nest    1064  born    1 died   10 (starved    3)
                own trail: route pk   71 end   12 along -0.0000  B nest->food [2106,6671,7801,10656,8308]  blocked      286  kin swaps       0  ticks     66526  tumbles     28499 (homeward     1731, 6.07%)  drops    1254  DELIVERED  1254  leg home n   21 med  1003 p90  4441 (laden n   13 med   745 p90  1075)  appetite held         0 J of     45021  trips born-on-comb   21 (20 ants) / born-off    0 (1 ants)
                channel A: PEAK amt  35172 cells   91 (of 91 route)  POLARITY|| +0.05968 && +0.05602 SPAN -0.00690 edge   0.4  end nest->food [657,17007,2027,1069,0]  nest   25  AtNest 16.01%
                Carrying: laden     95757  of which SPOIL     15981 ( 16.7%)
    DECISION CENSUS: 50477 decisions, reconciled against the rows and the engine's counters
      C1 homeward re-roll: no_usable 152, bias_off 0, no_crop 15955, empty_crop 0, no_site 0, on_anchor 1428, roll_failed 1571, fired 1205, fired_haul 0
      C1 fired, aimed: toward 1070, across 102, away 33
      C2 drop: roll_lost 8800, placed 0, delivered 1106, no_room 0 -- no room on 0.0% of won rolls; handed on through bodies 45 (mean 2.0 steps)
      C3 cone: left 854, straight 7184, right 809; Turn nonzero on 1919 picks (largest |Turn| 1.14e-7), discarded on 1110
      leg     setting          n  stepped    felllaunched swappedcrossingreversedblocked_roll_fairoll_fai no_body
      empty   pocket        1992     7.0%   12.1%    0.0%    0.0%    0.0%    0.0%    3.8%   39.9%   37.3%    0.0%
      empty   corridor      2831    31.8%    3.3%    0.0%    0.0%    0.0%    0.0%    1.6%   32.1%   31.2%    0.0%
      empty   junction     20015    19.7%    2.8%    0.0%    0.0%    0.0%    0.0%    0.5%   38.6%   38.4%    0.0%
      empty   open         12231    13.1%    3.3%    0.0%    0.0%    0.0%    0.0%    0.0%   41.9%   41.6%    0.0%
      laden   pocket         361     2.8%   18.6%    0.0%    0.0%    0.0%    0.0%    0.3%   37.1%   41.3%    0.0%
      laden   corridor      1703    12.5%    0.8%    0.0%    0.0%    0.0%    0.0%    0.2%   42.9%   43.6%    0.0%
      laden   junction      5856    14.3%    1.9%    0.0%    0.0%    0.0%    0.0%    0.3%   42.3%   41.2%    0.0%
      laden   open          2265    14.7%    3.1%    0.2%    0.0%    0.0%    0.0%    0.0%   39.4%   42.6%    0.0%
      spoil   pocket        1190    15.6%    0.7%    0.0%    0.0%    0.0%    0.0%   13.3%   37.2%   33.2%    0.0%
      spoil   corridor       519    48.9%    0.6%    0.0%    0.0%    0.0%    0.0%    3.5%   24.3%   22.7%    0.0%
      spoil   junction      1140    29.1%    0.5%    0.0%    0.0%    0.0%    0.0%    2.4%   33.0%   35.0%    0.0%
      spoil   open           374    24.9%    0.8%    0.0%    0.0%    0.0%    0.0%    0.0%   36.6%   37.7%    0.0%
    DECISIONS: rows not written (decisionnorows)
   90   13  hand    7/7        12681     1044        0    61866    30691   17/25       13         3 1 0 21 0
                A READ  ant-readable homeward along >= 0.02 on  58.3% of route-cell samples | FOODWARD  26.6% | plane lit on  98.1% | peak amt  38745 cells  91
                THE LOOP, ANT BY ANT:
                  0. lived                                     25    100.0% of prev    100.0% of all
                  1. reached the food                          17     68.0% of prev     68.0% of all
                  2. picked food up out there                  14     82.4% of prev     56.0% of all
                  3. turned for home with it                   13     92.9% of prev     52.0% of all
                  4. got back to the nest still holding it     12     92.3% of prev     48.0% of all
                  5. PUT IT DOWN there                         12    100.0% of prev     48.0% of all
                  6. went back out again                       12    100.0% of prev     48.0% of all
                  7. reached the food a SECOND time             6     50.0% of prev     24.0% of all
                RETURN LEDGER reached food   17 of   25 ants | came back   12 | trips laden   13 empty    0 | LOOPERS   12 of   25 ants (70.6% of those that reached food), repeat    1, most loops by one ant   2
                BY ANCHOR AT PICKUP  anchor ON nest material:   13 loops /   18 pickups ( 72.2%) | anchor OFF it:    0 /    3 (  0.0%)
                BY BIRTH SITE  born ON comb:  12 of  16 that reached food looped ( 75.0%) | born OFF comb:   0 of   1 (  0.0%)
                LEGS legs[541,637,511,847,445,949,625,925,1111,1003,673,1405,1777] laden[541,637,511,847,445,949,625,925,1111,1003,673,1405,1777]
                founded x   30..68   (nest cursor 48 MATERIAL x 26..70 20 of 25 founders born on it; food 138; nearest founder 70 cells out, farthest 108, nominal gap 90)  occupancy/1k [17 72 51 12 24 34 78 12]  carry->nest     895  born    5 died   18 (starved   15)
                own trail: route pk   74 end   21 along +0.0263  B nest->food [2106,5811,7792,10500,8308]  blocked      441  kin swaps       0  ticks     50581  tumbles     20311 (homeward     1205, 5.93%)  drops    1106  DELIVERED  1106  leg home n   13 med   847 p90  1405 (laden n   13 med   847 p90  1405)  appetite held         0 J of     33130  trips born-on-comb   13 (21 ants) / born-off    0 (4 ants)
                channel A: PEAK amt  38745 cells   91 (of 91 route)  POLARITY|| +0.06736 && +0.06435 SPAN -0.00587 edge   0.4  end nest->food [1379,21385,3465,1274,0]  nest   25  AtNest 24.07%
                Carrying: laden     81254  of which SPOIL     20176 ( 24.8%)
    DECISION CENSUS: 64686 decisions, reconciled against the rows and the engine's counters
      C1 homeward re-roll: no_usable 122, bias_off 0, no_crop 22910, empty_crop 0, no_site 0, on_anchor 2919, roll_failed 1766, fired 910, fired_haul 0
      C1 fired, aimed: toward 676, across 56, away 178
      C2 drop: roll_lost 10303, placed 0, delivered 2066, no_room 0 -- no room on 0.0% of won rolls; handed on through bodies 69 (mean 2.0 steps)
      C3 cone: left 605, straight 5464, right 590; Turn nonzero on 931 picks (largest |Turn| 7.63e-8), discarded on 606
      leg     setting          n  stepped    felllaunched swappedcrossingreversedblocked_roll_fairoll_fai no_body
      empty   pocket        2808     3.3%    8.9%    0.0%    0.0%    0.0%    0.0%    1.5%   43.2%   43.1%    0.0%
      empty   corridor      6207    15.1%    0.9%    0.0%    0.0%    0.0%    0.0%    0.6%   41.5%   41.9%    0.0%
      empty   junction     28428    10.7%    1.2%    0.0%    0.0%    0.0%    0.0%    0.2%   44.0%   43.8%    0.0%
      empty   open         11907     6.8%    1.4%    0.0%    0.0%    0.0%    0.0%    0.0%   46.0%   45.8%    0.0%
      laden   pocket        1329     1.0%    3.5%    0.0%    0.0%    0.0%    0.0%    0.7%   47.0%   47.9%    0.0%
      laden   corridor      1638    17.6%    0.5%    0.0%    0.0%    0.0%    0.0%    0.1%   41.2%   40.5%    0.0%
      laden   junction      6925    12.2%    1.1%    0.0%    0.0%    0.0%    0.0%    0.3%   43.2%   43.3%    0.0%
      laden   open          2846     7.6%    0.8%    0.0%    0.0%    0.0%    0.0%    0.0%   44.3%   47.3%    0.0%
      spoil   pocket         586     6.5%    0.9%    0.0%    0.0%    0.0%    0.0%    5.3%   44.5%   42.8%    0.0%
      spoil   corridor       382    21.7%    0.3%    0.0%    0.0%    0.0%    0.0%    3.4%   38.5%   36.1%    0.0%
      spoil   junction      1071    23.1%    0.3%    0.0%    0.0%    0.0%    0.0%    2.5%   35.9%   38.2%    0.0%
      spoil   open           559     9.7%    0.4%    0.0%    0.0%    0.0%    0.0%    0.0%   46.7%   43.3%    0.0%
    DECISIONS: rows not written (decisionnorows)
   90   14  hand   11/11       11108      942        0    76429    50971   13/21       15         0 5 0 16 0
                A READ  ant-readable homeward along >= 0.02 on  63.0% of route-cell samples | FOODWARD  25.4% | plane lit on  97.5% | peak amt  48932 cells  91
                THE LOOP, ANT BY ANT:
                  0. lived                                     21    100.0% of prev    100.0% of all
                  1. reached the food                          13     61.9% of prev     61.9% of all
                  2. picked food up out there                  12     92.3% of prev     57.1% of all
                  3. turned for home with it                   12    100.0% of prev     57.1% of all
                  4. got back to the nest still holding it     12    100.0% of prev     57.1% of all
                  5. PUT IT DOWN there                         12    100.0% of prev     57.1% of all
                  6. went back out again                        7     58.3% of prev     33.3% of all
                  7. reached the food a SECOND time             7    100.0% of prev     33.3% of all
                RETURN LEDGER reached food   13 of   21 ants | came back   12 | trips laden   13 empty    2 | LOOPERS   10 of   21 ants (76.9% of those that reached food), repeat    3, most loops by one ant   2
                BY ANCHOR AT PICKUP  anchor ON nest material:   13 loops /   19 pickups ( 68.4%) | anchor OFF it:    0 /    0 (  0.0%)
                BY BIRTH SITE  born ON comb:  10 of  13 that reached food looped ( 76.9%) | born OFF comb:   0 of   0 (  0.0%)
                LEGS legs[469,667,475,667,451,517,1027,991,583,1147,925,1525,1225,5005,3967] laden[469,667,475,667,451,517,1027,991,583,1147,925,1525,1225]
                founded x   30..68   (nest cursor 48 MATERIAL x 26..70 20 of 21 founders born on it; food 138; nearest founder 70 cells out, farthest 108, nominal gap 90)  occupancy/1k [3 76 210 21 23 31 17 4]  carry->nest    1040  born    1 died   10 (starved    7)
                own trail: route pk   71 end   12 along +0.0012  B nest->food [2106,5648,7870,10496,8308]  blocked      232  kin swaps       0  ticks     64689  tumbles     28627 (homeward      910, 3.18%)  drops    2066  DELIVERED  2066  leg home n   15 med   925 p90  3967 (laden n   13 med   667 p90  1225)  appetite held         0 J of     42552  trips born-on-comb   15 (20 ants) / born-off    0 (1 ants)
                channel A: PEAK amt  48932 cells   91 (of 91 route)  POLARITY|| +0.08388 && +0.07962 SPAN -0.00435 edge   1.1  end nest->food [1308,7991,2528,717,0]  nest   25  AtNest 41.18%
                Carrying: laden     92018  of which SPOIL     20299 ( 22.1%)
    DECISION CENSUS: 63282 decisions, reconciled against the rows and the engine's counters
      C1 homeward re-roll: no_usable 43, bias_off 0, no_crop 21447, empty_crop 0, no_site 0, on_anchor 1779, roll_failed 2106, fired 2470, fired_haul 0
      C1 fired, aimed: toward 1430, across 251, away 789
      C2 drop: roll_lost 12313, placed 0, delivered 1520, no_room 1 -- no room on 0.1% of won rolls; handed on through bodies 110 (mean 2.3 steps)
      C3 cone: left 563, straight 5778, right 534; Turn nonzero on 1231 picks (largest |Turn| 7.63e-8), discarded on 712
      leg     setting          n  stepped    felllaunched swappedcrossingreversedblocked_roll_fairoll_fai no_body
      empty   pocket        5574     2.6%    2.1%    0.0%    0.0%    0.0%    0.0%    1.4%   46.0%   47.8%    0.0%
      empty   corridor     10824    13.5%    0.4%    0.0%    0.0%    0.0%    0.0%    0.2%   42.6%   43.3%    0.0%
      empty   junction     25667    10.0%    1.4%    0.0%    0.0%    0.0%    0.0%    0.1%   44.5%   44.0%    0.0%
      empty   open          3730    22.7%    5.7%    0.0%    0.0%    0.0%    0.0%    0.0%   36.1%   35.5%    0.0%
      laden   pocket         605     3.1%    8.4%    0.0%    0.0%    0.0%    0.0%    0.0%   44.0%   44.5%    0.0%
      laden   corridor      2787    10.3%    0.5%    0.0%    0.0%    0.0%    0.0%    0.6%   44.6%   44.0%    0.0%
      laden   junction      9702     7.6%    0.8%    0.0%    0.0%    0.0%    0.0%    0.2%   45.7%   45.8%    0.0%
      laden   open          1149    21.8%    5.7%    0.0%    0.0%    0.0%    0.0%    0.0%   36.3%   36.2%    0.0%
      spoil   pocket        1083     7.4%    1.2%    0.0%    0.0%    0.0%    0.0%    6.2%   42.0%   43.2%    0.0%
      spoil   corridor       805    26.5%    0.4%    0.0%    0.0%    0.0%    0.0%    1.5%   35.4%   36.3%    0.0%
      spoil   junction      1179    16.1%    0.8%    0.0%    0.0%    0.0%    0.0%    1.8%   41.7%   39.5%    0.0%
      spoil   open           177    36.7%    0.6%    0.0%    0.0%    0.0%    0.0%    0.0%   29.4%   33.3%    0.0%
    DECISIONS: rows not written (decisionnorows)
   90   15  hand   12/12       13160     1014        0    87927    55561   18/22       14         1 2 0 19 0
                A READ  ant-readable homeward along >= 0.02 on  58.2% of route-cell samples | FOODWARD  27.5% | plane lit on  97.3% | peak amt  35227 cells  91
                THE LOOP, ANT BY ANT:
                  0. lived                                     22    100.0% of prev    100.0% of all
                  1. reached the food                          18     81.8% of prev     81.8% of all
                  2. picked food up out there                  18    100.0% of prev     81.8% of all
                  3. turned for home with it                   14     77.8% of prev     63.6% of all
                  4. got back to the nest still holding it     14    100.0% of prev     63.6% of all
                  5. PUT IT DOWN there                         14    100.0% of prev     63.6% of all
                  6. went back out again                       11     78.6% of prev     50.0% of all
                  7. reached the food a SECOND time             0      0.0% of prev      0.0% of all
                RETURN LEDGER reached food   18 of   22 ants | came back   14 | trips laden   14 empty    0 | LOOPERS   14 of   22 ants (77.8% of those that reached food), repeat    0, most loops by one ant   1
                BY ANCHOR AT PICKUP  anchor ON nest material:   14 loops /   16 pickups ( 87.5%) | anchor OFF it:    0 /    3 (  0.0%)
                BY BIRTH SITE  born ON comb:  14 of  16 that reached food looped ( 87.5%) | born OFF comb:   0 of   2 (  0.0%)
                LEGS legs[607,919,1357,637,1051,595,829,973,1243,565,613,1525,2611,799] laden[607,919,1357,637,1051,595,829,973,1243,565,613,1525,2611,799]
                founded x   30..68   (nest cursor 48 MATERIAL x 26..70 20 of 22 founders born on it; food 138; nearest founder 70 cells out, farthest 108, nominal gap 90)  occupancy/1k [5 47 232 11 14 16 33 23]  carry->nest     904  born    2 died   10 (starved    4)
                own trail: route pk   33 end   29 along +0.0075  B nest->food [2106,5093,7697,10362,8308]  blocked      263  kin swaps       0  ticks     63288  tumbles     27845 (homeward     2470, 8.87%)  drops    1520  DELIVERED  1520  leg home n   14 med   919 p90  1525 (laden n   14 med   919 p90  1525)  appetite held         0 J of     46503  trips born-on-comb   14 (20 ants) / born-off    0 (2 ants)
                channel A: PEAK amt  35227 cells   91 (of 91 route)  POLARITY|| +0.07391 && +0.06962 SPAN -0.00658 edge   1.0  end nest->food [977,9506,2256,656,0]  nest   25  AtNest 27.74%
                Carrying: laden    107443  of which SPOIL     26866 ( 25.0%)
    DECISION CENSUS: 49933 decisions, reconciled against the rows and the engine's counters
      C1 homeward re-roll: no_usable 159, bias_off 0, no_crop 15338, empty_crop 0, no_site 0, on_anchor 2196, roll_failed 1600, fired 994, fired_haul 0
      C1 fired, aimed: toward 786, across 72, away 136
      C2 drop: roll_lost 9900, placed 0, delivered 995, no_room 0 -- no room on 0.0% of won rolls; handed on through bodies 24 (mean 2.0 steps)
      C3 cone: left 871, straight 6716, right 809; Turn nonzero on 1067 picks (largest |Turn| 7.63e-8), discarded on 673
      leg     setting          n  stepped    felllaunched swappedcrossingreversedblocked_roll_fairoll_fai no_body
      empty   pocket        2904     6.4%    8.0%    0.0%    0.0%    0.0%    0.0%    3.2%   42.7%   39.8%    0.0%
      empty   corridor      2503    34.7%    3.2%    0.0%    0.0%    0.0%    0.0%    1.3%   30.0%   30.8%    0.0%
      empty   junction     20644    16.8%    2.8%    0.0%    0.0%    0.0%    0.0%    0.4%   40.2%   39.9%    0.0%
      empty   open          9830    16.9%    3.7%    0.0%    0.0%    0.0%    0.0%    0.0%   40.0%   39.4%    0.0%
      laden   pocket        1374     0.9%    5.7%    0.0%    0.0%    0.0%    0.0%    0.4%   46.4%   46.6%    0.0%
      laden   corridor       853    21.8%    2.3%    0.0%    0.0%    0.0%    0.0%    0.6%   37.3%   38.0%    0.0%
      laden   junction      4623    17.0%    2.1%    0.0%    0.0%    0.0%    0.0%    0.5%   40.6%   39.7%    0.0%
      laden   open          4310     9.4%    1.6%    0.0%    0.0%    0.0%    0.0%    0.0%   45.1%   43.8%    0.0%
      spoil   pocket        1260    13.3%    0.5%    0.0%    0.0%    0.0%    0.0%    9.8%   35.9%   40.6%    0.0%
      spoil   corridor       663    45.7%    0.2%    0.0%    0.0%    0.0%    0.0%    3.2%   24.0%   27.0%    0.0%
      spoil   junction       708    38.0%    1.1%    0.0%    0.0%    0.0%    0.0%    3.5%   28.8%   28.5%    0.0%
      spoil   open           261    34.1%    3.1%    0.0%    0.0%    0.0%    0.0%    0.0%   30.3%   32.6%    0.0%
    DECISIONS: rows not written (decisionnorows)
   90   16  hand    6/6        11914      888        0    65722    39646   16/23       15         5 1 1 16 0
                A READ  ant-readable homeward along >= 0.02 on  60.5% of route-cell samples | FOODWARD  25.6% | plane lit on  98.3% | peak amt  43144 cells  91
                THE LOOP, ANT BY ANT:
                  0. lived                                     23    100.0% of prev    100.0% of all
                  1. reached the food                          16     69.6% of prev     69.6% of all
                  2. picked food up out there                  16    100.0% of prev     69.6% of all
                  3. turned for home with it                   14     87.5% of prev     60.9% of all
                  4. got back to the nest still holding it     13     92.9% of prev     56.5% of all
                  5. PUT IT DOWN there                         13    100.0% of prev     56.5% of all
                  6. went back out again                       11     84.6% of prev     47.8% of all
                  7. reached the food a SECOND time             6     54.5% of prev     26.1% of all
                RETURN LEDGER reached food   16 of   23 ants | came back   13 | trips laden   15 empty    0 | LOOPERS   13 of   23 ants (81.2% of those that reached food), repeat    2, most loops by one ant   2
                BY ANCHOR AT PICKUP  anchor ON nest material:   15 loops /   22 pickups ( 68.2%) | anchor OFF it:    0 /    0 (  0.0%)
                BY BIRTH SITE  born ON comb:  13 of  16 that reached food looped ( 81.2%) | born OFF comb:   0 of   0 (  0.0%)
                LEGS legs[589,871,559,1009,715,475,565,919,601,595,811,1543,751,835,661] laden[589,871,559,1009,715,475,565,919,601,595,811,1543,751,835,661]
                founded x   30..68   (nest cursor 48 MATERIAL x 26..70 20 of 23 founders born on it; food 138; nearest founder 70 cells out, farthest 108, nominal gap 90)  occupancy/1k [4 89 78 17 23 55 23 4]  carry->nest    1090  born    3 died   17 (starved   14)
                own trail: route pk   76 end   12 along -0.0063  B nest->food [2106,6260,7791,10675,8308]  blocked      401  kin swaps       0  ticks     49936  tumbles     20287 (homeward      994, 4.90%)  drops     995  DELIVERED   995  leg home n   15 med   715 p90  1009 (laden n   15 med   715 p90  1009)  appetite held         0 J of     36195  trips born-on-comb   15 (20 ants) / born-off    0 (3 ants)
                channel A: PEAK amt  43144 cells   91 (of 91 route)  POLARITY|| +0.06771 && +0.06502 SPAN -0.00736 edge   0.4  end nest->food [1168,5457,3095,1607,5]  nest   25  AtNest 23.63%
                Carrying: laden     83074  of which SPOIL     18102 ( 21.8%)
    DECISION CENSUS: 76468 decisions, reconciled against the rows and the engine's counters
      C1 homeward re-roll: no_usable 94, bias_off 0, no_crop 28155, empty_crop 0, no_site 0, on_anchor 533, roll_failed 2878, fired 3046, fired_haul 0
      C1 fired, aimed: toward 1844, across 753, away 449
      C2 drop: roll_lost 14016, placed 0, delivered 568, no_room 0 -- no room on 0.0% of won rolls; handed on through bodies 73 (mean 2.1 steps)
      C3 cone: left 562, straight 5009, right 547; Turn nonzero on 932 picks (largest |Turn| 7.63e-8), discarded on 494
      leg     setting          n  stepped    felllaunched swappedcrossingreversedblocked_roll_fairoll_fai no_body
      empty   pocket        2274     2.5%    7.1%    0.0%    0.0%    0.0%    0.0%    0.7%   44.1%   45.6%    0.0%
      empty   corridor      7839     8.6%    0.8%    0.0%    0.0%    0.0%    0.0%    0.2%   45.7%   44.6%    0.0%
      empty   junction     35243     7.3%    0.9%    0.0%    0.0%    0.0%    0.0%    0.1%   45.6%   46.1%    0.0%
      empty   open         14111     7.3%    1.8%    0.0%    0.0%    0.0%    0.0%    0.0%   45.7%   45.2%    0.0%
      laden   pocket         767     0.5%   10.8%    0.0%    0.0%    0.0%    0.0%    0.3%   46.0%   42.4%    0.0%
      laden   corridor      2646    10.4%    1.1%    0.0%    0.0%    0.0%    0.0%    0.3%   44.1%   44.1%    0.0%
      laden   junction      8651    11.1%    1.0%    0.0%    0.0%    0.0%    0.0%    0.2%   43.5%   44.2%    0.0%
      laden   open          2638    11.1%    2.2%    0.0%    0.0%    0.0%    0.0%    0.0%   44.3%   42.4%    0.0%
      spoil   pocket         821     1.7%    0.0%    0.0%    0.0%    0.0%    0.0%    2.2%   46.8%   49.3%    0.0%
      spoil   corridor       148    23.6%    0.7%    0.0%    0.0%    0.0%    0.0%    6.8%   35.8%   33.1%    0.0%
      spoil   junction       856    15.8%    0.1%    0.0%    0.0%    0.0%    0.0%    0.9%   44.6%   38.6%    0.0%
      spoil   open           474     9.3%    0.4%    0.0%    0.0%    0.0%    0.0%    0.0%   46.4%   43.9%    0.0%
    DECISIONS: rows not written (decisionnorows)
   90   17  hand   18/18       12735      762        0    88219    67351   18/22       22         1 3 0 18 0
                A READ  ant-readable homeward along >= 0.02 on  59.0% of route-cell samples | FOODWARD  26.5% | plane lit on  98.5% | peak amt  35156 cells  91
                THE LOOP, ANT BY ANT:
                  0. lived                                     22    100.0% of prev    100.0% of all
                  1. reached the food                          18     81.8% of prev     81.8% of all
                  2. picked food up out there                  18    100.0% of prev     81.8% of all
                  3. turned for home with it                   17     94.4% of prev     77.3% of all
                  4. got back to the nest still holding it     17    100.0% of prev     77.3% of all
                  5. PUT IT DOWN there                         17    100.0% of prev     77.3% of all
                  6. went back out again                        9     52.9% of prev     40.9% of all
                  7. reached the food a SECOND time             5     55.6% of prev     22.7% of all
                RETURN LEDGER reached food   18 of   22 ants | came back   17 | trips laden   21 empty    1 | LOOPERS   17 of   22 ants (94.4% of those that reached food), repeat    4, most loops by one ant   2
                BY ANCHOR AT PICKUP  anchor ON nest material:   21 loops /   22 pickups ( 95.5%) | anchor OFF it:    0 /    0 (  0.0%)
                BY BIRTH SITE  born ON comb:  17 of  18 that reached food looped ( 94.4%) | born OFF comb:   0 of   0 (  0.0%)
                LEGS legs[991,493,1261,715,1015,1273,667,949,739,757,643,577,493,517,739,637,505,571,715,727,2071,2149] laden[991,493,1261,715,1015,1273,667,949,739,757,643,577,493,517,739,637,505,571,715,727,2071]
                founded x   30..68   (nest cursor 48 MATERIAL x 26..70 20 of 22 founders born on it; food 138; nearest founder 70 cells out, farthest 108, nominal gap 90)  occupancy/1k [11 178 191 12 15 22 18 8]  carry->nest    1273  born    2 died    4 (starved    2)
                own trail: route pk   48 end   14 along +0.0083  B nest->food [2106,5917,7880,10517,8309]  blocked      118  kin swaps       0  ticks     76470  tumbles     34706 (homeward     3046, 8.78%)  drops     568  DELIVERED   568  leg home n   22 med   727 p90  1273 (laden n   21 med   715 p90  1261)  appetite held         0 J of     48535  trips born-on-comb   22 (20 ants) / born-off    0 (2 ants)
                channel A: PEAK amt  35156 cells   91 (of 91 route)  POLARITY|| +0.06010 && +0.05721 SPAN -0.00328 edge   0.6  end nest->food [646,9338,1764,866,0]  nest   25  AtNest 30.51%
                Carrying: laden    102013  of which SPOIL     14046 ( 13.8%)
    DECISION CENSUS: 67624 decisions, reconciled against the rows and the engine's counters
      C1 homeward re-roll: no_usable 99, bias_off 0, no_crop 24302, empty_crop 0, no_site 0, on_anchor 1445, roll_failed 2482, fired 1425, fired_haul 0
      C1 fired, aimed: toward 1080, across 284, away 61
      C2 drop: roll_lost 11170, placed 0, delivered 1292, no_room 0 -- no room on 0.0% of won rolls; handed on through bodies 24 (mean 2.0 steps)
      C3 cone: left 694, straight 5635, right 698; Turn nonzero on 1509 picks (largest |Turn| 1.14e-7), discarded on 796
      leg     setting          n  stepped    felllaunched swappedcrossingreversedblocked_roll_fairoll_fai no_body
      empty   pocket        1518     3.9%    8.4%    0.0%    0.0%    0.0%    0.0%    1.4%   43.9%   42.4%    0.0%
      empty   corridor      3258    17.9%    2.1%    0.0%    0.0%    0.0%    0.0%    0.4%   40.1%   39.5%    0.0%
      empty   junction     33782     9.3%    1.5%    0.0%    0.0%    0.0%    0.0%    0.1%   44.6%   44.5%    0.0%
      empty   open         14774     7.9%    2.1%    0.0%    0.0%    0.0%    0.0%    0.0%   44.8%   45.2%    0.0%
      laden   pocket         646     1.9%   13.0%    0.0%    0.0%    0.0%    0.0%    0.6%   46.1%   38.4%    0.0%
      laden   corridor      1683    13.5%    1.1%    0.0%    0.0%    0.0%    0.0%    0.6%   43.1%   41.7%    0.0%
      laden   junction      8104    14.6%    1.5%    0.0%    0.0%    0.0%    0.0%    0.4%   42.1%   41.4%    0.0%
      laden   open          2353    18.6%    2.9%    0.0%    0.0%    0.0%    0.0%    0.0%   38.6%   39.9%    0.0%
      spoil   pocket         485     2.1%    0.6%    0.0%    0.0%    0.0%    0.0%    1.9%   47.8%   47.6%    0.0%
      spoil   corridor       103    22.3%    0.0%    0.0%    0.0%    0.0%    0.0%    1.9%   27.2%   48.5%    0.0%
      spoil   junction       697    19.9%    0.1%    0.0%    0.0%    0.0%    0.0%    2.4%   40.0%   37.4%    0.0%
      spoil   open           221    19.5%    0.9%    0.0%    0.0%    0.0%    0.0%    0.0%   37.1%   42.5%    0.0%
    DECISIONS: rows not written (decisionnorows)
   90   18  hand    5/5        11947     1182        0    76723    44113   20/22       23         1 1 0 20 0
                A READ  ant-readable homeward along >= 0.02 on  58.4% of route-cell samples | FOODWARD  26.4% | plane lit on  97.5% | peak amt  47601 cells  91
                THE LOOP, ANT BY ANT:
                  0. lived                                     22    100.0% of prev    100.0% of all
                  1. reached the food                          20     90.9% of prev     90.9% of all
                  2. picked food up out there                  19     95.0% of prev     86.4% of all
                  3. turned for home with it                   18     94.7% of prev     81.8% of all
                  4. got back to the nest still holding it     17     94.4% of prev     77.3% of all
                  5. PUT IT DOWN there                         17    100.0% of prev     77.3% of all
                  6. went back out again                       11     64.7% of prev     50.0% of all
                  7. reached the food a SECOND time             5     45.5% of prev     22.7% of all
                RETURN LEDGER reached food   20 of   22 ants | came back   19 | trips laden   20 empty    3 | LOOPERS   16 of   22 ants (80.0% of those that reached food), repeat    4, most loops by one ant   2
                BY ANCHOR AT PICKUP  anchor ON nest material:   20 loops /   25 pickups ( 80.0%) | anchor OFF it:    0 /    0 (  0.0%)
                BY BIRTH SITE  born ON comb:  16 of  19 that reached food looped ( 84.2%) | born OFF comb:   0 of   1 (  0.0%)
                LEGS legs[787,847,751,1123,841,697,1183,1519,1429,1465,925,745,1075,871,643,1051,2923,1447,1579,1921,6001,4741,685] laden[787,847,751,1123,841,697,1183,1519,1429,1465,925,745,1075,871,643,1051,2923,1447,1579,685]
                founded x   30..68   (nest cursor 48 MATERIAL x 26..70 20 of 22 founders born on it; food 138; nearest founder 70 cells out, farthest 108, nominal gap 90)  occupancy/1k [3 54 245 16 35 23 19 6]  carry->nest    1357  born    2 died   17 (starved   12)
                own trail: route pk   71 end   15 along -0.0005  B nest->food [2106,6070,7929,10538,8308]  blocked      145  kin swaps       0  ticks     67629  tumbles     29753 (homeward     1425, 4.79%)  drops    1292  DELIVERED  1292  leg home n   23 med  1075 p90  2923 (laden n   20 med  1051 p90  1519)  appetite held         0 J of     42227  trips born-on-comb   22 (20 ants) / born-off    1 (2 ants)
                channel A: PEAK amt  47601 cells   91 (of 91 route)  POLARITY|| +0.06564 && +0.06156 SPAN -0.00809 edge   0.5  end nest->food [705,8881,2069,1046,0]  nest   25  AtNest 25.83%
                Carrying: laden     85765  of which SPOIL      9294 ( 10.8%)
    DECISION CENSUS: 60679 decisions, reconciled against the rows and the engine's counters
      C1 homeward re-roll: no_usable 114, bias_off 0, no_crop 18872, empty_crop 0, no_site 0, on_anchor 1106, roll_failed 2398, fired 2965, fired_haul 0
      C1 fired, aimed: toward 2478, across 170, away 317
      C2 drop: roll_lost 13682, placed 0, delivered 857, no_room 0 -- no room on 0.0% of won rolls; handed on through bodies 77 (mean 2.0 steps)
      C3 cone: left 868, straight 6484, right 789; Turn nonzero on 1901 picks (largest |Turn| 7.63e-8), discarded on 890
      leg     setting          n  stepped    felllaunched swappedcrossingreversedblocked_roll_fairoll_fai no_body
      empty   pocket         936     7.2%   21.8%    0.0%    0.0%    0.0%    0.0%    2.7%   31.9%   36.4%    0.0%
      empty   corridor      3300    18.3%    2.2%    0.0%    0.0%    0.0%    0.0%    0.8%   37.9%   40.8%    0.0%
      empty   junction     28830    12.9%    2.0%    0.0%    0.0%    0.0%    0.0%    0.2%   42.5%   42.4%    0.0%
      empty   open         11282    15.4%    4.3%    0.0%    0.0%    0.0%    0.0%    0.0%   39.7%   40.7%    0.0%
      laden   pocket         681     0.7%   11.7%    0.0%    0.0%    0.0%    0.0%    0.6%   46.1%   40.8%    0.0%
      laden   corridor      2197     6.6%    1.1%    0.0%    0.0%    0.0%    0.0%    0.1%   45.7%   46.4%    0.0%
      laden   junction      8676    11.5%    1.4%    0.0%    0.0%    0.0%    0.0%    0.2%   43.9%   42.9%    0.0%
      laden   open          3238    12.7%    2.3%    0.0%    0.0%    0.0%    0.0%    0.0%   41.6%   43.3%    0.0%
      spoil   pocket         297    11.1%    1.7%    0.0%    0.0%    0.0%    0.0%    6.4%   41.8%   39.1%    0.0%
      spoil   corridor       380    25.5%    0.0%    0.0%    0.0%    0.0%    0.0%    3.4%   33.9%   37.1%    0.0%
      spoil   junction       653    35.8%    1.1%    0.0%    0.0%    0.0%    0.0%    3.4%   29.9%   29.9%    0.0%
      spoil   open           209    39.2%    2.9%    0.0%    0.0%    0.0%    0.0%    0.0%   27.3%   30.6%    0.0%
    DECISIONS: rows not written (decisionnorows)
   90   19  hand    8/8        14055     1272        0    88139    55703   21/23       19         0 2 0 21 0
                A READ  ant-readable homeward along >= 0.02 on  54.9% of route-cell samples | FOODWARD  28.0% | plane lit on  97.9% | peak amt  47727 cells  91
                THE LOOP, ANT BY ANT:
                  0. lived                                     23    100.0% of prev    100.0% of all
                  1. reached the food                          21     91.3% of prev     91.3% of all
                  2. picked food up out there                  20     95.2% of prev     87.0% of all
                  3. turned for home with it                   17     85.0% of prev     73.9% of all
                  4. got back to the nest still holding it     17    100.0% of prev     73.9% of all
                  5. PUT IT DOWN there                         17    100.0% of prev     73.9% of all
                  6. went back out again                       10     58.8% of prev     43.5% of all
                  7. reached the food a SECOND time             8     80.0% of prev     34.8% of all
                RETURN LEDGER reached food   21 of   23 ants | came back   17 | trips laden   19 empty    0 | LOOPERS   17 of   23 ants (81.0% of those that reached food), repeat    2, most loops by one ant   2
                BY ANCHOR AT PICKUP  anchor ON nest material:   19 loops /   23 pickups ( 82.6%) | anchor OFF it:    0 /    1 (  0.0%)
                BY BIRTH SITE  born ON comb:  17 of  20 that reached food looped ( 85.0%) | born OFF comb:   0 of   1 (  0.0%)
                LEGS legs[883,667,895,889,649,775,865,1201,511,745,619,1147,643,589,787,1345,643,811,1225] laden[883,667,895,889,649,775,865,1201,511,745,619,1147,643,589,787,1345,643,811,1225]
                founded x   30..68   (nest cursor 48 MATERIAL x 26..70 20 of 23 founders born on it; food 138; nearest founder 70 cells out, farthest 108, nominal gap 90)  occupancy/1k [3 57 161 14 20 33 60 9]  carry->nest    1229  born    3 died   15 (starved    8)
                own trail: route pk   36 end   11 along +0.0072  B nest->food [2106,6159,8138,10585,8308]  blocked      197  kin swaps       0  ticks     60686  tumbles     25455 (homeward     2965, 11.65%)  drops     857  DELIVERED   857  leg home n   19 med   787 p90  1201 (laden n   19 med   787 p90  1201)  appetite held         0 J of     48792  trips born-on-comb   19 (20 ants) / born-off    0 (3 ants)
                channel A: PEAK amt  47727 cells   91 (of 91 route)  POLARITY|| +0.04806 && +0.04503 SPAN -0.01020 edge   0.4  end nest->food [668,6732,2432,1617,48]  nest   25  AtNest 26.38%
                Carrying: laden     97362  of which SPOIL      9361 (  9.6%)
    DECISION CENSUS: 61646 decisions, reconciled against the rows and the engine's counters
      C1 homeward re-roll: no_usable 102, bias_off 0, no_crop 21992, empty_crop 0, no_site 0, on_anchor 2204, roll_failed 1138, fired 1517, fired_haul 0
      C1 fired, aimed: toward 1168, across 304, away 45
      C2 drop: roll_lost 9225, placed 0, delivered 1599, no_room 214 -- no room on 11.8% of won rolls; handed on through bodies 136 (mean 2.1 steps)
      C3 cone: left 604, straight 5653, right 592; Turn nonzero on 968 picks (largest |Turn| 7.63e-8), discarded on 630
      leg     setting          n  stepped    felllaunched swappedcrossingreversedblocked_roll_fairoll_fai no_body
      empty   pocket        6675     2.3%    2.9%    0.0%    0.0%    0.0%    0.0%    1.4%   45.8%   47.6%    0.0%
      empty   corridor     12226     9.0%    0.5%    0.0%    0.0%    0.0%    0.0%    0.2%   45.5%   44.9%    0.0%
      empty   junction     26094    11.3%    1.6%    0.0%    0.0%    0.0%    0.0%    0.2%   43.5%   43.5%    0.0%
      empty   open          3074    28.2%    7.2%    0.0%    0.0%    0.0%    0.0%    0.0%   32.5%   32.1%    0.0%
      laden   pocket        1884     0.8%    5.5%    0.0%    0.0%    0.0%    0.0%    0.0%   45.6%   48.1%    0.0%
      laden   corridor      2508     9.8%    0.6%    0.0%    0.0%    0.0%    0.0%    0.1%   44.7%   44.7%    0.0%
      laden   junction      5900    16.4%    1.4%    0.0%    0.0%    0.0%    0.0%    0.3%   41.2%   40.6%    0.0%
      laden   open          1159    20.9%    3.6%    0.0%    0.0%    0.0%    0.0%    0.0%   39.1%   36.4%    0.0%
      spoil   pocket        1011     4.5%    0.0%    0.0%    0.0%    0.0%    0.0%    4.5%   44.1%   46.9%    0.0%
      spoil   corridor       316    32.0%    0.0%    0.0%    0.0%    0.0%    0.0%    2.5%   32.9%   32.6%    0.0%
      spoil   junction       693    19.3%    0.6%    0.0%    0.0%    0.0%    0.0%    2.0%   40.0%   38.1%    0.0%
      spoil   open           106    34.9%    2.8%    0.0%    0.0%    0.0%    0.0%    0.0%   36.8%   25.5%    0.0%
    DECISIONS: rows not written (decisionnorows)
   90   20  hand   13/13       12067      984        0    69590    55256   17/23       17         1 5 0 17 0
                A READ  ant-readable homeward along >= 0.02 on  60.3% of route-cell samples | FOODWARD  26.0% | plane lit on  98.0% | peak amt  32330 cells  91
                THE LOOP, ANT BY ANT:
                  0. lived                                     23    100.0% of prev    100.0% of all
                  1. reached the food                          17     73.9% of prev     73.9% of all
                  2. picked food up out there                  15     88.2% of prev     65.2% of all
                  3. turned for home with it                   15    100.0% of prev     65.2% of all
                  4. got back to the nest still holding it     15    100.0% of prev     65.2% of all
                  5. PUT IT DOWN there                         15    100.0% of prev     65.2% of all
                  6. went back out again                       15    100.0% of prev     65.2% of all
                  7. reached the food a SECOND time             3     20.0% of prev     13.0% of all
                RETURN LEDGER reached food   17 of   23 ants | came back   15 | trips laden   17 empty    0 | LOOPERS   15 of   23 ants (88.2% of those that reached food), repeat    2, most loops by one ant   2
                BY ANCHOR AT PICKUP  anchor ON nest material:   16 loops /   16 pickups (100.0%) | anchor OFF it:    1 /    1 (100.0%)
                BY BIRTH SITE  born ON comb:  13 of  15 that reached food looped ( 86.7%) | born OFF comb:   2 of   2 (100.0%)
                LEGS legs[673,967,679,709,871,661,865,793,1009,637,619,511,733,1207,895,643,589] laden[673,967,679,709,871,661,865,793,1009,637,619,511,733,1207,895,643,589]
                founded x   30..68   (nest cursor 48 MATERIAL x 26..70 20 of 23 founders born on it; food 138; nearest founder 70 cells out, farthest 108, nominal gap 90)  occupancy/1k [4 116 188 12 10 16 18 4]  carry->nest    1080  born    3 died   10 (starved    9)
                own trail: route pk   72 end   12 along +0.0032  B nest->food [2106,5623,7937,10432,8308]  blocked      250  kin swaps       0  ticks     61647  tumbles     26953 (homeward     1517, 5.63%)  drops    1599  DELIVERED  1599  leg home n   17 med   709 p90   967 (laden n   17 med   709 p90   967)  appetite held         0 J of     37632  trips born-on-comb   15 (20 ants) / born-off    2 (3 ants)
                channel A: PEAK amt  32330 cells   91 (of 91 route)  POLARITY|| +0.07890 && +0.07518 SPAN -0.00606 edge   0.5  end nest->food [1417,11662,3721,1039,0]  nest   25  AtNest 34.24%
                Carrying: laden     82389  of which SPOIL     17047 ( 20.7%)
    DECISION CENSUS: 49089 decisions, reconciled against the rows and the engine's counters
      C1 homeward re-roll: no_usable 86, bias_off 0, no_crop 16103, empty_crop 0, no_site 0, on_anchor 1360, roll_failed 1063, fired 928, fired_haul 0
      C1 fired, aimed: toward 895, across 18, away 15
      C2 drop: roll_lost 6713, placed 0, delivered 1313, no_room 0 -- no room on 0.0% of won rolls; handed on through bodies 63 (mean 2.1 steps)
      C3 cone: left 870, straight 6611, right 734; Turn nonzero on 1068 picks (largest |Turn| 7.63e-8), discarded on 671
      leg     setting          n  stepped    felllaunched swappedcrossingreversedblocked_roll_fairoll_fai no_body
      empty   pocket         558     4.3%   34.4%    0.0%    0.0%    0.0%    0.0%    0.2%   29.2%   31.9%    0.0%
      empty   corridor      8235    10.2%    1.1%    0.0%    0.0%    0.0%    0.0%    0.1%   44.0%   44.6%    0.0%
      empty   junction     25986    15.7%    2.9%    0.0%    0.0%    0.0%    0.0%    0.1%   40.3%   41.0%    0.0%
      empty   open          5060    30.7%    7.8%    0.0%    0.0%    0.0%    0.0%    0.0%   29.6%   31.9%    0.0%
      laden   pocket         265     1.9%   22.6%    0.0%    0.0%    0.0%    0.0%    0.4%   38.9%   36.2%    0.0%
      laden   corridor      1232    19.8%    1.6%    0.0%    0.0%    0.0%    0.0%    0.4%   40.2%   38.0%    0.0%
      laden   junction      5586    17.1%    2.0%    0.0%    0.0%    0.0%    0.0%    0.2%   41.2%   39.6%    0.0%
      laden   open          1202    21.0%    4.2%    0.0%    0.0%    0.0%    0.0%    0.0%   37.3%   37.5%    0.0%
      spoil   pocket          80     6.2%    5.0%    0.0%    0.0%    0.0%    0.0%    8.8%   45.0%   35.0%    0.0%
      spoil   corridor        59    35.6%    3.4%    0.0%    0.0%    0.0%    0.0%    8.5%   27.1%   25.4%    0.0%
      spoil   junction       667    26.5%    0.9%    0.0%    0.0%    0.0%    0.0%    2.5%   37.5%   32.5%    0.0%
      spoil   open           159    41.5%    3.1%    0.0%    0.0%    0.0%    0.0%    0.0%   28.3%   27.0%    0.0%
    DECISIONS: rows not written (decisionnorows)
   90   21  hand    2/2        10680     1092        0    49716    35526   20/24       20         0 2 1 21 0
                A READ  ant-readable homeward along >= 0.02 on  61.5% of route-cell samples | FOODWARD  26.9% | plane lit on  97.9% | peak amt  37519 cells  91
                THE LOOP, ANT BY ANT:
                  0. lived                                     24    100.0% of prev    100.0% of all
                  1. reached the food                          20     83.3% of prev     83.3% of all
                  2. picked food up out there                  17     85.0% of prev     70.8% of all
                  3. turned for home with it                   17    100.0% of prev     70.8% of all
                  4. got back to the nest still holding it     17    100.0% of prev     70.8% of all
                  5. PUT IT DOWN there                         17    100.0% of prev     70.8% of all
                  6. went back out again                       12     70.6% of prev     50.0% of all
                  7. reached the food a SECOND time             5     41.7% of prev     20.8% of all
                RETURN LEDGER reached food   20 of   24 ants | came back   17 | trips laden   20 empty    0 | LOOPERS   17 of   24 ants (85.0% of those that reached food), repeat    3, most loops by one ant   2
                BY ANCHOR AT PICKUP  anchor ON nest material:   20 loops /   20 pickups (100.0%) | anchor OFF it:    0 /    0 (  0.0%)
                BY BIRTH SITE  born ON comb:  17 of  20 that reached food looped ( 85.0%) | born OFF comb:   0 of   0 (  0.0%)
                LEGS legs[775,535,559,589,523,595,805,535,553,547,637,475,673,535,751,895,583,841,463,991] laden[775,535,559,589,523,595,805,535,553,547,637,475,673,535,751,895,583,841,463,991]
                founded x   30..68   (nest cursor 48 MATERIAL x 26..70 20 of 24 founders born on it; food 138; nearest founder 70 cells out, farthest 108, nominal gap 90)  occupancy/1k [3 14 181 21 21 24 21 6]  carry->nest    1203  born    4 died   22 (starved   19)
                own trail: route pk   17 end   12 along -0.0002  B nest->food [2106,5583,7990,10566,8308]  blocked       89  kin swaps       0  ticks     49092  tumbles     19540 (homeward      928, 4.75%)  drops    1313  DELIVERED  1313  leg home n   20 med   589 p90   841 (laden n   20 med   589 p90   841)  appetite held         0 J of     27610  trips born-on-comb   20 (21 ants) / born-off    0 (3 ants)
                channel A: PEAK amt  37519 cells   91 (of 91 route)  POLARITY|| +0.05668 && +0.05271 SPAN -0.00878 edge   0.4  end nest->food [900,5561,3500,1789,24]  nest   25  AtNest 24.02%
                Carrying: laden     55525  of which SPOIL      5833 ( 10.5%)
    DECISION CENSUS: 70552 decisions, reconciled against the rows and the engine's counters
      C1 homeward re-roll: no_usable 71, bias_off 0, no_crop 24341, empty_crop 0, no_site 0, on_anchor 3266, roll_failed 1831, fired 2027, fired_haul 0
      C1 fired, aimed: toward 1891, across 109, away 27
      C2 drop: roll_lost 13885, placed 0, delivered 1784, no_room 0 -- no room on 0.0% of won rolls; handed on through bodies 99 (mean 2.2 steps)
      C3 cone: left 547, straight 5215, right 569; Turn nonzero on 1020 picks (largest |Turn| 7.63e-8), discarded on 664
      leg     setting          n  stepped    felllaunched swappedcrossingreversedblocked_roll_fairoll_fai no_body
      empty   pocket        5323     0.8%    2.6%    0.0%    0.0%    0.0%    0.0%    0.3%   47.6%   48.8%    0.0%
      empty   corridor      8295     9.7%    0.6%    0.0%    0.0%    0.0%    0.0%    0.0%   45.1%   44.5%    0.0%
      empty   junction     26195    10.2%    1.5%    0.0%    0.0%    0.0%    0.0%    0.1%   43.8%   44.4%    0.0%
      empty   open         12311     7.0%    1.6%    0.0%    0.0%    0.0%    0.0%    0.0%   45.4%   45.9%    0.0%
      laden   pocket         290     1.7%   23.1%    0.0%    0.0%    0.0%    0.0%    0.0%   34.8%   40.3%    0.0%
      laden   corridor      1105    32.7%    2.6%    0.0%    0.0%    0.0%    0.0%    0.2%   32.0%   32.5%    0.0%
      laden   junction     10950     9.4%    0.7%    0.0%    0.0%    0.0%    0.0%    0.1%   44.7%   45.0%    0.0%
      laden   open          3854     8.0%    1.3%    0.0%    0.0%    0.0%    0.0%    0.0%   46.3%   44.3%    0.0%
      spoil   pocket        1523     3.4%    0.1%    0.0%    0.0%    0.0%    0.0%    3.2%   44.4%   48.9%    0.0%
      spoil   corridor       188    37.8%    0.0%    0.0%    0.0%    0.0%    0.0%    2.1%   32.4%   27.7%    0.0%
      spoil   junction       336    27.4%    0.9%    0.0%    0.0%    0.0%    0.0%    4.5%   33.6%   33.6%    0.0%
      spoil   open           182    13.2%    1.1%    0.0%    0.0%    0.0%    0.0%    0.0%   41.2%   44.5%    0.0%
    DECISIONS: rows not written (decisionnorows)
   90   22  hand   15/15       14316      948        0    96182    77072   17/22       23         2 3 0 17 0
                A READ  ant-readable homeward along >= 0.02 on  61.1% of route-cell samples | FOODWARD  25.9% | plane lit on  98.5% | peak amt  33784 cells  91
                THE LOOP, ANT BY ANT:
                  0. lived                                     22    100.0% of prev    100.0% of all
                  1. reached the food                          17     77.3% of prev     77.3% of all
                  2. picked food up out there                  17    100.0% of prev     77.3% of all
                  3. turned for home with it                   17    100.0% of prev     77.3% of all
                  4. got back to the nest still holding it     17    100.0% of prev     77.3% of all
                  5. PUT IT DOWN there                         17    100.0% of prev     77.3% of all
                  6. went back out again                       11     64.7% of prev     50.0% of all
                  7. reached the food a SECOND time             9     81.8% of prev     40.9% of all
                RETURN LEDGER reached food   17 of   22 ants | came back   17 | trips laden   22 empty    1 | LOOPERS   17 of   22 ants (100.0% of those that reached food), repeat    5, most loops by one ant   2
                BY ANCHOR AT PICKUP  anchor ON nest material:   22 loops /   23 pickups ( 95.7%) | anchor OFF it:    0 /    0 (  0.0%)
                BY BIRTH SITE  born ON comb:  17 of  17 that reached food looped (100.0%) | born OFF comb:   0 of   0 (  0.0%)
                LEGS legs[649,523,823,799,709,769,703,715,463,499,727,541,817,811,661,775,643,655,1291,631,433,1525,2971] laden[649,523,823,799,709,769,703,715,463,499,727,541,817,811,661,775,643,655,1291,631,433,1525]
                founded x   30..68   (nest cursor 48 MATERIAL x 26..70 20 of 22 founders born on it; food 138; nearest founder 70 cells out, farthest 108, nominal gap 90)  occupancy/1k [13 71 265 12 14 18 17 6]  carry->nest    1404  born    2 died    7 (starved    5)
                own trail: route pk   39 end   11 along -0.0000  B nest->food [2106,5697,7990,10631,8308]  blocked      138  kin swaps       0  ticks     70554  tumbles     31536 (homeward     2027, 6.43%)  drops    1784  DELIVERED  1784  leg home n   23 med   709 p90  1291 (laden n   22 med   709 p90   823)  appetite held         0 J of     53121  trips born-on-comb   23 (20 ants) / born-off    0 (2 ants)
                channel A: PEAK amt  33784 cells   91 (of 91 route)  POLARITY|| +0.06229 && +0.05973 SPAN -0.00582 edge   0.3  end nest->food [885,7153,2223,1112,0]  nest   25  AtNest 38.96%
                Carrying: laden    109557  of which SPOIL     13579 ( 12.4%)
    DECISION CENSUS: 76016 decisions, reconciled against the rows and the engine's counters
      C1 homeward re-roll: no_usable 111, bias_off 0, no_crop 25184, empty_crop 0, no_site 0, on_anchor 2246, roll_failed 2794, fired 2949, fired_haul 0
      C1 fired, aimed: toward 2744, across 68, away 137
      C2 drop: roll_lost 15727, placed 0, delivered 1986, no_room 0 -- no room on 0.0% of won rolls; handed on through bodies 59 (mean 2.0 steps)
      C3 cone: left 862, straight 6640, right 822; Turn nonzero on 1453 picks (largest |Turn| 7.63e-8), discarded on 705
      leg     setting          n  stepped    felllaunched swappedcrossingreversedblocked_roll_fairoll_fai no_body
      empty   pocket         574     7.1%   25.8%    0.0%    0.0%    0.0%    0.0%    2.8%   32.8%   31.5%    0.0%
      empty   corridor      5319    10.9%    1.2%    0.0%    0.0%    0.0%    0.0%    0.2%   43.3%   44.4%    0.0%
      empty   junction     35724    10.9%    1.9%    0.0%    0.0%    0.0%    0.0%    0.2%   44.1%   43.0%    0.0%
      empty   open         15204    10.3%    2.6%    0.0%    0.0%    0.0%    0.0%    0.0%   43.9%   43.3%    0.0%
      laden   pocket         405     1.2%   19.5%    0.0%    0.0%    0.0%    0.0%    0.0%   41.2%   38.0%    0.0%
      laden   corridor      1759    16.8%    1.6%    0.0%    0.0%    0.0%    0.0%    0.1%   39.9%   41.6%    0.0%
      laden   junction     12211     9.7%    1.4%    0.0%    0.0%    0.0%    0.0%    0.2%   43.8%   45.0%    0.0%
      laden   open          4043    11.7%    2.7%    0.0%    0.0%    0.0%    0.0%    0.0%   44.3%   41.2%    0.0%
      spoil   pocket          41    19.5%    9.8%    0.0%    0.0%    0.0%    0.0%   14.6%   34.1%   22.0%    0.0%
      spoil   corridor        54    33.3%    7.4%    0.0%    0.0%    0.0%    0.0%    7.4%   20.4%   31.5%    0.0%
      spoil   junction       519    37.0%    1.3%    0.0%    0.0%    0.0%    0.0%    4.6%   28.7%   28.3%    0.0%
      spoil   open           163    40.5%    3.7%    0.0%    0.0%    0.0%    0.0%    0.0%   22.1%   33.7%    0.0%
    DECISIONS: rows not written (decisionnorows)
   90   23  hand   17/17       22787     1494        0   111185    69890   24/28       22         0 2 2 24 0
                A READ  ant-readable homeward along >= 0.02 on  60.5% of route-cell samples | FOODWARD  26.1% | plane lit on  97.7% | peak amt  46179 cells  91
                THE LOOP, ANT BY ANT:
                  0. lived                                     28    100.0% of prev    100.0% of all
                  1. reached the food                          24     85.7% of prev     85.7% of all
                  2. picked food up out there                  22     91.7% of prev     78.6% of all
                  3. turned for home with it                   17     77.3% of prev     60.7% of all
                  4. got back to the nest still holding it     16     94.1% of prev     57.1% of all
                  5. PUT IT DOWN there                         16    100.0% of prev     57.1% of all
                  6. went back out again                       11     68.8% of prev     39.3% of all
                  7. reached the food a SECOND time             6     54.5% of prev     21.4% of all
                RETURN LEDGER reached food   24 of   28 ants | came back   16 | trips laden   22 empty    0 | LOOPERS   16 of   28 ants (66.7% of those that reached food), repeat    6, most loops by one ant   2
                BY ANCHOR AT PICKUP  anchor ON nest material:   22 loops /   25 pickups ( 88.0%) | anchor OFF it:    0 /    6 (  0.0%)
                BY BIRTH SITE  born ON comb:  16 of  20 that reached food looped ( 80.0%) | born OFF comb:   0 of   4 (  0.0%)
                LEGS legs[439,529,487,487,997,715,685,1015,601,835,505,751,811,715,889,901,613,637,799,721,985,859] laden[439,529,487,487,997,715,685,1015,601,835,505,751,811,715,889,901,613,637,799,721,985,859]
                founded x   30..68   (nest cursor 48 MATERIAL x 26..70 20 of 28 founders born on it; food 138; nearest founder 70 cells out, farthest 108, nominal gap 90)  occupancy/1k [4 39 258 17 21 31 57 24]  carry->nest    1466  born    8 died   11 (starved    6)
                own trail: route pk   76 end   23 along +0.0014  B nest->food [2106,6195,7975,10592,8310]  blocked      139  kin swaps       0  ticks     76021  tumbles     33284 (homeward     2949, 8.86%)  drops    1986  DELIVERED  1986  leg home n   22 med   721 p90   985 (laden n   22 med   721 p90   985)  appetite held         0 J of     60747  trips born-on-comb   22 (20 ants) / born-off    0 (8 ants)
                channel A: PEAK amt  46179 cells   91 (of 91 route)  POLARITY|| +0.05187 && +0.04807 SPAN -0.00960 edge   0.5  end nest->food [834,4950,3083,1694,39]  nest   25  AtNest 17.26%
                Carrying: laden    115909  of which SPOIL      6608 (  5.7%)
    DECISION CENSUS: 41639 decisions, reconciled against the rows and the engine's counters
      C1 homeward re-roll: no_usable 73, bias_off 0, no_crop 13159, empty_crop 0, no_site 0, on_anchor 1098, roll_failed 1178, fired 1051, fired_haul 0
      C1 fired, aimed: toward 813, across 140, away 98
      C2 drop: roll_lost 7251, placed 0, delivered 795, no_room 5 -- no room on 0.6% of won rolls; handed on through bodies 50 (mean 2.1 steps)
      C3 cone: left 655, straight 6412, right 596; Turn nonzero on 1453 picks (largest |Turn| 7.63e-8), discarded on 948
      leg     setting          n  stepped    felllaunched swappedcrossingreversedblocked_roll_fairoll_fai no_body
      empty   pocket        2465     6.7%    6.5%    0.0%    0.0%    0.0%    0.0%    4.4%   40.0%   42.4%    0.0%
      empty   corridor      6016    22.8%    1.0%    0.0%    0.0%    0.0%    0.0%    0.1%   38.8%   37.3%    0.0%
      empty   junction     12265    23.2%    3.7%    0.0%    0.0%    0.0%    0.0%    0.6%   36.3%   36.3%    0.0%
      empty   open         10668    10.6%    2.5%    0.0%    0.0%    0.0%    0.0%    0.0%   43.0%   43.9%    0.0%
      laden   pocket         952     0.9%    8.4%    0.0%    0.0%    0.0%    0.0%    0.1%   46.1%   44.4%    0.0%
      laden   corridor      1294    15.1%    1.2%    0.0%    0.0%    0.0%    0.0%    0.5%   43.0%   40.2%    0.0%
      laden   junction      4367    19.3%    3.6%    0.0%    0.0%    0.0%    0.0%    0.5%   40.1%   36.5%    0.0%
      laden   open          1680    25.8%    6.5%    0.0%    0.0%    0.0%    0.0%    0.0%   33.5%   34.3%    0.0%
      spoil   pocket         596    17.6%    0.2%    0.0%    0.0%    0.0%    0.0%   14.8%   33.6%   33.9%    0.0%
      spoil   corridor       716    43.4%    0.0%    0.0%    0.0%    0.0%    0.0%    1.1%   30.4%   25.0%    0.0%
      spoil   junction       472    43.2%    1.7%    0.0%    0.0%    0.0%    0.0%    4.0%   24.4%   26.7%    0.0%
      spoil   open           148    39.2%    2.0%    0.0%    0.0%    0.0%    0.0%    0.0%   20.3%   38.5%    0.0%
    DECISIONS: rows not written (decisionnorows)
   90   24  hand    1/1         7160     1320        0    49765    31303   17/21       15         3 1 0 17 0
                A READ  ant-readable homeward along >= 0.02 on  61.7% of route-cell samples | FOODWARD  25.3% | plane lit on  97.2% | peak amt  35157 cells  91
                THE LOOP, ANT BY ANT:
                  0. lived                                     21    100.0% of prev    100.0% of all
                  1. reached the food                          17     81.0% of prev     81.0% of all
                  2. picked food up out there                  16     94.1% of prev     76.2% of all
                  3. turned for home with it                   15     93.8% of prev     71.4% of all
                  4. got back to the nest still holding it     13     86.7% of prev     61.9% of all
                  5. PUT IT DOWN there                         13    100.0% of prev     61.9% of all
                  6. went back out again                       10     76.9% of prev     47.6% of all
                  7. reached the food a SECOND time             1     10.0% of prev      4.8% of all
                RETURN LEDGER reached food   17 of   21 ants | came back   14 | trips laden   14 empty    1 | LOOPERS   13 of   21 ants (76.5% of those that reached food), repeat    1, most loops by one ant   2
                BY ANCHOR AT PICKUP  anchor ON nest material:   14 loops /   19 pickups ( 73.7%) | anchor OFF it:    0 /    0 (  0.0%)
                BY BIRTH SITE  born ON comb:  13 of  17 that reached food looped ( 76.5%) | born OFF comb:   0 of   0 (  0.0%)
                LEGS legs[535,985,733,733,643,661,493,817,1231,613,847,841,877,631,2509] laden[535,985,733,733,643,661,493,817,1231,613,847,841,877,631]
                founded x   30..68   (nest cursor 48 MATERIAL x 26..70 20 of 21 founders born on it; food 138; nearest founder 70 cells out, farthest 108, nominal gap 90)  occupancy/1k [4 29 133 17 21 20 18 5]  carry->nest    1049  born    1 died   20 (starved   17)
                own trail: route pk   19 end    9 along -0.0000  B nest->food [2106,6781,7879,10410,8308]  blocked      330  kin swaps       0  ticks     41642  tumbles     16559 (homeward     1051, 6.35%)  drops     795  DELIVERED   795  leg home n   15 med   733 p90  1231 (laden n   14 med   733 p90   985)  appetite held         0 J of     28414  trips born-on-comb   15 (20 ants) / born-off    0 (1 ants)
                channel A: PEAK amt  35157 cells   91 (of 91 route)  POLARITY|| +0.08166 && +0.07763 SPAN -0.00462 edge   1.0  end nest->food [1250,4472,2639,890,0]  nest   25  AtNest 14.74%
                Carrying: laden     61363  of which SPOIL     11934 ( 19.4%)

  larder put out, over the whole sweep: 99840-112560 J, against a need near 46,800 J
    for 52 ants over 24,000 frames -- so these colonies are provisioned, not starved.
  intake off anything that is not the larder is ASSERTED to be 0 in every row, not printed.

  `self` vs `mute` is the real question: do the ants' OWN trails do anything?
  `visitors` is DISTINCT ants that reached the food over distinct ants that ever lived --
    recruitment, which `near` ant-ticks cannot see: 50 visitors and 1 resident read alike.
  `trips` is nest -> food -> nest, closed on the RETURN. `reach` buckets every ant by how
  `occupancy` is ant-ticks in 8 equal bands, NEST END FIRST, food end last -- a commuting
    colony is bimodal, a dispersing one slides its mass right, a homebody is a spike at 0.
  `carry->nest` is signed cells moved while holding larder, POSITIVE = homeward. Near zero
    means food is picked up and wandered with, which is a different fault from not finding it.
    far it ever got, as a share of the gap, so a commuting population is visible as a shape.
  `hand` vs `self` only says whether a laid ramp beats what they bootstrap.
  `hmute` is the DECAY BASELINE for `route pk`: our ramp laid, the ants silenced.
  `flatN`/`flatF` are the POLARITY metric's negative controls: a FLAT channel A blob over
    the nest half / the food half, ants' EmitA silenced. A field with no ramp in it at all.
    A correct metric reads 0 on both. POLARITY|| is predicted to read ~+0.12 and ~-0.12,
    which brackets every polarity figure in the report -- see `lay_flat`.
  `homeA` lays a channel A HOMING ramp and no food trail -- if laden ants only fail
    to route because they cannot find their way home, this is where their own B appears.
  `carry` is ant-ticks holding larder in the crop; `carry@nest` is those inside the +-26 nest band --
    that pair is the answer to "is food being carried back", which a cell census cannot give.
  `other J` must read 0 in every row: it is the check that `onlyfood` held.
  A gap where `alive` reaches 0 in every arm is measuring a dead colony, not a deaf one.
  diet: larder=fruit onlyfood=on
  odometer A: recur=shipped emita=shipped biasa=shipped   odometer B: charb=shipped recurb=shipped emitb=shipped biasb=shipped carryb=shipped
trailfollow: mode=gap gate=shipped frames=24000 seeds=24 seed0=1 ants=20 relay=60 near=10 food=400 refill=400 stop=6000 homebias=shipped cropcap=shipped hungergate=shipped arho=shipped brho=shipped adiffuse=shipped arise=off/off tumble=shipped persist=shipped tumblegrad=shipped homewire=shipped
  gate shipped: off -45.0  on +0.5  along ±6.0
  breadoff=false decisioncsv=true dtag= COLONY_SPACING=2 STACK_DEPTH=4 layfrom=founders
  landed 2026-09-09: units 0/1 = b2 (off -45, on +0.5, along 6); units 2/3 = saturated (off -45, on +30, along 6). See open-bugs-handoff.md Z7.

  gap seed   arm     alive     ate J  arrive@    dead@    carry    @nest  visitors  trips reach 0-25-50-75-100
----- ---- ----- --------- --------- -------- -------- -------- -------- --------- ------ ------------------
    DECISION CENSUS: 20575 decisions, reconciled against the rows and the engine's counters
      C1 homeward re-roll: no_usable 105, bias_off 0, no_crop 5848, empty_crop 0, no_site 0, on_anchor 0, roll_failed 462, fired 120, fired_haul 0
      C1 fired, aimed: toward 31, across 0, away 89
      C2 drop: roll_lost 1740, placed 0, delivered 0, no_room 0 -- no room on 0.0% of won rolls; handed on through bodies 0 (mean 0.0 steps)
      C3 cone: left 522, straight 5894, right 467; Turn nonzero on 220 picks (largest |Turn| 3.81e-8), discarded on 202
      leg     setting          n  stepped    felllaunched swappedcrossingreversedblocked_roll_fairoll_fai no_body
      empty   pocket        2531     6.6%    8.5%    0.0%    0.0%    0.0%    0.0%    4.0%   40.7%   40.1%    0.0%
      empty   corridor      4061    43.9%    2.1%    0.0%    0.0%    0.0%    0.0%    0.5%   27.2%   26.3%    0.0%
      empty   junction      7979    38.8%    5.7%    0.0%    0.0%    0.0%    0.0%    0.5%   27.4%   27.6%    0.0%
      empty   open          2147    34.7%    8.0%    0.0%    0.0%    0.0%    0.0%    0.0%   29.2%   28.2%    0.0%
      laden   pocket          91     6.6%   56.0%    0.0%    0.0%    0.0%    0.0%    0.0%   23.1%   14.3%    0.0%
      laden   corridor       351    42.7%    3.4%    0.0%    0.0%    0.0%    0.0%    0.3%   26.5%   27.1%    0.0%
      laden   junction      1242    22.1%    2.0%    0.0%    0.0%    0.0%    0.0%    0.4%   37.7%   37.8%    0.0%
      laden   open            58    56.9%    5.2%    0.0%    0.0%    0.0%    0.0%    0.0%   19.0%   19.0%    0.0%
      spoil   pocket         982    19.0%    0.8%    0.0%    0.0%    0.0%    0.0%   16.2%   31.3%   32.7%    0.0%
      spoil   corridor       648    40.7%    0.2%    0.0%    0.0%    0.0%    0.0%    1.7%   28.2%   29.2%    0.0%
      spoil   junction       435    36.3%    1.1%    0.0%    0.0%    0.0%    0.0%    3.4%   31.7%   27.4%    0.0%
      spoil   open            50    42.0%    4.0%    0.0%    0.0%    0.0%    0.0%    0.0%   28.0%   26.0%    0.0%
    DECISIONS: rows not written (decisionnorows)
  140    1  hand    0/0         1368     2724    13374    10452        0    5/20        3          4 2 6 8 0
                A READ  ant-readable homeward along >= 0.02 on  52.1% of route-cell samples | FOODWARD  16.8% | plane lit on  76.6% | peak amt  41509 cells 139
                THE LOOP, ANT BY ANT:
                  0. lived                                     20    100.0% of prev    100.0% of all
                  1. reached the food                           5     25.0% of prev     25.0% of all
                  2. picked food up out there                   4     80.0% of prev     20.0% of all
                  3. turned for home with it                    4    100.0% of prev     20.0% of all
                  4. got back to the nest still holding it      0      0.0% of prev      0.0% of all
                  5. PUT IT DOWN there                          0      0.0% of prev      0.0% of all
                  6. went back out again                        0      0.0% of prev      0.0% of all
                  7. reached the food a SECOND time             0      0.0% of prev      0.0% of all
                RETURN LEDGER reached food    5 of   20 ants | came back    3 | trips laden    0 empty    3 | LOOPERS    0 of   20 ants ( 0.0% of those that reached food), repeat    0, most loops by one ant   0
                BY ANCHOR AT PICKUP  anchor ON nest material:    0 loops /    4 pickups (  0.0%) | anchor OFF it:    0 /    0 (  0.0%)
                BY BIRTH SITE  born ON comb:   0 of   5 that reached food looped (  0.0%) | born OFF comb:   0 of   0 (  0.0%)
                LEGS legs[6559,6025,7819] laden[]
                founded x   30..68   (nest cursor 48 MATERIAL x 26..70 20 of 20 founders born on it; food 188; nearest founder 120 cells out, farthest 158, nominal gap 140)  occupancy/1k [7 54 16 12 16 8 4 2]  carry->nest     425  born    0 died   20 (starved   20)
                own trail: route pk    0 end    0 along +0.0000  B nest->food [1438,4366,7232,9945,8332]  blocked      353  kin swaps       0  ticks     20575  tumbles      6535 (homeward      120, 1.84%)  drops       0  DELIVERED     0  leg home n    3 med  6559 p90  7819 (laden n    0 med     0 p90     0)  appetite held         0 J of      5760  trips born-on-comb    3 (20 ants) / born-off    0 (0 ants)
                channel A: PEAK amt  41509 cells  139 (of 141 route)  POLARITY|| +0.09580 && +0.08809 SPAN +0.00200 edge   5.4  end nest->food [1287,2626,15,0,0]  nest   25  AtNest  5.56%
                Carrying: laden     23142  of which SPOIL     12690 ( 54.8%)
    DECISION CENSUS: 28179 decisions, reconciled against the rows and the engine's counters
      C1 homeward re-roll: no_usable 130, bias_off 0, no_crop 7588, empty_crop 0, no_site 0, on_anchor 342, roll_failed 895, fired 357, fired_haul 0
      C1 fired, aimed: toward 179, across 159, away 19
      C2 drop: roll_lost 3425, placed 0, delivered 349, no_room 0 -- no room on 0.0% of won rolls; handed on through bodies 0 (mean 0.0 steps)
      C3 cone: left 785, straight 6732, right 699; Turn nonzero on 334 picks (largest |Turn| 7.63e-8), discarded on 287
      leg     setting          n  stepped    felllaunched swappedcrossingreversedblocked_roll_fairoll_fai no_body
      empty   pocket        1281     4.6%   22.5%    0.0%    0.0%    0.0%    0.0%    1.6%   37.6%   33.7%    0.0%
      empty   corridor      3614    40.0%    2.5%    0.0%    0.0%    0.0%    0.0%    0.8%   28.8%   27.9%    0.0%
      empty   junction     13714    32.1%    4.4%    0.0%    0.0%    0.0%    0.0%    0.7%   30.9%   31.9%    0.0%
      empty   open          3947    33.7%    7.4%    0.0%    0.0%    0.0%    0.0%    0.0%   28.9%   30.0%    0.0%
      laden   pocket         274     2.6%   12.4%    0.0%    0.0%    0.0%    0.0%    0.0%   45.3%   39.8%    0.0%
      laden   corridor       718    22.6%    0.8%    0.0%    0.0%    0.0%    0.0%    0.3%   40.4%   35.9%    0.0%
      laden   junction      2668    10.3%    0.9%    0.0%    0.0%    0.0%    0.0%    0.3%   42.7%   45.9%    0.0%
      laden   open           116    41.4%    5.2%    0.0%    0.0%    0.0%    0.0%    0.0%   27.6%   25.9%    0.0%
      spoil   pocket         736     4.3%    1.9%    0.0%    0.0%    0.0%    0.0%    3.7%   43.6%   46.5%    0.0%
      spoil   corridor       172    40.7%    1.2%    0.0%    0.0%    0.0%    0.0%    7.6%   26.7%   23.8%    0.0%
      spoil   junction       761    40.1%    2.4%    0.0%    0.0%    0.0%    0.0%    2.9%   26.8%   27.9%    0.0%
      spoil   open           178    42.7%    6.7%    0.0%    0.0%    0.0%    0.0%    0.0%   26.4%   24.2%    0.0%
    DECISIONS: rows not written (decisionnorows)
  140    2  hand    2/2         2964     2580        0    22656     5568    8/20        3         1 0 6 13 0
                A READ  ant-readable homeward along >= 0.02 on  56.0% of route-cell samples | FOODWARD  18.9% | plane lit on  85.8% | peak amt  37800 cells 139
                THE LOOP, ANT BY ANT:
                  0. lived                                     20    100.0% of prev    100.0% of all
                  1. reached the food                           8     40.0% of prev     40.0% of all
                  2. picked food up out there                   7     87.5% of prev     35.0% of all
                  3. turned for home with it                    4     57.1% of prev     20.0% of all
                  4. got back to the nest still holding it      3     75.0% of prev     15.0% of all
                  5. PUT IT DOWN there                          3    100.0% of prev     15.0% of all
                  6. went back out again                        2     66.7% of prev     10.0% of all
                  7. reached the food a SECOND time             0      0.0% of prev      0.0% of all
                RETURN LEDGER reached food    8 of   20 ants | came back    3 | trips laden    1 empty    2 | LOOPERS    1 of   20 ants (12.5% of those that reached food), repeat    0, most loops by one ant   1
                BY ANCHOR AT PICKUP  anchor ON nest material:    1 loops /    8 pickups ( 12.5%) | anchor OFF it:    0 /    0 (  0.0%)
                BY BIRTH SITE  born ON comb:   1 of   8 that reached food looped ( 12.5%) | born OFF comb:   0 of   0 (  0.0%)
                LEGS legs[1249,9685,3265] laden[1249]
                founded x   30..68   (nest cursor 48 MATERIAL x 26..70 20 of 20 founders born on it; food 188; nearest founder 120 cells out, farthest 158, nominal gap 140)  occupancy/1k [14 30 9 31 24 25 27 6]  carry->nest     430  born    0 died   18 (starved   18)
                own trail: route pk   79 end    9 along +0.0000  B nest->food [1438,4266,7139,10067,8332]  blocked      212  kin swaps       0  ticks     28179  tumbles      9312 (homeward      357, 3.83%)  drops     349  DELIVERED   349  leg home n    3 med  3265 p90  9685 (laden n    1 med  1249 p90  1249)  appetite held         0 J of     12481  trips born-on-comb    3 (20 ants) / born-off    0 (0 ants)
                channel A: PEAK amt  37800 cells  139 (of 141 route)  POLARITY|| +0.07566 && +0.06647 SPAN -0.00121 edge   5.1  end nest->food [504,1694,534,0,0]  nest   25  AtNest  8.09%
                Carrying: laden     33738  of which SPOIL     11148 ( 33.0%)
    DECISION CENSUS: 21322 decisions, reconciled against the rows and the engine's counters
      C1 homeward re-roll: no_usable 146, bias_off 0, no_crop 5534, empty_crop 0, no_site 0, on_anchor 402, roll_failed 496, fired 222, fired_haul 0
      C1 fired, aimed: toward 77, across 145, away 0
      C2 drop: roll_lost 2525, placed 0, delivered 426, no_room 0 -- no room on 0.0% of won rolls; handed on through bodies 0 (mean 0.0 steps)
      C3 cone: left 567, straight 5823, right 447; Turn nonzero on 170 picks (largest |Turn| 3.81e-8), discarded on 166
      leg     setting          n  stepped    felllaunched swappedcrossingreversedblocked_roll_fairoll_fai no_body
      empty   pocket        2528     7.3%   11.0%    0.0%    0.0%    0.0%    0.2%    3.4%   39.0%   39.2%    0.0%
      empty   corridor      3601    39.2%    2.2%    0.0%    0.0%    0.0%    0.0%    0.4%   28.3%   30.0%    0.0%
      empty   junction      7925    41.2%    5.6%    0.0%    0.0%    0.0%    0.0%    0.4%   26.7%   26.0%    0.0%
      empty   open          2328    36.0%    9.0%    0.0%    0.0%    0.0%    0.0%    0.0%   26.6%   28.4%    0.0%
      laden   pocket         517     1.9%    8.7%    0.0%    0.0%    0.0%    0.0%    0.0%   45.1%   44.3%    0.0%
      laden   corridor      1506    13.1%    0.5%    0.0%    0.0%    0.0%    0.0%    0.1%   43.6%   42.8%    0.0%
      laden   junction       770    37.7%    5.5%    0.0%    0.0%    0.0%    0.0%    1.0%   26.9%   29.0%    0.0%
      laden   open           160    48.8%    9.4%    0.0%    0.0%    0.0%    0.0%    0.0%   25.6%   16.2%    0.0%
      spoil   pocket         969     9.5%    1.3%    0.0%    0.0%    0.0%    0.0%    7.5%   42.3%   39.3%    0.0%
      spoil   corridor       469    49.3%    0.9%    0.0%    0.0%    0.0%    0.0%    1.1%   26.9%   22.0%    0.0%
      spoil   junction       455    43.5%    1.1%    0.0%    0.0%    0.0%    0.0%    5.1%   26.8%   23.5%    0.0%
      spoil   open            94    45.7%    5.3%    0.0%    0.0%    0.0%    0.0%    0.0%   22.3%   26.6%    0.0%
    DECISIONS: rows not written (decisionnorows)
  140    3  hand    0/0         2557     1764    22932    17718    10764    5/21        4         3 1 7 10 0
                A READ  ant-readable homeward along >= 0.02 on  62.1% of route-cell samples | FOODWARD  14.6% | plane lit on  80.8% | peak amt  35200 cells 139
                THE LOOP, ANT BY ANT:
                  0. lived                                     21    100.0% of prev    100.0% of all
                  1. reached the food                           5     23.8% of prev     23.8% of all
                  2. picked food up out there                   5    100.0% of prev     23.8% of all
                  3. turned for home with it                    5    100.0% of prev     23.8% of all
                  4. got back to the nest still holding it      4     80.0% of prev     19.0% of all
                  5. PUT IT DOWN there                          4    100.0% of prev     19.0% of all
                  6. went back out again                        4    100.0% of prev     19.0% of all
                  7. reached the food a SECOND time             0      0.0% of prev      0.0% of all
                RETURN LEDGER reached food    5 of   21 ants | came back    4 | trips laden    4 empty    0 | LOOPERS    4 of   21 ants (80.0% of those that reached food), repeat    0, most loops by one ant   1
                BY ANCHOR AT PICKUP  anchor ON nest material:    4 loops /    5 pickups ( 80.0%) | anchor OFF it:    0 /    0 (  0.0%)
                BY BIRTH SITE  born ON comb:   4 of   5 that reached food looped ( 80.0%) | born OFF comb:   0 of   0 (  0.0%)
                LEGS legs[1441,1417,997,1087] laden[1441,1417,997,1087]
                founded x   30..68   (nest cursor 48 MATERIAL x 26..70 20 of 21 founders born on it; food 188; nearest founder 120 cells out, farthest 158, nominal gap 140)  occupancy/1k [17 40 14 18 17 12 5 1]  carry->nest     530  born    1 died   21 (starved   20)
                own trail: route pk   11 end    0 along +0.0000  B nest->food [1438,4385,7173,9996,8332]  blocked      247  kin swaps       0  ticks     21323  tumbles      6800 (homeward      222, 3.26%)  drops     426  DELIVERED   426  leg home n    4 med  1417 p90  1441 (laden n    4 med  1417 p90  1441)  appetite held         0 J of      9756  trips born-on-comb    4 (20 ants) / born-off    0 (1 ants)
                channel A: PEAK amt  35200 cells  139 (of 141 route)  POLARITY|| +0.09221 && +0.08546 SPAN +0.00383 edge   5.5  end nest->food [4218,2852,381,0,0]  nest   25  AtNest 14.23%
                Carrying: laden     29635  of which SPOIL     11917 ( 40.2%)
    DECISION CENSUS: 19041 decisions, reconciled against the rows and the engine's counters
      C1 homeward re-roll: no_usable 67, bias_off 0, no_crop 5897, empty_crop 0, no_site 0, on_anchor 0, roll_failed 252, fired 44, fired_haul 0
      C1 fired, aimed: toward 26, across 6, away 12
      C2 drop: roll_lost 870, placed 0, delivered 0, no_room 0 -- no room on 0.0% of won rolls; handed on through bodies 0 (mean 0.0 steps)
      C3 cone: left 510, straight 4842, right 467; Turn nonzero on 17 picks (largest |Turn| 3.81e-8), discarded on 16
      leg     setting          n  stepped    felllaunched swappedcrossingreversedblocked_roll_fairoll_fai no_body
      empty   pocket        2516     3.1%    7.8%    0.0%    0.0%    0.0%    0.0%    1.3%   45.0%   42.8%    0.0%
      empty   corridor      4255    29.7%    1.4%    0.0%    0.0%    0.0%    0.0%    0.8%   35.1%   33.0%    0.0%
      empty   junction      7485    41.3%    5.9%    0.0%    0.0%    0.0%    0.0%    0.6%   25.9%   26.4%    0.0%
      empty   open          2317    38.1%    8.9%    0.0%    0.0%    0.0%    0.0%    0.0%   26.9%   26.1%    0.0%
      laden   pocket         253     0.4%    2.8%    0.0%    0.0%    0.0%    0.0%    0.8%   45.5%   50.6%    0.0%
      laden   corridor       113    53.1%    3.5%    0.0%    0.0%    0.0%    0.0%    0.0%   22.1%   21.2%    0.0%
      laden   junction       430    30.9%    4.0%    0.0%    0.0%    0.0%    0.0%    0.9%   30.7%   33.5%    0.0%
      laden   open            74    44.6%    4.1%    0.0%    0.0%    0.0%    0.0%    0.0%   29.7%   21.6%    0.0%
      spoil   pocket         917     2.4%    1.5%    0.0%    0.0%    0.0%    0.0%    2.0%   46.7%   47.4%    0.0%
      spoil   corridor       190    19.5%    0.5%    0.0%    0.0%    0.0%    0.0%    4.7%   36.8%   38.4%    0.0%
      spoil   junction       399    45.6%    0.3%    0.0%    0.0%    0.0%    0.0%    3.8%   25.1%   25.3%    0.0%
      spoil   open            92    44.6%    7.6%    0.0%    0.0%    0.0%    0.0%    0.0%   23.9%   23.9%    0.0%
    DECISIONS: rows not written (decisionnorows)
  140    4  hand    0/0          684     2766     8472     5220        0    3/20        0         4 0 5 11 0
                A READ  ant-readable homeward along >= 0.02 on  56.8% of route-cell samples | FOODWARD  16.1% | plane lit on  80.0% | peak amt  35346 cells 137
                THE LOOP, ANT BY ANT:
                  0. lived                                     20    100.0% of prev    100.0% of all
                  1. reached the food                           3     15.0% of prev     15.0% of all
                  2. picked food up out there                   3    100.0% of prev     15.0% of all
                  3. turned for home with it                    3    100.0% of prev     15.0% of all
                  4. got back to the nest still holding it      0      0.0% of prev      0.0% of all
                  5. PUT IT DOWN there                          0      0.0% of prev      0.0% of all
                  6. went back out again                        0      0.0% of prev      0.0% of all
                  7. reached the food a SECOND time             0      0.0% of prev      0.0% of all
                RETURN LEDGER reached food    3 of   20 ants | came back    0 | trips laden    0 empty    0 | LOOPERS    0 of   20 ants ( 0.0% of those that reached food), repeat    0, most loops by one ant   0
                BY ANCHOR AT PICKUP  anchor ON nest material:    0 loops /    3 pickups (  0.0%) | anchor OFF it:    0 /    0 (  0.0%)
                BY BIRTH SITE  born ON comb:   0 of   3 that reached food looped (  0.0%) | born OFF comb:   0 of   0 (  0.0%)
                founded x   30..68   (nest cursor 48 MATERIAL x 26..70 20 of 20 founders born on it; food 188; nearest founder 120 cells out, farthest 158, nominal gap 140)  occupancy/1k [19 27 8 19 16 15 6 1]  carry->nest     208  born    0 died   20 (starved   20)
                own trail: route pk    0 end    0 along +0.0000  B nest->food [1438,4246,7075,9920,8332]  blocked      161  kin swaps       0  ticks     19041  tumbles      6260 (homeward       44, 0.70%)  drops       0  DELIVERED     0  leg home n    0 med     0 p90     0 (laden n    0 med     0 p90     0)  appetite held         0 J of      2880  trips born-on-comb    0 (20 ants) / born-off    0 (0 ants)
                channel A: PEAK amt  35346 cells  137 (of 141 route)  POLARITY|| +0.08850 && +0.08135 SPAN +0.00358 edge   5.8  end nest->food [954,1347,165,0,0]  nest   25  AtNest 14.77%
                Carrying: laden     14808  of which SPOIL      9588 ( 64.7%)
    DECISION CENSUS: 21001 decisions, reconciled against the rows and the engine's counters
      C1 homeward re-roll: no_usable 153, bias_off 0, no_crop 5730, empty_crop 0, no_site 0, on_anchor 0, roll_failed 534, fired 137, fired_haul 0
      C1 fired, aimed: toward 49, across 0, away 88
      C2 drop: roll_lost 2030, placed 0, delivered 0, no_room 0 -- no room on 0.0% of won rolls; handed on through bodies 0 (mean 0.0 steps)
      C3 cone: left 561, straight 6164, right 450; Turn nonzero on 303 picks (largest |Turn| 3.81e-8), discarded on 301
      leg     setting          n  stepped    felllaunched swappedcrossingreversedblocked_roll_fairoll_fai no_body
      empty   pocket        2361     8.9%   11.4%    0.0%    0.0%    0.0%    0.0%    5.5%   35.1%   39.0%    0.0%
      empty   corridor      4613    44.8%    1.5%    0.0%    0.0%    0.0%    0.0%    0.3%   26.5%   26.8%    0.0%
      empty   junction      7417    40.2%    5.3%    0.0%    0.0%    0.0%    0.0%    0.7%   28.1%   25.6%    0.0%
      empty   open          1861    38.8%    9.6%    0.0%    0.0%    0.0%    0.0%    0.0%   25.1%   26.5%    0.0%
      laden   pocket        1028     1.6%    8.9%    0.0%    0.0%    0.0%    0.0%    0.1%   44.0%   45.5%    0.0%
      laden   corridor       300    43.3%    3.0%    0.0%    0.0%    0.0%    0.0%    0.0%   26.7%   27.0%    0.0%
      laden   junction       650    44.9%    4.3%    0.0%    0.0%    0.0%    0.0%    0.8%   22.9%   27.1%    0.0%
      laden   open            53    50.9%    3.8%    0.0%    0.0%    0.0%    0.0%    0.0%   22.6%   22.6%    0.0%
      spoil   pocket        1267     8.8%    1.3%    0.0%    0.0%    0.0%    0.0%    7.8%   41.0%   41.0%    0.0%
      spoil   corridor       859    40.7%    0.1%    0.0%    0.0%    0.0%    0.0%    0.7%   28.6%   29.8%    0.0%
      spoil   junction       497    45.7%    0.8%    0.0%    0.0%    0.0%    0.0%    4.4%   26.4%   22.7%    0.0%
      spoil   open            95    36.8%    3.2%    0.0%    0.0%    0.0%    0.0%    0.0%   29.5%   30.5%    0.0%
    DECISIONS: rows not written (decisionnorows)
  140    5  hand    0/0         1596     2850    22104    12186       42    4/20        1         3 3 4 10 0
                A READ  ant-readable homeward along >= 0.02 on  56.8% of route-cell samples | FOODWARD  16.1% | plane lit on  81.0% | peak amt  29205 cells 137
                THE LOOP, ANT BY ANT:
                  0. lived                                     20    100.0% of prev    100.0% of all
                  1. reached the food                           4     20.0% of prev     20.0% of all
                  2. picked food up out there                   4    100.0% of prev     20.0% of all
                  3. turned for home with it                    3     75.0% of prev     15.0% of all
                  4. got back to the nest still holding it      1     33.3% of prev      5.0% of all
                  5. PUT IT DOWN there                          1    100.0% of prev      5.0% of all
                  6. went back out again                        1    100.0% of prev      5.0% of all
                  7. reached the food a SECOND time             0      0.0% of prev      0.0% of all
                RETURN LEDGER reached food    4 of   20 ants | came back    1 | trips laden    1 empty    0 | LOOPERS    1 of   20 ants (25.0% of those that reached food), repeat    0, most loops by one ant   1
                BY ANCHOR AT PICKUP  anchor ON nest material:    1 loops /    6 pickups ( 16.7%) | anchor OFF it:    0 /    0 (  0.0%)
                BY BIRTH SITE  born ON comb:   1 of   4 that reached food looped ( 25.0%) | born OFF comb:   0 of   0 (  0.0%)
                LEGS legs[1633] laden[1633]
                founded x   30..68   (nest cursor 48 MATERIAL x 26..70 20 of 20 founders born on it; food 188; nearest founder 120 cells out, farthest 158, nominal gap 140)  occupancy/1k [15 31 11 18 20 14 10 2]  carry->nest     435  born    0 died   20 (starved   19)
                own trail: route pk   64 end    0 along +0.0000  B nest->food [1438,4286,7151,10122,8332]  blocked      334  kin swaps       0  ticks     21002  tumbles      6554 (homeward      137, 2.09%)  drops       0  DELIVERED     0  leg home n    1 med  1633 p90  1633 (laden n    1 med  1633 p90  1633)  appetite held         0 J of      6720  trips born-on-comb    1 (20 ants) / born-off    0 (0 ants)
                channel A: PEAK amt  29205 cells  137 (of 141 route)  POLARITY|| +0.09022 && +0.08269 SPAN +0.00192 edge   5.7  end nest->food [1316,2334,0,0,0]  nest   25  AtNest  4.56%
                Carrying: laden     28494  of which SPOIL     16308 ( 57.2%)
    DECISION CENSUS: 16375 decisions, reconciled against the rows and the engine's counters
      C1 homeward re-roll: no_usable 81, bias_off 0, no_crop 5063, empty_crop 0, no_site 0, on_anchor 0, roll_failed 91, fired 14, fired_haul 0
      C1 fired, aimed: toward 13, across 0, away 1
      C2 drop: roll_lost 290, placed 0, delivered 0, no_room 0 -- no room on 0.0% of won rolls; handed on through bodies 0 (mean 0.0 steps)
      C3 cone: left 454, straight 4742, right 363; Turn nonzero on 84 picks (largest |Turn| 3.81e-8), discarded on 84
      leg     setting          n  stepped    felllaunched swappedcrossingreversedblocked_roll_fairoll_fai no_body
      empty   pocket        2008     5.9%    9.0%    0.0%    0.0%    0.0%    0.0%    3.2%   42.0%   39.8%    0.0%
      empty   corridor      3139    47.5%    1.9%    0.0%    0.0%    0.0%    0.0%    0.3%   24.8%   25.4%    0.0%
      empty   junction      5991    40.2%    5.8%    0.0%    0.0%    0.0%    0.0%    0.6%   26.8%   26.5%    0.0%
      empty   open          1817    40.3%    8.0%    0.0%    0.0%    0.0%    0.0%    0.0%   26.9%   24.7%    0.0%
      laden   pocket           2     0.0%   50.0%    0.0%    0.0%    0.0%    0.0%    0.0%   50.0%    0.0%    0.0%
      laden   corridor       145    29.0%    0.7%    0.0%    0.0%    0.0%    0.0%    0.0%   37.2%   33.1%    0.0%
      laden   junction       111    24.3%    1.8%    0.0%    0.0%    0.0%    0.0%    0.9%   34.2%   38.7%    0.0%
      laden   open            32    12.5%    0.0%    0.0%    0.0%    0.0%    0.0%    0.0%   31.2%   56.2%    0.0%
      spoil   pocket        2249    15.1%    0.5%    0.0%    0.0%    0.0%    0.0%   10.8%   36.5%   37.1%    0.0%
      spoil   corridor       389    42.9%    0.5%    0.0%    0.0%    0.0%    0.0%    1.5%   26.0%   29.0%    0.0%
      spoil   junction       377    46.9%    1.9%    0.0%    0.0%    0.0%    0.0%    5.3%   24.7%   21.2%    0.0%
      spoil   open           115    43.5%    0.9%    0.0%    0.0%    0.0%    0.0%    0.0%   27.0%   28.7%    0.0%
    DECISIONS: rows not written (decisionnorows)
  140    6  hand    0/0          228     2832     6300     1740        0    1/20        0          2 5 9 4 0
                A READ  ant-readable homeward along >= 0.02 on  54.9% of route-cell samples | FOODWARD  11.7% | plane lit on  70.8% | peak amt  33227 cells 136
                THE LOOP, ANT BY ANT:
                  0. lived                                     20    100.0% of prev    100.0% of all
                  1. reached the food                           1      5.0% of prev      5.0% of all
                  2. picked food up out there                   1    100.0% of prev      5.0% of all
                  3. turned for home with it                    1    100.0% of prev      5.0% of all
                  4. got back to the nest still holding it      0      0.0% of prev      0.0% of all
                  5. PUT IT DOWN there                          0      0.0% of prev      0.0% of all
                  6. went back out again                        0      0.0% of prev      0.0% of all
                  7. reached the food a SECOND time             0      0.0% of prev      0.0% of all
                RETURN LEDGER reached food    1 of   20 ants | came back    0 | trips laden    0 empty    0 | LOOPERS    0 of   20 ants ( 0.0% of those that reached food), repeat    0, most loops by one ant   0
                BY ANCHOR AT PICKUP  anchor ON nest material:    0 loops /    1 pickups (  0.0%) | anchor OFF it:    0 /    0 (  0.0%)
                BY BIRTH SITE  born ON comb:   0 of   1 that reached food looped (  0.0%) | born OFF comb:   0 of   0 (  0.0%)
                founded x   30..68   (nest cursor 48 MATERIAL x 26..70 20 of 20 founders born on it; food 188; nearest founder 120 cells out, farthest 158, nominal gap 140)  occupancy/1k [17 22 21 19 10 4 2 0]  carry->nest      71  born    0 died   20 (starved   20)
                own trail: route pk    0 end    0 along +0.0000  B nest->food [1438,4245,7074,9882,8332]  blocked      380  kin swaps       0  ticks     16375  tumbles      5249 (homeward       14, 0.27%)  drops       0  DELIVERED     0  leg home n    0 med     0 p90     0 (laden n    0 med     0 p90     0)  appetite held         0 J of       960  trips born-on-comb    0 (20 ants) / born-off    0 (0 ants)
                channel A: PEAK amt  33227 cells  136 (of 141 route)  POLARITY|| +0.10299 && +0.09591 SPAN +0.00197 edge   6.0  end nest->food [1242,1943,63,0,0]  nest   25  AtNest  8.25%
                Carrying: laden     20520  of which SPOIL     18780 ( 91.5%)
    DECISION CENSUS: 19200 decisions, reconciled against the rows and the engine's counters
      C1 homeward re-roll: no_usable 121, bias_off 0, no_crop 4691, empty_crop 0, no_site 0, on_anchor 406, roll_failed 310, fired 99, fired_haul 0
      C1 fired, aimed: toward 73, across 5, away 21
      C2 drop: roll_lost 1523, placed 0, delivered 353, no_room 0 -- no room on 0.0% of won rolls; handed on through bodies 0 (mean 0.0 steps)
      C3 cone: left 637, straight 5638, right 566; Turn nonzero on 163 picks (largest |Turn| 7.63e-8), discarded on 138
      leg     setting          n  stepped    felllaunched swappedcrossingreversedblocked_roll_fairoll_fai no_body
      empty   pocket        1295     4.7%   16.1%    0.0%    0.0%    0.0%    0.0%    1.7%   38.9%   38.5%    0.0%
      empty   corridor      3183    41.8%    2.5%    0.0%    0.0%    0.0%    0.0%    0.3%   27.5%   27.8%    0.0%
      empty   junction      8771    42.5%    6.1%    0.0%    0.0%    0.0%    0.0%    0.4%   25.6%   25.5%    0.0%
      empty   open          2670    37.8%   10.5%    0.0%    0.0%    0.0%    0.0%    0.0%   25.7%   25.9%    0.0%
      laden   pocket         172     1.2%    9.3%    0.0%    0.0%    0.0%    0.0%    0.6%   52.9%   36.0%    0.0%
      laden   corridor       561    15.3%    0.4%    0.0%    0.0%    0.0%    0.0%    0.2%   39.2%   44.9%    0.0%
      laden   junction      1093    19.6%    2.7%    0.0%    0.0%    0.0%    0.0%    0.1%   40.8%   36.9%    0.0%
      laden   open           198    21.7%    7.6%    0.0%    0.0%    0.0%    0.0%    0.0%   32.8%   37.9%    0.0%
      spoil   pocket         219     7.8%    8.7%    0.0%    0.0%    0.0%    0.0%    7.3%   35.2%   41.1%    0.0%
      spoil   corridor       333    17.1%    0.9%    0.0%    0.0%    0.0%    0.0%    4.8%   36.0%   41.1%    0.0%
      spoil   junction       585    41.4%    1.0%    0.0%    0.0%    0.0%    0.0%    3.9%   23.2%   30.4%    0.0%
      spoil   open           120    44.2%    5.8%    0.0%    0.0%    0.0%    0.0%    0.0%   32.5%   17.5%    0.0%
    DECISIONS: rows not written (decisionnorows)
  140    7  hand    0/0         2068     2562    14016    12144     5502    5/21        1         1 0 11 9 0
                A READ  ant-readable homeward along >= 0.02 on  54.7% of route-cell samples | FOODWARD  17.6% | plane lit on  82.0% | peak amt  34569 cells 139
                THE LOOP, ANT BY ANT:
                  0. lived                                     21    100.0% of prev    100.0% of all
                  1. reached the food                           5     23.8% of prev     23.8% of all
                  2. picked food up out there                   4     80.0% of prev     19.0% of all
                  3. turned for home with it                    3     75.0% of prev     14.3% of all
                  4. got back to the nest still holding it      1     33.3% of prev      4.8% of all
                  5. PUT IT DOWN there                          1    100.0% of prev      4.8% of all
                  6. went back out again                        1    100.0% of prev      4.8% of all
                  7. reached the food a SECOND time             0      0.0% of prev      0.0% of all
                RETURN LEDGER reached food    5 of   21 ants | came back    1 | trips laden    1 empty    0 | LOOPERS    1 of   21 ants (20.0% of those that reached food), repeat    0, most loops by one ant   1
                BY ANCHOR AT PICKUP  anchor ON nest material:    1 loops /    4 pickups ( 25.0%) | anchor OFF it:    0 /    0 (  0.0%)
                BY BIRTH SITE  born ON comb:   1 of   5 that reached food looped ( 20.0%) | born OFF comb:   0 of   0 (  0.0%)
                LEGS legs[1357] laden[1357]
                founded x   30..68   (nest cursor 48 MATERIAL x 26..70 20 of 21 founders born on it; food 188; nearest founder 120 cells out, farthest 158, nominal gap 140)  occupancy/1k [7 27 10 22 27 13 5 1]  carry->nest     321  born    1 died   21 (starved   21)
                own trail: route pk   10 end    0 along +0.0000  B nest->food [1438,4289,7125,9950,8332]  blocked      121  kin swaps       0  ticks     19200  tumbles      5627 (homeward       99, 1.76%)  drops     353  DELIVERED   353  leg home n    1 med  1357 p90  1357 (laden n    1 med  1357 p90  1357)  appetite held         0 J of      6688  trips born-on-comb    1 (20 ants) / born-off    0 (1 ants)
                channel A: PEAK amt  34569 cells  139 (of 141 route)  POLARITY|| +0.08245 && +0.07436 SPAN +0.00210 edge   5.5  end nest->food [823,1902,606,0,0]  nest   25  AtNest 12.52%
                Carrying: laden     19686  of which SPOIL      7608 ( 38.6%)
    DECISION CENSUS: 37381 decisions, reconciled against the rows and the engine's counters
      C1 homeward re-roll: no_usable 109, bias_off 0, no_crop 11208, empty_crop 0, no_site 0, on_anchor 2170, roll_failed 501, fired 638, fired_haul 0
      C1 fired, aimed: toward 595, across 24, away 19
      C2 drop: roll_lost 5654, placed 0, delivered 1885, no_room 0 -- no room on 0.0% of won rolls; handed on through bodies 36 (mean 2.0 steps)
      C3 cone: left 634, straight 5849, right 568; Turn nonzero on 335 picks (largest |Turn| 7.63e-8), discarded on 231
      leg     setting          n  stepped    felllaunched swappedcrossingreversedblocked_roll_fairoll_fai no_body
      empty   pocket         965     4.4%   21.9%    0.0%    0.0%    0.0%    0.0%    1.8%   34.8%   37.2%    0.0%
      empty   corridor      2768    43.1%    3.5%    0.0%    0.0%    0.0%    0.0%    0.1%   27.3%   26.0%    0.0%
      empty   junction     21589    16.1%    2.5%    0.0%    0.0%    0.0%    0.0%    0.2%   40.8%   40.5%    0.0%
      empty   open          3257    31.6%    9.8%    0.0%    0.0%    0.0%    0.0%    0.0%   29.4%   29.2%    0.0%
      laden   pocket         239     2.9%   32.6%    0.0%    0.0%    0.0%    0.0%    0.0%   38.1%   26.4%    0.0%
      laden   corridor       602    35.5%    2.5%    0.0%    0.0%    0.0%    0.0%    0.0%   29.7%   32.2%    0.0%
      laden   junction      5511    11.6%    1.4%    0.0%    0.0%    0.0%    0.0%    0.2%   43.9%   42.9%    0.0%
      laden   open          1572    11.6%    1.7%    0.0%    0.0%    0.0%    0.0%    0.0%   42.8%   43.8%    0.0%
      spoil   pocket         204    16.2%    1.0%    0.0%    0.0%    0.0%    0.0%   14.2%   32.8%   35.8%    0.0%
      spoil   corridor       259    38.6%    0.4%    0.0%    0.0%    0.0%    0.0%    1.5%   32.4%   27.0%    0.0%
      spoil   junction       321    34.3%    1.6%    0.0%    0.0%    0.0%    0.0%    5.0%   32.1%   27.1%    0.0%
      spoil   open            94    35.1%    3.2%    0.0%    0.0%    0.0%    0.0%    0.0%   35.1%   26.6%    0.0%
    DECISIONS: rows not written (decisionnorows)
  140    8  hand    6/6         7914     2232        0    47545    35845    9/22        7         3 1 4 14 0
                A READ  ant-readable homeward along >= 0.02 on  62.5% of route-cell samples | FOODWARD  16.2% | plane lit on  83.6% | peak amt  38061 cells 141
                THE LOOP, ANT BY ANT:
                  0. lived                                     22    100.0% of prev    100.0% of all
                  1. reached the food                           9     40.9% of prev     40.9% of all
                  2. picked food up out there                   8     88.9% of prev     36.4% of all
                  3. turned for home with it                    8    100.0% of prev     36.4% of all
                  4. got back to the nest still holding it      7     87.5% of prev     31.8% of all
                  5. PUT IT DOWN there                          7    100.0% of prev     31.8% of all
                  6. went back out again                        2     28.6% of prev      9.1% of all
                  7. reached the food a SECOND time             0      0.0% of prev      0.0% of all
                RETURN LEDGER reached food    9 of   22 ants | came back    7 | trips laden    7 empty    0 | LOOPERS    7 of   22 ants (77.8% of those that reached food), repeat    0, most loops by one ant   1
                BY ANCHOR AT PICKUP  anchor ON nest material:    7 loops /    8 pickups ( 87.5%) | anchor OFF it:    0 /    0 (  0.0%)
                BY BIRTH SITE  born ON comb:   7 of   9 that reached food looped ( 77.8%) | born OFF comb:   0 of   0 (  0.0%)
                LEGS legs[1063,1549,1423,1327,1531,1339,1477] laden[1063,1549,1423,1327,1531,1339,1477]
                founded x   30..68   (nest cursor 48 MATERIAL x 26..70 20 of 22 founders born on it; food 188; nearest founder 120 cells out, farthest 158, nominal gap 140)  occupancy/1k [14 125 15 23 18 11 9 4]  carry->nest     875  born    2 died   16 (starved   15)
                own trail: route pk   16 end   10 along +0.0002  B nest->food [1438,4474,7240,10162,8332]  blocked      115  kin swaps       0  ticks     37382  tumbles     14626 (homeward      638, 4.36%)  drops    1885  DELIVERED  1885  leg home n    7 med  1423 p90  1531 (laden n    7 med  1423 p90  1531)  appetite held         0 J of     26193  trips born-on-comb    7 (21 ants) / born-off    0 (1 ants)
                channel A: PEAK amt  38061 cells  141 (of 141 route)  POLARITY|| +0.08387 && +0.07718 SPAN +0.00140 edge   4.6  end nest->food [913,2141,513,0,0]  nest   25  AtNest 48.75%
                Carrying: laden     52813  of which SPOIL      5370 ( 10.2%)
    DECISION CENSUS: 26999 decisions, reconciled against the rows and the engine's counters
      C1 homeward re-roll: no_usable 141, bias_off 0, no_crop 7119, empty_crop 0, no_site 0, on_anchor 615, roll_failed 894, fired 365, fired_haul 0
      C1 fired, aimed: toward 228, across 69, away 68
      C2 drop: roll_lost 3825, placed 0, delivered 565, no_room 0 -- no room on 0.0% of won rolls; handed on through bodies 0 (mean 0.0 steps)
      C3 cone: left 567, straight 7040, right 539; Turn nonzero on 76 picks (largest |Turn| 7.63e-8), discarded on 65
      leg     setting          n  stepped    felllaunched swappedcrossingreversedblocked_roll_fairoll_fai no_body
      empty   pocket        1209    12.1%   22.6%    0.0%    0.0%    0.0%    0.0%    7.0%   29.1%   29.2%    0.0%
      empty   corridor      5303    47.2%    1.7%    0.0%    0.0%    0.0%    0.0%    0.3%   24.7%   26.0%    0.0%
      empty   junction     11560    32.2%    3.6%    0.0%    0.0%    0.0%    0.0%    0.5%   32.6%   31.1%    0.0%
      empty   open          2247    31.4%    7.0%    0.0%    0.0%    0.0%    0.0%    0.0%   30.8%   30.8%    0.0%
      laden   pocket         548     0.4%    7.7%    0.0%    0.0%    0.0%    0.0%    0.0%   47.6%   44.3%    0.0%
      laden   corridor      1205    16.4%    1.1%    0.0%    0.0%    0.0%    0.0%    0.2%   44.6%   37.7%    0.0%
      laden   junction      2515    14.3%    1.7%    0.0%    0.0%    0.0%    0.0%    0.2%   42.2%   41.6%    0.0%
      laden   open           173    37.6%    4.0%    0.0%    0.0%    0.0%    0.0%    0.0%   28.3%   30.1%    0.0%
      spoil   pocket        1329     4.2%    0.7%    0.0%    0.0%    0.0%    0.0%    3.5%   45.4%   46.1%    0.0%
      spoil   corridor       336    47.0%    0.0%    0.0%    0.0%    0.0%    0.0%    3.3%   25.0%   24.7%    0.0%
      spoil   junction       494    39.1%    2.2%    0.0%    0.0%    0.0%    0.0%    3.0%   30.2%   25.5%    0.0%
      spoil   open            80    47.5%    0.0%    0.0%    0.0%    0.0%    0.0%    0.0%   27.5%   25.0%    0.0%
    DECISIONS: rows not written (decisionnorows)
  140    9  hand    1/1         3484     1890        0    26652     9402    7/20        3         0 2 7 11 0
                A READ  ant-readable homeward along >= 0.02 on  56.6% of route-cell samples | FOODWARD  18.0% | plane lit on  80.6% | peak amt  39498 cells 138
                THE LOOP, ANT BY ANT:
                  0. lived                                     20    100.0% of prev    100.0% of all
                  1. reached the food                           7     35.0% of prev     35.0% of all
                  2. picked food up out there                   6     85.7% of prev     30.0% of all
                  3. turned for home with it                    6    100.0% of prev     30.0% of all
                  4. got back to the nest still holding it      3     50.0% of prev     15.0% of all
                  5. PUT IT DOWN there                          3    100.0% of prev     15.0% of all
                  6. went back out again                        3    100.0% of prev     15.0% of all
                  7. reached the food a SECOND time             0      0.0% of prev      0.0% of all
                RETURN LEDGER reached food    7 of   20 ants | came back    3 | trips laden    2 empty    1 | LOOPERS    2 of   20 ants (28.6% of those that reached food), repeat    0, most loops by one ant   1
                BY ANCHOR AT PICKUP  anchor ON nest material:    2 loops /    6 pickups ( 33.3%) | anchor OFF it:    0 /    0 (  0.0%)
                BY BIRTH SITE  born ON comb:   2 of   7 that reached food looped ( 28.6%) | born OFF comb:   0 of   0 (  0.0%)
                LEGS legs[1537,1459,6535] laden[1537,1459]
                founded x   30..68   (nest cursor 48 MATERIAL x 26..70 20 of 20 founders born on it; food 188; nearest founder 120 cells out, farthest 158, nominal gap 140)  occupancy/1k [13 33 52 24 16 10 7 3]  carry->nest     561  born    0 died   19 (starved   18)
                own trail: route pk   12 end    9 along +0.0000  B nest->food [1438,4297,7222,10051,8332]  blocked      247  kin swaps       0  ticks     27000  tumbles      9134 (homeward      365, 4.00%)  drops     565  DELIVERED   565  leg home n    3 med  1537 p90  6535 (laden n    2 med  1537 p90  1537)  appetite held         0 J of     14669  trips born-on-comb    3 (20 ants) / born-off    0 (0 ants)
                channel A: PEAK amt  39498 cells  138 (of 141 route)  POLARITY|| +0.08173 && +0.07385 SPAN +0.00239 edge   5.4  end nest->food [629,2183,241,0,0]  nest   25  AtNest 17.46%
                Carrying: laden     40086  of which SPOIL     13434 ( 33.5%)
    DECISION CENSUS: 38865 decisions, reconciled against the rows and the engine's counters
      C1 homeward re-roll: no_usable 99, bias_off 0, no_crop 10654, empty_crop 0, no_site 0, on_anchor 1492, roll_failed 1115, fired 1310, fired_haul 0
      C1 fired, aimed: toward 610, across 278, away 422
      C2 drop: roll_lost 7504, placed 0, delivered 1207, no_room 77 -- no room on 6.0% of won rolls; handed on through bodies 58 (mean 2.1 steps)
      C3 cone: left 749, straight 6803, right 640; Turn nonzero on 476 picks (largest |Turn| 7.63e-8), discarded on 281
      leg     setting          n  stepped    felllaunched swappedcrossingreversedblocked_roll_fairoll_fai no_body
      empty   pocket        1342     3.4%   16.8%    0.0%    0.0%    0.0%    0.0%    0.4%   37.0%   42.4%    0.0%
      empty   corridor      6757    19.4%    1.5%    0.0%    0.0%    0.0%    0.0%    0.2%   38.6%   40.3%    0.0%
      empty   junction     15986    28.7%    3.8%    0.0%    0.0%    0.0%    0.0%    0.3%   33.7%   33.5%    0.0%
      empty   open          4752    19.8%    5.4%    0.0%    0.0%    0.0%    0.0%    0.0%   37.2%   37.6%    0.0%
      laden   pocket        3081     0.8%    2.1%    0.0%    0.0%    0.0%    0.0%    0.3%   48.7%   48.0%    0.0%
      laden   corridor      2885     9.7%    0.4%    0.0%    0.0%    0.0%    0.0%    0.0%   44.6%   45.3%    0.0%
      laden   junction      2607    24.0%    2.0%    0.0%    0.0%    0.0%    0.0%    0.4%   37.1%   36.5%    0.0%
      laden   open           482    21.6%    3.5%    0.0%    0.0%    0.0%    0.0%    0.0%   39.0%   35.9%    0.0%
      spoil   pocket         161     6.8%    6.8%    0.0%    0.0%    0.0%    0.0%    3.7%   43.5%   39.1%    0.0%
      spoil   corridor       124    22.6%    0.0%    0.0%    0.0%    0.0%    0.0%    4.8%   39.5%   33.1%    0.0%
      spoil   junction       616    31.7%    1.3%    0.0%    0.0%    0.0%    0.0%    4.4%   33.4%   29.2%    0.0%
      spoil   open            72    47.2%    0.0%    0.0%    0.0%    0.0%    0.0%    0.0%   23.6%   29.2%    0.0%
    DECISIONS: rows not written (decisionnorows)
  140   10  hand    6/6         7048     1842        0    54649    34105   10/21        7         1 0 3 17 0
                A READ  ant-readable homeward along >= 0.02 on  64.1% of route-cell samples | FOODWARD  19.5% | plane lit on  90.4% | peak amt  43882 cells 140
                THE LOOP, ANT BY ANT:
                  0. lived                                     21    100.0% of prev    100.0% of all
                  1. reached the food                          10     47.6% of prev     47.6% of all
                  2. picked food up out there                   9     90.0% of prev     42.9% of all
                  3. turned for home with it                    7     77.8% of prev     33.3% of all
                  4. got back to the nest still holding it      7    100.0% of prev     33.3% of all
                  5. PUT IT DOWN there                          7    100.0% of prev     33.3% of all
                  6. went back out again                        6     85.7% of prev     28.6% of all
                  7. reached the food a SECOND time             0      0.0% of prev      0.0% of all
                RETURN LEDGER reached food   10 of   21 ants | came back    7 | trips laden    7 empty    0 | LOOPERS    7 of   21 ants (70.0% of those that reached food), repeat    0, most loops by one ant   1
                BY ANCHOR AT PICKUP  anchor ON nest material:    7 loops /   10 pickups ( 70.0%) | anchor OFF it:    0 /    0 (  0.0%)
                BY BIRTH SITE  born ON comb:   7 of  10 that reached food looped ( 70.0%) | born OFF comb:   0 of   0 (  0.0%)
                LEGS legs[1441,1237,967,1123,931,1339,997] laden[1441,1237,967,1123,931,1339,997]
                founded x   30..68   (nest cursor 48 MATERIAL x 26..70 20 of 21 founders born on it; food 188; nearest founder 120 cells out, farthest 158, nominal gap 140)  occupancy/1k [6 108 13 19 31 20 27 6]  carry->nest     906  born    1 died   15 (starved   13)
                own trail: route pk   38 end    7 along -0.0000  B nest->food [1438,4468,7201,10141,8332]  blocked      126  kin swaps       0  ticks     38867  tumbles     14670 (homeward     1310, 8.93%)  drops    1207  DELIVERED  1207  leg home n    7 med  1123 p90  1339 (laden n    7 med  1123 p90  1339)  appetite held         0 J of     29798  trips born-on-comb    7 (20 ants) / born-off    0 (1 ants)
                channel A: PEAK amt  43882 cells  140 (of 141 route)  POLARITY|| +0.07141 && +0.06467 SPAN +0.00007 edge   5.3  end nest->food [605,1789,573,0,0]  nest   25  AtNest 21.65%
                Carrying: laden     60487  of which SPOIL      6114 ( 10.1%)
    DECISION CENSUS: 20243 decisions, reconciled against the rows and the engine's counters
      C1 homeward re-roll: no_usable 116, bias_off 0, no_crop 4997, empty_crop 0, no_site 0, on_anchor 0, roll_failed 542, fired 82, fired_haul 0
      C1 fired, aimed: toward 78, across 0, away 4
      C2 drop: roll_lost 2030, placed 0, delivered 0, no_room 0 -- no room on 0.0% of won rolls; handed on through bodies 0 (mean 0.0 steps)
      C3 cone: left 725, straight 6183, right 679; Turn nonzero on 211 picks (largest |Turn| 7.63e-8), discarded on 178
      leg     setting          n  stepped    felllaunched swappedcrossingreversedblocked_roll_fairoll_fai no_body
      empty   pocket        1056     7.1%   24.6%    0.0%    0.0%    0.0%    0.0%    3.3%   32.5%   32.5%    0.0%
      empty   corridor      2715    46.3%    3.7%    0.0%    0.0%    0.0%    0.0%    0.7%   24.6%   24.7%    0.0%
      empty   junction      9683    40.5%    5.9%    0.0%    0.0%    0.0%    0.0%    0.7%   26.6%   26.4%    0.0%
      empty   open          3122    38.6%    8.8%    0.0%    0.0%    0.0%    0.0%    0.0%   27.3%   25.3%    0.0%
      laden   pocket         291     2.4%   24.1%    0.0%    0.0%    0.0%    0.0%    0.0%   36.4%   37.1%    0.0%
      laden   corridor       480    22.7%    4.8%    0.0%    0.0%    0.0%    0.0%    0.8%   34.0%   37.7%    0.0%
      laden   junction       995    39.9%    6.1%    0.0%    0.0%    0.0%    0.0%    0.4%   27.6%   25.9%    0.0%
      laden   open           264    39.4%    8.3%    0.0%    0.0%    0.0%    0.0%    0.0%   28.4%   23.9%    0.0%
      spoil   pocket         531     9.0%    3.8%    0.0%    0.0%    0.0%    0.0%    8.5%   33.9%   44.8%    0.0%
      spoil   corridor       361    34.9%    0.6%    0.0%    0.0%    0.0%    0.0%    5.3%   31.3%   28.0%    0.0%
      spoil   junction       607    45.5%    2.6%    0.0%    0.0%    0.0%    0.0%    2.5%   24.1%   25.4%    0.0%
      spoil   open           138    48.6%    2.9%    0.0%    0.0%    0.0%    0.0%    0.0%   24.6%   23.9%    0.0%
    DECISIONS: rows not written (decisionnorows)
  140   11  hand    0/0         1596     2406     8706    12180        0    8/20        0         1 0 3 16 0
                A READ  ant-readable homeward along >= 0.02 on  56.2% of route-cell samples | FOODWARD  18.0% | plane lit on  84.3% | peak amt  37811 cells 139
                THE LOOP, ANT BY ANT:
                  0. lived                                     20    100.0% of prev    100.0% of all
                  1. reached the food                           8     40.0% of prev     40.0% of all
                  2. picked food up out there                   7     87.5% of prev     35.0% of all
                  3. turned for home with it                    7    100.0% of prev     35.0% of all
                  4. got back to the nest still holding it      0      0.0% of prev      0.0% of all
                  5. PUT IT DOWN there                          0      0.0% of prev      0.0% of all
                  6. went back out again                        0      0.0% of prev      0.0% of all
                  7. reached the food a SECOND time             0      0.0% of prev      0.0% of all
                RETURN LEDGER reached food    8 of   20 ants | came back    0 | trips laden    0 empty    0 | LOOPERS    0 of   20 ants ( 0.0% of those that reached food), repeat    0, most loops by one ant   0
                BY ANCHOR AT PICKUP  anchor ON nest material:    0 loops /    7 pickups (  0.0%) | anchor OFF it:    0 /    0 (  0.0%)
                BY BIRTH SITE  born ON comb:   0 of   8 that reached food looped (  0.0%) | born OFF comb:   0 of   0 (  0.0%)
                founded x   30..68   (nest cursor 48 MATERIAL x 26..70 20 of 20 founders born on it; food 188; nearest founder 120 cells out, farthest 158, nominal gap 140)  occupancy/1k [6 19 15 23 23 20 9 3]  carry->nest     575  born    0 died   20 (starved   20)
                own trail: route pk    0 end    0 along +0.0000  B nest->food [1438,4293,7334,10038,8332]  blocked      207  kin swaps       0  ticks     20243  tumbles      5737 (homeward       82, 1.43%)  drops       0  DELIVERED     0  leg home n    0 med     0 p90     0 (laden n    0 med     0 p90     0)  appetite held         0 J of      6720  trips born-on-comb    0 (20 ants) / born-off    0 (0 ants)
                channel A: PEAK amt  37811 cells  139 (of 141 route)  POLARITY|| +0.07974 && +0.07090 SPAN -0.00117 edge   5.2  end nest->food [713,1615,354,0,0]  nest   25  AtNest  4.90%
                Carrying: laden     22002  of which SPOIL      9822 ( 44.6%)
    DECISION CENSUS: 23576 decisions, reconciled against the rows and the engine's counters
      C1 homeward re-roll: no_usable 133, bias_off 0, no_crop 5977, empty_crop 0, no_site 0, on_anchor 0, roll_failed 818, fired 255, fired_haul 0
      C1 fired, aimed: toward 154, across 81, away 20
      C2 drop: roll_lost 2900, placed 0, delivered 0, no_room 0 -- no room on 0.0% of won rolls; handed on through bodies 0 (mean 0.0 steps)
      C3 cone: left 790, straight 6529, right 677; Turn nonzero on 277 picks (largest |Turn| 3.81e-8), discarded on 196
      leg     setting          n  stepped    felllaunched swappedcrossingreversedblocked_roll_fairoll_fai no_body
      empty   pocket        2065     4.8%   15.8%    0.0%    0.0%    0.0%    0.0%    1.7%   39.6%   38.1%    0.0%
      empty   corridor      2724    44.3%    4.0%    0.0%    0.0%    0.0%    0.0%    1.1%   25.5%   25.1%    0.0%
      empty   junction     11333    40.0%    5.4%    0.0%    0.0%    0.0%    0.0%    0.7%   27.0%   26.9%    0.0%
      empty   open          2961    36.4%    8.1%    0.0%    0.0%    0.0%    0.0%    0.0%   27.0%   28.5%    0.0%
      laden   pocket         393     2.5%   18.1%    0.0%    0.0%    0.0%    0.0%    0.3%   39.7%   39.4%    0.0%
      laden   corridor       820    20.4%    1.2%    0.0%    0.0%    0.0%    0.0%    1.0%   37.6%   39.9%    0.0%
      laden   junction      1529    24.7%    3.6%    0.0%    0.0%    0.0%    0.0%    0.3%   37.1%   34.3%    0.0%
      laden   open           160    46.2%    6.9%    0.0%    0.0%    0.0%    0.0%    0.0%   23.8%   23.1%    0.0%
      spoil   pocket         577     4.7%    2.9%    0.0%    0.0%    0.0%    0.0%    3.1%   43.5%   45.8%    0.0%
      spoil   corridor       187    39.0%    3.2%    0.0%    0.0%    0.0%    0.0%   10.7%   25.1%   21.9%    0.0%
      spoil   junction       702    41.6%    2.0%    0.0%    0.0%    0.0%    0.0%    3.6%   26.2%   26.6%    0.0%
      spoil   open           125    43.2%    2.4%    0.0%    0.0%    0.0%    0.0%    0.0%   34.4%   20.0%    0.0%
    DECISIONS: rows not written (decisionnorows)
  140   12  hand    0/0         2280     2208    11574    17412        0   10/20        1         1 0 1 18 0
                A READ  ant-readable homeward along >= 0.02 on  57.8% of route-cell samples | FOODWARD  17.1% | plane lit on  87.1% | peak amt  37135 cells 139
                THE LOOP, ANT BY ANT:
                  0. lived                                     20    100.0% of prev    100.0% of all
                  1. reached the food                          10     50.0% of prev     50.0% of all
                  2. picked food up out there                   7     70.0% of prev     35.0% of all
                  3. turned for home with it                    6     85.7% of prev     30.0% of all
                  4. got back to the nest still holding it      0      0.0% of prev      0.0% of all
                  5. PUT IT DOWN there                          0      0.0% of prev      0.0% of all
                  6. went back out again                        0      0.0% of prev      0.0% of all
                  7. reached the food a SECOND time             0      0.0% of prev      0.0% of all
                RETURN LEDGER reached food   10 of   20 ants | came back    1 | trips laden    0 empty    1 | LOOPERS    0 of   20 ants ( 0.0% of those that reached food), repeat    0, most loops by one ant   0
                BY ANCHOR AT PICKUP  anchor ON nest material:    0 loops /    8 pickups (  0.0%) | anchor OFF it:    0 /    0 (  0.0%)
                BY BIRTH SITE  born ON comb:   0 of  10 that reached food looped (  0.0%) | born OFF comb:   0 of   0 (  0.0%)
                LEGS legs[4525] laden[]
                founded x   30..68   (nest cursor 48 MATERIAL x 26..70 20 of 20 founders born on it; food 188; nearest founder 120 cells out, farthest 158, nominal gap 140)  occupancy/1k [9 19 21 20 30 21 15 4]  carry->nest     582  born    0 died   20 (starved   19)
                own trail: route pk   67 end    0 along +0.0000  B nest->food [1438,4246,7239,10050,8332]  blocked      217  kin swaps       0  ticks     23577  tumbles      7183 (homeward      255, 3.55%)  drops       0  DELIVERED     0  leg home n    1 med  4525 p90  4525 (laden n    0 med     0 p90     0)  appetite held         0 J of      9600  trips born-on-comb    1 (20 ants) / born-off    0 (0 ants)
                channel A: PEAK amt  37135 cells  139 (of 141 route)  POLARITY|| +0.07325 && +0.06437 SPAN -0.00067 edge   5.0  end nest->food [529,1275,392,0,0]  nest   25  AtNest  5.41%
                Carrying: laden     26958  of which SPOIL      9546 ( 35.4%)
    DECISION CENSUS: 28701 decisions, reconciled against the rows and the engine's counters
      C1 homeward re-roll: no_usable 119, bias_off 0, no_crop 7752, empty_crop 0, no_site 0, on_anchor 844, roll_failed 800, fired 454, fired_haul 0
      C1 fired, aimed: toward 200, across 233, away 21
      C2 drop: roll_lost 4192, placed 0, delivered 804, no_room 0 -- no room on 0.0% of won rolls; handed on through bodies 1 (mean 2.0 steps)
      C3 cone: left 718, straight 6396, right 601; Turn nonzero on 635 picks (largest |Turn| 7.63e-8), discarded on 558
      leg     setting          n  stepped    felllaunched swappedcrossingreversedblocked_roll_fairoll_fai no_body
      empty   pocket        1321     8.9%   20.4%    0.0%    0.0%    0.0%    0.0%    4.4%   34.6%   31.7%    0.0%
      empty   corridor      3586    46.1%    2.1%    0.0%    0.0%    0.0%    0.0%    0.5%   24.7%   26.6%    0.0%
      empty   junction     13204    28.0%    3.6%    0.0%    0.0%    0.0%    0.0%    0.6%   33.8%   34.0%    0.0%
      empty   open          3560    30.0%    8.7%    0.0%    0.0%    0.0%    0.0%    0.0%   31.0%   30.2%    0.0%
      laden   pocket         172     4.1%   17.4%    0.0%    0.0%    0.0%    0.0%    1.2%   39.0%   38.4%    0.0%
      laden   corridor       492    24.4%    1.2%    0.0%    0.0%    0.0%    0.0%    0.0%   38.4%   36.0%    0.0%
      laden   junction      3917    10.4%    1.0%    0.0%    0.0%    0.0%    0.0%    0.3%   42.7%   45.6%    0.0%
      laden   open           517    17.0%    4.1%    0.0%    0.0%    0.0%    0.0%    0.0%   39.1%   39.8%    0.0%
      spoil   pocket         696     9.3%    0.7%    0.0%    0.0%    0.0%    0.0%    8.0%   44.0%   37.9%    0.0%
      spoil   corridor       579    43.2%    0.0%    0.0%    0.0%    0.0%    0.0%    1.0%   30.1%   25.7%    0.0%
      spoil   junction       537    36.1%    0.9%    0.0%    0.0%    0.0%    0.0%    3.7%   27.9%   31.3%    0.0%
      spoil   open           120    35.8%    1.7%    0.0%    0.0%    0.0%    0.0%    0.0%   35.0%   27.5%    0.0%
    DECISIONS: rows not written (decisionnorows)
  140   13  hand    2/2         4654     2322        0    30589    14107    8/21        2         4 0 5 12 0
                A READ  ant-readable homeward along >= 0.02 on  57.0% of route-cell samples | FOODWARD  18.4% | plane lit on  85.3% | peak amt  37480 cells 140
                THE LOOP, ANT BY ANT:
                  0. lived                                     21    100.0% of prev    100.0% of all
                  1. reached the food                           8     38.1% of prev     38.1% of all
                  2. picked food up out there                   7     87.5% of prev     33.3% of all
                  3. turned for home with it                    5     71.4% of prev     23.8% of all
                  4. got back to the nest still holding it      2     40.0% of prev      9.5% of all
                  5. PUT IT DOWN there                          2    100.0% of prev      9.5% of all
                  6. went back out again                        1     50.0% of prev      4.8% of all
                  7. reached the food a SECOND time             0      0.0% of prev      0.0% of all
                RETURN LEDGER reached food    8 of   21 ants | came back    2 | trips laden    2 empty    0 | LOOPERS    2 of   21 ants (25.0% of those that reached food), repeat    0, most loops by one ant   1
                BY ANCHOR AT PICKUP  anchor ON nest material:    2 loops /    7 pickups ( 28.6%) | anchor OFF it:    0 /    0 (  0.0%)
                BY BIRTH SITE  born ON comb:   2 of   8 that reached food looped ( 25.0%) | born OFF comb:   0 of   0 (  0.0%)
                LEGS legs[1105,3037] laden[1105,3037]
                founded x   30..68   (nest cursor 48 MATERIAL x 26..70 20 of 21 founders born on it; food 188; nearest founder 120 cells out, farthest 158, nominal gap 140)  occupancy/1k [20 50 12 19 20 30 12 5]  carry->nest     522  born    1 died   19 (starved   18)
                own trail: route pk   13 end   10 along +0.0004  B nest->food [1438,4285,7154,10086,8332]  blocked      253  kin swaps       0  ticks     28702  tumbles      9969 (homeward      454, 4.55%)  drops     804  DELIVERED   804  leg home n    2 med  3037 p90  3037 (laden n    2 med  3037 p90  3037)  appetite held         0 J of     16581  trips born-on-comb    2 (20 ants) / born-off    0 (1 ants)
                channel A: PEAK amt  37480 cells  140 (of 141 route)  POLARITY|| +0.07786 && +0.07052 SPAN +0.00090 edge   4.6  end nest->food [695,1326,212,0,0]  nest   25  AtNest 21.24%
                Carrying: laden     42181  of which SPOIL     11646 ( 27.6%)
    DECISION CENSUS: 20047 decisions, reconciled against the rows and the engine's counters
      C1 homeward re-roll: no_usable 92, bias_off 0, no_crop 5821, empty_crop 0, no_site 0, on_anchor 0, roll_failed 409, fired 95, fired_haul 0
      C1 fired, aimed: toward 47, across 40, away 8
      C2 drop: roll_lost 1450, placed 0, delivered 0, no_room 0 -- no room on 0.0% of won rolls; handed on through bodies 0 (mean 0.0 steps)
      C3 cone: left 497, straight 5667, right 447; Turn nonzero on 126 picks (largest |Turn| 3.81e-8), discarded on 115
      leg     setting          n  stepped    felllaunched swappedcrossingreversedblocked_roll_fairoll_fai no_body
      empty   pocket        2470     5.3%   11.6%    0.0%    0.0%    0.0%    0.0%    2.3%   40.7%   40.1%    0.0%
      empty   corridor      4033    39.7%    1.8%    0.0%    0.0%    0.0%    0.0%    0.6%   29.1%   28.8%    0.0%
      empty   junction      7787    39.2%    4.8%    0.0%    0.0%    0.0%    0.0%    0.6%   27.1%   28.3%    0.0%
      empty   open          1832    37.8%    7.4%    0.0%    0.0%    0.0%    0.0%    0.0%   27.5%   27.3%    0.0%
      laden   pocket         231     0.9%   13.4%    0.0%    0.0%    0.0%    0.0%    0.4%   42.4%   42.9%    0.0%
      laden   corridor       729    19.5%    0.4%    0.0%    0.0%    0.0%    0.0%    0.3%   40.3%   39.5%    0.0%
      laden   junction       418    51.9%    2.9%    0.0%    0.0%    0.0%    0.0%    0.5%   23.4%   21.3%    0.0%
      laden   open            73    43.8%   13.7%    0.0%    0.0%    0.0%    0.0%    0.0%   20.5%   21.9%    0.0%
      spoil   pocket        1383    19.7%    1.5%    0.0%    0.0%    0.0%    0.0%   15.6%   32.4%   30.7%    0.0%
      spoil   corridor       470    46.8%    0.6%    0.0%    0.0%    0.0%    0.0%    0.9%   26.6%   25.1%    0.0%
      spoil   junction       537    40.2%    0.7%    0.0%    0.0%    0.0%    0.0%    4.5%   26.6%   27.9%    0.0%
      spoil   open            84    42.9%    2.4%    0.0%    0.0%    0.0%    0.0%    0.0%   28.6%   26.2%    0.0%
    DECISIONS: rows not written (decisionnorows)
  140   14  hand    0/0         1140     2034    13128     8706       96    4/20        1         2 0 7 11 0
                A READ  ant-readable homeward along >= 0.02 on  53.6% of route-cell samples | FOODWARD  19.0% | plane lit on  81.0% | peak amt  36390 cells 137
                THE LOOP, ANT BY ANT:
                  0. lived                                     20    100.0% of prev    100.0% of all
                  1. reached the food                           4     20.0% of prev     20.0% of all
                  2. picked food up out there                   4    100.0% of prev     20.0% of all
                  3. turned for home with it                    4    100.0% of prev     20.0% of all
                  4. got back to the nest still holding it      1     25.0% of prev      5.0% of all
                  5. PUT IT DOWN there                          1    100.0% of prev      5.0% of all
                  6. went back out again                        1    100.0% of prev      5.0% of all
                  7. reached the food a SECOND time             0      0.0% of prev      0.0% of all
                RETURN LEDGER reached food    4 of   20 ants | came back    1 | trips laden    1 empty    0 | LOOPERS    1 of   20 ants (25.0% of those that reached food), repeat    0, most loops by one ant   1
                BY ANCHOR AT PICKUP  anchor ON nest material:    1 loops /    4 pickups ( 25.0%) | anchor OFF it:    0 /    0 (  0.0%)
                BY BIRTH SITE  born ON comb:   1 of   4 that reached food looped ( 25.0%) | born OFF comb:   0 of   0 (  0.0%)
                LEGS legs[1591] laden[1591]
                founded x   30..68   (nest cursor 48 MATERIAL x 26..70 20 of 20 founders born on it; food 188; nearest founder 120 cells out, farthest 158, nominal gap 140)  occupancy/1k [8 38 11 19 21 13 5 1]  carry->nest     384  born    0 died   20 (starved   20)
                own trail: route pk    0 end    0 along +0.0000  B nest->food [1438,4330,7129,9937,8332]  blocked      380  kin swaps       0  ticks     20047  tumbles      6417 (homeward       95, 1.48%)  drops       0  DELIVERED     0  leg home n    1 med  1591 p90  1591 (laden n    1 med  1591 p90  1591)  appetite held         0 J of      4800  trips born-on-comb    1 (20 ants) / born-off    0 (0 ants)
                channel A: PEAK amt  36390 cells  137 (of 141 route)  POLARITY|| +0.07768 && +0.06913 SPAN +0.00087 edge   5.7  end nest->food [384,845,268,0,0]  nest   25  AtNest  6.96%
                Carrying: laden     23550  of which SPOIL     14844 ( 63.0%)
    DECISION CENSUS: 25241 decisions, reconciled against the rows and the engine's counters
      C1 homeward re-roll: no_usable 103, bias_off 0, no_crop 7934, empty_crop 0, no_site 0, on_anchor 325, roll_failed 440, fired 178, fired_haul 0
      C1 fired, aimed: toward 170, across 7, away 1
      C2 drop: roll_lost 2300, placed 0, delivered 293, no_room 0 -- no room on 0.0% of won rolls; handed on through bodies 31 (mean 2.1 steps)
      C3 cone: left 494, straight 5807, right 448; Turn nonzero on 382 picks (largest |Turn| 7.63e-8), discarded on 357
      leg     setting          n  stepped    felllaunched swappedcrossingreversedblocked_roll_fairoll_fai no_body
      empty   pocket        2481     6.5%    6.8%    0.0%    0.0%    0.0%    0.0%    3.7%   43.0%   40.0%    0.0%
      empty   corridor      5653    29.2%    1.0%    0.0%    0.0%    0.0%    0.0%    0.3%   34.7%   34.9%    0.0%
      empty   junction      7732    34.2%    5.2%    0.0%    0.0%    0.0%    0.0%    0.5%   30.5%   29.7%    0.0%
      empty   open          2282    34.4%    8.0%    0.0%    0.0%    0.0%    0.0%    0.0%   28.6%   28.9%    0.0%
      laden   pocket         300     4.0%   17.7%    0.0%    0.0%    0.0%    0.0%    1.0%   36.0%   41.3%    0.0%
      laden   corridor       633    30.3%    0.6%    0.0%    0.0%    0.0%    0.0%    0.2%   32.2%   36.7%    0.0%
      laden   junction      1632    22.9%    2.0%    0.0%    0.0%    0.0%    0.0%    0.7%   37.4%   37.1%    0.0%
      laden   open            65    47.7%    6.2%    0.0%    0.0%    0.0%    0.0%    0.0%   21.5%   24.6%    0.0%
      spoil   pocket        2086     9.6%    0.8%    0.0%    0.0%    0.0%    0.0%    7.3%   40.8%   41.5%    0.0%
      spoil   corridor      1337    34.7%    0.1%    0.0%    0.0%    0.0%    0.0%    1.0%   32.3%   31.9%    0.0%
      spoil   junction       828    24.2%    1.1%    0.0%    0.0%    0.0%    0.0%    2.1%   36.2%   36.5%    0.0%
      spoil   open           212    17.9%    0.5%    0.0%    0.0%    0.0%    0.0%    0.0%   39.2%   42.5%    0.0%
    DECISIONS: rows not written (decisionnorows)
  140   15  hand    0/0         2063     2094    15510    15780     7230    5/20        4         5 2 2 11 0
                A READ  ant-readable homeward along >= 0.02 on  60.1% of route-cell samples | FOODWARD  14.2% | plane lit on  78.8% | peak amt  31502 cells 138
                THE LOOP, ANT BY ANT:
                  0. lived                                     20    100.0% of prev    100.0% of all
                  1. reached the food                           5     25.0% of prev     25.0% of all
                  2. picked food up out there                   5    100.0% of prev     25.0% of all
                  3. turned for home with it                    5    100.0% of prev     25.0% of all
                  4. got back to the nest still holding it      4     80.0% of prev     20.0% of all
                  5. PUT IT DOWN there                          4    100.0% of prev     20.0% of all
                  6. went back out again                        4    100.0% of prev     20.0% of all
                  7. reached the food a SECOND time             0      0.0% of prev      0.0% of all
                RETURN LEDGER reached food    5 of   20 ants | came back    4 | trips laden    4 empty    0 | LOOPERS    4 of   20 ants (80.0% of those that reached food), repeat    0, most loops by one ant   1
                BY ANCHOR AT PICKUP  anchor ON nest material:    4 loops /    5 pickups ( 80.0%) | anchor OFF it:    0 /    0 (  0.0%)
                BY BIRTH SITE  born ON comb:   4 of   5 that reached food looped ( 80.0%) | born OFF comb:   0 of   0 (  0.0%)
                LEGS legs[1141,1159,1063,3265] laden[1141,1159,1063,3265]
                founded x   30..68   (nest cursor 48 MATERIAL x 26..70 20 of 20 founders born on it; food 188; nearest founder 120 cells out, farthest 158, nominal gap 140)  occupancy/1k [26 63 10 14 15 13 5 1]  carry->nest     553  born    0 died   20 (starved   20)
                own trail: route pk   13 end    0 along +0.0000  B nest->food [1438,4328,7162,10006,8332]  blocked      341  kin swaps       0  ticks     25241  tumbles      8980 (homeward      178, 1.98%)  drops     293  DELIVERED   293  leg home n    4 med  1159 p90  3265 (laden n    4 med  1159 p90  3265)  appetite held         0 J of      8684  trips born-on-comb    4 (20 ants) / born-off    0 (0 ants)
                channel A: PEAK amt  31502 cells  138 (of 141 route)  POLARITY|| +0.10804 && +0.10102 SPAN +0.00337 edge   5.5  end nest->food [3629,4384,130,0,0]  nest   25  AtNest 28.21%
                Carrying: laden     42558  of which SPOIL     27186 ( 63.9%)
    DECISION CENSUS: 18489 decisions, reconciled against the rows and the engine's counters
      C1 homeward re-roll: no_usable 115, bias_off 0, no_crop 4793, empty_crop 0, no_site 0, on_anchor 7, roll_failed 350, fired 108, fired_haul 0
      C1 fired, aimed: toward 57, across 51, away 0
      C2 drop: roll_lost 1292, placed 0, delivered 9, no_room 0 -- no room on 0.0% of won rolls; handed on through bodies 0 (mean 0.0 steps)
      C3 cone: left 552, straight 5830, right 508; Turn nonzero on 111 picks (largest |Turn| 3.81e-8), discarded on 108
      leg     setting          n  stepped    felllaunched swappedcrossingreversedblocked_roll_fairoll_fai no_body
      empty   pocket        1195     9.7%   18.2%    0.0%    0.0%    0.0%    0.0%    5.7%   35.5%   30.9%    0.0%
      empty   corridor      3553    48.7%    2.3%    0.0%    0.0%    0.0%    0.0%    0.4%   24.4%   24.2%    0.0%
      empty   junction      7598    41.9%    6.0%    0.0%    0.0%    0.0%    0.0%    0.6%   24.8%   26.7%    0.0%
      empty   open          2447    38.9%    8.4%    0.0%    0.0%    0.0%    0.0%    0.0%   26.3%   26.4%    0.0%
      laden   pocket          31     0.0%   51.6%    0.0%    0.0%    0.0%    0.0%    0.0%   12.9%   35.5%    0.0%
      laden   corridor       527    30.0%    0.6%    0.0%    0.0%    0.0%    0.0%    0.0%   32.3%   37.2%    0.0%
      laden   junction       653    22.1%    2.6%    0.0%    0.0%    0.0%    0.0%    0.6%   39.5%   35.2%    0.0%
      laden   open            91    38.5%    8.8%    0.0%    0.0%    0.0%    0.0%    0.0%   30.8%   22.0%    0.0%
      spoil   pocket        1393    10.0%    0.4%    0.0%    0.0%    0.0%    0.0%    9.0%   39.6%   41.1%    0.0%
      spoil   corridor       405    42.0%    0.0%    0.0%    0.0%    0.0%    0.0%    1.7%   28.4%   27.9%    0.0%
      spoil   junction       471    43.5%    3.0%    0.0%    0.0%    0.0%    0.0%    4.9%   22.5%   26.1%    0.0%
      spoil   open           125    45.6%    1.6%    0.0%    0.0%    0.0%    0.0%    0.0%   27.2%   25.6%    0.0%
    DECISIONS: rows not written (decisionnorows)
  140   16  hand    0/0         1023     1986     9768     7812      132    4/20        1         2 0 10 8 0
                A READ  ant-readable homeward along >= 0.02 on  56.8% of route-cell samples | FOODWARD  16.7% | plane lit on  79.0% | peak amt  37183 cells 138
                THE LOOP, ANT BY ANT:
                  0. lived                                     20    100.0% of prev    100.0% of all
                  1. reached the food                           4     20.0% of prev     20.0% of all
                  2. picked food up out there                   4    100.0% of prev     20.0% of all
                  3. turned for home with it                    3     75.0% of prev     15.0% of all
                  4. got back to the nest still holding it      1     33.3% of prev      5.0% of all
                  5. PUT IT DOWN there                          1    100.0% of prev      5.0% of all
                  6. went back out again                        1    100.0% of prev      5.0% of all
                  7. reached the food a SECOND time             0      0.0% of prev      0.0% of all
                RETURN LEDGER reached food    4 of   20 ants | came back    1 | trips laden    1 empty    0 | LOOPERS    1 of   20 ants (25.0% of those that reached food), repeat    0, most loops by one ant   1
                BY ANCHOR AT PICKUP  anchor ON nest material:    1 loops /    4 pickups ( 25.0%) | anchor OFF it:    0 /    0 (  0.0%)
                BY BIRTH SITE  born ON comb:   1 of   4 that reached food looped ( 25.0%) | born OFF comb:   0 of   0 (  0.0%)
                LEGS legs[2377] laden[2377]
                founded x   30..68   (nest cursor 48 MATERIAL x 26..70 20 of 20 founders born on it; food 188; nearest founder 120 cells out, farthest 158, nominal gap 140)  occupancy/1k [9 24 13 24 22 10 4 1]  carry->nest     318  born    0 died   20 (starved   20)
                own trail: route pk    0 end    0 along +0.0000  B nest->food [1438,4295,7156,9959,8332]  blocked      288  kin swaps       0  ticks     18489  tumbles      5373 (homeward      108, 2.01%)  drops       9  DELIVERED     9  leg home n    1 med  2377 p90  2377 (laden n    1 med  2377 p90  2377)  appetite held         0 J of      4305  trips born-on-comb    1 (20 ants) / born-off    0 (0 ants)
                channel A: PEAK amt  37183 cells  138 (of 141 route)  POLARITY|| +0.08474 && +0.07680 SPAN +0.00111 edge   5.6  end nest->food [756,2230,605,0,0]  nest   25  AtNest  7.47%
                Carrying: laden     22176  of which SPOIL     14364 ( 64.8%)
    DECISION CENSUS: 17164 decisions, reconciled against the rows and the engine's counters
      C1 homeward re-roll: no_usable 76, bias_off 0, no_crop 4973, empty_crop 0, no_site 0, on_anchor 0, roll_failed 142, fired 28, fired_haul 0
      C1 fired, aimed: toward 23, across 0, away 5
      C2 drop: roll_lost 580, placed 0, delivered 0, no_room 0 -- no room on 0.0% of won rolls; handed on through bodies 0 (mean 0.0 steps)
      C3 cone: left 377, straight 5500, right 327; Turn nonzero on 90 picks (largest |Turn| 3.81e-8), discarded on 90
      leg     setting          n  stepped    felllaunched swappedcrossingreversedblocked_roll_fairoll_fai no_body
      empty   pocket        3147     4.9%    5.4%    0.0%    0.0%    0.0%    0.0%    3.0%   42.8%   43.9%    0.0%
      empty   corridor      4724    53.8%    1.0%    0.0%    0.0%    0.0%    0.0%    0.1%   22.3%   22.8%    0.0%
      empty   junction      5351    41.0%    6.2%    0.0%    0.0%    0.0%    0.0%    0.4%   27.0%   25.4%    0.0%
      empty   open          1597    35.4%   10.0%    0.0%    0.0%    0.0%    0.0%    0.0%   28.6%   26.0%    0.0%
      laden   pocket          15     6.7%   60.0%    0.0%    0.0%    0.0%    0.0%    0.0%   13.3%   20.0%    0.0%
      laden   corridor       395    31.6%    0.5%    0.0%    0.0%    0.0%    0.0%    0.3%   33.9%   33.7%    0.0%
      laden   junction       152    59.2%    5.3%    0.0%    0.0%    0.0%    0.0%    0.7%   18.4%   16.4%    0.0%
      laden   open            18    38.9%   11.1%    0.0%    0.0%    0.0%    0.0%    0.0%   22.2%   27.8%    0.0%
      spoil   pocket         713     9.1%    1.1%    0.0%    0.0%    0.0%    0.0%    8.1%   41.4%   40.3%    0.0%
      spoil   corridor       697    45.3%    0.1%    0.0%    0.0%    0.0%    0.0%    0.9%   24.2%   29.4%    0.0%
      spoil   junction       299    40.5%    1.7%    0.0%    0.0%    0.0%    0.0%    5.0%   25.4%   27.4%    0.0%
      spoil   open            56    44.6%    0.0%    0.0%    0.0%    0.0%    0.0%    0.0%   23.2%   32.1%    0.0%
    DECISIONS: rows not written (decisionnorows)
  140   17  hand    0/0          456     1950     8928     3480        0    2/20        0          4 5 3 8 0
                A READ  ant-readable homeward along >= 0.02 on  48.4% of route-cell samples | FOODWARD  21.4% | plane lit on  76.7% | peak amt  31496 cells 137
                THE LOOP, ANT BY ANT:
                  0. lived                                     20    100.0% of prev    100.0% of all
                  1. reached the food                           2     10.0% of prev     10.0% of all
                  2. picked food up out there                   2    100.0% of prev     10.0% of all
                  3. turned for home with it                    2    100.0% of prev     10.0% of all
                  4. got back to the nest still holding it      0      0.0% of prev      0.0% of all
                  5. PUT IT DOWN there                          0      0.0% of prev      0.0% of all
                  6. went back out again                        0      0.0% of prev      0.0% of all
                  7. reached the food a SECOND time             0      0.0% of prev      0.0% of all
                RETURN LEDGER reached food    2 of   20 ants | came back    0 | trips laden    0 empty    0 | LOOPERS    0 of   20 ants ( 0.0% of those that reached food), repeat    0, most loops by one ant   0
                BY ANCHOR AT PICKUP  anchor ON nest material:    0 loops /    2 pickups (  0.0%) | anchor OFF it:    0 /    0 (  0.0%)
                BY BIRTH SITE  born ON comb:   0 of   2 that reached food looped (  0.0%) | born OFF comb:   0 of   0 (  0.0%)
                founded x   30..68   (nest cursor 48 MATERIAL x 26..70 20 of 20 founders born on it; food 188; nearest founder 120 cells out, farthest 158, nominal gap 140)  occupancy/1k [22 29 8 8 17 9 5 1]  carry->nest     210  born    0 died   20 (starved   20)
                own trail: route pk    0 end    0 along +0.0000  B nest->food [1438,4289,7122,9903,8332]  blocked      198  kin swaps       0  ticks     17164  tumbles      5219 (homeward       28, 0.54%)  drops       0  DELIVERED     0  leg home n    0 med     0 p90     0 (laden n    0 med     0 p90     0)  appetite held         0 J of      1920  trips born-on-comb    0 (20 ants) / born-off    0 (0 ants)
                channel A: PEAK amt  31496 cells  137 (of 141 route)  POLARITY|| +0.09498 && +0.08911 SPAN +0.00401 edge   5.8  end nest->food [1431,2536,0,0,0]  nest   25  AtNest  8.51%
                Carrying: laden     14070  of which SPOIL     10590 ( 75.3%)
    DECISION CENSUS: 20473 decisions, reconciled against the rows and the engine's counters
      C1 homeward re-roll: no_usable 95, bias_off 0, no_crop 5445, empty_crop 0, no_site 0, on_anchor 0, roll_failed 462, fired 253, fired_haul 0
      C1 fired, aimed: toward 135, across 100, away 18
      C2 drop: roll_lost 1740, placed 0, delivered 0, no_room 0 -- no room on 0.0% of won rolls; handed on through bodies 0 (mean 0.0 steps)
      C3 cone: left 659, straight 5803, right 547; Turn nonzero on 167 picks (largest |Turn| 7.63e-8), discarded on 147
      leg     setting          n  stepped    felllaunched swappedcrossingreversedblocked_roll_fairoll_fai no_body
      empty   pocket        1135     5.2%   21.0%    0.0%    0.0%    0.0%    0.0%    1.4%   35.0%   37.4%    0.0%
      empty   corridor      2374    41.5%    3.6%    0.0%    0.0%    0.0%    0.0%    0.4%   27.3%   27.3%    0.0%
      empty   junction     10344    38.5%    5.6%    0.0%    0.0%    0.0%    0.0%    0.5%   27.9%   27.5%    0.0%
      empty   open          3041    37.3%    8.2%    0.0%    0.0%    0.0%    0.0%    0.0%   27.1%   27.4%    0.0%
      laden   pocket          49     4.1%   40.8%    0.0%    0.0%    0.0%    0.0%    0.0%   32.7%   22.4%    0.0%
      laden   corridor       445    12.1%    1.8%    0.0%    0.0%    0.0%    0.0%    0.4%   44.3%   41.3%    0.0%
      laden   junction      1177    13.6%    1.4%    0.0%    0.0%    0.0%    0.0%    0.3%   42.1%   42.5%    0.0%
      laden   open            72    56.9%    8.3%    0.0%    0.0%    0.0%    0.0%    0.0%   18.1%   16.7%    0.0%
      spoil   pocket         755    15.9%    0.5%    0.0%    0.0%    0.0%    0.0%   12.7%   36.6%   34.3%    0.0%
      spoil   corridor       412    46.8%    0.5%    0.0%    0.0%    0.0%    0.0%    1.5%   27.7%   23.5%    0.0%
      spoil   junction       532    41.0%    0.4%    0.0%    0.0%    0.0%    0.0%    3.8%   27.6%   27.3%    0.0%
      spoil   open           137    43.1%    2.2%    0.0%    0.0%    0.0%    0.0%    0.0%   25.5%   29.2%    0.0%
    DECISIONS: rows not written (decisionnorows)
  140   18  hand    0/0         1368     2790    16452    10458        0    3/20        1         1 0 6 13 0
                A READ  ant-readable homeward along >= 0.02 on  53.9% of route-cell samples | FOODWARD  17.2% | plane lit on  82.0% | peak amt  47603 cells 138
                THE LOOP, ANT BY ANT:
                  0. lived                                     20    100.0% of prev    100.0% of all
                  1. reached the food                           3     15.0% of prev     15.0% of all
                  2. picked food up out there                   3    100.0% of prev     15.0% of all
                  3. turned for home with it                    3    100.0% of prev     15.0% of all
                  4. got back to the nest still holding it      0      0.0% of prev      0.0% of all
                  5. PUT IT DOWN there                          0      0.0% of prev      0.0% of all
                  6. went back out again                        0      0.0% of prev      0.0% of all
                  7. reached the food a SECOND time             0      0.0% of prev      0.0% of all
                RETURN LEDGER reached food    3 of   20 ants | came back    1 | trips laden    0 empty    1 | LOOPERS    0 of   20 ants ( 0.0% of those that reached food), repeat    0, most loops by one ant   0
                BY ANCHOR AT PICKUP  anchor ON nest material:    0 loops /    3 pickups (  0.0%) | anchor OFF it:    0 /    0 (  0.0%)
                BY BIRTH SITE  born ON comb:   0 of   3 that reached food looped (  0.0%) | born OFF comb:   0 of   0 (  0.0%)
                LEGS legs[12061] laden[]
                founded x   30..68   (nest cursor 48 MATERIAL x 26..70 20 of 20 founders born on it; food 188; nearest founder 120 cells out, farthest 158, nominal gap 140)  occupancy/1k [8 15 20 25 27 16 7 1]  carry->nest     235  born    0 died   20 (starved   20)
                own trail: route pk    0 end    0 along +0.0000  B nest->food [1438,4245,7166,9948,8332]  blocked      208  kin swaps       0  ticks     20473  tumbles      6255 (homeward      253, 4.04%)  drops       0  DELIVERED     0  leg home n    1 med 12061 p90 12061 (laden n    0 med     0 p90     0)  appetite held         0 J of      5760  trips born-on-comb    1 (20 ants) / born-off    0 (0 ants)
                channel A: PEAK amt  47603 cells  138 (of 141 route)  POLARITY|| +0.08107 && +0.07223 SPAN -0.00021 edge   5.8  end nest->food [668,1340,470,0,0]  nest   25  AtNest  4.76%
                Carrying: laden     21474  of which SPOIL     11016 ( 51.3%)
    DECISION CENSUS: 19851 decisions, reconciled against the rows and the engine's counters
      C1 homeward re-roll: no_usable 95, bias_off 0, no_crop 4803, empty_crop 0, no_site 0, on_anchor 464, roll_failed 320, fired 60, fired_haul 0
      C1 fired, aimed: toward 55, across 4, away 1
      C2 drop: roll_lost 1764, placed 0, delivered 404, no_room 0 -- no room on 0.0% of won rolls; handed on through bodies 0 (mean 0.0 steps)
      C3 cone: left 771, straight 5777, right 624; Turn nonzero on 20 picks (largest |Turn| 3.81e-8), discarded on 20
      leg     setting          n  stepped    felllaunched swappedcrossingreversedblocked_roll_fairoll_fai no_body
      empty   pocket         504     6.7%   47.2%    0.0%    0.0%    0.0%    0.0%    0.8%   20.6%   24.6%    0.0%
      empty   corridor      2083    46.6%    3.9%    0.0%    0.0%    0.0%    0.0%    0.4%   25.5%   23.5%    0.0%
      empty   junction     10113    39.6%    5.3%    0.0%    0.0%    0.0%    0.0%    0.7%   27.4%   26.9%    0.0%
      empty   open          4014    33.2%    9.2%    0.0%    0.0%    0.0%    0.0%    0.0%   28.7%   28.8%    0.0%
      laden   pocket         103     1.0%   40.8%    0.0%    0.0%    0.0%    0.0%    0.0%   27.2%   31.1%    0.0%
      laden   corridor       786    15.1%    0.6%    0.0%    0.0%    0.0%    0.0%    0.3%   42.4%   41.6%    0.0%
      laden   junction      1293    24.7%    2.6%    0.0%    0.0%    0.0%    0.0%    1.1%   34.7%   36.8%    0.0%
      laden   open           121    50.4%   11.6%    0.0%    0.0%    0.0%    0.0%    0.0%   21.5%   16.5%    0.0%
      spoil   pocket          82    14.6%   23.2%    0.0%    0.0%    0.0%    0.0%   11.0%   24.4%   26.8%    0.0%
      spoil   corridor        83    28.9%    4.8%    0.0%    0.0%    0.0%    0.0%   13.3%   21.7%   31.3%    0.0%
      spoil   junction       484    44.8%    1.7%    0.0%    0.0%    0.0%    0.0%    4.8%   22.7%   26.0%    0.0%
      spoil   open           185    43.2%    2.2%    0.0%    0.0%    0.0%    0.0%    0.0%   26.5%   28.1%    0.0%
    DECISIONS: rows not written (decisionnorows)
  140   19  hand    0/0         2287     2322    16392    13818     6018    5/21        2         0 1 9 11 0
                A READ  ant-readable homeward along >= 0.02 on  57.0% of route-cell samples | FOODWARD  18.2% | plane lit on  83.7% | peak amt  47727 cells 138
                THE LOOP, ANT BY ANT:
                  0. lived                                     21    100.0% of prev    100.0% of all
                  1. reached the food                           5     23.8% of prev     23.8% of all
                  2. picked food up out there                   5    100.0% of prev     23.8% of all
                  3. turned for home with it                    5    100.0% of prev     23.8% of all
                  4. got back to the nest still holding it      2     40.0% of prev      9.5% of all
                  5. PUT IT DOWN there                          2    100.0% of prev      9.5% of all
                  6. went back out again                        2    100.0% of prev      9.5% of all
                  7. reached the food a SECOND time             0      0.0% of prev      0.0% of all
                RETURN LEDGER reached food    5 of   21 ants | came back    2 | trips laden    2 empty    0 | LOOPERS    2 of   21 ants (40.0% of those that reached food), repeat    0, most loops by one ant   1
                BY ANCHOR AT PICKUP  anchor ON nest material:    2 loops /    5 pickups ( 40.0%) | anchor OFF it:    0 /    0 (  0.0%)
                BY BIRTH SITE  born ON comb:   2 of   5 that reached food looped ( 40.0%) | born OFF comb:   0 of   0 (  0.0%)
                LEGS legs[1381,1117] laden[1381,1117]
                founded x   30..68   (nest cursor 48 MATERIAL x 26..70 20 of 21 founders born on it; food 188; nearest founder 120 cells out, farthest 158, nominal gap 140)  occupancy/1k [5 20 16 22 25 15 9 2]  carry->nest     468  born    1 died   21 (starved   21)
                own trail: route pk    9 end    0 along +0.0000  B nest->food [1438,4283,7188,9987,8332]  blocked      146  kin swaps       0  ticks     19851  tumbles      5742 (homeward       60, 1.04%)  drops     404  DELIVERED   404  leg home n    2 med  1381 p90  1381 (laden n    2 med  1381 p90  1381)  appetite held         0 J of      7609  trips born-on-comb    2 (21 ants) / born-off    0 (0 ants)
                channel A: PEAK amt  47727 cells  138 (of 141 route)  POLARITY|| +0.07662 && +0.06809 SPAN -0.00008 edge   5.4  end nest->food [493,2098,588,0,0]  nest   25  AtNest 11.69%
                Carrying: laden     18822  of which SPOIL      5004 ( 26.6%)
    DECISION CENSUS: 24381 decisions, reconciled against the rows and the engine's counters
      C1 homeward re-roll: no_usable 125, bias_off 0, no_crop 7462, empty_crop 0, no_site 0, on_anchor 899, roll_failed 185, fired 302, fired_haul 0
      C1 fired, aimed: toward 292, across 0, away 10
      C2 drop: roll_lost 2220, placed 0, delivered 862, no_room 0 -- no room on 0.0% of won rolls; handed on through bodies 8 (mean 2.0 steps)
      C3 cone: left 546, straight 4538, right 464; Turn nonzero on 171 picks (largest |Turn| 7.63e-8), discarded on 155
      leg     setting          n  stepped    felllaunched swappedcrossingreversedblocked_roll_fairoll_fai no_body
      empty   pocket        2701     4.7%    7.8%    0.0%    0.0%    0.0%    0.0%    2.7%   41.9%   42.9%    0.0%
      empty   corridor      2877    34.9%    2.5%    0.0%    0.0%    0.0%    0.0%    0.2%   32.1%   30.3%    0.0%
      empty   junction     11131    25.6%    4.1%    0.0%    0.0%    0.0%    0.0%    0.3%   35.4%   34.6%    0.0%
      empty   open          2734    33.4%    8.4%    0.0%    0.0%    0.0%    0.0%    0.0%   29.0%   29.1%    0.0%
      laden   pocket         210     3.3%   17.1%    0.0%    0.0%    0.0%    0.0%    1.9%   36.7%   41.0%    0.0%
      laden   corridor       705     9.8%    0.7%    0.0%    0.0%    0.0%    0.0%    0.1%   43.4%   46.0%    0.0%
      laden   junction      2052     9.9%    0.6%    0.0%    0.0%    0.0%    0.0%    0.1%   42.6%   46.7%    0.0%
      laden   open           303     6.3%    0.7%    0.0%    0.0%    0.0%    0.0%    0.0%   43.6%   49.5%    0.0%
      spoil   pocket         891     5.1%    2.2%    0.0%    0.0%    0.0%    0.0%    3.8%   43.0%   45.9%    0.0%
      spoil   corridor       245    36.7%    0.4%    0.0%    0.0%    0.0%    0.0%    0.8%   36.3%   25.7%    0.0%
      spoil   junction       429    44.3%    2.1%    0.0%    0.0%    0.0%    0.0%    2.8%   24.2%   26.6%    0.0%
      spoil   open           103    28.2%    3.9%    0.0%    0.0%    0.0%    0.0%    0.0%   42.7%   25.2%    0.0%
    DECISIONS: rows not written (decisionnorows)
  140   20  hand    3/2         3276     3906        0    19658    14684    6/21        2         3 2 5 11 0
                A READ  ant-readable homeward along >= 0.02 on  59.9% of route-cell samples | FOODWARD  15.6% | plane lit on  81.9% | peak amt  32330 cells 138
                THE LOOP, ANT BY ANT:
                  0. lived                                     21    100.0% of prev    100.0% of all
                  1. reached the food                           6     28.6% of prev     28.6% of all
                  2. picked food up out there                   2     33.3% of prev      9.5% of all
                  3. turned for home with it                    2    100.0% of prev      9.5% of all
                  4. got back to the nest still holding it      2    100.0% of prev      9.5% of all
                  5. PUT IT DOWN there                          2    100.0% of prev      9.5% of all
                  6. went back out again                        2    100.0% of prev      9.5% of all
                  7. reached the food a SECOND time             0      0.0% of prev      0.0% of all
                RETURN LEDGER reached food    6 of   21 ants | came back    2 | trips laden    2 empty    0 | LOOPERS    2 of   21 ants (33.3% of those that reached food), repeat    0, most loops by one ant   1
                BY ANCHOR AT PICKUP  anchor ON nest material:    2 loops /    2 pickups (100.0%) | anchor OFF it:    0 /    0 (  0.0%)
                BY BIRTH SITE  born ON comb:   2 of   6 that reached food looped ( 33.3%) | born OFF comb:   0 of   0 (  0.0%)
                LEGS legs[1129,925] laden[1129,925]
                founded x   30..68   (nest cursor 48 MATERIAL x 26..70 20 of 21 founders born on it; food 188; nearest founder 120 cells out, farthest 158, nominal gap 140)  occupancy/1k [19 67 8 14 11 10 10 4]  carry->nest     222  born    1 died   18 (starved   17)
                own trail: route pk   82 end   10 along +0.0000  B nest->food [1438,4286,7121,9897,8332]  blocked      169  kin swaps       0  ticks     24382  tumbles      8973 (homeward      302, 3.37%)  drops     862  DELIVERED   862  leg home n    2 med  1129 p90  1129 (laden n    2 med  1129 p90  1129)  appetite held         0 J of     10794  trips born-on-comb    2 (21 ants) / born-off    0 (0 ants)
                channel A: PEAK amt  32330 cells  138 (of 141 route)  POLARITY|| +0.08911 && +0.08145 SPAN +0.00196 edge   5.5  end nest->food [1294,2742,127,0,0]  nest   25  AtNest 31.48%
                Carrying: laden     29685  of which SPOIL     10177 ( 34.3%)
    DECISION CENSUS: 18967 decisions, reconciled against the rows and the engine's counters
      C1 homeward re-roll: no_usable 79, bias_off 0, no_crop 4925, empty_crop 0, no_site 0, on_anchor 18, roll_failed 344, fired 98, fired_haul 0
      C1 fired, aimed: toward 87, across 10, away 1
      C2 drop: roll_lost 1335, placed 0, delivered 23, no_room 0 -- no room on 0.0% of won rolls; handed on through bodies 0 (mean 0.0 steps)
      C3 cone: left 598, straight 5831, right 481; Turn nonzero on 159 picks (largest |Turn| 3.81e-8), discarded on 151
      leg     setting          n  stepped    felllaunched swappedcrossingreversedblocked_roll_fairoll_fai no_body
      empty   pocket        1767     8.1%   12.2%    0.0%    0.0%    0.0%    0.0%    4.6%   35.9%   39.1%    0.0%
      empty   corridor      3397    47.2%    2.6%    0.0%    0.0%    0.0%    0.0%    0.2%   24.8%   25.2%    0.0%
      empty   junction      8510    40.7%    6.1%    0.0%    0.0%    0.0%    0.0%    0.5%   25.9%   26.9%    0.0%
      empty   open          2489    37.6%   10.0%    0.0%    0.0%    0.0%    0.0%    0.0%   26.2%   26.2%    0.0%
      laden   pocket          33     6.1%   69.7%    0.0%    0.0%    0.0%    0.0%    0.0%    9.1%   15.2%    0.0%
      laden   corridor       440    24.8%    0.9%    0.0%    0.0%    0.0%    0.0%    0.2%   36.8%   37.3%    0.0%
      laden   junction       785    25.1%    2.5%    0.0%    0.0%    0.0%    0.0%    0.5%   33.8%   38.1%    0.0%
      laden   open           101    37.6%   12.9%    0.0%    0.0%    0.0%    0.0%    0.0%   24.8%   24.8%    0.0%
      spoil   pocket         590    15.3%    0.8%    0.0%    0.0%    0.0%    0.0%   13.1%   33.9%   36.9%    0.0%
      spoil   corridor       413    38.3%    0.0%    0.0%    0.0%    0.0%    0.0%    0.7%   30.8%   30.3%    0.0%
      spoil   junction       351    39.3%    2.0%    0.0%    0.0%    0.0%    0.0%    5.1%   25.4%   28.2%    0.0%
      spoil   open            91    37.4%    1.1%    0.0%    0.0%    0.0%    0.0%    0.0%   35.2%   26.4%    0.0%
    DECISIONS: rows not written (decisionnorows)
  140   21  hand    0/0         1067     2982    10950     8154      270    6/20        1         2 0 7 11 0
                A READ  ant-readable homeward along >= 0.02 on  56.8% of route-cell samples | FOODWARD  17.0% | plane lit on  80.6% | peak amt  32585 cells 138
                THE LOOP, ANT BY ANT:
                  0. lived                                     20    100.0% of prev    100.0% of all
                  1. reached the food                           6     30.0% of prev     30.0% of all
                  2. picked food up out there                   4     66.7% of prev     20.0% of all
                  3. turned for home with it                    4    100.0% of prev     20.0% of all
                  4. got back to the nest still holding it      1     25.0% of prev      5.0% of all
                  5. PUT IT DOWN there                          1    100.0% of prev      5.0% of all
                  6. went back out again                        1    100.0% of prev      5.0% of all
                  7. reached the food a SECOND time             0      0.0% of prev      0.0% of all
                RETURN LEDGER reached food    6 of   20 ants | came back    1 | trips laden    1 empty    0 | LOOPERS    1 of   20 ants (16.7% of those that reached food), repeat    0, most loops by one ant   1
                BY ANCHOR AT PICKUP  anchor ON nest material:    1 loops /    4 pickups ( 25.0%) | anchor OFF it:    0 /    0 (  0.0%)
                BY BIRTH SITE  born ON comb:   1 of   6 that reached food looped ( 16.7%) | born OFF comb:   0 of   0 (  0.0%)
                LEGS legs[2635] laden[2635]
                founded x   30..68   (nest cursor 48 MATERIAL x 26..70 20 of 20 founders born on it; food 188; nearest founder 120 cells out, farthest 158, nominal gap 140)  occupancy/1k [11 19 17 19 26 10 7 1]  carry->nest     329  born    0 died   20 (starved   20)
                own trail: route pk    0 end    0 along +0.0000  B nest->food [1438,4267,7154,9964,8332]  blocked      230  kin swaps       0  ticks     18967  tumbles      5464 (homeward       98, 1.79%)  drops      23  DELIVERED    23  leg home n    1 med  2635 p90  2635 (laden n    1 med  2635 p90  2635)  appetite held         0 J of      4493  trips born-on-comb    1 (20 ants) / born-off    0 (0 ants)
                channel A: PEAK amt  32585 cells  138 (of 141 route)  POLARITY|| +0.08358 && +0.07468 SPAN +0.00072 edge   5.6  end nest->food [735,1881,510,0,0]  nest   25  AtNest  8.78%
                Carrying: laden     16824  of which SPOIL      8670 ( 51.5%)
    DECISION CENSUS: 25054 decisions, reconciled against the rows and the engine's counters
      C1 homeward re-roll: no_usable 130, bias_off 0, no_crop 6022, empty_crop 0, no_site 0, on_anchor 22, roll_failed 1251, fired 549, fired_haul 0
      C1 fired, aimed: toward 168, across 125, away 256
      C2 drop: roll_lost 4559, placed 0, delivered 24, no_room 0 -- no room on 0.0% of won rolls; handed on through bodies 4 (mean 2.0 steps)
      C3 cone: left 653, straight 6754, right 572; Turn nonzero on 455 picks (largest |Turn| 7.63e-8), discarded on 402
      leg     setting          n  stepped    felllaunched swappedcrossingreversedblocked_roll_fairoll_fai no_body
      empty   pocket        1577     8.4%   16.4%    0.0%    0.0%    0.0%    0.0%    3.6%   36.4%   35.3%    0.0%
      empty   corridor      4050    42.6%    2.4%    0.0%    0.0%    0.0%    0.0%    0.4%   26.4%   28.1%    0.0%
      empty   junction     10536    37.8%    4.9%    0.0%    0.0%    0.0%    0.0%    0.4%   29.0%   27.9%    0.0%
      empty   open          2183    37.7%   10.1%    0.0%    0.0%    0.0%    0.0%    0.0%   25.5%   26.8%    0.0%
      laden   pocket         616     1.3%   11.2%    0.0%    0.0%    0.0%    0.0%    0.0%   44.3%   43.2%    0.0%
      laden   corridor       944    25.1%    0.8%    0.0%    0.0%    0.0%    0.0%    0.3%   37.5%   36.2%    0.0%
      laden   junction      2860    15.2%    1.7%    0.0%    0.0%    0.0%    0.0%    0.2%   40.6%   42.4%    0.0%
      laden   open           174    39.1%    9.2%    0.0%    0.0%    0.0%    0.0%    0.0%   23.6%   28.2%    0.0%
      spoil   pocket         610    12.0%    2.5%    0.0%    0.0%    0.0%    0.0%   10.0%   35.6%   40.0%    0.0%
      spoil   corridor       948    26.8%    0.5%    0.0%    0.0%    0.0%    0.0%    0.7%   33.5%   38.4%    0.0%
      spoil   junction       496    44.0%    1.2%    0.0%    0.0%    0.0%    0.0%    4.4%   25.0%   25.4%    0.0%
      spoil   open            60    45.0%   10.0%    0.0%    0.0%    0.0%    0.0%    0.0%   28.3%   16.7%    0.0%
    DECISIONS: rows not written (decisionnorows)
  140   22  hand    2/2         3607     2346        0    27564     9180    6/20        4         2 0 2 16 0
                A READ  ant-readable homeward along >= 0.02 on  61.7% of route-cell samples | FOODWARD  17.7% | plane lit on  87.2% | peak amt  29853 cells 140
                THE LOOP, ANT BY ANT:
                  0. lived                                     20    100.0% of prev    100.0% of all
                  1. reached the food                           6     30.0% of prev     30.0% of all
                  2. picked food up out there                   6    100.0% of prev     30.0% of all
                  3. turned for home with it                    6    100.0% of prev     30.0% of all
                  4. got back to the nest still holding it      4     66.7% of prev     20.0% of all
                  5. PUT IT DOWN there                          4    100.0% of prev     20.0% of all
                  6. went back out again                        2     50.0% of prev     10.0% of all
                  7. reached the food a SECOND time             1     50.0% of prev      5.0% of all
                RETURN LEDGER reached food    6 of   20 ants | came back    4 | trips laden    3 empty    1 | LOOPERS    3 of   20 ants (50.0% of those that reached food), repeat    0, most loops by one ant   1
                BY ANCHOR AT PICKUP  anchor ON nest material:    3 loops /    8 pickups ( 37.5%) | anchor OFF it:    0 /    0 (  0.0%)
                BY BIRTH SITE  born ON comb:   3 of   6 that reached food looped ( 50.0%) | born OFF comb:   0 of   0 (  0.0%)
                LEGS legs[1027,1435,10339,1801] laden[1027,1435,1801]
                founded x   30..68   (nest cursor 48 MATERIAL x 26..70 20 of 20 founders born on it; food 188; nearest founder 120 cells out, farthest 158, nominal gap 140)  occupancy/1k [9 33 19 22 19 27 14 4]  carry->nest     677  born    0 died   18 (starved   18)
                own trail: route pk  113 end   11 along -0.0003  B nest->food [1438,4365,7196,10075,8332]  blocked      216  kin swaps       0  ticks     25054  tumbles      7974 (homeward      549, 6.88%)  drops      24  DELIVERED    24  leg home n    4 med  1801 p90 10339 (laden n    3 med  1435 p90  1801)  appetite held         0 J of     15186  trips born-on-comb    4 (20 ants) / born-off    0 (0 ants)
                channel A: PEAK amt  29853 cells  140 (of 141 route)  POLARITY|| +0.07981 && +0.07282 SPAN +0.00177 edge   4.7  end nest->food [1005,2298,536,0,0]  nest   25  AtNest  5.83%
                Carrying: laden     40248  of which SPOIL     12684 ( 31.5%)
    DECISION CENSUS: 30443 decisions, reconciled against the rows and the engine's counters
      C1 homeward re-roll: no_usable 140, bias_off 0, no_crop 7940, empty_crop 0, no_site 0, on_anchor 1469, roll_failed 806, fired 514, fired_haul 0
      C1 fired, aimed: toward 305, across 120, away 89
      C2 drop: roll_lost 4840, placed 0, delivered 1307, no_room 0 -- no room on 0.0% of won rolls; handed on through bodies 9 (mean 2.0 steps)
      C3 cone: left 684, straight 6453, right 583; Turn nonzero on 474 picks (largest |Turn| 1.14e-7), discarded on 412
      leg     setting          n  stepped    felllaunched swappedcrossingreversedblocked_roll_fairoll_fai no_body
      empty   pocket        1702     7.9%   19.0%    0.0%    0.0%    0.0%    0.0%    3.2%   33.5%   36.4%    0.0%
      empty   corridor      4244    35.7%    2.3%    0.0%    0.0%    0.0%    0.0%    0.5%   30.1%   31.5%    0.0%
      empty   junction     12762    29.3%    4.3%    0.0%    0.0%    0.0%    0.0%    0.6%   33.2%   32.6%    0.0%
      empty   open          3039    33.0%    7.2%    0.0%    0.0%    0.0%    0.0%    0.0%   30.8%   29.1%    0.0%
      laden   pocket         636     0.8%   10.7%    0.0%    0.0%    0.0%    0.0%    0.0%   45.4%   43.1%    0.0%
      laden   corridor      1829    13.0%    0.4%    0.0%    0.0%    0.0%    0.0%    0.1%   42.6%   43.9%    0.0%
      laden   junction      3608    10.6%    1.0%    0.0%    0.0%    0.0%    0.0%    0.3%   44.7%   43.4%    0.0%
      laden   open           392    16.3%    3.3%    0.0%    0.0%    0.0%    0.0%    0.0%   40.1%   40.3%    0.0%
      spoil   pocket         700    13.3%    1.4%    0.0%    0.0%    0.0%    0.0%   10.4%   39.4%   35.4%    0.0%
      spoil   corridor       630    29.0%    0.2%    0.0%    0.0%    0.0%    0.0%    2.4%   33.5%   34.9%    0.0%
      spoil   junction       771    39.0%    1.2%    0.0%    0.0%    0.0%    0.0%    3.4%   28.3%   28.1%    0.0%
      spoil   open           130    49.2%    2.3%    0.0%    0.0%    0.0%    0.0%    0.0%   26.2%   22.3%    0.0%
    DECISIONS: rows not written (decisionnorows)
  140   23  hand    1/1         5577     2244        0    39276    20550    8/21        3         2 1 8 10 0
                A READ  ant-readable homeward along >= 0.02 on  59.1% of route-cell samples | FOODWARD  17.0% | plane lit on  83.2% | peak amt  33475 cells 139
                THE LOOP, ANT BY ANT:
                  0. lived                                     21    100.0% of prev    100.0% of all
                  1. reached the food                           8     38.1% of prev     38.1% of all
                  2. picked food up out there                   8    100.0% of prev     38.1% of all
                  3. turned for home with it                    5     62.5% of prev     23.8% of all
                  4. got back to the nest still holding it      3     60.0% of prev     14.3% of all
                  5. PUT IT DOWN there                          3    100.0% of prev     14.3% of all
                  6. went back out again                        0      0.0% of prev      0.0% of all
                  7. reached the food a SECOND time             0      0.0% of prev      0.0% of all
                RETURN LEDGER reached food    8 of   21 ants | came back    3 | trips laden    3 empty    0 | LOOPERS    3 of   21 ants (37.5% of those that reached food), repeat    0, most loops by one ant   1
                BY ANCHOR AT PICKUP  anchor ON nest material:    3 loops /    8 pickups ( 37.5%) | anchor OFF it:    0 /    0 (  0.0%)
                BY BIRTH SITE  born ON comb:   3 of   8 that reached food looped ( 37.5%) | born OFF comb:   0 of   0 (  0.0%)
                LEGS legs[2563,2419,1273] laden[2563,2419,1273]
                founded x   30..68   (nest cursor 48 MATERIAL x 26..70 20 of 21 founders born on it; food 188; nearest founder 120 cells out, farthest 158, nominal gap 140)  occupancy/1k [10 65 10 26 24 31 9 4]  carry->nest     588  born    1 died   20 (starved   17)
                own trail: route pk   49 end    5 along -0.0000  B nest->food [1438,4304,7246,10066,8332]  blocked      273  kin swaps       0  ticks     30446  tumbles     10869 (homeward      514, 4.73%)  drops    1307  DELIVERED  1307  leg home n    3 med  2419 p90  2563 (laden n    3 med  2419 p90  2563)  appetite held         0 J of     21203  trips born-on-comb    3 (20 ants) / born-off    0 (1 ants)
                channel A: PEAK amt  33475 cells  139 (of 141 route)  POLARITY|| +0.08384 && +0.07605 SPAN +0.00127 edge   5.1  end nest->food [1039,2464,508,0,0]  nest   25  AtNest 26.77%
                Carrying: laden     52668  of which SPOIL     13434 ( 25.5%)
    DECISION CENSUS: 20059 decisions, reconciled against the rows and the engine's counters
      C1 homeward re-roll: no_usable 97, bias_off 0, no_crop 5122, empty_crop 0, no_site 0, on_anchor 419, roll_failed 393, fired 54, fired_haul 0
      C1 fired, aimed: toward 45, across 8, away 1
      C2 drop: roll_lost 1853, placed 0, delivered 410, no_room 0 -- no room on 0.0% of won rolls; handed on through bodies 0 (mean 0.0 steps)
      C3 cone: left 717, straight 5440, right 572; Turn nonzero on 178 picks (largest |Turn| 7.63e-8), discarded on 129
      leg     setting          n  stepped    felllaunched swappedcrossingreversedblocked_roll_fairoll_fai no_body
      empty   pocket         686     7.6%   37.0%    0.0%    0.0%    0.0%    0.0%    1.7%   26.8%   26.8%    0.0%
      empty   corridor      2472    37.7%    3.8%    0.0%    0.0%    0.0%    0.0%    0.4%   28.6%   29.4%    0.0%
      empty   junction      9273    40.7%    6.0%    0.0%    0.0%    0.0%    0.0%    0.6%   26.4%   26.2%    0.0%
      empty   open          3191    35.6%    9.9%    0.0%    0.0%    0.0%    0.0%    0.0%   26.9%   27.6%    0.0%
      laden   pocket          95     1.1%   13.7%    0.0%    0.0%    0.0%    0.0%    0.0%   44.2%   41.1%    0.0%
      laden   corridor       538    24.2%    2.0%    0.0%    0.0%    0.0%    0.0%    0.4%   37.4%   36.1%    0.0%
      laden   junction      1451    21.0%    2.9%    0.0%    0.0%    0.0%    0.0%    0.4%   39.8%   36.0%    0.0%
      laden   open           179    47.5%   12.8%    0.0%    0.0%    0.0%    0.0%    0.0%   22.9%   16.8%    0.0%
      spoil   pocket         447     4.9%    0.4%    0.0%    0.0%    0.0%    0.0%    4.9%   42.5%   47.2%    0.0%
      spoil   corridor       546    10.3%    0.2%    0.0%    0.0%    0.0%    0.0%    1.8%   44.3%   43.4%    0.0%
      spoil   junction      1085    17.7%    0.8%    0.0%    0.0%    0.0%    0.0%    1.9%   39.6%   39.9%    0.0%
      spoil   open            96    45.8%    5.2%    0.0%    0.0%    0.0%    0.0%    0.0%   22.9%   26.0%    0.0%
    DECISIONS: rows not written (decisionnorows)
  140   24  hand    0/0         1776     2766    21246    13578     6102    5/20        3         2 0 3 15 0
                A READ  ant-readable homeward along >= 0.02 on  59.8% of route-cell samples | FOODWARD  15.7% | plane lit on  84.8% | peak amt  37667 cells 139
                THE LOOP, ANT BY ANT:
                  0. lived                                     20    100.0% of prev    100.0% of all
                  1. reached the food                           5     25.0% of prev     25.0% of all
                  2. picked food up out there                   5    100.0% of prev     25.0% of all
                  3. turned for home with it                    5    100.0% of prev     25.0% of all
                  4. got back to the nest still holding it      3     60.0% of prev     15.0% of all
                  5. PUT IT DOWN there                          3    100.0% of prev     15.0% of all
                  6. went back out again                        2     66.7% of prev     10.0% of all
                  7. reached the food a SECOND time             0      0.0% of prev      0.0% of all
                RETURN LEDGER reached food    5 of   20 ants | came back    3 | trips laden    3 empty    0 | LOOPERS    3 of   20 ants (60.0% of those that reached food), repeat    0, most loops by one ant   1
                BY ANCHOR AT PICKUP  anchor ON nest material:    3 loops /    5 pickups ( 60.0%) | anchor OFF it:    0 /    0 (  0.0%)
                BY BIRTH SITE  born ON comb:   3 of   5 that reached food looped ( 60.0%) | born OFF comb:   0 of   0 (  0.0%)
                LEGS legs[1381,1183,1339] laden[1381,1183,1339]
                founded x   30..68   (nest cursor 48 MATERIAL x 26..70 20 of 20 founders born on it; food 188; nearest founder 120 cells out, farthest 158, nominal gap 140)  occupancy/1k [7 28 12 20 20 16 10 2]  carry->nest     490  born    0 died   20 (starved   18)
                own trail: route pk    7 end    0 along +0.0000  B nest->food [1438,4303,7215,10017,8332]  blocked      140  kin swaps       0  ticks     20061  tumbles      6085 (homeward       54, 0.89%)  drops     410  DELIVERED   410  leg home n    3 med  1339 p90  1381 (laden n    3 med  1339 p90  1381)  appetite held         0 J of      7480  trips born-on-comb    3 (20 ants) / born-off    0 (0 ants)
                channel A: PEAK amt  37667 cells  139 (of 141 route)  POLARITY|| +0.07731 && +0.06950 SPAN +0.00096 edge   5.2  end nest->food [527,1288,324,0,0]  nest   25  AtNest 17.84%
                Carrying: laden     26628  of which SPOIL     15822 ( 59.4%)

  larder put out, over the whole sweep: 96240-99840 J, against a need near 46,800 J
    for 52 ants over 24,000 frames -- so these colonies are provisioned, not starved.
  intake off anything that is not the larder is ASSERTED to be 0 in every row, not printed.

  `self` vs `mute` is the real question: do the ants' OWN trails do anything?
  `visitors` is DISTINCT ants that reached the food over distinct ants that ever lived --
    recruitment, which `near` ant-ticks cannot see: 50 visitors and 1 resident read alike.
  `trips` is nest -> food -> nest, closed on the RETURN. `reach` buckets every ant by how
  `occupancy` is ant-ticks in 8 equal bands, NEST END FIRST, food end last -- a commuting
    colony is bimodal, a dispersing one slides its mass right, a homebody is a spike at 0.
  `carry->nest` is signed cells moved while holding larder, POSITIVE = homeward. Near zero
    means food is picked up and wandered with, which is a different fault from not finding it.
    far it ever got, as a share of the gap, so a commuting population is visible as a shape.
  `hand` vs `self` only says whether a laid ramp beats what they bootstrap.
  `hmute` is the DECAY BASELINE for `route pk`: our ramp laid, the ants silenced.
  `flatN`/`flatF` are the POLARITY metric's negative controls: a FLAT channel A blob over
    the nest half / the food half, ants' EmitA silenced. A field with no ramp in it at all.
    A correct metric reads 0 on both. POLARITY|| is predicted to read ~+0.12 and ~-0.12,
    which brackets every polarity figure in the report -- see `lay_flat`.
  `homeA` lays a channel A HOMING ramp and no food trail -- if laden ants only fail
    to route because they cannot find their way home, this is where their own B appears.
  `carry` is ant-ticks holding larder in the crop; `carry@nest` is those inside the +-26 nest band --
    that pair is the answer to "is food being carried back", which a cell census cannot give.
  `other J` must read 0 in every row: it is the check that `onlyfood` held.
  A gap where `alive` reaches 0 in every arm is measuring a dead colony, not a deaf one.
  diet: larder=fruit onlyfood=on
  odometer A: recur=shipped emita=shipped biasa=shipped   odometer B: charb=shipped recurb=shipped emitb=shipped biasb=shipped carryb=shipped
trailfollow: mode=gap gate=shipped frames=24000 seeds=24 seed0=1 ants=20 relay=60 near=10 food=400 refill=400 stop=6000 homebias=shipped cropcap=shipped hungergate=shipped arho=shipped brho=shipped adiffuse=shipped arise=off/off tumble=shipped persist=shipped tumblegrad=shipped homewire=shipped
  gate shipped: off -45.0  on +0.5  along ±6.0
  breadoff=false decisioncsv=true dtag= COLONY_SPACING=2 STACK_DEPTH=4 layfrom=founders
  landed 2026-09-09: units 0/1 = b2 (off -45, on +0.5, along 6); units 2/3 = saturated (off -45, on +30, along 6). See open-bugs-handoff.md Z7.

  gap seed   arm     alive     ate J  arrive@    dead@    carry    @nest  visitors  trips reach 0-25-50-75-100
----- ---- ----- --------- --------- -------- -------- -------- -------- --------- ------ ------------------
    DECISION CENSUS: 15559 decisions, reconciled against the rows and the engine's counters
      C1 homeward re-roll: no_usable 54, bias_off 0, no_crop 4446, empty_crop 0, no_site 0, on_anchor 0, roll_failed 76, fired 13, fired_haul 0
      C1 fired, aimed: toward 12, across 0, away 1
      C2 drop: roll_lost 290, placed 0, delivered 0, no_room 0 -- no room on 0.0% of won rolls; handed on through bodies 0 (mean 0.0 steps)
      C3 cone: left 408, straight 5256, right 318; Turn nonzero on 278 picks (largest |Turn| 3.81e-8), discarded on 278
      leg     setting          n  stepped    felllaunched swappedcrossingreversedblocked_roll_fairoll_fai no_body
      empty   pocket        1121    11.4%   14.1%    0.0%    0.0%    0.0%    0.0%    6.2%   33.7%   34.5%    0.0%
      empty   corridor      3665    49.2%    1.3%    0.0%    0.0%    0.0%    0.0%    0.2%   24.3%   25.0%    0.0%
      empty   junction      6261    39.2%    5.1%    0.0%    0.0%    0.0%    0.0%    0.5%   28.6%   26.6%    0.0%
      empty   open          1825    34.2%    7.8%    0.0%    0.0%    0.0%    0.0%    0.0%   27.8%   30.2%    0.0%
      laden   pocket           2     0.0%  100.0%    0.0%    0.0%    0.0%    0.0%    0.0%    0.0%    0.0%    0.0%
      laden   corridor       217    31.3%    0.9%    0.0%    0.0%    0.0%    0.0%    0.0%   32.3%   35.5%    0.0%
      laden   junction        66    33.3%    3.0%    0.0%    0.0%    0.0%    0.0%    0.0%   28.8%   34.8%    0.0%
      laden   open             5    60.0%    0.0%    0.0%    0.0%    0.0%    0.0%    0.0%    0.0%   40.0%    0.0%
      spoil   pocket         878    19.0%    0.7%    0.0%    0.0%    0.0%    0.0%   14.8%   32.2%   33.3%    0.0%
      spoil   corridor      1124    48.3%    0.0%    0.0%    0.0%    0.0%    0.0%    0.6%   25.2%   25.9%    0.0%
      spoil   junction       330    39.7%    1.8%    0.0%    0.0%    0.0%    0.0%    3.3%   29.7%   25.5%    0.0%
      spoil   open            65    58.5%    4.6%    0.0%    0.0%    0.0%    0.0%    0.0%   24.6%   12.3%    0.0%
    DECISIONS: rows not written (decisionnorows)
  200    1  hand    0/0          228     3894     8640     1740        0    1/20        0          5 6 6 3 0
                A READ  ant-readable homeward along >= 0.02 on  39.5% of route-cell samples | FOODWARD  11.6% | plane lit on  56.2% | peak amt  36550 cells 196
                THE LOOP, ANT BY ANT:
                  0. lived                                     20    100.0% of prev    100.0% of all
                  1. reached the food                           1      5.0% of prev      5.0% of all
                  2. picked food up out there                   1    100.0% of prev      5.0% of all
                  3. turned for home with it                    1    100.0% of prev      5.0% of all
                  4. got back to the nest still holding it      0      0.0% of prev      0.0% of all
                  5. PUT IT DOWN there                          0      0.0% of prev      0.0% of all
                  6. went back out again                        0      0.0% of prev      0.0% of all
                  7. reached the food a SECOND time             0      0.0% of prev      0.0% of all
                RETURN LEDGER reached food    1 of   20 ants | came back    0 | trips laden    0 empty    0 | LOOPERS    0 of   20 ants ( 0.0% of those that reached food), repeat    0, most loops by one ant   0
                BY ANCHOR AT PICKUP  anchor ON nest material:    0 loops /    1 pickups (  0.0%) | anchor OFF it:    0 /    0 (  0.0%)
                BY BIRTH SITE  born ON comb:   0 of   1 that reached food looped (  0.0%) | born OFF comb:   0 of   0 (  0.0%)
                founded x   30..68   (nest cursor 48 MATERIAL x 26..70 20 of 20 founders born on it; food 248; nearest founder 180 cells out, farthest 218, nominal gap 200)  occupancy/1k [29 15 21 10 10 4 1 0]  carry->nest      93  born    0 died   20 (starved   20)
                own trail: route pk    0 end    0 along +0.0000  B nest->food [1040,3947,6869,9782,8347]  blocked      254  kin swaps       0  ticks     15559  tumbles      4589 (homeward       13, 0.28%)  drops       0  DELIVERED     0  leg home n    0 med     0 p90     0 (laden n    0 med     0 p90     0)  appetite held         0 J of       960  trips born-on-comb    0 (20 ants) / born-off    0 (0 ants)
                channel A: PEAK amt  36550 cells  196 (of 201 route)  POLARITY|| +0.09819 && +0.09125 SPAN +0.00246 edge   6.1  end nest->food [1365,884,0,0,0]  nest   25  AtNest  6.39%
                Carrying: laden     16122  of which SPOIL     14382 ( 89.2%)
    DECISION CENSUS: 15596 decisions, reconciled against the rows and the engine's counters
      C1 homeward re-roll: no_usable 37, bias_off 0, no_crop 4644, empty_crop 0, no_site 0, on_anchor 0, roll_failed 0, fired 0, fired_haul 0
      C1 fired, aimed: toward 0, across 0, away 0
      C2 drop: roll_lost 0, placed 0, delivered 0, no_room 0 -- no room on 0.0% of won rolls; handed on through bodies 0 (mean 0.0 steps)
      C3 cone: left 477, straight 4712, right 371; Turn nonzero on 47 picks (largest |Turn| 3.81e-8), discarded on 45
      leg     setting          n  stepped    felllaunched swappedcrossingreversedblocked_roll_fairoll_fai no_body
      empty   pocket        2102     3.6%    4.7%    0.0%    0.0%    0.0%    0.0%    2.4%   44.5%   44.8%    0.0%
      empty   corridor      2933    48.9%    2.1%    0.0%    0.0%    0.0%    0.0%    0.1%   23.5%   25.4%    0.0%
      empty   junction      6592    42.1%    5.9%    0.0%    0.0%    0.0%    0.0%    0.5%   25.8%   25.7%    0.0%
      empty   open          2622    33.3%    8.7%    0.0%    0.0%    0.0%    0.0%    0.0%   29.0%   29.0%    0.0%
      spoil   pocket         507    11.6%    1.4%    0.0%    0.0%    0.0%    0.0%    8.3%   40.8%   37.9%    0.0%
      spoil   corridor       318    45.3%    0.6%    0.0%    0.0%    0.0%    0.0%    1.3%   24.8%   28.0%    0.0%
      spoil   junction       377    36.9%    2.4%    0.0%    0.0%    0.0%    0.0%    6.1%   30.5%   24.1%    0.0%
      spoil   open           145    40.0%    1.4%    0.0%    0.0%    0.0%    0.0%    0.0%   29.0%   29.7%    0.0%
    DECISIONS: rows not written (decisionnorows)
  200    2  hand    0/0            0        0     6132        0        0    0/20        0         4 1 12 3 0
                A READ  ant-readable homeward along >= 0.02 on  44.2% of route-cell samples | FOODWARD   9.2% | plane lit on  58.9% | peak amt  35407 cells 174
                THE LOOP, ANT BY ANT:
                  0. lived                                     20    100.0% of prev    100.0% of all
                  1. reached the food                           0      0.0% of prev      0.0% of all
                  2. picked food up out there                   0      0.0% of prev      0.0% of all
                  3. turned for home with it                    0      0.0% of prev      0.0% of all
                  4. got back to the nest still holding it      0      0.0% of prev      0.0% of all
                  5. PUT IT DOWN there                          0      0.0% of prev      0.0% of all
                  6. went back out again                        0      0.0% of prev      0.0% of all
                  7. reached the food a SECOND time             0      0.0% of prev      0.0% of all
                RETURN LEDGER reached food    0 of   20 ants | came back    0 | trips laden    0 empty    0 | LOOPERS    0 of   20 ants ( 0.0% of those that reached food), repeat    0, most loops by one ant   0
                BY ANCHOR AT PICKUP  anchor ON nest material:    0 loops /    0 pickups (  0.0%) | anchor OFF it:    0 /    0 (  0.0%)
                BY BIRTH SITE  born ON comb:   0 of   0 that reached food looped (  0.0%) | born OFF comb:   0 of   0 (  0.0%)
                founded x   30..68   (nest cursor 48 MATERIAL x 26..70 20 of 20 founders born on it; food 248; nearest founder 180 cells out, farthest 218, nominal gap 200)  occupancy/1k [30 9 20 16 10 4 1 0]  carry->nest       0  born    0 died   20 (starved   20)
                own trail: route pk    0 end    0 along +0.0000  B nest->food [1040,3947,6854,9762,8347]  blocked      154  kin swaps       0  ticks     15596  tumbles      4681 (homeward        0, 0.00%)  drops       0  DELIVERED     0  leg home n    0 med     0 p90     0 (laden n    0 med     0 p90     0)  appetite held         0 J of         0  trips born-on-comb    0 (20 ants) / born-off    0 (0 ants)
                channel A: PEAK amt  35407 cells  174 (of 201 route)  POLARITY|| +0.08889 && +0.08205 SPAN +0.00218 edge   6.0  end nest->food [992,391,0,0,0]  nest   25  AtNest  7.56%
                Carrying: laden      8082  of which SPOIL      8082 (100.0%)
    DECISION CENSUS: 18926 decisions, reconciled against the rows and the engine's counters
      C1 homeward re-roll: no_usable 91, bias_off 0, no_crop 5009, empty_crop 0, no_site 0, on_anchor 630, roll_failed 190, fired 77, fired_haul 0
      C1 fired, aimed: toward 60, across 17, away 0
      C2 drop: roll_lost 1600, placed 0, delivered 620, no_room 0 -- no room on 0.0% of won rolls; handed on through bodies 0 (mean 0.0 steps)
      C3 cone: left 460, straight 5386, right 376; Turn nonzero on 55 picks (largest |Turn| 3.81e-8), discarded on 55
      leg     setting          n  stepped    felllaunched swappedcrossingreversedblocked_roll_fairoll_fai no_body
      empty   pocket        1297     6.2%   13.8%    0.0%    0.0%    0.0%    0.0%    3.1%   39.5%   37.4%    0.0%
      empty   corridor      3570    49.5%    2.2%    0.0%    0.0%    0.0%    0.0%    0.3%   23.3%   24.6%    0.0%
      empty   junction      8167    34.9%    5.2%    0.0%    0.0%    0.0%    0.0%    0.3%   30.5%   29.0%    0.0%
      empty   open          2067    35.7%    9.3%    0.0%    0.0%    0.0%    0.0%    0.0%   27.5%   27.5%    0.0%
      laden   pocket          56     3.6%   37.5%    0.0%    0.0%    0.0%    0.0%    0.0%   28.6%   30.4%    0.0%
      laden   corridor       549    31.1%    1.3%    0.0%    0.0%    0.0%    0.0%    0.0%   33.2%   34.4%    0.0%
      laden   junction      1579     9.6%    0.7%    0.0%    0.0%    0.0%    0.0%    0.1%   44.0%   45.7%    0.0%
      laden   open            37    56.8%   18.9%    0.0%    0.0%    0.0%    0.0%    0.0%   13.5%   10.8%    0.0%
      spoil   pocket         940    15.1%    0.4%    0.0%    0.0%    0.0%    0.0%   10.9%   34.8%   38.8%    0.0%
      spoil   corridor       227    55.1%    0.4%    0.0%    0.0%    0.0%    0.0%    1.8%   18.5%   24.2%    0.0%
      spoil   junction       349    39.8%    0.9%    0.0%    0.0%    0.0%    0.0%    6.3%   26.9%   26.1%    0.0%
      spoil   open            88    40.9%    2.3%    0.0%    0.0%    0.0%    0.0%    0.0%   27.3%   29.5%    0.0%
    DECISIONS: rows not written (decisionnorows)
  200    3  hand    1/1         1741     2946        0    13326     8490    2/20        1          2 6 5 7 0
                A READ  ant-readable homeward along >= 0.02 on  43.3% of route-cell samples | FOODWARD  12.5% | plane lit on  63.1% | peak amt  34500 cells 197
                THE LOOP, ANT BY ANT:
                  0. lived                                     20    100.0% of prev    100.0% of all
                  1. reached the food                           2     10.0% of prev     10.0% of all
                  2. picked food up out there                   2    100.0% of prev     10.0% of all
                  3. turned for home with it                    2    100.0% of prev     10.0% of all
                  4. got back to the nest still holding it      1     50.0% of prev      5.0% of all
                  5. PUT IT DOWN there                          1    100.0% of prev      5.0% of all
                  6. went back out again                        0      0.0% of prev      0.0% of all
                  7. reached the food a SECOND time             0      0.0% of prev      0.0% of all
                RETURN LEDGER reached food    2 of   20 ants | came back    1 | trips laden    1 empty    0 | LOOPERS    1 of   20 ants (50.0% of those that reached food), repeat    0, most loops by one ant   1
                BY ANCHOR AT PICKUP  anchor ON nest material:    1 loops /    2 pickups ( 50.0%) | anchor OFF it:    0 /    0 (  0.0%)
                BY BIRTH SITE  born ON comb:   1 of   2 that reached food looped ( 50.0%) | born OFF comb:   0 of   0 (  0.0%)
                LEGS legs[3037] laden[3037]
                founded x   30..68   (nest cursor 48 MATERIAL x 26..70 20 of 20 founders born on it; food 248; nearest founder 180 cells out, farthest 218, nominal gap 200)  occupancy/1k [37 11 29 18 5 5 3 1]  carry->nest     309  born    0 died   19 (starved   18)
                own trail: route pk   11 end    3 along +0.0000  B nest->food [1040,3968,6900,9803,8347]  blocked      205  kin swaps       0  ticks     18927  tumbles      5997 (homeward       77, 1.28%)  drops     620  DELIVERED   620  leg home n    1 med  3037 p90  3037 (laden n    1 med  3037 p90  3037)  appetite held         0 J of      7332  trips born-on-comb    1 (20 ants) / born-off    0 (0 ants)
                channel A: PEAK amt  34500 cells  197 (of 201 route)  POLARITY|| +0.08236 && +0.07618 SPAN +0.00292 edge   5.9  end nest->food [871,492,0,0,0]  nest   25  AtNest 18.95%
                Carrying: laden     22950  of which SPOIL      9624 ( 41.9%)
    DECISION CENSUS: 15831 decisions, reconciled against the rows and the engine's counters
      C1 homeward re-roll: no_usable 48, bias_off 0, no_crop 5087, empty_crop 0, no_site 0, on_anchor 0, roll_failed 0, fired 0, fired_haul 0
      C1 fired, aimed: toward 0, across 0, away 0
      C2 drop: roll_lost 0, placed 0, delivered 0, no_room 0 -- no room on 0.0% of won rolls; handed on through bodies 0 (mean 0.0 steps)
      C3 cone: left 400, straight 4410, right 356; Turn nonzero on 71 picks (largest |Turn| 3.81e-8), discarded on 71
      leg     setting          n  stepped    felllaunched swappedcrossingreversedblocked_roll_fairoll_fai no_body
      empty   pocket        1967     4.2%    8.9%    0.0%    0.0%    0.0%    0.0%    1.8%   42.9%   42.1%    0.0%
      empty   corridor      3213    41.5%    1.5%    0.0%    0.0%    0.0%    0.0%    0.2%   29.5%   27.3%    0.0%
      empty   junction      5841    40.3%    5.8%    0.0%    0.0%    0.0%    0.0%    0.6%   26.3%   26.9%    0.0%
      empty   open          1900    36.3%    9.6%    0.0%    0.0%    0.0%    0.0%    0.0%   28.2%   25.9%    0.0%
      spoil   pocket        1692    12.2%    0.5%    0.0%    0.0%    0.0%    0.0%    8.9%   39.5%   38.9%    0.0%
      spoil   corridor       735    40.8%    0.5%    0.0%    0.0%    0.0%    0.0%    1.0%   29.9%   27.8%    0.0%
      spoil   junction       402    40.5%    1.0%    0.0%    0.0%    0.0%    0.0%    2.0%   30.1%   26.4%    0.0%
      spoil   open            81    43.2%    6.2%    0.0%    0.0%    0.0%    0.0%    0.0%   22.2%   28.4%    0.0%
    DECISIONS: rows not written (decisionnorows)
  200    4  hand    0/0            0        0     6720        0        0    0/20        0          4 7 9 0 0
                A READ  ant-readable homeward along >= 0.02 on  41.0% of route-cell samples | FOODWARD   9.1% | plane lit on  53.5% | peak amt  35346 cells 152
                THE LOOP, ANT BY ANT:
                  0. lived                                     20    100.0% of prev    100.0% of all
                  1. reached the food                           0      0.0% of prev      0.0% of all
                  2. picked food up out there                   0      0.0% of prev      0.0% of all
                  3. turned for home with it                    0      0.0% of prev      0.0% of all
                  4. got back to the nest still holding it      0      0.0% of prev      0.0% of all
                  5. PUT IT DOWN there                          0      0.0% of prev      0.0% of all
                  6. went back out again                        0      0.0% of prev      0.0% of all
                  7. reached the food a SECOND time             0      0.0% of prev      0.0% of all
                RETURN LEDGER reached food    0 of   20 ants | came back    0 | trips laden    0 empty    0 | LOOPERS    0 of   20 ants ( 0.0% of those that reached food), repeat    0, most loops by one ant   0
                BY ANCHOR AT PICKUP  anchor ON nest material:    0 loops /    0 pickups (  0.0%) | anchor OFF it:    0 /    0 (  0.0%)
                BY BIRTH SITE  born ON comb:   0 of   0 that reached food looped (  0.0%) | born OFF comb:   0 of   0 (  0.0%)
                founded x   30..68   (nest cursor 48 MATERIAL x 26..70 20 of 20 founders born on it; food 248; nearest founder 180 cells out, farthest 218, nominal gap 200)  occupancy/1k [38 11 26 9 7 1 0 0]  carry->nest       0  born    0 died   20 (starved   20)
                own trail: route pk    0 end    0 along +0.0000  B nest->food [1040,3947,6854,9762,8347]  blocked      241  kin swaps       0  ticks     15831  tumbles      5135 (homeward        0, 0.00%)  drops       0  DELIVERED     0  leg home n    0 med     0 p90     0 (laden n    0 med     0 p90     0)  appetite held         0 J of         0  trips born-on-comb    0 (20 ants) / born-off    0 (0 ants)
                channel A: PEAK amt  35346 cells  152 (of 201 route)  POLARITY|| +0.10166 && +0.09579 SPAN +0.00505 edge   6.0  end nest->food [1495,830,0,0,0]  nest   25  AtNest  9.58%
                Carrying: laden     17460  of which SPOIL     17460 (100.0%)
    DECISION CENSUS: 14637 decisions, reconciled against the rows and the engine's counters
      C1 homeward re-roll: no_usable 52, bias_off 0, no_crop 4188, empty_crop 0, no_site 0, on_anchor 0, roll_failed 0, fired 0, fired_haul 0
      C1 fired, aimed: toward 0, across 0, away 0
      C2 drop: roll_lost 0, placed 0, delivered 0, no_room 0 -- no room on 0.0% of won rolls; handed on through bodies 0 (mean 0.0 steps)
      C3 cone: left 511, straight 4488, right 386; Turn nonzero on 221 picks (largest |Turn| 3.81e-8), discarded on 221
      leg     setting          n  stepped    felllaunched swappedcrossingreversedblocked_roll_fairoll_fai no_body
      empty   pocket        1329     9.2%   10.3%    0.0%    0.0%    0.0%    0.0%    6.0%   35.9%   38.6%    0.0%
      empty   corridor      2795    46.4%    2.2%    0.0%    0.0%    0.0%    0.0%    0.3%   25.0%   26.1%    0.0%
      empty   junction      6279    39.8%    6.8%    0.0%    0.0%    0.0%    0.0%    0.6%   27.1%   25.8%    0.0%
      empty   open          2895    37.7%   10.2%    0.0%    0.0%    0.0%    0.0%    0.0%   25.9%   26.2%    0.0%
      spoil   pocket         635     9.9%    0.9%    0.0%    0.0%    0.0%    0.0%    9.0%   37.8%   42.4%    0.0%
      spoil   corridor       311    42.8%    0.0%    0.0%    0.0%    0.0%    0.0%    2.9%   28.3%   26.0%    0.0%
      spoil   junction       295    45.4%    3.1%    0.0%    0.0%    0.0%    0.0%    2.7%   22.4%   26.4%    0.0%
      spoil   open            98    48.0%    3.1%    0.0%    0.0%    0.0%    0.0%    0.0%   20.4%   28.6%    0.0%
    DECISIONS: rows not written (decisionnorows)
  200    5  hand    0/0            0        0     5652        0        0    0/20        0         3 3 14 0 0
                A READ  ant-readable homeward along >= 0.02 on  38.9% of route-cell samples | FOODWARD  12.6% | plane lit on  57.2% | peak amt  37529 cells 146
                THE LOOP, ANT BY ANT:
                  0. lived                                     20    100.0% of prev    100.0% of all
                  1. reached the food                           0      0.0% of prev      0.0% of all
                  2. picked food up out there                   0      0.0% of prev      0.0% of all
                  3. turned for home with it                    0      0.0% of prev      0.0% of all
                  4. got back to the nest still holding it      0      0.0% of prev      0.0% of all
                  5. PUT IT DOWN there                          0      0.0% of prev      0.0% of all
                  6. went back out again                        0      0.0% of prev      0.0% of all
                  7. reached the food a SECOND time             0      0.0% of prev      0.0% of all
                RETURN LEDGER reached food    0 of   20 ants | came back    0 | trips laden    0 empty    0 | LOOPERS    0 of   20 ants ( 0.0% of those that reached food), repeat    0, most loops by one ant   0
                BY ANCHOR AT PICKUP  anchor ON nest material:    0 loops /    0 pickups (  0.0%) | anchor OFF it:    0 /    0 (  0.0%)
                BY BIRTH SITE  born ON comb:   0 of   0 that reached food looped (  0.0%) | born OFF comb:   0 of   0 (  0.0%)
                founded x   30..68   (nest cursor 48 MATERIAL x 26..70 20 of 20 founders born on it; food 248; nearest founder 180 cells out, farthest 218, nominal gap 200)  occupancy/1k [21 15 15 23 9 1 0 0]  carry->nest       0  born    0 died   20 (starved   19)
                own trail: route pk    0 end    0 along +0.0000  B nest->food [1040,3947,6854,9762,8347]  blocked      197  kin swaps       0  ticks     14638  tumbles      4240 (homeward        0, 0.00%)  drops       0  DELIVERED     0  leg home n    0 med     0 p90     0 (laden n    0 med     0 p90     0)  appetite held         0 J of         0  trips born-on-comb    0 (20 ants) / born-off    0 (0 ants)
                channel A: PEAK amt  37529 cells  146 (of 201 route)  POLARITY|| +0.08770 && +0.08096 SPAN +0.00291 edge   6.0  end nest->food [1148,784,0,0,0]  nest   25  AtNest  6.11%
                Carrying: laden      8034  of which SPOIL      8034 (100.0%)
    DECISION CENSUS: 14951 decisions, reconciled against the rows and the engine's counters
      C1 homeward re-roll: no_usable 61, bias_off 0, no_crop 4227, empty_crop 0, no_site 0, on_anchor 0, roll_failed 0, fired 0, fired_haul 0
      C1 fired, aimed: toward 0, across 0, away 0
      C2 drop: roll_lost 0, placed 0, delivered 0, no_room 0 -- no room on 0.0% of won rolls; handed on through bodies 0 (mean 0.0 steps)
      C3 cone: left 407, straight 4929, right 351; Turn nonzero on 145 picks (largest |Turn| 3.81e-8), discarded on 145
      leg     setting          n  stepped    felllaunched swappedcrossingreversedblocked_roll_fairoll_fai no_body
      empty   pocket        1928     6.0%    8.1%    0.0%    0.0%    0.0%    0.0%    4.1%   41.2%   40.6%    0.0%
      empty   corridor      3283    50.7%    1.6%    0.0%    0.0%    0.0%    0.0%    0.2%   23.2%   24.4%    0.0%
      empty   junction      6058    42.3%    6.6%    0.0%    0.0%    0.0%    0.0%    0.3%   25.0%   25.8%    0.0%
      empty   open          1898    39.0%    9.6%    0.0%    0.0%    0.0%    0.0%    0.0%   26.1%   25.3%    0.0%
      spoil   pocket         636    11.6%    0.3%    0.0%    0.0%    0.0%    0.0%   10.1%   38.7%   39.3%    0.0%
      spoil   corridor       840    45.8%    0.0%    0.0%    0.0%    0.0%    0.0%    1.0%   25.5%   27.7%    0.0%
      spoil   junction       262    43.1%    1.9%    0.0%    0.0%    0.0%    0.0%    3.4%   27.1%   24.4%    0.0%
      spoil   open            46    63.0%    0.0%    0.0%    0.0%    0.0%    0.0%    0.0%   17.4%   19.6%    0.0%
    DECISIONS: rows not written (decisionnorows)
  200    6  hand    0/0            0        0     5838        0        0    0/20        0         4 6 10 0 0
                A READ  ant-readable homeward along >= 0.02 on  38.3% of route-cell samples | FOODWARD  11.4% | plane lit on  54.8% | peak amt  31445 cells 141
                THE LOOP, ANT BY ANT:
                  0. lived                                     20    100.0% of prev    100.0% of all
                  1. reached the food                           0      0.0% of prev      0.0% of all
                  2. picked food up out there                   0      0.0% of prev      0.0% of all
                  3. turned for home with it                    0      0.0% of prev      0.0% of all
                  4. got back to the nest still holding it      0      0.0% of prev      0.0% of all
                  5. PUT IT DOWN there                          0      0.0% of prev      0.0% of all
                  6. went back out again                        0      0.0% of prev      0.0% of all
                  7. reached the food a SECOND time             0      0.0% of prev      0.0% of all
                RETURN LEDGER reached food    0 of   20 ants | came back    0 | trips laden    0 empty    0 | LOOPERS    0 of   20 ants ( 0.0% of those that reached food), repeat    0, most loops by one ant   0
                BY ANCHOR AT PICKUP  anchor ON nest material:    0 loops /    0 pickups (  0.0%) | anchor OFF it:    0 /    0 (  0.0%)
                BY BIRTH SITE  born ON comb:   0 of   0 that reached food looped (  0.0%) | born OFF comb:   0 of   0 (  0.0%)
                founded x   30..68   (nest cursor 48 MATERIAL x 26..70 20 of 20 founders born on it; food 248; nearest founder 180 cells out, farthest 218, nominal gap 200)  occupancy/1k [33 12 18 18 6 0 0 0]  carry->nest       0  born    0 died   20 (starved   20)
                own trail: route pk    0 end    0 along +0.0000  B nest->food [1040,3947,6854,9762,8347]  blocked      186  kin swaps       0  ticks     14951  tumbles      4288 (homeward        0, 0.00%)  drops       0  DELIVERED     0  leg home n    0 med     0 p90     0 (laden n    0 med     0 p90     0)  appetite held         0 J of         0  trips born-on-comb    0 (20 ants) / born-off    0 (0 ants)
                channel A: PEAK amt  31445 cells  141 (of 201 route)  POLARITY|| +0.09021 && +0.08278 SPAN +0.00142 edge   6.0  end nest->food [1080,739,0,0,0]  nest   25  AtNest  8.13%
                Carrying: laden     10704  of which SPOIL     10704 (100.0%)
    DECISION CENSUS: 14569 decisions, reconciled against the rows and the engine's counters
      C1 homeward re-roll: no_usable 67, bias_off 0, no_crop 3809, empty_crop 0, no_site 0, on_anchor 0, roll_failed 0, fired 0, fired_haul 0
      C1 fired, aimed: toward 0, across 0, away 0
      C2 drop: roll_lost 0, placed 0, delivered 0, no_room 0 -- no room on 0.0% of won rolls; handed on through bodies 0 (mean 0.0 steps)
      C3 cone: left 613, straight 4615, right 482; Turn nonzero on 23 picks (largest |Turn| 3.81e-8), discarded on 22
      leg     setting          n  stepped    felllaunched swappedcrossingreversedblocked_roll_fairoll_fai no_body
      empty   pocket         544     6.4%   33.8%    0.0%    0.0%    0.0%    0.0%    0.7%   30.5%   28.5%    0.0%
      empty   corridor      2065    45.0%    3.1%    0.0%    0.0%    0.0%    0.0%    0.6%   25.9%   25.5%    0.0%
      empty   junction      7512    41.7%    7.2%    0.0%    0.0%    0.0%    0.0%    0.5%   24.8%   25.7%    0.0%
      empty   open          3569    36.4%    9.4%    0.0%    0.0%    0.0%    0.0%    0.0%   27.0%   27.2%    0.0%
      spoil   pocket         144    11.8%    4.2%    0.0%    0.0%    0.0%    0.0%   11.1%   34.7%   38.2%    0.0%
      spoil   corridor        87    37.9%    3.4%    0.0%    0.0%    0.0%    0.0%    3.4%   31.0%   24.1%    0.0%
      spoil   junction       442    38.7%    2.3%    0.0%    0.0%    0.0%    0.0%    4.8%   27.6%   26.7%    0.0%
      spoil   open           206    44.2%    4.9%    0.0%    0.0%    0.0%    0.0%    0.0%   26.7%   24.3%    0.0%
    DECISIONS: rows not written (decisionnorows)
  200    7  hand    0/0            0        0     5160        0        0    0/20        0         0 6 10 4 0
                A READ  ant-readable homeward along >= 0.02 on  40.3% of route-cell samples | FOODWARD  11.4% | plane lit on  60.3% | peak amt  39674 cells 191
                THE LOOP, ANT BY ANT:
                  0. lived                                     20    100.0% of prev    100.0% of all
                  1. reached the food                           0      0.0% of prev      0.0% of all
                  2. picked food up out there                   0      0.0% of prev      0.0% of all
                  3. turned for home with it                    0      0.0% of prev      0.0% of all
                  4. got back to the nest still holding it      0      0.0% of prev      0.0% of all
                  5. PUT IT DOWN there                          0      0.0% of prev      0.0% of all
                  6. went back out again                        0      0.0% of prev      0.0% of all
                  7. reached the food a SECOND time             0      0.0% of prev      0.0% of all
                RETURN LEDGER reached food    0 of   20 ants | came back    0 | trips laden    0 empty    0 | LOOPERS    0 of   20 ants ( 0.0% of those that reached food), repeat    0, most loops by one ant   0
                BY ANCHOR AT PICKUP  anchor ON nest material:    0 loops /    0 pickups (  0.0%) | anchor OFF it:    0 /    0 (  0.0%)
                BY BIRTH SITE  born ON comb:   0 of   0 that reached food looped (  0.0%) | born OFF comb:   0 of   0 (  0.0%)
                founded x   30..68   (nest cursor 48 MATERIAL x 26..70 20 of 20 founders born on it; food 248; nearest founder 180 cells out, farthest 218, nominal gap 200)  occupancy/1k [9 15 26 21 9 2 1 0]  carry->nest       0  born    0 died   20 (starved   20)
                own trail: route pk    0 end    0 along +0.0000  B nest->food [1040,3947,6854,9762,8347]  blocked       97  kin swaps       0  ticks     14569  tumbles      3876 (homeward        0, 0.00%)  drops       0  DELIVERED     0  leg home n    0 med     0 p90     0 (laden n    0 med     0 p90     0)  appetite held         0 J of         0  trips born-on-comb    0 (20 ants) / born-off    0 (0 ants)
                channel A: PEAK amt  39674 cells  191 (of 201 route)  POLARITY|| +0.07587 && +0.06829 SPAN +0.00216 edge   6.4  end nest->food [415,662,0,0,0]  nest   25  AtNest  5.55%
                Carrying: laden      5274  of which SPOIL      5274 (100.0%)
    DECISION CENSUS: 16476 decisions, reconciled against the rows and the engine's counters
      C1 homeward re-roll: no_usable 117, bias_off 0, no_crop 4433, empty_crop 0, no_site 0, on_anchor 0, roll_failed 172, fired 33, fired_haul 0
      C1 fired, aimed: toward 33, across 0, away 0
      C2 drop: roll_lost 580, placed 0, delivered 0, no_room 0 -- no room on 0.0% of won rolls; handed on through bodies 0 (mean 0.0 steps)
      C3 cone: left 516, straight 5211, right 406; Turn nonzero on 43 picks (largest |Turn| 3.81e-8), discarded on 41
      leg     setting          n  stepped    felllaunched swappedcrossingreversedblocked_roll_fairoll_fai no_body
      empty   pocket        1133     6.5%   20.9%    0.0%    0.0%    0.0%    0.0%    3.3%   34.6%   34.7%    0.0%
      empty   corridor      3235    46.2%    2.6%    0.0%    0.0%    0.0%    0.0%    0.1%   25.6%   25.6%    0.0%
      empty   junction      7968    38.9%    5.8%    0.0%    0.0%    0.0%    0.0%    0.5%   27.2%   27.6%    0.0%
      empty   open          2173    37.9%    9.4%    0.0%    0.0%    0.0%    0.0%    0.0%   26.2%   26.5%    0.0%
      laden   pocket           1     0.0%  100.0%    0.0%    0.0%    0.0%    0.0%    0.0%    0.0%    0.0%    0.0%
      laden   corridor       311    41.8%    0.3%    0.0%    0.0%    0.0%    0.0%    0.3%   29.3%   28.3%    0.0%
      laden   junction       262    17.2%    0.0%    0.0%    0.0%    0.0%    0.0%    0.8%   42.0%   40.1%    0.0%
      laden   open             6    33.3%    0.0%    0.0%    0.0%    0.0%    0.0%    0.0%    0.0%   66.7%    0.0%
      spoil   pocket         411    21.7%    0.7%    0.0%    0.0%    0.0%    0.0%   16.5%   31.1%   29.9%    0.0%
      spoil   corridor       424    38.4%    0.2%    0.0%    0.0%    0.0%    0.0%    0.5%   32.3%   28.5%    0.0%
      spoil   junction       458    37.3%    2.6%    0.0%    0.0%    0.0%    0.0%    4.4%   30.3%   25.3%    0.0%
      spoil   open            94    47.9%    8.5%    0.0%    0.0%    0.0%    0.0%    0.0%   22.3%   21.3%    0.0%
    DECISIONS: rows not written (decisionnorows)
  200    8  hand    0/0          456     4380    10104     3480        0    2/20        0         1 6 10 3 0
                A READ  ant-readable homeward along >= 0.02 on  45.0% of route-cell samples | FOODWARD  11.2% | plane lit on  62.0% | peak amt  34406 cells 196
                THE LOOP, ANT BY ANT:
                  0. lived                                     20    100.0% of prev    100.0% of all
                  1. reached the food                           2     10.0% of prev     10.0% of all
                  2. picked food up out there                   2    100.0% of prev     10.0% of all
                  3. turned for home with it                    2    100.0% of prev     10.0% of all
                  4. got back to the nest still holding it      0      0.0% of prev      0.0% of all
                  5. PUT IT DOWN there                          0      0.0% of prev      0.0% of all
                  6. went back out again                        0      0.0% of prev      0.0% of all
                  7. reached the food a SECOND time             0      0.0% of prev      0.0% of all
                RETURN LEDGER reached food    2 of   20 ants | came back    0 | trips laden    0 empty    0 | LOOPERS    0 of   20 ants ( 0.0% of those that reached food), repeat    0, most loops by one ant   0
                BY ANCHOR AT PICKUP  anchor ON nest material:    0 loops /    2 pickups (  0.0%) | anchor OFF it:    0 /    0 (  0.0%)
                BY BIRTH SITE  born ON comb:   0 of   2 that reached food looped (  0.0%) | born OFF comb:   0 of   0 (  0.0%)
                founded x   30..68   (nest cursor 48 MATERIAL x 26..70 20 of 20 founders born on it; food 248; nearest founder 180 cells out, farthest 218, nominal gap 200)  occupancy/1k [21 13 20 14 18 4 3 0]  carry->nest     178  born    0 died   20 (starved   20)
                own trail: route pk    0 end    0 along +0.0000  B nest->food [1040,3947,6856,9802,8347]  blocked      176  kin swaps       0  ticks     16476  tumbles      4755 (homeward       33, 0.69%)  drops       0  DELIVERED     0  leg home n    0 med     0 p90     0 (laden n    0 med     0 p90     0)  appetite held         0 J of      1920  trips born-on-comb    0 (20 ants) / born-off    0 (0 ants)
                channel A: PEAK amt  34406 cells  196 (of 201 route)  POLARITY|| +0.08501 && +0.07868 SPAN +0.00293 edge   6.5  end nest->food [915,625,0,0,0]  nest   25  AtNest  6.63%
                Carrying: laden     11802  of which SPOIL      8322 ( 70.5%)
    DECISION CENSUS: 15162 decisions, reconciled against the rows and the engine's counters
      C1 homeward re-roll: no_usable 50, bias_off 0, no_crop 4467, empty_crop 0, no_site 0, on_anchor 0, roll_failed 0, fired 0, fired_haul 0
      C1 fired, aimed: toward 0, across 0, away 0
      C2 drop: roll_lost 0, placed 0, delivered 0, no_room 0 -- no room on 0.0% of won rolls; handed on through bodies 0 (mean 0.0 steps)
      C3 cone: left 316, straight 5080, right 258; Turn nonzero on 210 picks (largest |Turn| 3.81e-8), discarded on 210
      leg     setting          n  stepped    felllaunched swappedcrossingreversedblocked_roll_fairoll_fai no_body
      empty   pocket        1195    13.6%   11.1%    0.0%    0.0%    0.0%    0.0%    9.7%   32.5%   33.1%    0.0%
      empty   corridor      4085    52.9%    1.2%    0.0%    0.0%    0.0%    0.0%    0.0%   23.3%   22.6%    0.0%
      empty   junction      4838    42.0%    6.4%    0.0%    0.0%    0.0%    0.0%    0.2%   25.2%   26.1%    0.0%
      empty   open          1601    34.2%    9.4%    0.0%    0.0%    0.0%    0.0%    0.0%   27.0%   29.4%    0.0%
      spoil   pocket        1960     6.7%    0.3%    0.0%    0.0%    0.0%    0.0%    4.9%   43.9%   44.2%    0.0%
      spoil   corridor      1196    40.6%    0.3%    0.0%    0.0%    0.0%    0.0%    0.5%   30.9%   27.8%    0.0%
      spoil   junction       224    46.0%    2.7%    0.0%    0.0%    0.0%    0.0%    4.0%   20.5%   26.8%    0.0%
      spoil   open            63    50.8%    4.8%    0.0%    0.0%    0.0%    0.0%    0.0%   17.5%   27.0%    0.0%
    DECISIONS: rows not written (decisionnorows)
  200    9  hand    0/0            0     4110     7458        0        0    1/20        0          8 0 8 4 0
                A READ  ant-readable homeward along >= 0.02 on  35.4% of route-cell samples | FOODWARD  14.2% | plane lit on  56.3% | peak amt  31197 cells 196
                THE LOOP, ANT BY ANT:
                  0. lived                                     20    100.0% of prev    100.0% of all
                  1. reached the food                           1      5.0% of prev      5.0% of all
                  2. picked food up out there                   0      0.0% of prev      0.0% of all
                  3. turned for home with it                    0      0.0% of prev      0.0% of all
                  4. got back to the nest still holding it      0      0.0% of prev      0.0% of all
                  5. PUT IT DOWN there                          0      0.0% of prev      0.0% of all
                  6. went back out again                        0      0.0% of prev      0.0% of all
                  7. reached the food a SECOND time             0      0.0% of prev      0.0% of all
                RETURN LEDGER reached food    1 of   20 ants | came back    0 | trips laden    0 empty    0 | LOOPERS    0 of   20 ants ( 0.0% of those that reached food), repeat    0, most loops by one ant   0
                BY ANCHOR AT PICKUP  anchor ON nest material:    0 loops /    0 pickups (  0.0%) | anchor OFF it:    0 /    0 (  0.0%)
                BY BIRTH SITE  born ON comb:   0 of   1 that reached food looped (  0.0%) | born OFF comb:   0 of   0 (  0.0%)
                founded x   30..68   (nest cursor 48 MATERIAL x 26..70 20 of 20 founders born on it; food 248; nearest founder 180 cells out, farthest 218, nominal gap 200)  occupancy/1k [41 10 11 15 6 1 2 0]  carry->nest       0  born    0 died   20 (starved   20)
                own trail: route pk    0 end    0 along +0.0000  B nest->food [1040,3947,6854,9762,8347]  blocked      239  kin swaps       0  ticks     15162  tumbles      4517 (homeward        0, 0.00%)  drops       0  DELIVERED     0  leg home n    0 med     0 p90     0 (laden n    0 med     0 p90     0)  appetite held         0 J of         0  trips born-on-comb    0 (20 ants) / born-off    0 (0 ants)
                channel A: PEAK amt  31197 cells  196 (of 201 route)  POLARITY|| +0.09891 && +0.09309 SPAN +0.00223 edge   6.5  end nest->food [1740,487,0,0,0]  nest   25  AtNest 17.41%
                Carrying: laden     20658  of which SPOIL     20658 (100.0%)
    DECISION CENSUS: 15707 decisions, reconciled against the rows and the engine's counters
      C1 homeward re-roll: no_usable 73, bias_off 0, no_crop 4250, empty_crop 0, no_site 0, on_anchor 0, roll_failed 41, fired 10, fired_haul 0
      C1 fired, aimed: toward 10, across 0, away 0
      C2 drop: roll_lost 290, placed 0, delivered 0, no_room 0 -- no room on 0.0% of won rolls; handed on through bodies 0 (mean 0.0 steps)
      C3 cone: left 492, straight 5317, right 393; Turn nonzero on 99 picks (largest |Turn| 3.81e-8), discarded on 93
      leg     setting          n  stepped    felllaunched swappedcrossingreversedblocked_roll_fairoll_fai no_body
      empty   pocket        1396     5.3%   14.3%    0.0%    0.0%    0.0%    0.0%    2.9%   40.3%   37.2%    0.0%
      empty   corridor      3723    52.2%    1.7%    0.0%    0.0%    0.0%    0.0%    0.4%   22.6%   23.1%    0.0%
      empty   junction      7232    41.4%    5.8%    0.0%    0.0%    0.0%    0.0%    0.3%   26.2%   26.3%    0.0%
      empty   open          2031    35.5%    9.3%    0.0%    0.0%    0.0%    0.0%    0.0%   27.6%   27.6%    0.0%
      laden   pocket          55     3.6%   34.5%    0.0%    0.0%    0.0%    0.0%    0.0%   40.0%   21.8%    0.0%
      laden   corridor       106    59.4%    0.9%    0.0%    0.0%    0.0%    0.0%    0.0%   21.7%   17.9%    0.0%
      laden   junction       121    46.3%    3.3%    0.0%    0.0%    0.0%    0.0%    0.0%   17.4%   33.1%    0.0%
      laden   open             8    37.5%   12.5%    0.0%    0.0%    0.0%    0.0%    0.0%   50.0%    0.0%    0.0%
      spoil   pocket         330    10.0%    1.5%    0.0%    0.0%    0.0%    0.0%    8.5%   43.9%   36.1%    0.0%
      spoil   corridor       270    39.6%    0.7%    0.0%    0.0%    0.0%    0.0%    2.2%   27.4%   30.0%    0.0%
      spoil   junction       337    47.8%    2.4%    0.0%    0.0%    0.0%    0.0%    4.7%   22.0%   23.1%    0.0%
      spoil   open            98    43.9%    3.1%    0.0%    0.0%    0.0%    0.0%    0.0%   25.5%   27.6%    0.0%
    DECISIONS: rows not written (decisionnorows)
  200   10  hand    0/0          228     3462     7284     1740        0    1/20        0         2 2 10 6 0
                A READ  ant-readable homeward along >= 0.02 on  47.4% of route-cell samples | FOODWARD  12.1% | plane lit on  66.1% | peak amt  34969 cells 196
                THE LOOP, ANT BY ANT:
                  0. lived                                     20    100.0% of prev    100.0% of all
                  1. reached the food                           1      5.0% of prev      5.0% of all
                  2. picked food up out there                   1    100.0% of prev      5.0% of all
                  3. turned for home with it                    1    100.0% of prev      5.0% of all
                  4. got back to the nest still holding it      0      0.0% of prev      0.0% of all
                  5. PUT IT DOWN there                          0      0.0% of prev      0.0% of all
                  6. went back out again                        0      0.0% of prev      0.0% of all
                  7. reached the food a SECOND time             0      0.0% of prev      0.0% of all
                RETURN LEDGER reached food    1 of   20 ants | came back    0 | trips laden    0 empty    0 | LOOPERS    0 of   20 ants ( 0.0% of those that reached food), repeat    0, most loops by one ant   0
                BY ANCHOR AT PICKUP  anchor ON nest material:    0 loops /    1 pickups (  0.0%) | anchor OFF it:    0 /    0 (  0.0%)
                BY BIRTH SITE  born ON comb:   0 of   1 that reached food looped (  0.0%) | born OFF comb:   0 of   0 (  0.0%)
                founded x   30..68   (nest cursor 48 MATERIAL x 26..70 20 of 20 founders born on it; food 248; nearest founder 180 cells out, farthest 218, nominal gap 200)  occupancy/1k [22 11 19 17 11 6 4 1]  carry->nest     123  born    0 died   20 (starved   20)
                own trail: route pk    0 end    0 along +0.0000  B nest->food [1040,3947,6883,9781,8347]  blocked      126  kin swaps       0  ticks     15707  tumbles      4374 (homeward       10, 0.23%)  drops       0  DELIVERED     0  leg home n    0 med     0 p90     0 (laden n    0 med     0 p90     0)  appetite held         0 J of       960  trips born-on-comb    0 (20 ants) / born-off    0 (0 ants)
                channel A: PEAK amt  34969 cells  196 (of 201 route)  POLARITY|| +0.07948 && +0.07322 SPAN +0.00301 edge   6.0  end nest->food [1019,573,0,0,0]  nest   25  AtNest  6.85%
                Carrying: laden      7950  of which SPOIL      6210 ( 78.1%)
    DECISION CENSUS: 14661 decisions, reconciled against the rows and the engine's counters
      C1 homeward re-roll: no_usable 66, bias_off 0, no_crop 3912, empty_crop 0, no_site 0, on_anchor 0, roll_failed 0, fired 0, fired_haul 0
      C1 fired, aimed: toward 0, across 0, away 0
      C2 drop: roll_lost 0, placed 0, delivered 0, no_room 0 -- no room on 0.0% of won rolls; handed on through bodies 0 (mean 0.0 steps)
      C3 cone: left 605, straight 4566, right 453; Turn nonzero on 16 picks (largest |Turn| 3.81e-8), discarded on 16
      leg     setting          n  stepped    felllaunched swappedcrossingreversedblocked_roll_fairoll_fai no_body
      empty   pocket         671     8.9%   28.2%    0.0%    0.0%    0.0%    0.0%    3.9%   27.4%   31.6%    0.0%
      empty   corridor      2012    46.4%    3.3%    0.0%    0.0%    0.0%    0.0%    0.4%   25.9%   24.0%    0.0%
      empty   junction      7491    40.3%    6.7%    0.0%    0.0%    0.0%    0.0%    0.9%   25.3%   26.9%    0.0%
      empty   open          3460    36.8%    9.5%    0.0%    0.0%    0.0%    0.0%    0.0%   26.7%   26.9%    0.0%
      spoil   pocket         313    12.5%    1.9%    0.0%    0.0%    0.0%    0.0%    9.9%   33.9%   41.9%    0.0%
      spoil   corridor       135    32.6%    0.7%    0.0%    0.0%    0.0%    0.0%    3.0%   34.1%   29.6%    0.0%
      spoil   junction       447    45.6%    2.7%    0.0%    0.0%    0.0%    0.0%    4.5%   22.8%   24.4%    0.0%
      spoil   open           132    40.2%    2.3%    0.0%    0.0%    0.0%    0.0%    0.0%   35.6%   22.0%    0.0%
    DECISIONS: rows not written (decisionnorows)
  200   11  hand    0/0            0        0     4776        0        0    0/20        0         1 5 10 4 0
                A READ  ant-readable homeward along >= 0.02 on  41.0% of route-cell samples | FOODWARD  13.8% | plane lit on  61.2% | peak amt  45190 cells 191
                THE LOOP, ANT BY ANT:
                  0. lived                                     20    100.0% of prev    100.0% of all
                  1. reached the food                           0      0.0% of prev      0.0% of all
                  2. picked food up out there                   0      0.0% of prev      0.0% of all
                  3. turned for home with it                    0      0.0% of prev      0.0% of all
                  4. got back to the nest still holding it      0      0.0% of prev      0.0% of all
                  5. PUT IT DOWN there                          0      0.0% of prev      0.0% of all
                  6. went back out again                        0      0.0% of prev      0.0% of all
                  7. reached the food a SECOND time             0      0.0% of prev      0.0% of all
                RETURN LEDGER reached food    0 of   20 ants | came back    0 | trips laden    0 empty    0 | LOOPERS    0 of   20 ants ( 0.0% of those that reached food), repeat    0, most loops by one ant   0
                BY ANCHOR AT PICKUP  anchor ON nest material:    0 loops /    0 pickups (  0.0%) | anchor OFF it:    0 /    0 (  0.0%)
                BY BIRTH SITE  born ON comb:   0 of   0 that reached food looped (  0.0%) | born OFF comb:   0 of   0 (  0.0%)
                founded x   30..68   (nest cursor 48 MATERIAL x 26..70 20 of 20 founders born on it; food 248; nearest founder 180 cells out, farthest 218, nominal gap 200)  occupancy/1k [13 15 19 23 9 5 1 0]  carry->nest       0  born    0 died   20 (starved   20)
                own trail: route pk    0 end    0 along +0.0000  B nest->food [1040,3947,6854,9762,8347]  blocked      155  kin swaps       0  ticks     14661  tumbles      3978 (homeward        0, 0.00%)  drops       0  DELIVERED     0  leg home n    0 med     0 p90     0 (laden n    0 med     0 p90     0)  appetite held         0 J of         0  trips born-on-comb    0 (20 ants) / born-off    0 (0 ants)
                channel A: PEAK amt  45190 cells  191 (of 201 route)  POLARITY|| +0.07781 && +0.07012 SPAN +0.00112 edge   6.0  end nest->food [575,603,0,0,0]  nest   25  AtNest  6.10%
                Carrying: laden      6162  of which SPOIL      6162 (100.0%)
    DECISION CENSUS: 15383 decisions, reconciled against the rows and the engine's counters
      C1 homeward re-roll: no_usable 91, bias_off 0, no_crop 4501, empty_crop 0, no_site 0, on_anchor 0, roll_failed 0, fired 0, fired_haul 0
      C1 fired, aimed: toward 0, across 0, away 0
      C2 drop: roll_lost 0, placed 0, delivered 0, no_room 0 -- no room on 0.0% of won rolls; handed on through bodies 0 (mean 0.0 steps)
      C3 cone: left 388, straight 4899, right 339; Turn nonzero on 119 picks (largest |Turn| 3.81e-8), discarded on 119
      leg     setting          n  stepped    felllaunched swappedcrossingreversedblocked_roll_fairoll_fai no_body
      empty   pocket        2164     5.6%    8.6%    0.0%    0.0%    0.0%    0.0%    3.9%   42.1%   39.7%    0.0%
      empty   corridor      3938    45.8%    1.7%    0.0%    0.0%    0.0%    0.0%    0.2%   25.9%   26.5%    0.0%
      empty   junction      6533    40.3%    5.4%    0.0%    0.0%    0.0%    0.0%    0.4%   26.5%   27.4%    0.0%
      empty   open          1492    37.8%    8.6%    0.0%    0.0%    0.0%    0.0%    0.0%   26.1%   27.5%    0.0%
      spoil   pocket         334    16.2%    1.8%    0.0%    0.0%    0.0%    0.0%   11.4%   41.0%   29.6%    0.0%
      spoil   corridor       517    51.5%    0.4%    0.0%    0.0%    0.0%    0.0%    1.4%   25.1%   21.7%    0.0%
      spoil   junction       318    49.1%    1.3%    0.0%    0.0%    0.0%    0.0%    3.8%   23.0%   23.0%    0.0%
      spoil   open            87    35.6%    2.3%    0.0%    0.0%    0.0%    0.0%    0.0%   21.8%   40.2%    0.0%
    DECISIONS: rows not written (decisionnorows)
  200   12  hand    0/0            0        0     6750        0        0    0/20        0         4 5 10 1 0
                A READ  ant-readable homeward along >= 0.02 on  42.2% of route-cell samples | FOODWARD   9.5% | plane lit on  55.6% | peak amt  29184 cells 154
                THE LOOP, ANT BY ANT:
                  0. lived                                     20    100.0% of prev    100.0% of all
                  1. reached the food                           0      0.0% of prev      0.0% of all
                  2. picked food up out there                   0      0.0% of prev      0.0% of all
                  3. turned for home with it                    0      0.0% of prev      0.0% of all
                  4. got back to the nest still holding it      0      0.0% of prev      0.0% of all
                  5. PUT IT DOWN there                          0      0.0% of prev      0.0% of all
                  6. went back out again                        0      0.0% of prev      0.0% of all
                  7. reached the food a SECOND time             0      0.0% of prev      0.0% of all
                RETURN LEDGER reached food    0 of   20 ants | came back    0 | trips laden    0 empty    0 | LOOPERS    0 of   20 ants ( 0.0% of those that reached food), repeat    0, most loops by one ant   0
                BY ANCHOR AT PICKUP  anchor ON nest material:    0 loops /    0 pickups (  0.0%) | anchor OFF it:    0 /    0 (  0.0%)
                BY BIRTH SITE  born ON comb:   0 of   0 that reached food looped (  0.0%) | born OFF comb:   0 of   0 (  0.0%)
                founded x   30..68   (nest cursor 48 MATERIAL x 26..70 20 of 20 founders born on it; food 248; nearest founder 180 cells out, farthest 218, nominal gap 200)  occupancy/1k [34 14 20 13 7 2 0 0]  carry->nest       0  born    0 died   20 (starved   20)
                own trail: route pk    0 end    0 along +0.0000  B nest->food [1040,3947,6854,9762,8347]  blocked      177  kin swaps       0  ticks     15383  tumbles      4592 (homeward        0, 0.00%)  drops       0  DELIVERED     0  leg home n    0 med     0 p90     0 (laden n    0 med     0 p90     0)  appetite held         0 J of         0  trips born-on-comb    0 (20 ants) / born-off    0 (0 ants)
                channel A: PEAK amt  29184 cells  154 (of 201 route)  POLARITY|| +0.08718 && +0.07963 SPAN +0.00202 edge   6.0  end nest->food [844,773,0,0,0]  nest   25  AtNest  9.09%
                Carrying: laden      7536  of which SPOIL      7536 (100.0%)
    DECISION CENSUS: 15436 decisions, reconciled against the rows and the engine's counters
      C1 homeward re-roll: no_usable 72, bias_off 0, no_crop 4258, empty_crop 0, no_site 0, on_anchor 0, roll_failed 45, fired 16, fired_haul 0
      C1 fired, aimed: toward 16, across 0, away 0
      C2 drop: roll_lost 290, placed 0, delivered 0, no_room 0 -- no room on 0.0% of won rolls; handed on through bodies 0 (mean 0.0 steps)
      C3 cone: left 541, straight 4957, right 421; Turn nonzero on 100 picks (largest |Turn| 3.81e-8), discarded on 100
      leg     setting          n  stepped    felllaunched swappedcrossingreversedblocked_roll_fairoll_fai no_body
      empty   pocket         622     9.0%   29.4%    0.0%    0.0%    0.0%    0.0%    3.9%   30.9%   26.8%    0.0%
      empty   corridor      2804    47.3%    3.3%    0.0%    0.0%    0.0%    0.0%    0.5%   25.0%   23.9%    0.0%
      empty   junction      7756    39.5%    6.1%    0.0%    0.0%    0.0%    0.0%    0.6%   26.8%   27.0%    0.0%
      empty   open          2305    37.7%    9.3%    0.0%    0.0%    0.0%    0.0%    0.0%   28.0%   24.9%    0.0%
      laden   pocket          27     3.7%   63.0%    0.0%    0.0%    0.0%    0.0%    0.0%    3.7%   29.6%    0.0%
      laden   corridor       205    44.9%    1.0%    0.0%    0.0%    0.0%    0.0%    0.0%   25.9%   28.3%    0.0%
      laden   junction        58    62.1%    3.4%    0.0%    0.0%    0.0%    0.0%    0.0%   10.3%   24.1%    0.0%
      spoil   pocket         709     9.3%    0.7%    0.0%    0.0%    0.0%    0.0%    7.8%   40.9%   41.3%    0.0%
      spoil   corridor       392    44.4%    0.5%    0.0%    0.0%    0.0%    0.0%    2.0%   24.7%   28.3%    0.0%
      spoil   junction       472    41.7%    0.4%    0.0%    0.0%    0.0%    0.0%    4.2%   28.6%   25.0%    0.0%
      spoil   open            86    43.0%    4.7%    0.0%    0.0%    0.0%    0.0%    0.0%   27.9%   24.4%    0.0%
    DECISIONS: rows not written (decisionnorows)
  200   13  hand    0/0          228     3414     8154     1740        0    1/20        0          2 8 7 3 0
                A READ  ant-readable homeward along >= 0.02 on  42.0% of route-cell samples | FOODWARD  11.3% | plane lit on  59.1% | peak amt  37510 cells 196
                THE LOOP, ANT BY ANT:
                  0. lived                                     20    100.0% of prev    100.0% of all
                  1. reached the food                           1      5.0% of prev      5.0% of all
                  2. picked food up out there                   1    100.0% of prev      5.0% of all
                  3. turned for home with it                    1    100.0% of prev      5.0% of all
                  4. got back to the nest still holding it      0      0.0% of prev      0.0% of all
                  5. PUT IT DOWN there                          0      0.0% of prev      0.0% of all
                  6. went back out again                        0      0.0% of prev      0.0% of all
                  7. reached the food a SECOND time             0      0.0% of prev      0.0% of all
                RETURN LEDGER reached food    1 of   20 ants | came back    0 | trips laden    0 empty    0 | LOOPERS    0 of   20 ants ( 0.0% of those that reached food), repeat    0, most loops by one ant   0
                BY ANCHOR AT PICKUP  anchor ON nest material:    0 loops /    1 pickups (  0.0%) | anchor OFF it:    0 /    0 (  0.0%)
                BY BIRTH SITE  born ON comb:   0 of   1 that reached food looped (  0.0%) | born OFF comb:   0 of   0 (  0.0%)
                founded x   30..68   (nest cursor 48 MATERIAL x 26..70 20 of 20 founders born on it; food 248; nearest founder 180 cells out, farthest 218, nominal gap 200)  occupancy/1k [20 12 26 20 8 3 1 0]  carry->nest     127  born    0 died   20 (starved   20)
                own trail: route pk    0 end    0 along +0.0000  B nest->food [1040,3947,6877,9781,8347]  blocked      167  kin swaps       0  ticks     15436  tumbles      4391 (homeward       16, 0.36%)  drops       0  DELIVERED     0  leg home n    0 med     0 p90     0 (laden n    0 med     0 p90     0)  appetite held         0 J of       960  trips born-on-comb    0 (20 ants) / born-off    0 (0 ants)
                channel A: PEAK amt  37510 cells  196 (of 201 route)  POLARITY|| +0.08462 && +0.07708 SPAN +0.00176 edge   6.0  end nest->food [851,829,0,0,0]  nest   25  AtNest  7.65%
                Carrying: laden     11694  of which SPOIL      9954 ( 85.1%)
    DECISION CENSUS: 15479 decisions, reconciled against the rows and the engine's counters
      C1 homeward re-roll: no_usable 100, bias_off 0, no_crop 4030, empty_crop 0, no_site 0, on_anchor 0, roll_failed 67, fired 20, fired_haul 0
      C1 fired, aimed: toward 20, across 0, away 0
      C2 drop: roll_lost 290, placed 0, delivered 0, no_room 0 -- no room on 0.0% of won rolls; handed on through bodies 0 (mean 0.0 steps)
      C3 cone: left 531, straight 5021, right 460; Turn nonzero on 27 picks (largest |Turn| 3.81e-8), discarded on 22
      leg     setting          n  stepped    felllaunched swappedcrossingreversedblocked_roll_fairoll_fai no_body
      empty   pocket         529     3.2%   45.2%    0.0%    0.0%    0.0%    0.0%    0.8%   27.6%   23.3%    0.0%
      empty   corridor      2491    48.7%    3.6%    0.0%    0.0%    0.0%    0.0%    0.3%   24.6%   22.9%    0.0%
      empty   junction      8568    39.5%    6.7%    0.0%    0.0%    0.0%    0.0%    0.5%   26.9%   26.5%    0.0%
      empty   open          2957    37.2%    9.3%    0.0%    0.0%    0.0%    0.0%    0.0%   26.3%   27.1%    0.0%
      laden   pocket          41     2.4%   14.6%    0.0%    0.0%    0.0%    0.0%    2.4%   31.7%   48.8%    0.0%
      laden   corridor       134    53.0%    0.0%    0.0%    0.0%    0.0%    0.0%    0.0%   26.1%   20.9%    0.0%
      laden   junction       109    42.2%    2.8%    0.0%    0.0%    0.0%    0.0%    0.0%   32.1%   22.9%    0.0%
      laden   open             6    50.0%    0.0%    0.0%    0.0%    0.0%    0.0%    0.0%   33.3%   16.7%    0.0%
      spoil   pocket          81     2.5%    3.7%    0.0%    0.0%    0.0%    0.0%    7.4%   37.0%   49.4%    0.0%
      spoil   corridor       107    12.1%    1.9%    0.0%    0.0%    0.0%    0.0%    6.5%   42.1%   37.4%    0.0%
      spoil   junction       348    33.9%    3.2%    0.0%    0.0%    0.0%    0.0%    5.7%   27.9%   29.3%    0.0%
      spoil   open           108    43.5%    1.9%    0.0%    0.0%    0.0%    0.0%    0.0%   31.5%   23.1%    0.0%
    DECISIONS: rows not written (decisionnorows)
  200   14  hand    0/0          228     3318     7362     1740        0    1/20        0         0 5 11 4 0
                A READ  ant-readable homeward along >= 0.02 on  41.6% of route-cell samples | FOODWARD  12.6% | plane lit on  61.7% | peak amt  32505 cells 196
                THE LOOP, ANT BY ANT:
                  0. lived                                     20    100.0% of prev    100.0% of all
                  1. reached the food                           1      5.0% of prev      5.0% of all
                  2. picked food up out there                   1    100.0% of prev      5.0% of all
                  3. turned for home with it                    1    100.0% of prev      5.0% of all
                  4. got back to the nest still holding it      0      0.0% of prev      0.0% of all
                  5. PUT IT DOWN there                          0      0.0% of prev      0.0% of all
                  6. went back out again                        0      0.0% of prev      0.0% of all
                  7. reached the food a SECOND time             0      0.0% of prev      0.0% of all
                RETURN LEDGER reached food    1 of   20 ants | came back    0 | trips laden    0 empty    0 | LOOPERS    0 of   20 ants ( 0.0% of those that reached food), repeat    0, most loops by one ant   0
                BY ANCHOR AT PICKUP  anchor ON nest material:    0 loops /    1 pickups (  0.0%) | anchor OFF it:    0 /    0 (  0.0%)
                BY BIRTH SITE  born ON comb:   0 of   1 that reached food looped (  0.0%) | born OFF comb:   0 of   0 (  0.0%)
                founded x   30..68   (nest cursor 48 MATERIAL x 26..70 20 of 20 founders born on it; food 248; nearest founder 180 cells out, farthest 218, nominal gap 200)  occupancy/1k [14 13 26 23 6 5 1 0]  carry->nest     118  born    0 died   20 (starved   20)
                own trail: route pk    0 end    0 along +0.0000  B nest->food [1040,3947,6890,9783,8347]  blocked       84  kin swaps       0  ticks     15479  tumbles      4217 (homeward       20, 0.47%)  drops       0  DELIVERED     0  leg home n    0 med     0 p90     0 (laden n    0 med     0 p90     0)  appetite held         0 J of       960  trips born-on-comb    0 (20 ants) / born-off    0 (0 ants)
                channel A: PEAK amt  32505 cells  196 (of 201 route)  POLARITY|| +0.07267 && +0.06511 SPAN +0.00121 edge   6.0  end nest->food [360,814,0,0,0]  nest   25  AtNest  9.03%
                Carrying: laden      5604  of which SPOIL      3864 ( 69.0%)
    DECISION CENSUS: 15732 decisions, reconciled against the rows and the engine's counters
      C1 homeward re-roll: no_usable 68, bias_off 0, no_crop 4886, empty_crop 0, no_site 0, on_anchor 0, roll_failed 0, fired 0, fired_haul 0
      C1 fired, aimed: toward 0, across 0, away 0
      C2 drop: roll_lost 0, placed 0, delivered 0, no_room 0 -- no room on 0.0% of won rolls; handed on through bodies 0 (mean 0.0 steps)
      C3 cone: left 499, straight 4290, right 403; Turn nonzero on 15 picks (largest |Turn| 3.81e-8), discarded on 15
      leg     setting          n  stepped    felllaunched swappedcrossingreversedblocked_roll_fairoll_fai no_body
      empty   pocket        2015     3.9%   10.1%    0.0%    0.0%    0.0%    0.0%    1.7%   40.7%   43.6%    0.0%
      empty   corridor      3246    34.4%    2.6%    0.0%    0.0%    0.0%    0.0%    0.4%   31.9%   30.8%    0.0%
      empty   junction      6581    41.6%    6.0%    0.0%    0.0%    0.0%    0.0%    0.7%   26.0%   25.7%    0.0%
      empty   open          1917    40.6%    9.7%    0.0%    0.0%    0.0%    0.0%    0.0%   24.9%   24.8%    0.0%
      spoil   pocket         900    11.9%    0.9%    0.0%    0.0%    0.0%    0.0%    9.1%   39.9%   38.2%    0.0%
      spoil   corridor       552    29.0%    0.0%    0.0%    0.0%    0.0%    0.0%    2.4%   36.2%   32.4%    0.0%
      spoil   junction       438    39.7%    1.8%    0.0%    0.0%    0.0%    0.0%    3.4%   31.3%   23.7%    0.0%
      spoil   open            83    51.8%    2.4%    0.0%    0.0%    0.0%    0.0%    0.0%   16.9%   28.9%    0.0%
    DECISIONS: rows not written (decisionnorows)
  200   15  hand    0/0            0        0     5796        0        0    0/20        0         2 6 12 0 0
                A READ  ant-readable homeward along >= 0.02 on  39.8% of route-cell samples | FOODWARD  11.3% | plane lit on  55.4% | peak amt  31192 cells 146
                THE LOOP, ANT BY ANT:
                  0. lived                                     20    100.0% of prev    100.0% of all
                  1. reached the food                           0      0.0% of prev      0.0% of all
                  2. picked food up out there                   0      0.0% of prev      0.0% of all
                  3. turned for home with it                    0      0.0% of prev      0.0% of all
                  4. got back to the nest still holding it      0      0.0% of prev      0.0% of all
                  5. PUT IT DOWN there                          0      0.0% of prev      0.0% of all
                  6. went back out again                        0      0.0% of prev      0.0% of all
                  7. reached the food a SECOND time             0      0.0% of prev      0.0% of all
                RETURN LEDGER reached food    0 of   20 ants | came back    0 | trips laden    0 empty    0 | LOOPERS    0 of   20 ants ( 0.0% of those that reached food), repeat    0, most loops by one ant   0
                BY ANCHOR AT PICKUP  anchor ON nest material:    0 loops /    0 pickups (  0.0%) | anchor OFF it:    0 /    0 (  0.0%)
                BY BIRTH SITE  born ON comb:   0 of   0 that reached food looped (  0.0%) | born OFF comb:   0 of   0 (  0.0%)
                founded x   30..68   (nest cursor 48 MATERIAL x 26..70 20 of 20 founders born on it; food 248; nearest founder 180 cells out, farthest 218, nominal gap 200)  occupancy/1k [34 11 19 19 7 0 0 0]  carry->nest       0  born    0 died   20 (starved   20)
                own trail: route pk    0 end    0 along +0.0000  B nest->food [1040,3947,6854,9762,8347]  blocked      200  kin swaps       0  ticks     15732  tumbles      4954 (homeward        0, 0.00%)  drops       0  DELIVERED     0  leg home n    0 med     0 p90     0 (laden n    0 med     0 p90     0)  appetite held         0 J of         0  trips born-on-comb    0 (20 ants) / born-off    0 (0 ants)
                channel A: PEAK amt  31192 cells  146 (of 201 route)  POLARITY|| +0.08651 && +0.07860 SPAN +0.00131 edge   6.0  end nest->food [753,824,0,0,0]  nest   25  AtNest  7.49%
                Carrying: laden     11838  of which SPOIL     11838 (100.0%)
    DECISION CENSUS: 15174 decisions, reconciled against the rows and the engine's counters
      C1 homeward re-roll: no_usable 66, bias_off 0, no_crop 4356, empty_crop 0, no_site 0, on_anchor 0, roll_failed 0, fired 0, fired_haul 0
      C1 fired, aimed: toward 0, across 0, away 0
      C2 drop: roll_lost 0, placed 0, delivered 0, no_room 0 -- no room on 0.0% of won rolls; handed on through bodies 0 (mean 0.0 steps)
      C3 cone: left 374, straight 4854, right 340; Turn nonzero on 119 picks (largest |Turn| 3.81e-8), discarded on 119
      leg     setting          n  stepped    felllaunched swappedcrossingreversedblocked_roll_fairoll_fai no_body
      empty   pocket        1743     5.5%   11.4%    0.0%    0.0%    0.0%    0.0%    3.0%   38.4%   41.7%    0.0%
      empty   corridor      3219    49.0%    2.1%    0.0%    0.0%    0.0%    0.0%    0.1%   24.7%   24.2%    0.0%
      empty   junction      6292    40.6%    5.8%    0.0%    0.0%    0.0%    0.0%    0.4%   25.7%   27.5%    0.0%
      empty   open          1539    38.1%    8.6%    0.0%    0.0%    0.0%    0.0%    0.0%   27.0%   26.3%    0.0%
      spoil   pocket         947    13.0%    1.2%    0.0%    0.0%    0.0%    0.0%   10.2%   36.1%   39.5%    0.0%
      spoil   corridor      1056    44.2%    0.1%    0.0%    0.0%    0.0%    0.0%    0.2%   27.5%   28.0%    0.0%
      spoil   junction       326    43.9%    1.5%    0.0%    0.0%    0.0%    0.0%    5.2%   26.1%   23.3%    0.0%
      spoil   open            52    46.2%    3.8%    0.0%    0.0%    0.0%    0.0%    0.0%   17.3%   32.7%    0.0%
    DECISIONS: rows not written (decisionnorows)
  200   16  hand    0/0            0        0     6786        0        0    0/20        0          5 4 8 3 0
                A READ  ant-readable homeward along >= 0.02 on  42.3% of route-cell samples | FOODWARD  10.1% | plane lit on  58.8% | peak amt  42358 cells 178
                THE LOOP, ANT BY ANT:
                  0. lived                                     20    100.0% of prev    100.0% of all
                  1. reached the food                           0      0.0% of prev      0.0% of all
                  2. picked food up out there                   0      0.0% of prev      0.0% of all
                  3. turned for home with it                    0      0.0% of prev      0.0% of all
                  4. got back to the nest still holding it      0      0.0% of prev      0.0% of all
                  5. PUT IT DOWN there                          0      0.0% of prev      0.0% of all
                  6. went back out again                        0      0.0% of prev      0.0% of all
                  7. reached the food a SECOND time             0      0.0% of prev      0.0% of all
                RETURN LEDGER reached food    0 of   20 ants | came back    0 | trips laden    0 empty    0 | LOOPERS    0 of   20 ants ( 0.0% of those that reached food), repeat    0, most loops by one ant   0
                BY ANCHOR AT PICKUP  anchor ON nest material:    0 loops /    0 pickups (  0.0%) | anchor OFF it:    0 /    0 (  0.0%)
                BY BIRTH SITE  born ON comb:   0 of   0 that reached food looped (  0.0%) | born OFF comb:   0 of   0 (  0.0%)
                founded x   30..68   (nest cursor 48 MATERIAL x 26..70 20 of 20 founders born on it; food 248; nearest founder 180 cells out, farthest 218, nominal gap 200)  occupancy/1k [34 12 15 16 6 4 1 0]  carry->nest       0  born    0 died   20 (starved   20)
                own trail: route pk    0 end    0 along +0.0000  B nest->food [1040,3947,6854,9762,8347]  blocked      196  kin swaps       0  ticks     15174  tumbles      4422 (homeward        0, 0.00%)  drops       0  DELIVERED     0  leg home n    0 med     0 p90     0 (laden n    0 med     0 p90     0)  appetite held         0 J of         0  trips born-on-comb    0 (20 ants) / born-off    0 (0 ants)
                channel A: PEAK amt  42358 cells  178 (of 201 route)  POLARITY|| +0.09173 && +0.08617 SPAN +0.00309 edge   6.0  end nest->food [1376,551,0,0,0]  nest   25  AtNest  7.11%
                Carrying: laden     14286  of which SPOIL     14286 (100.0%)
    DECISION CENSUS: 15940 decisions, reconciled against the rows and the engine's counters
      C1 homeward re-roll: no_usable 52, bias_off 0, no_crop 4943, empty_crop 0, no_site 0, on_anchor 0, roll_failed 0, fired 0, fired_haul 0
      C1 fired, aimed: toward 0, across 0, away 0
      C2 drop: roll_lost 0, placed 0, delivered 0, no_room 0 -- no room on 0.0% of won rolls; handed on through bodies 0 (mean 0.0 steps)
      C3 cone: left 338, straight 4762, right 256; Turn nonzero on 0 picks (largest |Turn| 0.00e0), discarded on 0
      leg     setting          n  stepped    felllaunched swappedcrossingreversedblocked_roll_fairoll_fai no_body
      empty   pocket        2900     3.6%    6.7%    0.0%    0.0%    0.0%    0.0%    1.9%   43.6%   44.1%    0.0%
      empty   corridor      4326    49.3%    1.4%    0.0%    0.0%    0.0%    0.0%    0.2%   24.5%   24.5%    0.0%
      empty   junction      5837    38.1%    6.1%    0.0%    0.0%    0.0%    0.0%    0.3%   27.9%   27.7%    0.0%
      empty   open          1643    34.1%    7.8%    0.0%    0.0%    0.0%    0.0%    0.0%   30.6%   27.6%    0.0%
      spoil   pocket         527    10.8%    0.9%    0.0%    0.0%    0.0%    0.0%   10.8%   35.7%   41.7%    0.0%
      spoil   corridor       299    42.5%    0.7%    0.0%    0.0%    0.0%    0.0%    2.3%   23.7%   30.8%    0.0%
      spoil   junction       334    36.8%    0.9%    0.0%    0.0%    0.0%    0.0%    4.8%   27.8%   29.6%    0.0%
      spoil   open            74    36.5%    0.0%    0.0%    0.0%    0.0%    0.0%    0.0%   36.5%   27.0%    0.0%
    DECISIONS: rows not written (decisionnorows)
  200   17  hand    0/0            0        0     7680        0        0    0/20        0          4 6 9 1 0
                A READ  ant-readable homeward along >= 0.02 on  38.1% of route-cell samples | FOODWARD  14.3% | plane lit on  57.2% | peak amt  32054 cells 168
                THE LOOP, ANT BY ANT:
                  0. lived                                     20    100.0% of prev    100.0% of all
                  1. reached the food                           0      0.0% of prev      0.0% of all
                  2. picked food up out there                   0      0.0% of prev      0.0% of all
                  3. turned for home with it                    0      0.0% of prev      0.0% of all
                  4. got back to the nest still holding it      0      0.0% of prev      0.0% of all
                  5. PUT IT DOWN there                          0      0.0% of prev      0.0% of all
                  6. went back out again                        0      0.0% of prev      0.0% of all
                  7. reached the food a SECOND time             0      0.0% of prev      0.0% of all
                RETURN LEDGER reached food    0 of   20 ants | came back    0 | trips laden    0 empty    0 | LOOPERS    0 of   20 ants ( 0.0% of those that reached food), repeat    0, most loops by one ant   0
                BY ANCHOR AT PICKUP  anchor ON nest material:    0 loops /    0 pickups (  0.0%) | anchor OFF it:    0 /    0 (  0.0%)
                BY BIRTH SITE  born ON comb:   0 of   0 that reached food looped (  0.0%) | born OFF comb:   0 of   0 (  0.0%)
                founded x   30..68   (nest cursor 48 MATERIAL x 26..70 20 of 20 founders born on it; food 248; nearest founder 180 cells out, farthest 218, nominal gap 200)  occupancy/1k [33 18 21 11 6 5 0 0]  carry->nest       0  born    0 died   20 (starved   20)
                own trail: route pk    0 end    0 along +0.0000  B nest->food [1040,3947,6854,9762,8347]  blocked      161  kin swaps       0  ticks     15940  tumbles      4995 (homeward        0, 0.00%)  drops       0  DELIVERED     0  leg home n    0 med     0 p90     0 (laden n    0 med     0 p90     0)  appetite held         0 J of         0  trips born-on-comb    0 (20 ants) / born-off    0 (0 ants)
                channel A: PEAK amt  32054 cells  168 (of 201 route)  POLARITY|| +0.08322 && +0.07648 SPAN +0.00509 edge   6.0  end nest->food [833,876,0,0,0]  nest   25  AtNest  8.04%
                Carrying: laden      7404  of which SPOIL      7404 (100.0%)
    DECISION CENSUS: 15102 decisions, reconciled against the rows and the engine's counters
      C1 homeward re-roll: no_usable 61, bias_off 0, no_crop 4423, empty_crop 0, no_site 0, on_anchor 0, roll_failed 0, fired 0, fired_haul 0
      C1 fired, aimed: toward 0, across 0, away 0
      C2 drop: roll_lost 0, placed 0, delivered 0, no_room 0 -- no room on 0.0% of won rolls; handed on through bodies 0 (mean 0.0 steps)
      C3 cone: left 433, straight 4747, right 365; Turn nonzero on 16 picks (largest |Turn| 3.81e-8), discarded on 16
      leg     setting          n  stepped    felllaunched swappedcrossingreversedblocked_roll_fairoll_fai no_body
      empty   pocket        1435    10.7%   10.5%    0.0%    0.0%    0.0%    0.0%    6.8%   36.6%   35.3%    0.0%
      empty   corridor      3203    49.3%    1.5%    0.0%    0.0%    0.0%    0.0%    0.4%   25.1%   23.8%    0.0%
      empty   junction      6434    38.9%    6.5%    0.0%    0.0%    0.0%    0.0%    0.6%   26.9%   27.1%    0.0%
      empty   open          2556    36.3%    9.0%    0.0%    0.0%    0.0%    0.0%    0.0%   27.2%   27.5%    0.0%
      spoil   pocket         679     5.7%    2.7%    0.0%    0.0%    0.0%    0.0%    4.4%   45.1%   42.1%    0.0%
      spoil   corridor       240    45.8%    1.7%    0.0%    0.0%    0.0%    0.0%    2.5%   27.5%   22.5%    0.0%
      spoil   junction       451    41.7%    1.3%    0.0%    0.0%    0.0%    0.0%    4.9%   28.4%   23.7%    0.0%
      spoil   open           104    45.2%    3.8%    0.0%    0.0%    0.0%    0.0%    0.0%   19.2%   31.7%    0.0%
    DECISIONS: rows not written (decisionnorows)
  200   18  hand    0/0            0        0     6840        0        0    0/20        0         1 10 5 4 0
                A READ  ant-readable homeward along >= 0.02 on  40.7% of route-cell samples | FOODWARD  11.2% | plane lit on  57.5% | peak amt  37525 cells 192
                THE LOOP, ANT BY ANT:
                  0. lived                                     20    100.0% of prev    100.0% of all
                  1. reached the food                           0      0.0% of prev      0.0% of all
                  2. picked food up out there                   0      0.0% of prev      0.0% of all
                  3. turned for home with it                    0      0.0% of prev      0.0% of all
                  4. got back to the nest still holding it      0      0.0% of prev      0.0% of all
                  5. PUT IT DOWN there                          0      0.0% of prev      0.0% of all
                  6. went back out again                        0      0.0% of prev      0.0% of all
                  7. reached the food a SECOND time             0      0.0% of prev      0.0% of all
                RETURN LEDGER reached food    0 of   20 ants | came back    0 | trips laden    0 empty    0 | LOOPERS    0 of   20 ants ( 0.0% of those that reached food), repeat    0, most loops by one ant   0
                BY ANCHOR AT PICKUP  anchor ON nest material:    0 loops /    0 pickups (  0.0%) | anchor OFF it:    0 /    0 (  0.0%)
                BY BIRTH SITE  born ON comb:   0 of   0 that reached food looped (  0.0%) | born OFF comb:   0 of   0 (  0.0%)
                founded x   30..68   (nest cursor 48 MATERIAL x 26..70 20 of 20 founders born on it; food 248; nearest founder 180 cells out, farthest 218, nominal gap 200)  occupancy/1k [19 18 29 11 7 3 1 0]  carry->nest       0  born    0 died   20 (starved   20)
                own trail: route pk    0 end    0 along +0.0000  B nest->food [1040,3947,6854,9762,8347]  blocked      208  kin swaps       0  ticks     15102  tumbles      4484 (homeward        0, 0.00%)  drops       0  DELIVERED     0  leg home n    0 med     0 p90     0 (laden n    0 med     0 p90     0)  appetite held         0 J of         0  trips born-on-comb    0 (20 ants) / born-off    0 (0 ants)
                channel A: PEAK amt  37525 cells  192 (of 201 route)  POLARITY|| +0.08287 && +0.07510 SPAN +0.00110 edge   6.1  end nest->food [519,828,0,0,0]  nest   25  AtNest  5.59%
                Carrying: laden      8844  of which SPOIL      8844 (100.0%)
    DECISION CENSUS: 14737 decisions, reconciled against the rows and the engine's counters
      C1 homeward re-roll: no_usable 66, bias_off 0, no_crop 3911, empty_crop 0, no_site 0, on_anchor 0, roll_failed 0, fired 0, fired_haul 0
      C1 fired, aimed: toward 0, across 0, away 0
      C2 drop: roll_lost 0, placed 0, delivered 0, no_room 0 -- no room on 0.0% of won rolls; handed on through bodies 0 (mean 0.0 steps)
      C3 cone: left 522, straight 4831, right 398; Turn nonzero on 58 picks (largest |Turn| 3.81e-8), discarded on 58
      leg     setting          n  stepped    felllaunched swappedcrossingreversedblocked_roll_fairoll_fai no_body
      empty   pocket         808     7.2%   20.3%    0.0%    0.0%    0.0%    0.0%    3.7%   33.4%   35.4%    0.0%
      empty   corridor      2399    48.4%    2.8%    0.0%    0.0%    0.0%    0.0%    0.1%   23.8%   24.9%    0.0%
      empty   junction      7465    42.2%    6.8%    0.0%    0.0%    0.0%    0.0%    0.3%   24.8%   25.9%    0.0%
      empty   open          3160    33.0%   10.9%    0.0%    0.0%    0.0%    0.0%    0.0%   28.4%   27.7%    0.0%
      spoil   pocket         389    29.3%    2.1%    0.0%    0.0%    0.0%    0.0%   22.4%   24.7%   21.6%    0.0%
      spoil   corridor       141    54.6%    0.7%    0.0%    0.0%    0.0%    0.0%    5.0%   17.7%   22.0%    0.0%
      spoil   junction       293    42.7%    1.4%    0.0%    0.0%    0.0%    0.0%    6.8%   27.0%   22.2%    0.0%
      spoil   open            82    30.5%    1.2%    0.0%    0.0%    0.0%    0.0%    0.0%   22.0%   46.3%    0.0%
    DECISIONS: rows not written (decisionnorows)
  200   19  hand    0/0            0        0     5184        0        0    0/20        0         1 6 11 2 0
                A READ  ant-readable homeward along >= 0.02 on  43.1% of route-cell samples | FOODWARD  11.0% | plane lit on  59.8% | peak amt  44659 cells 184
                THE LOOP, ANT BY ANT:
                  0. lived                                     20    100.0% of prev    100.0% of all
                  1. reached the food                           0      0.0% of prev      0.0% of all
                  2. picked food up out there                   0      0.0% of prev      0.0% of all
                  3. turned for home with it                    0      0.0% of prev      0.0% of all
                  4. got back to the nest still holding it      0      0.0% of prev      0.0% of all
                  5. PUT IT DOWN there                          0      0.0% of prev      0.0% of all
                  6. went back out again                        0      0.0% of prev      0.0% of all
                  7. reached the food a SECOND time             0      0.0% of prev      0.0% of all
                RETURN LEDGER reached food    0 of   20 ants | came back    0 | trips laden    0 empty    0 | LOOPERS    0 of   20 ants ( 0.0% of those that reached food), repeat    0, most loops by one ant   0
                BY ANCHOR AT PICKUP  anchor ON nest material:    0 loops /    0 pickups (  0.0%) | anchor OFF it:    0 /    0 (  0.0%)
                BY BIRTH SITE  born ON comb:   0 of   0 that reached food looped (  0.0%) | born OFF comb:   0 of   0 (  0.0%)
                founded x   30..68   (nest cursor 48 MATERIAL x 26..70 20 of 20 founders born on it; food 248; nearest founder 180 cells out, farthest 218, nominal gap 200)  occupancy/1k [10 16 27 19 9 2 1 0]  carry->nest       0  born    0 died   20 (starved   20)
                own trail: route pk    0 end    0 along +0.0000  B nest->food [1040,3947,6854,9762,8347]  blocked      173  kin swaps       0  ticks     14737  tumbles      3977 (homeward        0, 0.00%)  drops       0  DELIVERED     0  leg home n    0 med     0 p90     0 (laden n    0 med     0 p90     0)  appetite held         0 J of         0  trips born-on-comb    0 (20 ants) / born-off    0 (0 ants)
                channel A: PEAK amt  44659 cells  184 (of 201 route)  POLARITY|| +0.07572 && +0.06807 SPAN +0.00120 edge   6.0  end nest->food [367,700,0,0,0]  nest   25  AtNest  4.69%
                Carrying: laden      5430  of which SPOIL      5430 (100.0%)
    DECISION CENSUS: 15639 decisions, reconciled against the rows and the engine's counters
      C1 homeward re-roll: no_usable 77, bias_off 0, no_crop 4852, empty_crop 0, no_site 0, on_anchor 0, roll_failed 0, fired 0, fired_haul 0
      C1 fired, aimed: toward 0, across 0, away 0
      C2 drop: roll_lost 0, placed 0, delivered 0, no_room 0 -- no room on 0.0% of won rolls; handed on through bodies 0 (mean 0.0 steps)
      C3 cone: left 394, straight 4556, right 334; Turn nonzero on 132 picks (largest |Turn| 3.81e-8), discarded on 132
      leg     setting          n  stepped    felllaunched swappedcrossingreversedblocked_roll_fairoll_fai no_body
      empty   pocket        2190     6.2%    8.1%    0.0%    0.0%    0.0%    0.0%    3.6%   41.8%   40.3%    0.0%
      empty   corridor      2917    47.2%    1.9%    0.0%    0.0%    0.0%    0.0%    0.0%   24.8%   26.1%    0.0%
      empty   junction      6259    40.1%    6.0%    0.0%    0.0%    0.0%    0.0%    0.4%   26.9%   26.7%    0.0%
      empty   open          1835    37.2%   10.2%    0.0%    0.0%    0.0%    0.0%    0.0%   28.2%   24.4%    0.0%
      spoil   pocket        1411     9.1%    0.2%    0.0%    0.0%    0.0%    0.0%    8.5%   41.6%   40.5%    0.0%
      spoil   corridor       685    46.3%    0.1%    0.0%    0.0%    0.0%    0.0%    0.7%   25.8%   27.0%    0.0%
      spoil   junction       288    37.8%    2.1%    0.0%    0.0%    0.0%    0.0%    3.8%   26.7%   29.5%    0.0%
      spoil   open            54    46.3%    1.9%    0.0%    0.0%    0.0%    0.0%    0.0%   22.2%   29.6%    0.0%
    DECISIONS: rows not written (decisionnorows)
  200   20  hand    0/0            0        0     6054        0        0    0/20        0         6 2 12 0 0
                A READ  ant-readable homeward along >= 0.02 on  39.1% of route-cell samples | FOODWARD   9.0% | plane lit on  55.0% | peak amt  30266 cells 130
                THE LOOP, ANT BY ANT:
                  0. lived                                     20    100.0% of prev    100.0% of all
                  1. reached the food                           0      0.0% of prev      0.0% of all
                  2. picked food up out there                   0      0.0% of prev      0.0% of all
                  3. turned for home with it                    0      0.0% of prev      0.0% of all
                  4. got back to the nest still holding it      0      0.0% of prev      0.0% of all
                  5. PUT IT DOWN there                          0      0.0% of prev      0.0% of all
                  6. went back out again                        0      0.0% of prev      0.0% of all
                  7. reached the food a SECOND time             0      0.0% of prev      0.0% of all
                RETURN LEDGER reached food    0 of   20 ants | came back    0 | trips laden    0 empty    0 | LOOPERS    0 of   20 ants ( 0.0% of those that reached food), repeat    0, most loops by one ant   0
                BY ANCHOR AT PICKUP  anchor ON nest material:    0 loops /    0 pickups (  0.0%) | anchor OFF it:    0 /    0 (  0.0%)
                BY BIRTH SITE  born ON comb:   0 of   0 that reached food looped (  0.0%) | born OFF comb:   0 of   0 (  0.0%)
                founded x   30..68   (nest cursor 48 MATERIAL x 26..70 20 of 20 founders born on it; food 248; nearest founder 180 cells out, farthest 218, nominal gap 200)  occupancy/1k [41 6 15 19 9 0 0 0]  carry->nest       0  born    0 died   20 (starved   20)
                own trail: route pk    0 end    0 along +0.0000  B nest->food [1040,3947,6854,9762,8347]  blocked      238  kin swaps       0  ticks     15639  tumbles      4929 (homeward        0, 0.00%)  drops       0  DELIVERED     0  leg home n    0 med     0 p90     0 (laden n    0 med     0 p90     0)  appetite held         0 J of         0  trips born-on-comb    0 (20 ants) / born-off    0 (0 ants)
                channel A: PEAK amt  30266 cells  130 (of 201 route)  POLARITY|| +0.09832 && +0.09035 SPAN +0.00150 edge   6.0  end nest->food [1842,470,0,0,0]  nest   25  AtNest  8.20%
                Carrying: laden     14628  of which SPOIL     14628 (100.0%)
    DECISION CENSUS: 15250 decisions, reconciled against the rows and the engine's counters
      C1 homeward re-roll: no_usable 48, bias_off 0, no_crop 4419, empty_crop 0, no_site 0, on_anchor 0, roll_failed 0, fired 0, fired_haul 0
      C1 fired, aimed: toward 0, across 0, away 0
      C2 drop: roll_lost 0, placed 0, delivered 0, no_room 0 -- no room on 0.0% of won rolls; handed on through bodies 0 (mean 0.0 steps)
      C3 cone: left 466, straight 4717, right 364; Turn nonzero on 119 picks (largest |Turn| 3.81e-8), discarded on 119
      leg     setting          n  stepped    felllaunched swappedcrossingreversedblocked_roll_fairoll_fai no_body
      empty   pocket        1733     6.1%   10.8%    0.0%    0.0%    0.0%    0.0%    3.3%   38.8%   41.0%    0.0%
      empty   corridor      2594    46.8%    3.0%    0.0%    0.0%    0.0%    0.0%    0.4%   23.8%   26.0%    0.0%
      empty   junction      7037    40.5%    5.9%    0.0%    0.0%    0.0%    0.0%    0.4%   25.9%   27.4%    0.0%
      empty   open          2251    37.3%    7.9%    0.0%    0.0%    0.0%    0.0%    0.0%   28.6%   26.2%    0.0%
      spoil   pocket         865    20.1%    0.0%    0.0%    0.0%    0.0%    0.0%   15.3%   31.4%   33.2%    0.0%
      spoil   corridor       384    51.8%    0.0%    0.0%    0.0%    0.0%    0.0%    0.8%   26.8%   20.6%    0.0%
      spoil   junction       294    42.5%    1.4%    0.0%    0.0%    0.0%    0.0%    6.1%   23.1%   26.9%    0.0%
      spoil   open            92    43.5%    4.3%    0.0%    0.0%    0.0%    0.0%    0.0%   23.9%   28.3%    0.0%
    DECISIONS: rows not written (decisionnorows)
  200   21  hand    0/0            0     4086     6042        0        0    1/20        0         3 3 12 2 0
                A READ  ant-readable homeward along >= 0.02 on  41.9% of route-cell samples | FOODWARD  10.7% | plane lit on  57.5% | peak amt  32585 cells 194
                THE LOOP, ANT BY ANT:
                  0. lived                                     20    100.0% of prev    100.0% of all
                  1. reached the food                           1      5.0% of prev      5.0% of all
                  2. picked food up out there                   0      0.0% of prev      0.0% of all
                  3. turned for home with it                    0      0.0% of prev      0.0% of all
                  4. got back to the nest still holding it      0      0.0% of prev      0.0% of all
                  5. PUT IT DOWN there                          0      0.0% of prev      0.0% of all
                  6. went back out again                        0      0.0% of prev      0.0% of all
                  7. reached the food a SECOND time             0      0.0% of prev      0.0% of all
                RETURN LEDGER reached food    1 of   20 ants | came back    0 | trips laden    0 empty    0 | LOOPERS    0 of   20 ants ( 0.0% of those that reached food), repeat    0, most loops by one ant   0
                BY ANCHOR AT PICKUP  anchor ON nest material:    0 loops /    0 pickups (  0.0%) | anchor OFF it:    0 /    0 (  0.0%)
                BY BIRTH SITE  born ON comb:   0 of   1 that reached food looped (  0.0%) | born OFF comb:   0 of   0 (  0.0%)
                founded x   30..68   (nest cursor 48 MATERIAL x 26..70 20 of 20 founders born on it; food 248; nearest founder 180 cells out, farthest 218, nominal gap 200)  occupancy/1k [24 15 19 18 10 2 0 0]  carry->nest       0  born    0 died   20 (starved   20)
                own trail: route pk    0 end    0 along +0.0000  B nest->food [1040,3947,6854,9762,8347]  blocked      247  kin swaps       0  ticks     15250  tumbles      4467 (homeward        0, 0.00%)  drops       0  DELIVERED     0  leg home n    0 med     0 p90     0 (laden n    0 med     0 p90     0)  appetite held         0 J of         0  trips born-on-comb    0 (20 ants) / born-off    0 (0 ants)
                channel A: PEAK amt  32585 cells  194 (of 201 route)  POLARITY|| +0.08854 && +0.08133 SPAN +0.00258 edge   6.4  end nest->food [1103,773,0,0,0]  nest   25  AtNest 11.36%
                Carrying: laden      9810  of which SPOIL      9810 (100.0%)
    DECISION CENSUS: 19565 decisions, reconciled against the rows and the engine's counters
      C1 homeward re-roll: no_usable 89, bias_off 0, no_crop 5209, empty_crop 0, no_site 0, on_anchor 597, roll_failed 178, fired 86, fired_haul 0
      C1 fired, aimed: toward 86, across 0, away 0
      C2 drop: roll_lost 1479, placed 0, delivered 598, no_room 0 -- no room on 0.0% of won rolls; handed on through bodies 0 (mean 0.0 steps)
      C3 cone: left 498, straight 5488, right 410; Turn nonzero on 124 picks (largest |Turn| 3.81e-8), discarded on 122
      leg     setting          n  stepped    felllaunched swappedcrossingreversedblocked_roll_fairoll_fai no_body
      empty   pocket         905     5.1%   25.6%    0.0%    0.0%    0.0%    0.0%    1.4%   33.7%   34.1%    0.0%
      empty   corridor      4253    40.8%    1.5%    0.0%    0.0%    0.0%    0.0%    0.2%   29.8%   27.7%    0.0%
      empty   junction      8416    37.0%    5.6%    0.0%    0.0%    0.0%    0.0%    0.3%   28.5%   28.6%    0.0%
      empty   open          1983    38.2%    9.5%    0.0%    0.0%    0.0%    0.0%    0.0%   25.8%   26.5%    0.0%
      laden   pocket          61     4.9%   59.0%    0.0%    0.0%    0.0%    0.0%    0.0%   26.2%    9.8%    0.0%
      laden   corridor       868    18.4%    0.3%    0.0%    0.0%    0.0%    0.0%    0.0%   40.9%   40.3%    0.0%
      laden   junction      1134    13.8%    0.5%    0.0%    0.0%    0.0%    0.0%    0.1%   43.8%   41.8%    0.0%
      laden   open            15    53.3%    0.0%    0.0%    0.0%    0.0%    0.0%    0.0%   20.0%   26.7%    0.0%
      spoil   pocket         966     5.6%    1.2%    0.0%    0.0%    0.0%    0.0%    5.3%   43.9%   44.0%    0.0%
      spoil   corridor       500    35.4%    0.4%    0.0%    0.0%    0.0%    0.0%    0.8%   28.2%   35.2%    0.0%
      spoil   junction       389    41.4%    3.3%    0.0%    0.0%    0.0%    0.0%    2.3%   24.9%   28.0%    0.0%
      spoil   open            75    36.0%    2.7%    0.0%    0.0%    0.0%    0.0%    0.0%   36.0%   25.3%    0.0%
    DECISIONS: rows not written (decisionnorows)
  200   22  hand    0/0         1869     3330    23172    12468     8940    3/21        1         3 3 11 4 0
                A READ  ant-readable homeward along >= 0.02 on  45.2% of route-cell samples | FOODWARD  12.7% | plane lit on  64.0% | peak amt  33286 cells 196
                THE LOOP, ANT BY ANT:
                  0. lived                                     21    100.0% of prev    100.0% of all
                  1. reached the food                           3     14.3% of prev     14.3% of all
                  2. picked food up out there                   2     66.7% of prev      9.5% of all
                  3. turned for home with it                    2    100.0% of prev      9.5% of all
                  4. got back to the nest still holding it      1     50.0% of prev      4.8% of all
                  5. PUT IT DOWN there                          1    100.0% of prev      4.8% of all
                  6. went back out again                        1    100.0% of prev      4.8% of all
                  7. reached the food a SECOND time             0      0.0% of prev      0.0% of all
                RETURN LEDGER reached food    3 of   21 ants | came back    1 | trips laden    1 empty    0 | LOOPERS    1 of   21 ants (33.3% of those that reached food), repeat    0, most loops by one ant   1
                BY ANCHOR AT PICKUP  anchor ON nest material:    1 loops /    2 pickups ( 50.0%) | anchor OFF it:    0 /    0 (  0.0%)
                BY BIRTH SITE  born ON comb:   1 of   3 that reached food looped ( 33.3%) | born OFF comb:   0 of   0 (  0.0%)
                LEGS legs[1735] laden[1735]
                founded x   30..68   (nest cursor 48 MATERIAL x 26..70 20 of 21 founders born on it; food 248; nearest founder 180 cells out, farthest 218, nominal gap 200)  occupancy/1k [45 11 18 22 12 4 2 1]  carry->nest     289  born    1 died   21 (starved   21)
                own trail: route pk   11 end    0 along +0.0000  B nest->food [1040,3968,6899,9801,8347]  blocked      115  kin swaps       0  ticks     19565  tumbles      6159 (homeward       86, 1.40%)  drops     598  DELIVERED   598  leg home n    1 med  1735 p90  1735 (laden n    1 med  1735 p90  1735)  appetite held         0 J of      6860  trips born-on-comb    1 (20 ants) / born-off    0 (1 ants)
                channel A: PEAK amt  33286 cells  196 (of 201 route)  POLARITY|| +0.07834 && +0.07183 SPAN +0.00337 edge   6.1  end nest->food [1190,699,0,0,0]  nest   25  AtNest 22.27%
                Carrying: laden     24048  of which SPOIL     11580 ( 48.2%)
    DECISION CENSUS: 15662 decisions, reconciled against the rows and the engine's counters
      C1 homeward re-roll: no_usable 86, bias_off 0, no_crop 4889, empty_crop 0, no_site 0, on_anchor 0, roll_failed 0, fired 0, fired_haul 0
      C1 fired, aimed: toward 0, across 0, away 0
      C2 drop: roll_lost 0, placed 0, delivered 0, no_room 0 -- no room on 0.0% of won rolls; handed on through bodies 0 (mean 0.0 steps)
      C3 cone: left 463, straight 4492, right 376; Turn nonzero on 96 picks (largest |Turn| 3.81e-8), discarded on 92
      leg     setting          n  stepped    felllaunched swappedcrossingreversedblocked_roll_fairoll_fai no_body
      empty   pocket        1290     6.7%   17.7%    0.0%    0.0%    0.0%    0.0%    4.0%   36.0%   35.6%    0.0%
      empty   corridor      3384    39.4%    1.7%    0.0%    0.0%    0.0%    0.0%    0.9%   29.9%   28.1%    0.0%
      empty   junction      7008    38.4%    5.0%    0.0%    0.0%    0.0%    0.0%    0.7%   27.8%   28.0%    0.0%
      empty   open          1654    41.8%    6.3%    0.0%    0.0%    0.0%    0.0%    0.0%   27.0%   24.8%    0.0%
      spoil   pocket         819    13.1%    0.6%    0.0%    0.0%    0.0%    0.0%   12.0%   38.3%   36.0%    0.0%
      spoil   corridor       867    19.6%    0.1%    0.0%    0.0%    0.0%    0.0%    1.2%   40.8%   38.3%    0.0%
      spoil   junction       550    38.9%    1.1%    0.0%    0.0%    0.0%    0.0%    2.9%   27.8%   29.3%    0.0%
      spoil   open            90    40.0%    2.2%    0.0%    0.0%    0.0%    0.0%    0.0%   31.1%   26.7%    0.0%
    DECISIONS: rows not written (decisionnorows)
  200   23  hand    0/0            0     4116     5466        0        0    1/20        0          2 9 7 2 0
                A READ  ant-readable homeward along >= 0.02 on  41.2% of route-cell samples | FOODWARD  12.0% | plane lit on  56.6% | peak amt  40221 cells 193
                THE LOOP, ANT BY ANT:
                  0. lived                                     20    100.0% of prev    100.0% of all
                  1. reached the food                           1      5.0% of prev      5.0% of all
                  2. picked food up out there                   0      0.0% of prev      0.0% of all
                  3. turned for home with it                    0      0.0% of prev      0.0% of all
                  4. got back to the nest still holding it      0      0.0% of prev      0.0% of all
                  5. PUT IT DOWN there                          0      0.0% of prev      0.0% of all
                  6. went back out again                        0      0.0% of prev      0.0% of all
                  7. reached the food a SECOND time             0      0.0% of prev      0.0% of all
                RETURN LEDGER reached food    1 of   20 ants | came back    0 | trips laden    0 empty    0 | LOOPERS    0 of   20 ants ( 0.0% of those that reached food), repeat    0, most loops by one ant   0
                BY ANCHOR AT PICKUP  anchor ON nest material:    0 loops /    0 pickups (  0.0%) | anchor OFF it:    0 /    0 (  0.0%)
                BY BIRTH SITE  born ON comb:   0 of   1 that reached food looped (  0.0%) | born OFF comb:   0 of   0 (  0.0%)
                founded x   30..68   (nest cursor 48 MATERIAL x 26..70 20 of 20 founders born on it; food 248; nearest founder 180 cells out, farthest 218, nominal gap 200)  occupancy/1k [35 12 18 16 7 1 1 0]  carry->nest       0  born    0 died   20 (starved   20)
                own trail: route pk    0 end    0 along +0.0000  B nest->food [1040,3947,6854,9762,8347]  blocked      256  kin swaps       0  ticks     15662  tumbles      4975 (homeward        0, 0.00%)  drops       0  DELIVERED     0  leg home n    0 med     0 p90     0 (laden n    0 med     0 p90     0)  appetite held         0 J of         0  trips born-on-comb    0 (20 ants) / born-off    0 (0 ants)
                channel A: PEAK amt  40221 cells  193 (of 201 route)  POLARITY|| +0.08871 && +0.08204 SPAN +0.00265 edge   6.8  end nest->food [936,1031,0,0,0]  nest   25  AtNest  9.46%
                Carrying: laden     13956  of which SPOIL     13956 (100.0%)
    DECISION CENSUS: 14017 decisions, reconciled against the rows and the engine's counters
      C1 homeward re-roll: no_usable 74, bias_off 0, no_crop 3675, empty_crop 0, no_site 0, on_anchor 0, roll_failed 0, fired 0, fired_haul 0
      C1 fired, aimed: toward 0, across 0, away 0
      C2 drop: roll_lost 0, placed 0, delivered 0, no_room 0 -- no room on 0.0% of won rolls; handed on through bodies 0 (mean 0.0 steps)
      C3 cone: left 581, straight 4435, right 435; Turn nonzero on 0 picks (largest |Turn| 0.00e0), discarded on 0
      leg     setting          n  stepped    felllaunched swappedcrossingreversedblocked_roll_fairoll_fai no_body
      empty   pocket         425     3.1%   51.5%    0.0%    0.0%    0.0%    0.0%    0.0%   21.2%   24.2%    0.0%
      empty   corridor      2093    43.3%    4.2%    0.0%    0.0%    0.0%    0.0%    0.6%   26.4%   25.6%    0.0%
      empty   junction      7706    42.6%    6.6%    0.0%    0.0%    0.0%    0.0%    0.4%   25.0%   25.4%    0.0%
      empty   open          2899    34.3%   10.4%    0.0%    0.0%    0.0%    0.0%    0.0%   28.5%   26.8%    0.0%
      spoil   pocket         341     1.8%    4.1%    0.0%    0.0%    0.0%    0.0%    1.5%   45.2%   47.5%    0.0%
      spoil   corridor        56    33.9%    5.4%    0.0%    0.0%    0.0%    0.0%   21.4%   14.3%   25.0%    0.0%
      spoil   junction       380    45.3%    2.9%    0.0%    0.0%    0.0%    0.0%    3.9%   22.6%   25.3%    0.0%
      spoil   open           117    47.0%    3.4%    0.0%    0.0%    0.0%    0.0%    0.0%   24.8%   24.8%    0.0%
    DECISIONS: rows not written (decisionnorows)
  200   24  hand    0/0            0        0     5064        0        0    0/20        0         1 4 12 3 0
                A READ  ant-readable homeward along >= 0.02 on  46.1% of route-cell samples | FOODWARD  10.0% | plane lit on  61.2% | peak amt  37667 cells 168
                THE LOOP, ANT BY ANT:
                  0. lived                                     20    100.0% of prev    100.0% of all
                  1. reached the food                           0      0.0% of prev      0.0% of all
                  2. picked food up out there                   0      0.0% of prev      0.0% of all
                  3. turned for home with it                    0      0.0% of prev      0.0% of all
                  4. got back to the nest still holding it      0      0.0% of prev      0.0% of all
                  5. PUT IT DOWN there                          0      0.0% of prev      0.0% of all
                  6. went back out again                        0      0.0% of prev      0.0% of all
                  7. reached the food a SECOND time             0      0.0% of prev      0.0% of all
                RETURN LEDGER reached food    0 of   20 ants | came back    0 | trips laden    0 empty    0 | LOOPERS    0 of   20 ants ( 0.0% of those that reached food), repeat    0, most loops by one ant   0
                BY ANCHOR AT PICKUP  anchor ON nest material:    0 loops /    0 pickups (  0.0%) | anchor OFF it:    0 /    0 (  0.0%)
                BY BIRTH SITE  born ON comb:   0 of   0 that reached food looped (  0.0%) | born OFF comb:   0 of   0 (  0.0%)
                founded x   30..68   (nest cursor 48 MATERIAL x 26..70 20 of 20 founders born on it; food 248; nearest founder 180 cells out, farthest 218, nominal gap 200)  occupancy/1k [11 13 19 19 11 7 0 0]  carry->nest       0  born    0 died   20 (starved   19)
                own trail: route pk    0 end    0 along +0.0000  B nest->food [1040,3947,6854,9762,8347]  blocked       77  kin swaps       0  ticks     14018  tumbles      3749 (homeward        0, 0.00%)  drops       0  DELIVERED     0  leg home n    0 med     0 p90     0 (laden n    0 med     0 p90     0)  appetite held         0 J of         0  trips born-on-comb    0 (20 ants) / born-off    0 (0 ants)
                channel A: PEAK amt  37667 cells  168 (of 201 route)  POLARITY|| +0.07520 && +0.06836 SPAN +0.00257 edge   6.0  end nest->food [364,579,0,0,0]  nest   25  AtNest  8.42%
                Carrying: laden      5364  of which SPOIL      5364 (100.0%)

  larder put out, over the whole sweep: 96000-96720 J, against a need near 46,800 J
    for 52 ants over 24,000 frames -- so these colonies are provisioned, not starved.
  intake off anything that is not the larder is ASSERTED to be 0 in every row, not printed.

  `self` vs `mute` is the real question: do the ants' OWN trails do anything?
  `visitors` is DISTINCT ants that reached the food over distinct ants that ever lived --
    recruitment, which `near` ant-ticks cannot see: 50 visitors and 1 resident read alike.
  `trips` is nest -> food -> nest, closed on the RETURN. `reach` buckets every ant by how
  `occupancy` is ant-ticks in 8 equal bands, NEST END FIRST, food end last -- a commuting
    colony is bimodal, a dispersing one slides its mass right, a homebody is a spike at 0.
  `carry->nest` is signed cells moved while holding larder, POSITIVE = homeward. Near zero
    means food is picked up and wandered with, which is a different fault from not finding it.
    far it ever got, as a share of the gap, so a commuting population is visible as a shape.
  `hand` vs `self` only says whether a laid ramp beats what they bootstrap.
  `hmute` is the DECAY BASELINE for `route pk`: our ramp laid, the ants silenced.
  `flatN`/`flatF` are the POLARITY metric's negative controls: a FLAT channel A blob over
    the nest half / the food half, ants' EmitA silenced. A field with no ramp in it at all.
    A correct metric reads 0 on both. POLARITY|| is predicted to read ~+0.12 and ~-0.12,
    which brackets every polarity figure in the report -- see `lay_flat`.
  `homeA` lays a channel A HOMING ramp and no food trail -- if laden ants only fail
    to route because they cannot find their way home, this is where their own B appears.
  `carry` is ant-ticks holding larder in the crop; `carry@nest` is those inside the +-26 nest band --
    that pair is the answer to "is food being carried back", which a cell census cannot give.
  `other J` must read 0 in every row: it is the check that `onlyfood` held.
  A gap where `alive` reaches 0 in every arm is measuring a dead colony, not a deaf one.
