frame,x,dx_home,PheroAAlong,PheroAFront,Carrying,CarryingFood,crop_cells,spoil,heading,Energy,Crowding,AtNest,FoodAdjacent,Stillness,h0,h1,PheroBAlong,PheroBFront,h2,h3,p_move,p_tumble,trail_term,move_presquash
1,84,0,0.00000,0.00000,0.0000,0.0000,0,0,0,1.0000,0.0000,0.0000,0.0000,0.0000,-0.97826,-0.97826,0.07470,0.07291,0.97847,0.97805,0.60034,0.00000,0.00000,0.25106
2,84,0,0.00000,0.00000,0.0000,0.0000,0,0,0,1.0000,0.0000,0.0000,0.0000,0.0000,-0.97826,-0.97826,0.07470,0.07291,0.97847,0.97805,0.60034,0.00000,0.00000,0.25106
3,84,0,0.00000,0.00000,0.0000,0.0000,0,0,0,1.0000,0.0000,0.0000,0.0000,0.0000,-0.97826,-0.97826,0.07470,0.07291,0.97847,0.97805,0.60034,0.00000,0.00000,0.25106
4,84,0,0.00000,0.00000,0.0000,0.0000,0,0,0,1.0000,0.0000,0.0000,0.0000,0.0000,-0.97826,-0.97826,0.07470,0.07291,0.97847,0.97805,0.60034,0.00000,0.00000,0.25106
5,84,0,0.00000,0.00000,0.0000,0.0000,0,0,0,1.0000,0.0000,0.0000,0.0000,0.0000,-0.97826,-0.97826,0.07470,0.07291,0.97847,0.97805,0.60034,0.00000,0.00000,0.25106
6,85,-1,0.00000,0.00000,0.0000,0.0000,0,0,0,1.0000,0.1250,0.0000,0.0000,0.0000,-0.97826,-0.97826,0.07299,0.07465,0.97847,0.97805,0.58798,0.00000,0.00000,0.21354
7,85,0,0.00000,0.00000,0.0000,0.0000,0,0,0,1.0000,0.1250,0.0000,0.0000,0.0000,-0.97826,-0.97826,0.07299,0.07465,0.97847,0.97805,0.58798,0.00000,0.00000,0.21354
8,85,0,0.00000,0.00000,0.0000,0.0000,0,0,0,1.0000,0.1250,0.0000,0.0000,0.0000,-0.97826,-0.97826,0.07299,0.07465,0.97847,0.97805,0.58798,0.00000,0.00000,0.21354
9,85,0,0.00000,0.00000,0.0000,0.0000,0,0,0,1.0000,0.1250,0.0000,0.0000,0.0000,-0.97826,-0.97826,0.07299,0.07465,0.97847,0.97805,0.58798,0.00000,0.00000,0.21354
10,85,0,0.00000,0.00000,0.0000,0.0000,0,0,0,1.0000,0.1250,0.0000,0.0000,0.0000,-0.97826,-0.97826,0.07299,0.07465,0.97847,0.97805,0.58798,0.00000,0.00000,0.21354
11,85,0,0.00000,0.00000,0.0000,0.0000,0,0,0,1.0000,0.1250,0.0000,0.0000,0.0000,-0.97826,-0.97826,0.07299,0.07465,0.97847,0.97805,0.58798,0.00000,0.00000,0.21354
12,85,0,0.00000,0.00000,0.0000,0.0000,0,0,0,1.0000,0.1250,0.0000,0.0000,0.0000,-0.97826,-0.97826,0.07272,0.06636,0.97847,0.97805,0.58799,0.00000,0.00000,0.21357
13,85,0,0.00000,0.00000,0.0000,0.0000,0,0,0,1.0000,0.1250,0.0000,0.0000,0.0000,-0.97826,-0.97826,0.07272,0.06636,0.97847,0.97805,0.58799,0.00000,0.00000,0.21357
14,85,0,0.00000,0.00000,0.0000,0.0000,0,0,0,1.0000,0.1250,0.0000,0.0000,0.0000,-0.97826,-0.97826,0.07272,0.06636,0.97847,0.97805,0.58799,0.00000,0.00000,0.21357
15,85,0,0.00000,0.00000,0.0000,0.0000,0,0,0,1.0000,0.1250,0.0000,0.0000,0.0000,-0.97826,-0.97826,0.07272,0.06636,0.97847,0.97805,0.58799,0.00000,0.00000,0.21357
16,85,0,0.00000,0.00000,0.0000,0.0000,0,0,0,1.0000,0.1250,0.0000,0.0000,0.0000,-0.97826,-0.97826,0.07272,0.06636,0.97847,0.97805,0.58799,0.00000,0.00000,0.21357
17,85,0,0.00000,0.00000,0.0000,0.0000,0,0,0,1.0000,0.1250,0.0000,0.0000,0.0000,-0.97826,-0.97826,0.07272,0.06636,0.97847,0.97805,0.58799,0.00000,0.00000,0.21357
18,85,0,0.00000,0.00000,0.0000,0.0000,0,0,0,1.0000,0.1250,0.0000,0.0000,0.0001,-0.97826,-0.97826,0.07272,0.06636,0.97847,0.97805,0.58803,0.00000,0.00000,0.21369
19,85,0,0.00000,0.00000,0.0000,0.0000,0,0,0,1.0000,0.1250,0.0000,0.0000,0.0001,-0.97826,-0.97826,0.07272,0.06636,0.97847,0.97805,0.58803,0.00000,0.00000,0.21369
20,85,0,0.00000,0.00000,0.0000,0.0000,0,0,0,1.0000,0.1250,0.0000,0.0000,0.0001,-0.97826,-0.97826,0.07272,0.06636,0.97847,0.97805,0.58803,0.00000,0.00000,0.21369
21,85,0,0.00000,0.00000,0.0000,0.0000,0,0,0,1.0000,0.1250,0.0000,0.0000,0.0001,-0.97826,-0.97826,0.07272,0.06636,0.97847,0.97805,0.58803,0.00000,0.00000,0.21369
22,85,0,0.00000,0.00000,0.0000,0.0000,0,0,0,1.0000,0.1250,0.0000,0.0000,0.0001,-0.97826,-0.97826,0.07272,0.06636,0.97847,0.97805,0.58803,0.00000,0.00000,0.21369
23,85,0,0.00000,0.00000,0.0000,0.0000,0,0,0,1.0000,0.1250,0.0000,0.0000,0.0001,-0.97826,-0.97826,0.07272,0.06636,0.97847,0.97805,0.58803,0.00000,0.00000,0.21369
24,85,0,0.00000,0.00000,0.0000,0.0000,0,0,1,1.0000,0.0000,0.0000,0.0000,0.0002,-0.97826,-0.97826,-0.91281,0.00049,0.97532,0.98057,0.59587,0.00000,0.00000,0.23724
25,85,0,0.00000,0.00000,0.0000,0.0000,0,0,1,1.0000,0.0000,0.0000,0.0000,0.0002,-0.97826,-0.97826,-0.91281,0.00049,0.97532,0.98057,0.59587,0.00000,0.00000,0.23724
26,85,0,0.00000,0.00000,0.0000,0.0000,0,0,1,1.0000,0.0000,0.0000,0.0000,0.0002,-0.97826,-0.97826,-0.91281,0.00049,0.97532,0.98057,0.59587,0.00000,0.00000,0.23724
27,85,0,0.00000,0.00000,0.0000,0.0000,0,0,1,1.0000,0.0000,0.0000,0.0000,0.0002,-0.97826,-0.97826,-0.91281,0.00049,0.97532,0.98057,0.59587,0.00000,0.00000,0.23724
28,85,0,0.00000,0.00000,0.0000,0.0000,0,0,1,1.0000,0.0000,0.0000,0.0000,0.0002,-0.97826,-0.97826,-0.91281,0.00049,0.97532,0.98057,0.59587,0.00000,0.00000,0.23724
29,85,0,0.00000,0.00000,0.0000,0.0000,0,0,1,1.0000,0.0000,0.0000,0.0000,0.0002,-0.97826,-0.97826,-0.91281,0.00049,0.97532,0.98057,0.59587,0.00000,0.00000,0.23724
30,85,0,0.00000,0.00000,0.0000,0.0000,0,0,0,1.0000,0.0000,0.0000,0.0000,0.0004,-0.97826,-0.97826,0.07253,0.05998,0.97846,0.97805,0.60054,0.00000,0.00000,0.25168
31,85,0,0.00000,0.00000,0.0000,0.0000,0,0,0,1.0000,0.0000,0.0000,0.0000,0.0004,-0.97826,-0.97826,0.07253,0.05998,0.97846,0.97805,0.60054,0.00000,0.00000,0.25168
32,85,0,0.00000,0.00000,0.0000,0.0000,0,0,0,1.0000,0.0000,0.0000,0.0000,0.0004,-0.97826,-0.97826,0.07253,0.05998,0.97846,0.97805,0.60054,0.00000,0.00000,0.25168
33,85,0,0.00000,0.00000,0.0000,0.0000,0,0,0,1.0000,0.0000,0.0000,0.0000,0.0004,-0.97826,-0.97826,0.07253,0.05998,0.97846,0.97805,0.60054,0.00000,0.00000,0.25168
34,85,0,0.00000,0.00000,0.0000,0.0000,0,0,0,1.0000,0.0000,0.0000,0.0000,0.0004,-0.97826,-0.97826,0.07253,0.05998,0.97846,0.97805,0.60054,0.00000,0.00000,0.25168
35,85,0,0.00000,0.00000,0.0000,0.0000,0,0,0,1.0000,0.0000,0.0000,0.0000,0.0004,-0.97826,-0.97826,0.07253,0.05998,0.97846,0.97805,0.60054,0.00000,0.00000,0.25168
36,85,0,0.00000,0.00000,0.0000,0.0000,0,0,0,1.0000,0.0000,0.0000,0.0000,0.0007,-0.97826,-0.97826,0.07232,0.05495,0.97846,0.97805,0.60065,0.00000,0.00000,0.25204
37,85,0,0.00000,0.00000,0.0000,0.0000,0,0,0,1.0000,0.0000,0.0000,0.0000,0.0007,-0.97826,-0.97826,0.07232,0.05495,0.97846,0.97805,0.60065,0.00000,0.00000,0.25204
38,85,0,0.00000,0.00000,0.0000,0.0000,0,0,0,1.0000,0.0000,0.0000,0.0000,0.0007,-0.97826,-0.97826,0.07232,0.05495,0.97846,0.97805,0.60065,0.00000,0.00000,0.25204
39,85,0,0.00000,0.00000,0.0000,0.0000,0,0,0,1.0000,0.0000,0.0000,0.0000,0.0007,-0.97826,-0.97826,0.07232,0.05495,0.97846,0.97805,0.60065,0.00000,0.00000,0.25204
40,85,0,0.00000,0.00000,0.0000,0.0000,0,0,0,1.0000,0.0000,0.0000,0.0000,0.0007,-0.97826,-0.97826,0.07232,0.05495,0.97846,0.97805,0.60065,0.00000,0.00000,0.25204
41,85,0,0.00000,0.00000,0.0000,0.0000,0,0,0,1.0000,0.0000,0.0000,0.0000,0.0007,-0.97826,-0.97826,0.07232,0.05495,0.97846,0.97805,0.60065,0.00000,0.00000,0.25204
42,85,0,0.00000,0.00000,0.0000,0.0000,0,0,3,1.0000,0.1250,0.0000,0.0000,0.0010,-0.97826,-0.97826,-0.89153,0.00087,0.97540,0.98053,0.66534,0.00000,0.00000,0.49405
43,85,0,0.00000,0.00000,0.0000,0.0000,0,0,3,1.0000,0.1250,0.0000,0.0000,0.0010,-0.97826,-0.97826,-0.89153,0.00087,0.97540,0.98053,0.66534,0.00000,0.00000,0.49405
44,85,0,0.00000,0.00000,0.0000,0.0000,0,0,3,1.0000,0.1250,0.0000,0.0000,0.0010,-0.97826,-0.97826,-0.89153,0.00087,0.97540,0.98053,0.66534,0.00000,0.00000,0.49405
45,85,0,0.00000,0.00000,0.0000,0.0000,0,0,3,1.0000,0.1250,0.0000,0.0000,0.0010,-0.97826,-0.97826,-0.89153,0.00087,0.97540,0.98053,0.66534,0.00000,0.00000,0.49405
46,85,0,0.00000,0.00000,0.0000,0.0000,0,0,3,1.0000,0.1250,0.0000,0.0000,0.0010,-0.97826,-0.97826,-0.89153,0.00087,0.97540,0.98053,0.66534,0.00000,0.00000,0.49405
47,85,0,0.00000,0.00000,0.0000,0.0000,0,0,3,1.0000,0.1250,0.0000,0.0000,0.0010,-0.97826,-0.97826,-0.89153,0.00087,0.97540,0.98053,0.66534,0.00000,0.00000,0.49405
48,84,1,0.00000,0.00000,0.0000,0.0000,0,0,4,1.0000,0.2500,0.0000,0.0000,0.0000,-0.97826,-0.97826,-0.08654,0.03549,0.97801,0.97850,0.65965,0.00000,0.00000,0.46907
49,84,0,0.00000,0.00000,0.0000,0.0000,0,0,4,1.0000,0.2500,0.0000,0.0000,0.0000,-0.97826,-0.97826,-0.08654,0.03549,0.97801,0.97850,0.65965,0.00000,0.00000,0.46907
50,84,0,0.00000,0.00000,0.0000,0.0000,0,0,4,1.0000,0.2500,0.0000,0.0000,0.0000,-0.97826,-0.97826,-0.08654,0.03549,0.97801,0.97850,0.65965,0.00000,0.00000,0.46907
51,84,0,0.00000,0.00000,0.0000,0.0000,0,0,4,1.0000,0.2500,0.0000,0.0000,0.0000,-0.97826,-0.97826,-0.08654,0.03549,0.97801,0.97850,0.65965,0.00000,0.00000,0.46907
52,84,0,0.00000,0.00000,0.0000,0.0000,0,0,4,1.0000,0.2500,0.0000,0.0000,0.0000,-0.97826,-0.97826,-0.08654,0.03549,0.97801,0.97850,0.65965,0.00000,0.00000,0.46907
53,84,0,0.00000,0.00000,0.0000,0.0000,0,0,4,1.0000,0.2500,0.0000,0.0000,0.0000,-0.97826,-0.97826,-0.08654,0.03549,0.97801,0.97850,0.65965,0.00000,0.00000,0.46907
54,84,0,0.00000,0.00000,0.0000,0.0000,0,0,3,0.9717,0.2500,0.0000,0.0000,0.0000,-0.97826,-0.97826,-0.85924,0.00142,0.97552,0.98045,0.64766,0.00000,0.00000,0.41909
55,84,0,0.00000,0.00000,0.0000,0.0000,0,0,3,0.9717,0.2500,0.0000,0.0000,0.0000,-0.97826,-0.97826,-0.85924,0.00142,0.97552,0.98045,0.64766,0.00000,0.00000,0.41909
56,84,0,0.00000,0.00000,0.0000,0.0000,0,0,3,0.9717,0.2500,0.0000,0.0000,0.0000,-0.97826,-0.97826,-0.85924,0.00142,0.97552,0.98045,0.64766,0.00000,0.00000,0.41909
57,84,0,0.00000,0.00000,0.0000,0.0000,0,0,3,0.9717,0.2500,0.0000,0.0000,0.0000,-0.97826,-0.97826,-0.85924,0.00142,0.97552,0.98045,0.64766,0.00000,0.00000,0.41909
58,84,0,0.00000,0.00000,0.0000,0.0000,0,0,3,0.9717,0.2500,0.0000,0.0000,0.0000,-0.97826,-0.97826,-0.85924,0.00142,0.97552,0.98045,0.64766,0.00000,0.00000,0.41909
59,84,0,0.00000,0.00000,0.0000,0.0000,0,0,3,0.9717,0.2500,0.0000,0.0000,0.0000,-0.97826,-0.97826,-0.85924,0.00142,0.97552,0.98045,0.64766,0.00000,0.00000,0.41909
60,84,0,0.00000,0.00000,0.0000,0.0000,0,0,3,0.9710,0.2500,0.0000,0.0000,0.0001,-0.97826,-0.97826,-0.92193,0.00200,0.97529,0.98059,0.64796,0.00000,0.00000,0.42030
61,84,0,0.00000,0.00000,0.0000,0.0000,0,0,3,0.9710,0.2500,0.0000,0.0000,0.0001,-0.97826,-0.97826,-0.92193,0.00200,0.97529,0.98059,0.64796,0.00000,0.00000,0.42030
62,84,0,0.00000,0.00000,0.0000,0.0000,0,0,3,0.9710,0.2500,0.0000,0.0000,0.0001,-0.97826,-0.97826,-0.92193,0.00200,0.97529,0.98059,0.64796,0.00000,0.00000,0.42030
63,84,0,0.00000,0.00000,0.0000,0.0000,0,0,3,0.9710,0.2500,0.0000,0.0000,0.0001,-0.97826,-0.97826,-0.92193,0.00200,0.97529,0.98059,0.64796,0.00000,0.00000,0.42030
64,84,0,0.00000,0.00000,0.0000,0.0000,0,0,3,0.9710,0.2500,0.0000,0.0000,0.0001,-0.97826,-0.97826,-0.92193,0.00200,0.97529,0.98059,0.64796,0.00000,0.00000,0.42030
65,84,0,0.00000,0.00000,0.0000,0.0000,0,0,3,0.9710,0.2500,0.0000,0.0000,0.0001,-0.97826,-0.97826,-0.92193,0.00200,0.97529,0.98059,0.64796,0.00000,0.00000,0.42030
66,84,0,0.00000,0.00000,0.0000,0.0000,0,0,4,0.9704,0.2500,0.0000,0.0000,0.0002,-0.97826,-0.97826,-0.08898,0.07944,0.97801,0.97851,0.65145,0.00000,0.00000,0.43451
67,84,0,0.00000,0.00000,0.0000,0.0000,0,0,4,0.9704,0.2500,0.0000,0.0000,0.0002,-0.97826,-0.97826,-0.08898,0.07944,0.97801,0.97851,0.65145,0.00000,0.00000,0.43451
68,84,0,0.00000,0.00000,0.0000,0.0000,0,0,4,0.9704,0.2500,0.0000,0.0000,0.0002,-0.97826,-0.97826,-0.08898,0.07944,0.97801,0.97851,0.65145,0.00000,0.00000,0.43451
69,84,0,0.00000,0.00000,0.0000,0.0000,0,0,4,0.9704,0.2500,0.0000,0.0000,0.0002,-0.97826,-0.97826,-0.08898,0.07944,0.97801,0.97851,0.65145,0.00000,0.00000,0.43451
70,84,0,0.00000,0.00000,0.0000,0.0000,0,0,4,0.9704,0.2500,0.0000,0.0000,0.0002,-0.97826,-0.97826,-0.08898,0.07944,0.97801,0.97851,0.65145,0.00000,0.00000,0.43451
71,84,0,0.00000,0.00000,0.0000,0.0000,0,0,4,0.9704,0.2500,0.0000,0.0000,0.0002,-0.97826,-0.97826,-0.08898,0.07944,0.97801,0.97851,0.65145,0.00000,0.00000,0.43451
72,84,0,0.00000,0.00000,0.0000,0.0000,0,0,3,0.9697,0.2500,0.0000,0.0000,0.0004,-0.97826,-0.97826,-0.89722,0.00290,0.97538,0.98054,0.64917,0.00000,0.00000,0.42517
73,84,0,0.00000,0.00000,0.0000,0.0000,0,0,3,0.9697,0.2500,0.0000,0.0000,0.0004,-0.97826,-0.97826,-0.89722,0.00290,0.97538,0.98054,0.64917,0.00000,0.00000,0.42517
74,84,0,0.00000,0.00000,0.0000,0.0000,0,0,3,0.9697,0.2500,0.0000,0.0000,0.0004,-0.97826,-0.97826,-0.89722,0.00290,0.97538,0.98054,0.64917,0.00000,0.00000,0.42517
75,84,0,0.00000,0.00000,0.0000,0.0000,0,0,3,0.9697,0.2500,0.0000,0.0000,0.0004,-0.97826,-0.97826,-0.89722,0.00290,0.97538,0.98054,0.64917,0.00000,0.00000,0.42517
76,84,0,0.00000,0.00000,0.0000,0.0000,0,0,3,0.9697,0.2500,0.0000,0.0000,0.0004,-0.97826,-0.97826,-0.89722,0.00290,0.97538,0.98054,0.64917,0.00000,0.00000,0.42517
77,84,0,0.00000,0.00000,0.0000,0.0000,0,0,3,0.9697,0.2500,0.0000,0.0000,0.0004,-0.97826,-0.97826,-0.89722,0.00290,0.97538,0.98054,0.64917,0.00000,0.00000,0.42517
78,84,0,0.00000,0.00000,0.0000,0.0000,0,0,4,0.9690,0.2500,0.0000,0.0000,0.0007,-0.97826,-0.97826,-0.08885,0.07300,0.97801,0.97851,0.65258,0.00000,0.00000,0.43918
79,84,0,0.00000,0.00000,0.0000,0.0000,0,0,4,0.9690,0.2500,0.0000,0.0000,0.0007,-0.97826,-0.97826,-0.08885,0.07300,0.97801,0.97851,0.65258,0.00000,0.00000,0.43918
80,84,0,0.00000,0.00000,0.0000,0.0000,0,0,4,0.9690,0.2500,0.0000,0.0000,0.0007,-0.97826,-0.97826,-0.08885,0.07300,0.97801,0.97851,0.65258,0.00000,0.00000,0.43918
81,84,0,0.00000,0.00000,0.0000,0.0000,0,0,4,0.9690,0.2500,0.0000,0.0000,0.0007,-0.97826,-0.97826,-0.08885,0.07300,0.97801,0.97851,0.65258,0.00000,0.00000,0.43918
82,84,0,0.00000,0.00000,0.0000,0.0000,0,0,4,0.9690,0.2500,0.0000,0.0000,0.0007,-0.97826,-0.97826,-0.08885,0.07300,0.97801,0.97851,0.65258,0.00000,0.00000,0.43918
83,84,0,0.00000,0.00000,0.0000,0.0000,0,0,4,0.9690,0.2500,0.0000,0.0000,0.0007,-0.97826,-0.97826,-0.08885,0.07300,0.97801,0.97851,0.65258,0.00000,0.00000,0.43918
84,84,0,0.00000,0.00000,0.0000,0.0000,0,0,3,0.9683,0.2500,0.0000,0.0000,0.0010,-0.97826,-0.97826,-0.86826,0.00392,0.97548,0.98047,0.65045,0.00000,0.00000,0.43043
85,84,0,0.00000,0.00000,0.0000,0.0000,0,0,3,0.9683,0.2500,0.0000,0.0000,0.0010,-0.97826,-0.97826,-0.86826,0.00392,0.97548,0.98047,0.65045,0.00000,0.00000,0.43043
86,84,0,0.00000,0.00000,0.0000,0.0000,0,0,3,0.9683,0.2500,0.0000,0.0000,0.0010,-0.97826,-0.97826,-0.86826,0.00392,0.97548,0.98047,0.65045,0.00000,0.00000,0.43043
87,84,0,0.00000,0.00000,0.0000,0.0000,0,0,3,0.9683,0.2500,0.0000,0.0000,0.0010,-0.97826,-0.97826,-0.86826,0.00392,0.97548,0.98047,0.65045,0.00000,0.00000,0.43043
88,84,0,0.00000,0.00000,0.0000,0.0000,0,0,3,0.9683,0.2500,0.0000,0.0000,0.0010,-0.97826,-0.97826,-0.86826,0.00392,0.97548,0.98047,0.65045,0.00000,0.00000,0.43043
89,84,0,0.00000,0.00000,0.0000,0.0000,0,0,3,0.9683,0.2500,0.0000,0.0000,0.0010,-0.97826,-0.97826,-0.86826,0.00392,0.97548,0.98047,0.65045,0.00000,0.00000,0.43043
90,83,1,0.00000,0.00000,0.0000,0.0000,0,0,3,0.9246,0.2500,0.0000,0.0000,0.0000,-0.97826,-0.97826,-0.95401,0.00044,0.97517,0.98067,0.65804,0.00000,0.00000,0.46217
91,83,0,0.00000,0.00000,0.0000,0.0000,0,0,3,0.9246,0.2500,0.0000,0.0000,0.0000,-0.97826,-0.97826,-0.95401,0.00044,0.97517,0.98067,0.65804,0.00000,0.00000,0.46217
92,83,0,0.00000,0.00000,0.0000,0.0000,0,0,3,0.9246,0.2500,0.0000,0.0000,0.0000,-0.97826,-0.97826,-0.95401,0.00044,0.97517,0.98067,0.65804,0.00000,0.00000,0.46217
93,83,0,0.00000,0.00000,0.0000,0.0000,0,0,3,0.9246,0.2500,0.0000,0.0000,0.0000,-0.97826,-0.97826,-0.95401,0.00044,0.97517,0.98067,0.65804,0.00000,0.00000,0.46217
94,83,0,0.00000,0.00000,0.0000,0.0000,0,0,3,0.9246,0.2500,0.0000,0.0000,0.0000,-0.97826,-0.97826,-0.95401,0.00044,0.97517,0.98067,0.65804,0.00000,0.00000,0.46217
95,83,0,0.00000,0.00000,0.0000,0.0000,0,0,3,0.9246,0.2500,0.0000,0.0000,0.0000,-0.97826,-0.97826,-0.95401,0.00044,0.97517,0.98067,0.65804,0.00000,0.00000,0.46217
96,83,0,0.00000,0.00000,0.0000,0.0000,0,0,3,0.9240,0.2500,0.0000,0.0000,0.0000,-0.97826,-0.97826,-0.94781,0.00066,0.97519,0.98065,0.65891,0.00000,0.00000,0.46587
97,83,0,0.00000,0.00000,0.0000,0.0000,0,0,3,0.9240,0.2500,0.0000,0.0000,0.0000,-0.97826,-0.97826,-0.94781,0.00066,0.97519,0.98065,0.65891,0.00000,0.00000,0.46587
98,83,0,0.00000,0.00000,0.0000,0.0000,0,0,3,0.9240,0.2500,0.0000,0.0000,0.0000,-0.97826,-0.97826,-0.94781,0.00066,0.97519,0.98065,0.65891,0.00000,0.00000,0.46587
99,83,0,0.00000,0.00000,0.0000,0.0000,0,0,3,0.9240,0.2500,0.0000,0.0000,0.0000,-0.97826,-0.97826,-0.94781,0.00066,0.97519,0.98065,0.65891,0.00000,0.00000,0.46587
100,83,0,0.00000,0.00000,0.0000,0.0000,0,0,3,0.9240,0.2500,0.0000,0.0000,0.0000,-0.97826,-0.97826,-0.94781,0.00066,0.97519,0.98065,0.65891,0.00000,0.00000,0.46587
101,83,0,0.00000,0.00000,0.0000,0.0000,0,0,3,0.9240,0.2500,0.0000,0.0000,0.0000,-0.97826,-0.97826,-0.94781,0.00066,0.97519,0.98065,0.65891,0.00000,0.00000,0.46587
102,82,1,0.00000,0.00000,0.0000,0.0000,0,0,3,0.9220,0.1250,0.0000,0.0000,0.0000,-0.97826,-0.97826,-0.96092,0.00002,0.97515,0.98068,0.66829,0.00000,0.00000,0.50733
103,82,0,0.00000,0.00000,0.0000,0.0000,0,0,3,0.9220,0.1250,0.0000,0.0000,0.0000,-0.97826,-0.97826,-0.96092,0.00002,0.97515,0.98068,0.66829,0.00000,0.00000,0.50733
104,82,0,0.00000,0.00000,0.0000,0.0000,0,0,3,0.9220,0.1250,0.0000,0.0000,0.0000,-0.97826,-0.97826,-0.96092,0.00002,0.97515,0.98068,0.66829,0.00000,0.00000,0.50733
105,82,0,0.00000,0.00000,0.0000,0.0000,0,0,3,0.9220,0.1250,0.0000,0.0000,0.0000,-0.97826,-0.97826,-0.96092,0.00002,0.97515,0.98068,0.66829,0.00000,0.00000,0.50733
106,82,0,0.00000,0.00000,0.0000,0.0000,0,0,3,0.9220,0.1250,0.0000,0.0000,0.0000,-0.97826,-0.97826,-0.96092,0.00002,0.97515,0.98068,0.66829,0.00000,0.00000,0.50733
107,82,0,0.00000,0.00000,0.0000,0.0000,0,0,3,0.9220,0.1250,0.0000,0.0000,0.0000,-0.97826,-0.97826,-0.96092,0.00002,0.97515,0.98068,0.66829,0.00000,0.00000,0.50733
108,82,0,0.00000,0.00000,0.0000,0.0000,0,0,3,0.9214,0.1250,0.0000,0.0000,0.0000,-0.97826,-0.97826,-0.95886,0.00005,0.97515,0.98068,0.66875,0.00000,0.00000,0.50941
109,82,0,0.00000,0.00000,0.0000,0.0000,0,0,3,0.9214,0.1250,0.0000,0.0000,0.0000,-0.97826,-0.97826,-0.95886,0.00005,0.97515,0.98068,0.66875,0.00000,0.00000,0.50941
110,82,0,0.00000,0.00000,0.0000,0.0000,0,0,3,0.9214,0.1250,0.0000,0.0000,0.0000,-0.97826,-0.97826,-0.95886,0.00005,0.97515,0.98068,0.66875,0.00000,0.00000,0.50941
111,82,0,0.00000,0.00000,0.0000,0.0000,0,0,3,0.9214,0.1250,0.0000,0.0000,0.0000,-0.97826,-0.97826,-0.95886,0.00005,0.97515,0.98068,0.66875,0.00000,0.00000,0.50941
112,82,0,0.00000,0.00000,0.0000,0.0000,0,0,3,0.9214,0.1250,0.0000,0.0000,0.0000,-0.97826,-0.97826,-0.95886,0.00005,0.97515,0.98068,0.66875,0.00000,0.00000,0.50941
113,82,0,0.00000,0.00000,0.0000,0.0000,0,0,3,0.9214,0.1250,0.0000,0.0000,0.0000,-0.97826,-0.97826,-0.95886,0.00005,0.97515,0.98068,0.66875,0.00000,0.00000,0.50941
114,82,0,0.00000,0.00000,0.0000,0.0000,0,0,3,0.9195,0.1250,0.0000,0.0000,0.0000,-0.97826,-0.97826,-0.93920,0.00089,0.97523,0.98063,0.67006,0.00000,0.00000,0.51542
115,82,0,0.00000,0.00000,0.0000,0.0000,0,0,3,0.9195,0.1250,0.0000,0.0000,0.0000,-0.97826,-0.97826,-0.93920,0.00089,0.97523,0.98063,0.67006,0.00000,0.00000,0.51542
116,82,0,0.00000,0.00000,0.0000,0.0000,0,0,3,0.9195,0.1250,0.0000,0.0000,0.0000,-0.97826,-0.97826,-0.93920,0.00089,0.97523,0.98063,0.67006,0.00000,0.00000,0.51542
117,82,0,0.00000,0.00000,0.0000,0.0000,0,0,3,0.9195,0.1250,0.0000,0.0000,0.0000,-0.97826,-0.97826,-0.93920,0.00089,0.97523,0.98063,0.67006,0.00000,0.00000,0.51542
118,82,0,0.00000,0.00000,0.0000,0.0000,0,0,3,0.9195,0.1250,0.0000,0.0000,0.0000,-0.97826,-0.97826,-0.93920,0.00089,0.97523,0.98063,0.67006,0.00000,0.00000,0.51542
119,82,0,0.00000,0.00000,0.0000,0.0000,0,0,3,0.9195,0.1250,0.0000,0.0000,0.0000,-0.97826,-0.97826,-0.93920,0.00089,0.97523,0.98063,0.67006,0.00000,0.00000,0.51542
120,82,0,0.00000,0.00000,0.0000,0.0000,0,0,3,0.9188,0.1250,0.0000,0.0000,0.0000,-0.97826,-0.97826,-0.95762,0.00116,0.97516,0.98067,0.67045,0.00000,0.00000,0.51720
121,82,0,0.00000,0.00000,0.0000,0.0000,0,0,3,0.9188,0.1250,0.0000,0.0000,0.0000,-0.97826,-0.97826,-0.95762,0.00116,0.97516,0.98067,0.67045,0.00000,0.00000,0.51720
122,82,0,0.00000,0.00000,0.0000,0.0000,0,0,3,0.9188,0.1250,0.0000,0.0000,0.0000,-0.97826,-0.97826,-0.95762,0.00116,0.97516,0.98067,0.67045,0.00000,0.00000,0.51720
123,82,0,0.00000,0.00000,0.0000,0.0000,0,0,3,0.9188,0.1250,0.0000,0.0000,0.0000,-0.97826,-0.97826,-0.95762,0.00116,0.97516,0.98067,0.67045,0.00000,0.00000,0.51720
124,82,0,0.00000,0.00000,0.0000,0.0000,0,0,3,0.9188,0.1250,0.0000,0.0000,0.0000,-0.97826,-0.97826,-0.95762,0.00116,0.97516,0.98067,0.67045,0.00000,0.00000,0.51720
125,82,0,0.00000,0.00000,0.0000,0.0000,0,0,3,0.9188,0.1250,0.0000,0.0000,0.0000,-0.97826,-0.97826,-0.95762,0.00116,0.97516,0.98067,0.67045,0.00000,0.00000,0.51720
126,81,1,0.00000,0.00000,0.0000,0.0000,0,0,3,0.9169,0.0000,0.0000,0.0000,0.0000,-0.97826,-0.97826,-0.97210,0.00009,0.97510,0.98071,0.63807,0.00000,0.00000,0.38148
127,81,0,0.00000,0.00000,0.0000,0.0000,0,0,3,0.9169,0.0000,0.0000,0.0000,0.0000,-0.97826,-0.97826,-0.97210,0.00009,0.97510,0.98071,0.63807,0.00000,0.00000,0.38148
128,81,0,0.00000,0.00000,0.0000,0.0000,0,0,3,0.9169,0.0000,0.0000,0.0000,0.0000,-0.97826,-0.97826,-0.97210,0.00009,0.97510,0.98071,0.63807,0.00000,0.00000,0.38148
129,81,0,0.00000,0.00000,0.0000,0.0000,0,0,3,0.9169,0.0000,0.0000,0.0000,0.0000,-0.97826,-0.97826,-0.97210,0.00009,0.97510,0.98071,0.63807,0.00000,0.00000,0.38148
130,81,0,0.00000,0.00000,0.0000,0.0000,0,0,3,0.9169,0.0000,0.0000,0.0000,0.0000,-0.97826,-0.97826,-0.97210,0.00009,0.97510,0.98071,0.63807,0.00000,0.00000,0.38148
131,81,0,0.00000,0.00000,0.0000,0.0000,0,0,3,0.9169,0.0000,0.0000,0.0000,0.0000,-0.97826,-0.97826,-0.97210,0.00009,0.97510,0.98071,0.63807,0.00000,0.00000,0.38148
132,81,0,0.00000,0.00000,0.0000,0.0000,0,0,3,0.9149,0.0000,0.0000,0.0000,0.0000,-0.97826,-0.97826,-0.95108,0.00140,0.97518,0.98066,0.63903,0.00000,0.00000,0.38515
133,81,0,0.00000,0.00000,0.0000,0.0000,0,0,3,0.9149,0.0000,0.0000,0.0000,0.0000,-0.97826,-0.97826,-0.95108,0.00140,0.97518,0.98066,0.63903,0.00000,0.00000,0.38515
134,81,0,0.00000,0.00000,0.0000,0.0000,0,0,3,0.9149,0.0000,0.0000,0.0000,0.0000,-0.97826,-0.97826,-0.95108,0.00140,0.97518,0.98066,0.63903,0.00000,0.00000,0.38515
135,81,0,0.00000,0.00000,0.0000,0.0000,0,0,3,0.9149,0.0000,0.0000,0.0000,0.0000,-0.97826,-0.97826,-0.95108,0.00140,0.97518,0.98066,0.63903,0.00000,0.00000,0.38515
136,81,0,0.00000,0.00000,0.0000,0.0000,0,0,3,0.9149,0.0000,0.0000,0.0000,0.0000,-0.97826,-0.97826,-0.95108,0.00140,0.97518,0.98066,0.63903,0.00000,0.00000,0.38515
137,81,0,0.00000,0.00000,0.0000,0.0000,0,0,3,0.9149,0.0000,0.0000,0.0000,0.0000,-0.97826,-0.97826,-0.95108,0.00140,0.97518,0.98066,0.63903,0.00000,0.00000,0.38515
138,80,1,0.00000,0.00000,0.0000,0.0000,0,0,3,0.9130,0.0000,0.0000,0.0000,0.0000,-0.97826,-0.97826,-0.96935,0.00015,0.97511,0.98070,0.63983,0.00000,0.00000,0.38824
139,80,0,0.00000,0.00000,0.0000,0.0000,0,0,3,0.9130,0.0000,0.0000,0.0000,0.0000,-0.97826,-0.97826,-0.96935,0.00015,0.97511,0.98070,0.63983,0.00000,0.00000,0.38824
140,80,0,0.00000,0.00000,0.0000,0.0000,0,0,3,0.9130,0.0000,0.0000,0.0000,0.0000,-0.97826,-0.97826,-0.96935,0.00015,0.97511,0.98070,0.63983,0.00000,0.00000,0.38824
141,80,0,0.00000,0.00000,0.0000,0.0000,0,0,3,0.9130,0.0000,0.0000,0.0000,0.0000,-0.97826,-0.97826,-0.96935,0.00015,0.97511,0.98070,0.63983,0.00000,0.00000,0.38824
142,80,0,0.00000,0.00000,0.0000,0.0000,0,0,3,0.9130,0.0000,0.0000,0.0000,0.0000,-0.97826,-0.97826,-0.96935,0.00015,0.97511,0.98070,0.63983,0.00000,0.00000,0.38824
143,80,0,0.00000,0.00000,0.0000,0.0000,0,0,3,0.9130,0.0000,0.0000,0.0000,0.0000,-0.97826,-0.97826,-0.96935,0.00015,0.97511,0.98070,0.63983,0.00000,0.00000,0.38824
144,80,0,0.06569,0.00027,0.0000,0.0000,0,0,4,0.9124,0.0000,0.0000,0.0000,0.0000,-0.97807,-0.97845,-0.10171,0.10437,0.97797,0.97855,0.64360,0.00000,0.00093,0.40291
145,80,0,0.06569,0.00027,0.0000,0.0000,0,0,4,0.9124,0.0000,0.0000,0.0000,0.0000,-0.97807,-0.97845,-0.10171,0.10437,0.97797,0.97855,0.64360,0.00000,0.00093,0.40291
146,80,0,0.06569,0.00027,0.0000,0.0000,0,0,4,0.9124,0.0000,0.0000,0.0000,0.0000,-0.97807,-0.97845,-0.10171,0.10437,0.97797,0.97855,0.64360,0.00000,0.00093,0.40291
147,80,0,0.06569,0.00027,0.0000,0.0000,0,0,4,0.9124,0.0000,0.0000,0.0000,0.0000,-0.97807,-0.97845,-0.10171,0.10437,0.97797,0.97855,0.64360,0.00000,0.00093,0.40291
148,80,0,0.06569,0.00027,0.0000,0.0000,0,0,4,0.9124,0.0000,0.0000,0.0000,0.0000,-0.97807,-0.97845,-0.10171,0.10437,0.97797,0.97855,0.64360,0.00000,0.00093,0.40291
149,80,0,0.06569,0.00027,0.0000,0.0000,0,0,4,0.9124,0.0000,0.0000,0.0000,0.0000,-0.97807,-0.97845,-0.10171,0.10437,0.97797,0.97855,0.64360,0.00000,0.00093,0.40291
150,80,0,0.00000,0.00000,0.0000,0.0000,0,0,3,0.9117,0.1250,0.0000,0.0000,0.0001,-0.97826,-0.97826,-0.96708,0.00023,0.97512,0.98070,0.67500,0.00000,0.00000,0.53848
151,80,0,0.00000,0.00000,0.0000,0.0000,0,0,3,0.9117,0.1250,0.0000,0.0000,0.0001,-0.97826,-0.97826,-0.96708,0.00023,0.97512,0.98070,0.67500,0.00000,0.00000,0.53848
152,80,0,0.00000,0.00000,0.0000,0.0000,0,0,3,0.9117,0.1250,0.0000,0.0000,0.0001,-0.97826,-0.97826,-0.96708,0.00023,0.97512,0.98070,0.67500,0.00000,0.00000,0.53848
153,80,0,0.00000,0.00000,0.0000,0.0000,0,0,3,0.9117,0.1250,0.0000,0.0000,0.0001,-0.97826,-0.97826,-0.96708,0.00023,0.97512,0.98070,0.67500,0.00000,0.00000,0.53848
154,80,0,0.00000,0.00000,0.0000,0.0000,0,0,3,0.9117,0.1250,0.0000,0.0000,0.0001,-0.97826,-0.97826,-0.96708,0.00023,0.97512,0.98070,0.67500,0.00000,0.00000,0.53848
155,80,0,0.00000,0.00000,0.0000,0.0000,0,0,3,0.9117,0.1250,0.0000,0.0000,0.0001,-0.97826,-0.97826,-0.96708,0.00023,0.97512,0.98070,0.67500,0.00000,0.00000,0.53848
156,80,0,0.00000,0.00000,0.0000,0.0000,0,0,0,0.9110,0.1250,0.0000,0.0000,0.0002,-0.97826,-0.97826,0.08460,0.14682,0.97850,0.97802,0.67863,0.00000,0.00000,0.55582
157,80,0,0.00000,0.00000,0.0000,0.0000,0,0,0,0.9110,0.1250,0.0000,0.0000,0.0002,-0.97826,-0.97826,0.08460,0.14682,0.97850,0.97802,0.67863,0.00000,0.00000,0.55582
158,80,0,0.00000,0.00000,0.0000,0.0000,0,0,0,0.9110,0.1250,0.0000,0.0000,0.0002,-0.97826,-0.97826,0.08460,0.14682,0.97850,0.97802,0.67863,0.00000,0.00000,0.55582
159,80,0,0.00000,0.00000,0.0000,0.0000,0,0,0,0.9110,0.1250,0.0000,0.0000,0.0002,-0.97826,-0.97826,0.08460,0.14682,0.97850,0.97802,0.67863,0.00000,0.00000,0.55582
160,80,0,0.00000,0.00000,0.0000,0.0000,0,0,0,0.9110,0.1250,0.0000,0.0000,0.0002,-0.97826,-0.97826,0.08460,0.14682,0.97850,0.97802,0.67863,0.00000,0.00000,0.55582
161,80,0,0.00000,0.00000,0.0000,0.0000,0,0,0,0.9110,0.1250,0.0000,0.0000,0.0002,-0.97826,-0.97826,0.08460,0.14682,0.97850,0.97802,0.67863,0.00000,0.00000,0.55582
162,80,0,0.00000,0.00000,0.0000,0.0000,0,0,0,0.9103,0.2500,0.0000,0.0000,0.0004,-0.97826,-0.97826,0.08460,0.14682,0.97850,0.97802,0.67152,0.00000,0.00000,0.52218
163,80,0,0.00000,0.00000,0.0000,0.0000,0,0,0,0.9103,0.2500,0.0000,0.0000,0.0004,-0.97826,-0.97826,0.08460,0.14682,0.97850,0.97802,0.67152,0.00000,0.00000,0.52218
164,80,0,0.00000,0.00000,0.0000,0.0000,0,0,0,0.9103,0.2500,0.0000,0.0000,0.0004,-0.97826,-0.97826,0.08460,0.14682,0.97850,0.97802,0.67152,0.00000,0.00000,0.52218
165,80,0,0.00000,0.00000,0.0000,0.0000,0,0,0,0.9103,0.2500,0.0000,0.0000,0.0004,-0.97826,-0.97826,0.08460,0.14682,0.97850,0.97802,0.67152,0.00000,0.00000,0.52218
166,80,0,0.00000,0.00000,0.0000,0.0000,0,0,0,0.9103,0.2500,0.0000,0.0000,0.0004,-0.97826,-0.97826,0.08460,0.14682,0.97850,0.97802,0.67152,0.00000,0.00000,0.52218
167,80,0,0.00000,0.00000,0.0000,0.0000,0,0,0,0.9103,0.2500,0.0000,0.0000,0.0004,-0.97826,-0.97826,0.08460,0.14682,0.97850,0.97802,0.67152,0.00000,0.00000,0.52218
168,80,0,0.00000,0.00000,0.0000,0.0000,0,0,6,0.9097,0.2500,0.0000,0.0000,0.0007,-0.97826,-0.97826,-0.95989,0.00052,0.97515,0.98068,0.66877,0.00000,0.00000,0.50953
169,80,0,0.00000,0.00000,0.0000,0.0000,0,0,6,0.9097,0.2500,0.0000,0.0000,0.0007,-0.97826,-0.97826,-0.95989,0.00052,0.97515,0.98068,0.66877,0.00000,0.00000,0.50953
170,80,0,0.00000,0.00000,0.0000,0.0000,0,0,6,0.9097,0.2500,0.0000,0.0000,0.0007,-0.97826,-0.97826,-0.95989,0.00052,0.97515,0.98068,0.66877,0.00000,0.00000,0.50953
171,80,0,0.00000,0.00000,0.0000,0.0000,0,0,6,0.9097,0.2500,0.0000,0.0000,0.0007,-0.97826,-0.97826,-0.95989,0.00052,0.97515,0.98068,0.66877,0.00000,0.00000,0.50953
172,80,0,0.00000,0.00000,0.0000,0.0000,0,0,6,0.9097,0.2500,0.0000,0.0000,0.0007,-0.97826,-0.97826,-0.95989,0.00052,0.97515,0.98068,0.66877,0.00000,0.00000,0.50953
173,80,0,0.00000,0.00000,0.0000,0.0000,0,0,6,0.9097,0.2500,0.0000,0.0000,0.0007,-0.97826,-0.97826,-0.95989,0.00052,0.97515,0.98068,0.66877,0.00000,0.00000,0.50953
174,80,0,0.00000,0.00000,0.0000,0.0000,0,0,6,0.9090,0.2500,0.0000,0.0000,0.0010,-0.97826,-0.97826,-0.95989,0.00052,0.97515,0.98068,0.66931,0.00000,0.00000,0.51198
175,80,0,0.00000,0.00000,0.0000,0.0000,0,0,6,0.9090,0.2500,0.0000,0.0000,0.0010,-0.97826,-0.97826,-0.95989,0.00052,0.97515,0.98068,0.66931,0.00000,0.00000,0.51198
176,80,0,0.00000,0.00000,0.0000,0.0000,0,0,6,0.9090,0.2500,0.0000,0.0000,0.0010,-0.97826,-0.97826,-0.95989,0.00052,0.97515,0.98068,0.66931,0.00000,0.00000,0.51198
177,80,0,0.00000,0.00000,0.0000,0.0000,0,0,6,0.9090,0.2500,0.0000,0.0000,0.0010,-0.97826,-0.97826,-0.95989,0.00052,0.97515,0.98068,0.66931,0.00000,0.00000,0.51198
178,80,0,0.00000,0.00000,0.0000,0.0000,0,0,6,0.9090,0.2500,0.0000,0.0000,0.0010,-0.97826,-0.97826,-0.95989,0.00052,0.97515,0.98068,0.66931,0.00000,0.00000,0.51198
179,80,0,0.00000,0.00000,0.0000,0.0000,0,0,6,0.9090,0.2500,0.0000,0.0000,0.0010,-0.97826,-0.97826,-0.95989,0.00052,0.97515,0.98068,0.66931,0.00000,0.00000,0.51198
180,80,0,0.00000,0.00000,0.0000,0.0000,0,0,6,0.9083,0.2500,0.0000,0.0000,0.0013,-0.97826,-0.97826,-0.96994,0.00064,0.97511,0.98070,0.66983,0.00000,0.00000,0.51437
181,80,0,0.00000,0.00000,0.0000,0.0000,0,0,6,0.9083,0.2500,0.0000,0.0000,0.0013,-0.97826,-0.97826,-0.96994,0.00064,0.97511,0.98070,0.66983,0.00000,0.00000,0.51437
182,80,0,0.00000,0.00000,0.0000,0.0000,0,0,6,0.9083,0.2500,0.0000,0.0000,0.0013,-0.97826,-0.97826,-0.96994,0.00064,0.97511,0.98070,0.66983,0.00000,0.00000,0.51437
183,80,0,0.00000,0.00000,0.0000,0.0000,0,0,6,0.9083,0.2500,0.0000,0.0000,0.0013,-0.97826,-0.97826,-0.96994,0.00064,0.97511,0.98070,0.66983,0.00000,0.00000,0.51437
184,80,0,0.00000,0.00000,0.0000,0.0000,0,0,6,0.9083,0.2500,0.0000,0.0000,0.0013,-0.97826,-0.97826,-0.96994,0.00064,0.97511,0.98070,0.66983,0.00000,0.00000,0.51437
185,80,0,0.00000,0.00000,0.0000,0.0000,0,0,6,0.9083,0.2500,0.0000,0.0000,0.0013,-0.97826,-0.97826,-0.96994,0.00064,0.97511,0.98070,0.66983,0.00000,0.00000,0.51437
186,80,0,0.00000,0.00000,0.0000,0.0000,0,0,6,0.9077,0.2500,0.0000,0.0000,0.0017,-0.97826,-0.97826,-0.96994,0.00064,0.97511,0.98070,0.67040,0.00000,0.00000,0.51699
187,80,0,0.00000,0.00000,0.0000,0.0000,0,0,6,0.9077,0.2500,0.0000,0.0000,0.0017,-0.97826,-0.97826,-0.96994,0.00064,0.97511,0.98070,0.67040,0.00000,0.00000,0.51699
188,80,0,0.00000,0.00000,0.0000,0.0000,0,0,6,0.9077,0.2500,0.0000,0.0000,0.0017,-0.97826,-0.97826,-0.96994,0.00064,0.97511,0.98070,0.67040,0.00000,0.00000,0.51699
189,80,0,0.00000,0.00000,0.0000,0.0000,0,0,6,0.9077,0.2500,0.0000,0.0000,0.0017,-0.97826,-0.97826,-0.96994,0.00064,0.97511,0.98070,0.67040,0.00000,0.00000,0.51699
190,80,0,0.00000,0.00000,0.0000,0.0000,0,0,6,0.9077,0.2500,0.0000,0.0000,0.0017,-0.97826,-0.97826,-0.96994,0.00064,0.97511,0.98070,0.67040,0.00000,0.00000,0.51699
191,80,0,0.00000,0.00000,0.0000,0.0000,0,0,6,0.9077,0.2500,0.0000,0.0000,0.0017,-0.97826,-0.97826,-0.96994,0.00064,0.97511,0.98070,0.67040,0.00000,0.00000,0.51699
192,80,0,0.00000,0.00000,0.0000,0.0000,0,0,6,0.9057,0.2500,0.0000,0.0000,0.0000,-0.97826,-0.97826,-0.97414,0.00009,0.97510,0.98071,0.67107,0.00000,0.00000,0.52008
193,80,0,0.00000,0.00000,0.0000,0.0000,0,0,6,0.9057,0.2500,0.0000,0.0000,0.0000,-0.97826,-0.97826,-0.97414,0.00009,0.97510,0.98071,0.67107,0.00000,0.00000,0.52008
194,80,0,0.00000,0.00000,0.0000,0.0000,0,0,6,0.9057,0.2500,0.0000,0.0000,0.0000,-0.97826,-0.97826,-0.97414,0.00009,0.97510,0.98071,0.67107,0.00000,0.00000,0.52008
195,80,0,0.00000,0.00000,0.0000,0.0000,0,0,6,0.9057,0.2500,0.0000,0.0000,0.0000,-0.97826,-0.97826,-0.97414,0.00009,0.97510,0.98071,0.67107,0.00000,0.00000,0.52008
196,80,0,0.00000,0.00000,0.0000,0.0000,0,0,6,0.9057,0.2500,0.0000,0.0000,0.0000,-0.97826,-0.97826,-0.97414,0.00009,0.97510,0.98071,0.67107,0.00000,0.00000,0.52008
197,80,0,0.00000,0.00000,0.0000,0.0000,0,0,6,0.9057,0.2500,0.0000,0.0000,0.0000,-0.97826,-0.97826,-0.97414,0.00009,0.97510,0.98071,0.67107,0.00000,0.00000,0.52008
198,80,0,0.00000,0.00000,0.0000,0.0000,0,0,6,0.9051,0.2500,0.0000,0.0000,0.0000,-0.97826,-0.97826,-0.97414,0.00009,0.97510,0.98071,0.67151,0.00000,0.00000,0.52213
199,80,0,0.00000,0.00000,0.0000,0.0000,0,0,6,0.9051,0.2500,0.0000,0.0000,0.0000,-0.97826,-0.97826,-0.97414,0.00009,0.97510,0.98071,0.67151,0.00000,0.00000,0.52213
200,80,0,0.00000,0.00000,0.0000,0.0000,0,0,6,0.9051,0.2500,0.0000,0.0000,0.0000,-0.97826,-0.97826,-0.97414,0.00009,0.97510,0.98071,0.67151,0.00000,0.00000,0.52213
201,80,0,0.00000,0.00000,0.0000,0.0000,0,0,6,0.9051,0.2500,0.0000,0.0000,0.0000,-0.97826,-0.97826,-0.97414,0.00009,0.97510,0.98071,0.67151,0.00000,0.00000,0.52213
202,80,0,0.00000,0.00000,0.0000,0.0000,0,0,6,0.9051,0.2500,0.0000,0.0000,0.0000,-0.97826,-0.97826,-0.97414,0.00009,0.97510,0.98071,0.67151,0.00000,0.00000,0.52213
203,80,0,0.00000,0.00000,0.0000,0.0000,0,0,6,0.9051,0.2500,0.0000,0.0000,0.0000,-0.97826,-0.97826,-0.97414,0.00009,0.97510,0.98071,0.67151,0.00000,0.00000,0.52213
204,80,0,-0.00775,0.00000,0.0000,0.0000,0,0,6,0.9032,0.2500,0.0000,0.0000,0.0000,-0.97828,-0.97824,-0.96715,0.00000,0.97512,0.98070,0.67241,0.00000,-0.00011,0.52628
205,80,0,-0.00775,0.00000,0.0000,0.0000,0,0,6,0.9032,0.2500,0.0000,0.0000,0.0000,-0.97828,-0.97824,-0.96715,0.00000,0.97512,0.98070,0.67241,0.00000,-0.00011,0.52628
206,80,0,-0.00775,0.00000,0.0000,0.0000,0,0,6,0.9032,0.2500,0.0000,0.0000,0.0000,-0.97828,-0.97824,-0.96715,0.00000,0.97512,0.98070,0.67241,0.00000,-0.00011,0.52628
207,80,0,-0.00775,0.00000,0.0000,0.0000,0,0,6,0.9032,0.2500,0.0000,0.0000,0.0000,-0.97828,-0.97824,-0.96715,0.00000,0.97512,0.98070,0.67241,0.00000,-0.00011,0.52628
208,80,0,-0.00775,0.00000,0.0000,0.0000,0,0,6,0.9032,0.2500,0.0000,0.0000,0.0000,-0.97828,-0.97824,-0.96715,0.00000,0.97512,0.98070,0.67241,0.00000,-0.00011,0.52628
209,80,0,-0.00775,0.00000,0.0000,0.0000,0,0,6,0.9032,0.2500,0.0000,0.0000,0.0000,-0.97828,-0.97824,-0.96715,0.00000,0.97512,0.98070,0.67241,0.00000,-0.00011,0.52628
210,80,0,-0.00775,0.00000,0.0000,0.0000,0,0,2,0.9025,0.2500,0.0000,0.0000,0.0000,-0.97828,-0.97824,-0.73498,0.01592,0.97596,0.98016,0.67391,0.00000,-0.00011,0.53331
211,80,0,-0.00775,0.00000,0.0000,0.0000,0,0,2,0.9025,0.2500,0.0000,0.0000,0.0000,-0.97828,-0.97824,-0.73498,0.01592,0.97596,0.98016,0.67391,0.00000,-0.00011,0.53331
212,80,0,-0.00775,0.00000,0.0000,0.0000,0,0,2,0.9025,0.2500,0.0000,0.0000,0.0000,-0.97828,-0.97824,-0.73498,0.01592,0.97596,0.98016,0.67391,0.00000,-0.00011,0.53331
213,80,0,-0.00775,0.00000,0.0000,0.0000,0,0,2,0.9025,0.2500,0.0000,0.0000,0.0000,-0.97828,-0.97824,-0.73498,0.01592,0.97596,0.98016,0.67391,0.00000,-0.00011,0.53331
214,80,0,-0.00775,0.00000,0.0000,0.0000,0,0,2,0.9025,0.2500,0.0000,0.0000,0.0000,-0.97828,-0.97824,-0.73498,0.01592,0.97596,0.98016,0.67391,0.00000,-0.00011,0.53331
215,80,0,-0.00775,0.00000,0.0000,0.0000,0,0,2,0.9025,0.2500,0.0000,0.0000,0.0000,-0.97828,-0.97824,-0.73498,0.01592,0.97596,0.98016,0.67391,0.00000,-0.00011,0.53331
216,80,0,-0.01916,0.00000,0.0000,0.0000,0,0,2,0.8789,0.3750,0.0000,0.0000,0.0001,-0.97832,-0.97821,-0.70533,0.01720,0.97606,0.98009,0.67085,0.00000,-0.00027,0.51906
217,80,0,-0.01916,0.00000,0.0000,0.0000,0,0,2,0.8789,0.3750,0.0000,0.0000,0.0001,-0.97832,-0.97821,-0.70533,0.01720,0.97606,0.98009,0.67085,0.00000,-0.00027,0.51906
218,80,0,-0.01916,0.00000,0.0000,0.0000,0,0,2,0.8789,0.3750,0.0000,0.0000,0.0001,-0.97832,-0.97821,-0.70533,0.01720,0.97606,0.98009,0.67085,0.00000,-0.00027,0.51906
219,80,0,-0.01916,0.00000,0.0000,0.0000,0,0,2,0.8789,0.3750,0.0000,0.0000,0.0001,-0.97832,-0.97821,-0.70533,0.01720,0.97606,0.98009,0.67085,0.00000,-0.00027,0.51906
220,80,0,-0.01916,0.00000,0.0000,0.0000,0,0,2,0.8789,0.3750,0.0000,0.0000,0.0001,-0.97832,-0.97821,-0.70533,0.01720,0.97606,0.98009,0.67085,0.00000,-0.00027,0.51906
221,80,0,-0.01916,0.00000,0.0000,0.0000,0,0,2,0.8789,0.3750,0.0000,0.0000,0.0001,-0.97832,-0.97821,-0.70533,0.01720,0.97606,0.98009,0.67085,0.00000,-0.00027,0.51906
222,80,0,-0.01916,0.00000,0.0000,0.0000,0,0,2,0.8782,0.3750,0.0000,0.0000,0.0002,-0.97832,-0.97821,-0.70533,0.01720,0.97606,0.98009,0.67166,0.00000,-0.00027,0.52283
223,80,0,-0.01916,0.00000,0.0000,0.0000,0,0,2,0.8782,0.3750,0.0000,0.0000,0.0002,-0.97832,-0.97821,-0.70533,0.01720,0.97606,0.98009,0.67166,0.00000,-0.00027,0.52283
224,80,0,-0.01916,0.00000,0.0000,0.0000,0,0,2,0.8782,0.3750,0.0000,0.0000,0.0002,-0.97832,-0.97821,-0.70533,0.01720,0.97606,0.98009,0.67166,0.00000,-0.00027,0.52283
225,80,0,-0.01916,0.00000,0.0000,0.0000,0,0,2,0.8782,0.3750,0.0000,0.0000,0.0002,-0.97832,-0.97821,-0.70533,0.01720,0.97606,0.98009,0.67166,0.00000,-0.00027,0.52283
226,80,0,-0.01916,0.00000,0.0000,0.0000,0,0,2,0.8782,0.3750,0.0000,0.0000,0.0002,-0.97832,-0.97821,-0.70533,0.01720,0.97606,0.98009,0.67166,0.00000,-0.00027,0.52283
227,80,0,-0.01916,0.00000,0.0000,0.0000,0,0,2,0.8782,0.3750,0.0000,0.0000,0.0002,-0.97832,-0.97821,-0.70533,0.01720,0.97606,0.98009,0.67166,0.00000,-0.00027,0.52283
228,80,0,-0.08244,0.00000,0.0000,0.0000,0,0,2,0.8775,0.3750,0.0000,0.0000,0.0004,-0.97849,-0.97802,-0.67698,0.01836,0.97616,0.98002,0.67205,0.00000,-0.00117,0.52464
229,80,0,-0.08244,0.00000,0.0000,0.0000,0,0,2,0.8775,0.3750,0.0000,0.0000,0.0004,-0.97849,-0.97802,-0.67698,0.01836,0.97616,0.98002,0.67205,0.00000,-0.00117,0.52464
230,80,0,-0.08244,0.00000,0.0000,0.0000,0,0,2,0.8775,0.3750,0.0000,0.0000,0.0004,-0.97849,-0.97802,-0.67698,0.01836,0.97616,0.98002,0.67205,0.00000,-0.00117,0.52464
231,80,0,-0.08244,0.00000,0.0000,0.0000,0,0,2,0.8775,0.3750,0.0000,0.0000,0.0004,-0.97849,-0.97802,-0.67698,0.01836,0.97616,0.98002,0.67205,0.00000,-0.00117,0.52464
232,80,0,-0.08244,0.00000,0.0000,0.0000,0,0,2,0.8775,0.3750,0.0000,0.0000,0.0004,-0.97849,-0.97802,-0.67698,0.01836,0.97616,0.98002,0.67205,0.00000,-0.00117,0.52464
233,80,0,-0.08244,0.00000,0.0000,0.0000,0,0,2,0.8775,0.3750,0.0000,0.0000,0.0004,-0.97849,-0.97802,-0.67698,0.01836,0.97616,0.98002,0.67205,0.00000,-0.00117,0.52464
234,80,0,-0.08244,0.00000,0.0000,0.0000,0,0,3,0.8769,0.3750,0.0000,0.0000,0.0007,-0.97849,-0.97802,-0.72470,0.01488,0.97599,0.98014,0.67242,0.00000,-0.00117,0.52632
235,80,0,-0.08244,0.00000,0.0000,0.0000,0,0,3,0.8769,0.3750,0.0000,0.0000,0.0007,-0.97849,-0.97802,-0.72470,0.01488,0.97599,0.98014,0.67242,0.00000,-0.00117,0.52632
236,80,0,-0.08244,0.00000,0.0000,0.0000,0,0,3,0.8769,0.3750,0.0000,0.0000,0.0007,-0.97849,-0.97802,-0.72470,0.01488,0.97599,0.98014,0.67242,0.00000,-0.00117,0.52632
237,80,0,-0.08244,0.00000,0.0000,0.0000,0,0,3,0.8769,0.3750,0.0000,0.0000,0.0007,-0.97849,-0.97802,-0.72470,0.01488,0.97599,0.98014,0.67242,0.00000,-0.00117,0.52632
238,80,0,-0.08244,0.00000,0.0000,0.0000,0,0,3,0.8769,0.3750,0.0000,0.0000,0.0007,-0.97849,-0.97802,-0.72470,0.01488,0.97599,0.98014,0.67242,0.00000,-0.00117,0.52632
239,80,0,-0.08244,0.00000,0.0000,0.0000,0,0,3,0.8769,0.3750,0.0000,0.0000,0.0007,-0.97849,-0.97802,-0.72470,0.01488,0.97599,0.98014,0.67242,0.00000,-0.00117,0.52632
240,80,0,-0.15512,0.00000,0.0000,0.0000,0,0,3,0.8762,0.3750,0.0000,0.0000,0.0010,-0.97869,-0.97781,-0.78924,0.01572,0.97577,0.98029,0.67252,0.00000,-0.00220,0.52681
241,80,0,-0.15512,0.00000,0.0000,0.0000,0,0,3,0.8762,0.3750,0.0000,0.0000,0.0010,-0.97869,-0.97781,-0.78924,0.01572,0.97577,0.98029,0.67252,0.00000,-0.00220,0.52681
242,80,0,-0.15512,0.00000,0.0000,0.0000,0,0,3,0.8762,0.3750,0.0000,0.0000,0.0010,-0.97869,-0.97781,-0.78924,0.01572,0.97577,0.98029,0.67252,0.00000,-0.00220,0.52681
243,80,0,-0.15512,0.00000,0.0000,0.0000,0,0,3,0.8762,0.3750,0.0000,0.0000,0.0010,-0.97869,-0.97781,-0.78924,0.01572,0.97577,0.98029,0.67252,0.00000,-0.00220,0.52681
244,80,0,-0.15512,0.00000,0.0000,0.0000,0,0,3,0.8762,0.3750,0.0000,0.0000,0.0010,-0.97869,-0.97781,-0.78924,0.01572,0.97577,0.98029,0.67252,0.00000,-0.00220,0.52681
245,80,0,-0.15512,0.00000,0.0000,0.0000,0,0,3,0.8762,0.3750,0.0000,0.0000,0.0010,-0.97869,-0.97781,-0.78924,0.01572,0.97577,0.98029,0.67252,0.00000,-0.00220,0.52681
246,80,0,-0.15512,0.00000,0.0000,0.0000,0,0,3,0.8755,0.3750,0.0000,0.0000,0.0013,-0.97869,-0.97781,-0.78924,0.01572,0.97577,0.98029,0.67340,0.00000,-0.00220,0.53091
247,80,0,-0.15512,0.00000,0.0000,0.0000,0,0,3,0.8755,0.3750,0.0000,0.0000,0.0013,-0.97869,-0.97781,-0.78924,0.01572,0.97577,0.98029,0.67340,0.00000,-0.00220,0.53091
248,80,0,-0.15512,0.00000,0.0000,0.0000,0,0,3,0.8755,0.3750,0.0000,0.0000,0.0013,-0.97869,-0.97781,-0.78924,0.01572,0.97577,0.98029,0.67340,0.00000,-0.00220,0.53091
249,80,0,-0.15512,0.00000,0.0000,0.0000,0,0,3,0.8755,0.3750,0.0000,0.0000,0.0013,-0.97869,-0.97781,-0.78924,0.01572,0.97577,0.98029,0.67340,0.00000,-0.00220,0.53091
250,80,0,-0.15512,0.00000,0.0000,0.0000,0,0,3,0.8755,0.3750,0.0000,0.0000,0.0013,-0.97869,-0.97781,-0.78924,0.01572,0.97577,0.98029,0.67340,0.00000,-0.00220,0.53091
251,80,0,-0.15512,0.00000,0.0000,0.0000,0,0,3,0.8755,0.3750,0.0000,0.0000,0.0013,-0.97869,-0.97781,-0.78924,0.01572,0.97577,0.98029,0.67340,0.00000,-0.00220,0.53091
252,79,1,-0.63271,0.00000,0.0000,0.0000,0,0,3,0.8736,0.5000,0.0000,0.0000,0.0000,-0.97992,-0.97631,-0.92185,0.00504,0.97529,0.98059,0.68539,0.00000,-0.00903,0.58929
253,79,0,-0.63271,0.00000,0.0000,0.0000,0,0,3,0.8736,0.5000,0.0000,0.0000,0.0000,-0.97992,-0.97631,-0.92185,0.00504,0.97529,0.98059,0.68539,0.00000,-0.00903,0.58929
254,79,0,-0.63271,0.00000,0.0000,0.0000,0,0,3,0.8736,0.5000,0.0000,0.0000,0.0000,-0.97992,-0.97631,-0.92185,0.00504,0.97529,0.98059,0.68539,0.00000,-0.00903,0.58929
255,79,0,-0.63271,0.00000,0.0000,0.0000,0,0,3,0.8736,0.5000,0.0000,0.0000,0.0000,-0.97992,-0.97631,-0.92185,0.00504,0.97529,0.98059,0.68539,0.00000,-0.00903,0.58929
256,79,0,-0.63271,0.00000,0.0000,0.0000,0,0,3,0.8736,0.5000,0.0000,0.0000,0.0000,-0.97992,-0.97631,-0.92185,0.00504,0.97529,0.98059,0.68539,0.00000,-0.00903,0.58929
257,79,0,-0.63271,0.00000,0.0000,0.0000,0,0,3,0.8736,0.5000,0.0000,0.0000,0.0000,-0.97992,-0.97631,-0.92185,0.00504,0.97529,0.98059,0.68539,0.00000,-0.00903,0.58929
258,79,0,-0.63271,0.00000,0.0000,0.0000,0,0,0,0.8729,0.5000,0.0000,0.0000,0.0000,-0.97992,-0.97631,0.08731,0.20279,0.97851,0.97801,0.68895,0.00000,-0.00903,0.60745
259,79,0,-0.63271,0.00000,0.0000,0.0000,0,0,0,0.8729,0.5000,0.0000,0.0000,0.0000,-0.97992,-0.97631,0.08731,0.20279,0.97851,0.97801,0.68895,0.00000,-0.00903,0.60745
260,79,0,-0.63271,0.00000,0.0000,0.0000,0,0,0,0.8729,0.5000,0.0000,0.0000,0.0000,-0.97992,-0.97631,0.08731,0.20279,0.97851,0.97801,0.68895,0.00000,-0.00903,0.60745
261,79,0,-0.63271,0.00000,0.0000,0.0000,0,0,0,0.8729,0.5000,0.0000,0.0000,0.0000,-0.97992,-0.97631,0.08731,0.20279,0.97851,0.97801,0.68895,0.00000,-0.00903,0.60745
262,79,0,-0.63271,0.00000,0.0000,0.0000,0,0,0,0.8729,0.5000,0.0000,0.0000,0.0000,-0.97992,-0.97631,0.08731,0.20279,0.97851,0.97801,0.68895,0.00000,-0.00903,0.60745
263,79,0,-0.63271,0.00000,0.0000,0.0000,0,0,0,0.8729,0.5000,0.0000,0.0000,0.0000,-0.97992,-0.97631,0.08731,0.20279,0.97851,0.97801,0.68895,0.00000,-0.00903,0.60745
264,79,0,-0.63893,0.00000,0.0000,0.0000,0,0,0,0.8723,0.5000,0.0000,0.0000,0.0001,-0.97993,-0.97628,0.08726,0.19417,0.97851,0.97801,0.68934,0.00000,-0.00912,0.60949
265,79,0,-0.63893,0.00000,0.0000,0.0000,0,0,0,0.8723,0.5000,0.0000,0.0000,0.0001,-0.97993,-0.97628,0.08726,0.19417,0.97851,0.97801,0.68934,0.00000,-0.00912,0.60949
266,79,0,-0.63893,0.00000,0.0000,0.0000,0,0,0,0.8723,0.5000,0.0000,0.0000,0.0001,-0.97993,-0.97628,0.08726,0.19417,0.97851,0.97801,0.68934,0.00000,-0.00912,0.60949
267,79,0,-0.63893,0.00000,0.0000,0.0000,0,0,0,0.8723,0.5000,0.0000,0.0000,0.0001,-0.97993,-0.97628,0.08726,0.19417,0.97851,0.97801,0.68934,0.00000,-0.00912,0.60949
268,79,0,-0.63893,0.00000,0.0000,0.0000,0,0,0,0.8723,0.5000,0.0000,0.0000,0.0001,-0.97993,-0.97628,0.08726,0.19417,0.97851,0.97801,0.68934,0.00000,-0.00912,0.60949
269,79,0,-0.63893,0.00000,0.0000,0.0000,0,0,0,0.8723,0.5000,0.0000,0.0000,0.0001,-0.97993,-0.97628,0.08726,0.19417,0.97851,0.97801,0.68934,0.00000,-0.00912,0.60949
270,80,-1,-0.26857,0.00000,0.0000,0.0000,0,0,7,0.8704,0.2500,0.0000,0.0000,0.0000,-0.97900,-0.97747,-0.97064,0.00003,0.97511,0.98070,0.68276,0.00000,-0.00381,0.57610
271,80,0,-0.26857,0.00000,0.0000,0.0000,0,0,7,0.8704,0.2500,0.0000,0.0000,0.0000,-0.97900,-0.97747,-0.97064,0.00003,0.97511,0.98070,0.68276,0.00000,-0.00381,0.57610
272,80,0,-0.26857,0.00000,0.0000,0.0000,0,0,7,0.8704,0.2500,0.0000,0.0000,0.0000,-0.97900,-0.97747,-0.97064,0.00003,0.97511,0.98070,0.68276,0.00000,-0.00381,0.57610
273,80,0,-0.26857,0.00000,0.0000,0.0000,0,0,7,0.8704,0.2500,0.0000,0.0000,0.0000,-0.97900,-0.97747,-0.97064,0.00003,0.97511,0.98070,0.68276,0.00000,-0.00381,0.57610
274,80,0,-0.26857,0.00000,0.0000,0.0000,0,0,7,0.8704,0.2500,0.0000,0.0000,0.0000,-0.97900,-0.97747,-0.97064,0.00003,0.97511,0.98070,0.68276,0.00000,-0.00381,0.57610
275,80,0,-0.26857,0.00000,0.0000,0.0000,0,0,7,0.8704,0.2500,0.0000,0.0000,0.0000,-0.97900,-0.97747,-0.97064,0.00003,0.97511,0.98070,0.68276,0.00000,-0.00381,0.57610
276,80,0,-0.30623,0.00000,0.0000,0.0000,0,0,7,0.8697,0.2500,0.0000,0.0000,0.0000,-0.97910,-0.97736,-0.96887,0.00005,0.97512,0.98070,0.68338,0.00000,-0.00435,0.57920
277,80,0,-0.30623,0.00000,0.0000,0.0000,0,0,7,0.8697,0.2500,0.0000,0.0000,0.0000,-0.97910,-0.97736,-0.96887,0.00005,0.97512,0.98070,0.68338,0.00000,-0.00435,0.57920
278,80,0,-0.30623,0.00000,0.0000,0.0000,0,0,7,0.8697,0.2500,0.0000,0.0000,0.0000,-0.97910,-0.97736,-0.96887,0.00005,0.97512,0.98070,0.68338,0.00000,-0.00435,0.57920
279,80,0,-0.30623,0.00000,0.0000,0.0000,0,0,7,0.8697,0.2500,0.0000,0.0000,0.0000,-0.97910,-0.97736,-0.96887,0.00005,0.97512,0.98070,0.68338,0.00000,-0.00435,0.57920
280,80,0,-0.30623,0.00000,0.0000,0.0000,0,0,7,0.8697,0.2500,0.0000,0.0000,0.0000,-0.97910,-0.97736,-0.96887,0.00005,0.97512,0.98070,0.68338,0.00000,-0.00435,0.57920
281,80,0,-0.30623,0.00000,0.0000,0.0000,0,0,7,0.8697,0.2500,0.0000,0.0000,0.0000,-0.97910,-0.97736,-0.96887,0.00005,0.97512,0.98070,0.68338,0.00000,-0.00435,0.57920
282,80,0,-0.30623,0.00000,0.0000,0.0000,0,0,1,0.8690,0.2500,0.0000,0.0000,0.0001,-0.97910,-0.97736,-0.62244,0.02747,0.97634,0.97989,0.68482,0.00000,-0.00435,0.58641
283,80,0,-0.30623,0.00000,0.0000,0.0000,0,0,1,0.8690,0.2500,0.0000,0.0000,0.0001,-0.97910,-0.97736,-0.62244,0.02747,0.97634,0.97989,0.68482,0.00000,-0.00435,0.58641
284,80,0,-0.30623,0.00000,0.0000,0.0000,0,0,1,0.8690,0.2500,0.0000,0.0000,0.0001,-0.97910,-0.97736,-0.62244,0.02747,0.97634,0.97989,0.68482,0.00000,-0.00435,0.58641
285,80,0,-0.30623,0.00000,0.0000,0.0000,0,0,1,0.8690,0.2500,0.0000,0.0000,0.0001,-0.97910,-0.97736,-0.62244,0.02747,0.97634,0.97989,0.68482,0.00000,-0.00435,0.58641
286,80,0,-0.30623,0.00000,0.0000,0.0000,0,0,1,0.8690,0.2500,0.0000,0.0000,0.0001,-0.97910,-0.97736,-0.62244,0.02747,0.97634,0.97989,0.68482,0.00000,-0.00435,0.58641
287,80,0,-0.30623,0.00000,0.0000,0.0000,0,0,1,0.8690,0.2500,0.0000,0.0000,0.0001,-0.97910,-0.97736,-0.62244,0.02747,0.97634,0.97989,0.68482,0.00000,-0.00435,0.58641
288,80,0,-0.33506,0.00000,0.0000,0.0000,0,0,1,0.8683,0.2500,0.0000,0.0000,0.0002,-0.97917,-0.97727,-0.59350,0.02878,0.97644,0.97982,0.68526,0.00000,-0.00476,0.58863
289,80,0,-0.33506,0.00000,0.0000,0.0000,0,0,1,0.8683,0.2500,0.0000,0.0000,0.0002,-0.97917,-0.97727,-0.59350,0.02878,0.97644,0.97982,0.68526,0.00000,-0.00476,0.58863
290,80,0,-0.33506,0.00000,0.0000,0.0000,0,0,1,0.8683,0.2500,0.0000,0.0000,0.0002,-0.97917,-0.97727,-0.59350,0.02878,0.97644,0.97982,0.68526,0.00000,-0.00476,0.58863
291,80,0,-0.33506,0.00000,0.0000,0.0000,0,0,1,0.8683,0.2500,0.0000,0.0000,0.0002,-0.97917,-0.97727,-0.59350,0.02878,0.97644,0.97982,0.68526,0.00000,-0.00476,0.58863
292,80,0,-0.33506,0.00000,0.0000,0.0000,0,0,1,0.8683,0.2500,0.0000,0.0000,0.0002,-0.97917,-0.97727,-0.59350,0.02878,0.97644,0.97982,0.68526,0.00000,-0.00476,0.58863
293,80,0,-0.33506,0.00000,0.0000,0.0000,0,0,1,0.8683,0.2500,0.0000,0.0000,0.0002,-0.97917,-0.97727,-0.59350,0.02878,0.97644,0.97982,0.68526,0.00000,-0.00476,0.58863
294,80,0,-0.33506,0.00000,0.0000,0.0000,0,0,1,0.8677,0.2500,0.0000,0.0000,0.0004,-0.97917,-0.97727,-0.59350,0.02878,0.97644,0.97982,0.68572,0.00000,-0.00476,0.59092
295,80,0,-0.33506,0.00000,0.0000,0.0000,0,0,1,0.8677,0.2500,0.0000,0.0000,0.0004,-0.97917,-0.97727,-0.59350,0.02878,0.97644,0.97982,0.68572,0.00000,-0.00476,0.59092
296,80,0,-0.33506,0.00000,0.0000,0.0000,0,0,1,0.8677,0.2500,0.0000,0.0000,0.0004,-0.97917,-0.97727,-0.59350,0.02878,0.97644,0.97982,0.68572,0.00000,-0.00476,0.59092
297,80,0,-0.33506,0.00000,0.0000,0.0000,0,0,1,0.8677,0.2500,0.0000,0.0000,0.0004,-0.97917,-0.97727,-0.59350,0.02878,0.97644,0.97982,0.68572,0.00000,-0.00476,0.59092
298,80,0,-0.33506,0.00000,0.0000,0.0000,0,0,1,0.8677,0.2500,0.0000,0.0000,0.0004,-0.97917,-0.97727,-0.59350,0.02878,0.97644,0.97982,0.68572,0.00000,-0.00476,0.59092
299,80,0,-0.33506,0.00000,0.0000,0.0000,0,0,1,0.8677,0.2500,0.0000,0.0000,0.0004,-0.97917,-0.97727,-0.59350,0.02878,0.97644,0.97982,0.68572,0.00000,-0.00476,0.59092
300,80,0,-0.35840,0.00000,0.0000,0.0000,0,0,1,0.8670,0.2500,0.0000,0.0000,0.0007,-0.97923,-0.97719,-0.67537,0.02992,0.97616,0.98002,0.68589,0.00000,-0.00509,0.59178
301,80,0,-0.35840,0.00000,0.0000,0.0000,0,0,1,0.8670,0.2500,0.0000,0.0000,0.0007,-0.97923,-0.97719,-0.67537,0.02992,0.97616,0.98002,0.68589,0.00000,-0.00509,0.59178
302,80,0,-0.35840,0.00000,0.0000,0.0000,0,0,1,0.8670,0.2500,0.0000,0.0000,0.0007,-0.97923,-0.97719,-0.67537,0.02992,0.97616,0.98002,0.68589,0.00000,-0.00509,0.59178
303,80,0,-0.35840,0.00000,0.0000,0.0000,0,0,1,0.8670,0.2500,0.0000,0.0000,0.0007,-0.97923,-0.97719,-0.67537,0.02992,0.97616,0.98002,0.68589,0.00000,-0.00509,0.59178
304,80,0,-0.35840,0.00000,0.0000,0.0000,0,0,1,0.8670,0.2500,0.0000,0.0000,0.0007,-0.97923,-0.97719,-0.67537,0.02992,0.97616,0.98002,0.68589,0.00000,-0.00509,0.59178
305,80,0,-0.35840,0.00000,0.0000,0.0000,0,0,1,0.8670,0.2500,0.0000,0.0000,0.0007,-0.97923,-0.97719,-0.67537,0.02992,0.97616,0.98002,0.68589,0.00000,-0.00509,0.59178
306,81,-1,-0.06227,0.00000,0.0000,0.0000,0,0,1,0.8651,0.2500,0.0000,0.0000,0.0000,-0.97844,-0.97808,-0.88597,0.01070,0.97542,0.98051,0.68673,0.00000,-0.00088,0.59609
307,81,0,-0.06227,0.00000,0.0000,0.0000,0,0,1,0.8651,0.2500,0.0000,0.0000,0.0000,-0.97844,-0.97808,-0.88597,0.01070,0.97542,0.98051,0.68673,0.00000,-0.00088,0.59609
308,81,0,-0.06227,0.00000,0.0000,0.0000,0,0,1,0.8651,0.2500,0.0000,0.0000,0.0000,-0.97844,-0.97808,-0.88597,0.01070,0.97542,0.98051,0.68673,0.00000,-0.00088,0.59609
309,81,0,-0.06227,0.00000,0.0000,0.0000,0,0,1,0.8651,0.2500,0.0000,0.0000,0.0000,-0.97844,-0.97808,-0.88597,0.01070,0.97542,0.98051,0.68673,0.00000,-0.00088,0.59609
310,81,0,-0.06227,0.00000,0.0000,0.0000,0,0,1,0.8651,0.2500,0.0000,0.0000,0.0000,-0.97844,-0.97808,-0.88597,0.01070,0.97542,0.98051,0.68673,0.00000,-0.00088,0.59609
311,81,0,-0.06227,0.00000,0.0000,0.0000,0,0,1,0.8651,0.2500,0.0000,0.0000,0.0000,-0.97844,-0.97808,-0.88597,0.01070,0.97542,0.98051,0.68673,0.00000,-0.00088,0.59609
312,81,0,-0.07914,0.00000,0.0000,0.0000,0,0,1,0.8644,0.2500,0.0000,0.0000,0.0000,-0.97848,-0.97803,-0.87536,0.01138,0.97546,0.98049,0.68743,0.00000,-0.00112,0.59962
313,81,0,-0.07914,0.00000,0.0000,0.0000,0,0,1,0.8644,0.2500,0.0000,0.0000,0.0000,-0.97848,-0.97803,-0.87536,0.01138,0.97546,0.98049,0.68743,0.00000,-0.00112,0.59962
314,81,0,-0.07914,0.00000,0.0000,0.0000,0,0,1,0.8644,0.2500,0.0000,0.0000,0.0000,-0.97848,-0.97803,-0.87536,0.01138,0.97546,0.98049,0.68743,0.00000,-0.00112,0.59962
315,81,0,-0.07914,0.00000,0.0000,0.0000,0,0,1,0.8644,0.2500,0.0000,0.0000,0.0000,-0.97848,-0.97803,-0.87536,0.01138,0.97546,0.98049,0.68743,0.00000,-0.00112,0.59962
316,81,0,-0.07914,0.00000,0.0000,0.0000,0,0,1,0.8644,0.2500,0.0000,0.0000,0.0000,-0.97848,-0.97803,-0.87536,0.01138,0.97546,0.98049,0.68743,0.00000,-0.00112,0.59962
317,81,0,-0.07914,0.00000,0.0000,0.0000,0,0,1,0.8644,0.2500,0.0000,0.0000,0.0000,-0.97848,-0.97803,-0.87536,0.01138,0.97546,0.98049,0.68743,0.00000,-0.00112,0.59962
318,81,0,-0.07914,0.00000,0.0000,0.0000,0,0,6,0.8637,0.2500,0.0000,0.0000,0.0001,-0.97848,-0.97803,-0.97344,0.00075,0.97510,0.98071,0.68786,0.00000,-0.00112,0.60186
319,81,0,-0.07914,0.00000,0.0000,0.0000,0,0,6,0.8637,0.2500,0.0000,0.0000,0.0001,-0.97848,-0.97803,-0.97344,0.00075,0.97510,0.98071,0.68786,0.00000,-0.00112,0.60186
320,81,0,-0.07914,0.00000,0.0000,0.0000,0,0,6,0.8637,0.2500,0.0000,0.0000,0.0001,-0.97848,-0.97803,-0.97344,0.00075,0.97510,0.98071,0.68786,0.00000,-0.00112,0.60186
321,81,0,-0.07914,0.00000,0.0000,0.0000,0,0,6,0.8637,0.2500,0.0000,0.0000,0.0001,-0.97848,-0.97803,-0.97344,0.00075,0.97510,0.98071,0.68786,0.00000,-0.00112,0.60186
322,81,0,-0.07914,0.00000,0.0000,0.0000,0,0,6,0.8637,0.2500,0.0000,0.0000,0.0001,-0.97848,-0.97803,-0.97344,0.00075,0.97510,0.98071,0.68786,0.00000,-0.00112,0.60186
323,81,0,-0.07914,0.00000,0.0000,0.0000,0,0,6,0.8637,0.2500,0.0000,0.0000,0.0001,-0.97848,-0.97803,-0.97344,0.00075,0.97510,0.98071,0.68786,0.00000,-0.00112,0.60186
324,81,0,-0.09541,0.00000,0.0000,0.0000,0,0,6,0.8631,0.1250,0.0000,0.0000,0.0002,-0.97853,-0.97799,-0.97121,0.00085,0.97511,0.98071,0.65209,0.00000,-0.00135,0.43714
325,81,0,-0.09541,0.00000,0.0000,0.0000,0,0,6,0.8631,0.1250,0.0000,0.0000,0.0002,-0.97853,-0.97799,-0.97121,0.00085,0.97511,0.98071,0.65209,0.00000,-0.00135,0.43714
326,81,0,-0.09541,0.00000,0.0000,0.0000,0,0,6,0.8631,0.1250,0.0000,0.0000,0.0002,-0.97853,-0.97799,-0.97121,0.00085,0.97511,0.98071,0.65209,0.00000,-0.00135,0.43714
327,81,0,-0.09541,0.00000,0.0000,0.0000,0,0,6,0.8631,0.1250,0.0000,0.0000,0.0002,-0.97853,-0.97799,-0.97121,0.00085,0.97511,0.98071,0.65209,0.00000,-0.00135,0.43714
328,81,0,-0.09541,0.00000,0.0000,0.0000,0,0,6,0.8631,0.1250,0.0000,0.0000,0.0002,-0.97853,-0.97799,-0.97121,0.00085,0.97511,0.98071,0.65209,0.00000,-0.00135,0.43714
329,81,0,-0.09541,0.00000,0.0000,0.0000,0,0,6,0.8631,0.1250,0.0000,0.0000,0.0002,-0.97853,-0.97799,-0.97121,0.00085,0.97511,0.98071,0.65209,0.00000,-0.00135,0.43714
330,81,0,-0.09541,0.00000,0.0000,0.0000,0,0,7,0.8624,0.1250,0.0000,0.0000,0.0004,-0.97853,-0.97799,-0.96952,0.00102,0.97511,0.98070,0.65245,0.00000,-0.00135,0.43862
331,81,0,-0.09541,0.00000,0.0000,0.0000,0,0,7,0.8624,0.1250,0.0000,0.0000,0.0004,-0.97853,-0.97799,-0.96952,0.00102,0.97511,0.98070,0.65245,0.00000,-0.00135,0.43862
332,81,0,-0.09541,0.00000,0.0000,0.0000,0,0,7,0.8624,0.1250,0.0000,0.0000,0.0004,-0.97853,-0.97799,-0.96952,0.00102,0.97511,0.98070,0.65245,0.00000,-0.00135,0.43862
333,81,0,-0.09541,0.00000,0.0000,0.0000,0,0,7,0.8624,0.1250,0.0000,0.0000,0.0004,-0.97853,-0.97799,-0.96952,0.00102,0.97511,0.98070,0.65245,0.00000,-0.00135,0.43862
334,81,0,-0.09541,0.00000,0.0000,0.0000,0,0,7,0.8624,0.1250,0.0000,0.0000,0.0004,-0.97853,-0.97799,-0.96952,0.00102,0.97511,0.98070,0.65245,0.00000,-0.00135,0.43862
335,81,0,-0.09541,0.00000,0.0000,0.0000,0,0,7,0.8624,0.1250,0.0000,0.0000,0.0004,-0.97853,-0.97799,-0.96952,0.00102,0.97511,0.98070,0.65245,0.00000,-0.00135,0.43862
336,82,-1,-0.01158,0.00000,0.0000,0.0000,0,0,7,0.8605,0.0000,0.0000,0.0000,0.0000,-0.97829,-0.97823,-0.97095,0.00023,0.97511,0.98070,0.66216,0.00000,-0.00016,0.48000
337,82,0,-0.01158,0.00000,0.0000,0.0000,0,0,7,0.8605,0.0000,0.0000,0.0000,0.0000,-0.97829,-0.97823,-0.97095,0.00023,0.97511,0.98070,0.66216,0.00000,-0.00016,0.48000
338,82,0,-0.01158,0.00000,0.0000,0.0000,0,0,7,0.8605,0.0000,0.0000,0.0000,0.0000,-0.97829,-0.97823,-0.97095,0.00023,0.97511,0.98070,0.66216,0.00000,-0.00016,0.48000
339,82,0,-0.01158,0.00000,0.0000,0.0000,0,0,7,0.8605,0.0000,0.0000,0.0000,0.0000,-0.97829,-0.97823,-0.97095,0.00023,0.97511,0.98070,0.66216,0.00000,-0.00016,0.48000
340,82,0,-0.01158,0.00000,0.0000,0.0000,0,0,7,0.8605,0.0000,0.0000,0.0000,0.0000,-0.97829,-0.97823,-0.97095,0.00023,0.97511,0.98070,0.66216,0.00000,-0.00016,0.48000
341,82,0,-0.01158,0.00000,0.0000,0.0000,0,0,7,0.8605,0.0000,0.0000,0.0000,0.0000,-0.97829,-0.97823,-0.97095,0.00023,0.97511,0.98070,0.66216,0.00000,-0.00016,0.48000
342,83,-1,0.00000,0.00000,0.0000,0.0000,0,0,0,0.8586,0.1250,0.0000,0.0000,0.0000,-0.97826,-0.97826,0.07803,0.17618,0.97848,0.97804,0.65780,0.00000,0.00000,0.46112
343,83,0,0.00000,0.00000,0.0000,0.0000,0,0,0,0.8586,0.1250,0.0000,0.0000,0.0000,-0.97826,-0.97826,0.07803,0.17618,0.97848,0.97804,0.65780,0.00000,0.00000,0.46112
344,83,0,0.00000,0.00000,0.0000,0.0000,0,0,0,0.8586,0.1250,0.0000,0.0000,0.0000,-0.97826,-0.97826,0.07803,0.17618,0.97848,0.97804,0.65780,0.00000,0.00000,0.46112
345,83,0,0.00000,0.00000,0.0000,0.0000,0,0,0,0.8586,0.1250,0.0000,0.0000,0.0000,-0.97826,-0.97826,0.07803,0.17618,0.97848,0.97804,0.65780,0.00000,0.00000,0.46112
346,83,0,0.00000,0.00000,0.0000,0.0000,0,0,0,0.8586,0.1250,0.0000,0.0000,0.0000,-0.97826,-0.97826,0.07803,0.17618,0.97848,0.97804,0.65780,0.00000,0.00000,0.46112
347,83,0,0.00000,0.00000,0.0000,0.0000,0,0,0,0.8586,0.1250,0.0000,0.0000,0.0000,-0.97826,-0.97826,0.07803,0.17618,0.97848,0.97804,0.65780,0.00000,0.00000,0.46112
348,83,0,0.00000,0.00000,0.0000,0.0000,0,0,0,0.8579,0.1250,0.0000,0.0000,0.0000,-0.97826,-0.97826,0.07803,0.16797,0.97848,0.97804,0.65808,0.00000,0.00000,0.46233
349,83,0,0.00000,0.00000,0.0000,0.0000,0,0,0,0.8579,0.1250,0.0000,0.0000,0.0000,-0.97826,-0.97826,0.07803,0.16797,0.97848,0.97804,0.65808,0.00000,0.00000,0.46233
350,83,0,0.00000,0.00000,0.0000,0.0000,0,0,0,0.8579,0.1250,0.0000,0.0000,0.0000,-0.97826,-0.97826,0.07803,0.16797,0.97848,0.97804,0.65808,0.00000,0.00000,0.46233
351,83,0,0.00000,0.00000,0.0000,0.0000,0,0,0,0.8579,0.1250,0.0000,0.0000,0.0000,-0.97826,-0.97826,0.07803,0.16797,0.97848,0.97804,0.65808,0.00000,0.00000,0.46233
352,83,0,0.00000,0.00000,0.0000,0.0000,0,0,0,0.8579,0.1250,0.0000,0.0000,0.0000,-0.97826,-0.97826,0.07803,0.16797,0.97848,0.97804,0.65808,0.00000,0.00000,0.46233
353,83,0,0.00000,0.00000,0.0000,0.0000,0,0,0,0.8579,0.1250,0.0000,0.0000,0.0000,-0.97826,-0.97826,0.07803,0.16797,0.97848,0.97804,0.65808,0.00000,0.00000,0.46233
354,83,0,0.00000,0.00000,0.0000,0.0000,0,0,1,0.8572,0.1250,0.0000,0.0000,0.0001,-0.97826,-0.97826,-0.56812,0.03807,0.97652,0.97976,0.65622,0.00000,0.00000,0.45442
355,83,0,0.00000,0.00000,0.0000,0.0000,0,0,1,0.8572,0.1250,0.0000,0.0000,0.0001,-0.97826,-0.97826,-0.56812,0.03807,0.97652,0.97976,0.65622,0.00000,0.00000,0.45442
356,83,0,0.00000,0.00000,0.0000,0.0000,0,0,1,0.8572,0.1250,0.0000,0.0000,0.0001,-0.97826,-0.97826,-0.56812,0.03807,0.97652,0.97976,0.65622,0.00000,0.00000,0.45442
357,83,0,0.00000,0.00000,0.0000,0.0000,0,0,1,0.8572,0.1250,0.0000,0.0000,0.0001,-0.97826,-0.97826,-0.56812,0.03807,0.97652,0.97976,0.65622,0.00000,0.00000,0.45442
358,83,0,0.00000,0.00000,0.0000,0.0000,0,0,1,0.8572,0.1250,0.0000,0.0000,0.0001,-0.97826,-0.97826,-0.56812,0.03807,0.97652,0.97976,0.65622,0.00000,0.00000,0.45442
359,83,0,0.00000,0.00000,0.0000,0.0000,0,0,1,0.8572,0.1250,0.0000,0.0000,0.0001,-0.97826,-0.97826,-0.56812,0.03807,0.97652,0.97976,0.65622,0.00000,0.00000,0.45442
360,83,0,0.00000,0.00000,0.0000,0.0000,0,0,1,0.8566,0.2500,0.0000,0.0000,0.0002,-0.97826,-0.97826,-0.64872,0.03917,0.97625,0.97996,0.64717,0.00000,0.00000,0.41713
361,83,0,0.00000,0.00000,0.0000,0.0000,0,0,1,0.8566,0.2500,0.0000,0.0000,0.0002,-0.97826,-0.97826,-0.64872,0.03917,0.97625,0.97996,0.64717,0.00000,0.00000,0.41713
362,83,0,0.00000,0.00000,0.0000,0.0000,0,0,1,0.8566,0.2500,0.0000,0.0000,0.0002,-0.97826,-0.97826,-0.64872,0.03917,0.97625,0.97996,0.64717,0.00000,0.00000,0.41713
363,83,0,0.00000,0.00000,0.0000,0.0000,0,0,1,0.8566,0.2500,0.0000,0.0000,0.0002,-0.97826,-0.97826,-0.64872,0.03917,0.97625,0.97996,0.64717,0.00000,0.00000,0.41713
364,83,0,0.00000,0.00000,0.0000,0.0000,0,0,1,0.8566,0.2500,0.0000,0.0000,0.0002,-0.97826,-0.97826,-0.64872,0.03917,0.97625,0.97996,0.64717,0.00000,0.00000,0.41713
365,83,0,0.00000,0.00000,0.0000,0.0000,0,0,1,0.8566,0.2500,0.0000,0.0000,0.0002,-0.97826,-0.97826,-0.64872,0.03917,0.97625,0.97996,0.64717,0.00000,0.00000,0.41713
366,83,0,0.00000,0.00000,0.0000,0.0000,0,0,1,0.9217,0.2500,0.0000,0.0000,0.0004,-0.97826,-0.97826,-0.64872,0.03917,0.97625,0.97996,0.61640,0.00000,0.00000,0.30345
367,83,0,0.00000,0.00000,0.0000,0.0000,0,0,1,0.9217,0.2500,0.0000,0.0000,0.0004,-0.97826,-0.97826,-0.64872,0.03917,0.97625,0.97996,0.61640,0.00000,0.00000,0.30345
368,83,0,0.00000,0.00000,0.0000,0.0000,0,0,1,0.9217,0.2500,0.0000,0.0000,0.0004,-0.97826,-0.97826,-0.64872,0.03917,0.97625,0.97996,0.61640,0.00000,0.00000,0.30345
369,83,0,0.00000,0.00000,0.0000,0.0000,0,0,1,0.9217,0.2500,0.0000,0.0000,0.0004,-0.97826,-0.97826,-0.64872,0.03917,0.97625,0.97996,0.61640,0.00000,0.00000,0.30345
370,83,0,0.00000,0.00000,0.0000,0.0000,0,0,1,0.9217,0.2500,0.0000,0.0000,0.0004,-0.97826,-0.97826,-0.64872,0.03917,0.97625,0.97996,0.61640,0.00000,0.00000,0.30345
371,83,0,0.00000,0.00000,0.0000,0.0000,0,0,1,0.9217,0.2500,0.0000,0.0000,0.0004,-0.97826,-0.97826,-0.64872,0.03917,0.97625,0.97996,0.61640,0.00000,0.00000,0.30345
372,83,0,0.00000,0.00000,0.0000,0.0000,0,0,3,0.9210,0.2500,0.0000,0.0000,0.0007,-0.97826,-0.97826,-0.71232,0.02863,0.97603,0.98011,0.61658,0.00000,0.00000,0.30407
373,83,0,0.00000,0.00000,0.0000,0.0000,0,0,3,0.9210,0.2500,0.0000,0.0000,0.0007,-0.97826,-0.97826,-0.71232,0.02863,0.97603,0.98011,0.61658,0.00000,0.00000,0.30407
374,83,0,0.00000,0.00000,0.0000,0.0000,0,0,3,0.9210,0.2500,0.0000,0.0000,0.0007,-0.97826,-0.97826,-0.71232,0.02863,0.97603,0.98011,0.61658,0.00000,0.00000,0.30407
375,83,0,0.00000,0.00000,0.0000,0.0000,0,0,3,0.9210,0.2500,0.0000,0.0000,0.0007,-0.97826,-0.97826,-0.71232,0.02863,0.97603,0.98011,0.61658,0.00000,0.00000,0.30407
376,83,0,0.00000,0.00000,0.0000,0.0000,0,0,3,0.9210,0.2500,0.0000,0.0000,0.0007,-0.97826,-0.97826,-0.71232,0.02863,0.97603,0.98011,0.61658,0.00000,0.00000,0.30407
377,83,0,0.00000,0.00000,0.0000,0.0000,0,0,3,0.9210,0.2500,0.0000,0.0000,0.0007,-0.97826,-0.97826,-0.71232,0.02863,0.97603,0.98011,0.61658,0.00000,0.00000,0.30407
378,83,0,0.00000,0.00000,0.0000,0.0000,0,0,3,0.9203,0.2500,0.0000,0.0000,0.0010,-0.97826,-0.97826,-0.71232,0.02863,0.97603,0.98011,0.61706,0.00000,0.00000,0.30568
379,83,0,0.00000,0.00000,0.0000,0.0000,0,0,3,0.9203,0.2500,0.0000,0.0000,0.0010,-0.97826,-0.97826,-0.71232,0.02863,0.97603,0.98011,0.61706,0.00000,0.00000,0.30568
380,83,0,0.00000,0.00000,0.0000,0.0000,0,0,3,0.9203,0.2500,0.0000,0.0000,0.0010,-0.97826,-0.97826,-0.71232,0.02863,0.97603,0.98011,0.61706,0.00000,0.00000,0.30568
381,83,0,0.00000,0.00000,0.0000,0.0000,0,0,3,0.9203,0.2500,0.0000,0.0000,0.0010,-0.97826,-0.97826,-0.71232,0.02863,0.97603,0.98011,0.61706,0.00000,0.00000,0.30568
382,83,0,0.00000,0.00000,0.0000,0.0000,0,0,3,0.9203,0.2500,0.0000,0.0000,0.0010,-0.97826,-0.97826,-0.71232,0.02863,0.97603,0.98011,0.61706,0.00000,0.00000,0.30568
383,83,0,0.00000,0.00000,0.0000,0.0000,0,0,3,0.9203,0.2500,0.0000,0.0000,0.0010,-0.97826,-0.97826,-0.71232,0.02863,0.97603,0.98011,0.61706,0.00000,0.00000,0.30568
384,83,0,0.00000,0.00000,0.0000,0.0000,0,0,3,0.9502,0.2500,0.0000,0.0000,0.0013,-0.97826,-0.97826,-0.69066,0.02962,0.97611,0.98006,0.60136,0.00000,0.00000,0.25425
385,83,0,0.00000,0.00000,0.0000,0.0000,0,0,3,0.9502,0.2500,0.0000,0.0000,0.0013,-0.97826,-0.97826,-0.69066,0.02962,0.97611,0.98006,0.60136,0.00000,0.00000,0.25425
386,83,0,0.00000,0.00000,0.0000,0.0000,0,0,3,0.9502,0.2500,0.0000,0.0000,0.0013,-0.97826,-0.97826,-0.69066,0.02962,0.97611,0.98006,0.60136,0.00000,0.00000,0.25425
387,83,0,0.00000,0.00000,0.0000,0.0000,0,0,3,0.9502,0.2500,0.0000,0.0000,0.0013,-0.97826,-0.97826,-0.69066,0.02962,0.97611,0.98006,0.60136,0.00000,0.00000,0.25425
388,83,0,0.00000,0.00000,0.0000,0.0000,0,0,3,0.9502,0.2500,0.0000,0.0000,0.0013,-0.97826,-0.97826,-0.69066,0.02962,0.97611,0.98006,0.60136,0.00000,0.00000,0.25425
389,83,0,0.00000,0.00000,0.0000,0.0000,0,0,3,0.9502,0.2500,0.0000,0.0000,0.0013,-0.97826,-0.97826,-0.69066,0.02962,0.97611,0.98006,0.60136,0.00000,0.00000,0.25425
390,83,0,0.00000,0.00000,0.0000,0.0000,0,0,3,0.9495,0.2500,0.0000,0.0000,0.0017,-0.97826,-0.97826,-0.69066,0.02962,0.97611,0.98006,0.60192,0.00000,0.00000,0.25604
391,83,0,0.00000,0.00000,0.0000,0.0000,0,0,3,0.9495,0.2500,0.0000,0.0000,0.0017,-0.97826,-0.97826,-0.69066,0.02962,0.97611,0.98006,0.60192,0.00000,0.00000,0.25604
392,83,0,0.00000,0.00000,0.0000,0.0000,0,0,3,0.9495,0.2500,0.0000,0.0000,0.0017,-0.97826,-0.97826,-0.69066,0.02962,0.97611,0.98006,0.60192,0.00000,0.00000,0.25604
393,83,0,0.00000,0.00000,0.0000,0.0000,0,0,3,0.9495,0.2500,0.0000,0.0000,0.0017,-0.97826,-0.97826,-0.69066,0.02962,0.97611,0.98006,0.60192,0.00000,0.00000,0.25604
394,83,0,0.00000,0.00000,0.0000,0.0000,0,0,3,0.9495,0.2500,0.0000,0.0000,0.0017,-0.97826,-0.97826,-0.69066,0.02962,0.97611,0.98006,0.60192,0.00000,0.00000,0.25604
395,83,0,0.00000,0.00000,0.0000,0.0000,0,0,3,0.9495,0.2500,0.0000,0.0000,0.0017,-0.97826,-0.97826,-0.69066,0.02962,0.97611,0.98006,0.60192,0.00000,0.00000,0.25604
396,83,0,0.00000,0.00000,0.0000,0.0000,0,0,3,0.9623,0.2500,0.0000,0.0000,0.0022,-0.97826,-0.97826,-0.66943,0.03056,0.97618,0.98001,0.60249,0.00000,0.00000,0.25782
397,83,0,0.00000,0.00000,0.0000,0.0000,0,0,3,0.9623,0.2500,0.0000,0.0000,0.0022,-0.97826,-0.97826,-0.66943,0.03056,0.97618,0.98001,0.60249,0.00000,0.00000,0.25782
398,83,0,0.00000,0.00000,0.0000,0.0000,0,0,3,0.9623,0.2500,0.0000,0.0000,0.0022,-0.97826,-0.97826,-0.66943,0.03056,0.97618,0.98001,0.60249,0.00000,0.00000,0.25782
399,83,0,0.00000,0.00000,0.0000,0.0000,0,0,3,0.9623,0.2500,0.0000,0.0000,0.0022,-0.97826,-0.97826,-0.66943,0.03056,0.97618,0.98001,0.60249,0.00000,0.00000,0.25782
400,83,0,0.00000,0.00000,0.0000,0.0000,0,0,3,0.9623,0.2500,0.0000,0.0000,0.0022,-0.97826,-0.97826,-0.66943,0.03056,0.97618,0.98001,0.60249,0.00000,0.00000,0.25782
401,83,0,0.00000,0.00000,0.0000,0.0000,0,0,3,0.9623,0.2500,0.0000,0.0000,0.0022,-0.97826,-0.97826,-0.66943,0.03056,0.97618,0.98001,0.60249,0.00000,0.00000,0.25782
402,83,0,0.00000,0.00000,0.0000,0.0000,0,0,3,0.9616,0.2500,0.0000,0.0000,0.0027,-0.97826,-0.97826,-0.66943,0.03056,0.97618,0.98001,0.60336,0.00000,0.00000,0.26060
403,83,0,0.00000,0.00000,0.0000,0.0000,0,0,3,0.9616,0.2500,0.0000,0.0000,0.0027,-0.97826,-0.97826,-0.66943,0.03056,0.97618,0.98001,0.60336,0.00000,0.00000,0.26060
404,83,0,0.00000,0.00000,0.0000,0.0000,0,0,3,0.9616,0.2500,0.0000,0.0000,0.0027,-0.97826,-0.97826,-0.66943,0.03056,0.97618,0.98001,0.60336,0.00000,0.00000,0.26060
405,83,0,0.00000,0.00000,0.0000,0.0000,0,0,3,0.9616,0.2500,0.0000,0.0000,0.0027,-0.97826,-0.97826,-0.66943,0.03056,0.97618,0.98001,0.60336,0.00000,0.00000,0.26060
406,83,0,0.00000,0.00000,0.0000,0.0000,0,0,3,0.9616,0.2500,0.0000,0.0000,0.0027,-0.97826,-0.97826,-0.66943,0.03056,0.97618,0.98001,0.60336,0.00000,0.00000,0.26060
407,83,0,0.00000,0.00000,0.0000,0.0000,0,0,3,0.9616,0.2500,0.0000,0.0000,0.0027,-0.97826,-0.97826,-0.66943,0.03056,0.97618,0.98001,0.60336,0.00000,0.00000,0.26060
408,83,0,0.00000,0.00000,0.0000,0.0000,0,0,1,0.9609,0.2500,0.0000,0.0000,0.0033,-0.97826,-0.97826,-0.54337,0.04443,0.97660,0.97970,0.60483,0.00000,0.00000,0.26528
409,83,0,0.00000,0.00000,0.0000,0.0000,0,0,1,0.9609,0.2500,0.0000,0.0000,0.0033,-0.97826,-0.97826,-0.54337,0.04443,0.97660,0.97970,0.60483,0.00000,0.00000,0.26528
410,83,0,0.00000,0.00000,0.0000,0.0000,0,0,1,0.9609,0.2500,0.0000,0.0000,0.0033,-0.97826,-0.97826,-0.54337,0.04443,0.97660,0.97970,0.60483,0.00000,0.00000,0.26528
411,83,0,0.00000,0.00000,0.0000,0.0000,0,0,1,0.9609,0.2500,0.0000,0.0000,0.0033,-0.97826,-0.97826,-0.54337,0.04443,0.97660,0.97970,0.60483,0.00000,0.00000,0.26528
412,83,0,0.00000,0.00000,0.0000,0.0000,0,0,1,0.9609,0.2500,0.0000,0.0000,0.0033,-0.97826,-0.97826,-0.54337,0.04443,0.97660,0.97970,0.60483,0.00000,0.00000,0.26528
413,83,0,0.00000,0.00000,0.0000,0.0000,0,0,1,0.9609,0.2500,0.0000,0.0000,0.0033,-0.97826,-0.97826,-0.54337,0.04443,0.97660,0.97970,0.60483,0.00000,0.00000,0.26528
414,83,0,0.00000,0.00000,0.0000,0.0000,0,0,1,0.9603,0.2500,0.0000,0.0000,0.0039,-0.97826,-0.97826,-0.54337,0.04443,0.97660,0.97970,0.60575,0.00000,0.00000,0.26823
415,83,0,0.00000,0.00000,0.0000,0.0000,0,0,1,0.9603,0.2500,0.0000,0.0000,0.0039,-0.97826,-0.97826,-0.54337,0.04443,0.97660,0.97970,0.60575,0.00000,0.00000,0.26823
416,83,0,0.00000,0.00000,0.0000,0.0000,0,0,1,0.9603,0.2500,0.0000,0.0000,0.0039,-0.97826,-0.97826,-0.54337,0.04443,0.97660,0.97970,0.60575,0.00000,0.00000,0.26823
417,83,0,0.00000,0.00000,0.0000,0.0000,0,0,1,0.9603,0.2500,0.0000,0.0000,0.0039,-0.97826,-0.97826,-0.54337,0.04443,0.97660,0.97970,0.60575,0.00000,0.00000,0.26823
418,83,0,0.00000,0.00000,0.0000,0.0000,0,0,1,0.9603,0.2500,0.0000,0.0000,0.0039,-0.97826,-0.97826,-0.54337,0.04443,0.97660,0.97970,0.60575,0.00000,0.00000,0.26823
419,83,0,0.00000,0.00000,0.0000,0.0000,0,0,1,0.9603,0.2500,0.0000,0.0000,0.0039,-0.97826,-0.97826,-0.54337,0.04443,0.97660,0.97970,0.60575,0.00000,0.00000,0.26823
420,83,0,0.00000,0.00000,0.0000,0.0000,0,0,1,0.9596,0.2500,0.0000,0.0000,0.0046,-0.97826,-0.97826,-0.62335,0.04540,0.97634,0.97990,0.60681,0.00000,0.00000,0.27166
421,83,0,0.00000,0.00000,0.0000,0.0000,0,0,1,0.9596,0.2500,0.0000,0.0000,0.0046,-0.97826,-0.97826,-0.62335,0.04540,0.97634,0.97990,0.60681,0.00000,0.00000,0.27166
422,83,0,0.00000,0.00000,0.0000,0.0000,0,0,1,0.9596,0.2500,0.0000,0.0000,0.0046,-0.97826,-0.97826,-0.62335,0.04540,0.97634,0.97990,0.60681,0.00000,0.00000,0.27166
423,83,0,0.00000,0.00000,0.0000,0.0000,0,0,1,0.9596,0.2500,0.0000,0.0000,0.0046,-0.97826,-0.97826,-0.62335,0.04540,0.97634,0.97990,0.60681,0.00000,0.00000,0.27166
424,83,0,0.00000,0.00000,0.0000,0.0000,0,0,1,0.9596,0.2500,0.0000,0.0000,0.0046,-0.97826,-0.97826,-0.62335,0.04540,0.97634,0.97990,0.60681,0.00000,0.00000,0.27166
425,83,0,0.00000,0.00000,0.0000,0.0000,0,0,1,0.9596,0.2500,0.0000,0.0000,0.0046,-0.97826,-0.97826,-0.62335,0.04540,0.97634,0.97990,0.60681,0.00000,0.00000,0.27166
426,83,0,0.83484,0.01975,0.0000,0.0000,0,0,4,0.9589,0.2500,0.0000,0.0000,0.0053,-0.97560,-0.98040,-0.09287,0.16744,0.97799,0.97852,0.61370,0.00000,0.01198,0.29433
427,83,0,0.83484,0.01975,0.0000,0.0000,0,0,4,0.9589,0.2500,0.0000,0.0000,0.0053,-0.97560,-0.98040,-0.09287,0.16744,0.97799,0.97852,0.61370,0.00000,0.01198,0.29433
428,83,0,0.83484,0.01975,0.0000,0.0000,0,0,4,0.9589,0.2500,0.0000,0.0000,0.0053,-0.97560,-0.98040,-0.09287,0.16744,0.97799,0.97852,0.61370,0.00000,0.01198,0.29433
429,83,0,0.83484,0.01975,0.0000,0.0000,0,0,4,0.9589,0.2500,0.0000,0.0000,0.0053,-0.97560,-0.98040,-0.09287,0.16744,0.97799,0.97852,0.61370,0.00000,0.01198,0.29433
430,83,0,0.83484,0.01975,0.0000,0.0000,0,0,4,0.9589,0.2500,0.0000,0.0000,0.0053,-0.97560,-0.98040,-0.09287,0.16744,0.97799,0.97852,0.61370,0.00000,0.01198,0.29433
431,83,0,0.83484,0.01975,0.0000,0.0000,0,0,4,0.9589,0.2500,0.0000,0.0000,0.0053,-0.97560,-0.98040,-0.09287,0.16744,0.97799,0.97852,0.61370,0.00000,0.01198,0.29433
432,83,0,0.00000,0.00000,0.0000,0.0000,0,0,0,0.9582,0.2500,0.0000,0.0000,0.0061,-0.97826,-0.97826,0.07825,0.22345,0.97848,0.97804,0.61179,0.00000,0.00000,0.28797
433,83,0,0.00000,0.00000,0.0000,0.0000,0,0,0,0.9582,0.2500,0.0000,0.0000,0.0061,-0.97826,-0.97826,0.07825,0.22345,0.97848,0.97804,0.61179,0.00000,0.00000,0.28797
434,83,0,0.00000,0.00000,0.0000,0.0000,0,0,0,0.9582,0.2500,0.0000,0.0000,0.0061,-0.97826,-0.97826,0.07825,0.22345,0.97848,0.97804,0.61179,0.00000,0.00000,0.28797
435,83,0,0.00000,0.00000,0.0000,0.0000,0,0,0,0.9582,0.2500,0.0000,0.0000,0.0061,-0.97826,-0.97826,0.07825,0.22345,0.97848,0.97804,0.61179,0.00000,0.00000,0.28797
436,83,0,0.00000,0.00000,0.0000,0.0000,0,0,0,0.9582,0.2500,0.0000,0.0000,0.0061,-0.97826,-0.97826,0.07825,0.22345,0.97848,0.97804,0.61179,0.00000,0.00000,0.28797
437,83,0,0.00000,0.00000,0.0000,0.0000,0,0,0,0.9582,0.2500,0.0000,0.0000,0.0061,-0.97826,-0.97826,0.07825,0.22345,0.97848,0.97804,0.61179,0.00000,0.00000,0.28797
438,83,0,0.00000,0.00000,0.0000,0.0000,0,0,0,0.9576,0.2500,0.0000,0.0000,0.0069,-0.97826,-0.97826,0.07825,0.22345,0.97848,0.97804,0.61277,0.00000,0.00000,0.29124
439,83,0,0.00000,0.00000,0.0000,0.0000,0,0,0,0.9576,0.2500,0.0000,0.0000,0.0069,-0.97826,-0.97826,0.07825,0.22345,0.97848,0.97804,0.61277,0.00000,0.00000,0.29124
440,83,0,0.00000,0.00000,0.0000,0.0000,0,0,0,0.9576,0.2500,0.0000,0.0000,0.0069,-0.97826,-0.97826,0.07825,0.22345,0.97848,0.97804,0.61277,0.00000,0.00000,0.29124
441,83,0,0.00000,0.00000,0.0000,0.0000,0,0,0,0.9576,0.2500,0.0000,0.0000,0.0069,-0.97826,-0.97826,0.07825,0.22345,0.97848,0.97804,0.61277,0.00000,0.00000,0.29124
442,83,0,0.00000,0.00000,0.0000,0.0000,0,0,0,0.9576,0.2500,0.0000,0.0000,0.0069,-0.97826,-0.97826,0.07825,0.22345,0.97848,0.97804,0.61277,0.00000,0.00000,0.29124
443,83,0,0.00000,0.00000,0.0000,0.0000,0,0,0,0.9576,0.2500,0.0000,0.0000,0.0069,-0.97826,-0.97826,0.07825,0.22345,0.97848,0.97804,0.61277,0.00000,0.00000,0.29124
444,83,0,0.00389,0.00002,0.0000,0.0000,0,0,3,0.9569,0.2500,0.0000,0.0000,0.0078,-0.97825,-0.97827,-0.67244,0.03386,0.97617,0.98001,0.61057,0.00000,0.00006,0.28393
445,83,0,0.00389,0.00002,0.0000,0.0000,0,0,3,0.9569,0.2500,0.0000,0.0000,0.0078,-0.97825,-0.97827,-0.67244,0.03386,0.97617,0.98001,0.61057,0.00000,0.00006,0.28393
446,83,0,0.00389,0.00002,0.0000,0.0000,0,0,3,0.9569,0.2500,0.0000,0.0000,0.0078,-0.97825,-0.97827,-0.67244,0.03386,0.97617,0.98001,0.61057,0.00000,0.00006,0.28393
447,83,0,0.00389,0.00002,0.0000,0.0000,0,0,3,0.9569,0.2500,0.0000,0.0000,0.0078,-0.97825,-0.97827,-0.67244,0.03386,0.97617,0.98001,0.61057,0.00000,0.00006,0.28393
448,83,0,0.00389,0.00002,0.0000,0.0000,0,0,3,0.9569,0.2500,0.0000,0.0000,0.0078,-0.97825,-0.97827,-0.67244,0.03386,0.97617,0.98001,0.61057,0.00000,0.00006,0.28393
449,83,0,0.00389,0.00002,0.0000,0.0000,0,0,3,0.9569,0.2500,0.0000,0.0000,0.0078,-0.97825,-0.97827,-0.67244,0.03386,0.97617,0.98001,0.61057,0.00000,0.00006,0.28393
450,83,0,0.00389,0.00002,0.0000,0.0000,0,0,3,0.9562,0.2500,0.0000,0.0000,0.0088,-0.97825,-0.97827,-0.67244,0.03386,0.97617,0.98001,0.61161,0.00000,0.00006,0.28736
451,83,0,0.00389,0.00002,0.0000,0.0000,0,0,3,0.9562,0.2500,0.0000,0.0000,0.0088,-0.97825,-0.97827,-0.67244,0.03386,0.97617,0.98001,0.61161,0.00000,0.00006,0.28736
452,83,0,0.00389,0.00002,0.0000,0.0000,0,0,3,0.9562,0.2500,0.0000,0.0000,0.0088,-0.97825,-0.97827,-0.67244,0.03386,0.97617,0.98001,0.61161,0.00000,0.00006,0.28736
453,83,0,0.00389,0.00002,0.0000,0.0000,0,0,3,0.9562,0.2500,0.0000,0.0000,0.0088,-0.97825,-0.97827,-0.67244,0.03386,0.97617,0.98001,0.61161,0.00000,0.00006,0.28736
454,83,0,0.00389,0.00002,0.0000,0.0000,0,0,3,0.9562,0.2500,0.0000,0.0000,0.0088,-0.97825,-0.97827,-0.67244,0.03386,0.97617,0.98001,0.61161,0.00000,0.00006,0.28736
455,83,0,0.00389,0.00002,0.0000,0.0000,0,0,3,0.9562,0.2500,0.0000,0.0000,0.0088,-0.97825,-0.97827,-0.67244,0.03386,0.97617,0.98001,0.61161,0.00000,0.00006,0.28736
456,83,0,0.00775,0.00003,0.0000,0.0000,0,0,3,0.9556,0.3750,0.0000,0.0000,0.0098,-0.97824,-0.97828,-0.65229,0.03470,0.97624,0.97997,0.65583,0.00000,0.00011,0.45276
457,83,0,0.00775,0.00003,0.0000,0.0000,0,0,3,0.9556,0.3750,0.0000,0.0000,0.0098,-0.97824,-0.97828,-0.65229,0.03470,0.97624,0.97997,0.65583,0.00000,0.00011,0.45276
458,83,0,0.00775,0.00003,0.0000,0.0000,0,0,3,0.9556,0.3750,0.0000,0.0000,0.0098,-0.97824,-0.97828,-0.65229,0.03470,0.97624,0.97997,0.65583,0.00000,0.00011,0.45276
459,83,0,0.00775,0.00003,0.0000,0.0000,0,0,3,0.9556,0.3750,0.0000,0.0000,0.0098,-0.97824,-0.97828,-0.65229,0.03470,0.97624,0.97997,0.65583,0.00000,0.00011,0.45276
460,83,0,0.00775,0.00003,0.0000,0.0000,0,0,3,0.9556,0.3750,0.0000,0.0000,0.0098,-0.97824,-0.97828,-0.65229,0.03470,0.97624,0.97997,0.65583,0.00000,0.00011,0.45276
461,83,0,0.00775,0.00003,0.0000,0.0000,0,0,3,0.9556,0.3750,0.0000,0.0000,0.0098,-0.97824,-0.97828,-0.65229,0.03470,0.97624,0.97997,0.65583,0.00000,0.00011,0.45276
462,83,0,0.00775,0.00003,0.0000,0.0000,0,0,3,0.9549,0.5000,0.0000,0.0000,0.0109,-0.97824,-0.97828,-0.65229,0.03470,0.97624,0.97997,0.64799,0.00000,0.00011,0.42042
463,83,0,0.00775,0.00003,0.0000,0.0000,0,0,3,0.9549,0.5000,0.0000,0.0000,0.0109,-0.97824,-0.97828,-0.65229,0.03470,0.97624,0.97997,0.64799,0.00000,0.00011,0.42042
464,83,0,0.00775,0.00003,0.0000,0.0000,0,0,3,0.9549,0.5000,0.0000,0.0000,0.0109,-0.97824,-0.97828,-0.65229,0.03470,0.97624,0.97997,0.64799,0.00000,0.00011,0.42042
465,83,0,0.00775,0.00003,0.0000,0.0000,0,0,3,0.9549,0.5000,0.0000,0.0000,0.0109,-0.97824,-0.97828,-0.65229,0.03470,0.97624,0.97997,0.64799,0.00000,0.00011,0.42042
466,83,0,0.00775,0.00003,0.0000,0.0000,0,0,3,0.9549,0.5000,0.0000,0.0000,0.0109,-0.97824,-0.97828,-0.65229,0.03470,0.97624,0.97997,0.64799,0.00000,0.00011,0.42042
467,83,0,0.00775,0.00003,0.0000,0.0000,0,0,3,0.9549,0.5000,0.0000,0.0000,0.0109,-0.97824,-0.97828,-0.65229,0.03470,0.97624,0.97997,0.64799,0.00000,0.00011,0.42042
468,83,0,0.00000,0.00000,0.0000,0.0000,0,0,0,0.9542,0.5000,0.0000,0.0000,0.0120,-0.97826,-0.97826,0.07816,0.19265,0.97848,0.97804,0.63874,0.00000,0.00000,0.38405
469,83,0,0.00000,0.00000,0.0000,0.0000,0,0,0,0.9542,0.5000,0.0000,0.0000,0.0120,-0.97826,-0.97826,0.07816,0.19265,0.97848,0.97804,0.63874,0.00000,0.00000,0.38405
470,83,0,0.00000,0.00000,0.0000,0.0000,0,0,0,0.9542,0.5000,0.0000,0.0000,0.0120,-0.97826,-0.97826,0.07816,0.19265,0.97848,0.97804,0.63874,0.00000,0.00000,0.38405
471,83,0,0.00000,0.00000,0.0000,0.0000,0,0,0,0.9542,0.5000,0.0000,0.0000,0.0120,-0.97826,-0.97826,0.07816,0.19265,0.97848,0.97804,0.63874,0.00000,0.00000,0.38405
472,83,0,0.00000,0.00000,0.0000,0.0000,0,0,0,0.9542,0.5000,0.0000,0.0000,0.0120,-0.97826,-0.97826,0.07816,0.19265,0.97848,0.97804,0.63874,0.00000,0.00000,0.38405
473,83,0,0.00000,0.00000,0.0000,0.0000,0,0,0,0.9542,0.5000,0.0000,0.0000,0.0120,-0.97826,-0.97826,0.07816,0.19265,0.97848,0.97804,0.63874,0.00000,0.00000,0.38405
474,83,0,0.79438,0.01509,0.0000,0.0000,0,0,4,0.9536,0.5000,0.0000,0.0000,0.0131,-0.97575,-0.98030,-0.09275,0.13619,0.97799,0.97852,0.64203,0.00000,0.01138,0.39677
475,83,0,0.79438,0.01509,0.0000,0.0000,0,0,4,0.9536,0.5000,0.0000,0.0000,0.0131,-0.97575,-0.98030,-0.09275,0.13619,0.97799,0.97852,0.64203,0.00000,0.01138,0.39677
476,83,0,0.79438,0.01509,0.0000,0.0000,0,0,4,0.9536,0.5000,0.0000,0.0000,0.0131,-0.97575,-0.98030,-0.09275,0.13619,0.97799,0.97852,0.64203,0.00000,0.01138,0.39677
477,83,0,0.79438,0.01509,0.0000,0.0000,0,0,4,0.9536,0.5000,0.0000,0.0000,0.0131,-0.97575,-0.98030,-0.09275,0.13619,0.97799,0.97852,0.64203,0.00000,0.01138,0.39677
478,83,0,0.79438,0.01509,0.0000,0.0000,0,0,4,0.9536,0.5000,0.0000,0.0000,0.0131,-0.97575,-0.98030,-0.09275,0.13619,0.97799,0.97852,0.64203,0.00000,0.01138,0.39677
479,83,0,0.79438,0.01509,0.0000,0.0000,0,0,4,0.9536,0.5000,0.0000,0.0000,0.0131,-0.97575,-0.98030,-0.09275,0.13619,0.97799,0.97852,0.64203,0.00000,0.01138,0.39677
480,83,0,0.78415,0.01419,0.0000,0.0000,0,0,4,0.9529,0.5000,0.0000,0.0000,0.0144,-0.97578,-0.98028,-0.09300,0.17507,0.97799,0.97852,0.64297,0.00000,0.01123,0.40046
481,83,0,0.78415,0.01419,0.0000,0.0000,0,0,4,0.9529,0.5000,0.0000,0.0000,0.0144,-0.97578,-0.98028,-0.09300,0.17507,0.97799,0.97852,0.64297,0.00000,0.01123,0.40046
482,83,0,0.78415,0.01419,0.0000,0.0000,0,0,4,0.9529,0.5000,0.0000,0.0000,0.0144,-0.97578,-0.98028,-0.09300,0.17507,0.97799,0.97852,0.64297,0.00000,0.01123,0.40046
483,83,0,0.78415,0.01419,0.0000,0.0000,0,0,4,0.9529,0.5000,0.0000,0.0000,0.0144,-0.97578,-0.98028,-0.09300,0.17507,0.97799,0.97852,0.64297,0.00000,0.01123,0.40046
484,83,0,0.78415,0.01419,0.0000,0.0000,0,0,4,0.9529,0.5000,0.0000,0.0000,0.0144,-0.97578,-0.98028,-0.09300,0.17507,0.97799,0.97852,0.64297,0.00000,0.01123,0.40046
485,83,0,0.78415,0.01419,0.0000,0.0000,0,0,4,0.9529,0.5000,0.0000,0.0000,0.0144,-0.97578,-0.98028,-0.09300,0.17507,0.97799,0.97852,0.64297,0.00000,0.01123,0.40046
486,83,0,0.78415,0.01419,0.0000,0.0000,0,0,4,0.9522,0.5000,0.0000,0.0000,0.0156,-0.97578,-0.98028,-0.09300,0.17507,0.97799,0.97852,0.64397,0.00000,0.01123,0.40438
487,83,0,0.78415,0.01419,0.0000,0.0000,0,0,4,0.9522,0.5000,0.0000,0.0000,0.0156,-0.97578,-0.98028,-0.09300,0.17507,0.97799,0.97852,0.64397,0.00000,0.01123,0.40438
488,83,0,0.78415,0.01419,0.0000,0.0000,0,0,4,0.9522,0.5000,0.0000,0.0000,0.0156,-0.97578,-0.98028,-0.09300,0.17507,0.97799,0.97852,0.64397,0.00000,0.01123,0.40438
489,83,0,0.78415,0.01419,0.0000,0.0000,0,0,4,0.9522,0.5000,0.0000,0.0000,0.0156,-0.97578,-0.98028,-0.09300,0.17507,0.97799,0.97852,0.64397,0.00000,0.01123,0.40438
490,83,0,0.78415,0.01419,0.0000,0.0000,0,0,4,0.9522,0.5000,0.0000,0.0000,0.0156,-0.97578,-0.98028,-0.09300,0.17507,0.97799,0.97852,0.64397,0.00000,0.01123,0.40438
491,83,0,0.78415,0.01419,0.0000,0.0000,0,0,4,0.9522,0.5000,0.0000,0.0000,0.0156,-0.97578,-0.98028,-0.09300,0.17507,0.97799,0.97852,0.64397,0.00000,0.01123,0.40438
492,83,0,0.77365,0.01335,0.0000,0.0000,0,0,4,0.9516,0.5000,0.0000,0.0000,0.0170,-0.97582,-0.98025,-0.09298,0.16536,0.97799,0.97852,0.64494,0.00000,0.01108,0.40823
493,83,0,0.77365,0.01335,0.0000,0.0000,0,0,4,0.9516,0.5000,0.0000,0.0000,0.0170,-0.97582,-0.98025,-0.09298,0.16536,0.97799,0.97852,0.64494,0.00000,0.01108,0.40823
494,83,0,0.77365,0.01335,0.0000,0.0000,0,0,4,0.9516,0.5000,0.0000,0.0000,0.0170,-0.97582,-0.98025,-0.09298,0.16536,0.97799,0.97852,0.64494,0.00000,0.01108,0.40823
495,83,0,0.77365,0.01335,0.0000,0.0000,0,0,4,0.9516,0.5000,0.0000,0.0000,0.0170,-0.97582,-0.98025,-0.09298,0.16536,0.97799,0.97852,0.64494,0.00000,0.01108,0.40823
496,83,0,0.77365,0.01335,0.0000,0.0000,0,0,4,0.9516,0.5000,0.0000,0.0000,0.0170,-0.97582,-0.98025,-0.09298,0.16536,0.97799,0.97852,0.64494,0.00000,0.01108,0.40823
497,83,0,0.77365,0.01335,0.0000,0.0000,0,0,4,0.9516,0.5000,0.0000,0.0000,0.0170,-0.97582,-0.98025,-0.09298,0.16536,0.97799,0.97852,0.64494,0.00000,0.01108,0.40823
498,83,0,0.77365,0.01335,0.0000,0.0000,0,0,4,0.9174,0.5000,0.0000,0.0000,0.0183,-0.97582,-0.98025,-0.09298,0.16536,0.97799,0.97852,0.65278,0.00000,0.01108,0.44001
499,83,0,0.77365,0.01335,0.0000,0.0000,0,0,4,0.9174,0.5000,0.0000,0.0000,0.0183,-0.97582,-0.98025,-0.09298,0.16536,0.97799,0.97852,0.65278,0.00000,0.01108,0.44001
500,83,0,0.77365,0.01335,0.0000,0.0000,0,0,4,0.9174,0.5000,0.0000,0.0000,0.0183,-0.97582,-0.98025,-0.09298,0.16536,0.97799,0.97852,0.65278,0.00000,0.01108,0.44001
501,83,0,0.77365,0.01335,0.0000,0.0000,0,0,4,0.9174,0.5000,0.0000,0.0000,0.0183,-0.97582,-0.98025,-0.09298,0.16536,0.97799,0.97852,0.65278,0.00000,0.01108,0.44001
502,83,0,0.77365,0.01335,0.0000,0.0000,0,0,4,0.9174,0.5000,0.0000,0.0000,0.0183,-0.97582,-0.98025,-0.09298,0.16536,0.97799,0.97852,0.65278,0.00000,0.01108,0.44001
503,83,0,0.77365,0.01335,0.0000,0.0000,0,0,4,0.9174,0.5000,0.0000,0.0000,0.0183,-0.97582,-0.98025,-0.09298,0.16536,0.97799,0.97852,0.65278,0.00000,0.01108,0.44001
504,82,1,0.79140,0.01744,0.0000,0.0000,0,0,4,0.9154,0.5000,0.0000,0.0000,0.0000,-0.97576,-0.98029,-0.09564,0.15157,0.97799,0.97853,0.64712,0.00000,0.01134,0.41692
505,82,0,0.79140,0.01744,0.0000,0.0000,0,0,4,0.9154,0.5000,0.0000,0.0000,0.0000,-0.97576,-0.98029,-0.09564,0.15157,0.97799,0.97853,0.64712,0.00000,0.01134,0.41692
506,82,0,0.79140,0.01744,0.0000,0.0000,0,0,4,0.9154,0.5000,0.0000,0.0000,0.0000,-0.97576,-0.98029,-0.09564,0.15157,0.97799,0.97853,0.64712,0.00000,0.01134,0.41692
507,82,0,0.79140,0.01744,0.0000,0.0000,0,0,4,0.9154,0.5000,0.0000,0.0000,0.0000,-0.97576,-0.98029,-0.09564,0.15157,0.97799,0.97853,0.64712,0.00000,0.01134,0.41692
508,82,0,0.79140,0.01744,0.0000,0.0000,0,0,4,0.9154,0.5000,0.0000,0.0000,0.0000,-0.97576,-0.98029,-0.09564,0.15157,0.97799,0.97853,0.64712,0.00000,0.01134,0.41692
509,82,0,0.79140,0.01744,0.0000,0.0000,0,0,4,0.9154,0.5000,0.0000,0.0000,0.0000,-0.97576,-0.98029,-0.09564,0.15157,0.97799,0.97853,0.64712,0.00000,0.01134,0.41692
510,82,0,-0.07246,0.00000,0.0000,0.0000,0,0,0,0.9148,0.5000,0.0000,0.0000,0.0000,-0.97846,-0.97805,0.08049,0.21660,0.97849,0.97803,0.64516,0.00000,-0.00103,0.40910
511,82,0,-0.07246,0.00000,0.0000,0.0000,0,0,0,0.9148,0.5000,0.0000,0.0000,0.0000,-0.97846,-0.97805,0.08049,0.21660,0.97849,0.97803,0.64516,0.00000,-0.00103,0.40910
512,82,0,-0.07246,0.00000,0.0000,0.0000,0,0,0,0.9148,0.5000,0.0000,0.0000,0.0000,-0.97846,-0.97805,0.08049,0.21660,0.97849,0.97803,0.64516,0.00000,-0.00103,0.40910
513,82,0,-0.07246,0.00000,0.0000,0.0000,0,0,0,0.9148,0.5000,0.0000,0.0000,0.0000,-0.97846,-0.97805,0.08049,0.21660,0.97849,0.97803,0.64516,0.00000,-0.00103,0.40910
514,82,0,-0.07246,0.00000,0.0000,0.0000,0,0,0,0.9148,0.5000,0.0000,0.0000,0.0000,-0.97846,-0.97805,0.08049,0.21660,0.97849,0.97803,0.64516,0.00000,-0.00103,0.40910
515,82,0,-0.07246,0.00000,0.0000,0.0000,0,0,0,0.9148,0.5000,0.0000,0.0000,0.0000,-0.97846,-0.97805,0.08049,0.21660,0.97849,0.97803,0.64516,0.00000,-0.00103,0.40910
516,82,0,0.79146,0.01758,0.0000,0.0000,0,0,4,0.9141,0.5000,0.0000,0.0000,0.0001,-0.97576,-0.98030,-0.09562,0.14438,0.97799,0.97853,0.64816,0.00000,0.01134,0.42110
517,82,0,0.79146,0.01758,0.0000,0.0000,0,0,4,0.9141,0.5000,0.0000,0.0000,0.0001,-0.97576,-0.98030,-0.09562,0.14438,0.97799,0.97853,0.64816,0.00000,0.01134,0.42110
518,82,0,0.79146,0.01758,0.0000,0.0000,0,0,4,0.9141,0.5000,0.0000,0.0000,0.0001,-0.97576,-0.98030,-0.09562,0.14438,0.97799,0.97853,0.64816,0.00000,0.01134,0.42110
519,82,0,0.79146,0.01758,0.0000,0.0000,0,0,4,0.9141,0.5000,0.0000,0.0000,0.0001,-0.97576,-0.98030,-0.09562,0.14438,0.97799,0.97853,0.64816,0.00000,0.01134,0.42110
520,82,0,0.79146,0.01758,0.0000,0.0000,0,0,4,0.9141,0.5000,0.0000,0.0000,0.0001,-0.97576,-0.98030,-0.09562,0.14438,0.97799,0.97853,0.64816,0.00000,0.01134,0.42110
521,82,0,0.79146,0.01758,0.0000,0.0000,0,0,4,0.9141,0.5000,0.0000,0.0000,0.0001,-0.97576,-0.98030,-0.09562,0.14438,0.97799,0.97853,0.64816,0.00000,0.01134,0.42110
522,82,0,0.79146,0.01758,0.0000,0.0000,0,0,4,0.9134,0.5000,0.0000,0.0000,0.0002,-0.97576,-0.98030,-0.09562,0.14438,0.97799,0.97853,0.64909,0.00000,0.01134,0.42488
523,82,0,0.79146,0.01758,0.0000,0.0000,0,0,4,0.9134,0.5000,0.0000,0.0000,0.0002,-0.97576,-0.98030,-0.09562,0.14438,0.97799,0.97853,0.64909,0.00000,0.01134,0.42488
524,82,0,0.79146,0.01758,0.0000,0.0000,0,0,4,0.9134,0.5000,0.0000,0.0000,0.0002,-0.97576,-0.98030,-0.09562,0.14438,0.97799,0.97853,0.64909,0.00000,0.01134,0.42488
525,82,0,0.79146,0.01758,0.0000,0.0000,0,0,4,0.9134,0.5000,0.0000,0.0000,0.0002,-0.97576,-0.98030,-0.09562,0.14438,0.97799,0.97853,0.64909,0.00000,0.01134,0.42488
526,82,0,0.79146,0.01758,0.0000,0.0000,0,0,4,0.9134,0.5000,0.0000,0.0000,0.0002,-0.97576,-0.98030,-0.09562,0.14438,0.97799,0.97853,0.64909,0.00000,0.01134,0.42488
527,82,0,0.79146,0.01758,0.0000,0.0000,0,0,4,0.9134,0.5000,0.0000,0.0000,0.0002,-0.97576,-0.98030,-0.09562,0.14438,0.97799,0.97853,0.64909,0.00000,0.01134,0.42488
528,81,1,0.87343,0.04254,0.0000,0.0000,0,0,4,0.9115,0.5000,0.0000,0.0000,0.0000,-0.97547,-0.98048,-0.09871,0.13298,0.97798,0.97854,0.65032,0.00000,0.01255,0.42987
529,81,0,0.87343,0.04254,0.0000,0.0000,0,0,4,0.9115,0.5000,0.0000,0.0000,0.0000,-0.97547,-0.98048,-0.09871,0.13298,0.97798,0.97854,0.65032,0.00000,0.01255,0.42987
530,81,0,0.87343,0.04254,0.0000,0.0000,0,0,4,0.9115,0.5000,0.0000,0.0000,0.0000,-0.97547,-0.98048,-0.09871,0.13298,0.97798,0.97854,0.65032,0.00000,0.01255,0.42987
531,81,0,0.87343,0.04254,0.0000,0.0000,0,0,4,0.9115,0.5000,0.0000,0.0000,0.0000,-0.97547,-0.98048,-0.09871,0.13298,0.97798,0.97854,0.65032,0.00000,0.01255,0.42987
532,81,0,0.87343,0.04254,0.0000,0.0000,0,0,4,0.9115,0.5000,0.0000,0.0000,0.0000,-0.97547,-0.98048,-0.09871,0.13298,0.97798,0.97854,0.65032,0.00000,0.01255,0.42987
533,81,0,0.87343,0.04254,0.0000,0.0000,0,0,4,0.9115,0.5000,0.0000,0.0000,0.0000,-0.97547,-0.98048,-0.09871,0.13298,0.97798,0.97854,0.65032,0.00000,0.01255,0.42987
534,81,0,0.87343,0.04254,0.0000,0.0000,0,0,4,0.9108,0.5000,0.0000,0.0000,0.0000,-0.97547,-0.98048,-0.09871,0.13298,0.97798,0.97854,0.65082,0.00000,0.01255,0.43192
535,81,0,0.87343,0.04254,0.0000,0.0000,0,0,4,0.9108,0.5000,0.0000,0.0000,0.0000,-0.97547,-0.98048,-0.09871,0.13298,0.97798,0.97854,0.65082,0.00000,0.01255,0.43192
536,81,0,0.87343,0.04254,0.0000,0.0000,0,0,4,0.9108,0.5000,0.0000,0.0000,0.0000,-0.97547,-0.98048,-0.09871,0.13298,0.97798,0.97854,0.65082,0.00000,0.01255,0.43192
537,81,0,0.87343,0.04254,0.0000,0.0000,0,0,4,0.9108,0.5000,0.0000,0.0000,0.0000,-0.97547,-0.98048,-0.09871,0.13298,0.97798,0.97854,0.65082,0.00000,0.01255,0.43192
538,81,0,0.87343,0.04254,0.0000,0.0000,0,0,4,0.9108,0.5000,0.0000,0.0000,0.0000,-0.97547,-0.98048,-0.09871,0.13298,0.97798,0.97854,0.65082,0.00000,0.01255,0.43192
539,81,0,0.87343,0.04254,0.0000,0.0000,0,0,4,0.9108,0.5000,0.0000,0.0000,0.0000,-0.97547,-0.98048,-0.09871,0.13298,0.97798,0.97854,0.65082,0.00000,0.01255,0.43192
540,80,1,0.88457,0.07054,0.0000,0.0000,0,0,4,0.9089,0.3750,0.0000,0.0000,0.0000,-0.97543,-0.98051,-0.10231,0.16272,0.97797,0.97855,0.66107,0.00000,0.01271,0.47525
541,80,0,0.88457,0.07054,0.0000,0.0000,0,0,4,0.9089,0.3750,0.0000,0.0000,0.0000,-0.97543,-0.98051,-0.10231,0.16272,0.97797,0.97855,0.66107,0.00000,0.01271,0.47525
542,80,0,0.88457,0.07054,0.0000,0.0000,0,0,4,0.9089,0.3750,0.0000,0.0000,0.0000,-0.97543,-0.98051,-0.10231,0.16272,0.97797,0.97855,0.66107,0.00000,0.01271,0.47525
543,80,0,0.88457,0.07054,0.0000,0.0000,0,0,4,0.9089,0.3750,0.0000,0.0000,0.0000,-0.97543,-0.98051,-0.10231,0.16272,0.97797,0.97855,0.66107,0.00000,0.01271,0.47525
544,80,0,0.88457,0.07054,0.0000,0.0000,0,0,4,0.9089,0.3750,0.0000,0.0000,0.0000,-0.97543,-0.98051,-0.10231,0.16272,0.97797,0.97855,0.66107,0.00000,0.01271,0.47525
545,80,0,0.88457,0.07054,0.0000,0.0000,0,0,4,0.9089,0.3750,0.0000,0.0000,0.0000,-0.97543,-0.98051,-0.10231,0.16272,0.97797,0.97855,0.66107,0.00000,0.01271,0.47525
546,79,1,0.72710,0.04034,0.0000,0.0000,0,0,4,0.9070,0.1250,0.0000,0.0000,0.0000,-0.97598,-0.98014,-0.10606,0.15644,0.97796,0.97856,0.63876,0.00000,0.01040,0.38414
547,79,0,0.72710,0.04034,0.0000,0.0000,0,0,4,0.9070,0.1250,0.0000,0.0000,0.0000,-0.97598,-0.98014,-0.10606,0.15644,0.97796,0.97856,0.63876,0.00000,0.01040,0.38414
548,79,0,0.72710,0.04034,0.0000,0.0000,0,0,4,0.9070,0.1250,0.0000,0.0000,0.0000,-0.97598,-0.98014,-0.10606,0.15644,0.97796,0.97856,0.63876,0.00000,0.01040,0.38414
549,79,0,0.72710,0.04034,0.0000,0.0000,0,0,4,0.9070,0.1250,0.0000,0.0000,0.0000,-0.97598,-0.98014,-0.10606,0.15644,0.97796,0.97856,0.63876,0.00000,0.01040,0.38414
550,79,0,0.72710,0.04034,0.0000,0.0000,0,0,4,0.9070,0.1250,0.0000,0.0000,0.0000,-0.97598,-0.98014,-0.10606,0.15644,0.97796,0.97856,0.63876,0.00000,0.01040,0.38414
551,79,0,0.72710,0.04034,0.0000,0.0000,0,0,4,0.9070,0.1250,0.0000,0.0000,0.0000,-0.97598,-0.98014,-0.10606,0.15644,0.97796,0.97856,0.63876,0.00000,0.01040,0.38414
552,79,0,0.84208,0.07387,0.0000,0.0000,0,0,4,0.9063,0.1250,0.0000,0.0000,0.0000,-0.97558,-0.98041,-0.10602,0.14788,0.97796,0.97856,0.63952,0.00000,0.01208,0.38703
553,79,0,0.84208,0.07387,0.0000,0.0000,0,0,4,0.9063,0.1250,0.0000,0.0000,0.0000,-0.97558,-0.98041,-0.10602,0.14788,0.97796,0.97856,0.63952,0.00000,0.01208,0.38703
554,79,0,0.84208,0.07387,0.0000,0.0000,0,0,4,0.9063,0.1250,0.0000,0.0000,0.0000,-0.97558,-0.98041,-0.10602,0.14788,0.97796,0.97856,0.63952,0.00000,0.01208,0.38703
555,79,0,0.84208,0.07387,0.0000,0.0000,0,0,4,0.9063,0.1250,0.0000,0.0000,0.0000,-0.97558,-0.98041,-0.10602,0.14788,0.97796,0.97856,0.63952,0.00000,0.01208,0.38703
556,79,0,0.84208,0.07387,0.0000,0.0000,0,0,4,0.9063,0.1250,0.0000,0.0000,0.0000,-0.97558,-0.98041,-0.10602,0.14788,0.97796,0.97856,0.63952,0.00000,0.01208,0.38703
557,79,0,0.84208,0.07387,0.0000,0.0000,0,0,4,0.9063,0.1250,0.0000,0.0000,0.0000,-0.97558,-0.98041,-0.10602,0.14788,0.97796,0.97856,0.63952,0.00000,0.01208,0.38703
558,79,0,0.84208,0.07387,0.0000,0.0000,0,0,4,0.9057,0.1250,0.0000,0.0000,0.0001,-0.97558,-0.98041,-0.10602,0.14788,0.97796,0.97856,0.63985,0.00000,0.01208,0.38833
559,79,0,0.84208,0.07387,0.0000,0.0000,0,0,4,0.9057,0.1250,0.0000,0.0000,0.0001,-0.97558,-0.98041,-0.10602,0.14788,0.97796,0.97856,0.63985,0.00000,0.01208,0.38833
560,79,0,0.84208,0.07387,0.0000,0.0000,0,0,4,0.9057,0.1250,0.0000,0.0000,0.0001,-0.97558,-0.98041,-0.10602,0.14788,0.97796,0.97856,0.63985,0.00000,0.01208,0.38833
561,79,0,0.84208,0.07387,0.0000,0.0000,0,0,4,0.9057,0.1250,0.0000,0.0000,0.0001,-0.97558,-0.98041,-0.10602,0.14788,0.97796,0.97856,0.63985,0.00000,0.01208,0.38833
562,79,0,0.84208,0.07387,0.0000,0.0000,0,0,4,0.9057,0.1250,0.0000,0.0000,0.0001,-0.97558,-0.98041,-0.10602,0.14788,0.97796,0.97856,0.63985,0.00000,0.01208,0.38833
563,79,0,0.84208,0.07387,0.0000,0.0000,0,0,4,0.9057,0.1250,0.0000,0.0000,0.0001,-0.97558,-0.98041,-0.10602,0.14788,0.97796,0.97856,0.63985,0.00000,0.01208,0.38833
564,79,0,0.82844,0.06554,0.0000,0.0000,0,0,4,0.9050,0.1250,0.0000,0.0000,0.0002,-0.97563,-0.98038,-0.10592,0.14044,0.97796,0.97856,0.64016,0.00000,0.01188,0.38950
565,79,0,0.82844,0.06554,0.0000,0.0000,0,0,4,0.9050,0.1250,0.0000,0.0000,0.0002,-0.97563,-0.98038,-0.10592,0.14044,0.97796,0.97856,0.64016,0.00000,0.01188,0.38950
566,79,0,0.82844,0.06554,0.0000,0.0000,0,0,4,0.9050,0.1250,0.0000,0.0000,0.0002,-0.97563,-0.98038,-0.10592,0.14044,0.97796,0.97856,0.64016,0.00000,0.01188,0.38950
567,79,0,0.82844,0.06554,0.0000,0.0000,0,0,4,0.9050,0.1250,0.0000,0.0000,0.0002,-0.97563,-0.98038,-0.10592,0.14044,0.97796,0.97856,0.64016,0.00000,0.01188,0.38950
568,79,0,0.82844,0.06554,0.0000,0.0000,0,0,4,0.9050,0.1250,0.0000,0.0000,0.0002,-0.97563,-0.98038,-0.10592,0.14044,0.97796,0.97856,0.64016,0.00000,0.01188,0.38950
569,79,0,0.82844,0.06554,0.0000,0.0000,0,0,4,0.9050,0.1250,0.0000,0.0000,0.0002,-0.97563,-0.98038,-0.10592,0.14044,0.97796,0.97856,0.64016,0.00000,0.01188,0.38950
570,78,1,0.82066,0.08882,0.0000,0.0000,0,0,4,0.9031,0.0000,0.0000,0.0000,0.0000,-0.97565,-0.98036,-0.10979,0.13483,0.97795,0.97857,0.65031,0.00000,0.01177,0.42983
571,78,0,0.82066,0.08882,0.0000,0.0000,0,0,4,0.9031,0.0000,0.0000,0.0000,0.0000,-0.97565,-0.98036,-0.10979,0.13483,0.97795,0.97857,0.65031,0.00000,0.01177,0.42983
572,78,0,0.82066,0.08882,0.0000,0.0000,0,0,4,0.9031,0.0000,0.0000,0.0000,0.0000,-0.97565,-0.98036,-0.10979,0.13483,0.97795,0.97857,0.65031,0.00000,0.01177,0.42983
573,78,0,0.82066,0.08882,0.0000,0.0000,0,0,4,0.9031,0.0000,0.0000,0.0000,0.0000,-0.97565,-0.98036,-0.10979,0.13483,0.97795,0.97857,0.65031,0.00000,0.01177,0.42983
574,78,0,0.82066,0.08882,0.0000,0.0000,0,0,4,0.9031,0.0000,0.0000,0.0000,0.0000,-0.97565,-0.98036,-0.10979,0.13483,0.97795,0.97857,0.65031,0.00000,0.01177,0.42983
575,78,0,0.82066,0.08882,0.0000,0.0000,0,0,4,0.9031,0.0000,0.0000,0.0000,0.0000,-0.97565,-0.98036,-0.10979,0.13483,0.97795,0.97857,0.65031,0.00000,0.01177,0.42983
576,77,1,0.81621,0.11687,0.0000,0.0000,0,0,4,0.9012,0.0000,0.0000,0.0000,0.0000,-0.97567,-0.98035,-0.11389,0.12313,0.97793,0.97858,0.65110,0.00000,0.01170,0.43306
577,77,0,0.81621,0.11687,0.0000,0.0000,0,0,4,0.9012,0.0000,0.0000,0.0000,0.0000,-0.97567,-0.98035,-0.11389,0.12313,0.97793,0.97858,0.65110,0.00000,0.01170,0.43306
578,77,0,0.81621,0.11687,0.0000,0.0000,0,0,4,0.9012,0.0000,0.0000,0.0000,0.0000,-0.97567,-0.98035,-0.11389,0.12313,0.97793,0.97858,0.65110,0.00000,0.01170,0.43306
579,77,0,0.81621,0.11687,0.0000,0.0000,0,0,4,0.9012,0.0000,0.0000,0.0000,0.0000,-0.97567,-0.98035,-0.11389,0.12313,0.97793,0.97858,0.65110,0.00000,0.01170,0.43306
580,77,0,0.81621,0.11687,0.0000,0.0000,0,0,4,0.9012,0.0000,0.0000,0.0000,0.0000,-0.97567,-0.98035,-0.11389,0.12313,0.97793,0.97858,0.65110,0.00000,0.01170,0.43306
581,77,0,0.81621,0.11687,0.0000,0.0000,0,0,4,0.9012,0.0000,0.0000,0.0000,0.0000,-0.97567,-0.98035,-0.11389,0.12313,0.97793,0.97858,0.65110,0.00000,0.01170,0.43306
582,76,1,0.84737,0.21247,0.0000,0.0000,0,0,4,0.8992,0.0000,0.0000,0.0000,0.0000,-0.97556,-0.98042,-0.11838,0.11777,0.97792,0.97859,0.65201,0.00000,0.01216,0.43682
583,76,0,0.84737,0.21247,0.0000,0.0000,0,0,4,0.8992,0.0000,0.0000,0.0000,0.0000,-0.97556,-0.98042,-0.11838,0.11777,0.97792,0.97859,0.65201,0.00000,0.01216,0.43682
584,76,0,0.84737,0.21247,0.0000,0.0000,0,0,4,0.8992,0.0000,0.0000,0.0000,0.0000,-0.97556,-0.98042,-0.11838,0.11777,0.97792,0.97859,0.65201,0.00000,0.01216,0.43682
585,76,0,0.84737,0.21247,0.0000,0.0000,0,0,4,0.8992,0.0000,0.0000,0.0000,0.0000,-0.97556,-0.98042,-0.11838,0.11777,0.97792,0.97859,0.65201,0.00000,0.01216,0.43682
586,76,0,0.84737,0.21247,0.0000,0.0000,0,0,4,0.8992,0.0000,0.0000,0.0000,0.0000,-0.97556,-0.98042,-0.11838,0.11777,0.97792,0.97859,0.65201,0.00000,0.01216,0.43682
587,76,0,0.84737,0.21247,0.0000,0.0000,0,0,4,0.8992,0.0000,0.0000,0.0000,0.0000,-0.97556,-0.98042,-0.11838,0.11777,0.97792,0.97859,0.65201,0.00000,0.01216,0.43682
588,76,0,-0.71711,0.00089,0.0000,0.0000,0,0,3,0.8986,0.1250,0.0000,0.0000,0.0000,-0.98012,-0.97602,-0.62171,0.03192,0.97634,0.97989,0.63528,0.00000,-0.01026,0.37092
589,76,0,-0.71711,0.00089,0.0000,0.0000,0,0,3,0.8986,0.1250,0.0000,0.0000,0.0000,-0.98012,-0.97602,-0.62171,0.03192,0.97634,0.97989,0.63528,0.00000,-0.01026,0.37092
590,76,0,-0.71711,0.00089,0.0000,0.0000,0,0,3,0.8986,0.1250,0.0000,0.0000,0.0000,-0.98012,-0.97602,-0.62171,0.03192,0.97634,0.97989,0.63528,0.00000,-0.01026,0.37092
591,76,0,-0.71711,0.00089,0.0000,0.0000,0,0,3,0.8986,0.1250,0.0000,0.0000,0.0000,-0.98012,-0.97602,-0.62171,0.03192,0.97634,0.97989,0.63528,0.00000,-0.01026,0.37092
592,76,0,-0.71711,0.00089,0.0000,0.0000,0,0,3,0.8986,0.1250,0.0000,0.0000,0.0000,-0.98012,-0.97602,-0.62171,0.03192,0.97634,0.97989,0.63528,0.00000,-0.01026,0.37092
593,76,0,-0.71711,0.00089,0.0000,0.0000,0,0,3,0.8986,0.1250,0.0000,0.0000,0.0000,-0.98012,-0.97602,-0.62171,0.03192,0.97634,0.97989,0.63528,0.00000,-0.01026,0.37092
594,76,0,-0.71711,0.00089,0.0000,0.0000,0,0,3,0.8979,0.1250,0.0000,0.0000,0.0001,-0.98012,-0.97602,-0.62171,0.03192,0.97634,0.97989,0.63562,0.00000,-0.01026,0.37221
595,76,0,-0.71711,0.00089,0.0000,0.0000,0,0,3,0.8979,0.1250,0.0000,0.0000,0.0001,-0.98012,-0.97602,-0.62171,0.03192,0.97634,0.97989,0.63562,0.00000,-0.01026,0.37221
596,76,0,-0.71711,0.00089,0.0000,0.0000,0,0,3,0.8979,0.1250,0.0000,0.0000,0.0001,-0.98012,-0.97602,-0.62171,0.03192,0.97634,0.97989,0.63562,0.00000,-0.01026,0.37221
597,76,0,-0.71711,0.00089,0.0000,0.0000,0,0,3,0.8979,0.1250,0.0000,0.0000,0.0001,-0.98012,-0.97602,-0.62171,0.03192,0.97634,0.97989,0.63562,0.00000,-0.01026,0.37221
598,76,0,-0.71711,0.00089,0.0000,0.0000,0,0,3,0.8979,0.1250,0.0000,0.0000,0.0001,-0.98012,-0.97602,-0.62171,0.03192,0.97634,0.97989,0.63562,0.00000,-0.01026,0.37221
599,76,0,-0.71711,0.00089,0.0000,0.0000,0,0,3,0.8979,0.1250,0.0000,0.0000,0.0001,-0.98012,-0.97602,-0.62171,0.03192,0.97634,0.97989,0.63562,0.00000,-0.01026,0.37221
600,76,0,-0.70314,0.00101,0.0000,0.0000,0,0,3,0.8972,0.1250,0.0000,0.0000,0.0002,-0.98009,-0.97607,-0.68419,0.03224,0.97613,0.98004,0.63580,0.00000,-0.01005,0.37288
601,76,0,-0.70314,0.00101,0.0000,0.0000,0,0,3,0.8972,0.1250,0.0000,0.0000,0.0002,-0.98009,-0.97607,-0.68419,0.03224,0.97613,0.98004,0.63580,0.00000,-0.01005,0.37288
602,76,0,-0.70314,0.00101,0.0000,0.0000,0,0,3,0.8972,0.1250,0.0000,0.0000,0.0002,-0.98009,-0.97607,-0.68419,0.03224,0.97613,0.98004,0.63580,0.00000,-0.01005,0.37288
603,76,0,-0.70314,0.00101,0.0000,0.0000,0,0,3,0.8972,0.1250,0.0000,0.0000,0.0002,-0.98009,-0.97607,-0.68419,0.03224,0.97613,0.98004,0.63580,0.00000,-0.01005,0.37288
604,76,0,-0.70314,0.00101,0.0000,0.0000,0,0,3,0.8972,0.1250,0.0000,0.0000,0.0002,-0.98009,-0.97607,-0.68419,0.03224,0.97613,0.98004,0.63580,0.00000,-0.01005,0.37288
605,76,0,-0.70314,0.00101,0.0000,0.0000,0,0,3,0.8972,0.1250,0.0000,0.0000,0.0002,-0.98009,-0.97607,-0.68419,0.03224,0.97613,0.98004,0.63580,0.00000,-0.01005,0.37288
606,76,0,-0.75968,0.00037,0.0000,0.0000,0,0,0,0.8966,0.0000,0.0000,0.0000,0.0004,-0.98022,-0.97587,0.09596,0.21912,0.97853,0.97799,0.64842,0.00000,-0.01088,0.42216
607,76,0,-0.75968,0.00037,0.0000,0.0000,0,0,0,0.8966,0.0000,0.0000,0.0000,0.0004,-0.98022,-0.97587,0.09596,0.21912,0.97853,0.97799,0.64842,0.00000,-0.01088,0.42216
608,76,0,-0.75968,0.00037,0.0000,0.0000,0,0,0,0.8966,0.0000,0.0000,0.0000,0.0004,-0.98022,-0.97587,0.09596,0.21912,0.97853,0.97799,0.64842,0.00000,-0.01088,0.42216
609,76,0,-0.75968,0.00037,0.0000,0.0000,0,0,0,0.8966,0.0000,0.0000,0.0000,0.0004,-0.98022,-0.97587,0.09596,0.21912,0.97853,0.97799,0.64842,0.00000,-0.01088,0.42216
610,76,0,-0.75968,0.00037,0.0000,0.0000,0,0,0,0.8966,0.0000,0.0000,0.0000,0.0004,-0.98022,-0.97587,0.09596,0.21912,0.97853,0.97799,0.64842,0.00000,-0.01088,0.42216
611,76,0,-0.75968,0.00037,0.0000,0.0000,0,0,0,0.8966,0.0000,0.0000,0.0000,0.0004,-0.98022,-0.97587,0.09596,0.21912,0.97853,0.97799,0.64842,0.00000,-0.01088,0.42216
612,76,0,0.82036,0.16875,0.0000,0.0000,0,0,4,0.8959,0.0000,0.0000,0.0000,0.0007,-0.97566,-0.98036,-0.11863,0.13404,0.97792,0.97859,0.65357,0.00000,0.01177,0.44329
613,76,0,0.82036,0.16875,0.0000,0.0000,0,0,4,0.8959,0.0000,0.0000,0.0000,0.0007,-0.97566,-0.98036,-0.11863,0.13404,0.97792,0.97859,0.65357,0.00000,0.01177,0.44329
614,76,0,0.82036,0.16875,0.0000,0.0000,0,0,4,0.8959,0.0000,0.0000,0.0000,0.0007,-0.97566,-0.98036,-0.11863,0.13404,0.97792,0.97859,0.65357,0.00000,0.01177,0.44329
615,76,0,0.82036,0.16875,0.0000,0.0000,0,0,4,0.8959,0.0000,0.0000,0.0000,0.0007,-0.97566,-0.98036,-0.11863,0.13404,0.97792,0.97859,0.65357,0.00000,0.01177,0.44329
616,76,0,0.82036,0.16875,0.0000,0.0000,0,0,4,0.8959,0.0000,0.0000,0.0000,0.0007,-0.97566,-0.98036,-0.11863,0.13404,0.97792,0.97859,0.65357,0.00000,0.01177,0.44329
617,76,0,0.82036,0.16875,0.0000,0.0000,0,0,4,0.8959,0.0000,0.0000,0.0000,0.0007,-0.97566,-0.98036,-0.11863,0.13404,0.97792,0.97859,0.65357,0.00000,0.01177,0.44329
618,76,0,0.82036,0.16875,0.0000,0.0000,0,0,4,0.8952,0.0000,0.0000,0.0000,0.0010,-0.97566,-0.98036,-0.11863,0.13404,0.97792,0.97859,0.65396,0.00000,0.01177,0.44491
619,76,0,0.82036,0.16875,0.0000,0.0000,0,0,4,0.8952,0.0000,0.0000,0.0000,0.0010,-0.97566,-0.98036,-0.11863,0.13404,0.97792,0.97859,0.65396,0.00000,0.01177,0.44491
620,76,0,0.82036,0.16875,0.0000,0.0000,0,0,4,0.8952,0.0000,0.0000,0.0000,0.0010,-0.97566,-0.98036,-0.11863,0.13404,0.97792,0.97859,0.65396,0.00000,0.01177,0.44491
621,76,0,0.82036,0.16875,0.0000,0.0000,0,0,4,0.8952,0.0000,0.0000,0.0000,0.0010,-0.97566,-0.98036,-0.11863,0.13404,0.97792,0.97859,0.65396,0.00000,0.01177,0.44491
622,76,0,0.82036,0.16875,0.0000,0.0000,0,0,4,0.8952,0.0000,0.0000,0.0000,0.0010,-0.97566,-0.98036,-0.11863,0.13404,0.97792,0.97859,0.65396,0.00000,0.01177,0.44491
623,76,0,0.82036,0.16875,0.0000,0.0000,0,0,4,0.8952,0.0000,0.0000,0.0000,0.0010,-0.97566,-0.98036,-0.11863,0.13404,0.97792,0.97859,0.65396,0.00000,0.01177,0.44491
624,75,1,0.61377,0.13614,0.0000,0.0000,0,0,4,0.8933,0.0000,0.0000,0.0000,0.0000,-0.97637,-0.97987,-0.12350,0.12155,0.97790,0.97861,0.65368,0.00000,0.00876,0.44373
625,75,0,0.61377,0.13614,0.0000,0.0000,0,0,4,0.8933,0.0000,0.0000,0.0000,0.0000,-0.97637,-0.97987,-0.12350,0.12155,0.97790,0.97861,0.65368,0.00000,0.00876,0.44373
626,75,0,0.61377,0.13614,0.0000,0.0000,0,0,4,0.8933,0.0000,0.0000,0.0000,0.0000,-0.97637,-0.97987,-0.12350,0.12155,0.97790,0.97861,0.65368,0.00000,0.00876,0.44373
627,75,0,0.61377,0.13614,0.0000,0.0000,0,0,4,0.8933,0.0000,0.0000,0.0000,0.0000,-0.97637,-0.97987,-0.12350,0.12155,0.97790,0.97861,0.65368,0.00000,0.00876,0.44373
628,75,0,0.61377,0.13614,0.0000,0.0000,0,0,4,0.8933,0.0000,0.0000,0.0000,0.0000,-0.97637,-0.97987,-0.12350,0.12155,0.97790,0.97861,0.65368,0.00000,0.00876,0.44373
629,75,0,0.61377,0.13614,0.0000,0.0000,0,0,4,0.8933,0.0000,0.0000,0.0000,0.0000,-0.97637,-0.97987,-0.12350,0.12155,0.97790,0.97861,0.65368,0.00000,0.00876,0.44373
630,75,0,0.61377,0.13614,0.0000,0.0000,0,0,4,0.8926,0.0000,0.0000,0.0000,0.0000,-0.97637,-0.97987,-0.12350,0.12155,0.97790,0.97861,0.65397,0.00000,0.00876,0.44494
631,75,0,0.61377,0.13614,0.0000,0.0000,0,0,4,0.8926,0.0000,0.0000,0.0000,0.0000,-0.97637,-0.97987,-0.12350,0.12155,0.97790,0.97861,0.65397,0.00000,0.00876,0.44494
632,75,0,0.61377,0.13614,0.0000,0.0000,0,0,4,0.8926,0.0000,0.0000,0.0000,0.0000,-0.97637,-0.97987,-0.12350,0.12155,0.97790,0.97861,0.65397,0.00000,0.00876,0.44494
633,75,0,0.61377,0.13614,0.0000,0.0000,0,0,4,0.8926,0.0000,0.0000,0.0000,0.0000,-0.97637,-0.97987,-0.12350,0.12155,0.97790,0.97861,0.65397,0.00000,0.00876,0.44494
634,75,0,0.61377,0.13614,0.0000,0.0000,0,0,4,0.8926,0.0000,0.0000,0.0000,0.0000,-0.97637,-0.97987,-0.12350,0.12155,0.97790,0.97861,0.65397,0.00000,0.00876,0.44494
635,75,0,0.61377,0.13614,0.0000,0.0000,0,0,4,0.8926,0.0000,0.0000,0.0000,0.0000,-0.97637,-0.97987,-0.12350,0.12155,0.97790,0.97861,0.65397,0.00000,0.00876,0.44494
636,75,0,0.59806,0.12909,0.0000,0.0000,0,0,4,0.8920,0.0000,0.0000,0.0000,0.0001,-0.97642,-0.97983,-0.12345,0.11588,0.97791,0.97861,0.65422,0.00000,0.00853,0.44601
637,75,0,0.59806,0.12909,0.0000,0.0000,0,0,4,0.8920,0.0000,0.0000,0.0000,0.0001,-0.97642,-0.97983,-0.12345,0.11588,0.97791,0.97861,0.65422,0.00000,0.00853,0.44601
638,75,0,0.59806,0.12909,0.0000,0.0000,0,0,4,0.8920,0.0000,0.0000,0.0000,0.0001,-0.97642,-0.97983,-0.12345,0.11588,0.97791,0.97861,0.65422,0.00000,0.00853,0.44601
639,75,0,0.59806,0.12909,0.0000,0.0000,0,0,4,0.8920,0.0000,0.0000,0.0000,0.0001,-0.97642,-0.97983,-0.12345,0.11588,0.97791,0.97861,0.65422,0.00000,0.00853,0.44601
640,75,0,0.59806,0.12909,0.0000,0.0000,0,0,4,0.8920,0.0000,0.0000,0.0000,0.0001,-0.97642,-0.97983,-0.12345,0.11588,0.97791,0.97861,0.65422,0.00000,0.00853,0.44601
641,75,0,0.59806,0.12909,0.0000,0.0000,0,0,4,0.8920,0.0000,0.0000,0.0000,0.0001,-0.97642,-0.97983,-0.12345,0.11588,0.97791,0.97861,0.65422,0.00000,0.00853,0.44601
642,74,1,0.20328,0.12558,0.0000,0.0000,0,0,4,0.8900,0.1250,0.0000,0.0000,0.0000,-0.97767,-0.97882,-0.12875,0.11034,0.97789,0.97862,0.64438,0.00000,0.00288,0.40599
643,74,0,0.20328,0.12558,0.0000,0.0000,0,0,4,0.8900,0.1250,0.0000,0.0000,0.0000,-0.97767,-0.97882,-0.12875,0.11034,0.97789,0.97862,0.64438,0.00000,0.00288,0.40599
644,74,0,0.20328,0.12558,0.0000,0.0000,0,0,4,0.8900,0.1250,0.0000,0.0000,0.0000,-0.97767,-0.97882,-0.12875,0.11034,0.97789,0.97862,0.64438,0.00000,0.00288,0.40599
645,74,0,0.20328,0.12558,0.0000,0.0000,0,0,4,0.8900,0.1250,0.0000,0.0000,0.0000,-0.97767,-0.97882,-0.12875,0.11034,0.97789,0.97862,0.64438,0.00000,0.00288,0.40599
646,74,0,0.20328,0.12558,0.0000,0.0000,0,0,4,0.8900,0.1250,0.0000,0.0000,0.0000,-0.97767,-0.97882,-0.12875,0.11034,0.97789,0.97862,0.64438,0.00000,0.00288,0.40599
647,74,0,0.20328,0.12558,0.0000,0.0000,0,0,4,0.8900,0.1250,0.0000,0.0000,0.0000,-0.97767,-0.97882,-0.12875,0.11034,0.97789,0.97862,0.64438,0.00000,0.00288,0.40599
648,74,0,-0.89474,0.00233,0.0000,0.0000,0,0,3,0.8894,0.1250,0.0000,0.0000,0.0000,-0.98053,-0.97539,-0.61814,0.03088,0.97635,0.97988,0.63885,0.00000,-0.01286,0.38446
649,74,0,-0.89474,0.00233,0.0000,0.0000,0,0,3,0.8894,0.1250,0.0000,0.0000,0.0000,-0.98053,-0.97539,-0.61814,0.03088,0.97635,0.97988,0.63885,0.00000,-0.01286,0.38446
650,74,0,-0.89474,0.00233,0.0000,0.0000,0,0,3,0.8894,0.1250,0.0000,0.0000,0.0000,-0.98053,-0.97539,-0.61814,0.03088,0.97635,0.97988,0.63885,0.00000,-0.01286,0.38446
651,74,0,-0.89474,0.00233,0.0000,0.0000,0,0,3,0.8894,0.1250,0.0000,0.0000,0.0000,-0.98053,-0.97539,-0.61814,0.03088,0.97635,0.97988,0.63885,0.00000,-0.01286,0.38446
652,74,0,-0.89474,0.00233,0.0000,0.0000,0,0,3,0.8894,0.1250,0.0000,0.0000,0.0000,-0.98053,-0.97539,-0.61814,0.03088,0.97635,0.97988,0.63885,0.00000,-0.01286,0.38446
653,74,0,-0.89474,0.00233,0.0000,0.0000,0,0,3,0.8894,0.1250,0.0000,0.0000,0.0000,-0.98053,-0.97539,-0.61814,0.03088,0.97635,0.97988,0.63885,0.00000,-0.01286,0.38446
654,74,0,-0.89474,0.00233,0.0000,0.0000,0,0,3,0.8887,0.1250,0.0000,0.0000,0.0001,-0.98053,-0.97539,-0.61814,0.03088,0.97635,0.97988,0.63919,0.00000,-0.01286,0.38575
655,74,0,-0.89474,0.00233,0.0000,0.0000,0,0,3,0.8887,0.1250,0.0000,0.0000,0.0001,-0.98053,-0.97539,-0.61814,0.03088,0.97635,0.97988,0.63919,0.00000,-0.01286,0.38575
656,74,0,-0.89474,0.00233,0.0000,0.0000,0,0,3,0.8887,0.1250,0.0000,0.0000,0.0001,-0.98053,-0.97539,-0.61814,0.03088,0.97635,0.97988,0.63919,0.00000,-0.01286,0.38575
657,74,0,-0.89474,0.00233,0.0000,0.0000,0,0,3,0.8887,0.1250,0.0000,0.0000,0.0001,-0.98053,-0.97539,-0.61814,0.03088,0.97635,0.97988,0.63919,0.00000,-0.01286,0.38575
658,74,0,-0.89474,0.00233,0.0000,0.0000,0,0,3,0.8887,0.1250,0.0000,0.0000,0.0001,-0.98053,-0.97539,-0.61814,0.03088,0.97635,0.97988,0.63919,0.00000,-0.01286,0.38575
659,74,0,-0.89474,0.00233,0.0000,0.0000,0,0,3,0.8887,0.1250,0.0000,0.0000,0.0001,-0.98053,-0.97539,-0.61814,0.03088,0.97635,0.97988,0.63919,0.00000,-0.01286,0.38575
660,74,0,-0.88214,0.00250,0.0000,0.0000,0,0,3,0.8880,0.1250,0.0000,0.0000,0.0002,-0.98050,-0.97543,-0.67984,0.03111,0.97615,0.98003,0.63936,0.00000,-0.01267,0.38642
661,74,0,-0.88214,0.00250,0.0000,0.0000,0,0,3,0.8880,0.1250,0.0000,0.0000,0.0002,-0.98050,-0.97543,-0.67984,0.03111,0.97615,0.98003,0.63936,0.00000,-0.01267,0.38642
662,74,0,-0.88214,0.00250,0.0000,0.0000,0,0,3,0.8880,0.1250,0.0000,0.0000,0.0002,-0.98050,-0.97543,-0.67984,0.03111,0.97615,0.98003,0.63936,0.00000,-0.01267,0.38642
663,74,0,-0.88214,0.00250,0.0000,0.0000,0,0,3,0.8880,0.1250,0.0000,0.0000,0.0002,-0.98050,-0.97543,-0.67984,0.03111,0.97615,0.98003,0.63936,0.00000,-0.01267,0.38642
664,74,0,-0.88214,0.00250,0.0000,0.0000,0,0,3,0.8880,0.1250,0.0000,0.0000,0.0002,-0.98050,-0.97543,-0.67984,0.03111,0.97615,0.98003,0.63936,0.00000,-0.01267,0.38642
665,74,0,-0.88214,0.00250,0.0000,0.0000,0,0,3,0.8880,0.1250,0.0000,0.0000,0.0002,-0.98050,-0.97543,-0.67984,0.03111,0.97615,0.98003,0.63936,0.00000,-0.01267,0.38642
666,74,0,-0.88214,0.00250,0.0000,0.0000,0,0,3,0.8874,0.1250,0.0000,0.0000,0.0004,-0.98050,-0.97543,-0.67984,0.03111,0.97615,0.98003,0.63974,0.00000,-0.01267,0.38788
667,74,0,-0.88214,0.00250,0.0000,0.0000,0,0,3,0.8874,0.1250,0.0000,0.0000,0.0004,-0.98050,-0.97543,-0.67984,0.03111,0.97615,0.98003,0.63974,0.00000,-0.01267,0.38788
668,74,0,-0.88214,0.00250,0.0000,0.0000,0,0,3,0.8874,0.1250,0.0000,0.0000,0.0004,-0.98050,-0.97543,-0.67984,0.03111,0.97615,0.98003,0.63974,0.00000,-0.01267,0.38788
669,74,0,-0.88214,0.00250,0.0000,0.0000,0,0,3,0.8874,0.1250,0.0000,0.0000,0.0004,-0.98050,-0.97543,-0.67984,0.03111,0.97615,0.98003,0.63974,0.00000,-0.01267,0.38788
670,74,0,-0.88214,0.00250,0.0000,0.0000,0,0,3,0.8874,0.1250,0.0000,0.0000,0.0004,-0.98050,-0.97543,-0.67984,0.03111,0.97615,0.98003,0.63974,0.00000,-0.01267,0.38788
671,74,0,-0.88214,0.00250,0.0000,0.0000,0,0,3,0.8874,0.1250,0.0000,0.0000,0.0004,-0.98050,-0.97543,-0.67984,0.03111,0.97615,0.98003,0.63974,0.00000,-0.01267,0.38788
672,74,0,0.29952,0.12062,0.0000,0.0000,0,0,4,0.8867,0.1250,0.0000,0.0000,0.0007,-0.97738,-0.97908,-0.12893,0.12480,0.97789,0.97862,0.64645,0.00000,0.00425,0.41423
673,74,0,0.29952,0.12062,0.0000,0.0000,0,0,4,0.8867,0.1250,0.0000,0.0000,0.0007,-0.97738,-0.97908,-0.12893,0.12480,0.97789,0.97862,0.64645,0.00000,0.00425,0.41423
674,74,0,0.29952,0.12062,0.0000,0.0000,0,0,4,0.8867,0.1250,0.0000,0.0000,0.0007,-0.97738,-0.97908,-0.12893,0.12480,0.97789,0.97862,0.64645,0.00000,0.00425,0.41423
675,74,0,0.29952,0.12062,0.0000,0.0000,0,0,4,0.8867,0.1250,0.0000,0.0000,0.0007,-0.97738,-0.97908,-0.12893,0.12480,0.97789,0.97862,0.64645,0.00000,0.00425,0.41423
676,74,0,0.29952,0.12062,0.0000,0.0000,0,0,4,0.8867,0.1250,0.0000,0.0000,0.0007,-0.97738,-0.97908,-0.12893,0.12480,0.97789,0.97862,0.64645,0.00000,0.00425,0.41423
677,74,0,0.29952,0.12062,0.0000,0.0000,0,0,4,0.8867,0.1250,0.0000,0.0000,0.0007,-0.97738,-0.97908,-0.12893,0.12480,0.97789,0.97862,0.64645,0.00000,0.00425,0.41423
678,74,0,0.29952,0.12062,0.0000,0.0000,0,0,4,0.8860,0.1250,0.0000,0.0000,0.0010,-0.97738,-0.97908,-0.12893,0.12480,0.97789,0.97862,0.64686,0.00000,0.00425,0.41585
679,74,0,0.29952,0.12062,0.0000,0.0000,0,0,4,0.8860,0.1250,0.0000,0.0000,0.0010,-0.97738,-0.97908,-0.12893,0.12480,0.97789,0.97862,0.64686,0.00000,0.00425,0.41585
680,74,0,0.29952,0.12062,0.0000,0.0000,0,0,4,0.8860,0.1250,0.0000,0.0000,0.0010,-0.97738,-0.97908,-0.12893,0.12480,0.97789,0.97862,0.64686,0.00000,0.00425,0.41585
681,74,0,0.29952,0.12062,0.0000,0.0000,0,0,4,0.8860,0.1250,0.0000,0.0000,0.0010,-0.97738,-0.97908,-0.12893,0.12480,0.97789,0.97862,0.64686,0.00000,0.00425,0.41585
682,74,0,0.29952,0.12062,0.0000,0.0000,0,0,4,0.8860,0.1250,0.0000,0.0000,0.0010,-0.97738,-0.97908,-0.12893,0.12480,0.97789,0.97862,0.64686,0.00000,0.00425,0.41585
683,74,0,0.29952,0.12062,0.0000,0.0000,0,0,4,0.8860,0.1250,0.0000,0.0000,0.0010,-0.97738,-0.97908,-0.12893,0.12480,0.97789,0.97862,0.64686,0.00000,0.00425,0.41585
684,73,1,0.01380,0.10005,0.0000,0.0000,0,0,4,0.8841,0.3750,0.0000,0.0000,0.0000,-0.97822,-0.97830,-0.13470,0.11269,0.97787,0.97864,0.62648,0.00000,0.00020,0.33860
685,73,0,0.01380,0.10005,0.0000,0.0000,0,0,4,0.8841,0.3750,0.0000,0.0000,0.0000,-0.97822,-0.97830,-0.13470,0.11269,0.97787,0.97864,0.62648,0.00000,0.00020,0.33860
686,73,0,0.01380,0.10005,0.0000,0.0000,0,0,4,0.8841,0.3750,0.0000,0.0000,0.0000,-0.97822,-0.97830,-0.13470,0.11269,0.97787,0.97864,0.62648,0.00000,0.00020,0.33860
687,73,0,0.01380,0.10005,0.0000,0.0000,0,0,4,0.8841,0.3750,0.0000,0.0000,0.0000,-0.97822,-0.97830,-0.13470,0.11269,0.97787,0.97864,0.62648,0.00000,0.00020,0.33860
688,73,0,0.01380,0.10005,0.0000,0.0000,0,0,4,0.8841,0.3750,0.0000,0.0000,0.0000,-0.97822,-0.97830,-0.13470,0.11269,0.97787,0.97864,0.62648,0.00000,0.00020,0.33860
689,73,0,0.01380,0.10005,0.0000,0.0000,0,0,4,0.8841,0.3750,0.0000,0.0000,0.0000,-0.97822,-0.97830,-0.13470,0.11269,0.97787,0.97864,0.62648,0.00000,0.00020,0.33860
690,73,0,0.01380,0.10005,0.0000,0.0000,0,0,4,0.8834,0.2500,0.0000,0.0000,0.0000,-0.97822,-0.97830,-0.13470,0.11269,0.97787,0.97864,0.63698,0.00000,0.00020,0.37732
691,73,0,0.01380,0.10005,0.0000,0.0000,0,0,4,0.8834,0.2500,0.0000,0.0000,0.0000,-0.97822,-0.97830,-0.13470,0.11269,0.97787,0.97864,0.63698,0.00000,0.00020,0.37732
692,73,0,0.01380,0.10005,0.0000,0.0000,0,0,4,0.8834,0.2500,0.0000,0.0000,0.0000,-0.97822,-0.97830,-0.13470,0.11269,0.97787,0.97864,0.63698,0.00000,0.00020,0.37732
693,73,0,0.01380,0.10005,0.0000,0.0000,0,0,4,0.8834,0.2500,0.0000,0.0000,0.0000,-0.97822,-0.97830,-0.13470,0.11269,0.97787,0.97864,0.63698,0.00000,0.00020,0.37732
694,73,0,0.01380,0.10005,0.0000,0.0000,0,0,4,0.8834,0.2500,0.0000,0.0000,0.0000,-0.97822,-0.97830,-0.13470,0.11269,0.97787,0.97864,0.63698,0.00000,0.00020,0.37732
695,73,0,0.01380,0.10005,0.0000,0.0000,0,0,4,0.8834,0.2500,0.0000,0.0000,0.0000,-0.97822,-0.97830,-0.13470,0.11269,0.97787,0.97864,0.63698,0.00000,0.00020,0.37732
696,72,1,-0.11873,0.08508,0.0000,0.0000,0,0,4,0.8815,0.3750,0.0000,0.0000,0.0000,-0.97859,-0.97792,-0.14082,0.10181,0.97785,0.97865,0.67568,0.00000,-0.00168,0.54167
697,72,0,-0.11873,0.08508,0.0000,0.0000,0,0,4,0.8815,0.3750,0.0000,0.0000,0.0000,-0.97859,-0.97792,-0.14082,0.10181,0.97785,0.97865,0.67568,0.00000,-0.00168,0.54167
698,72,0,-0.11873,0.08508,0.0000,0.0000,0,0,4,0.8815,0.3750,0.0000,0.0000,0.0000,-0.97859,-0.97792,-0.14082,0.10181,0.97785,0.97865,0.67568,0.00000,-0.00168,0.54167
699,72,0,-0.11873,0.08508,0.0000,0.0000,0,0,4,0.8815,0.3750,0.0000,0.0000,0.0000,-0.97859,-0.97792,-0.14082,0.10181,0.97785,0.97865,0.67568,0.00000,-0.00168,0.54167
700,72,0,-0.11873,0.08508,0.0000,0.0000,0,0,4,0.8815,0.3750,0.0000,0.0000,0.0000,-0.97859,-0.97792,-0.14082,0.10181,0.97785,0.97865,0.67568,0.00000,-0.00168,0.54167
701,72,0,-0.11873,0.08508,0.0000,0.0000,0,0,4,0.8815,0.3750,0.0000,0.0000,0.0000,-0.97859,-0.97792,-0.14082,0.10181,0.97785,0.97865,0.67568,0.00000,-0.00168,0.54167
702,72,0,-0.93843,0.00156,0.0000,0.0000,0,0,2,0.8808,0.3750,0.0000,0.0000,0.0000,-0.98063,-0.97523,-0.54408,0.03873,0.97660,0.97970,0.67272,0.00000,-0.01351,0.52776
703,72,0,-0.93843,0.00156,0.0000,0.0000,0,0,2,0.8808,0.3750,0.0000,0.0000,0.0000,-0.98063,-0.97523,-0.54408,0.03873,0.97660,0.97970,0.67272,0.00000,-0.01351,0.52776
704,72,0,-0.93843,0.00156,0.0000,0.0000,0,0,2,0.8808,0.3750,0.0000,0.0000,0.0000,-0.98063,-0.97523,-0.54408,0.03873,0.97660,0.97970,0.67272,0.00000,-0.01351,0.52776
705,72,0,-0.93843,0.00156,0.0000,0.0000,0,0,2,0.8808,0.3750,0.0000,0.0000,0.0000,-0.98063,-0.97523,-0.54408,0.03873,0.97660,0.97970,0.67272,0.00000,-0.01351,0.52776
706,72,0,-0.93843,0.00156,0.0000,0.0000,0,0,2,0.8808,0.3750,0.0000,0.0000,0.0000,-0.98063,-0.97523,-0.54408,0.03873,0.97660,0.97970,0.67272,0.00000,-0.01351,0.52776
707,72,0,-0.93843,0.00156,0.0000,0.0000,0,0,2,0.8808,0.3750,0.0000,0.0000,0.0000,-0.98063,-0.97523,-0.54408,0.03873,0.97660,0.97970,0.67272,0.00000,-0.01351,0.52776
708,71,1,-0.95930,0.00217,0.0000,0.0000,0,0,3,0.8789,0.6250,0.0000,0.0000,0.0000,-0.98068,-0.97515,-0.82566,0.01321,0.97564,0.98037,0.66153,0.00000,-0.01382,0.47722
709,71,0,-0.95930,0.00217,0.0000,0.0000,0,0,3,0.8789,0.6250,0.0000,0.0000,0.0000,-0.98068,-0.97515,-0.82566,0.01321,0.97564,0.98037,0.66153,0.00000,-0.01382,0.47722
710,71,0,-0.95930,0.00217,0.0000,0.0000,0,0,3,0.8789,0.6250,0.0000,0.0000,0.0000,-0.98068,-0.97515,-0.82566,0.01321,0.97564,0.98037,0.66153,0.00000,-0.01382,0.47722
711,71,0,-0.95930,0.00217,0.0000,0.0000,0,0,3,0.8789,0.6250,0.0000,0.0000,0.0000,-0.98068,-0.97515,-0.82566,0.01321,0.97564,0.98037,0.66153,0.00000,-0.01382,0.47722
712,71,0,-0.95930,0.00217,0.0000,0.0000,0,0,3,0.8789,0.6250,0.0000,0.0000,0.0000,-0.98068,-0.97515,-0.82566,0.01321,0.97564,0.98037,0.66153,0.00000,-0.01382,0.47722
713,71,0,-0.95930,0.00217,0.0000,0.0000,0,0,3,0.8789,0.6250,0.0000,0.0000,0.0000,-0.98068,-0.97515,-0.82566,0.01321,0.97564,0.98037,0.66153,0.00000,-0.01382,0.47722
714,71,0,-0.95930,0.00217,0.0000,0.0000,0,0,3,0.8783,0.7500,0.0000,0.0000,0.0000,-0.98068,-0.97515,-0.82566,0.01321,0.97564,0.98037,0.65007,0.00000,-0.01382,0.42886
715,71,0,-0.95930,0.00217,0.0000,0.0000,0,0,3,0.8783,0.7500,0.0000,0.0000,0.0000,-0.98068,-0.97515,-0.82566,0.01321,0.97564,0.98037,0.65007,0.00000,-0.01382,0.42886
716,71,0,-0.95930,0.00217,0.0000,0.0000,0,0,3,0.8783,0.7500,0.0000,0.0000,0.0000,-0.98068,-0.97515,-0.82566,0.01321,0.97564,0.98037,0.65007,0.00000,-0.01382,0.42886
717,71,0,-0.95930,0.00217,0.0000,0.0000,0,0,3,0.8783,0.7500,0.0000,0.0000,0.0000,-0.98068,-0.97515,-0.82566,0.01321,0.97564,0.98037,0.65007,0.00000,-0.01382,0.42886
718,71,0,-0.95930,0.00217,0.0000,0.0000,0,0,3,0.8783,0.7500,0.0000,0.0000,0.0000,-0.98068,-0.97515,-0.82566,0.01321,0.97564,0.98037,0.65007,0.00000,-0.01382,0.42886
719,71,0,-0.95930,0.00217,0.0000,0.0000,0,0,3,0.8783,0.7500,0.0000,0.0000,0.0000,-0.98068,-0.97515,-0.82566,0.01321,0.97564,0.98037,0.65007,0.00000,-0.01382,0.42886
720,71,0,-0.90837,0.00694,0.0000,0.0000,0,0,0,0.8776,0.8750,0.0000,0.0000,0.0001,-0.98056,-0.97534,0.11445,0.23845,0.97858,0.97793,0.66382,0.00000,-0.01306,0.48728
721,71,0,-0.90837,0.00694,0.0000,0.0000,0,0,0,0.8776,0.8750,0.0000,0.0000,0.0001,-0.98056,-0.97534,0.11445,0.23845,0.97858,0.97793,0.66382,0.00000,-0.01306,0.48728
722,71,0,-0.90837,0.00694,0.0000,0.0000,0,0,0,0.8776,0.8750,0.0000,0.0000,0.0001,-0.98056,-0.97534,0.11445,0.23845,0.97858,0.97793,0.66382,0.00000,-0.01306,0.48728
723,71,0,-0.90837,0.00694,0.0000,0.0000,0,0,0,0.8776,0.8750,0.0000,0.0000,0.0001,-0.98056,-0.97534,0.11445,0.23845,0.97858,0.97793,0.66382,0.00000,-0.01306,0.48728
724,71,0,-0.90837,0.00694,0.0000,0.0000,0,0,0,0.8776,0.8750,0.0000,0.0000,0.0001,-0.98056,-0.97534,0.11445,0.23845,0.97858,0.97793,0.66382,0.00000,-0.01306,0.48728
725,71,0,-0.90837,0.00694,0.0000,0.0000,0,0,0,0.8776,0.8750,0.0000,0.0000,0.0001,-0.98056,-0.97534,0.11445,0.23845,0.97858,0.97793,0.66382,0.00000,-0.01306,0.48728
726,71,0,-0.90837,0.00694,0.0000,0.0000,0,0,0,0.8769,0.8750,0.0000,0.0000,0.0002,-0.98056,-0.97534,0.11445,0.23845,0.97858,0.97793,0.66469,0.00000,-0.01306,0.49114
727,71,0,-0.90837,0.00694,0.0000,0.0000,0,0,0,0.8769,0.8750,0.0000,0.0000,0.0002,-0.98056,-0.97534,0.11445,0.23845,0.97858,0.97793,0.66469,0.00000,-0.01306,0.49114
728,71,0,-0.90837,0.00694,0.0000,0.0000,0,0,0,0.8769,0.8750,0.0000,0.0000,0.0002,-0.98056,-0.97534,0.11445,0.23845,0.97858,0.97793,0.66469,0.00000,-0.01306,0.49114
729,71,0,-0.90837,0.00694,0.0000,0.0000,0,0,0,0.8769,0.8750,0.0000,0.0000,0.0002,-0.98056,-0.97534,0.11445,0.23845,0.97858,0.97793,0.66469,0.00000,-0.01306,0.49114
730,71,0,-0.90837,0.00694,0.0000,0.0000,0,0,0,0.8769,0.8750,0.0000,0.0000,0.0002,-0.98056,-0.97534,0.11445,0.23845,0.97858,0.97793,0.66469,0.00000,-0.01306,0.49114
731,71,0,-0.90837,0.00694,0.0000,0.0000,0,0,0,0.8769,0.8750,0.0000,0.0000,0.0002,-0.98056,-0.97534,0.11445,0.23845,0.97858,0.97793,0.66469,0.00000,-0.01306,0.49114
732,71,0,-0.90864,0.00687,0.0000,0.0000,0,0,0,0.8762,0.8750,0.0000,0.0000,0.0004,-0.98056,-0.97534,0.11441,0.22879,0.97858,0.97793,0.66520,0.00000,-0.01307,0.49343
733,71,0,-0.90864,0.00687,0.0000,0.0000,0,0,0,0.8762,0.8750,0.0000,0.0000,0.0004,-0.98056,-0.97534,0.11441,0.22879,0.97858,0.97793,0.66520,0.00000,-0.01307,0.49343
734,71,0,-0.90864,0.00687,0.0000,0.0000,0,0,0,0.8762,0.8750,0.0000,0.0000,0.0004,-0.98056,-0.97534,0.11441,0.22879,0.97858,0.97793,0.66520,0.00000,-0.01307,0.49343
735,71,0,-0.90864,0.00687,0.0000,0.0000,0,0,0,0.8762,0.8750,0.0000,0.0000,0.0004,-0.98056,-0.97534,0.11441,0.22879,0.97858,0.97793,0.66520,0.00000,-0.01307,0.49343
736,71,0,-0.90864,0.00687,0.0000,0.0000,0,0,0,0.8762,0.8750,0.0000,0.0000,0.0004,-0.98056,-0.97534,0.11441,0.22879,0.97858,0.97793,0.66520,0.00000,-0.01307,0.49343
737,71,0,-0.90864,0.00687,0.0000,0.0000,0,0,0,0.8762,0.8750,0.0000,0.0000,0.0004,-0.98056,-0.97534,0.11441,0.22879,0.97858,0.97793,0.66520,0.00000,-0.01307,0.49343
738,72,-1,-0.90628,0.00409,0.0000,0.0000,0,0,0,0.8743,0.7500,0.0000,0.0000,0.0000,-0.98056,-0.97535,0.11017,0.23668,0.97857,0.97794,0.67415,0.00000,-0.01303,0.53445
739,72,0,-0.90628,0.00409,0.0000,0.0000,0,0,0,0.8743,0.7500,0.0000,0.0000,0.0000,-0.98056,-0.97535,0.11017,0.23668,0.97857,0.97794,0.67415,0.00000,-0.01303,0.53445
740,72,0,-0.90628,0.00409,0.0000,0.0000,0,0,0,0.8743,0.7500,0.0000,0.0000,0.0000,-0.98056,-0.97535,0.11017,0.23668,0.97857,0.97794,0.67415,0.00000,-0.01303,0.53445
741,72,0,-0.90628,0.00409,0.0000,0.0000,0,0,0,0.8743,0.7500,0.0000,0.0000,0.0000,-0.98056,-0.97535,0.11017,0.23668,0.97857,0.97794,0.67415,0.00000,-0.01303,0.53445
742,72,0,-0.90628,0.00409,0.0000,0.0000,0,0,0,0.8743,0.7500,0.0000,0.0000,0.0000,-0.98056,-0.97535,0.11017,0.23668,0.97857,0.97794,0.67415,0.00000,-0.01303,0.53445
743,72,0,-0.90628,0.00409,0.0000,0.0000,0,0,0,0.8743,0.7500,0.0000,0.0000,0.0000,-0.98056,-0.97535,0.11017,0.23668,0.97857,0.97794,0.67415,0.00000,-0.01303,0.53445
744,72,0,-0.90726,0.00400,0.0000,0.0000,0,0,0,0.8737,0.7500,0.0000,0.0000,0.0000,-0.98056,-0.97534,0.11012,0.22693,0.97857,0.97794,0.67027,0.00000,-0.01305,0.51638
745,72,0,-0.90726,0.00400,0.0000,0.0000,0,0,0,0.8737,0.7500,0.0000,0.0000,0.0000,-0.98056,-0.97534,0.11012,0.22693,0.97857,0.97794,0.67027,0.00000,-0.01305,0.51638
746,72,0,-0.90726,0.00400,0.0000,0.0000,0,0,0,0.8737,0.7500,0.0000,0.0000,0.0000,-0.98056,-0.97534,0.11012,0.22693,0.97857,0.97794,0.67027,0.00000,-0.01305,0.51638
747,72,0,-0.90726,0.00400,0.0000,0.0000,0,0,0,0.8737,0.7500,0.0000,0.0000,0.0000,-0.98056,-0.97534,0.11012,0.22693,0.97857,0.97794,0.67027,0.00000,-0.01305,0.51638
748,72,0,-0.90726,0.00400,0.0000,0.0000,0,0,0,0.8737,0.7500,0.0000,0.0000,0.0000,-0.98056,-0.97534,0.11012,0.22693,0.97857,0.97794,0.67027,0.00000,-0.01305,0.51638
749,72,0,-0.90726,0.00400,0.0000,0.0000,0,0,0,0.8737,0.7500,0.0000,0.0000,0.0000,-0.98056,-0.97534,0.11012,0.22693,0.97857,0.97794,0.67027,0.00000,-0.01305,0.51638
750,72,0,-0.94237,0.00168,0.0000,0.0000,0,0,6,0.8730,0.7500,0.0000,0.0000,0.0001,-0.98064,-0.97521,-0.93748,0.00397,0.97523,0.98063,0.66732,0.00000,-0.01357,0.50294
751,72,0,-0.94237,0.00168,0.0000,0.0000,0,0,6,0.8730,0.7500,0.0000,0.0000,0.0001,-0.98064,-0.97521,-0.93748,0.00397,0.97523,0.98063,0.66732,0.00000,-0.01357,0.50294
752,72,0,-0.94237,0.00168,0.0000,0.0000,0,0,6,0.8730,0.7500,0.0000,0.0000,0.0001,-0.98064,-0.97521,-0.93748,0.00397,0.97523,0.98063,0.66732,0.00000,-0.01357,0.50294
753,72,0,-0.94237,0.00168,0.0000,0.0000,0,0,6,0.8730,0.7500,0.0000,0.0000,0.0001,-0.98064,-0.97521,-0.93748,0.00397,0.97523,0.98063,0.66732,0.00000,-0.01357,0.50294
754,72,0,-0.94237,0.00168,0.0000,0.0000,0,0,6,0.8730,0.7500,0.0000,0.0000,0.0001,-0.98064,-0.97521,-0.93748,0.00397,0.97523,0.98063,0.66732,0.00000,-0.01357,0.50294
755,72,0,-0.94237,0.00168,0.0000,0.0000,0,0,6,0.8730,0.7500,0.0000,0.0000,0.0001,-0.98064,-0.97521,-0.93748,0.00397,0.97523,0.98063,0.66732,0.00000,-0.01357,0.50294
756,72,0,-0.95756,0.00066,0.0000,0.0000,0,0,2,0.8723,0.6250,0.0000,0.0000,0.0002,-0.98067,-0.97516,-0.78085,0.01970,0.97580,0.98027,0.67666,0.00000,-0.01379,0.54637
757,72,0,-0.95756,0.00066,0.0000,0.0000,0,0,2,0.8723,0.6250,0.0000,0.0000,0.0002,-0.98067,-0.97516,-0.78085,0.01970,0.97580,0.98027,0.67666,0.00000,-0.01379,0.54637
758,72,0,-0.95756,0.00066,0.0000,0.0000,0,0,2,0.8723,0.6250,0.0000,0.0000,0.0002,-0.98067,-0.97516,-0.78085,0.01970,0.97580,0.98027,0.67666,0.00000,-0.01379,0.54637
759,72,0,-0.95756,0.00066,0.0000,0.0000,0,0,2,0.8723,0.6250,0.0000,0.0000,0.0002,-0.98067,-0.97516,-0.78085,0.01970,0.97580,0.98027,0.67666,0.00000,-0.01379,0.54637
760,72,0,-0.95756,0.00066,0.0000,0.0000,0,0,2,0.8723,0.6250,0.0000,0.0000,0.0002,-0.98067,-0.97516,-0.78085,0.01970,0.97580,0.98027,0.67666,0.00000,-0.01379,0.54637
761,72,0,-0.95756,0.00066,0.0000,0.0000,0,0,2,0.8723,0.6250,0.0000,0.0000,0.0002,-0.98067,-0.97516,-0.78085,0.01970,0.97580,0.98027,0.67666,0.00000,-0.01379,0.54637
762,72,0,-0.95403,0.00011,0.0000,0.0000,0,0,2,0.8704,0.3750,0.0000,0.0000,0.0000,-0.98067,-0.97517,-0.88728,0.00919,0.97542,0.98052,0.62626,0.00000,-0.01374,0.33782
763,72,0,-0.95403,0.00011,0.0000,0.0000,0,0,2,0.8704,0.3750,0.0000,0.0000,0.0000,-0.98067,-0.97517,-0.88728,0.00919,0.97542,0.98052,0.62626,0.00000,-0.01374,0.33782
764,72,0,-0.95403,0.00011,0.0000,0.0000,0,0,2,0.8704,0.3750,0.0000,0.0000,0.0000,-0.98067,-0.97517,-0.88728,0.00919,0.97542,0.98052,0.62626,0.00000,-0.01374,0.33782
765,72,0,-0.95403,0.00011,0.0000,0.0000,0,0,2,0.8704,0.3750,0.0000,0.0000,0.0000,-0.98067,-0.97517,-0.88728,0.00919,0.97542,0.98052,0.62626,0.00000,-0.01374,0.33782
766,72,0,-0.95403,0.00011,0.0000,0.0000,0,0,2,0.8704,0.3750,0.0000,0.0000,0.0000,-0.98067,-0.97517,-0.88728,0.00919,0.97542,0.98052,0.62626,0.00000,-0.01374,0.33782
767,72,0,-0.95403,0.00011,0.0000,0.0000,0,0,2,0.8704,0.3750,0.0000,0.0000,0.0000,-0.98067,-0.97517,-0.88728,0.00919,0.97542,0.98052,0.62626,0.00000,-0.01374,0.33782
768,72,0,-0.95318,0.00014,0.0000,0.0000,0,0,2,0.8697,0.2500,0.0000,0.0000,0.0000,-0.98066,-0.97517,-0.88149,0.00934,0.97544,0.98050,0.63679,0.00000,-0.01373,0.37663
769,72,0,-0.95318,0.00014,0.0000,0.0000,0,0,2,0.8697,0.2500,0.0000,0.0000,0.0000,-0.98066,-0.97517,-0.88149,0.00934,0.97544,0.98050,0.63679,0.00000,-0.01373,0.37663
770,72,0,-0.95318,0.00014,0.0000,0.0000,0,0,2,0.8697,0.2500,0.0000,0.0000,0.0000,-0.98066,-0.97517,-0.88149,0.00934,0.97544,0.98050,0.63679,0.00000,-0.01373,0.37663
771,72,0,-0.95318,0.00014,0.0000,0.0000,0,0,2,0.8697,0.2500,0.0000,0.0000,0.0000,-0.98066,-0.97517,-0.88149,0.00934,0.97544,0.98050,0.63679,0.00000,-0.01373,0.37663
772,72,0,-0.95318,0.00014,0.0000,0.0000,0,0,2,0.8697,0.2500,0.0000,0.0000,0.0000,-0.98066,-0.97517,-0.88149,0.00934,0.97544,0.98050,0.63679,0.00000,-0.01373,0.37663
773,72,0,-0.95318,0.00014,0.0000,0.0000,0,0,2,0.8697,0.2500,0.0000,0.0000,0.0000,-0.98066,-0.97517,-0.88149,0.00934,0.97544,0.98050,0.63679,0.00000,-0.01373,0.37663
774,72,0,-0.95318,0.00014,0.0000,0.0000,0,0,2,0.8691,0.2500,0.0000,0.0000,0.0001,-0.98066,-0.97517,-0.88149,0.00934,0.97544,0.98050,0.69893,0.00000,-0.01373,0.66073
775,72,0,-0.95318,0.00014,0.0000,0.0000,0,0,2,0.8691,0.2500,0.0000,0.0000,0.0001,-0.98066,-0.97517,-0.88149,0.00934,0.97544,0.98050,0.69893,0.00000,-0.01373,0.66073
776,72,0,-0.95318,0.00014,0.0000,0.0000,0,0,2,0.8691,0.2500,0.0000,0.0000,0.0001,-0.98066,-0.97517,-0.88149,0.00934,0.97544,0.98050,0.69893,0.00000,-0.01373,0.66073
777,72,0,-0.95318,0.00014,0.0000,0.0000,0,0,2,0.8691,0.2500,0.0000,0.0000,0.0001,-0.98066,-0.97517,-0.88149,0.00934,0.97544,0.98050,0.69893,0.00000,-0.01373,0.66073
778,72,0,-0.95318,0.00014,0.0000,0.0000,0,0,2,0.8691,0.2500,0.0000,0.0000,0.0001,-0.98066,-0.97517,-0.88149,0.00934,0.97544,0.98050,0.69893,0.00000,-0.01373,0.66073
779,72,0,-0.95318,0.00014,0.0000,0.0000,0,0,2,0.8691,0.2500,0.0000,0.0000,0.0001,-0.98066,-0.97517,-0.88149,0.00934,0.97544,0.98050,0.69893,0.00000,-0.01373,0.66073
780,72,0,-0.65517,0.01605,0.0000,0.0000,0,0,5,0.8684,0.2500,0.0000,0.0000,0.0002,-0.97997,-0.97623,-0.91850,0.00708,0.97530,0.98059,0.70002,0.00000,-0.00936,0.66677
781,72,0,-0.65517,0.01605,0.0000,0.0000,0,0,5,0.8684,0.2500,0.0000,0.0000,0.0002,-0.97997,-0.97623,-0.91850,0.00708,0.97530,0.98059,0.70002,0.00000,-0.00936,0.66677
782,72,0,-0.65517,0.01605,0.0000,0.0000,0,0,5,0.8684,0.2500,0.0000,0.0000,0.0002,-0.97997,-0.97623,-0.91850,0.00708,0.97530,0.98059,0.70002,0.00000,-0.00936,0.66677
783,72,0,-0.65517,0.01605,0.0000,0.0000,0,0,5,0.8684,0.2500,0.0000,0.0000,0.0002,-0.97997,-0.97623,-0.91850,0.00708,0.97530,0.98059,0.70002,0.00000,-0.00936,0.66677
784,72,0,-0.65517,0.01605,0.0000,0.0000,0,0,5,0.8684,0.2500,0.0000,0.0000,0.0002,-0.97997,-0.97623,-0.91850,0.00708,0.97530,0.98059,0.70002,0.00000,-0.00936,0.66677
785,72,0,-0.65517,0.01605,0.0000,0.0000,0,0,5,0.8684,0.2500,0.0000,0.0000,0.0002,-0.97997,-0.97623,-0.91850,0.00708,0.97530,0.98059,0.70002,0.00000,-0.00936,0.66677
786,72,0,-0.65517,0.01605,0.0000,0.0000,0,0,5,0.8677,0.3750,0.0000,0.0000,0.0004,-0.97997,-0.97623,-0.91850,0.00708,0.97530,0.98059,0.69400,0.00000,-0.00936,0.63399
787,72,0,-0.65517,0.01605,0.0000,0.0000,0,0,5,0.8677,0.3750,0.0000,0.0000,0.0004,-0.97997,-0.97623,-0.91850,0.00708,0.97530,0.98059,0.69400,0.00000,-0.00936,0.63399
788,72,0,-0.65517,0.01605,0.0000,0.0000,0,0,5,0.8677,0.3750,0.0000,0.0000,0.0004,-0.97997,-0.97623,-0.91850,0.00708,0.97530,0.98059,0.69400,0.00000,-0.00936,0.63399
789,72,0,-0.65517,0.01605,0.0000,0.0000,0,0,5,0.8677,0.3750,0.0000,0.0000,0.0004,-0.97997,-0.97623,-0.91850,0.00708,0.97530,0.98059,0.69400,0.00000,-0.00936,0.63399
790,72,0,-0.65517,0.01605,0.0000,0.0000,0,0,5,0.8677,0.3750,0.0000,0.0000,0.0004,-0.97997,-0.97623,-0.91850,0.00708,0.97530,0.98059,0.69400,0.00000,-0.00936,0.63399
791,72,0,-0.65517,0.01605,0.0000,0.0000,0,0,5,0.8677,0.3750,0.0000,0.0000,0.0004,-0.97997,-0.97623,-0.91850,0.00708,0.97530,0.98059,0.69400,0.00000,-0.00936,0.63399
792,72,0,-0.95464,0.00020,0.0000,0.0000,0,0,2,0.8670,0.2500,0.0000,0.0000,0.0007,-0.98067,-0.97517,-0.89273,0.00964,0.97540,0.98053,0.70101,0.00000,-0.01375,0.67228
793,72,0,-0.95464,0.00020,0.0000,0.0000,0,0,2,0.8670,0.2500,0.0000,0.0000,0.0007,-0.98067,-0.97517,-0.89273,0.00964,0.97540,0.98053,0.70101,0.00000,-0.01375,0.67228
794,72,0,-0.95464,0.00020,0.0000,0.0000,0,0,2,0.8670,0.2500,0.0000,0.0000,0.0007,-0.98067,-0.97517,-0.89273,0.00964,0.97540,0.98053,0.70101,0.00000,-0.01375,0.67228
795,72,0,-0.95464,0.00020,0.0000,0.0000,0,0,2,0.8670,0.2500,0.0000,0.0000,0.0007,-0.98067,-0.97517,-0.89273,0.00964,0.97540,0.98053,0.70101,0.00000,-0.01375,0.67228
796,72,0,-0.95464,0.00020,0.0000,0.0000,0,0,2,0.8670,0.2500,0.0000,0.0000,0.0007,-0.98067,-0.97517,-0.89273,0.00964,0.97540,0.98053,0.70101,0.00000,-0.01375,0.67228
797,72,0,-0.95464,0.00020,0.0000,0.0000,0,0,2,0.8670,0.2500,0.0000,0.0000,0.0007,-0.98067,-0.97517,-0.89273,0.00964,0.97540,0.98053,0.70101,0.00000,-0.01375,0.67228
798,72,0,-0.95512,0.00090,0.0000,0.0000,0,0,2,0.8651,0.2500,0.0000,0.0000,0.0000,-0.98067,-0.97517,-0.79382,0.02036,0.97575,0.98030,0.70226,0.00000,-0.01375,0.67933
799,72,0,-0.95512,0.00090,0.0000,0.0000,0,0,2,0.8651,0.2500,0.0000,0.0000,0.0000,-0.98067,-0.97517,-0.79382,0.02036,0.97575,0.98030,0.70226,0.00000,-0.01375,0.67933
800,72,0,-0.95512,0.00090,0.0000,0.0000,0,0,2,0.8651,0.2500,0.0000,0.0000,0.0000,-0.98067,-0.97517,-0.79382,0.02036,0.97575,0.98030,0.70226,0.00000,-0.01375,0.67933
801,72,0,-0.95512,0.00090,0.0000,0.0000,0,0,2,0.8651,0.2500,0.0000,0.0000,0.0000,-0.98067,-0.97517,-0.79382,0.02036,0.97575,0.98030,0.70226,0.00000,-0.01375,0.67933
802,72,0,-0.95512,0.00090,0.0000,0.0000,0,0,2,0.8651,0.2500,0.0000,0.0000,0.0000,-0.98067,-0.97517,-0.79382,0.02036,0.97575,0.98030,0.70226,0.00000,-0.01375,0.67933
803,72,0,-0.95512,0.00090,0.0000,0.0000,0,0,2,0.8651,0.2500,0.0000,0.0000,0.0000,-0.98067,-0.97517,-0.79382,0.02036,0.97575,0.98030,0.70226,0.00000,-0.01375,0.67933
804,72,0,-0.87387,0.00655,0.0000,0.0000,0,0,5,0.8645,0.1250,0.0000,0.0000,0.0000,-0.98049,-0.97546,-0.94532,0.00328,0.97520,0.98065,0.64877,0.00000,-0.01255,0.42358
805,72,0,-0.87387,0.00655,0.0000,0.0000,0,0,5,0.8645,0.1250,0.0000,0.0000,0.0000,-0.98049,-0.97546,-0.94532,0.00328,0.97520,0.98065,0.64877,0.00000,-0.01255,0.42358
806,72,0,-0.87387,0.00655,0.0000,0.0000,0,0,5,0.8645,0.1250,0.0000,0.0000,0.0000,-0.98049,-0.97546,-0.94532,0.00328,0.97520,0.98065,0.64877,0.00000,-0.01255,0.42358
807,72,0,-0.87387,0.00655,0.0000,0.0000,0,0,5,0.8645,0.1250,0.0000,0.0000,0.0000,-0.98049,-0.97546,-0.94532,0.00328,0.97520,0.98065,0.64877,0.00000,-0.01255,0.42358
808,72,0,-0.87387,0.00655,0.0000,0.0000,0,0,5,0.8645,0.1250,0.0000,0.0000,0.0000,-0.98049,-0.97546,-0.94532,0.00328,0.97520,0.98065,0.64877,0.00000,-0.01255,0.42358
809,72,0,-0.87387,0.00655,0.0000,0.0000,0,0,5,0.8645,0.1250,0.0000,0.0000,0.0000,-0.98049,-0.97546,-0.94532,0.00328,0.97520,0.98065,0.64877,0.00000,-0.01255,0.42358
810,72,0,-0.00012,0.12428,0.0000,0.0000,0,0,4,0.8638,0.2500,0.0000,0.0000,0.0001,-0.97826,-0.97826,-0.14137,0.13812,0.97785,0.97865,0.70759,0.00000,-0.00000,0.70992
811,72,0,-0.00012,0.12428,0.0000,0.0000,0,0,4,0.8638,0.2500,0.0000,0.0000,0.0001,-0.97826,-0.97826,-0.14137,0.13812,0.97785,0.97865,0.70759,0.00000,-0.00000,0.70992
812,72,0,-0.00012,0.12428,0.0000,0.0000,0,0,4,0.8638,0.2500,0.0000,0.0000,0.0001,-0.97826,-0.97826,-0.14137,0.13812,0.97785,0.97865,0.70759,0.00000,-0.00000,0.70992
813,72,0,-0.00012,0.12428,0.0000,0.0000,0,0,4,0.8638,0.2500,0.0000,0.0000,0.0001,-0.97826,-0.97826,-0.14137,0.13812,0.97785,0.97865,0.70759,0.00000,-0.00000,0.70992
814,72,0,-0.00012,0.12428,0.0000,0.0000,0,0,4,0.8638,0.2500,0.0000,0.0000,0.0001,-0.97826,-0.97826,-0.14137,0.13812,0.97785,0.97865,0.70759,0.00000,-0.00000,0.70992
815,72,0,-0.00012,0.12428,0.0000,0.0000,0,0,4,0.8638,0.2500,0.0000,0.0000,0.0001,-0.97826,-0.97826,-0.14137,0.13812,0.97785,0.97865,0.70759,0.00000,-0.00000,0.70992
816,72,0,-0.96192,0.00049,0.0000,0.0000,0,0,7,0.8631,0.2500,0.0000,0.0000,0.0002,-0.98068,-0.97514,-0.91790,0.00569,0.97530,0.98059,0.70363,0.00000,-0.01386,0.68708
817,72,0,-0.96192,0.00049,0.0000,0.0000,0,0,7,0.8631,0.2500,0.0000,0.0000,0.0002,-0.98068,-0.97514,-0.91790,0.00569,0.97530,0.98059,0.70363,0.00000,-0.01386,0.68708
818,72,0,-0.96192,0.00049,0.0000,0.0000,0,0,7,0.8631,0.2500,0.0000,0.0000,0.0002,-0.98068,-0.97514,-0.91790,0.00569,0.97530,0.98059,0.70363,0.00000,-0.01386,0.68708
819,72,0,-0.96192,0.00049,0.0000,0.0000,0,0,7,0.8631,0.2500,0.0000,0.0000,0.0002,-0.98068,-0.97514,-0.91790,0.00569,0.97530,0.98059,0.70363,0.00000,-0.01386,0.68708
820,72,0,-0.96192,0.00049,0.0000,0.0000,0,0,7,0.8631,0.2500,0.0000,0.0000,0.0002,-0.98068,-0.97514,-0.91790,0.00569,0.97530,0.98059,0.70363,0.00000,-0.01386,0.68708
821,72,0,-0.96192,0.00049,0.0000,0.0000,0,0,7,0.8631,0.2500,0.0000,0.0000,0.0002,-0.98068,-0.97514,-0.91790,0.00569,0.97530,0.98059,0.70363,0.00000,-0.01386,0.68708
822,72,0,-0.96192,0.00049,0.0000,0.0000,0,0,7,0.8624,0.2500,0.0000,0.0000,0.0004,-0.98068,-0.97514,-0.91790,0.00569,0.97530,0.98059,0.70403,0.00000,-0.01386,0.68937
823,72,0,-0.96192,0.00049,0.0000,0.0000,0,0,7,0.8624,0.2500,0.0000,0.0000,0.0004,-0.98068,-0.97514,-0.91790,0.00569,0.97530,0.98059,0.70403,0.00000,-0.01386,0.68937
824,72,0,-0.96192,0.00049,0.0000,0.0000,0,0,7,0.8624,0.2500,0.0000,0.0000,0.0004,-0.98068,-0.97514,-0.91790,0.00569,0.97530,0.98059,0.70403,0.00000,-0.01386,0.68937
825,72,0,-0.96192,0.00049,0.0000,0.0000,0,0,7,0.8624,0.2500,0.0000,0.0000,0.0004,-0.98068,-0.97514,-0.91790,0.00569,0.97530,0.98059,0.70403,0.00000,-0.01386,0.68937
826,72,0,-0.96192,0.00049,0.0000,0.0000,0,0,7,0.8624,0.2500,0.0000,0.0000,0.0004,-0.98068,-0.97514,-0.91790,0.00569,0.97530,0.98059,0.70403,0.00000,-0.01386,0.68937
827,72,0,-0.96192,0.00049,0.0000,0.0000,0,0,7,0.8624,0.2500,0.0000,0.0000,0.0004,-0.98068,-0.97514,-0.91790,0.00569,0.97530,0.98059,0.70403,0.00000,-0.01386,0.68937
828,73,-1,-0.94084,0.00003,0.0000,0.0000,0,0,7,0.8605,0.2500,0.0000,0.0000,0.0000,-0.98064,-0.97522,-0.93814,0.00259,0.97523,0.98063,0.70494,0.00000,-0.01354,0.69457
829,73,0,-0.94084,0.00003,0.0000,0.0000,0,0,7,0.8605,0.2500,0.0000,0.0000,0.0000,-0.98064,-0.97522,-0.93814,0.00259,0.97523,0.98063,0.70494,0.00000,-0.01354,0.69457
830,73,0,-0.94084,0.00003,0.0000,0.0000,0,0,7,0.8605,0.2500,0.0000,0.0000,0.0000,-0.98064,-0.97522,-0.93814,0.00259,0.97523,0.98063,0.70494,0.00000,-0.01354,0.69457
831,73,0,-0.94084,0.00003,0.0000,0.0000,0,0,7,0.8605,0.2500,0.0000,0.0000,0.0000,-0.98064,-0.97522,-0.93814,0.00259,0.97523,0.98063,0.70494,0.00000,-0.01354,0.69457
832,73,0,-0.94084,0.00003,0.0000,0.0000,0,0,7,0.8605,0.2500,0.0000,0.0000,0.0000,-0.98064,-0.97522,-0.93814,0.00259,0.97523,0.98063,0.70494,0.00000,-0.01354,0.69457
833,73,0,-0.94084,0.00003,0.0000,0.0000,0,0,7,0.8605,0.2500,0.0000,0.0000,0.0000,-0.98064,-0.97522,-0.93814,0.00259,0.97523,0.98063,0.70494,0.00000,-0.01354,0.69457
834,74,-1,-0.84102,0.00128,0.0000,0.0000,0,0,0,0.8586,0.0000,0.0000,0.0000,0.0000,-0.98041,-0.97558,0.10241,0.17989,0.97855,0.97797,0.66371,0.00000,-0.01207,0.48682
835,74,0,-0.84102,0.00128,0.0000,0.0000,0,0,0,0.8586,0.0000,0.0000,0.0000,0.0000,-0.98041,-0.97558,0.10241,0.17989,0.97855,0.97797,0.66371,0.00000,-0.01207,0.48682
836,74,0,-0.84102,0.00128,0.0000,0.0000,0,0,0,0.8586,0.0000,0.0000,0.0000,0.0000,-0.98041,-0.97558,0.10241,0.17989,0.97855,0.97797,0.66371,0.00000,-0.01207,0.48682
837,74,0,-0.84102,0.00128,0.0000,0.0000,0,0,0,0.8586,0.0000,0.0000,0.0000,0.0000,-0.98041,-0.97558,0.10241,0.17989,0.97855,0.97797,0.66371,0.00000,-0.01207,0.48682
838,74,0,-0.84102,0.00128,0.0000,0.0000,0,0,0,0.8586,0.0000,0.0000,0.0000,0.0000,-0.98041,-0.97558,0.10241,0.17989,0.97855,0.97797,0.66371,0.00000,-0.01207,0.48682
839,74,0,-0.84102,0.00128,0.0000,0.0000,0,0,0,0.8586,0.0000,0.0000,0.0000,0.0000,-0.98041,-0.97558,0.10241,0.17989,0.97855,0.97797,0.66371,0.00000,-0.01207,0.48682
840,74,0,-0.83963,0.00125,0.0000,0.0000,0,0,0,0.8579,0.0000,0.0000,0.0000,0.0000,-0.98041,-0.97559,0.10257,0.22177,0.97855,0.97797,0.66399,0.00000,-0.01205,0.48805
841,74,0,-0.83963,0.00125,0.0000,0.0000,0,0,0,0.8579,0.0000,0.0000,0.0000,0.0000,-0.98041,-0.97559,0.10257,0.22177,0.97855,0.97797,0.66399,0.00000,-0.01205,0.48805
842,74,0,-0.83963,0.00125,0.0000,0.0000,0,0,0,0.8579,0.0000,0.0000,0.0000,0.0000,-0.98041,-0.97559,0.10257,0.22177,0.97855,0.97797,0.66399,0.00000,-0.01205,0.48805
843,74,0,-0.83963,0.00125,0.0000,0.0000,0,0,0,0.8579,0.0000,0.0000,0.0000,0.0000,-0.98041,-0.97559,0.10257,0.22177,0.97855,0.97797,0.66399,0.00000,-0.01205,0.48805
844,74,0,-0.83963,0.00125,0.0000,0.0000,0,0,0,0.8579,0.0000,0.0000,0.0000,0.0000,-0.98041,-0.97559,0.10257,0.22177,0.97855,0.97797,0.66399,0.00000,-0.01205,0.48805
845,74,0,-0.83963,0.00125,0.0000,0.0000,0,0,0,0.8579,0.0000,0.0000,0.0000,0.0000,-0.98041,-0.97559,0.10257,0.22177,0.97855,0.97797,0.66399,0.00000,-0.01205,0.48805
846,74,0,0.59489,0.14276,0.0000,0.0000,0,0,4,0.8573,0.0000,0.0000,0.0000,0.0001,-0.97643,-0.97983,-0.12904,0.13852,0.97789,0.97862,0.66813,0.00000,0.00849,0.50659
847,74,0,0.59489,0.14276,0.0000,0.0000,0,0,4,0.8573,0.0000,0.0000,0.0000,0.0001,-0.97643,-0.97983,-0.12904,0.13852,0.97789,0.97862,0.66813,0.00000,0.00849,0.50659
848,74,0,0.59489,0.14276,0.0000,0.0000,0,0,4,0.8573,0.0000,0.0000,0.0000,0.0001,-0.97643,-0.97983,-0.12904,0.13852,0.97789,0.97862,0.66813,0.00000,0.00849,0.50659
849,74,0,0.59489,0.14276,0.0000,0.0000,0,0,4,0.8573,0.0000,0.0000,0.0000,0.0001,-0.97643,-0.97983,-0.12904,0.13852,0.97789,0.97862,0.66813,0.00000,0.00849,0.50659
850,74,0,0.59489,0.14276,0.0000,0.0000,0,0,4,0.8573,0.0000,0.0000,0.0000,0.0001,-0.97643,-0.97983,-0.12904,0.13852,0.97789,0.97862,0.66813,0.00000,0.00849,0.50659
851,74,0,0.59489,0.14276,0.0000,0.0000,0,0,4,0.8573,0.0000,0.0000,0.0000,0.0001,-0.97643,-0.97983,-0.12904,0.13852,0.97789,0.97862,0.66813,0.00000,0.00849,0.50659
852,74,0,0.60098,0.14308,0.0000,0.0000,0,0,4,0.8566,0.0000,0.0000,0.0000,0.0002,-0.97641,-0.97984,-0.12901,0.13120,0.97789,0.97862,0.66845,0.00000,0.00857,0.50806
853,74,0,0.60098,0.14308,0.0000,0.0000,0,0,4,0.8566,0.0000,0.0000,0.0000,0.0002,-0.97641,-0.97984,-0.12901,0.13120,0.97789,0.97862,0.66845,0.00000,0.00857,0.50806
854,74,0,0.60098,0.14308,0.0000,0.0000,0,0,4,0.8566,0.0000,0.0000,0.0000,0.0002,-0.97641,-0.97984,-0.12901,0.13120,0.97789,0.97862,0.66845,0.00000,0.00857,0.50806
855,74,0,0.60098,0.14308,0.0000,0.0000,0,0,4,0.8566,0.0000,0.0000,0.0000,0.0002,-0.97641,-0.97984,-0.12901,0.13120,0.97789,0.97862,0.66845,0.00000,0.00857,0.50806
856,74,0,0.60098,0.14308,0.0000,0.0000,0,0,4,0.8566,0.0000,0.0000,0.0000,0.0002,-0.97641,-0.97984,-0.12901,0.13120,0.97789,0.97862,0.66845,0.00000,0.00857,0.50806
857,74,0,0.60098,0.14308,0.0000,0.0000,0,0,4,0.8566,0.0000,0.0000,0.0000,0.0002,-0.97641,-0.97984,-0.12901,0.13120,0.97789,0.97862,0.66845,0.00000,0.00857,0.50806
858,73,1,0.29612,0.11586,0.0000,0.0000,0,0,4,0.8547,0.2500,0.0000,0.0000,0.0000,-0.97739,-0.97907,-0.13486,0.12462,0.97787,0.97864,0.65074,0.00000,0.00420,0.43160
859,73,0,0.29612,0.11586,0.0000,0.0000,0,0,4,0.8547,0.2500,0.0000,0.0000,0.0000,-0.97739,-0.97907,-0.13486,0.12462,0.97787,0.97864,0.65074,0.00000,0.00420,0.43160
860,73,0,0.29612,0.11586,0.0000,0.0000,0,0,4,0.8547,0.2500,0.0000,0.0000,0.0000,-0.97739,-0.97907,-0.13486,0.12462,0.97787,0.97864,0.65074,0.00000,0.00420,0.43160
861,73,0,0.29612,0.11586,0.0000,0.0000,0,0,4,0.8547,0.2500,0.0000,0.0000,0.0000,-0.97739,-0.97907,-0.13486,0.12462,0.97787,0.97864,0.65074,0.00000,0.00420,0.43160
862,73,0,0.29612,0.11586,0.0000,0.0000,0,0,4,0.8547,0.2500,0.0000,0.0000,0.0000,-0.97739,-0.97907,-0.13486,0.12462,0.97787,0.97864,0.65074,0.00000,0.00420,0.43160
863,73,0,0.29612,0.11586,0.0000,0.0000,0,0,4,0.8547,0.2500,0.0000,0.0000,0.0000,-0.97739,-0.97907,-0.13486,0.12462,0.97787,0.97864,0.65074,0.00000,0.00420,0.43160
864,72,1,-0.92550,0.00323,0.0000,0.0000,0,0,3,0.8528,0.2500,0.0000,0.0000,0.0000,-0.98060,-0.97528,-0.82506,0.01611,0.97564,0.98037,0.70930,0.00000,-0.01332,0.71998
865,72,0,-0.92550,0.00323,0.0000,0.0000,0,0,3,0.8528,0.2500,0.0000,0.0000,0.0000,-0.98060,-0.97528,-0.82506,0.01611,0.97564,0.98037,0.70930,0.00000,-0.01332,0.71998
866,72,0,-0.92550,0.00323,0.0000,0.0000,0,0,3,0.8528,0.2500,0.0000,0.0000,0.0000,-0.98060,-0.97528,-0.82506,0.01611,0.97564,0.98037,0.70930,0.00000,-0.01332,0.71998
867,72,0,-0.92550,0.00323,0.0000,0.0000,0,0,3,0.8528,0.2500,0.0000,0.0000,0.0000,-0.98060,-0.97528,-0.82506,0.01611,0.97564,0.98037,0.70930,0.00000,-0.01332,0.71998
868,72,0,-0.92550,0.00323,0.0000,0.0000,0,0,3,0.8528,0.2500,0.0000,0.0000,0.0000,-0.98060,-0.97528,-0.82506,0.01611,0.97564,0.98037,0.70930,0.00000,-0.01332,0.71998
869,72,0,-0.92550,0.00323,0.0000,0.0000,0,0,3,0.8528,0.2500,0.0000,0.0000,0.0000,-0.98060,-0.97528,-0.82506,0.01611,0.97564,0.98037,0.70930,0.00000,-0.01332,0.71998
870,72,0,0.09374,0.15988,0.0000,0.0000,0,0,4,0.8521,0.2500,0.0000,0.0000,0.0000,-0.97799,-0.97852,-0.14138,0.13983,0.97785,0.97865,0.71398,0.00000,0.00133,0.74815
871,72,0,0.09374,0.15988,0.0000,0.0000,0,0,4,0.8521,0.2500,0.0000,0.0000,0.0000,-0.97799,-0.97852,-0.14138,0.13983,0.97785,0.97865,0.71398,0.00000,0.00133,0.74815
872,72,0,0.09374,0.15988,0.0000,0.0000,0,0,4,0.8521,0.2500,0.0000,0.0000,0.0000,-0.97799,-0.97852,-0.14138,0.13983,0.97785,0.97865,0.71398,0.00000,0.00133,0.74815
873,72,0,0.09374,0.15988,0.0000,0.0000,0,0,4,0.8521,0.2500,0.0000,0.0000,0.0000,-0.97799,-0.97852,-0.14138,0.13983,0.97785,0.97865,0.71398,0.00000,0.00133,0.74815
874,72,0,0.09374,0.15988,0.0000,0.0000,0,0,4,0.8521,0.2500,0.0000,0.0000,0.0000,-0.97799,-0.97852,-0.14138,0.13983,0.97785,0.97865,0.71398,0.00000,0.00133,0.74815
875,72,0,0.09374,0.15988,0.0000,0.0000,0,0,4,0.8521,0.2500,0.0000,0.0000,0.0000,-0.97799,-0.97852,-0.14138,0.13983,0.97785,0.97865,0.71398,0.00000,0.00133,0.74815
876,72,0,0.06122,0.15319,0.0000,0.0000,0,0,4,0.8514,0.2500,0.0000,0.0000,0.0001,-0.97809,-0.97843,-0.14133,0.13405,0.97785,0.97865,0.71426,0.00000,0.00087,0.74982
877,72,0,0.06122,0.15319,0.0000,0.0000,0,0,4,0.8514,0.2500,0.0000,0.0000,0.0001,-0.97809,-0.97843,-0.14133,0.13405,0.97785,0.97865,0.71426,0.00000,0.00087,0.74982
878,72,0,0.06122,0.15319,0.0000,0.0000,0,0,4,0.8514,0.2500,0.0000,0.0000,0.0001,-0.97809,-0.97843,-0.14133,0.13405,0.97785,0.97865,0.71426,0.00000,0.00087,0.74982
879,72,0,0.06122,0.15319,0.0000,0.0000,0,0,4,0.8514,0.2500,0.0000,0.0000,0.0001,-0.97809,-0.97843,-0.14133,0.13405,0.97785,0.97865,0.71426,0.00000,0.00087,0.74982
880,72,0,0.06122,0.15319,0.0000,0.0000,0,0,4,0.8514,0.2500,0.0000,0.0000,0.0001,-0.97809,-0.97843,-0.14133,0.13405,0.97785,0.97865,0.71426,0.00000,0.00087,0.74982
881,72,0,0.06122,0.15319,0.0000,0.0000,0,0,4,0.8514,0.2500,0.0000,0.0000,0.0001,-0.97809,-0.97843,-0.14133,0.13405,0.97785,0.97865,0.71426,0.00000,0.00087,0.74982
882,71,1,-0.28084,0.12207,0.0000,0.0000,0,0,4,0.8495,0.5000,0.0000,0.0000,0.0000,-0.97903,-0.97743,-0.14836,0.12659,0.97783,0.97867,0.70130,0.00000,-0.00399,0.67390
883,71,0,-0.28084,0.12207,0.0000,0.0000,0,0,4,0.8495,0.5000,0.0000,0.0000,0.0000,-0.97903,-0.97743,-0.14836,0.12659,0.97783,0.97867,0.70130,0.00000,-0.00399,0.67390
884,71,0,-0.28084,0.12207,0.0000,0.0000,0,0,4,0.8495,0.5000,0.0000,0.0000,0.0000,-0.97903,-0.97743,-0.14836,0.12659,0.97783,0.97867,0.70130,0.00000,-0.00399,0.67390
885,71,0,-0.28084,0.12207,0.0000,0.0000,0,0,4,0.8495,0.5000,0.0000,0.0000,0.0000,-0.97903,-0.97743,-0.14836,0.12659,0.97783,0.97867,0.70130,0.00000,-0.00399,0.67390
886,71,0,-0.28084,0.12207,0.0000,0.0000,0,0,4,0.8495,0.5000,0.0000,0.0000,0.0000,-0.97903,-0.97743,-0.14836,0.12659,0.97783,0.97867,0.70130,0.00000,-0.00399,0.67390
887,71,0,-0.28084,0.12207,0.0000,0.0000,0,0,4,0.8495,0.5000,0.0000,0.0000,0.0000,-0.97903,-0.97743,-0.14836,0.12659,0.97783,0.97867,0.70130,0.00000,-0.00399,0.67390
888,71,0,-0.23112,0.12691,0.0000,0.0000,0,0,4,0.8488,0.3750,0.0000,0.0000,0.0000,-0.97890,-0.97759,-0.14831,0.12134,0.97783,0.97867,0.70859,0.00000,-0.00328,0.71579
889,71,0,-0.23112,0.12691,0.0000,0.0000,0,0,4,0.8488,0.3750,0.0000,0.0000,0.0000,-0.97890,-0.97759,-0.14831,0.12134,0.97783,0.97867,0.70859,0.00000,-0.00328,0.71579
890,71,0,-0.23112,0.12691,0.0000,0.0000,0,0,4,0.8488,0.3750,0.0000,0.0000,0.0000,-0.97890,-0.97759,-0.14831,0.12134,0.97783,0.97867,0.70859,0.00000,-0.00328,0.71579
891,71,0,-0.23112,0.12691,0.0000,0.0000,0,0,4,0.8488,0.3750,0.0000,0.0000,0.0000,-0.97890,-0.97759,-0.14831,0.12134,0.97783,0.97867,0.70859,0.00000,-0.00328,0.71579
892,71,0,-0.23112,0.12691,0.0000,0.0000,0,0,4,0.8488,0.3750,0.0000,0.0000,0.0000,-0.97890,-0.97759,-0.14831,0.12134,0.97783,0.97867,0.70859,0.00000,-0.00328,0.71579
893,71,0,-0.23112,0.12691,0.0000,0.0000,0,0,4,0.8488,0.3750,0.0000,0.0000,0.0000,-0.97890,-0.97759,-0.14831,0.12134,0.97783,0.97867,0.70859,0.00000,-0.00328,0.71579
894,71,0,-0.95038,0.00330,0.0000,0.0000,0,0,3,0.8482,0.1250,0.0000,0.0000,0.0001,-0.98066,-0.97518,-0.81039,0.01546,0.97569,0.98034,0.65590,0.00000,-0.01368,0.45307
895,71,0,-0.95038,0.00330,0.0000,0.0000,0,0,3,0.8482,0.1250,0.0000,0.0000,0.0001,-0.98066,-0.97518,-0.81039,0.01546,0.97569,0.98034,0.65590,0.00000,-0.01368,0.45307
896,71,0,-0.95038,0.00330,0.0000,0.0000,0,0,3,0.8482,0.1250,0.0000,0.0000,0.0001,-0.98066,-0.97518,-0.81039,0.01546,0.97569,0.98034,0.65590,0.00000,-0.01368,0.45307
897,71,0,-0.95038,0.00330,0.0000,0.0000,0,0,3,0.8482,0.1250,0.0000,0.0000,0.0001,-0.98066,-0.97518,-0.81039,0.01546,0.97569,0.98034,0.65590,0.00000,-0.01368,0.45307
898,71,0,-0.95038,0.00330,0.0000,0.0000,0,0,3,0.8482,0.1250,0.0000,0.0000,0.0001,-0.98066,-0.97518,-0.81039,0.01546,0.97569,0.98034,0.65590,0.00000,-0.01368,0.45307
899,71,0,-0.95038,0.00330,0.0000,0.0000,0,0,3,0.8482,0.1250,0.0000,0.0000,0.0001,-0.98066,-0.97518,-0.81039,0.01546,0.97569,0.98034,0.65590,0.00000,-0.01368,0.45307
900,71,0,-0.94573,0.00345,0.0000,0.0000,0,0,3,0.8475,0.1250,0.0000,0.0000,0.0002,-0.98065,-0.97520,-0.83744,0.01558,0.97560,0.98040,0.65615,0.00000,-0.01362,0.45412
901,71,0,-0.94573,0.00345,0.0000,0.0000,0,0,3,0.8475,0.1250,0.0000,0.0000,0.0002,-0.98065,-0.97520,-0.83744,0.01558,0.97560,0.98040,0.65615,0.00000,-0.01362,0.45412
902,71,0,-0.94573,0.00345,0.0000,0.0000,0,0,3,0.8475,0.1250,0.0000,0.0000,0.0002,-0.98065,-0.97520,-0.83744,0.01558,0.97560,0.98040,0.65615,0.00000,-0.01362,0.45412
903,71,0,-0.94573,0.00345,0.0000,0.0000,0,0,3,0.8475,0.1250,0.0000,0.0000,0.0002,-0.98065,-0.97520,-0.83744,0.01558,0.97560,0.98040,0.65615,0.00000,-0.01362,0.45412
904,71,0,-0.94573,0.00345,0.0000,0.0000,0,0,3,0.8475,0.1250,0.0000,0.0000,0.0002,-0.98065,-0.97520,-0.83744,0.01558,0.97560,0.98040,0.65615,0.00000,-0.01362,0.45412
905,71,0,-0.94573,0.00345,0.0000,0.0000,0,0,3,0.8475,0.1250,0.0000,0.0000,0.0002,-0.98065,-0.97520,-0.83744,0.01558,0.97560,0.98040,0.65615,0.00000,-0.01362,0.45412
906,70,1,-0.96686,0.00137,0.0000,0.0000,0,0,3,0.8456,0.1250,0.0000,0.0000,0.0000,-0.98070,-0.97512,-0.91273,0.00714,0.97532,0.98057,0.65652,0.00000,-0.01393,0.45569
907,70,0,-0.96686,0.00137,0.0000,0.0000,0,0,3,0.8456,0.1250,0.0000,0.0000,0.0000,-0.98070,-0.97512,-0.91273,0.00714,0.97532,0.98057,0.65652,0.00000,-0.01393,0.45569
908,70,0,-0.96686,0.00137,0.0000,0.0000,0,0,3,0.8456,0.1250,0.0000,0.0000,0.0000,-0.98070,-0.97512,-0.91273,0.00714,0.97532,0.98057,0.65652,0.00000,-0.01393,0.45569
909,70,0,-0.96686,0.00137,0.0000,0.0000,0,0,3,0.8456,0.1250,0.0000,0.0000,0.0000,-0.98070,-0.97512,-0.91273,0.00714,0.97532,0.98057,0.65652,0.00000,-0.01393,0.45569
910,70,0,-0.96686,0.00137,0.0000,0.0000,0,0,3,0.8456,0.1250,0.0000,0.0000,0.0000,-0.98070,-0.97512,-0.91273,0.00714,0.97532,0.98057,0.65652,0.00000,-0.01393,0.45569
911,70,0,-0.96686,0.00137,0.0000,0.0000,0,0,3,0.8456,0.1250,0.0000,0.0000,0.0000,-0.98070,-0.97512,-0.91273,0.00714,0.97532,0.98057,0.65652,0.00000,-0.01393,0.45569
912,70,0,-0.84479,0.01404,0.0000,0.0000,0,0,6,0.8449,0.1250,0.0000,0.0000,0.0000,-0.98042,-0.97557,-0.88259,0.01001,0.97543,0.98051,0.65734,0.00000,-0.01212,0.45915
913,70,0,-0.84479,0.01404,0.0000,0.0000,0,0,6,0.8449,0.1250,0.0000,0.0000,0.0000,-0.98042,-0.97557,-0.88259,0.01001,0.97543,0.98051,0.65734,0.00000,-0.01212,0.45915
914,70,0,-0.84479,0.01404,0.0000,0.0000,0,0,6,0.8449,0.1250,0.0000,0.0000,0.0000,-0.98042,-0.97557,-0.88259,0.01001,0.97543,0.98051,0.65734,0.00000,-0.01212,0.45915
915,70,0,-0.84479,0.01404,0.0000,0.0000,0,0,6,0.8449,0.1250,0.0000,0.0000,0.0000,-0.98042,-0.97557,-0.88259,0.01001,0.97543,0.98051,0.65734,0.00000,-0.01212,0.45915
916,70,0,-0.84479,0.01404,0.0000,0.0000,0,0,6,0.8449,0.1250,0.0000,0.0000,0.0000,-0.98042,-0.97557,-0.88259,0.01001,0.97543,0.98051,0.65734,0.00000,-0.01212,0.45915
917,70,0,-0.84479,0.01404,0.0000,0.0000,0,0,6,0.8449,0.1250,0.0000,0.0000,0.0000,-0.98042,-0.97557,-0.88259,0.01001,0.97543,0.98051,0.65734,0.00000,-0.01212,0.45915
918,70,0,-0.86202,0.01213,0.0000,0.0000,0,0,5,0.8442,0.1250,0.0000,0.0000,0.0001,-0.98046,-0.97551,-0.90875,0.00722,0.97534,0.98056,0.65749,0.00000,-0.01238,0.45981
919,70,0,-0.86202,0.01213,0.0000,0.0000,0,0,5,0.8442,0.1250,0.0000,0.0000,0.0001,-0.98046,-0.97551,-0.90875,0.00722,0.97534,0.98056,0.65749,0.00000,-0.01238,0.45981
920,70,0,-0.86202,0.01213,0.0000,0.0000,0,0,5,0.8442,0.1250,0.0000,0.0000,0.0001,-0.98046,-0.97551,-0.90875,0.00722,0.97534,0.98056,0.65749,0.00000,-0.01238,0.45981
921,70,0,-0.86202,0.01213,0.0000,0.0000,0,0,5,0.8442,0.1250,0.0000,0.0000,0.0001,-0.98046,-0.97551,-0.90875,0.00722,0.97534,0.98056,0.65749,0.00000,-0.01238,0.45981
922,70,0,-0.86202,0.01213,0.0000,0.0000,0,0,5,0.8442,0.1250,0.0000,0.0000,0.0001,-0.98046,-0.97551,-0.90875,0.00722,0.97534,0.98056,0.65749,0.00000,-0.01238,0.45981
923,70,0,-0.86202,0.01213,0.0000,0.0000,0,0,5,0.8442,0.1250,0.0000,0.0000,0.0001,-0.98046,-0.97551,-0.90875,0.00722,0.97534,0.98056,0.65749,0.00000,-0.01238,0.45981
924,69,1,-0.93406,0.00584,0.0000,0.0000,0,0,5,0.8423,0.1250,0.0000,0.0000,0.0000,-0.98062,-0.97524,-0.94001,0.00320,0.97522,0.98064,0.65788,0.00000,-0.01344,0.46148
925,69,0,-0.93406,0.00584,0.0000,0.0000,0,0,5,0.8423,0.1250,0.0000,0.0000,0.0000,-0.98062,-0.97524,-0.94001,0.00320,0.97522,0.98064,0.65788,0.00000,-0.01344,0.46148
926,69,0,-0.93406,0.00584,0.0000,0.0000,0,0,5,0.8423,0.1250,0.0000,0.0000,0.0000,-0.98062,-0.97524,-0.94001,0.00320,0.97522,0.98064,0.65788,0.00000,-0.01344,0.46148
927,69,0,-0.93406,0.00584,0.0000,0.0000,0,0,5,0.8423,0.1250,0.0000,0.0000,0.0000,-0.98062,-0.97524,-0.94001,0.00320,0.97522,0.98064,0.65788,0.00000,-0.01344,0.46148
928,69,0,-0.93406,0.00584,0.0000,0.0000,0,0,5,0.8423,0.1250,0.0000,0.0000,0.0000,-0.98062,-0.97524,-0.94001,0.00320,0.97522,0.98064,0.65788,0.00000,-0.01344,0.46148
929,69,0,-0.93406,0.00584,0.0000,0.0000,0,0,5,0.8423,0.1250,0.0000,0.0000,0.0000,-0.98062,-0.97524,-0.94001,0.00320,0.97522,0.98064,0.65788,0.00000,-0.01344,0.46148
930,69,0,-0.78482,0.02562,0.0000,0.0000,0,0,0,0.8416,0.1250,0.0000,0.0000,0.0000,-0.98028,-0.97578,0.12394,0.21204,0.97861,0.97790,0.66220,0.00000,-0.01125,0.48017
931,69,0,-0.78482,0.02562,0.0000,0.0000,0,0,0,0.8416,0.1250,0.0000,0.0000,0.0000,-0.98028,-0.97578,0.12394,0.21204,0.97861,0.97790,0.66220,0.00000,-0.01125,0.48017
932,69,0,-0.78482,0.02562,0.0000,0.0000,0,0,0,0.8416,0.1250,0.0000,0.0000,0.0000,-0.98028,-0.97578,0.12394,0.21204,0.97861,0.97790,0.66220,0.00000,-0.01125,0.48017
933,69,0,-0.78482,0.02562,0.0000,0.0000,0,0,0,0.8416,0.1250,0.0000,0.0000,0.0000,-0.98028,-0.97578,0.12394,0.21204,0.97861,0.97790,0.66220,0.00000,-0.01125,0.48017
934,69,0,-0.78482,0.02562,0.0000,0.0000,0,0,0,0.8416,0.1250,0.0000,0.0000,0.0000,-0.98028,-0.97578,0.12394,0.21204,0.97861,0.97790,0.66220,0.00000,-0.01125,0.48017
935,69,0,-0.78482,0.02562,0.0000,0.0000,0,0,0,0.8416,0.1250,0.0000,0.0000,0.0000,-0.98028,-0.97578,0.12394,0.21204,0.97861,0.97790,0.66220,0.00000,-0.01125,0.48017
936,69,0,-0.76766,0.02615,0.0000,0.0000,0,0,0,0.8410,0.1250,0.0000,0.0000,0.0001,-0.98024,-0.97584,0.12388,0.20328,0.97861,0.97790,0.66255,0.00000,-0.01099,0.48172
937,69,0,-0.76766,0.02615,0.0000,0.0000,0,0,0,0.8410,0.1250,0.0000,0.0000,0.0001,-0.98024,-0.97584,0.12388,0.20328,0.97861,0.97790,0.66255,0.00000,-0.01099,0.48172
938,69,0,-0.76766,0.02615,0.0000,0.0000,0,0,0,0.8410,0.1250,0.0000,0.0000,0.0001,-0.98024,-0.97584,0.12388,0.20328,0.97861,0.97790,0.66255,0.00000,-0.01099,0.48172
939,69,0,-0.76766,0.02615,0.0000,0.0000,0,0,0,0.8410,0.1250,0.0000,0.0000,0.0001,-0.98024,-0.97584,0.12388,0.20328,0.97861,0.97790,0.66255,0.00000,-0.01099,0.48172
940,69,0,-0.76766,0.02615,0.0000,0.0000,0,0,0,0.8410,0.1250,0.0000,0.0000,0.0001,-0.98024,-0.97584,0.12388,0.20328,0.97861,0.97790,0.66255,0.00000,-0.01099,0.48172
941,69,0,-0.76766,0.02615,0.0000,0.0000,0,0,0,0.8410,0.1250,0.0000,0.0000,0.0001,-0.98024,-0.97584,0.12388,0.20328,0.97861,0.97790,0.66255,0.00000,-0.01099,0.48172
942,69,0,-0.36436,0.09767,0.0000,0.0000,0,0,4,0.8403,0.0000,0.0000,0.0000,0.0002,-0.97925,-0.97718,-0.16455,0.11283,0.97778,0.97872,0.67155,0.00000,-0.00518,0.52232
943,69,0,-0.36436,0.09767,0.0000,0.0000,0,0,4,0.8403,0.0000,0.0000,0.0000,0.0002,-0.97925,-0.97718,-0.16455,0.11283,0.97778,0.97872,0.67155,0.00000,-0.00518,0.52232
944,69,0,-0.36436,0.09767,0.0000,0.0000,0,0,4,0.8403,0.0000,0.0000,0.0000,0.0002,-0.97925,-0.97718,-0.16455,0.11283,0.97778,0.97872,0.67155,0.00000,-0.00518,0.52232
945,69,0,-0.36436,0.09767,0.0000,0.0000,0,0,4,0.8403,0.0000,0.0000,0.0000,0.0002,-0.97925,-0.97718,-0.16455,0.11283,0.97778,0.97872,0.67155,0.00000,-0.00518,0.52232
946,69,0,-0.36436,0.09767,0.0000,0.0000,0,0,4,0.8403,0.0000,0.0000,0.0000,0.0002,-0.97925,-0.97718,-0.16455,0.11283,0.97778,0.97872,0.67155,0.00000,-0.00518,0.52232
947,69,0,-0.36436,0.09767,0.0000,0.0000,0,0,4,0.8403,0.0000,0.0000,0.0000,0.0002,-0.97925,-0.97718,-0.16455,0.11283,0.97778,0.97872,0.67155,0.00000,-0.00518,0.52232
948,68,1,-0.95008,0.00246,0.0000,0.0000,0,0,5,0.8384,0.8889,1.0000,0.0000,0.0000,-0.98066,-0.97519,-0.94482,0.00137,0.97521,0.98065,0.59641,0.00000,-0.01368,0.23888
949,68,0,-0.95008,0.00246,0.0000,0.0000,0,0,5,0.8384,0.8889,1.0000,0.0000,0.0000,-0.98066,-0.97519,-0.94482,0.00137,0.97521,0.98065,0.59641,0.00000,-0.01368,0.23888
950,68,0,-0.95008,0.00246,0.0000,0.0000,0,0,5,0.8384,0.8889,1.0000,0.0000,0.0000,-0.98066,-0.97519,-0.94482,0.00137,0.97521,0.98065,0.59641,0.00000,-0.01368,0.23888
951,68,0,-0.95008,0.00246,0.0000,0.0000,0,0,5,0.8384,0.8889,1.0000,0.0000,0.0000,-0.98066,-0.97519,-0.94482,0.00137,0.97521,0.98065,0.59641,0.00000,-0.01368,0.23888
952,68,0,-0.95008,0.00246,0.0000,0.0000,0,0,5,0.8384,0.8889,1.0000,0.0000,0.0000,-0.98066,-0.97519,-0.94482,0.00137,0.97521,0.98065,0.59641,0.00000,-0.01368,0.23888
953,68,0,-0.95008,0.00246,0.0000,0.0000,0,0,5,0.8384,0.8889,1.0000,0.0000,0.0000,-0.98066,-0.97519,-0.94482,0.00137,0.97521,0.98065,0.59641,0.00000,-0.01368,0.23888
954,68,0,-0.95008,0.00246,0.0000,0.0000,0,0,5,0.8377,0.8889,1.0000,0.0000,0.0000,-0.98066,-0.97519,-0.94482,0.00137,0.97521,0.98065,0.59680,0.00000,-0.01368,0.24009
955,68,0,-0.95008,0.00246,0.0000,0.0000,0,0,5,0.8377,0.8889,1.0000,0.0000,0.0000,-0.98066,-0.97519,-0.94482,0.00137,0.97521,0.98065,0.59680,0.00000,-0.01368,0.24009
956,68,0,-0.95008,0.00246,0.0000,0.0000,0,0,5,0.8377,0.8889,1.0000,0.0000,0.0000,-0.98066,-0.97519,-0.94482,0.00137,0.97521,0.98065,0.59680,0.00000,-0.01368,0.24009
957,68,0,-0.95008,0.00246,0.0000,0.0000,0,0,5,0.8377,0.8889,1.0000,0.0000,0.0000,-0.98066,-0.97519,-0.94482,0.00137,0.97521,0.98065,0.59680,0.00000,-0.01368,0.24009
958,68,0,-0.95008,0.00246,0.0000,0.0000,0,0,5,0.8377,0.8889,1.0000,0.0000,0.0000,-0.98066,-0.97519,-0.94482,0.00137,0.97521,0.98065,0.59680,0.00000,-0.01368,0.24009
959,68,0,-0.95008,0.00246,0.0000,0.0000,0,0,5,0.8377,0.8889,1.0000,0.0000,0.0000,-0.98066,-0.97519,-0.94482,0.00137,0.97521,0.98065,0.59680,0.00000,-0.01368,0.24009
960,68,0,-0.94647,0.00249,1.0000,0.0000,0,1,5,0.8295,0.8889,1.0000,0.0000,0.0001,-0.98065,-0.97520,-0.95422,0.00140,0.97517,0.98067,0.60141,0.00000,-0.01363,0.25442
961,68,0,-0.94647,0.00249,1.0000,0.0000,0,1,5,0.8295,0.8889,1.0000,0.0000,0.0001,-0.98065,-0.97520,-0.95422,0.00140,0.97517,0.98067,0.60141,0.00000,-0.01363,0.25442
962,68,0,-0.94647,0.00249,1.0000,0.0000,0,1,5,0.8295,0.8889,1.0000,0.0000,0.0001,-0.98065,-0.97520,-0.95422,0.00140,0.97517,0.98067,0.60141,0.00000,-0.01363,0.25442
963,68,0,-0.94647,0.00249,1.0000,0.0000,0,1,5,0.8295,0.8889,1.0000,0.0000,0.0001,-0.98065,-0.97520,-0.95422,0.00140,0.97517,0.98067,0.60141,0.00000,-0.01363,0.25442
964,68,0,-0.94647,0.00249,1.0000,0.0000,0,1,5,0.8295,0.8889,1.0000,0.0000,0.0001,-0.98065,-0.97520,-0.95422,0.00140,0.97517,0.98067,0.60141,0.00000,-0.01363,0.25442
965,68,0,-0.94647,0.00249,1.0000,0.0000,0,1,5,0.8295,0.8889,1.0000,0.0000,0.0001,-0.98065,-0.97520,-0.95422,0.00140,0.97517,0.98067,0.60141,0.00000,-0.01363,0.25442
966,67,1,-0.97716,0.00089,0.0000,0.0000,0,0,5,0.8276,0.8889,1.0000,0.0000,0.0000,-0.98072,-0.97509,-0.93260,0.00049,0.97525,0.98062,0.67965,0.00000,-0.01408,0.56078
967,67,0,-0.97716,0.00089,0.0000,0.0000,0,0,5,0.8276,0.8889,1.0000,0.0000,0.0000,-0.98072,-0.97509,-0.93260,0.00049,0.97525,0.98062,0.67965,0.00000,-0.01408,0.56078
968,67,0,-0.97716,0.00089,0.0000,0.0000,0,0,5,0.8276,0.8889,1.0000,0.0000,0.0000,-0.98072,-0.97509,-0.93260,0.00049,0.97525,0.98062,0.67965,0.00000,-0.01408,0.56078
969,67,0,-0.97716,0.00089,0.0000,0.0000,0,0,5,0.8276,0.8889,1.0000,0.0000,0.0000,-0.98072,-0.97509,-0.93260,0.00049,0.97525,0.98062,0.67965,0.00000,-0.01408,0.56078
970,67,0,-0.97716,0.00089,0.0000,0.0000,0,0,5,0.8276,0.8889,1.0000,0.0000,0.0000,-0.98072,-0.97509,-0.93260,0.00049,0.97525,0.98062,0.67965,0.00000,-0.01408,0.56078
971,67,0,-0.97716,0.00089,0.0000,0.0000,0,0,5,0.8276,0.8889,1.0000,0.0000,0.0000,-0.98072,-0.97509,-0.93260,0.00049,0.97525,0.98062,0.67965,0.00000,-0.01408,0.56078
972,67,0,-0.85514,0.01439,0.0000,0.0000,0,0,1,0.8269,0.8889,1.0000,0.0000,0.0000,-0.98044,-0.97553,0.13358,0.09050,0.97863,0.97788,0.68353,0.00000,-0.01228,0.57995
973,67,0,-0.85514,0.01439,0.0000,0.0000,0,0,1,0.8269,0.8889,1.0000,0.0000,0.0000,-0.98044,-0.97553,0.13358,0.09050,0.97863,0.97788,0.68353,0.00000,-0.01228,0.57995
974,67,0,-0.85514,0.01439,0.0000,0.0000,0,0,1,0.8269,0.8889,1.0000,0.0000,0.0000,-0.98044,-0.97553,0.13358,0.09050,0.97863,0.97788,0.68353,0.00000,-0.01228,0.57995
975,67,0,-0.85514,0.01439,0.0000,0.0000,0,0,1,0.8269,0.8889,1.0000,0.0000,0.0000,-0.98044,-0.97553,0.13358,0.09050,0.97863,0.97788,0.68353,0.00000,-0.01228,0.57995
976,67,0,-0.85514,0.01439,0.0000,0.0000,0,0,1,0.8269,0.8889,1.0000,0.0000,0.0000,-0.98044,-0.97553,0.13358,0.09050,0.97863,0.97788,0.68353,0.00000,-0.01228,0.57995
977,67,0,-0.85514,0.01439,0.0000,0.0000,0,0,1,0.8269,0.8889,1.0000,0.0000,0.0000,-0.98044,-0.97553,0.13358,0.09050,0.97863,0.97788,0.68353,0.00000,-0.01228,0.57995
978,67,0,-0.85514,0.01439,0.0000,0.0000,0,0,1,0.8262,0.8889,1.0000,0.0000,0.0001,-0.98044,-0.97553,0.13358,0.09050,0.97863,0.97788,0.68396,0.00000,-0.01228,0.58208
979,67,0,-0.85514,0.01439,0.0000,0.0000,0,0,1,0.8262,0.8889,1.0000,0.0000,0.0001,-0.98044,-0.97553,0.13358,0.09050,0.97863,0.97788,0.68396,0.00000,-0.01228,0.58208
980,67,0,-0.85514,0.01439,0.0000,0.0000,0,0,1,0.8262,0.8889,1.0000,0.0000,0.0001,-0.98044,-0.97553,0.13358,0.09050,0.97863,0.97788,0.68396,0.00000,-0.01228,0.58208
981,67,0,-0.85514,0.01439,0.0000,0.0000,0,0,1,0.8262,0.8889,1.0000,0.0000,0.0001,-0.98044,-0.97553,0.13358,0.09050,0.97863,0.97788,0.68396,0.00000,-0.01228,0.58208
982,67,0,-0.85514,0.01439,0.0000,0.0000,0,0,1,0.8262,0.8889,1.0000,0.0000,0.0001,-0.98044,-0.97553,0.13358,0.09050,0.97863,0.97788,0.68396,0.00000,-0.01228,0.58208
983,67,0,-0.85514,0.01439,0.0000,0.0000,0,0,1,0.8262,0.8889,1.0000,0.0000,0.0001,-0.98044,-0.97553,0.13358,0.09050,0.97863,0.97788,0.68396,0.00000,-0.01228,0.58208
984,67,0,-0.83354,0.01453,0.0000,0.0000,0,0,1,0.8256,0.8889,1.0000,0.0000,0.0002,-0.98039,-0.97561,0.13363,0.09047,0.97863,0.97788,0.68446,0.00000,-0.01196,0.58461
985,67,0,-0.83354,0.01453,0.0000,0.0000,0,0,1,0.8256,0.8889,1.0000,0.0000,0.0002,-0.98039,-0.97561,0.13363,0.09047,0.97863,0.97788,0.68446,0.00000,-0.01196,0.58461
986,67,0,-0.83354,0.01453,0.0000,0.0000,0,0,1,0.8256,0.8889,1.0000,0.0000,0.0002,-0.98039,-0.97561,0.13363,0.09047,0.97863,0.97788,0.68446,0.00000,-0.01196,0.58461
987,67,0,-0.83354,0.01453,0.0000,0.0000,0,0,1,0.8256,0.8889,1.0000,0.0000,0.0002,-0.98039,-0.97561,0.13363,0.09047,0.97863,0.97788,0.68446,0.00000,-0.01196,0.58461
988,67,0,-0.83354,0.01453,0.0000,0.0000,0,0,1,0.8256,0.8889,1.0000,0.0000,0.0002,-0.98039,-0.97561,0.13363,0.09047,0.97863,0.97788,0.68446,0.00000,-0.01196,0.58461
989,67,0,-0.83354,0.01453,0.0000,0.0000,0,0,1,0.8256,0.8889,1.0000,0.0000,0.0002,-0.98039,-0.97561,0.13363,0.09047,0.97863,0.97788,0.68446,0.00000,-0.01196,0.58461
990,67,0,-0.83354,0.01453,0.0000,0.0000,0,0,1,0.8249,0.8889,1.0000,0.0000,0.0004,-0.98039,-0.97561,0.13363,0.09047,0.97863,0.97788,0.68492,0.00000,-0.01196,0.58690
991,67,0,-0.83354,0.01453,0.0000,0.0000,0,0,1,0.8249,0.8889,1.0000,0.0000,0.0004,-0.98039,-0.97561,0.13363,0.09047,0.97863,0.97788,0.68492,0.00000,-0.01196,0.58690
992,67,0,-0.83354,0.01453,0.0000,0.0000,0,0,1,0.8249,0.8889,1.0000,0.0000,0.0004,-0.98039,-0.97561,0.13363,0.09047,0.97863,0.97788,0.68492,0.00000,-0.01196,0.58690
993,67,0,-0.83354,0.01453,0.0000,0.0000,0,0,1,0.8249,0.8889,1.0000,0.0000,0.0004,-0.98039,-0.97561,0.13363,0.09047,0.97863,0.97788,0.68492,0.00000,-0.01196,0.58690
994,67,0,-0.83354,0.01453,0.0000,0.0000,0,0,1,0.8249,0.8889,1.0000,0.0000,0.0004,-0.98039,-0.97561,0.13363,0.09047,0.97863,0.97788,0.68492,0.00000,-0.01196,0.58690
995,67,0,-0.83354,0.01453,0.0000,0.0000,0,0,1,0.8249,0.8889,1.0000,0.0000,0.0004,-0.98039,-0.97561,0.13363,0.09047,0.97863,0.97788,0.68492,0.00000,-0.01196,0.58690
996,68,-1,-0.95243,0.00398,0.0000,0.0000,0,0,1,0.8229,0.8889,1.0000,0.0000,0.0000,-0.98066,-0.97518,-0.41453,0.04921,0.97702,0.97938,0.68408,0.00000,-0.01372,0.58267
997,68,0,-0.95243,0.00398,0.0000,0.0000,0,0,1,0.8229,0.8889,1.0000,0.0000,0.0000,-0.98066,-0.97518,-0.41453,0.04921,0.97702,0.97938,0.68408,0.00000,-0.01372,0.58267
998,68,0,-0.95243,0.00398,0.0000,0.0000,0,0,1,0.8229,0.8889,1.0000,0.0000,0.0000,-0.98066,-0.97518,-0.41453,0.04921,0.97702,0.97938,0.68408,0.00000,-0.01372,0.58267
999,68,0,-0.95243,0.00398,0.0000,0.0000,0,0,1,0.8229,0.8889,1.0000,0.0000,0.0000,-0.98066,-0.97518,-0.41453,0.04921,0.97702,0.97938,0.68408,0.00000,-0.01372,0.58267
1000,68,0,-0.95243,0.00398,0.0000,0.0000,0,0,1,0.8229,0.8889,1.0000,0.0000,0.0000,-0.98066,-0.97518,-0.41453,0.04921,0.97702,0.97938,0.68408,0.00000,-0.01372,0.58267
1001,68,0,-0.95243,0.00398,0.0000,0.0000,0,0,1,0.8229,0.8889,1.0000,0.0000,0.0000,-0.98066,-0.97518,-0.41453,0.04921,0.97702,0.97938,0.68408,0.00000,-0.01372,0.58267
1002,68,0,-0.94222,0.00678,0.0000,0.0000,0,0,2,0.8209,0.1250,0.0000,0.0000,0.0000,-0.98064,-0.97521,-0.75632,0.01938,0.97588,0.98021,0.66700,0.00000,-0.01356,0.50151
1003,68,0,-0.94222,0.00678,0.0000,0.0000,0,0,2,0.8209,0.1250,0.0000,0.0000,0.0000,-0.98064,-0.97521,-0.75632,0.01938,0.97588,0.98021,0.66700,0.00000,-0.01356,0.50151
1004,68,0,-0.94222,0.00678,0.0000,0.0000,0,0,2,0.8209,0.1250,0.0000,0.0000,0.0000,-0.98064,-0.97521,-0.75632,0.01938,0.97588,0.98021,0.66700,0.00000,-0.01356,0.50151
1005,68,0,-0.94222,0.00678,0.0000,0.0000,0,0,2,0.8209,0.1250,0.0000,0.0000,0.0000,-0.98064,-0.97521,-0.75632,0.01938,0.97588,0.98021,0.66700,0.00000,-0.01356,0.50151
1006,68,0,-0.94222,0.00678,0.0000,0.0000,0,0,2,0.8209,0.1250,0.0000,0.0000,0.0000,-0.98064,-0.97521,-0.75632,0.01938,0.97588,0.98021,0.66700,0.00000,-0.01356,0.50151
1007,68,0,-0.94222,0.00678,0.0000,0.0000,0,0,2,0.8209,0.1250,0.0000,0.0000,0.0000,-0.98064,-0.97521,-0.75632,0.01938,0.97588,0.98021,0.66700,0.00000,-0.01356,0.50151
1008,68,0,-0.93207,0.00700,0.0000,0.0000,0,0,2,0.8202,0.0000,0.0000,0.0000,0.0000,-0.98062,-0.97525,-0.74600,0.01950,0.97592,0.98019,0.67544,0.00000,-0.01341,0.54053
1009,68,0,-0.93207,0.00700,0.0000,0.0000,0,0,2,0.8202,0.0000,0.0000,0.0000,0.0000,-0.98062,-0.97525,-0.74600,0.01950,0.97592,0.98019,0.67544,0.00000,-0.01341,0.54053
1010,68,0,-0.93207,0.00700,0.0000,0.0000,0,0,2,0.8202,0.0000,0.0000,0.0000,0.0000,-0.98062,-0.97525,-0.74600,0.01950,0.97592,0.98019,0.67544,0.00000,-0.01341,0.54053
1011,68,0,-0.93207,0.00700,0.0000,0.0000,0,0,2,0.8202,0.0000,0.0000,0.0000,0.0000,-0.98062,-0.97525,-0.74600,0.01950,0.97592,0.98019,0.67544,0.00000,-0.01341,0.54053
1012,68,0,-0.93207,0.00700,0.0000,0.0000,0,0,2,0.8202,0.0000,0.0000,0.0000,0.0000,-0.98062,-0.97525,-0.74600,0.01950,0.97592,0.98019,0.67544,0.00000,-0.01341,0.54053
1013,68,0,-0.93207,0.00700,0.0000,0.0000,0,0,2,0.8202,0.0000,0.0000,0.0000,0.0000,-0.98062,-0.97525,-0.74600,0.01950,0.97592,0.98019,0.67544,0.00000,-0.01341,0.54053
1014,68,0,-0.96700,0.00249,0.0000,0.0000,0,0,2,0.8183,0.0000,0.0000,0.0000,0.0000,-0.98070,-0.97512,-0.86050,0.00978,0.97551,0.98045,0.67570,0.00000,-0.01393,0.54176
1015,68,0,-0.96700,0.00249,0.0000,0.0000,0,0,2,0.8183,0.0000,0.0000,0.0000,0.0000,-0.98070,-0.97512,-0.86050,0.00978,0.97551,0.98045,0.67570,0.00000,-0.01393,0.54176
1016,68,0,-0.96700,0.00249,0.0000,0.0000,0,0,2,0.8183,0.0000,0.0000,0.0000,0.0000,-0.98070,-0.97512,-0.86050,0.00978,0.97551,0.98045,0.67570,0.00000,-0.01393,0.54176
1017,68,0,-0.96700,0.00249,0.0000,0.0000,0,0,2,0.8183,0.0000,0.0000,0.0000,0.0000,-0.98070,-0.97512,-0.86050,0.00978,0.97551,0.98045,0.67570,0.00000,-0.01393,0.54176
1018,68,0,-0.96700,0.00249,0.0000,0.0000,0,0,2,0.8183,0.0000,0.0000,0.0000,0.0000,-0.98070,-0.97512,-0.86050,0.00978,0.97551,0.98045,0.67570,0.00000,-0.01393,0.54176
1019,68,0,-0.96700,0.00249,0.0000,0.0000,0,0,2,0.8183,0.0000,0.0000,0.0000,0.0000,-0.98070,-0.97512,-0.86050,0.00978,0.97551,0.98045,0.67570,0.00000,-0.01393,0.54176
1020,68,0,-0.94458,0.00723,0.0000,0.0000,0,0,2,0.8163,0.0000,0.0000,0.0000,0.0000,-0.98065,-0.97521,-0.78078,0.01961,0.97580,0.98027,0.67674,0.00000,-0.01360,0.54673
1021,68,0,-0.94458,0.00723,0.0000,0.0000,0,0,2,0.8163,0.0000,0.0000,0.0000,0.0000,-0.98065,-0.97521,-0.78078,0.01961,0.97580,0.98027,0.67674,0.00000,-0.01360,0.54673
1022,68,0,-0.94458,0.00723,0.0000,0.0000,0,0,2,0.8163,0.0000,0.0000,0.0000,0.0000,-0.98065,-0.97521,-0.78078,0.01961,0.97580,0.98027,0.67674,0.00000,-0.01360,0.54673
1023,68,0,-0.94458,0.00723,0.0000,0.0000,0,0,2,0.8163,0.0000,0.0000,0.0000,0.0000,-0.98065,-0.97521,-0.78078,0.01961,0.97580,0.98027,0.67674,0.00000,-0.01360,0.54673
1024,68,0,-0.94458,0.00723,0.0000,0.0000,0,0,2,0.8163,0.0000,0.0000,0.0000,0.0000,-0.98065,-0.97521,-0.78078,0.01961,0.97580,0.98027,0.67674,0.00000,-0.01360,0.54673
1025,68,0,-0.94458,0.00723,0.0000,0.0000,0,0,2,0.8163,0.0000,0.0000,0.0000,0.0000,-0.98065,-0.97521,-0.78078,0.01961,0.97580,0.98027,0.67674,0.00000,-0.01360,0.54673
1026,68,0,-0.94458,0.00723,0.0000,0.0000,0,0,2,0.8156,0.0000,0.0000,0.0000,0.0000,-0.98065,-0.97521,-0.78078,0.01961,0.97580,0.98027,0.67699,0.00000,-0.01360,0.54794
1027,68,0,-0.94458,0.00723,0.0000,0.0000,0,0,2,0.8156,0.0000,0.0000,0.0000,0.0000,-0.98065,-0.97521,-0.78078,0.01961,0.97580,0.98027,0.67699,0.00000,-0.01360,0.54794
1028,68,0,-0.94458,0.00723,0.0000,0.0000,0,0,2,0.8156,0.0000,0.0000,0.0000,0.0000,-0.98065,-0.97521,-0.78078,0.01961,0.97580,0.98027,0.67699,0.00000,-0.01360,0.54794
1029,68,0,-0.94458,0.00723,0.0000,0.0000,0,0,2,0.8156,0.0000,0.0000,0.0000,0.0000,-0.98065,-0.97521,-0.78078,0.01961,0.97580,0.98027,0.67699,0.00000,-0.01360,0.54794
1030,68,0,-0.94458,0.00723,0.0000,0.0000,0,0,2,0.8156,0.0000,0.0000,0.0000,0.0000,-0.98065,-0.97521,-0.78078,0.01961,0.97580,0.98027,0.67699,0.00000,-0.01360,0.54794
1031,68,0,-0.94458,0.00723,0.0000,0.0000,0,0,2,0.8156,0.0000,0.0000,0.0000,0.0000,-0.98065,-0.97521,-0.78078,0.01961,0.97580,0.98027,0.67699,0.00000,-0.01360,0.54794
1032,68,0,-0.93486,0.00743,0.0000,0.0000,0,0,2,0.8149,0.0000,0.0000,0.0000,0.0001,-0.98062,-0.97524,-0.77172,0.01971,0.97583,0.98025,0.67732,0.00000,-0.01345,0.54951
1033,68,0,-0.93486,0.00743,0.0000,0.0000,0,0,2,0.8149,0.0000,0.0000,0.0000,0.0001,-0.98062,-0.97524,-0.77172,0.01971,0.97583,0.98025,0.67732,0.00000,-0.01345,0.54951
1034,68,0,-0.93486,0.00743,0.0000,0.0000,0,0,2,0.8149,0.0000,0.0000,0.0000,0.0001,-0.98062,-0.97524,-0.77172,0.01971,0.97583,0.98025,0.67732,0.00000,-0.01345,0.54951
1035,68,0,-0.93486,0.00743,0.0000,0.0000,0,0,2,0.8149,0.0000,0.0000,0.0000,0.0001,-0.98062,-0.97524,-0.77172,0.01971,0.97583,0.98025,0.67732,0.00000,-0.01345,0.54951
1036,68,0,-0.93486,0.00743,0.0000,0.0000,0,0,2,0.8149,0.0000,0.0000,0.0000,0.0001,-0.98062,-0.97524,-0.77172,0.01971,0.97583,0.98025,0.67732,0.00000,-0.01345,0.54951
1037,68,0,-0.93486,0.00743,0.0000,0.0000,0,0,2,0.8149,0.0000,0.0000,0.0000,0.0001,-0.98062,-0.97524,-0.77172,0.01971,0.97583,0.98025,0.67732,0.00000,-0.01345,0.54951
1038,68,0,-0.93486,0.00743,0.0000,0.0000,0,0,2,0.8143,0.0000,0.0000,0.0000,0.0002,-0.98062,-0.97524,-0.77172,0.01971,0.97583,0.98025,0.67760,0.00000,-0.01345,0.55089
1039,68,0,-0.93486,0.00743,0.0000,0.0000,0,0,2,0.8143,0.0000,0.0000,0.0000,0.0002,-0.98062,-0.97524,-0.77172,0.01971,0.97583,0.98025,0.67760,0.00000,-0.01345,0.55089
1040,68,0,-0.93486,0.00743,0.0000,0.0000,0,0,2,0.8143,0.0000,0.0000,0.0000,0.0002,-0.98062,-0.97524,-0.77172,0.01971,0.97583,0.98025,0.67760,0.00000,-0.01345,0.55089
1041,68,0,-0.93486,0.00743,0.0000,0.0000,0,0,2,0.8143,0.0000,0.0000,0.0000,0.0002,-0.98062,-0.97524,-0.77172,0.01971,0.97583,0.98025,0.67760,0.00000,-0.01345,0.55089
1042,68,0,-0.93486,0.00743,0.0000,0.0000,0,0,2,0.8143,0.0000,0.0000,0.0000,0.0002,-0.98062,-0.97524,-0.77172,0.01971,0.97583,0.98025,0.67760,0.00000,-0.01345,0.55089
1043,68,0,-0.93486,0.00743,0.0000,0.0000,0,0,2,0.8143,0.0000,0.0000,0.0000,0.0002,-0.98062,-0.97524,-0.77172,0.01971,0.97583,0.98025,0.67760,0.00000,-0.01345,0.55089
1044,68,0,-0.92353,0.00778,0.0000,0.0000,0,0,6,0.8136,0.0000,0.0000,0.0000,0.0004,-0.98060,-0.97528,-0.91855,0.00490,0.97530,0.98059,0.67749,0.00000,-0.01329,0.55036
1045,68,0,-0.92353,0.00778,0.0000,0.0000,0,0,6,0.8136,0.0000,0.0000,0.0000,0.0004,-0.98060,-0.97528,-0.91855,0.00490,0.97530,0.98059,0.67749,0.00000,-0.01329,0.55036
1046,68,0,-0.92353,0.00778,0.0000,0.0000,0,0,6,0.8136,0.0000,0.0000,0.0000,0.0004,-0.98060,-0.97528,-0.91855,0.00490,0.97530,0.98059,0.67749,0.00000,-0.01329,0.55036
1047,68,0,-0.92353,0.00778,0.0000,0.0000,0,0,6,0.8136,0.0000,0.0000,0.0000,0.0004,-0.98060,-0.97528,-0.91855,0.00490,0.97530,0.98059,0.67749,0.00000,-0.01329,0.55036
1048,68,0,-0.92353,0.00778,0.0000,0.0000,0,0,6,0.8136,0.0000,0.0000,0.0000,0.0004,-0.98060,-0.97528,-0.91855,0.00490,0.97530,0.98059,0.67749,0.00000,-0.01329,0.55036
1049,68,0,-0.92353,0.00778,0.0000,0.0000,0,0,6,0.8136,0.0000,0.0000,0.0000,0.0004,-0.98060,-0.97528,-0.91855,0.00490,0.97530,0.98059,0.67749,0.00000,-0.01329,0.55036
1050,68,0,-0.96277,0.00339,0.0000,0.0000,0,0,6,0.8116,0.9524,1.0000,0.0000,0.0000,-0.98069,-0.97514,-0.93744,0.00226,0.97523,0.98063,0.60524,0.00000,-0.01387,0.26659
1051,68,0,-0.96277,0.00339,0.0000,0.0000,0,0,6,0.8116,0.9524,1.0000,0.0000,0.0000,-0.98069,-0.97514,-0.93744,0.00226,0.97523,0.98063,0.60524,0.00000,-0.01387,0.26659
1052,68,0,-0.96277,0.00339,0.0000,0.0000,0,0,6,0.8116,0.9524,1.0000,0.0000,0.0000,-0.98069,-0.97514,-0.93744,0.00226,0.97523,0.98063,0.60524,0.00000,-0.01387,0.26659
1053,68,0,-0.96277,0.00339,0.0000,0.0000,0,0,6,0.8116,0.9524,1.0000,0.0000,0.0000,-0.98069,-0.97514,-0.93744,0.00226,0.97523,0.98063,0.60524,0.00000,-0.01387,0.26659
1054,68,0,-0.96277,0.00339,0.0000,0.0000,0,0,6,0.8116,0.9524,1.0000,0.0000,0.0000,-0.98069,-0.97514,-0.93744,0.00226,0.97523,0.98063,0.60524,0.00000,-0.01387,0.26659
1055,68,0,-0.96277,0.00339,0.0000,0.0000,0,0,6,0.8116,0.9524,1.0000,0.0000,0.0000,-0.98069,-0.97514,-0.93744,0.00226,0.97523,0.98063,0.60524,0.00000,-0.01387,0.26659
1056,67,1,-0.97179,0.00105,0.0000,0.0000,0,0,5,0.8096,0.9524,1.0000,0.0000,0.0000,-0.98071,-0.97511,-0.93187,0.00055,0.97525,0.98062,0.60630,0.00000,-0.01400,0.27000
1057,67,0,-0.97179,0.00105,0.0000,0.0000,0,0,5,0.8096,0.9524,1.0000,0.0000,0.0000,-0.98071,-0.97511,-0.93187,0.00055,0.97525,0.98062,0.60630,0.00000,-0.01400,0.27000
1058,67,0,-0.97179,0.00105,0.0000,0.0000,0,0,5,0.8096,0.9524,1.0000,0.0000,0.0000,-0.98071,-0.97511,-0.93187,0.00055,0.97525,0.98062,0.60630,0.00000,-0.01400,0.27000
1059,67,0,-0.97179,0.00105,0.0000,0.0000,0,0,5,0.8096,0.9524,1.0000,0.0000,0.0000,-0.98071,-0.97511,-0.93187,0.00055,0.97525,0.98062,0.60630,0.00000,-0.01400,0.27000
1060,67,0,-0.97179,0.00105,0.0000,0.0000,0,0,5,0.8096,0.9524,1.0000,0.0000,0.0000,-0.98071,-0.97511,-0.93187,0.00055,0.97525,0.98062,0.60630,0.00000,-0.01400,0.27000
1061,67,0,-0.97179,0.00105,0.0000,0.0000,0,0,5,0.8096,0.9524,1.0000,0.0000,0.0000,-0.98071,-0.97511,-0.93187,0.00055,0.97525,0.98062,0.60630,0.00000,-0.01400,0.27000
1062,67,0,-0.97179,0.00105,1.0000,0.0000,0,1,5,0.8015,0.9524,1.0000,0.0000,0.0000,-0.98071,-0.97511,-0.93187,0.00055,0.97525,0.98062,0.61069,0.00000,-0.01400,0.28434
1063,67,0,-0.97179,0.00105,1.0000,0.0000,0,1,5,0.8015,0.9524,1.0000,0.0000,0.0000,-0.98071,-0.97511,-0.93187,0.00055,0.97525,0.98062,0.61069,0.00000,-0.01400,0.28434
1064,67,0,-0.97179,0.00105,1.0000,0.0000,0,1,5,0.8015,0.9524,1.0000,0.0000,0.0000,-0.98071,-0.97511,-0.93187,0.00055,0.97525,0.98062,0.61069,0.00000,-0.01400,0.28434
1065,67,0,-0.97179,0.00105,1.0000,0.0000,0,1,5,0.8015,0.9524,1.0000,0.0000,0.0000,-0.98071,-0.97511,-0.93187,0.00055,0.97525,0.98062,0.61069,0.00000,-0.01400,0.28434
1066,67,0,-0.97179,0.00105,1.0000,0.0000,0,1,5,0.8015,0.9524,1.0000,0.0000,0.0000,-0.98071,-0.97511,-0.93187,0.00055,0.97525,0.98062,0.61069,0.00000,-0.01400,0.28434
1067,67,0,-0.97179,0.00105,1.0000,0.0000,0,1,5,0.8015,0.9524,1.0000,0.0000,0.0000,-0.98071,-0.97511,-0.93187,0.00055,0.97525,0.98062,0.61069,0.00000,-0.01400,0.28434
1068,66,1,-0.97889,0.00031,0.0000,0.0000,0,0,5,0.7995,0.9524,1.0000,0.0000,0.0000,-0.98072,-0.97508,-0.89283,0.00012,0.97540,0.98053,0.69491,0.00000,-0.01411,0.63887
1069,66,0,-0.97889,0.00031,0.0000,0.0000,0,0,5,0.7995,0.9524,1.0000,0.0000,0.0000,-0.98072,-0.97508,-0.89283,0.00012,0.97540,0.98053,0.69491,0.00000,-0.01411,0.63887
1070,66,0,-0.97889,0.00031,0.0000,0.0000,0,0,5,0.7995,0.9524,1.0000,0.0000,0.0000,-0.98072,-0.97508,-0.89283,0.00012,0.97540,0.98053,0.69491,0.00000,-0.01411,0.63887
1071,66,0,-0.97889,0.00031,0.0000,0.0000,0,0,5,0.7995,0.9524,1.0000,0.0000,0.0000,-0.98072,-0.97508,-0.89283,0.00012,0.97540,0.98053,0.69491,0.00000,-0.01411,0.63887
1072,66,0,-0.97889,0.00031,0.0000,0.0000,0,0,5,0.7995,0.9524,1.0000,0.0000,0.0000,-0.98072,-0.97508,-0.89283,0.00012,0.97540,0.98053,0.69491,0.00000,-0.01411,0.63887
1073,66,0,-0.97889,0.00031,0.0000,0.0000,0,0,5,0.7995,0.9524,1.0000,0.0000,0.0000,-0.98072,-0.97508,-0.89283,0.00012,0.97540,0.98053,0.69491,0.00000,-0.01411,0.63887
1074,66,0,-0.69375,0.03632,0.0000,0.0000,0,0,1,0.7988,0.9524,1.0000,0.0000,0.0000,-0.98006,-0.97610,0.59160,0.14089,0.97982,0.97644,0.70038,0.00000,-0.00992,0.66881
1075,66,0,-0.69375,0.03632,0.0000,0.0000,0,0,1,0.7988,0.9524,1.0000,0.0000,0.0000,-0.98006,-0.97610,0.59160,0.14089,0.97982,0.97644,0.70038,0.00000,-0.00992,0.66881
1076,66,0,-0.69375,0.03632,0.0000,0.0000,0,0,1,0.7988,0.9524,1.0000,0.0000,0.0000,-0.98006,-0.97610,0.59160,0.14089,0.97982,0.97644,0.70038,0.00000,-0.00992,0.66881
1077,66,0,-0.69375,0.03632,0.0000,0.0000,0,0,1,0.7988,0.9524,1.0000,0.0000,0.0000,-0.98006,-0.97610,0.59160,0.14089,0.97982,0.97644,0.70038,0.00000,-0.00992,0.66881
1078,66,0,-0.69375,0.03632,0.0000,0.0000,0,0,1,0.7988,0.9524,1.0000,0.0000,0.0000,-0.98006,-0.97610,0.59160,0.14089,0.97982,0.97644,0.70038,0.00000,-0.00992,0.66881
1079,66,0,-0.69375,0.03632,0.0000,0.0000,0,0,1,0.7988,0.9524,1.0000,0.0000,0.0000,-0.98006,-0.97610,0.59160,0.14089,0.97982,0.97644,0.70038,0.00000,-0.00992,0.66881
1080,67,-1,-0.88641,0.01445,0.0000,0.0000,0,0,1,0.7968,0.9524,1.0000,0.0000,0.0000,-0.98051,-0.97542,0.13350,0.09178,0.97863,0.97788,0.69947,0.00000,-0.01274,0.66372
1081,67,0,-0.88641,0.01445,0.0000,0.0000,0,0,1,0.7968,0.9524,1.0000,0.0000,0.0000,-0.98051,-0.97542,0.13350,0.09178,0.97863,0.97788,0.69947,0.00000,-0.01274,0.66372
1082,67,0,-0.88641,0.01445,0.0000,0.0000,0,0,1,0.7968,0.9524,1.0000,0.0000,0.0000,-0.98051,-0.97542,0.13350,0.09178,0.97863,0.97788,0.69947,0.00000,-0.01274,0.66372
1083,67,0,-0.88641,0.01445,0.0000,0.0000,0,0,1,0.7968,0.9524,1.0000,0.0000,0.0000,-0.98051,-0.97542,0.13350,0.09178,0.97863,0.97788,0.69947,0.00000,-0.01274,0.66372
1084,67,0,-0.88641,0.01445,0.0000,0.0000,0,0,1,0.7968,0.9524,1.0000,0.0000,0.0000,-0.98051,-0.97542,0.13350,0.09178,0.97863,0.97788,0.69947,0.00000,-0.01274,0.66372
1085,67,0,-0.88641,0.01445,0.0000,0.0000,0,0,1,0.7968,0.9524,1.0000,0.0000,0.0000,-0.98051,-0.97542,0.13350,0.09178,0.97863,0.97788,0.69947,0.00000,-0.01274,0.66372
1086,67,0,-0.88641,0.01445,0.0000,0.0000,0,0,1,0.7962,0.9524,1.0000,0.0000,0.0000,-0.98051,-0.97542,0.13350,0.09178,0.97863,0.97788,0.69999,0.00000,-0.01274,0.66663
1087,67,0,-0.88641,0.01445,0.0000,0.0000,0,0,1,0.7962,0.9524,1.0000,0.0000,0.0000,-0.98051,-0.97542,0.13350,0.09178,0.97863,0.97788,0.69999,0.00000,-0.01274,0.66663
1088,67,0,-0.88641,0.01445,0.0000,0.0000,0,0,1,0.7962,0.9524,1.0000,0.0000,0.0000,-0.98051,-0.97542,0.13350,0.09178,0.97863,0.97788,0.69999,0.00000,-0.01274,0.66663
1089,67,0,-0.88641,0.01445,0.0000,0.0000,0,0,1,0.7962,0.9524,1.0000,0.0000,0.0000,-0.98051,-0.97542,0.13350,0.09178,0.97863,0.97788,0.69999,0.00000,-0.01274,0.66663
1090,67,0,-0.88641,0.01445,0.0000,0.0000,0,0,1,0.7962,0.9524,1.0000,0.0000,0.0000,-0.98051,-0.97542,0.13350,0.09178,0.97863,0.97788,0.69999,0.00000,-0.01274,0.66663
1091,67,0,-0.88641,0.01445,0.0000,0.0000,0,0,1,0.7962,0.9524,1.0000,0.0000,0.0000,-0.98051,-0.97542,0.13350,0.09178,0.97863,0.97788,0.69999,0.00000,-0.01274,0.66663
1092,68,-1,-0.95398,0.00478,0.0000,0.0000,0,0,1,0.7942,0.9524,1.0000,0.0000,0.0000,-0.98067,-0.97517,-0.44915,0.05045,0.97691,0.97946,0.61667,0.00000,-0.01374,0.30435
1093,68,0,-0.95398,0.00478,0.0000,0.0000,0,0,1,0.7942,0.9524,1.0000,0.0000,0.0000,-0.98067,-0.97517,-0.44915,0.05045,0.97691,0.97946,0.61667,0.00000,-0.01374,0.30435
1094,68,0,-0.95398,0.00478,0.0000,0.0000,0,0,1,0.7942,0.9524,1.0000,0.0000,0.0000,-0.98067,-0.97517,-0.44915,0.05045,0.97691,0.97946,0.61667,0.00000,-0.01374,0.30435
1095,68,0,-0.95398,0.00478,0.0000,0.0000,0,0,1,0.7942,0.9524,1.0000,0.0000,0.0000,-0.98067,-0.97517,-0.44915,0.05045,0.97691,0.97946,0.61667,0.00000,-0.01374,0.30435
1096,68,0,-0.95398,0.00478,0.0000,0.0000,0,0,1,0.7942,0.9524,1.0000,0.0000,0.0000,-0.98067,-0.97517,-0.44915,0.05045,0.97691,0.97946,0.61667,0.00000,-0.01374,0.30435
1097,68,0,-0.95398,0.00478,0.0000,0.0000,0,0,1,0.7942,0.9524,1.0000,0.0000,0.0000,-0.98067,-0.97517,-0.44915,0.05045,0.97691,0.97946,0.61667,0.00000,-0.01374,0.30435
1098,68,0,-0.95398,0.00478,0.0000,0.0000,0,0,1,0.7935,0.9524,1.0000,0.0000,0.0000,-0.98067,-0.97517,-0.44915,0.05045,0.97691,0.97946,0.61702,0.00000,-0.01374,0.30557
1099,68,0,-0.95398,0.00478,0.0000,0.0000,0,0,1,0.7935,0.9524,1.0000,0.0000,0.0000,-0.98067,-0.97517,-0.44915,0.05045,0.97691,0.97946,0.61702,0.00000,-0.01374,0.30557
1100,68,0,-0.95398,0.00478,0.0000,0.0000,0,0,1,0.7935,0.9524,1.0000,0.0000,0.0000,-0.98067,-0.97517,-0.44915,0.05045,0.97691,0.97946,0.61702,0.00000,-0.01374,0.30557
1101,68,0,-0.95398,0.00478,0.0000,0.0000,0,0,1,0.7935,0.9524,1.0000,0.0000,0.0000,-0.98067,-0.97517,-0.44915,0.05045,0.97691,0.97946,0.61702,0.00000,-0.01374,0.30557
1102,68,0,-0.95398,0.00478,0.0000,0.0000,0,0,1,0.7935,0.9524,1.0000,0.0000,0.0000,-0.98067,-0.97517,-0.44915,0.05045,0.97691,0.97946,0.61702,0.00000,-0.01374,0.30557
1103,68,0,-0.95398,0.00478,0.0000,0.0000,0,0,1,0.7935,0.9524,1.0000,0.0000,0.0000,-0.98067,-0.97517,-0.44915,0.05045,0.97691,0.97946,0.61702,0.00000,-0.01374,0.30557
1104,68,0,-0.94666,0.00484,0.0000,0.0000,0,0,1,0.7928,0.9524,1.0000,0.0000,0.0001,-0.98065,-0.97520,-0.42758,0.05069,0.97698,0.97941,0.61753,0.00000,-0.01363,0.30728
1105,68,0,-0.94666,0.00484,0.0000,0.0000,0,0,1,0.7928,0.9524,1.0000,0.0000,0.0001,-0.98065,-0.97520,-0.42758,0.05069,0.97698,0.97941,0.61753,0.00000,-0.01363,0.30728
1106,68,0,-0.94666,0.00484,0.0000,0.0000,0,0,1,0.7928,0.9524,1.0000,0.0000,0.0001,-0.98065,-0.97520,-0.42758,0.05069,0.97698,0.97941,0.61753,0.00000,-0.01363,0.30728
1107,68,0,-0.94666,0.00484,0.0000,0.0000,0,0,1,0.7928,0.9524,1.0000,0.0000,0.0001,-0.98065,-0.97520,-0.42758,0.05069,0.97698,0.97941,0.61753,0.00000,-0.01363,0.30728
1108,68,0,-0.94666,0.00484,0.0000,0.0000,0,0,1,0.7928,0.9524,1.0000,0.0000,0.0001,-0.98065,-0.97520,-0.42758,0.05069,0.97698,0.97941,0.61753,0.00000,-0.01363,0.30728
1109,68,0,-0.94666,0.00484,0.0000,0.0000,0,0,1,0.7928,0.9524,1.0000,0.0000,0.0001,-0.98065,-0.97520,-0.42758,0.05069,0.97698,0.97941,0.61753,0.00000,-0.01363,0.30728
1110,68,0,-0.94666,0.00484,0.0000,0.0000,0,0,1,0.7922,0.9524,1.0000,0.0000,0.0002,-0.98065,-0.97520,-0.42758,0.05069,0.97698,0.97941,0.61793,0.00000,-0.01363,0.30865
1111,68,0,-0.94666,0.00484,0.0000,0.0000,0,0,1,0.7922,0.9524,1.0000,0.0000,0.0002,-0.98065,-0.97520,-0.42758,0.05069,0.97698,0.97941,0.61793,0.00000,-0.01363,0.30865
1112,68,0,-0.94666,0.00484,0.0000,0.0000,0,0,1,0.7922,0.9524,1.0000,0.0000,0.0002,-0.98065,-0.97520,-0.42758,0.05069,0.97698,0.97941,0.61793,0.00000,-0.01363,0.30865
1113,68,0,-0.94666,0.00484,0.0000,0.0000,0,0,1,0.7922,0.9524,1.0000,0.0000,0.0002,-0.98065,-0.97520,-0.42758,0.05069,0.97698,0.97941,0.61793,0.00000,-0.01363,0.30865
1114,68,0,-0.94666,0.00484,0.0000,0.0000,0,0,1,0.7922,0.9524,1.0000,0.0000,0.0002,-0.98065,-0.97520,-0.42758,0.05069,0.97698,0.97941,0.61793,0.00000,-0.01363,0.30865
1115,68,0,-0.94666,0.00484,0.0000,0.0000,0,0,1,0.7922,0.9524,1.0000,0.0000,0.0002,-0.98065,-0.97520,-0.42758,0.05069,0.97698,0.97941,0.61793,0.00000,-0.01363,0.30865
1116,68,0,-0.93923,0.00488,0.0000,0.0000,0,0,1,0.7915,0.9524,1.0000,0.0000,0.0004,-0.98063,-0.97523,-0.40729,0.05087,0.97704,0.97936,0.61847,0.00000,-0.01352,0.31051
1117,68,0,-0.93923,0.00488,0.0000,0.0000,0,0,1,0.7915,0.9524,1.0000,0.0000,0.0004,-0.98063,-0.97523,-0.40729,0.05087,0.97704,0.97936,0.61847,0.00000,-0.01352,0.31051
1118,68,0,-0.93923,0.00488,0.0000,0.0000,0,0,1,0.7915,0.9524,1.0000,0.0000,0.0004,-0.98063,-0.97523,-0.40729,0.05087,0.97704,0.97936,0.61847,0.00000,-0.01352,0.31051
1119,68,0,-0.93923,0.00488,0.0000,0.0000,0,0,1,0.7915,0.9524,1.0000,0.0000,0.0004,-0.98063,-0.97523,-0.40729,0.05087,0.97704,0.97936,0.61847,0.00000,-0.01352,0.31051
1120,68,0,-0.93923,0.00488,0.0000,0.0000,0,0,1,0.7915,0.9524,1.0000,0.0000,0.0004,-0.98063,-0.97523,-0.40729,0.05087,0.97704,0.97936,0.61847,0.00000,-0.01352,0.31051
1121,68,0,-0.93923,0.00488,0.0000,0.0000,0,0,1,0.7915,0.9524,1.0000,0.0000,0.0004,-0.98063,-0.97523,-0.40729,0.05087,0.97704,0.97936,0.61847,0.00000,-0.01352,0.31051
1122,68,0,-0.93923,0.00488,0.0000,0.0000,0,0,1,0.7908,0.9524,1.0000,0.0000,0.0007,-0.98063,-0.97523,-0.40729,0.05087,0.97704,0.97936,0.61892,0.00000,-0.01352,0.31205
1123,68,0,-0.93923,0.00488,0.0000,0.0000,0,0,1,0.7908,0.9524,1.0000,0.0000,0.0007,-0.98063,-0.97523,-0.40729,0.05087,0.97704,0.97936,0.61892,0.00000,-0.01352,0.31205
1124,68,0,-0.93923,0.00488,0.0000,0.0000,0,0,1,0.7908,0.9524,1.0000,0.0000,0.0007,-0.98063,-0.97523,-0.40729,0.05087,0.97704,0.97936,0.61892,0.00000,-0.01352,0.31205
1125,68,0,-0.93923,0.00488,0.0000,0.0000,0,0,1,0.7908,0.9524,1.0000,0.0000,0.0007,-0.98063,-0.97523,-0.40729,0.05087,0.97704,0.97936,0.61892,0.00000,-0.01352,0.31205
1126,68,0,-0.93923,0.00488,0.0000,0.0000,0,0,1,0.7908,0.9524,1.0000,0.0000,0.0007,-0.98063,-0.97523,-0.40729,0.05087,0.97704,0.97936,0.61892,0.00000,-0.01352,0.31205
1127,68,0,-0.93923,0.00488,0.0000,0.0000,0,0,1,0.7908,0.9524,1.0000,0.0000,0.0007,-0.98063,-0.97523,-0.40729,0.05087,0.97704,0.97936,0.61892,0.00000,-0.01352,0.31205
1128,68,0,-0.93169,0.00493,0.0000,0.0000,0,0,1,0.7902,0.9524,1.0000,0.0000,0.0010,-0.98062,-0.97525,-0.38824,0.05098,0.97710,0.97931,0.61950,0.00000,-0.01341,0.31405
1129,68,0,-0.93169,0.00493,0.0000,0.0000,0,0,1,0.7902,0.9524,1.0000,0.0000,0.0010,-0.98062,-0.97525,-0.38824,0.05098,0.97710,0.97931,0.61950,0.00000,-0.01341,0.31405
1130,68,0,-0.93169,0.00493,0.0000,0.0000,0,0,1,0.7902,0.9524,1.0000,0.0000,0.0010,-0.98062,-0.97525,-0.38824,0.05098,0.97710,0.97931,0.61950,0.00000,-0.01341,0.31405
1131,68,0,-0.93169,0.00493,0.0000,0.0000,0,0,1,0.7902,0.9524,1.0000,0.0000,0.0010,-0.98062,-0.97525,-0.38824,0.05098,0.97710,0.97931,0.61950,0.00000,-0.01341,0.31405
1132,68,0,-0.93169,0.00493,0.0000,0.0000,0,0,1,0.7902,0.9524,1.0000,0.0000,0.0010,-0.98062,-0.97525,-0.38824,0.05098,0.97710,0.97931,0.61950,0.00000,-0.01341,0.31405
1133,68,0,-0.93169,0.00493,0.0000,0.0000,0,0,1,0.7902,0.9524,1.0000,0.0000,0.0010,-0.98062,-0.97525,-0.38824,0.05098,0.97710,0.97931,0.61950,0.00000,-0.01341,0.31405
1134,69,-1,-0.97464,0.00143,0.0000,0.0000,0,0,1,0.7882,0.1250,0.0000,0.0000,0.0000,-0.98071,-0.97509,-0.68194,0.02770,0.97614,0.98004,0.67937,0.00000,-0.01405,0.55941
1135,69,0,-0.97464,0.00143,0.0000,0.0000,0,0,1,0.7882,0.1250,0.0000,0.0000,0.0000,-0.98071,-0.97509,-0.68194,0.02770,0.97614,0.98004,0.67937,0.00000,-0.01405,0.55941
1136,69,0,-0.97464,0.00143,0.0000,0.0000,0,0,1,0.7882,0.1250,0.0000,0.0000,0.0000,-0.98071,-0.97509,-0.68194,0.02770,0.97614,0.98004,0.67937,0.00000,-0.01405,0.55941
1137,69,0,-0.97464,0.00143,0.0000,0.0000,0,0,1,0.7882,0.1250,0.0000,0.0000,0.0000,-0.98071,-0.97509,-0.68194,0.02770,0.97614,0.98004,0.67937,0.00000,-0.01405,0.55941
1138,69,0,-0.97464,0.00143,0.0000,0.0000,0,0,1,0.7882,0.1250,0.0000,0.0000,0.0000,-0.98071,-0.97509,-0.68194,0.02770,0.97614,0.98004,0.67937,0.00000,-0.01405,0.55941
1139,69,0,-0.97464,0.00143,0.0000,0.0000,0,0,1,0.7882,0.1250,0.0000,0.0000,0.0000,-0.98071,-0.97509,-0.68194,0.02770,0.97614,0.98004,0.67937,0.00000,-0.01405,0.55941
1140,70,-1,-0.97625,0.00032,0.0000,0.0000,0,0,1,0.7862,0.0000,0.0000,0.0000,0.0000,-0.98072,-0.97509,-0.84822,0.01483,0.97556,0.98043,0.68710,0.00000,-0.01407,0.59794
1141,70,0,-0.97625,0.00032,0.0000,0.0000,0,0,1,0.7862,0.0000,0.0000,0.0000,0.0000,-0.98072,-0.97509,-0.84822,0.01483,0.97556,0.98043,0.68710,0.00000,-0.01407,0.59794
1142,70,0,-0.97625,0.00032,0.0000,0.0000,0,0,1,0.7862,0.0000,0.0000,0.0000,0.0000,-0.98072,-0.97509,-0.84822,0.01483,0.97556,0.98043,0.68710,0.00000,-0.01407,0.59794
1143,70,0,-0.97625,0.00032,0.0000,0.0000,0,0,1,0.7862,0.0000,0.0000,0.0000,0.0000,-0.98072,-0.97509,-0.84822,0.01483,0.97556,0.98043,0.68710,0.00000,-0.01407,0.59794
1144,70,0,-0.97625,0.00032,0.0000,0.0000,0,0,1,0.7862,0.0000,0.0000,0.0000,0.0000,-0.98072,-0.97509,-0.84822,0.01483,0.97556,0.98043,0.68710,0.00000,-0.01407,0.59794
1145,70,0,-0.97625,0.00032,0.0000,0.0000,0,0,1,0.7862,0.0000,0.0000,0.0000,0.0000,-0.98072,-0.97509,-0.84822,0.01483,0.97556,0.98043,0.68710,0.00000,-0.01407,0.59794
1146,71,-1,-0.97956,0.00000,0.0000,0.0000,0,0,1,0.7842,0.0000,0.0000,0.0000,0.0000,-0.98072,-0.97508,-0.90942,0.00769,0.97534,0.98057,0.68759,0.00000,-0.01412,0.60046
1147,71,0,-0.97956,0.00000,0.0000,0.0000,0,0,1,0.7842,0.0000,0.0000,0.0000,0.0000,-0.98072,-0.97508,-0.90942,0.00769,0.97534,0.98057,0.68759,0.00000,-0.01412,0.60046
1148,71,0,-0.97956,0.00000,0.0000,0.0000,0,0,1,0.7842,0.0000,0.0000,0.0000,0.0000,-0.98072,-0.97508,-0.90942,0.00769,0.97534,0.98057,0.68759,0.00000,-0.01412,0.60046
1149,71,0,-0.97956,0.00000,0.0000,0.0000,0,0,1,0.7842,0.0000,0.0000,0.0000,0.0000,-0.98072,-0.97508,-0.90942,0.00769,0.97534,0.98057,0.68759,0.00000,-0.01412,0.60046
1150,71,0,-0.97956,0.00000,0.0000,0.0000,0,0,1,0.7842,0.0000,0.0000,0.0000,0.0000,-0.98072,-0.97508,-0.90942,0.00769,0.97534,0.98057,0.68759,0.00000,-0.01412,0.60046
1151,71,0,-0.97956,0.00000,0.0000,0.0000,0,0,1,0.7842,0.0000,0.0000,0.0000,0.0000,-0.98072,-0.97508,-0.90942,0.00769,0.97534,0.98057,0.68759,0.00000,-0.01412,0.60046
1152,71,0,-0.97587,0.00014,0.0000,0.0000,0,0,1,0.7822,0.0000,0.0000,0.0000,0.0000,-0.98072,-0.97509,-0.84397,0.01544,0.97557,0.98042,0.68846,0.00000,-0.01406,0.60494
1153,71,0,-0.97587,0.00014,0.0000,0.0000,0,0,1,0.7822,0.0000,0.0000,0.0000,0.0000,-0.98072,-0.97509,-0.84397,0.01544,0.97557,0.98042,0.68846,0.00000,-0.01406,0.60494
1154,71,0,-0.97587,0.00014,0.0000,0.0000,0,0,1,0.7822,0.0000,0.0000,0.0000,0.0000,-0.98072,-0.97509,-0.84397,0.01544,0.97557,0.98042,0.68846,0.00000,-0.01406,0.60494
1155,71,0,-0.97587,0.00014,0.0000,0.0000,0,0,1,0.7822,0.0000,0.0000,0.0000,0.0000,-0.98072,-0.97509,-0.84397,0.01544,0.97557,0.98042,0.68846,0.00000,-0.01406,0.60494
1156,71,0,-0.97587,0.00014,0.0000,0.0000,0,0,1,0.7822,0.0000,0.0000,0.0000,0.0000,-0.98072,-0.97509,-0.84397,0.01544,0.97557,0.98042,0.68846,0.00000,-0.01406,0.60494
1157,71,0,-0.97587,0.00014,0.0000,0.0000,0,0,1,0.7822,0.0000,0.0000,0.0000,0.0000,-0.98072,-0.97509,-0.84397,0.01544,0.97557,0.98042,0.68846,0.00000,-0.01406,0.60494
1158,72,-1,-0.97762,0.00000,0.0000,0.0000,0,0,1,0.7802,0.0000,0.0000,0.0000,0.0000,-0.98072,-0.97508,-0.90643,0.00804,0.97535,0.98056,0.68895,0.00000,-0.01409,0.60746
1159,72,0,-0.97762,0.00000,0.0000,0.0000,0,0,1,0.7802,0.0000,0.0000,0.0000,0.0000,-0.98072,-0.97508,-0.90643,0.00804,0.97535,0.98056,0.68895,0.00000,-0.01409,0.60746
1160,72,0,-0.97762,0.00000,0.0000,0.0000,0,0,1,0.7802,0.0000,0.0000,0.0000,0.0000,-0.98072,-0.97508,-0.90643,0.00804,0.97535,0.98056,0.68895,0.00000,-0.01409,0.60746
1161,72,0,-0.97762,0.00000,0.0000,0.0000,0,0,1,0.7802,0.0000,0.0000,0.0000,0.0000,-0.98072,-0.97508,-0.90643,0.00804,0.97535,0.98056,0.68895,0.00000,-0.01409,0.60746
1162,72,0,-0.97762,0.00000,0.0000,0.0000,0,0,1,0.7802,0.0000,0.0000,0.0000,0.0000,-0.98072,-0.97508,-0.90643,0.00804,0.97535,0.98056,0.68895,0.00000,-0.01409,0.60746
1163,72,0,-0.97762,0.00000,0.0000,0.0000,0,0,1,0.7802,0.0000,0.0000,0.0000,0.0000,-0.98072,-0.97508,-0.90643,0.00804,0.97535,0.98056,0.68895,0.00000,-0.01409,0.60746
1164,72,0,-0.97353,0.00000,0.0000,0.0000,0,0,1,0.7796,0.0000,0.0000,0.0000,0.0000,-0.98071,-0.97510,-0.90212,0.00810,0.97536,0.98055,0.68921,0.00000,-0.01403,0.60880
1165,72,0,-0.97353,0.00000,0.0000,0.0000,0,0,1,0.7796,0.0000,0.0000,0.0000,0.0000,-0.98071,-0.97510,-0.90212,0.00810,0.97536,0.98055,0.68921,0.00000,-0.01403,0.60880
1166,72,0,-0.97353,0.00000,0.0000,0.0000,0,0,1,0.7796,0.0000,0.0000,0.0000,0.0000,-0.98071,-0.97510,-0.90212,0.00810,0.97536,0.98055,0.68921,0.00000,-0.01403,0.60880
1167,72,0,-0.97353,0.00000,0.0000,0.0000,0,0,1,0.7796,0.0000,0.0000,0.0000,0.0000,-0.98071,-0.97510,-0.90212,0.00810,0.97536,0.98055,0.68921,0.00000,-0.01403,0.60880
1168,72,0,-0.97353,0.00000,0.0000,0.0000,0,0,1,0.7796,0.0000,0.0000,0.0000,0.0000,-0.98071,-0.97510,-0.90212,0.00810,0.97536,0.98055,0.68921,0.00000,-0.01403,0.60880
1169,72,0,-0.97353,0.00000,0.0000,0.0000,0,0,1,0.7796,0.0000,0.0000,0.0000,0.0000,-0.98071,-0.97510,-0.90212,0.00810,0.97536,0.98055,0.68921,0.00000,-0.01403,0.60880
1170,72,0,-0.95253,0.00159,0.0000,0.0000,0,0,3,0.7789,0.0000,0.0000,0.0000,0.0001,-0.98066,-0.97518,-0.93342,0.00478,0.97525,0.98062,0.68943,0.00000,-0.01372,0.60994
1171,72,0,-0.95253,0.00159,0.0000,0.0000,0,0,3,0.7789,0.0000,0.0000,0.0000,0.0001,-0.98066,-0.97518,-0.93342,0.00478,0.97525,0.98062,0.68943,0.00000,-0.01372,0.60994
1172,72,0,-0.95253,0.00159,0.0000,0.0000,0,0,3,0.7789,0.0000,0.0000,0.0000,0.0001,-0.98066,-0.97518,-0.93342,0.00478,0.97525,0.98062,0.68943,0.00000,-0.01372,0.60994
1173,72,0,-0.95253,0.00159,0.0000,0.0000,0,0,3,0.7789,0.0000,0.0000,0.0000,0.0001,-0.98066,-0.97518,-0.93342,0.00478,0.97525,0.98062,0.68943,0.00000,-0.01372,0.60994
1174,72,0,-0.95253,0.00159,0.0000,0.0000,0,0,3,0.7789,0.0000,0.0000,0.0000,0.0001,-0.98066,-0.97518,-0.93342,0.00478,0.97525,0.98062,0.68943,0.00000,-0.01372,0.60994
1175,72,0,-0.95253,0.00159,0.0000,0.0000,0,0,3,0.7789,0.0000,0.0000,0.0000,0.0001,-0.98066,-0.97518,-0.93342,0.00478,0.97525,0.98062,0.68943,0.00000,-0.01372,0.60994
1176,72,0,-0.94394,0.00165,0.0000,0.0000,0,0,3,0.7782,0.0000,0.0000,0.0000,0.0002,-0.98064,-0.97521,-0.93039,0.00481,0.97526,0.98061,0.68973,0.00000,-0.01359,0.61149
1177,72,0,-0.94394,0.00165,0.0000,0.0000,0,0,3,0.7782,0.0000,0.0000,0.0000,0.0002,-0.98064,-0.97521,-0.93039,0.00481,0.97526,0.98061,0.68973,0.00000,-0.01359,0.61149
1178,72,0,-0.94394,0.00165,0.0000,0.0000,0,0,3,0.7782,0.0000,0.0000,0.0000,0.0002,-0.98064,-0.97521,-0.93039,0.00481,0.97526,0.98061,0.68973,0.00000,-0.01359,0.61149
1179,72,0,-0.94394,0.00165,0.0000,0.0000,0,0,3,0.7782,0.0000,0.0000,0.0000,0.0002,-0.98064,-0.97521,-0.93039,0.00481,0.97526,0.98061,0.68973,0.00000,-0.01359,0.61149
1180,72,0,-0.94394,0.00165,0.0000,0.0000,0,0,3,0.7782,0.0000,0.0000,0.0000,0.0002,-0.98064,-0.97521,-0.93039,0.00481,0.97526,0.98061,0.68973,0.00000,-0.01359,0.61149
1181,72,0,-0.94394,0.00165,0.0000,0.0000,0,0,3,0.7782,0.0000,0.0000,0.0000,0.0002,-0.98064,-0.97521,-0.93039,0.00481,0.97526,0.98061,0.68973,0.00000,-0.01359,0.61149
1182,72,0,-0.96920,0.00000,0.0000,0.0000,0,0,1,0.7776,0.0000,0.0000,0.0000,0.0004,-0.98070,-0.97511,-0.89759,0.00816,0.97538,0.98054,0.69003,0.00000,-0.01396,0.61306
1183,72,0,-0.96920,0.00000,0.0000,0.0000,0,0,1,0.7776,0.0000,0.0000,0.0000,0.0004,-0.98070,-0.97511,-0.89759,0.00816,0.97538,0.98054,0.69003,0.00000,-0.01396,0.61306
1184,72,0,-0.96920,0.00000,0.0000,0.0000,0,0,1,0.7776,0.0000,0.0000,0.0000,0.0004,-0.98070,-0.97511,-0.89759,0.00816,0.97538,0.98054,0.69003,0.00000,-0.01396,0.61306
1185,72,0,-0.96920,0.00000,0.0000,0.0000,0,0,1,0.7776,0.0000,0.0000,0.0000,0.0004,-0.98070,-0.97511,-0.89759,0.00816,0.97538,0.98054,0.69003,0.00000,-0.01396,0.61306
1186,72,0,-0.96920,0.00000,0.0000,0.0000,0,0,1,0.7776,0.0000,0.0000,0.0000,0.0004,-0.98070,-0.97511,-0.89759,0.00816,0.97538,0.98054,0.69003,0.00000,-0.01396,0.61306
1187,72,0,-0.96920,0.00000,0.0000,0.0000,0,0,1,0.7776,0.0000,0.0000,0.0000,0.0004,-0.98070,-0.97511,-0.89759,0.00816,0.97538,0.98054,0.69003,0.00000,-0.01396,0.61306
1188,72,0,-0.96473,0.00000,0.0000,0.0000,0,0,1,0.7769,0.0000,0.0000,0.0000,0.0007,-0.98069,-0.97513,-0.89287,0.00822,0.97540,0.98053,0.69035,0.00000,-0.01390,0.61473
1189,72,0,-0.96473,0.00000,0.0000,0.0000,0,0,1,0.7769,0.0000,0.0000,0.0000,0.0007,-0.98069,-0.97513,-0.89287,0.00822,0.97540,0.98053,0.69035,0.00000,-0.01390,0.61473
1190,72,0,-0.96473,0.00000,0.0000,0.0000,0,0,1,0.7769,0.0000,0.0000,0.0000,0.0007,-0.98069,-0.97513,-0.89287,0.00822,0.97540,0.98053,0.69035,0.00000,-0.01390,0.61473
1191,72,0,-0.96473,0.00000,0.0000,0.0000,0,0,1,0.7769,0.0000,0.0000,0.0000,0.0007,-0.98069,-0.97513,-0.89287,0.00822,0.97540,0.98053,0.69035,0.00000,-0.01390,0.61473
1192,72,0,-0.96473,0.00000,0.0000,0.0000,0,0,1,0.7769,0.0000,0.0000,0.0000,0.0007,-0.98069,-0.97513,-0.89287,0.00822,0.97540,0.98053,0.69035,0.00000,-0.01390,0.61473
1193,72,0,-0.96473,0.00000,0.0000,0.0000,0,0,1,0.7769,0.0000,0.0000,0.0000,0.0007,-0.98069,-0.97513,-0.89287,0.00822,0.97540,0.98053,0.69035,0.00000,-0.01390,0.61473
1194,72,0,-0.96473,0.00000,0.0000,0.0000,0,0,1,0.7762,0.0000,0.0000,0.0000,0.0010,-0.98069,-0.97513,-0.89287,0.00822,0.97540,0.98053,0.69066,0.00000,-0.01390,0.61635
1195,72,0,-0.96473,0.00000,0.0000,0.0000,0,0,1,0.7762,0.0000,0.0000,0.0000,0.0010,-0.98069,-0.97513,-0.89287,0.00822,0.97540,0.98053,0.69066,0.00000,-0.01390,0.61635
1196,72,0,-0.96473,0.00000,0.0000,0.0000,0,0,1,0.7762,0.0000,0.0000,0.0000,0.0010,-0.98069,-0.97513,-0.89287,0.00822,0.97540,0.98053,0.69066,0.00000,-0.01390,0.61635
1197,72,0,-0.96473,0.00000,0.0000,0.0000,0,0,1,0.7762,0.0000,0.0000,0.0000,0.0010,-0.98069,-0.97513,-0.89287,0.00822,0.97540,0.98053,0.69066,0.00000,-0.01390,0.61635
1198,72,0,-0.96473,0.00000,0.0000,0.0000,0,0,1,0.7762,0.0000,0.0000,0.0000,0.0010,-0.98069,-0.97513,-0.89287,0.00822,0.97540,0.98053,0.69066,0.00000,-0.01390,0.61635
1199,72,0,-0.96473,0.00000,0.0000,0.0000,0,0,1,0.7762,0.0000,0.0000,0.0000,0.0010,-0.98069,-0.97513,-0.89287,0.00822,0.97540,0.98053,0.69066,0.00000,-0.01390,0.61635
1200,72,0,-0.01826,0.09073,0.0000,0.0000,0,0,4,0.7755,0.0000,0.0000,0.0000,0.0013,-0.97831,-0.97821,-0.14157,0.15816,0.97785,0.97866,0.69559,0.00000,-0.00026,0.64252
1201,72,0,-0.01826,0.09073,0.0000,0.0000,0,0,4,0.7755,0.0000,0.0000,0.0000,0.0013,-0.97831,-0.97821,-0.14157,0.15816,0.97785,0.97866,0.69559,0.00000,-0.00026,0.64252
1202,72,0,-0.01826,0.09073,0.0000,0.0000,0,0,4,0.7755,0.0000,0.0000,0.0000,0.0013,-0.97831,-0.97821,-0.14157,0.15816,0.97785,0.97866,0.69559,0.00000,-0.00026,0.64252
1203,72,0,-0.01826,0.09073,0.0000,0.0000,0,0,4,0.7755,0.0000,0.0000,0.0000,0.0013,-0.97831,-0.97821,-0.14157,0.15816,0.97785,0.97866,0.69559,0.00000,-0.00026,0.64252
1204,72,0,-0.01826,0.09073,0.0000,0.0000,0,0,4,0.7755,0.0000,0.0000,0.0000,0.0013,-0.97831,-0.97821,-0.14157,0.15816,0.97785,0.97866,0.69559,0.00000,-0.00026,0.64252
1205,72,0,-0.01826,0.09073,0.0000,0.0000,0,0,4,0.7755,0.0000,0.0000,0.0000,0.0013,-0.97831,-0.97821,-0.14157,0.15816,0.97785,0.97866,0.69559,0.00000,-0.00026,0.64252
1206,72,0,-0.15131,0.12450,0.0000,0.0000,0,0,4,0.7736,0.0000,0.0000,0.0000,0.0000,-0.97868,-0.97782,-0.14168,0.16625,0.97785,0.97866,0.69551,0.00000,-0.00215,0.64208
1207,72,0,-0.15131,0.12450,0.0000,0.0000,0,0,4,0.7736,0.0000,0.0000,0.0000,0.0000,-0.97868,-0.97782,-0.14168,0.16625,0.97785,0.97866,0.69551,0.00000,-0.00215,0.64208
1208,72,0,-0.15131,0.12450,0.0000,0.0000,0,0,4,0.7736,0.0000,0.0000,0.0000,0.0000,-0.97868,-0.97782,-0.14168,0.16625,0.97785,0.97866,0.69551,0.00000,-0.00215,0.64208
1209,72,0,-0.15131,0.12450,0.0000,0.0000,0,0,4,0.7736,0.0000,0.0000,0.0000,0.0000,-0.97868,-0.97782,-0.14168,0.16625,0.97785,0.97866,0.69551,0.00000,-0.00215,0.64208
1210,72,0,-0.15131,0.12450,0.0000,0.0000,0,0,4,0.7736,0.0000,0.0000,0.0000,0.0000,-0.97868,-0.97782,-0.14168,0.16625,0.97785,0.97866,0.69551,0.00000,-0.00215,0.64208
1211,72,0,-0.15131,0.12450,0.0000,0.0000,0,0,4,0.7736,0.0000,0.0000,0.0000,0.0000,-0.97868,-0.97782,-0.14168,0.16625,0.97785,0.97866,0.69551,0.00000,-0.00215,0.64208
1212,72,0,-0.08293,0.12097,0.0000,0.0000,0,0,4,0.7729,0.0000,0.0000,0.0000,0.0000,-0.97849,-0.97802,-0.14162,0.15995,0.97785,0.97866,0.69591,0.00000,-0.00118,0.64427
1213,72,0,-0.08293,0.12097,0.0000,0.0000,0,0,4,0.7729,0.0000,0.0000,0.0000,0.0000,-0.97849,-0.97802,-0.14162,0.15995,0.97785,0.97866,0.69591,0.00000,-0.00118,0.64427
1214,72,0,-0.08293,0.12097,0.0000,0.0000,0,0,4,0.7729,0.0000,0.0000,0.0000,0.0000,-0.97849,-0.97802,-0.14162,0.15995,0.97785,0.97866,0.69591,0.00000,-0.00118,0.64427
1215,72,0,-0.08293,0.12097,0.0000,0.0000,0,0,4,0.7729,0.0000,0.0000,0.0000,0.0000,-0.97849,-0.97802,-0.14162,0.15995,0.97785,0.97866,0.69591,0.00000,-0.00118,0.64427
1216,72,0,-0.08293,0.12097,0.0000,0.0000,0,0,4,0.7729,0.0000,0.0000,0.0000,0.0000,-0.97849,-0.97802,-0.14162,0.15995,0.97785,0.97866,0.69591,0.00000,-0.00118,0.64427
1217,72,0,-0.08293,0.12097,0.0000,0.0000,0,0,4,0.7729,0.0000,0.0000,0.0000,0.0000,-0.97849,-0.97802,-0.14162,0.15995,0.97785,0.97866,0.69591,0.00000,-0.00118,0.64427
1218,71,1,-0.25397,0.12140,0.0000,0.0000,0,0,4,0.7709,0.0000,0.0000,0.0000,0.0000,-0.97896,-0.97752,-0.14859,0.15105,0.97783,0.97867,0.69608,0.00000,-0.00360,0.64514
1219,71,0,-0.25397,0.12140,0.0000,0.0000,0,0,4,0.7709,0.0000,0.0000,0.0000,0.0000,-0.97896,-0.97752,-0.14859,0.15105,0.97783,0.97867,0.69608,0.00000,-0.00360,0.64514
1220,71,0,-0.25397,0.12140,0.0000,0.0000,0,0,4,0.7709,0.0000,0.0000,0.0000,0.0000,-0.97896,-0.97752,-0.14859,0.15105,0.97783,0.97867,0.69608,0.00000,-0.00360,0.64514
1221,71,0,-0.25397,0.12140,0.0000,0.0000,0,0,4,0.7709,0.0000,0.0000,0.0000,0.0000,-0.97896,-0.97752,-0.14859,0.15105,0.97783,0.97867,0.69608,0.00000,-0.00360,0.64514
1222,71,0,-0.25397,0.12140,0.0000,0.0000,0,0,4,0.7709,0.0000,0.0000,0.0000,0.0000,-0.97896,-0.97752,-0.14859,0.15105,0.97783,0.97867,0.69608,0.00000,-0.00360,0.64514
1223,71,0,-0.25397,0.12140,0.0000,0.0000,0,0,4,0.7709,0.0000,0.0000,0.0000,0.0000,-0.97896,-0.97752,-0.14859,0.15105,0.97783,0.97867,0.69608,0.00000,-0.00360,0.64514
1224,71,0,-0.84748,0.01268,0.0000,0.0000,0,0,6,0.7703,0.0000,0.0000,0.0000,0.0000,-0.98042,-0.97556,-0.86354,0.01259,0.97550,0.98046,0.69278,0.00000,-0.01216,0.62750
1225,71,0,-0.84748,0.01268,0.0000,0.0000,0,0,6,0.7703,0.0000,0.0000,0.0000,0.0000,-0.98042,-0.97556,-0.86354,0.01259,0.97550,0.98046,0.69278,0.00000,-0.01216,0.62750
1226,71,0,-0.84748,0.01268,0.0000,0.0000,0,0,6,0.7703,0.0000,0.0000,0.0000,0.0000,-0.98042,-0.97556,-0.86354,0.01259,0.97550,0.98046,0.69278,0.00000,-0.01216,0.62750
1227,71,0,-0.84748,0.01268,0.0000,0.0000,0,0,6,0.7703,0.0000,0.0000,0.0000,0.0000,-0.98042,-0.97556,-0.86354,0.01259,0.97550,0.98046,0.69278,0.00000,-0.01216,0.62750
1228,71,0,-0.84748,0.01268,0.0000,0.0000,0,0,6,0.7703,0.0000,0.0000,0.0000,0.0000,-0.98042,-0.97556,-0.86354,0.01259,0.97550,0.98046,0.69278,0.00000,-0.01216,0.62750
1229,71,0,-0.84748,0.01268,0.0000,0.0000,0,0,6,0.7703,0.0000,0.0000,0.0000,0.0000,-0.98042,-0.97556,-0.86354,0.01259,0.97550,0.98046,0.69278,0.00000,-0.01216,0.62750
1230,71,0,-0.84748,0.01268,0.0000,0.0000,0,0,6,0.7696,0.0000,0.0000,0.0000,0.0001,-0.98042,-0.97556,-0.86354,0.01259,0.97550,0.98046,0.69303,0.00000,-0.01216,0.62880
1231,71,0,-0.84748,0.01268,0.0000,0.0000,0,0,6,0.7696,0.0000,0.0000,0.0000,0.0001,-0.98042,-0.97556,-0.86354,0.01259,0.97550,0.98046,0.69303,0.00000,-0.01216,0.62880
1232,71,0,-0.84748,0.01268,0.0000,0.0000,0,0,6,0.7696,0.0000,0.0000,0.0000,0.0001,-0.98042,-0.97556,-0.86354,0.01259,0.97550,0.98046,0.69303,0.00000,-0.01216,0.62880
1233,71,0,-0.84748,0.01268,0.0000,0.0000,0,0,6,0.7696,0.0000,0.0000,0.0000,0.0001,-0.98042,-0.97556,-0.86354,0.01259,0.97550,0.98046,0.69303,0.00000,-0.01216,0.62880
1234,71,0,-0.84748,0.01268,0.0000,0.0000,0,0,6,0.7696,0.0000,0.0000,0.0000,0.0001,-0.98042,-0.97556,-0.86354,0.01259,0.97550,0.98046,0.69303,0.00000,-0.01216,0.62880
1235,71,0,-0.84748,0.01268,0.0000,0.0000,0,0,6,0.7696,0.0000,0.0000,0.0000,0.0001,-0.98042,-0.97556,-0.86354,0.01259,0.97550,0.98046,0.69303,0.00000,-0.01216,0.62880
1236,71,0,-0.34149,0.07359,0.0000,0.0000,0,0,5,0.7689,0.0000,0.0000,0.0000,0.0002,-0.97919,-0.97725,-0.88877,0.00929,0.97541,0.98052,0.69458,0.00000,-0.00485,0.63711
1237,71,0,-0.34149,0.07359,0.0000,0.0000,0,0,5,0.7689,0.0000,0.0000,0.0000,0.0002,-0.97919,-0.97725,-0.88877,0.00929,0.97541,0.98052,0.69458,0.00000,-0.00485,0.63711
1238,71,0,-0.34149,0.07359,0.0000,0.0000,0,0,5,0.7689,0.0000,0.0000,0.0000,0.0002,-0.97919,-0.97725,-0.88877,0.00929,0.97541,0.98052,0.69458,0.00000,-0.00485,0.63711
1239,71,0,-0.34149,0.07359,0.0000,0.0000,0,0,5,0.7689,0.0000,0.0000,0.0000,0.0002,-0.97919,-0.97725,-0.88877,0.00929,0.97541,0.98052,0.69458,0.00000,-0.00485,0.63711
1240,71,0,-0.34149,0.07359,0.0000,0.0000,0,0,5,0.7689,0.0000,0.0000,0.0000,0.0002,-0.97919,-0.97725,-0.88877,0.00929,0.97541,0.98052,0.69458,0.00000,-0.00485,0.63711
1241,71,0,-0.34149,0.07359,0.0000,0.0000,0,0,5,0.7689,0.0000,0.0000,0.0000,0.0002,-0.97919,-0.97725,-0.88877,0.00929,0.97541,0.98052,0.69458,0.00000,-0.00485,0.63711
1242,71,0,-0.34149,0.07359,0.0000,0.0000,0,0,5,0.7683,0.0000,0.0000,0.0000,0.0004,-0.97919,-0.97725,-0.88877,0.00929,0.97541,0.98052,0.69486,0.00000,-0.00485,0.63857
1243,71,0,-0.34149,0.07359,0.0000,0.0000,0,0,5,0.7683,0.0000,0.0000,0.0000,0.0004,-0.97919,-0.97725,-0.88877,0.00929,0.97541,0.98052,0.69486,0.00000,-0.00485,0.63857
1244,71,0,-0.34149,0.07359,0.0000,0.0000,0,0,5,0.7683,0.0000,0.0000,0.0000,0.0004,-0.97919,-0.97725,-0.88877,0.00929,0.97541,0.98052,0.69486,0.00000,-0.00485,0.63857
1245,71,0,-0.34149,0.07359,0.0000,0.0000,0,0,5,0.7683,0.0000,0.0000,0.0000,0.0004,-0.97919,-0.97725,-0.88877,0.00929,0.97541,0.98052,0.69486,0.00000,-0.00485,0.63857
1246,71,0,-0.34149,0.07359,0.0000,0.0000,0,0,5,0.7683,0.0000,0.0000,0.0000,0.0004,-0.97919,-0.97725,-0.88877,0.00929,0.97541,0.98052,0.69486,0.00000,-0.00485,0.63857
1247,71,0,-0.34149,0.07359,0.0000,0.0000,0,0,5,0.7683,0.0000,0.0000,0.0000,0.0004,-0.97919,-0.97725,-0.88877,0.00929,0.97541,0.98052,0.69486,0.00000,-0.00485,0.63857
1248,71,0,-0.51003,0.04669,0.0000,0.0000,0,0,5,0.7663,0.0000,0.0000,0.0000,0.0000,-0.97962,-0.97671,-0.92582,0.00472,0.97528,0.98060,0.69482,0.00000,-0.00726,0.63840
1249,71,0,-0.51003,0.04669,0.0000,0.0000,0,0,5,0.7663,0.0000,0.0000,0.0000,0.0000,-0.97962,-0.97671,-0.92582,0.00472,0.97528,0.98060,0.69482,0.00000,-0.00726,0.63840
1250,71,0,-0.51003,0.04669,0.0000,0.0000,0,0,5,0.7663,0.0000,0.0000,0.0000,0.0000,-0.97962,-0.97671,-0.92582,0.00472,0.97528,0.98060,0.69482,0.00000,-0.00726,0.63840
1251,71,0,-0.51003,0.04669,0.0000,0.0000,0,0,5,0.7663,0.0000,0.0000,0.0000,0.0000,-0.97962,-0.97671,-0.92582,0.00472,0.97528,0.98060,0.69482,0.00000,-0.00726,0.63840
1252,71,0,-0.51003,0.04669,0.0000,0.0000,0,0,5,0.7663,0.0000,0.0000,0.0000,0.0000,-0.97962,-0.97671,-0.92582,0.00472,0.97528,0.98060,0.69482,0.00000,-0.00726,0.63840
1253,71,0,-0.51003,0.04669,0.0000,0.0000,0,0,5,0.7663,0.0000,0.0000,0.0000,0.0000,-0.97962,-0.97671,-0.92582,0.00472,0.97528,0.98060,0.69482,0.00000,-0.00726,0.63840
1254,71,0,-0.93003,0.00345,0.0000,0.0000,0,0,6,0.7643,0.9524,1.0000,0.0000,0.0000,-0.98061,-0.97526,-0.92901,0.00317,0.97526,0.98061,0.62962,0.00000,-0.01338,0.34995
1255,71,0,-0.93003,0.00345,0.0000,0.0000,0,0,6,0.7643,0.9524,1.0000,0.0000,0.0000,-0.98061,-0.97526,-0.92901,0.00317,0.97526,0.98061,0.62962,0.00000,-0.01338,0.34995
1256,71,0,-0.93003,0.00345,0.0000,0.0000,0,0,6,0.7643,0.9524,1.0000,0.0000,0.0000,-0.98061,-0.97526,-0.92901,0.00317,0.97526,0.98061,0.62962,0.00000,-0.01338,0.34995
1257,71,0,-0.93003,0.00345,0.0000,0.0000,0,0,6,0.7643,0.9524,1.0000,0.0000,0.0000,-0.98061,-0.97526,-0.92901,0.00317,0.97526,0.98061,0.62962,0.00000,-0.01338,0.34995
1258,71,0,-0.93003,0.00345,0.0000,0.0000,0,0,6,0.7643,0.9524,1.0000,0.0000,0.0000,-0.98061,-0.97526,-0.92901,0.00317,0.97526,0.98061,0.62962,0.00000,-0.01338,0.34995
1259,71,0,-0.93003,0.00345,0.0000,0.0000,0,0,6,0.7643,0.9524,1.0000,0.0000,0.0000,-0.98061,-0.97526,-0.92901,0.00317,0.97526,0.98061,0.62962,0.00000,-0.01338,0.34995
1260,71,0,-0.69422,0.02116,0.0000,0.0000,0,0,3,0.7637,0.9524,1.0000,0.0000,0.0000,-0.98007,-0.97610,-0.64928,0.03401,0.97625,0.97996,0.63201,0.00000,-0.00992,0.35872
1261,71,0,-0.69422,0.02116,0.0000,0.0000,0,0,3,0.7637,0.9524,1.0000,0.0000,0.0000,-0.98007,-0.97610,-0.64928,0.03401,0.97625,0.97996,0.63201,0.00000,-0.00992,0.35872
1262,71,0,-0.69422,0.02116,0.0000,0.0000,0,0,3,0.7637,0.9524,1.0000,0.0000,0.0000,-0.98007,-0.97610,-0.64928,0.03401,0.97625,0.97996,0.63201,0.00000,-0.00992,0.35872
1263,71,0,-0.69422,0.02116,0.0000,0.0000,0,0,3,0.7637,0.9524,1.0000,0.0000,0.0000,-0.98007,-0.97610,-0.64928,0.03401,0.97625,0.97996,0.63201,0.00000,-0.00992,0.35872
1264,71,0,-0.69422,0.02116,0.0000,0.0000,0,0,3,0.7637,0.9524,1.0000,0.0000,0.0000,-0.98007,-0.97610,-0.64928,0.03401,0.97625,0.97996,0.63201,0.00000,-0.00992,0.35872
1265,71,0,-0.69422,0.02116,0.0000,0.0000,0,0,3,0.7637,0.9524,1.0000,0.0000,0.0000,-0.98007,-0.97610,-0.64928,0.03401,0.97625,0.97996,0.63201,0.00000,-0.00992,0.35872
1266,71,0,-0.79263,0.01286,0.0000,0.0000,0,0,0,0.7630,0.9524,1.0000,0.0000,0.0001,-0.98030,-0.97575,0.11445,0.21089,0.97858,0.97793,0.63490,0.00000,-0.01136,0.36947
1267,71,0,-0.79263,0.01286,0.0000,0.0000,0,0,0,0.7630,0.9524,1.0000,0.0000,0.0001,-0.98030,-0.97575,0.11445,0.21089,0.97858,0.97793,0.63490,0.00000,-0.01136,0.36947
1268,71,0,-0.79263,0.01286,0.0000,0.0000,0,0,0,0.7630,0.9524,1.0000,0.0000,0.0001,-0.98030,-0.97575,0.11445,0.21089,0.97858,0.97793,0.63490,0.00000,-0.01136,0.36947
1269,71,0,-0.79263,0.01286,0.0000,0.0000,0,0,0,0.7630,0.9524,1.0000,0.0000,0.0001,-0.98030,-0.97575,0.11445,0.21089,0.97858,0.97793,0.63490,0.00000,-0.01136,0.36947
1270,71,0,-0.79263,0.01286,0.0000,0.0000,0,0,0,0.7630,0.9524,1.0000,0.0000,0.0001,-0.98030,-0.97575,0.11445,0.21089,0.97858,0.97793,0.63490,0.00000,-0.01136,0.36947
1271,71,0,-0.79263,0.01286,0.0000,0.0000,0,0,0,0.7630,0.9524,1.0000,0.0000,0.0001,-0.98030,-0.97575,0.11445,0.21089,0.97858,0.97793,0.63490,0.00000,-0.01136,0.36947
1272,71,0,-0.77141,0.01253,0.0000,0.0000,0,0,0,0.7623,0.9524,1.0000,0.0000,0.0002,-0.98025,-0.97583,0.11437,0.19995,0.97858,0.97793,0.63534,0.00000,-0.01105,0.37116
1273,71,0,-0.77141,0.01253,0.0000,0.0000,0,0,0,0.7623,0.9524,1.0000,0.0000,0.0002,-0.98025,-0.97583,0.11437,0.19995,0.97858,0.97793,0.63534,0.00000,-0.01105,0.37116
1274,71,0,-0.77141,0.01253,0.0000,0.0000,0,0,0,0.7623,0.9524,1.0000,0.0000,0.0002,-0.98025,-0.97583,0.11437,0.19995,0.97858,0.97793,0.63534,0.00000,-0.01105,0.37116
1275,71,0,-0.77141,0.01253,0.0000,0.0000,0,0,0,0.7623,0.9524,1.0000,0.0000,0.0002,-0.98025,-0.97583,0.11437,0.19995,0.97858,0.97793,0.63534,0.00000,-0.01105,0.37116
1276,71,0,-0.77141,0.01253,0.0000,0.0000,0,0,0,0.7623,0.9524,1.0000,0.0000,0.0002,-0.98025,-0.97583,0.11437,0.19995,0.97858,0.97793,0.63534,0.00000,-0.01105,0.37116
1277,71,0,-0.77141,0.01253,0.0000,0.0000,0,0,0,0.7623,0.9524,1.0000,0.0000,0.0002,-0.98025,-0.97583,0.11437,0.19995,0.97858,0.97793,0.63534,0.00000,-0.01105,0.37116
1278,71,0,-0.77141,0.01253,0.0000,0.0000,0,0,0,0.7617,0.9524,1.0000,0.0000,0.0004,-0.98025,-0.97583,0.11437,0.19995,0.97858,0.97793,0.63573,0.00000,-0.01105,0.37262
1279,71,0,-0.77141,0.01253,0.0000,0.0000,0,0,0,0.7617,0.9524,1.0000,0.0000,0.0004,-0.98025,-0.97583,0.11437,0.19995,0.97858,0.97793,0.63573,0.00000,-0.01105,0.37262
1280,71,0,-0.77141,0.01253,0.0000,0.0000,0,0,0,0.7617,0.9302,1.0000,0.0000,0.0004,-0.98025,-0.97583,0.11437,0.19995,0.97858,0.97793,0.63749,0.00000,-0.01105,0.37926
1281,71,0,-0.77141,0.01253,0.0000,0.0000,0,0,0,0.7617,0.9302,1.0000,0.0000,0.0004,-0.98025,-0.97583,0.11437,0.19995,0.97858,0.97793,0.63749,0.00000,-0.01105,0.37926
1282,71,0,-0.77141,0.01253,0.0000,0.0000,0,0,0,0.7617,0.9302,1.0000,0.0000,0.0004,-0.98025,-0.97583,0.11437,0.19995,0.97858,0.97793,0.63749,0.00000,-0.01105,0.37926
1283,71,0,-0.77141,0.01253,0.0000,0.0000,0,0,0,0.7617,0.9302,1.0000,0.0000,0.0004,-0.98025,-0.97583,0.11437,0.19995,0.97858,0.97793,0.63749,0.00000,-0.01105,0.37926
1284,71,0,-0.62747,0.02094,0.0000,0.0000,0,0,3,0.7610,0.9302,1.0000,0.0000,0.0007,-0.97991,-0.97632,-0.61734,0.03421,0.97636,0.97988,0.63569,0.00000,-0.00896,0.37246
1285,71,0,-0.62747,0.02094,0.0000,0.0000,0,0,3,0.7610,0.9302,1.0000,0.0000,0.0007,-0.97991,-0.97632,-0.61734,0.03421,0.97636,0.97988,0.63569,0.00000,-0.00896,0.37246
1286,71,0,-0.62747,0.02094,0.0000,0.0000,0,0,3,0.7610,0.9302,1.0000,0.0000,0.0007,-0.97991,-0.97632,-0.61734,0.03421,0.97636,0.97988,0.63569,0.00000,-0.00896,0.37246
1287,71,0,-0.62747,0.02094,0.0000,0.0000,0,0,3,0.7610,0.9302,1.0000,0.0000,0.0007,-0.97991,-0.97632,-0.61734,0.03421,0.97636,0.97988,0.63569,0.00000,-0.00896,0.37246
1288,71,0,-0.62747,0.02094,0.0000,0.0000,0,0,3,0.7610,0.9302,1.0000,0.0000,0.0007,-0.97991,-0.97632,-0.61734,0.03421,0.97636,0.97988,0.63569,0.00000,-0.00896,0.37246
1289,71,0,-0.62747,0.02094,0.0000,0.0000,0,0,3,0.7610,0.9302,1.0000,0.0000,0.0007,-0.97991,-0.97632,-0.61734,0.03421,0.97636,0.97988,0.63569,0.00000,-0.00896,0.37246
1290,70,1,-0.88550,0.01187,0.0000,0.0000,0,0,3,0.7590,0.0000,0.0000,0.0000,0.0000,-0.98051,-0.97542,-0.80977,0.01703,0.97569,0.98034,0.69650,0.00000,-0.01272,0.64742
1291,70,0,-0.88550,0.01187,0.0000,0.0000,0,0,3,0.7590,0.0000,0.0000,0.0000,0.0000,-0.98051,-0.97542,-0.80977,0.01703,0.97569,0.98034,0.69650,0.00000,-0.01272,0.64742
1292,70,0,-0.88550,0.01187,0.0000,0.0000,0,0,3,0.7590,0.0000,0.0000,0.0000,0.0000,-0.98051,-0.97542,-0.80977,0.01703,0.97569,0.98034,0.69650,0.00000,-0.01272,0.64742
1293,70,0,-0.88550,0.01187,0.0000,0.0000,0,0,3,0.7590,0.0000,0.0000,0.0000,0.0000,-0.98051,-0.97542,-0.80977,0.01703,0.97569,0.98034,0.69650,0.00000,-0.01272,0.64742
1294,70,0,-0.88550,0.01187,0.0000,0.0000,0,0,3,0.7590,0.0000,0.0000,0.0000,0.0000,-0.98051,-0.97542,-0.80977,0.01703,0.97569,0.98034,0.69650,0.00000,-0.01272,0.64742
1295,70,0,-0.88550,0.01187,0.0000,0.0000,0,0,3,0.7590,0.0000,0.0000,0.0000,0.0000,-0.98051,-0.97542,-0.80977,0.01703,0.97569,0.98034,0.69650,0.00000,-0.01272,0.64742
1296,70,0,-0.49706,0.06255,0.0000,0.0000,0,0,5,0.7583,0.0000,0.0000,0.0000,0.0000,-0.97958,-0.97675,-0.92817,0.00450,0.97527,0.98061,0.69743,0.00000,-0.00708,0.65253
1297,70,0,-0.49706,0.06255,0.0000,0.0000,0,0,5,0.7583,0.0000,0.0000,0.0000,0.0000,-0.97958,-0.97675,-0.92817,0.00450,0.97527,0.98061,0.69743,0.00000,-0.00708,0.65253
1298,70,0,-0.49706,0.06255,0.0000,0.0000,0,0,5,0.7583,0.0000,0.0000,0.0000,0.0000,-0.97958,-0.97675,-0.92817,0.00450,0.97527,0.98061,0.69743,0.00000,-0.00708,0.65253
1299,70,0,-0.49706,0.06255,0.0000,0.0000,0,0,5,0.7583,0.0000,0.0000,0.0000,0.0000,-0.97958,-0.97675,-0.92817,0.00450,0.97527,0.98061,0.69743,0.00000,-0.00708,0.65253
1300,70,0,-0.49706,0.06255,0.0000,0.0000,0,0,5,0.7583,0.0000,0.0000,0.0000,0.0000,-0.97958,-0.97675,-0.92817,0.00450,0.97527,0.98061,0.69743,0.00000,-0.00708,0.65253
1301,70,0,-0.49706,0.06255,0.0000,0.0000,0,0,5,0.7583,0.0000,0.0000,0.0000,0.0000,-0.97958,-0.97675,-0.92817,0.00450,0.97527,0.98061,0.69743,0.00000,-0.00708,0.65253
1302,69,1,-0.70196,0.03500,0.0000,0.0000,0,0,5,0.7563,0.9302,1.0000,0.0000,0.0000,-0.98008,-0.97607,-0.94184,0.00204,0.97522,0.98064,0.63603,0.00000,-0.01004,0.37373
1303,69,0,-0.70196,0.03500,0.0000,0.0000,0,0,5,0.7563,0.9302,1.0000,0.0000,0.0000,-0.98008,-0.97607,-0.94184,0.00204,0.97522,0.98064,0.63603,0.00000,-0.01004,0.37373
1304,69,0,-0.70196,0.03500,0.0000,0.0000,0,0,5,0.7563,0.9302,1.0000,0.0000,0.0000,-0.98008,-0.97607,-0.94184,0.00204,0.97522,0.98064,0.63603,0.00000,-0.01004,0.37373
1305,69,0,-0.70196,0.03500,0.0000,0.0000,0,0,5,0.7563,0.9302,1.0000,0.0000,0.0000,-0.98008,-0.97607,-0.94184,0.00204,0.97522,0.98064,0.63603,0.00000,-0.01004,0.37373
1306,69,0,-0.70196,0.03500,0.0000,0.0000,0,0,5,0.7563,0.9302,1.0000,0.0000,0.0000,-0.98008,-0.97607,-0.94184,0.00204,0.97522,0.98064,0.63603,0.00000,-0.01004,0.37373
1307,69,0,-0.70196,0.03500,0.0000,0.0000,0,0,5,0.7563,0.9302,1.0000,0.0000,0.0000,-0.98008,-0.97607,-0.94184,0.00204,0.97522,0.98064,0.63603,0.00000,-0.01004,0.37373
1308,68,1,-0.17799,0.13434,0.0000,0.0000,0,0,4,0.7544,0.9302,1.0000,0.0000,0.0000,-0.97875,-0.97774,-0.17366,0.08383,0.97776,0.97874,0.73015,0.00000,-0.00252,0.85287
1309,68,0,-0.17799,0.13434,0.0000,0.0000,0,0,4,0.7544,0.9302,1.0000,0.0000,0.0000,-0.97875,-0.97774,-0.17366,0.08383,0.97776,0.97874,0.73015,0.00000,-0.00252,0.85287
1310,68,0,-0.17799,0.13434,0.0000,0.0000,0,0,4,0.7544,0.9302,1.0000,0.0000,0.0000,-0.97875,-0.97774,-0.17366,0.08383,0.97776,0.97874,0.73015,0.00000,-0.00252,0.85287
1311,68,0,-0.17799,0.13434,0.0000,0.0000,0,0,4,0.7544,0.9302,1.0000,0.0000,0.0000,-0.97875,-0.97774,-0.17366,0.08383,0.97776,0.97874,0.73015,0.00000,-0.00252,0.85287
1312,68,0,-0.17799,0.13434,0.0000,0.0000,0,0,4,0.7544,0.9302,1.0000,0.0000,0.0000,-0.97875,-0.97774,-0.17366,0.08383,0.97776,0.97874,0.73015,0.00000,-0.00252,0.85287
1313,68,0,-0.17799,0.13434,0.0000,0.0000,0,0,4,0.7544,0.9302,1.0000,0.0000,0.0000,-0.97875,-0.97774,-0.17366,0.08383,0.97776,0.97874,0.73015,0.00000,-0.00252,0.85287
1314,68,0,0.16304,0.26946,0.0000,0.0000,0,0,4,0.7157,0.9302,1.0000,0.0000,0.0000,-0.97779,-0.97871,-0.17366,0.08383,0.97776,0.97874,0.73541,0.00000,0.00231,0.88973
1315,68,0,0.16304,0.26946,0.0000,0.0000,0,0,4,0.7157,0.9302,1.0000,0.0000,0.0000,-0.97779,-0.97871,-0.17366,0.08383,0.97776,0.97874,0.73541,0.00000,0.00231,0.88973
1316,68,0,0.16304,0.26946,0.0000,0.0000,0,0,4,0.7157,0.9302,1.0000,0.0000,0.0000,-0.97779,-0.97871,-0.17366,0.08383,0.97776,0.97874,0.73541,0.00000,0.00231,0.88973
1317,68,0,0.16304,0.26946,0.0000,0.0000,0,0,4,0.7157,0.9302,1.0000,0.0000,0.0000,-0.97779,-0.97871,-0.17366,0.08383,0.97776,0.97874,0.73541,0.00000,0.00231,0.88973
1318,68,0,0.16304,0.26946,0.0000,0.0000,0,0,4,0.7157,0.9302,1.0000,0.0000,0.0000,-0.97779,-0.97871,-0.17366,0.08383,0.97776,0.97874,0.73541,0.00000,0.00231,0.88973
1319,68,0,0.16304,0.26946,0.0000,0.0000,0,0,4,0.7157,0.9302,1.0000,0.0000,0.0000,-0.97779,-0.97871,-0.17366,0.08383,0.97776,0.97874,0.73541,0.00000,0.00231,0.88973
1320,67,1,-0.19161,0.14485,0.0000,0.0000,0,0,4,0.7137,0.9302,1.0000,0.0000,0.0000,-0.97879,-0.97770,-0.18489,0.09468,0.97772,0.97877,0.73528,0.00000,-0.00272,0.88882
1321,67,0,-0.19161,0.14485,0.0000,0.0000,0,0,4,0.7137,0.9302,1.0000,0.0000,0.0000,-0.97879,-0.97770,-0.18489,0.09468,0.97772,0.97877,0.73528,0.00000,-0.00272,0.88882
1322,67,0,-0.19161,0.14485,0.0000,0.0000,0,0,4,0.7137,0.9302,1.0000,0.0000,0.0000,-0.97879,-0.97770,-0.18489,0.09468,0.97772,0.97877,0.73528,0.00000,-0.00272,0.88882
1323,67,0,-0.19161,0.14485,0.0000,0.0000,0,0,4,0.7137,0.9302,1.0000,0.0000,0.0000,-0.97879,-0.97770,-0.18489,0.09468,0.97772,0.97877,0.73528,0.00000,-0.00272,0.88882
1324,67,0,-0.19161,0.14485,0.0000,0.0000,0,0,4,0.7137,0.9302,1.0000,0.0000,0.0000,-0.97879,-0.97770,-0.18489,0.09468,0.97772,0.97877,0.73528,0.00000,-0.00272,0.88882
1325,67,0,-0.19161,0.14485,0.0000,0.0000,0,0,4,0.7137,0.9302,1.0000,0.0000,0.0000,-0.97879,-0.97770,-0.18489,0.09468,0.97772,0.97877,0.73528,0.00000,-0.00272,0.88882
1326,66,1,-0.41152,0.10730,1.0000,0.0000,0,1,4,0.7036,0.9302,1.0000,0.0000,0.0000,-0.97937,-0.97703,-0.19701,0.08739,0.97769,0.97881,0.73762,0.00000,-0.00585,0.90565
1327,66,0,-0.41152,0.10730,1.0000,0.0000,0,1,4,0.7036,0.9302,1.0000,0.0000,0.0000,-0.97937,-0.97703,-0.19701,0.08739,0.97769,0.97881,0.73762,0.00000,-0.00585,0.90565
1328,66,0,-0.41152,0.10730,1.0000,0.0000,0,1,4,0.7036,0.9302,1.0000,0.0000,0.0000,-0.97937,-0.97703,-0.19701,0.08739,0.97769,0.97881,0.73762,0.00000,-0.00585,0.90565
1329,66,0,-0.41152,0.10730,1.0000,0.0000,0,1,4,0.7036,0.9302,1.0000,0.0000,0.0000,-0.97937,-0.97703,-0.19701,0.08739,0.97769,0.97881,0.73762,0.00000,-0.00585,0.90565
1330,66,0,-0.41152,0.10730,1.0000,0.0000,0,1,4,0.7036,0.9302,1.0000,0.0000,0.0000,-0.97937,-0.97703,-0.19701,0.08739,0.97769,0.97881,0.73762,0.00000,-0.00585,0.90565
1331,66,0,-0.41152,0.10730,1.0000,0.0000,0,1,4,0.7036,0.9302,1.0000,0.0000,0.0000,-0.97937,-0.97703,-0.19701,0.08739,0.97769,0.97881,0.73762,0.00000,-0.00585,0.90565
1332,66,0,-0.36468,0.10486,1.0000,0.0000,0,1,4,0.7029,0.9302,1.0000,0.0000,0.0000,-0.97925,-0.97718,-0.19691,0.08284,0.97769,0.97881,0.73800,0.00000,-0.00518,0.90837
1333,66,0,-0.36468,0.10486,1.0000,0.0000,0,1,4,0.7029,0.9302,1.0000,0.0000,0.0000,-0.97925,-0.97718,-0.19691,0.08284,0.97769,0.97881,0.73800,0.00000,-0.00518,0.90837
1334,66,0,-0.36468,0.10486,1.0000,0.0000,0,1,4,0.7029,0.9302,1.0000,0.0000,0.0000,-0.97925,-0.97718,-0.19691,0.08284,0.97769,0.97881,0.73800,0.00000,-0.00518,0.90837
1335,66,0,-0.36468,0.10486,1.0000,0.0000,0,1,4,0.7029,0.9302,1.0000,0.0000,0.0000,-0.97925,-0.97718,-0.19691,0.08284,0.97769,0.97881,0.73800,0.00000,-0.00518,0.90837
1336,66,0,-0.36468,0.10486,1.0000,0.0000,0,1,4,0.7029,0.9302,1.0000,0.0000,0.0000,-0.97925,-0.97718,-0.19691,0.08284,0.97769,0.97881,0.73800,0.00000,-0.00518,0.90837
1337,66,0,-0.36468,0.10486,1.0000,0.0000,0,1,4,0.7029,0.9302,1.0000,0.0000,0.0000,-0.97925,-0.97718,-0.19691,0.08284,0.97769,0.97881,0.73800,0.00000,-0.00518,0.90837
1338,65,1,-0.56022,0.07500,1.0000,0.0000,0,1,4,0.7003,0.9302,1.0000,0.0000,0.0000,-0.97974,-0.97655,-0.21070,0.07593,0.97765,0.97884,0.66316,0.00000,-0.00799,0.48440
1339,65,0,-0.56022,0.07500,1.0000,0.0000,0,1,4,0.7003,0.9302,1.0000,0.0000,0.0000,-0.97974,-0.97655,-0.21070,0.07593,0.97765,0.97884,0.66316,0.00000,-0.00799,0.48440
1340,65,0,-0.56022,0.07500,1.0000,0.0000,0,1,4,0.7003,0.9302,1.0000,0.0000,0.0000,-0.97974,-0.97655,-0.21070,0.07593,0.97765,0.97884,0.66316,0.00000,-0.00799,0.48440
1341,65,0,-0.56022,0.07500,1.0000,0.0000,0,1,4,0.7003,0.9302,1.0000,0.0000,0.0000,-0.97974,-0.97655,-0.21070,0.07593,0.97765,0.97884,0.66316,0.00000,-0.00799,0.48440
1342,65,0,-0.56022,0.07500,1.0000,0.0000,0,1,4,0.7003,0.9302,1.0000,0.0000,0.0000,-0.97974,-0.97655,-0.21070,0.07593,0.97765,0.97884,0.66316,0.00000,-0.00799,0.48440
1343,65,0,-0.56022,0.07500,1.0000,0.0000,0,1,4,0.7003,0.9302,1.0000,0.0000,0.0000,-0.97974,-0.97655,-0.21070,0.07593,0.97765,0.97884,0.66316,0.00000,-0.00799,0.48440
1344,64,1,-0.67220,0.04733,1.0000,0.0000,0,1,4,0.6977,0.9302,1.0000,0.0000,0.0000,-0.98001,-0.97617,-0.22639,0.06567,0.97760,0.97888,0.74508,0.00000,-0.00960,0.96141
1345,64,0,-0.67220,0.04733,1.0000,0.0000,0,1,4,0.6977,0.9302,1.0000,0.0000,0.0000,-0.98001,-0.97617,-0.22639,0.06567,0.97760,0.97888,0.74508,0.00000,-0.00960,0.96141
1346,64,0,-0.67220,0.04733,1.0000,0.0000,0,1,4,0.6977,0.9302,1.0000,0.0000,0.0000,-0.98001,-0.97617,-0.22639,0.06567,0.97760,0.97888,0.74508,0.00000,-0.00960,0.96141
1347,64,0,-0.67220,0.04733,1.0000,0.0000,0,1,4,0.6977,0.9302,1.0000,0.0000,0.0000,-0.98001,-0.97617,-0.22639,0.06567,0.97760,0.97888,0.74508,0.00000,-0.00960,0.96141
1348,64,0,-0.67220,0.04733,1.0000,0.0000,0,1,4,0.6977,0.9302,1.0000,0.0000,0.0000,-0.98001,-0.97617,-0.22639,0.06567,0.97760,0.97888,0.74508,0.00000,-0.00960,0.96141
1349,64,0,-0.67220,0.04733,1.0000,0.0000,0,1,4,0.6977,0.9302,1.0000,0.0000,0.0000,-0.98001,-0.97617,-0.22639,0.06567,0.97760,0.97888,0.74508,0.00000,-0.00960,0.96141
1350,64,0,-0.47922,0.08656,1.0000,0.0000,0,1,0,0.6970,0.9302,1.0000,0.0000,0.0000,-0.97954,-0.97681,0.15578,0.14482,0.97869,0.97781,0.74662,0.00000,-0.00682,0.97331
1351,64,0,-0.47922,0.08656,1.0000,0.0000,0,1,0,0.6970,0.9302,1.0000,0.0000,0.0000,-0.97954,-0.97681,0.15578,0.14482,0.97869,0.97781,0.74662,0.00000,-0.00682,0.97331
1352,64,0,-0.47922,0.08656,1.0000,0.0000,0,1,0,0.6970,0.9302,1.0000,0.0000,0.0000,-0.97954,-0.97681,0.15578,0.14482,0.97869,0.97781,0.74662,0.00000,-0.00682,0.97331
1353,64,0,-0.47922,0.08656,1.0000,0.0000,0,1,0,0.6970,0.9302,1.0000,0.0000,0.0000,-0.97954,-0.97681,0.15578,0.14482,0.97869,0.97781,0.74662,0.00000,-0.00682,0.97331
1354,64,0,-0.47922,0.08656,1.0000,0.0000,0,1,0,0.6970,0.9302,1.0000,0.0000,0.0000,-0.97954,-0.97681,0.15578,0.14482,0.97869,0.97781,0.74662,0.00000,-0.00682,0.97331
1355,64,0,-0.47922,0.08656,1.0000,0.0000,0,1,0,0.6970,0.9302,1.0000,0.0000,0.0000,-0.97954,-0.97681,0.15578,0.14482,0.97869,0.97781,0.74662,0.00000,-0.00682,0.97331
1356,64,0,-0.45815,0.08527,0.0000,0.0000,0,0,0,0.6964,0.9302,1.0000,0.0000,0.0001,-0.97949,-0.97688,0.15566,0.13829,0.97869,0.97781,0.74714,0.00000,-0.00652,0.97738
1357,64,0,-0.45815,0.08527,0.0000,0.0000,0,0,0,0.6964,0.9302,1.0000,0.0000,0.0001,-0.97949,-0.97688,0.15566,0.13829,0.97869,0.97781,0.74714,0.00000,-0.00652,0.97738
1358,64,0,-0.45815,0.08527,0.0000,0.0000,0,0,0,0.6964,0.9302,1.0000,0.0000,0.0001,-0.97949,-0.97688,0.15566,0.13829,0.97869,0.97781,0.74714,0.00000,-0.00652,0.97738
1359,64,0,-0.45815,0.08527,0.0000,0.0000,0,0,0,0.6964,0.9302,1.0000,0.0000,0.0001,-0.97949,-0.97688,0.15566,0.13829,0.97869,0.97781,0.74714,0.00000,-0.00652,0.97738
1360,64,0,-0.45815,0.08527,0.0000,0.0000,0,0,0,0.6964,0.9302,1.0000,0.0000,0.0001,-0.97949,-0.97688,0.15566,0.13829,0.97869,0.97781,0.74714,0.00000,-0.00652,0.97738
1361,64,0,-0.45815,0.08527,0.0000,0.0000,0,0,0,0.6964,0.9302,1.0000,0.0000,0.0001,-0.97949,-0.97688,0.15566,0.13829,0.97869,0.97781,0.74714,0.00000,-0.00652,0.97738
1362,64,0,-0.92745,0.00688,0.0000,0.0000,0,0,3,0.6957,0.9302,1.0000,0.0000,0.0002,-0.98061,-0.97527,-0.64402,0.02023,0.97627,0.97995,0.74508,0.00000,-0.01334,0.96136
1363,64,0,-0.92745,0.00688,0.0000,0.0000,0,0,3,0.6957,0.9302,1.0000,0.0000,0.0002,-0.98061,-0.97527,-0.64402,0.02023,0.97627,0.97995,0.74508,0.00000,-0.01334,0.96136
1364,64,0,-0.92745,0.00688,0.0000,0.0000,0,0,3,0.6957,0.9302,1.0000,0.0000,0.0002,-0.98061,-0.97527,-0.64402,0.02023,0.97627,0.97995,0.74508,0.00000,-0.01334,0.96136
1365,64,0,-0.92745,0.00688,0.0000,0.0000,0,0,3,0.6957,0.9302,1.0000,0.0000,0.0002,-0.98061,-0.97527,-0.64402,0.02023,0.97627,0.97995,0.74508,0.00000,-0.01334,0.96136
1366,64,0,-0.92745,0.00688,0.0000,0.0000,0,0,3,0.6957,0.9302,1.0000,0.0000,0.0002,-0.98061,-0.97527,-0.64402,0.02023,0.97627,0.97995,0.74508,0.00000,-0.01334,0.96136
1367,64,0,-0.92745,0.00688,0.0000,0.0000,0,0,3,0.6957,0.9302,1.0000,0.0000,0.0002,-0.98061,-0.97527,-0.64402,0.02023,0.97627,0.97995,0.74508,0.00000,-0.01334,0.96136
1368,64,0,-0.92432,0.00696,0.0000,0.0000,0,0,3,0.6950,0.9302,1.0000,0.0000,0.0004,-0.98060,-0.97528,-0.63104,0.02025,0.97631,0.97991,0.74540,0.00000,-0.01330,0.96389
1369,64,0,-0.92432,0.00696,0.0000,0.0000,0,0,3,0.6950,0.9302,1.0000,0.0000,0.0004,-0.98060,-0.97528,-0.63104,0.02025,0.97631,0.97991,0.74540,0.00000,-0.01330,0.96389
1370,64,0,-0.92432,0.00696,0.0000,0.0000,0,0,3,0.6950,0.9302,1.0000,0.0000,0.0004,-0.98060,-0.97528,-0.63104,0.02025,0.97631,0.97991,0.74540,0.00000,-0.01330,0.96389
1371,64,0,-0.92432,0.00696,0.0000,0.0000,0,0,3,0.6950,0.9302,1.0000,0.0000,0.0004,-0.98060,-0.97528,-0.63104,0.02025,0.97631,0.97991,0.74540,0.00000,-0.01330,0.96389
1372,64,0,-0.92432,0.00696,0.0000,0.0000,0,0,3,0.6950,0.9302,1.0000,0.0000,0.0004,-0.98060,-0.97528,-0.63104,0.02025,0.97631,0.97991,0.74540,0.00000,-0.01330,0.96389
1373,64,0,-0.92432,0.00696,0.0000,0.0000,0,0,3,0.6950,0.9302,1.0000,0.0000,0.0004,-0.98060,-0.97528,-0.63104,0.02025,0.97631,0.97991,0.74540,0.00000,-0.01330,0.96389
1374,64,0,-0.45325,0.08330,0.0000,0.0000,0,0,0,0.6944,0.9302,1.0000,0.0000,0.0007,-0.97947,-0.97689,0.15557,0.13236,0.97869,0.97781,0.74803,0.00000,-0.00645,0.98433
1375,64,0,-0.45325,0.08330,0.0000,0.0000,0,0,0,0.6944,0.9302,1.0000,0.0000,0.0007,-0.97947,-0.97689,0.15557,0.13236,0.97869,0.97781,0.74803,0.00000,-0.00645,0.98433
1376,64,0,-0.45325,0.08330,0.0000,0.0000,0,0,0,0.6944,0.9302,1.0000,0.0000,0.0007,-0.97947,-0.97689,0.15557,0.13236,0.97869,0.97781,0.74803,0.00000,-0.00645,0.98433
1377,64,0,-0.45325,0.08330,0.0000,0.0000,0,0,0,0.6944,0.9302,1.0000,0.0000,0.0007,-0.97947,-0.97689,0.15557,0.13236,0.97869,0.97781,0.74803,0.00000,-0.00645,0.98433
1378,64,0,-0.45325,0.08330,0.0000,0.0000,0,0,0,0.6944,0.9302,1.0000,0.0000,0.0007,-0.97947,-0.97689,0.15557,0.13236,0.97869,0.97781,0.74803,0.00000,-0.00645,0.98433
1379,64,0,-0.45325,0.08330,0.0000,0.0000,0,0,0,0.6944,0.9302,1.0000,0.0000,0.0007,-0.97947,-0.97689,0.15557,0.13236,0.97869,0.97781,0.74803,0.00000,-0.00645,0.98433
1380,64,0,-0.45502,0.08092,0.0000,0.0000,0,0,0,0.6937,0.9302,1.0000,0.0000,0.0010,-0.97948,-0.97689,0.15601,0.16086,0.97869,0.97781,0.74593,0.00000,-0.00647,0.96800
1381,64,0,-0.45502,0.08092,0.0000,0.0000,0,0,0,0.6937,0.9302,1.0000,0.0000,0.0010,-0.97948,-0.97689,0.15601,0.16086,0.97869,0.97781,0.74593,0.00000,-0.00647,0.96800
1382,64,0,-0.45502,0.08092,0.0000,0.0000,0,0,0,0.6937,0.9302,1.0000,0.0000,0.0010,-0.97948,-0.97689,0.15601,0.16086,0.97869,0.97781,0.74593,0.00000,-0.00647,0.96800
1383,64,0,-0.45502,0.08092,0.0000,0.0000,0,0,0,0.6937,0.9302,1.0000,0.0000,0.0010,-0.97948,-0.97689,0.15601,0.16086,0.97869,0.97781,0.74593,0.00000,-0.00647,0.96800
1384,64,0,-0.45502,0.08092,0.0000,0.0000,0,0,0,0.6937,0.9302,1.0000,0.0000,0.0010,-0.97948,-0.97689,0.15601,0.16086,0.97869,0.97781,0.74593,0.00000,-0.00647,0.96800
1385,64,0,-0.45502,0.08092,0.0000,0.0000,0,0,0,0.6937,0.9302,1.0000,0.0000,0.0010,-0.97948,-0.97689,0.15601,0.16086,0.97869,0.97781,0.74593,0.00000,-0.00647,0.96800
1386,65,-1,-0.67455,0.06375,0.0000,0.0000,0,0,0,0.6917,0.9302,1.0000,0.0000,0.0000,-0.98002,-0.97616,0.14814,0.16817,0.97867,0.97783,0.74588,0.00000,-0.00964,0.96757
1387,65,0,-0.67455,0.06375,0.0000,0.0000,0,0,0,0.6917,0.9302,1.0000,0.0000,0.0000,-0.98002,-0.97616,0.14814,0.16817,0.97867,0.97783,0.74588,0.00000,-0.00964,0.96757
1388,65,0,-0.67455,0.06375,0.0000,0.0000,0,0,0,0.6917,0.9302,1.0000,0.0000,0.0000,-0.98002,-0.97616,0.14814,0.16817,0.97867,0.97783,0.74588,0.00000,-0.00964,0.96757
1389,65,0,-0.67455,0.06375,0.0000,0.0000,0,0,0,0.6917,0.9302,1.0000,0.0000,0.0000,-0.98002,-0.97616,0.14814,0.16817,0.97867,0.97783,0.74588,0.00000,-0.00964,0.96757
1390,65,0,-0.67455,0.06375,0.0000,0.0000,0,0,0,0.6917,0.9302,1.0000,0.0000,0.0000,-0.98002,-0.97616,0.14814,0.16817,0.97867,0.97783,0.74588,0.00000,-0.00964,0.96757
1391,65,0,-0.67455,0.06375,0.0000,0.0000,0,0,0,0.6917,0.9302,1.0000,0.0000,0.0000,-0.98002,-0.97616,0.14814,0.16817,0.97867,0.97783,0.74588,0.00000,-0.00964,0.96757
1392,65,0,-0.64927,0.06110,0.0000,0.0000,0,0,0,0.6910,0.9302,1.0000,0.0000,0.0000,-0.97996,-0.97625,0.14808,0.15947,0.97867,0.97783,0.74619,0.00000,-0.00927,0.96999
1393,65,0,-0.64927,0.06110,0.0000,0.0000,0,0,0,0.6910,0.9302,1.0000,0.0000,0.0000,-0.97996,-0.97625,0.14808,0.15947,0.97867,0.97783,0.74619,0.00000,-0.00927,0.96999
1394,65,0,-0.64927,0.06110,0.0000,0.0000,0,0,0,0.6910,0.9302,1.0000,0.0000,0.0000,-0.97996,-0.97625,0.14808,0.15947,0.97867,0.97783,0.74619,0.00000,-0.00927,0.96999
1395,65,0,-0.64927,0.06110,0.0000,0.0000,0,0,0,0.6910,0.9302,1.0000,0.0000,0.0000,-0.97996,-0.97625,0.14808,0.15947,0.97867,0.97783,0.74619,0.00000,-0.00927,0.96999
1396,65,0,-0.64927,0.06110,0.0000,0.0000,0,0,0,0.6910,0.9302,1.0000,0.0000,0.0000,-0.97996,-0.97625,0.14808,0.15947,0.97867,0.97783,0.74619,0.00000,-0.00927,0.96999
1397,65,0,-0.64927,0.06110,0.0000,0.0000,0,0,0,0.6910,0.9302,1.0000,0.0000,0.0000,-0.97996,-0.97625,0.14808,0.15947,0.97867,0.97783,0.74619,0.00000,-0.00927,0.96999
1398,66,-1,-0.77795,0.04256,0.0000,0.0000,0,0,0,0.6890,0.9302,1.0000,0.0000,0.0000,-0.98026,-0.97581,0.14126,0.16645,0.97865,0.97785,0.66799,0.00000,-0.01114,0.50596
1399,66,0,-0.77795,0.04256,0.0000,0.0000,0,0,0,0.6890,0.9302,1.0000,0.0000,0.0000,-0.98026,-0.97581,0.14126,0.16645,0.97865,0.97785,0.66799,0.00000,-0.01114,0.50596
1400,66,0,-0.77795,0.04256,0.0000,0.0000,0,0,0,0.6890,0.9302,1.0000,0.0000,0.0000,-0.98026,-0.97581,0.14126,0.16645,0.97865,0.97785,0.66799,0.00000,-0.01114,0.50596
1401,66,0,-0.77795,0.04256,0.0000,0.0000,0,0,0,0.6890,0.9302,1.0000,0.0000,0.0000,-0.98026,-0.97581,0.14126,0.16645,0.97865,0.97785,0.66799,0.00000,-0.01114,0.50596
1402,66,0,-0.77795,0.04256,0.0000,0.0000,0,0,0,0.6890,0.9302,1.0000,0.0000,0.0000,-0.98026,-0.97581,0.14126,0.16645,0.97865,0.97785,0.66799,0.00000,-0.01114,0.50596
1403,66,0,-0.77795,0.04256,0.0000,0.0000,0,0,0,0.6890,0.9302,1.0000,0.0000,0.0000,-0.98026,-0.97581,0.14126,0.16645,0.97865,0.97785,0.66799,0.00000,-0.01114,0.50596
1404,67,-1,-0.79754,0.02837,0.0000,0.0000,0,0,0,0.6871,0.9302,1.0000,0.0000,0.0000,-0.98031,-0.97574,0.13489,0.16507,0.97864,0.97787,0.66867,0.00000,-0.01143,0.50906
1405,67,0,-0.79754,0.02837,0.0000,0.0000,0,0,0,0.6871,0.9302,1.0000,0.0000,0.0000,-0.98031,-0.97574,0.13489,0.16507,0.97864,0.97787,0.66867,0.00000,-0.01143,0.50906
1406,67,0,-0.79754,0.02837,0.0000,0.0000,0,0,0,0.6871,0.9302,1.0000,0.0000,0.0000,-0.98031,-0.97574,0.13489,0.16507,0.97864,0.97787,0.66867,0.00000,-0.01143,0.50906
1407,67,0,-0.79754,0.02837,0.0000,0.0000,0,0,0,0.6871,0.9302,1.0000,0.0000,0.0000,-0.98031,-0.97574,0.13489,0.16507,0.97864,0.97787,0.66867,0.00000,-0.01143,0.50906
1408,67,0,-0.79754,0.02837,0.0000,0.0000,0,0,0,0.6871,0.9302,1.0000,0.0000,0.0000,-0.98031,-0.97574,0.13489,0.16507,0.97864,0.97787,0.66867,0.00000,-0.01143,0.50906
1409,67,0,-0.79754,0.02837,0.0000,0.0000,0,0,0,0.6871,0.9302,1.0000,0.0000,0.0000,-0.98031,-0.97574,0.13489,0.16507,0.97864,0.97787,0.66867,0.00000,-0.01143,0.50906
1410,68,-1,-0.85023,0.01955,0.0000,0.0000,0,0,0,0.6851,0.9302,1.0000,0.0000,0.0000,-0.98043,-0.97555,0.12904,0.17168,0.97862,0.97789,0.66924,0.00000,-0.01220,0.51168
1411,68,0,-0.85023,0.01955,0.0000,0.0000,0,0,0,0.6851,0.9302,1.0000,0.0000,0.0000,-0.98043,-0.97555,0.12904,0.17168,0.97862,0.97789,0.66924,0.00000,-0.01220,0.51168
1412,68,0,-0.85023,0.01955,0.0000,0.0000,0,0,0,0.6851,0.9302,1.0000,0.0000,0.0000,-0.98043,-0.97555,0.12904,0.17168,0.97862,0.97789,0.66924,0.00000,-0.01220,0.51168
1413,68,0,-0.85023,0.01955,0.0000,0.0000,0,0,0,0.6851,0.9302,1.0000,0.0000,0.0000,-0.98043,-0.97555,0.12904,0.17168,0.97862,0.97789,0.66924,0.00000,-0.01220,0.51168
1414,68,0,-0.85023,0.01955,0.0000,0.0000,0,0,0,0.6851,0.9302,1.0000,0.0000,0.0000,-0.98043,-0.97555,0.12904,0.17168,0.97862,0.97789,0.66924,0.00000,-0.01220,0.51168
1415,68,0,-0.85023,0.01955,0.0000,0.0000,0,0,0,0.6851,0.9302,1.0000,0.0000,0.0000,-0.98043,-0.97555,0.12904,0.17168,0.97862,0.97789,0.66924,0.00000,-0.01220,0.51168
1416,68,0,-0.83173,0.01910,0.0000,0.0000,0,0,0,0.6844,0.9302,1.0000,0.0000,0.0000,-0.98039,-0.97562,0.12897,0.16394,0.97862,0.97789,0.66957,0.00000,-0.01193,0.51317
1417,68,0,-0.83173,0.01910,0.0000,0.0000,0,0,0,0.6844,0.9302,1.0000,0.0000,0.0000,-0.98039,-0.97562,0.12897,0.16394,0.97862,0.97789,0.66957,0.00000,-0.01193,0.51317
1418,68,0,-0.83173,0.01910,0.0000,0.0000,0,0,0,0.6844,0.9302,1.0000,0.0000,0.0000,-0.98039,-0.97562,0.12897,0.16394,0.97862,0.97789,0.66957,0.00000,-0.01193,0.51317
1419,68,0,-0.83173,0.01910,0.0000,0.0000,0,0,0,0.6844,0.9302,1.0000,0.0000,0.0000,-0.98039,-0.97562,0.12897,0.16394,0.97862,0.97789,0.66957,0.00000,-0.01193,0.51317
1420,68,0,-0.83173,0.01910,0.0000,0.0000,0,0,0,0.6844,0.9302,1.0000,0.0000,0.0000,-0.98039,-0.97562,0.12897,0.16394,0.97862,0.97789,0.66957,0.00000,-0.01193,0.51317
1421,68,0,-0.83173,0.01910,0.0000,0.0000,0,0,0,0.6844,0.9302,1.0000,0.0000,0.0000,-0.98039,-0.97562,0.12897,0.16394,0.97862,0.97789,0.66957,0.00000,-0.01193,0.51317
1422,68,0,-0.83173,0.01910,0.0000,0.0000,0,0,0,0.6837,0.9302,1.0000,0.0000,0.0001,-0.98039,-0.97562,0.12897,0.16394,0.97862,0.97789,0.66985,0.00000,-0.01193,0.51446
1423,68,0,-0.83173,0.01910,0.0000,0.0000,0,0,0,0.6837,0.9302,1.0000,0.0000,0.0001,-0.98039,-0.97562,0.12897,0.16394,0.97862,0.97789,0.66985,0.00000,-0.01193,0.51446
1424,68,0,-0.83173,0.01910,0.0000,0.0000,0,0,0,0.6837,0.9302,1.0000,0.0000,0.0001,-0.98039,-0.97562,0.12897,0.16394,0.97862,0.97789,0.66985,0.00000,-0.01193,0.51446
1425,68,0,-0.83173,0.01910,0.0000,0.0000,0,0,0,0.6837,0.9302,1.0000,0.0000,0.0001,-0.98039,-0.97562,0.12897,0.16394,0.97862,0.97789,0.66985,0.00000,-0.01193,0.51446
1426,68,0,-0.83173,0.01910,0.0000,0.0000,0,0,0,0.6837,0.9302,1.0000,0.0000,0.0001,-0.98039,-0.97562,0.12897,0.16394,0.97862,0.97789,0.66985,0.00000,-0.01193,0.51446
1427,68,0,-0.83173,0.01910,0.0000,0.0000,0,0,0,0.6837,0.9302,1.0000,0.0000,0.0001,-0.98039,-0.97562,0.12897,0.16394,0.97862,0.97789,0.66985,0.00000,-0.01193,0.51446
1428,68,0,-0.81413,0.01866,0.0000,0.0000,0,0,0,0.6831,0.9302,1.0000,0.0000,0.0002,-0.98035,-0.97568,0.12892,0.15692,0.97862,0.97789,0.67020,0.00000,-0.01167,0.51609
1429,68,0,-0.81413,0.01866,0.0000,0.0000,0,0,0,0.6831,0.9302,1.0000,0.0000,0.0002,-0.98035,-0.97568,0.12892,0.15692,0.97862,0.97789,0.67020,0.00000,-0.01167,0.51609
1430,68,0,-0.81413,0.01866,0.0000,0.0000,0,0,0,0.6831,0.9302,1.0000,0.0000,0.0002,-0.98035,-0.97568,0.12892,0.15692,0.97862,0.97789,0.67020,0.00000,-0.01167,0.51609
1431,68,0,-0.81413,0.01866,0.0000,0.0000,0,0,0,0.6831,0.9302,1.0000,0.0000,0.0002,-0.98035,-0.97568,0.12892,0.15692,0.97862,0.97789,0.67020,0.00000,-0.01167,0.51609
1432,68,0,-0.81413,0.01866,0.0000,0.0000,0,0,0,0.6831,0.9302,1.0000,0.0000,0.0002,-0.98035,-0.97568,0.12892,0.15692,0.97862,0.97789,0.67020,0.00000,-0.01167,0.51609
1433,68,0,-0.81413,0.01866,0.0000,0.0000,0,0,0,0.6831,0.9302,1.0000,0.0000,0.0002,-0.98035,-0.97568,0.12892,0.15692,0.97862,0.97789,0.67020,0.00000,-0.01167,0.51609
1434,68,0,-0.93018,0.00533,0.0000,0.0000,0,0,1,0.6824,0.9302,1.0000,0.0000,0.0004,-0.98061,-0.97526,-0.37816,0.05336,0.97713,0.97928,0.66857,0.00000,-0.01338,0.50864
1435,68,0,-0.93018,0.00533,0.0000,0.0000,0,0,1,0.6824,0.9302,1.0000,0.0000,0.0004,-0.98061,-0.97526,-0.37816,0.05336,0.97713,0.97928,0.66857,0.00000,-0.01338,0.50864
1436,68,0,-0.93018,0.00533,0.0000,0.0000,0,0,1,0.6824,0.9302,1.0000,0.0000,0.0004,-0.98061,-0.97526,-0.37816,0.05336,0.97713,0.97928,0.66857,0.00000,-0.01338,0.50864
1437,68,0,-0.93018,0.00533,0.0000,0.0000,0,0,1,0.6824,0.9302,1.0000,0.0000,0.0004,-0.98061,-0.97526,-0.37816,0.05336,0.97713,0.97928,0.66857,0.00000,-0.01338,0.50864
1438,68,0,-0.93018,0.00533,0.0000,0.0000,0,0,1,0.6824,0.9302,1.0000,0.0000,0.0004,-0.98061,-0.97526,-0.37816,0.05336,0.97713,0.97928,0.66857,0.00000,-0.01338,0.50864
1439,68,0,-0.93018,0.00533,0.0000,0.0000,0,0,1,0.6824,0.9302,1.0000,0.0000,0.0004,-0.98061,-0.97526,-0.37816,0.05336,0.97713,0.97928,0.66857,0.00000,-0.01338,0.50864
1440,69,-1,-0.96204,0.00197,0.0000,0.0000,0,0,1,0.6804,0.0000,0.0000,0.0000,0.0000,-0.98068,-0.97514,-0.71223,0.02972,0.97603,0.98011,0.71993,0.00000,-0.01386,0.78525
1441,69,0,-0.96204,0.00197,0.0000,0.0000,0,0,1,0.6804,0.0000,0.0000,0.0000,0.0000,-0.98068,-0.97514,-0.71223,0.02972,0.97603,0.98011,0.71993,0.00000,-0.01386,0.78525
1442,69,0,-0.96204,0.00197,0.0000,0.0000,0,0,1,0.6804,0.0000,0.0000,0.0000,0.0000,-0.98068,-0.97514,-0.71223,0.02972,0.97603,0.98011,0.71993,0.00000,-0.01386,0.78525
1443,69,0,-0.96204,0.00197,0.0000,0.0000,0,0,1,0.6804,0.0000,0.0000,0.0000,0.0000,-0.98068,-0.97514,-0.71223,0.02972,0.97603,0.98011,0.71993,0.00000,-0.01386,0.78525
1444,69,0,-0.96204,0.00197,0.0000,0.0000,0,0,1,0.6804,0.0000,0.0000,0.0000,0.0000,-0.98068,-0.97514,-0.71223,0.02972,0.97603,0.98011,0.71993,0.00000,-0.01386,0.78525
1445,69,0,-0.96204,0.00197,0.0000,0.0000,0,0,1,0.6804,0.0000,0.0000,0.0000,0.0000,-0.98068,-0.97514,-0.71223,0.02972,0.97603,0.98011,0.71993,0.00000,-0.01386,0.78525
1446,70,-1,-0.97468,0.00064,0.0000,0.0000,0,0,1,0.6784,0.0000,0.0000,0.0000,0.0000,-0.98071,-0.97509,-0.83783,0.01634,0.97559,0.98040,0.72015,0.00000,-0.01405,0.78670
1447,70,0,-0.97468,0.00064,0.0000,0.0000,0,0,1,0.6784,0.0000,0.0000,0.0000,0.0000,-0.98071,-0.97509,-0.83783,0.01634,0.97559,0.98040,0.72015,0.00000,-0.01405,0.78670
1448,70,0,-0.97468,0.00064,0.0000,0.0000,0,0,1,0.6784,0.0000,0.0000,0.0000,0.0000,-0.98071,-0.97509,-0.83783,0.01634,0.97559,0.98040,0.72015,0.00000,-0.01405,0.78670
1449,70,0,-0.97468,0.00064,0.0000,0.0000,0,0,1,0.6784,0.0000,0.0000,0.0000,0.0000,-0.98071,-0.97509,-0.83783,0.01634,0.97559,0.98040,0.72015,0.00000,-0.01405,0.78670
1450,70,0,-0.97468,0.00064,0.0000,0.0000,0,0,1,0.6784,0.0000,0.0000,0.0000,0.0000,-0.98071,-0.97509,-0.83783,0.01634,0.97559,0.98040,0.72015,0.00000,-0.01405,0.78670
1451,70,0,-0.97468,0.00064,0.0000,0.0000,0,0,1,0.6784,0.0000,0.0000,0.0000,0.0000,-0.98071,-0.97509,-0.83783,0.01634,0.97559,0.98040,0.72015,0.00000,-0.01405,0.78670
1452,71,-1,-0.97152,0.00012,0.0000,0.0000,0,0,1,0.6764,0.0000,0.0000,0.0000,0.0000,-0.98071,-0.97511,-0.89643,0.00887,0.97538,0.98054,0.72057,0.00000,-0.01400,0.78935
1453,71,0,-0.97152,0.00012,0.0000,0.0000,0,0,1,0.6764,0.0000,0.0000,0.0000,0.0000,-0.98071,-0.97511,-0.89643,0.00887,0.97538,0.98054,0.72057,0.00000,-0.01400,0.78935
1454,71,0,-0.97152,0.00012,0.0000,0.0000,0,0,1,0.6764,0.0000,0.0000,0.0000,0.0000,-0.98071,-0.97511,-0.89643,0.00887,0.97538,0.98054,0.72057,0.00000,-0.01400,0.78935
1455,71,0,-0.97152,0.00012,0.0000,0.0000,0,0,1,0.6764,0.0000,0.0000,0.0000,0.0000,-0.98071,-0.97511,-0.89643,0.00887,0.97538,0.98054,0.72057,0.00000,-0.01400,0.78935
1456,71,0,-0.97152,0.00012,0.0000,0.0000,0,0,1,0.6764,0.0000,0.0000,0.0000,0.0000,-0.98071,-0.97511,-0.89643,0.00887,0.97538,0.98054,0.72057,0.00000,-0.01400,0.78935
1457,71,0,-0.97152,0.00012,0.0000,0.0000,0,0,1,0.6764,0.0000,0.0000,0.0000,0.0000,-0.98071,-0.97511,-0.89643,0.00887,0.97538,0.98054,0.72057,0.00000,-0.01400,0.78935
1458,71,0,-0.97445,0.00046,0.0000,0.0000,0,0,1,0.6745,0.0000,0.0000,0.0000,0.0000,-0.98071,-0.97510,-0.83350,0.01698,0.97561,0.98039,0.72125,0.00000,-0.01404,0.79371
1459,71,0,-0.97445,0.00046,0.0000,0.0000,0,0,1,0.6745,0.0000,0.0000,0.0000,0.0000,-0.98071,-0.97510,-0.83350,0.01698,0.97561,0.98039,0.72125,0.00000,-0.01404,0.79371
1460,71,0,-0.97445,0.00046,0.0000,0.0000,0,0,1,0.6745,0.0000,0.0000,0.0000,0.0000,-0.98071,-0.97510,-0.83350,0.01698,0.97561,0.98039,0.72125,0.00000,-0.01404,0.79371
1461,71,0,-0.97445,0.00046,0.0000,0.0000,0,0,1,0.6745,0.0000,0.0000,0.0000,0.0000,-0.98071,-0.97510,-0.83350,0.01698,0.97561,0.98039,0.72125,0.00000,-0.01404,0.79371
1462,71,0,-0.97445,0.00046,0.0000,0.0000,0,0,1,0.6745,0.0000,0.0000,0.0000,0.0000,-0.98071,-0.97510,-0.83350,0.01698,0.97561,0.98039,0.72125,0.00000,-0.01404,0.79371
1463,71,0,-0.97445,0.00046,0.0000,0.0000,0,0,1,0.6745,0.0000,0.0000,0.0000,0.0000,-0.98071,-0.97510,-0.83350,0.01698,0.97561,0.98039,0.72125,0.00000,-0.01404,0.79371
1464,71,0,-0.85604,0.01030,0.0000,0.0000,0,0,6,0.6738,0.0000,0.0000,0.0000,0.0000,-0.98044,-0.97553,-0.85747,0.01344,0.97552,0.98045,0.72165,0.00000,-0.01229,0.79632
1465,71,0,-0.85604,0.01030,0.0000,0.0000,0,0,6,0.6738,0.0000,0.0000,0.0000,0.0000,-0.98044,-0.97553,-0.85747,0.01344,0.97552,0.98045,0.72165,0.00000,-0.01229,0.79632
1466,71,0,-0.85604,0.01030,0.0000,0.0000,0,0,6,0.6738,0.0000,0.0000,0.0000,0.0000,-0.98044,-0.97553,-0.85747,0.01344,0.97552,0.98045,0.72165,0.00000,-0.01229,0.79632
1467,71,0,-0.85604,0.01030,0.0000,0.0000,0,0,6,0.6738,0.0000,0.0000,0.0000,0.0000,-0.98044,-0.97553,-0.85747,0.01344,0.97552,0.98045,0.72165,0.00000,-0.01229,0.79632
1468,71,0,-0.85604,0.01030,0.0000,0.0000,0,0,6,0.6738,0.0000,0.0000,0.0000,0.0000,-0.98044,-0.97553,-0.85747,0.01344,0.97552,0.98045,0.72165,0.00000,-0.01229,0.79632
1469,71,0,-0.85604,0.01030,0.0000,0.0000,0,0,6,0.6738,0.0000,0.0000,0.0000,0.0000,-0.98044,-0.97553,-0.85747,0.01344,0.97552,0.98045,0.72165,0.00000,-0.01229,0.79632
1470,71,0,-0.91508,0.00621,0.0000,0.0000,0,0,6,0.6718,0.0000,0.0000,0.0000,0.0000,-0.98058,-0.97531,-0.91016,0.00699,0.97533,0.98057,0.72193,0.00000,-0.01316,0.79809
1471,71,0,-0.91508,0.00621,0.0000,0.0000,0,0,6,0.6718,0.0000,0.0000,0.0000,0.0000,-0.98058,-0.97531,-0.91016,0.00699,0.97533,0.98057,0.72193,0.00000,-0.01316,0.79809
1472,71,0,-0.91508,0.00621,0.0000,0.0000,0,0,6,0.6718,0.0000,0.0000,0.0000,0.0000,-0.98058,-0.97531,-0.91016,0.00699,0.97533,0.98057,0.72193,0.00000,-0.01316,0.79809
1473,71,0,-0.91508,0.00621,0.0000,0.0000,0,0,6,0.6718,0.0000,0.0000,0.0000,0.0000,-0.98058,-0.97531,-0.91016,0.00699,0.97533,0.98057,0.72193,0.00000,-0.01316,0.79809
1474,71,0,-0.91508,0.00621,0.0000,0.0000,0,0,6,0.6718,0.0000,0.0000,0.0000,0.0000,-0.98058,-0.97531,-0.91016,0.00699,0.97533,0.98057,0.72193,0.00000,-0.01316,0.79809
1475,71,0,-0.91508,0.00621,0.0000,0.0000,0,0,6,0.6718,0.0000,0.0000,0.0000,0.0000,-0.98058,-0.97531,-0.91016,0.00699,0.97533,0.98057,0.72193,0.00000,-0.01316,0.79809
1476,71,0,-0.90144,0.00616,0.0000,0.0000,0,0,6,0.6711,0.0000,0.0000,0.0000,0.0000,-0.98055,-0.97536,-0.90639,0.00700,0.97535,0.98056,0.72215,0.00000,-0.01296,0.79956
1477,71,0,-0.90144,0.00616,0.0000,0.0000,0,0,6,0.6711,0.0000,0.0000,0.0000,0.0000,-0.98055,-0.97536,-0.90639,0.00700,0.97535,0.98056,0.72215,0.00000,-0.01296,0.79956
1478,71,0,-0.90144,0.00616,0.0000,0.0000,0,0,6,0.6711,0.0000,0.0000,0.0000,0.0000,-0.98055,-0.97536,-0.90639,0.00700,0.97535,0.98056,0.72215,0.00000,-0.01296,0.79956
1479,71,0,-0.90144,0.00616,0.0000,0.0000,0,0,6,0.6711,0.0000,0.0000,0.0000,0.0000,-0.98055,-0.97536,-0.90639,0.00700,0.97535,0.98056,0.72215,0.00000,-0.01296,0.79956
1480,71,0,-0.90144,0.00616,0.0000,0.0000,0,0,6,0.6711,0.0000,0.0000,0.0000,0.0000,-0.98055,-0.97536,-0.90639,0.00700,0.97535,0.98056,0.72215,0.00000,-0.01296,0.79956
1481,71,0,-0.90144,0.00616,0.0000,0.0000,0,0,6,0.6711,0.0000,0.0000,0.0000,0.0000,-0.98055,-0.97536,-0.90639,0.00700,0.97535,0.98056,0.72215,0.00000,-0.01296,0.79956
1482,71,0,0.18548,0.22597,0.0000,0.0000,0,0,4,0.6705,0.0000,0.0000,0.0000,0.0001,-0.97772,-0.97877,-0.14837,0.13332,0.97783,0.97867,0.72638,0.00000,0.00263,0.82738
1483,71,0,0.18548,0.22597,0.0000,0.0000,0,0,4,0.6705,0.0000,0.0000,0.0000,0.0001,-0.97772,-0.97877,-0.14837,0.13332,0.97783,0.97867,0.72638,0.00000,0.00263,0.82738
1484,71,0,0.18548,0.22597,0.0000,0.0000,0,0,4,0.6705,0.0000,0.0000,0.0000,0.0001,-0.97772,-0.97877,-0.14837,0.13332,0.97783,0.97867,0.72638,0.00000,0.00263,0.82738
1485,71,0,0.18548,0.22597,0.0000,0.0000,0,0,4,0.6705,0.0000,0.0000,0.0000,0.0001,-0.97772,-0.97877,-0.14837,0.13332,0.97783,0.97867,0.72638,0.00000,0.00263,0.82738
1486,71,0,0.18548,0.22597,0.0000,0.0000,0,0,4,0.6705,0.0000,0.0000,0.0000,0.0001,-0.97772,-0.97877,-0.14837,0.13332,0.97783,0.97867,0.72638,0.00000,0.00263,0.82738
1487,71,0,0.18548,0.22597,0.0000,0.0000,0,0,4,0.6705,0.0000,0.0000,0.0000,0.0001,-0.97772,-0.97877,-0.14837,0.13332,0.97783,0.97867,0.72638,0.00000,0.00263,0.82738
1488,70,1,0.13911,0.23308,0.0000,0.0000,0,0,4,0.6685,0.0000,0.0000,0.0000,0.0000,-0.97786,-0.97865,-0.15605,0.12030,0.97781,0.97869,0.72676,0.00000,0.00197,0.82990
1489,70,0,0.13911,0.23308,0.0000,0.0000,0,0,4,0.6685,0.0000,0.0000,0.0000,0.0000,-0.97786,-0.97865,-0.15605,0.12030,0.97781,0.97869,0.72676,0.00000,0.00197,0.82990
1490,70,0,0.13911,0.23308,0.0000,0.0000,0,0,4,0.6685,0.0000,0.0000,0.0000,0.0000,-0.97786,-0.97865,-0.15605,0.12030,0.97781,0.97869,0.72676,0.00000,0.00197,0.82990
1491,70,0,0.13911,0.23308,0.0000,0.0000,0,0,4,0.6685,0.0000,0.0000,0.0000,0.0000,-0.97786,-0.97865,-0.15605,0.12030,0.97781,0.97869,0.72676,0.00000,0.00197,0.82990
1492,70,0,0.13911,0.23308,0.0000,0.0000,0,0,4,0.6685,0.0000,0.0000,0.0000,0.0000,-0.97786,-0.97865,-0.15605,0.12030,0.97781,0.97869,0.72676,0.00000,0.00197,0.82990
1493,70,0,0.13911,0.23308,0.0000,0.0000,0,0,4,0.6685,0.0000,0.0000,0.0000,0.0000,-0.97786,-0.97865,-0.15605,0.12030,0.97781,0.97869,0.72676,0.00000,0.00197,0.82990
1494,70,0,-0.87970,0.00941,0.0000,0.0000,0,0,0,0.6678,0.0000,0.0000,0.0000,0.0000,-0.98050,-0.97544,0.11886,0.21070,0.97859,0.97792,0.72534,0.00000,-0.01264,0.82040
1495,70,0,-0.87970,0.00941,0.0000,0.0000,0,0,0,0.6678,0.0000,0.0000,0.0000,0.0000,-0.98050,-0.97544,0.11886,0.21070,0.97859,0.97792,0.72534,0.00000,-0.01264,0.82040
1496,70,0,-0.87970,0.00941,0.0000,0.0000,0,0,0,0.6678,0.0000,0.0000,0.0000,0.0000,-0.98050,-0.97544,0.11886,0.21070,0.97859,0.97792,0.72534,0.00000,-0.01264,0.82040
1497,70,0,-0.87970,0.00941,0.0000,0.0000,0,0,0,0.6678,0.0000,0.0000,0.0000,0.0000,-0.98050,-0.97544,0.11886,0.21070,0.97859,0.97792,0.72534,0.00000,-0.01264,0.82040
1498,70,0,-0.87970,0.00941,0.0000,0.0000,0,0,0,0.6678,0.0000,0.0000,0.0000,0.0000,-0.98050,-0.97544,0.11886,0.21070,0.97859,0.97792,0.72534,0.00000,-0.01264,0.82040
1499,70,0,-0.87970,0.00941,0.0000,0.0000,0,0,0,0.6678,0.0000,0.0000,0.0000,0.0000,-0.98050,-0.97544,0.11886,0.21070,0.97859,0.97792,0.72534,0.00000,-0.01264,0.82040
1500,70,0,-0.86744,0.00920,0.0000,0.0000,0,0,0,0.6672,0.0000,0.0000,0.0000,0.0001,-0.98047,-0.97549,0.11904,0.24921,0.97859,0.97792,0.72556,0.00000,-0.01246,0.82188
1501,70,0,-0.86744,0.00920,0.0000,0.0000,0,0,0,0.6672,0.0000,0.0000,0.0000,0.0001,-0.98047,-0.97549,0.11904,0.24921,0.97859,0.97792,0.72556,0.00000,-0.01246,0.82188
1502,70,0,-0.86744,0.00920,0.0000,0.0000,0,0,0,0.6672,0.0000,0.0000,0.0000,0.0001,-0.98047,-0.97549,0.11904,0.24921,0.97859,0.97792,0.72556,0.00000,-0.01246,0.82188
1503,70,0,-0.86744,0.00920,0.0000,0.0000,0,0,0,0.6672,0.0000,0.0000,0.0000,0.0001,-0.98047,-0.97549,0.11904,0.24921,0.97859,0.97792,0.72556,0.00000,-0.01246,0.82188
1504,70,0,-0.86744,0.00920,0.0000,0.0000,0,0,0,0.6672,0.0000,0.0000,0.0000,0.0001,-0.98047,-0.97549,0.11904,0.24921,0.97859,0.97792,0.72556,0.00000,-0.01246,0.82188
1505,70,0,-0.86744,0.00920,0.0000,0.0000,0,0,0,0.6672,0.0000,0.0000,0.0000,0.0001,-0.98047,-0.97549,0.11904,0.24921,0.97859,0.97792,0.72556,0.00000,-0.01246,0.82188
1506,70,0,0.18667,0.22731,0.0000,0.0000,0,0,4,0.6665,0.0000,0.0000,0.0000,0.0002,-0.97772,-0.97878,-0.15634,0.14231,0.97781,0.97870,0.72744,0.00000,0.00265,0.83446
1507,70,0,0.18667,0.22731,0.0000,0.0000,0,0,4,0.6665,0.0000,0.0000,0.0000,0.0002,-0.97772,-0.97878,-0.15634,0.14231,0.97781,0.97870,0.72744,0.00000,0.00265,0.83446
1508,70,0,0.18667,0.22731,0.0000,0.0000,0,0,4,0.6665,0.0000,0.0000,0.0000,0.0002,-0.97772,-0.97878,-0.15634,0.14231,0.97781,0.97870,0.72744,0.00000,0.00265,0.83446
1509,70,0,0.18667,0.22731,0.0000,0.0000,0,0,4,0.6665,0.0000,0.0000,0.0000,0.0002,-0.97772,-0.97878,-0.15634,0.14231,0.97781,0.97870,0.72744,0.00000,0.00265,0.83446
1510,70,0,0.18667,0.22731,0.0000,0.0000,0,0,4,0.6665,0.0000,0.0000,0.0000,0.0002,-0.97772,-0.97878,-0.15634,0.14231,0.97781,0.97870,0.72744,0.00000,0.00265,0.83446
1511,70,0,0.18667,0.22731,0.0000,0.0000,0,0,4,0.6665,0.0000,0.0000,0.0000,0.0002,-0.97772,-0.97878,-0.15634,0.14231,0.97781,0.97870,0.72744,0.00000,0.00265,0.83446
1512,70,0,0.23889,0.22698,0.0000,0.0000,0,0,4,0.6658,0.0000,0.0000,0.0000,0.0004,-0.97756,-0.97892,-0.15625,0.13660,0.97781,0.97870,0.72777,0.00000,0.00339,0.83666
1513,70,0,0.23889,0.22698,0.0000,0.0000,0,0,4,0.6658,0.0000,0.0000,0.0000,0.0004,-0.97756,-0.97892,-0.15625,0.13660,0.97781,0.97870,0.72777,0.00000,0.00339,0.83666
1514,70,0,0.23889,0.22698,0.0000,0.0000,0,0,4,0.6658,0.0000,0.0000,0.0000,0.0004,-0.97756,-0.97892,-0.15625,0.13660,0.97781,0.97870,0.72777,0.00000,0.00339,0.83666
1515,70,0,0.23889,0.22698,0.0000,0.0000,0,0,4,0.6658,0.0000,0.0000,0.0000,0.0004,-0.97756,-0.97892,-0.15625,0.13660,0.97781,0.97870,0.72777,0.00000,0.00339,0.83666
1516,70,0,0.23889,0.22698,0.0000,0.0000,0,0,4,0.6658,0.0000,0.0000,0.0000,0.0004,-0.97756,-0.97892,-0.15625,0.13660,0.97781,0.97870,0.72777,0.00000,0.00339,0.83666
1517,70,0,0.23889,0.22698,0.0000,0.0000,0,0,4,0.6658,0.0000,0.0000,0.0000,0.0004,-0.97756,-0.97892,-0.15625,0.13660,0.97781,0.97870,0.72777,0.00000,0.00339,0.83666
1518,69,1,0.24525,0.35921,0.0000,0.0000,0,0,4,0.6638,0.0000,0.0000,0.0000,0.0000,-0.97754,-0.97893,-0.16489,0.12804,0.97778,0.97872,0.72818,0.00000,0.00348,0.83942
1519,69,0,0.24525,0.35921,0.0000,0.0000,0,0,4,0.6638,0.0000,0.0000,0.0000,0.0000,-0.97754,-0.97893,-0.16489,0.12804,0.97778,0.97872,0.72818,0.00000,0.00348,0.83942
1520,69,0,0.24525,0.35921,0.0000,0.0000,0,0,4,0.6638,0.0000,0.0000,0.0000,0.0000,-0.97754,-0.97893,-0.16489,0.12804,0.97778,0.97872,0.72818,0.00000,0.00348,0.83942
1521,69,0,0.24525,0.35921,0.0000,0.0000,0,0,4,0.6638,0.0000,0.0000,0.0000,0.0000,-0.97754,-0.97893,-0.16489,0.12804,0.97778,0.97872,0.72818,0.00000,0.00348,0.83942
1522,69,0,0.24525,0.35921,0.0000,0.0000,0,0,4,0.6638,0.0000,0.0000,0.0000,0.0000,-0.97754,-0.97893,-0.16489,0.12804,0.97778,0.97872,0.72818,0.00000,0.00348,0.83942
1523,69,0,0.24525,0.35921,0.0000,0.0000,0,0,4,0.6638,0.0000,0.0000,0.0000,0.0000,-0.97754,-0.97893,-0.16489,0.12804,0.97778,0.97872,0.72818,0.00000,0.00348,0.83942
1524,68,1,0.18895,0.26766,0.0000,0.0000,0,0,4,0.6619,0.0000,0.0000,0.0000,0.0000,-0.97771,-0.97878,-0.17439,0.11461,0.97775,0.97874,0.72855,0.00000,0.00268,0.84193
1525,68,0,0.18895,0.26766,0.0000,0.0000,0,0,4,0.6619,0.0000,0.0000,0.0000,0.0000,-0.97771,-0.97878,-0.17439,0.11461,0.97775,0.97874,0.72855,0.00000,0.00268,0.84193
1526,68,0,0.18895,0.26766,0.0000,0.0000,0,0,4,0.6619,0.0000,0.0000,0.0000,0.0000,-0.97771,-0.97878,-0.17439,0.11461,0.97775,0.97874,0.72855,0.00000,0.00268,0.84193
1527,68,0,0.18895,0.26766,0.0000,0.0000,0,0,4,0.6619,0.0000,0.0000,0.0000,0.0000,-0.97771,-0.97878,-0.17439,0.11461,0.97775,0.97874,0.72855,0.00000,0.00268,0.84193
1528,68,0,0.18895,0.26766,0.0000,0.0000,0,0,4,0.6619,0.0000,0.0000,0.0000,0.0000,-0.97771,-0.97878,-0.17439,0.11461,0.97775,0.97874,0.72855,0.00000,0.00268,0.84193
1529,68,0,0.18895,0.26766,0.0000,0.0000,0,0,4,0.6619,0.0000,0.0000,0.0000,0.0000,-0.97771,-0.97878,-0.17439,0.11461,0.97775,0.97874,0.72855,0.00000,0.00268,0.84193
1530,67,1,0.11870,0.27970,0.0000,0.0000,0,0,4,0.6599,0.0000,0.0000,0.0000,0.0000,-0.97792,-0.97859,-0.18506,0.10643,0.97772,0.97877,0.72888,0.00000,0.00168,0.84423
1531,67,0,0.11870,0.27970,0.0000,0.0000,0,0,4,0.6599,0.0000,0.0000,0.0000,0.0000,-0.97792,-0.97859,-0.18506,0.10643,0.97772,0.97877,0.72888,0.00000,0.00168,0.84423
1532,67,0,0.11870,0.27970,0.0000,0.0000,0,0,4,0.6599,0.0000,0.0000,0.0000,0.0000,-0.97792,-0.97859,-0.18506,0.10643,0.97772,0.97877,0.72888,0.00000,0.00168,0.84423
1533,67,0,0.11870,0.27970,0.0000,0.0000,0,0,4,0.6599,0.0000,0.0000,0.0000,0.0000,-0.97792,-0.97859,-0.18506,0.10643,0.97772,0.97877,0.72888,0.00000,0.00168,0.84423
1534,67,0,0.11870,0.27970,0.0000,0.0000,0,0,4,0.6599,0.0000,0.0000,0.0000,0.0000,-0.97792,-0.97859,-0.18506,0.10643,0.97772,0.97877,0.72888,0.00000,0.00168,0.84423
1535,67,0,0.11870,0.27970,0.0000,0.0000,0,0,4,0.6599,0.0000,0.0000,0.0000,0.0000,-0.97792,-0.97859,-0.18506,0.10643,0.97772,0.97877,0.72888,0.00000,0.00168,0.84423
1536,67,0,0.13614,0.25528,0.0000,0.0000,0,0,4,0.6592,0.0000,0.0000,0.0000,0.0000,-0.97787,-0.97864,-0.18496,0.10207,0.97772,0.97877,0.72910,0.00000,0.00193,0.84569
1537,67,0,0.13614,0.25528,0.0000,0.0000,0,0,4,0.6592,0.0000,0.0000,0.0000,0.0000,-0.97787,-0.97864,-0.18496,0.10207,0.97772,0.97877,0.72910,0.00000,0.00193,0.84569
1538,67,0,0.13614,0.25528,0.0000,0.0000,0,0,4,0.6592,0.0000,0.0000,0.0000,0.0000,-0.97787,-0.97864,-0.18496,0.10207,0.97772,0.97877,0.72910,0.00000,0.00193,0.84569
1539,67,0,0.13614,0.25528,0.0000,0.0000,0,0,4,0.6592,0.0000,0.0000,0.0000,0.0000,-0.97787,-0.97864,-0.18496,0.10207,0.97772,0.97877,0.72910,0.00000,0.00193,0.84569
1540,67,0,0.13614,0.25528,0.0000,0.0000,0,0,4,0.6592,0.0000,0.0000,0.0000,0.0000,-0.97787,-0.97864,-0.18496,0.10207,0.97772,0.97877,0.72910,0.00000,0.00193,0.84569
1541,67,0,0.13614,0.25528,0.0000,0.0000,0,0,4,0.6592,0.0000,0.0000,0.0000,0.0000,-0.97787,-0.97864,-0.18496,0.10207,0.97772,0.97877,0.72910,0.00000,0.00193,0.84569
1542,67,0,0.13614,0.25528,0.0000,0.0000,0,0,4,0.6586,0.0000,0.0000,0.0000,0.0001,-0.97787,-0.97864,-0.18496,0.10207,0.97772,0.97877,0.72929,0.00000,0.00193,0.84698
1543,67,0,0.13614,0.25528,0.0000,0.0000,0,0,4,0.6586,0.0000,0.0000,0.0000,0.0001,-0.97787,-0.97864,-0.18496,0.10207,0.97772,0.97877,0.72929,0.00000,0.00193,0.84698
1544,67,0,0.13614,0.25528,0.0000,0.0000,0,0,4,0.6586,0.0000,0.0000,0.0000,0.0001,-0.97787,-0.97864,-0.18496,0.10207,0.97772,0.97877,0.72929,0.00000,0.00193,0.84698
1545,67,0,0.13614,0.25528,0.0000,0.0000,0,0,4,0.6586,0.0000,0.0000,0.0000,0.0001,-0.97787,-0.97864,-0.18496,0.10207,0.97772,0.97877,0.72929,0.00000,0.00193,0.84698
1546,67,0,0.13614,0.25528,0.0000,0.0000,0,0,4,0.6586,0.0000,0.0000,0.0000,0.0001,-0.97787,-0.97864,-0.18496,0.10207,0.97772,0.97877,0.72929,0.00000,0.00193,0.84698
1547,67,0,0.13614,0.25528,0.0000,0.0000,0,0,4,0.6586,0.0000,0.0000,0.0000,0.0001,-0.97787,-0.97864,-0.18496,0.10207,0.97772,0.97877,0.72929,0.00000,0.00193,0.84698
1548,67,0,0.15130,0.23572,0.0000,0.0000,0,0,4,0.6579,0.0000,0.0000,0.0000,0.0002,-0.97782,-0.97868,-0.18485,0.09787,0.97772,0.97877,0.72952,0.00000,0.00215,0.84857
1549,67,0,0.15130,0.23572,0.0000,0.0000,0,0,4,0.6579,0.0000,0.0000,0.0000,0.0002,-0.97782,-0.97868,-0.18485,0.09787,0.97772,0.97877,0.72952,0.00000,0.00215,0.84857
1550,67,0,0.15130,0.23572,0.0000,0.0000,0,0,4,0.6579,0.0000,0.0000,0.0000,0.0002,-0.97782,-0.97868,-0.18485,0.09787,0.97772,0.97877,0.72952,0.00000,0.00215,0.84857
1551,67,0,0.15130,0.23572,0.0000,0.0000,0,0,4,0.6579,0.0000,0.0000,0.0000,0.0002,-0.97782,-0.97868,-0.18485,0.09787,0.97772,0.97877,0.72952,0.00000,0.00215,0.84857
1552,67,0,0.15130,0.23572,0.0000,0.0000,0,0,4,0.6579,0.0000,0.0000,0.0000,0.0002,-0.97782,-0.97868,-0.18485,0.09787,0.97772,0.97877,0.72952,0.00000,0.00215,0.84857
1553,67,0,0.15130,0.23572,0.0000,0.0000,0,0,4,0.6579,0.0000,0.0000,0.0000,0.0002,-0.97782,-0.97868,-0.18485,0.09787,0.97772,0.97877,0.72952,0.00000,0.00215,0.84857
1554,67,0,0.15130,0.23572,0.0000,0.0000,0,0,4,0.6572,0.0000,0.0000,0.0000,0.0004,-0.97782,-0.97868,-0.18485,0.09787,0.97772,0.97877,0.72973,0.00000,0.00215,0.85003
1555,67,0,0.15130,0.23572,0.0000,0.0000,0,0,4,0.6572,0.0000,0.0000,0.0000,0.0004,-0.97782,-0.97868,-0.18485,0.09787,0.97772,0.97877,0.72973,0.00000,0.00215,0.85003
1556,67,0,0.15130,0.23572,0.0000,0.0000,0,0,4,0.6572,0.0000,0.0000,0.0000,0.0004,-0.97782,-0.97868,-0.18485,0.09787,0.97772,0.97877,0.72973,0.00000,0.00215,0.85003
1557,67,0,0.15130,0.23572,0.0000,0.0000,0,0,4,0.6572,0.0000,0.0000,0.0000,0.0004,-0.97782,-0.97868,-0.18485,0.09787,0.97772,0.97877,0.72973,0.00000,0.00215,0.85003
1558,67,0,0.15130,0.23572,0.0000,0.0000,0,0,4,0.6572,0.0000,0.0000,0.0000,0.0004,-0.97782,-0.97868,-0.18485,0.09787,0.97772,0.97877,0.72973,0.00000,0.00215,0.85003
1559,67,0,0.15130,0.23572,0.0000,0.0000,0,0,4,0.6572,0.0000,0.0000,0.0000,0.0004,-0.97782,-0.97868,-0.18485,0.09787,0.97772,0.97877,0.72973,0.00000,0.00215,0.85003
1560,67,0,-0.01191,0.18286,0.0000,0.0000,0,0,4,0.6553,0.9302,1.0000,0.0000,0.0000,-0.97829,-0.97823,-0.18481,0.09551,0.97772,0.97877,0.68182,0.00000,-0.00017,0.57143
1561,67,0,-0.01191,0.18286,0.0000,0.0000,0,0,4,0.6553,0.9302,1.0000,0.0000,0.0000,-0.97829,-0.97823,-0.18481,0.09551,0.97772,0.97877,0.68182,0.00000,-0.00017,0.57143
1562,67,0,-0.01191,0.18286,0.0000,0.0000,0,0,4,0.6553,0.9302,1.0000,0.0000,0.0000,-0.97829,-0.97823,-0.18481,0.09551,0.97772,0.97877,0.68182,0.00000,-0.00017,0.57143
1563,67,0,-0.01191,0.18286,0.0000,0.0000,0,0,4,0.6553,0.9302,1.0000,0.0000,0.0000,-0.97829,-0.97823,-0.18481,0.09551,0.97772,0.97877,0.68182,0.00000,-0.00017,0.57143
1564,67,0,-0.01191,0.18286,0.0000,0.0000,0,0,4,0.6553,0.9302,1.0000,0.0000,0.0000,-0.97829,-0.97823,-0.18481,0.09551,0.97772,0.97877,0.68182,0.00000,-0.00017,0.57143
1565,67,0,-0.01191,0.18286,0.0000,0.0000,0,0,4,0.6553,0.9302,1.0000,0.0000,0.0000,-0.97829,-0.97823,-0.18481,0.09551,0.97772,0.97877,0.68182,0.00000,-0.00017,0.57143
1566,67,0,-0.01191,0.18286,0.0000,0.0000,0,0,4,0.6546,0.9302,1.0000,0.0000,0.0000,-0.97829,-0.97823,-0.18481,0.09551,0.97772,0.97877,0.68206,0.00000,-0.00017,0.57264
1567,67,0,-0.01191,0.18286,0.0000,0.0000,0,0,4,0.6546,0.9302,1.0000,0.0000,0.0000,-0.97829,-0.97823,-0.18481,0.09551,0.97772,0.97877,0.68206,0.00000,-0.00017,0.57264
1568,67,0,-0.01191,0.18286,0.0000,0.0000,0,0,4,0.6546,0.9302,1.0000,0.0000,0.0000,-0.97829,-0.97823,-0.18481,0.09551,0.97772,0.97877,0.68206,0.00000,-0.00017,0.57264
1569,67,0,-0.01191,0.18286,0.0000,0.0000,0,0,4,0.6546,0.9302,1.0000,0.0000,0.0000,-0.97829,-0.97823,-0.18481,0.09551,0.97772,0.97877,0.68206,0.00000,-0.00017,0.57264
1570,67,0,-0.01191,0.18286,0.0000,0.0000,0,0,4,0.6546,0.9302,1.0000,0.0000,0.0000,-0.97829,-0.97823,-0.18481,0.09551,0.97772,0.97877,0.68206,0.00000,-0.00017,0.57264
1571,67,0,-0.01191,0.18286,0.0000,0.0000,0,0,4,0.6546,0.9302,1.0000,0.0000,0.0000,-0.97829,-0.97823,-0.18481,0.09551,0.97772,0.97877,0.68206,0.00000,-0.00017,0.57264
1572,66,1,-0.25643,0.13404,0.0000,0.0000,0,0,4,0.6526,0.9302,1.0000,0.0000,0.0000,-0.97896,-0.97751,-0.19679,0.08359,0.97769,0.97880,0.68202,0.00000,-0.00364,0.57243
1573,66,0,-0.25643,0.13404,0.0000,0.0000,0,0,4,0.6526,0.9302,1.0000,0.0000,0.0000,-0.97896,-0.97751,-0.19679,0.08359,0.97769,0.97880,0.68202,0.00000,-0.00364,0.57243
1574,66,0,-0.25643,0.13404,0.0000,0.0000,0,0,4,0.6526,0.9302,1.0000,0.0000,0.0000,-0.97896,-0.97751,-0.19679,0.08359,0.97769,0.97880,0.68202,0.00000,-0.00364,0.57243
1575,66,0,-0.25643,0.13404,0.0000,0.0000,0,0,4,0.6526,0.9302,1.0000,0.0000,0.0000,-0.97896,-0.97751,-0.19679,0.08359,0.97769,0.97880,0.68202,0.00000,-0.00364,0.57243
1576,66,0,-0.25643,0.13404,0.0000,0.0000,0,0,4,0.6526,0.9302,1.0000,0.0000,0.0000,-0.97896,-0.97751,-0.19679,0.08359,0.97769,0.97880,0.68202,0.00000,-0.00364,0.57243
1577,66,0,-0.25643,0.13404,0.0000,0.0000,0,0,4,0.6526,0.9302,1.0000,0.0000,0.0000,-0.97896,-0.97751,-0.19679,0.08359,0.97769,0.97880,0.68202,0.00000,-0.00364,0.57243
1578,66,0,-0.71349,0.03647,0.0000,0.0000,0,0,0,0.6519,0.9302,1.0000,0.0000,0.0000,-0.98011,-0.97603,0.14121,0.16742,0.97865,0.97785,0.68191,0.00000,-0.01020,0.57187
1579,66,0,-0.71349,0.03647,0.0000,0.0000,0,0,0,0.6519,0.9302,1.0000,0.0000,0.0000,-0.98011,-0.97603,0.14121,0.16742,0.97865,0.97785,0.68191,0.00000,-0.01020,0.57187
1580,66,0,-0.71349,0.03647,0.0000,0.0000,0,0,0,0.6519,0.9302,1.0000,0.0000,0.0000,-0.98011,-0.97603,0.14121,0.16742,0.97865,0.97785,0.68191,0.00000,-0.01020,0.57187
1581,66,0,-0.71349,0.03647,0.0000,0.0000,0,0,0,0.6519,0.9302,1.0000,0.0000,0.0000,-0.98011,-0.97603,0.14121,0.16742,0.97865,0.97785,0.68191,0.00000,-0.01020,0.57187
1582,66,0,-0.71349,0.03647,0.0000,0.0000,0,0,0,0.6519,0.9302,1.0000,0.0000,0.0000,-0.98011,-0.97603,0.14121,0.16742,0.97865,0.97785,0.68191,0.00000,-0.01020,0.57187
1583,66,0,-0.71349,0.03647,0.0000,0.0000,0,0,0,0.6519,0.9302,1.0000,0.0000,0.0000,-0.98011,-0.97603,0.14121,0.16742,0.97865,0.97785,0.68191,0.00000,-0.01020,0.57187
1584,66,0,-0.68848,0.03560,0.0000,0.0000,0,0,0,0.6513,0.9302,1.0000,0.0000,0.0001,-0.98005,-0.97612,0.14115,0.15941,0.97865,0.97785,0.68224,0.00000,-0.00984,0.57353
1585,66,0,-0.68848,0.03560,0.0000,0.0000,0,0,0,0.6513,0.9302,1.0000,0.0000,0.0001,-0.98005,-0.97612,0.14115,0.15941,0.97865,0.97785,0.68224,0.00000,-0.00984,0.57353
1586,66,0,-0.68848,0.03560,0.0000,0.0000,0,0,0,0.6513,0.9302,1.0000,0.0000,0.0001,-0.98005,-0.97612,0.14115,0.15941,0.97865,0.97785,0.68224,0.00000,-0.00984,0.57353
1587,66,0,-0.68848,0.03560,0.0000,0.0000,0,0,0,0.6513,0.9302,1.0000,0.0000,0.0001,-0.98005,-0.97612,0.14115,0.15941,0.97865,0.97785,0.68224,0.00000,-0.00984,0.57353
1588,66,0,-0.68848,0.03560,0.0000,0.0000,0,0,0,0.6513,0.9302,1.0000,0.0000,0.0001,-0.98005,-0.97612,0.14115,0.15941,0.97865,0.97785,0.68224,0.00000,-0.00984,0.57353
1589,66,0,-0.68848,0.03560,0.0000,0.0000,0,0,0,0.6513,0.9302,1.0000,0.0000,0.0001,-0.98005,-0.97612,0.14115,0.15941,0.97865,0.97785,0.68224,0.00000,-0.00984,0.57353
1590,66,0,-0.68848,0.03560,0.0000,0.0000,0,0,0,0.6506,0.9302,1.0000,0.0000,0.0002,-0.98005,-0.97612,0.14115,0.15941,0.97865,0.97785,0.68252,0.00000,-0.00984,0.57490
1591,66,0,-0.68848,0.03560,0.0000,0.0000,0,0,0,0.6506,0.9302,1.0000,0.0000,0.0002,-0.98005,-0.97612,0.14115,0.15941,0.97865,0.97785,0.68252,0.00000,-0.00984,0.57490
1592,66,0,-0.68848,0.03560,0.0000,0.0000,0,0,0,0.6506,0.9302,1.0000,0.0000,0.0002,-0.98005,-0.97612,0.14115,0.15941,0.97865,0.97785,0.68252,0.00000,-0.00984,0.57490
1593,66,0,-0.68848,0.03560,0.0000,0.0000,0,0,0,0.6506,0.9302,1.0000,0.0000,0.0002,-0.98005,-0.97612,0.14115,0.15941,0.97865,0.97785,0.68252,0.00000,-0.00984,0.57490
1594,66,0,-0.68848,0.03560,0.0000,0.0000,0,0,0,0.6506,0.9302,1.0000,0.0000,0.0002,-0.98005,-0.97612,0.14115,0.15941,0.97865,0.97785,0.68252,0.00000,-0.00984,0.57490
1595,66,0,-0.68848,0.03560,0.0000,0.0000,0,0,0,0.6506,0.9302,1.0000,0.0000,0.0002,-0.98005,-0.97612,0.14115,0.15941,0.97865,0.97785,0.68252,0.00000,-0.00984,0.57490
1596,66,0,-0.66574,0.03474,0.0000,0.0000,0,0,0,0.6499,0.9302,1.0000,0.0000,0.0004,-0.98000,-0.97619,0.14103,0.15224,0.97865,0.97785,0.68288,0.00000,-0.00951,0.57669
1597,66,0,-0.66574,0.03474,0.0000,0.0000,0,0,0,0.6499,0.9302,1.0000,0.0000,0.0004,-0.98000,-0.97619,0.14103,0.15224,0.97865,0.97785,0.68288,0.00000,-0.00951,0.57669
1598,66,0,-0.66574,0.03474,0.0000,0.0000,0,0,0,0.6499,0.9302,1.0000,0.0000,0.0004,-0.98000,-0.97619,0.14103,0.15224,0.97865,0.97785,0.68288,0.00000,-0.00951,0.57669
1599,66,0,-0.66574,0.03474,0.0000,0.0000,0,0,0,0.6499,0.9302,1.0000,0.0000,0.0004,-0.98000,-0.97619,0.14103,0.15224,0.97865,0.97785,0.68288,0.00000,-0.00951,0.57669
1600,66,0,-0.66574,0.03474,0.0000,0.0000,0,0,0,0.6499,0.9302,1.0000,0.0000,0.0004,-0.98000,-0.97619,0.14103,0.15224,0.97865,0.97785,0.68288,0.00000,-0.00951,0.57669
1601,66,0,-0.66574,0.03474,0.0000,0.0000,0,0,0,0.6499,0.9302,1.0000,0.0000,0.0004,-0.98000,-0.97619,0.14103,0.15224,0.97865,0.97785,0.68288,0.00000,-0.00951,0.57669
1602,66,0,-0.16342,0.12955,0.0000,0.0000,0,0,4,0.6493,0.9302,1.0000,0.0000,0.0007,-0.97871,-0.97779,-0.19654,0.07599,0.97769,0.97880,0.68367,0.00000,-0.00232,0.58063
1603,66,0,-0.16342,0.12955,0.0000,0.0000,0,0,4,0.6493,0.9302,1.0000,0.0000,0.0007,-0.97871,-0.97779,-0.19654,0.07599,0.97769,0.97880,0.68367,0.00000,-0.00232,0.58063
1604,66,0,-0.16342,0.12955,0.0000,0.0000,0,0,4,0.6493,0.9302,1.0000,0.0000,0.0007,-0.97871,-0.97779,-0.19654,0.07599,0.97769,0.97880,0.68367,0.00000,-0.00232,0.58063
1605,66,0,-0.16342,0.12955,0.0000,0.0000,0,0,4,0.6493,0.9302,1.0000,0.0000,0.0007,-0.97871,-0.97779,-0.19654,0.07599,0.97769,0.97880,0.68367,0.00000,-0.00232,0.58063
1606,66,0,-0.16342,0.12955,0.0000,0.0000,0,0,4,0.6493,0.9302,1.0000,0.0000,0.0007,-0.97871,-0.97779,-0.19654,0.07599,0.97769,0.97880,0.68367,0.00000,-0.00232,0.58063
1607,66,0,-0.16342,0.12955,0.0000,0.0000,0,0,4,0.6493,0.9302,1.0000,0.0000,0.0007,-0.97871,-0.97779,-0.19654,0.07599,0.97769,0.97880,0.68367,0.00000,-0.00232,0.58063
1608,65,1,-0.31844,0.12512,0.0000,0.0000,0,0,4,0.6473,0.9302,1.0000,0.0000,0.0000,-0.97913,-0.97732,-0.21005,0.06665,0.97765,0.97884,0.68368,0.00000,-0.00452,0.58070
1609,65,0,-0.31844,0.12512,0.0000,0.0000,0,0,4,0.6473,0.9302,1.0000,0.0000,0.0000,-0.97913,-0.97732,-0.21005,0.06665,0.97765,0.97884,0.68368,0.00000,-0.00452,0.58070
1610,65,0,-0.31844,0.12512,0.0000,0.0000,0,0,4,0.6473,0.9302,1.0000,0.0000,0.0000,-0.97913,-0.97732,-0.21005,0.06665,0.97765,0.97884,0.68368,0.00000,-0.00452,0.58070
1611,65,0,-0.31844,0.12512,0.0000,0.0000,0,0,4,0.6473,0.9302,1.0000,0.0000,0.0000,-0.97913,-0.97732,-0.21005,0.06665,0.97765,0.97884,0.68368,0.00000,-0.00452,0.58070
1612,65,0,-0.31844,0.12512,0.0000,0.0000,0,0,4,0.6473,0.9302,1.0000,0.0000,0.0000,-0.97913,-0.97732,-0.21005,0.06665,0.97765,0.97884,0.68368,0.00000,-0.00452,0.58070
1613,65,0,-0.31844,0.12512,0.0000,0.0000,0,0,4,0.6473,0.9302,1.0000,0.0000,0.0000,-0.97913,-0.97732,-0.21005,0.06665,0.97765,0.97884,0.68368,0.00000,-0.00452,0.58070
1614,65,0,-0.31844,0.12512,0.0000,0.0000,0,0,4,0.6466,0.9302,1.0000,0.0000,0.0000,-0.97913,-0.97732,-0.21005,0.06665,0.97765,0.97884,0.68393,0.00000,-0.00452,0.58191
1615,65,0,-0.31844,0.12512,0.0000,0.0000,0,0,4,0.6466,0.9302,1.0000,0.0000,0.0000,-0.97913,-0.97732,-0.21005,0.06665,0.97765,0.97884,0.68393,0.00000,-0.00452,0.58191
1616,65,0,-0.31844,0.12512,0.0000,0.0000,0,0,4,0.6466,0.9302,1.0000,0.0000,0.0000,-0.97913,-0.97732,-0.21005,0.06665,0.97765,0.97884,0.68393,0.00000,-0.00452,0.58191
1617,65,0,-0.31844,0.12512,0.0000,0.0000,0,0,4,0.6466,0.9302,1.0000,0.0000,0.0000,-0.97913,-0.97732,-0.21005,0.06665,0.97765,0.97884,0.68393,0.00000,-0.00452,0.58191
1618,65,0,-0.31844,0.12512,0.0000,0.0000,0,0,4,0.6466,0.9302,1.0000,0.0000,0.0000,-0.97913,-0.97732,-0.21005,0.06665,0.97765,0.97884,0.68393,0.00000,-0.00452,0.58191
1619,65,0,-0.31844,0.12512,0.0000,0.0000,0,0,4,0.6466,0.9302,1.0000,0.0000,0.0000,-0.97913,-0.97732,-0.21005,0.06665,0.97765,0.97884,0.68393,0.00000,-0.00452,0.58191
1620,65,0,-0.24643,0.12940,0.0000,0.0000,0,0,4,0.6459,0.9302,1.0000,0.0000,0.0001,-0.97894,-0.97754,-0.21087,0.08087,0.97765,0.97884,0.68439,0.00000,-0.00350,0.58422
1621,65,0,-0.24643,0.12940,0.0000,0.0000,0,0,4,0.6459,0.9302,1.0000,0.0000,0.0001,-0.97894,-0.97754,-0.21087,0.08087,0.97765,0.97884,0.68439,0.00000,-0.00350,0.58422
1622,65,0,-0.24643,0.12940,0.0000,0.0000,0,0,4,0.6459,0.9302,1.0000,0.0000,0.0001,-0.97894,-0.97754,-0.21087,0.08087,0.97765,0.97884,0.68439,0.00000,-0.00350,0.58422
1623,65,0,-0.24643,0.12940,0.0000,0.0000,0,0,4,0.6459,0.9302,1.0000,0.0000,0.0001,-0.97894,-0.97754,-0.21087,0.08087,0.97765,0.97884,0.68439,0.00000,-0.00350,0.58422
1624,65,0,-0.24643,0.12940,0.0000,0.0000,0,0,4,0.6459,0.9302,1.0000,0.0000,0.0001,-0.97894,-0.97754,-0.21087,0.08087,0.97765,0.97884,0.68439,0.00000,-0.00350,0.58422
1625,65,0,-0.24643,0.12940,0.0000,0.0000,0,0,4,0.6459,0.9302,1.0000,0.0000,0.0001,-0.97894,-0.97754,-0.21087,0.08087,0.97765,0.97884,0.68439,0.00000,-0.00350,0.58422
1626,65,0,-0.62915,0.04750,0.0000,0.0000,0,0,0,0.6453,0.9302,1.0000,0.0000,0.0002,-0.97991,-0.97632,0.14828,0.16939,0.97867,0.97783,0.68458,0.00000,-0.00898,0.58520
1627,65,0,-0.62915,0.04750,0.0000,0.0000,0,0,0,0.6453,0.9302,1.0000,0.0000,0.0002,-0.97991,-0.97632,0.14828,0.16939,0.97867,0.97783,0.68458,0.00000,-0.00898,0.58520
1628,65,0,-0.62915,0.04750,0.0000,0.0000,0,0,0,0.6453,0.9302,1.0000,0.0000,0.0002,-0.97991,-0.97632,0.14828,0.16939,0.97867,0.97783,0.68458,0.00000,-0.00898,0.58520
1629,65,0,-0.62915,0.04750,0.0000,0.0000,0,0,0,0.6453,0.9302,1.0000,0.0000,0.0002,-0.97991,-0.97632,0.14828,0.16939,0.97867,0.97783,0.68458,0.00000,-0.00898,0.58520
1630,65,0,-0.62915,0.04750,0.0000,0.0000,0,0,0,0.6453,0.9302,1.0000,0.0000,0.0002,-0.97991,-0.97632,0.14828,0.16939,0.97867,0.97783,0.68458,0.00000,-0.00898,0.58520
1631,65,0,-0.62915,0.04750,0.0000,0.0000,0,0,0,0.6453,0.9302,1.0000,0.0000,0.0002,-0.97991,-0.97632,0.14828,0.16939,0.97867,0.97783,0.68458,0.00000,-0.00898,0.58520
1632,65,0,-0.60596,0.04588,0.0000,0.0000,0,0,0,0.6446,0.9302,1.0000,0.0000,0.0004,-0.97985,-0.97640,0.14815,0.16065,0.97867,0.97783,0.68494,0.00000,-0.00865,0.58699
1633,65,0,-0.60596,0.04588,0.0000,0.0000,0,0,0,0.6446,0.9302,1.0000,0.0000,0.0004,-0.97985,-0.97640,0.14815,0.16065,0.97867,0.97783,0.68494,0.00000,-0.00865,0.58699
1634,65,0,-0.60596,0.04588,0.0000,0.0000,0,0,0,0.6446,0.9302,1.0000,0.0000,0.0004,-0.97985,-0.97640,0.14815,0.16065,0.97867,0.97783,0.68494,0.00000,-0.00865,0.58699
1635,65,0,-0.60596,0.04588,0.0000,0.0000,0,0,0,0.6446,0.9302,1.0000,0.0000,0.0004,-0.97985,-0.97640,0.14815,0.16065,0.97867,0.97783,0.68494,0.00000,-0.00865,0.58699
1636,65,0,-0.60596,0.04588,0.0000,0.0000,0,0,0,0.6446,0.9302,1.0000,0.0000,0.0004,-0.97985,-0.97640,0.14815,0.16065,0.97867,0.97783,0.68494,0.00000,-0.00865,0.58699
1637,65,0,-0.60596,0.04588,0.0000,0.0000,0,0,0,0.6446,0.9302,1.0000,0.0000,0.0004,-0.97985,-0.97640,0.14815,0.16065,0.97867,0.97783,0.68494,0.00000,-0.00865,0.58699
1638,66,-1,-0.78503,0.03224,0.0000,0.0000,0,0,0,0.6426,0.9302,1.0000,0.0000,0.0000,-0.98028,-0.97578,0.14117,0.16765,0.97865,0.97785,0.68496,0.00000,-0.01125,0.58712
1639,66,0,-0.78503,0.03224,0.0000,0.0000,0,0,0,0.6426,0.9302,1.0000,0.0000,0.0000,-0.98028,-0.97578,0.14117,0.16765,0.97865,0.97785,0.68496,0.00000,-0.01125,0.58712
1640,66,0,-0.78503,0.03224,0.0000,0.0000,0,0,0,0.6426,0.9302,1.0000,0.0000,0.0000,-0.98028,-0.97578,0.14117,0.16765,0.97865,0.97785,0.68496,0.00000,-0.01125,0.58712
1641,66,0,-0.78503,0.03224,0.0000,0.0000,0,0,0,0.6426,0.9302,1.0000,0.0000,0.0000,-0.98028,-0.97578,0.14117,0.16765,0.97865,0.97785,0.68496,0.00000,-0.01125,0.58712
1642,66,0,-0.78503,0.03224,0.0000,0.0000,0,0,0,0.6426,0.9302,1.0000,0.0000,0.0000,-0.98028,-0.97578,0.14117,0.16765,0.97865,0.97785,0.68496,0.00000,-0.01125,0.58712
1643,66,0,-0.78503,0.03224,0.0000,0.0000,0,0,0,0.6426,0.9302,1.0000,0.0000,0.0000,-0.98028,-0.97578,0.14117,0.16765,0.97865,0.97785,0.68496,0.00000,-0.01125,0.58712
1644,66,0,-0.75755,0.03143,0.0000,0.0000,0,0,0,0.6419,0.9302,1.0000,0.0000,0.0000,-0.98022,-0.97588,0.14110,0.15964,0.97865,0.97785,0.68528,0.00000,-0.01085,0.58873
1645,66,0,-0.75755,0.03143,0.0000,0.0000,0,0,0,0.6419,0.9302,1.0000,0.0000,0.0000,-0.98022,-0.97588,0.14110,0.15964,0.97865,0.97785,0.68528,0.00000,-0.01085,0.58873
1646,66,0,-0.75755,0.03143,0.0000,0.0000,0,0,0,0.6419,0.9302,1.0000,0.0000,0.0000,-0.98022,-0.97588,0.14110,0.15964,0.97865,0.97785,0.68528,0.00000,-0.01085,0.58873
1647,66,0,-0.75755,0.03143,0.0000,0.0000,0,0,0,0.6419,0.9302,1.0000,0.0000,0.0000,-0.98022,-0.97588,0.14110,0.15964,0.97865,0.97785,0.68528,0.00000,-0.01085,0.58873
1648,66,0,-0.75755,0.03143,0.0000,0.0000,0,0,0,0.6419,0.9302,1.0000,0.0000,0.0000,-0.98022,-0.97588,0.14110,0.15964,0.97865,0.97785,0.68528,0.00000,-0.01085,0.58873
1649,66,0,-0.75755,0.03143,0.0000,0.0000,0,0,0,0.6419,0.9302,1.0000,0.0000,0.0000,-0.98022,-0.97588,0.14110,0.15964,0.97865,0.97785,0.68528,0.00000,-0.01085,0.58873
1650,67,-1,-0.82108,0.02300,0.0000,0.0000,0,0,0,0.6400,0.9302,1.0000,0.0000,0.0000,-0.98036,-0.97565,0.13483,0.16629,0.97864,0.97787,0.68576,0.00000,-0.01178,0.59115
1651,67,0,-0.82108,0.02300,0.0000,0.0000,0,0,0,0.6400,0.9302,1.0000,0.0000,0.0000,-0.98036,-0.97565,0.13483,0.16629,0.97864,0.97787,0.68576,0.00000,-0.01178,0.59115
1652,67,0,-0.82108,0.02300,0.0000,0.0000,0,0,0,0.6400,0.9302,1.0000,0.0000,0.0000,-0.98036,-0.97565,0.13483,0.16629,0.97864,0.97787,0.68576,0.00000,-0.01178,0.59115
1653,67,0,-0.82108,0.02300,0.0000,0.0000,0,0,0,0.6400,0.9302,1.0000,0.0000,0.0000,-0.98036,-0.97565,0.13483,0.16629,0.97864,0.97787,0.68576,0.00000,-0.01178,0.59115
1654,67,0,-0.82108,0.02300,0.0000,0.0000,0,0,0,0.6400,0.9302,1.0000,0.0000,0.0000,-0.98036,-0.97565,0.13483,0.16629,0.97864,0.97787,0.68576,0.00000,-0.01178,0.59115
1655,67,0,-0.82108,0.02300,0.0000,0.0000,0,0,0,0.6400,0.9302,1.0000,0.0000,0.0000,-0.98036,-0.97565,0.13483,0.16629,0.97864,0.97787,0.68576,0.00000,-0.01178,0.59115
1656,67,0,-0.17901,0.14931,0.0000,0.0000,0,0,4,0.6393,0.9302,1.0000,0.0000,0.0000,-0.97876,-0.97774,-0.18434,0.08248,0.97773,0.97877,0.68693,0.00000,-0.00254,0.59707
1657,67,0,-0.17901,0.14931,0.0000,0.0000,0,0,4,0.6393,0.9302,1.0000,0.0000,0.0000,-0.97876,-0.97774,-0.18434,0.08248,0.97773,0.97877,0.68693,0.00000,-0.00254,0.59707
1658,67,0,-0.17901,0.14931,0.0000,0.0000,0,0,4,0.6393,0.9302,1.0000,0.0000,0.0000,-0.97876,-0.97774,-0.18434,0.08248,0.97773,0.97877,0.68693,0.00000,-0.00254,0.59707
1659,67,0,-0.17901,0.14931,0.0000,0.0000,0,0,4,0.6393,0.9302,1.0000,0.0000,0.0000,-0.97876,-0.97774,-0.18434,0.08248,0.97773,0.97877,0.68693,0.00000,-0.00254,0.59707
1660,67,0,-0.17901,0.14931,0.0000,0.0000,0,0,4,0.6393,0.9302,1.0000,0.0000,0.0000,-0.97876,-0.97774,-0.18434,0.08248,0.97773,0.97877,0.68693,0.00000,-0.00254,0.59707
1661,67,0,-0.17901,0.14931,0.0000,0.0000,0,0,4,0.6393,0.9302,1.0000,0.0000,0.0000,-0.97876,-0.97774,-0.18434,0.08248,0.97773,0.97877,0.68693,0.00000,-0.00254,0.59707
1662,66,1,-0.44363,0.13243,0.0000,0.0000,0,0,4,0.6373,0.9302,1.0000,0.0000,0.0000,-0.97945,-0.97693,-0.19658,0.07610,0.97769,0.97880,0.68683,0.00000,-0.00631,0.59656
1663,66,0,-0.44363,0.13243,0.0000,0.0000,0,0,4,0.6373,0.9302,1.0000,0.0000,0.0000,-0.97945,-0.97693,-0.19658,0.07610,0.97769,0.97880,0.68683,0.00000,-0.00631,0.59656
1664,66,0,-0.44363,0.13243,0.0000,0.0000,0,0,4,0.6373,0.9302,1.0000,0.0000,0.0000,-0.97945,-0.97693,-0.19658,0.07610,0.97769,0.97880,0.68683,0.00000,-0.00631,0.59656
1665,66,0,-0.44363,0.13243,0.0000,0.0000,0,0,4,0.6373,0.9302,1.0000,0.0000,0.0000,-0.97945,-0.97693,-0.19658,0.07610,0.97769,0.97880,0.68683,0.00000,-0.00631,0.59656
1666,66,0,-0.44363,0.13243,0.0000,0.0000,0,0,4,0.6373,0.9302,1.0000,0.0000,0.0000,-0.97945,-0.97693,-0.19658,0.07610,0.97769,0.97880,0.68683,0.00000,-0.00631,0.59656
1667,66,0,-0.44363,0.13243,0.0000,0.0000,0,0,4,0.6373,0.9302,1.0000,0.0000,0.0000,-0.97945,-0.97693,-0.19658,0.07610,0.97769,0.97880,0.68683,0.00000,-0.00631,0.59656
1668,66,0,-0.37486,0.13121,0.0000,0.0000,0,0,4,0.6366,0.9302,1.0000,0.0000,0.0000,-0.97927,-0.97714,-0.19639,0.07285,0.97769,0.97880,0.68726,0.00000,-0.00533,0.59876
1669,66,0,-0.37486,0.13121,0.0000,0.0000,0,0,4,0.6366,0.9302,1.0000,0.0000,0.0000,-0.97927,-0.97714,-0.19639,0.07285,0.97769,0.97880,0.68726,0.00000,-0.00533,0.59876
1670,66,0,-0.37486,0.13121,0.0000,0.0000,0,0,4,0.6366,0.9302,1.0000,0.0000,0.0000,-0.97927,-0.97714,-0.19639,0.07285,0.97769,0.97880,0.68726,0.00000,-0.00533,0.59876
1671,66,0,-0.37486,0.13121,0.0000,0.0000,0,0,4,0.6366,0.9302,1.0000,0.0000,0.0000,-0.97927,-0.97714,-0.19639,0.07285,0.97769,0.97880,0.68726,0.00000,-0.00533,0.59876
1672,66,0,-0.37486,0.13121,0.0000,0.0000,0,0,4,0.6366,0.9302,1.0000,0.0000,0.0000,-0.97927,-0.97714,-0.19639,0.07285,0.97769,0.97880,0.68726,0.00000,-0.00533,0.59876
1673,66,0,-0.37486,0.13121,0.0000,0.0000,0,0,4,0.6366,0.9302,1.0000,0.0000,0.0000,-0.97927,-0.97714,-0.19639,0.07285,0.97769,0.97880,0.68726,0.00000,-0.00533,0.59876
1674,65,1,-0.36074,0.13770,0.0000,0.0000,0,0,4,0.6346,0.9302,1.0000,0.0000,0.0000,-0.97924,-0.97719,-0.21018,0.06674,0.97765,0.97884,0.68793,0.00000,-0.00513,0.60221
1675,65,0,-0.36074,0.13770,0.0000,0.0000,0,0,4,0.6346,0.9302,1.0000,0.0000,0.0000,-0.97924,-0.97719,-0.21018,0.06674,0.97765,0.97884,0.68793,0.00000,-0.00513,0.60221
1676,65,0,-0.36074,0.13770,0.0000,0.0000,0,0,4,0.6346,0.9302,1.0000,0.0000,0.0000,-0.97924,-0.97719,-0.21018,0.06674,0.97765,0.97884,0.68793,0.00000,-0.00513,0.60221
1677,65,0,-0.36074,0.13770,0.0000,0.0000,0,0,4,0.6346,0.9302,1.0000,0.0000,0.0000,-0.97924,-0.97719,-0.21018,0.06674,0.97765,0.97884,0.68793,0.00000,-0.00513,0.60221
1678,65,0,-0.36074,0.13770,0.0000,0.0000,0,0,4,0.6346,0.9302,1.0000,0.0000,0.0000,-0.97924,-0.97719,-0.21018,0.06674,0.97765,0.97884,0.68793,0.00000,-0.00513,0.60221
1679,65,0,-0.36074,0.13770,0.0000,0.0000,0,0,4,0.6346,0.9302,1.0000,0.0000,0.0000,-0.97924,-0.97719,-0.21018,0.06674,0.97765,0.97884,0.68793,0.00000,-0.00513,0.60221
1680,65,0,-0.29961,0.13675,0.0000,0.0000,0,0,4,0.6340,0.9302,1.0000,0.0000,0.0000,-0.97908,-0.97738,-0.21092,0.08096,0.97765,0.97884,0.68833,0.00000,-0.00425,0.60428
1681,65,0,-0.29961,0.13675,0.0000,0.0000,0,0,4,0.6340,0.9302,1.0000,0.0000,0.0000,-0.97908,-0.97738,-0.21092,0.08096,0.97765,0.97884,0.68833,0.00000,-0.00425,0.60428
1682,65,0,-0.29961,0.13675,0.0000,0.0000,0,0,4,0.6340,0.9302,1.0000,0.0000,0.0000,-0.97908,-0.97738,-0.21092,0.08096,0.97765,0.97884,0.68833,0.00000,-0.00425,0.60428
1683,65,0,-0.29961,0.13675,0.0000,0.0000,0,0,4,0.6340,0.9302,1.0000,0.0000,0.0000,-0.97908,-0.97738,-0.21092,0.08096,0.97765,0.97884,0.68833,0.00000,-0.00425,0.60428
1684,65,0,-0.29961,0.13675,0.0000,0.0000,0,0,4,0.6340,0.9302,1.0000,0.0000,0.0000,-0.97908,-0.97738,-0.21092,0.08096,0.97765,0.97884,0.68833,0.00000,-0.00425,0.60428
1685,65,0,-0.29961,0.13675,0.0000,0.0000,0,0,4,0.6340,0.9302,1.0000,0.0000,0.0000,-0.97908,-0.97738,-0.21092,0.08096,0.97765,0.97884,0.68833,0.00000,-0.00425,0.60428
1686,65,0,-0.29961,0.13675,0.0000,0.0000,0,0,4,0.6333,0.9302,1.0000,0.0000,0.0001,-0.97908,-0.97738,-0.21092,0.08096,0.97765,0.97884,0.68858,0.00000,-0.00425,0.60557
1687,65,0,-0.29961,0.13675,0.0000,0.0000,0,0,4,0.6333,0.9302,1.0000,0.0000,0.0001,-0.97908,-0.97738,-0.21092,0.08096,0.97765,0.97884,0.68858,0.00000,-0.00425,0.60557
1688,65,0,-0.29961,0.13675,0.0000,0.0000,0,0,4,0.6333,0.9302,1.0000,0.0000,0.0001,-0.97908,-0.97738,-0.21092,0.08096,0.97765,0.97884,0.68858,0.00000,-0.00425,0.60557
1689,65,0,-0.29961,0.13675,0.0000,0.0000,0,0,4,0.6333,0.9302,1.0000,0.0000,0.0001,-0.97908,-0.97738,-0.21092,0.08096,0.97765,0.97884,0.68858,0.00000,-0.00425,0.60557
1690,65,0,-0.29961,0.13675,0.0000,0.0000,0,0,4,0.6333,0.9302,1.0000,0.0000,0.0001,-0.97908,-0.97738,-0.21092,0.08096,0.97765,0.97884,0.68858,0.00000,-0.00425,0.60557
1691,65,0,-0.29961,0.13675,0.0000,0.0000,0,0,4,0.6333,0.9302,1.0000,0.0000,0.0001,-0.97908,-0.97738,-0.21092,0.08096,0.97765,0.97884,0.68858,0.00000,-0.00425,0.60557
1692,65,0,-0.24518,0.13532,0.0000,0.0000,0,0,4,0.6326,0.9302,1.0000,0.0000,0.0002,-0.97893,-0.97754,-0.21077,0.07678,0.97765,0.97884,0.68900,0.00000,-0.00348,0.60773
1693,65,0,-0.24518,0.13532,0.0000,0.0000,0,0,4,0.6326,0.9302,1.0000,0.0000,0.0002,-0.97893,-0.97754,-0.21077,0.07678,0.97765,0.97884,0.68900,0.00000,-0.00348,0.60773
1694,65,0,-0.24518,0.13532,0.0000,0.0000,0,0,4,0.6326,0.9302,1.0000,0.0000,0.0002,-0.97893,-0.97754,-0.21077,0.07678,0.97765,0.97884,0.68900,0.00000,-0.00348,0.60773
1695,65,0,-0.24518,0.13532,0.0000,0.0000,0,0,4,0.6326,0.9302,1.0000,0.0000,0.0002,-0.97893,-0.97754,-0.21077,0.07678,0.97765,0.97884,0.68900,0.00000,-0.00348,0.60773
1696,65,0,-0.24518,0.13532,0.0000,0.0000,0,0,4,0.6326,0.9302,1.0000,0.0000,0.0002,-0.97893,-0.97754,-0.21077,0.07678,0.97765,0.97884,0.68900,0.00000,-0.00348,0.60773
1697,65,0,-0.24518,0.13532,0.0000,0.0000,0,0,4,0.6326,0.9302,1.0000,0.0000,0.0002,-0.97893,-0.97754,-0.21077,0.07678,0.97765,0.97884,0.68900,0.00000,-0.00348,0.60773
1698,64,1,-0.29698,0.14882,0.0000,0.0000,0,0,4,0.6306,0.9302,1.0000,0.0000,0.0000,-0.97907,-0.97738,-0.22662,0.06978,0.97760,0.97888,0.77260,0.00000,-0.00422,1.19875
1699,64,0,-0.29698,0.14882,0.0000,0.0000,0,0,4,0.6306,0.9302,1.0000,0.0000,0.0000,-0.97907,-0.97738,-0.22662,0.06978,0.97760,0.97888,0.77260,0.00000,-0.00422,1.19875
1700,64,0,-0.29698,0.14882,0.0000,0.0000,0,0,4,0.6306,0.9302,1.0000,0.0000,0.0000,-0.97907,-0.97738,-0.22662,0.06978,0.97760,0.97888,0.77260,0.00000,-0.00422,1.19875
1701,64,0,-0.29698,0.14882,0.0000,0.0000,0,0,4,0.6306,0.9302,1.0000,0.0000,0.0000,-0.97907,-0.97738,-0.22662,0.06978,0.97760,0.97888,0.77260,0.00000,-0.00422,1.19875
1702,64,0,-0.29698,0.14882,0.0000,0.0000,0,0,4,0.6306,0.9302,1.0000,0.0000,0.0000,-0.97907,-0.97738,-0.22662,0.06978,0.97760,0.97888,0.77260,0.00000,-0.00422,1.19875
1703,64,0,-0.29698,0.14882,0.0000,0.0000,0,0,4,0.6306,0.9302,1.0000,0.0000,0.0000,-0.97907,-0.97738,-0.22662,0.06978,0.97760,0.97888,0.77260,0.00000,-0.00422,1.19875
1704,64,0,-0.23430,0.15221,0.0000,0.0000,0,0,4,0.6300,0.9302,1.0000,0.0000,0.0000,-0.97891,-0.97758,-0.22644,0.06644,0.97760,0.97888,0.77307,0.00000,-0.00333,1.20334
1705,64,0,-0.23430,0.15221,0.0000,0.0000,0,0,4,0.6300,0.9302,1.0000,0.0000,0.0000,-0.97891,-0.97758,-0.22644,0.06644,0.97760,0.97888,0.77307,0.00000,-0.00333,1.20334
1706,64,0,-0.23430,0.15221,0.0000,0.0000,0,0,4,0.6300,0.9302,1.0000,0.0000,0.0000,-0.97891,-0.97758,-0.22644,0.06644,0.97760,0.97888,0.77307,0.00000,-0.00333,1.20334
1707,64,0,-0.23430,0.15221,0.0000,0.0000,0,0,4,0.6300,0.9302,1.0000,0.0000,0.0000,-0.97891,-0.97758,-0.22644,0.06644,0.97760,0.97888,0.77307,0.00000,-0.00333,1.20334
1708,64,0,-0.23430,0.15221,0.0000,0.0000,0,0,4,0.6300,0.9302,1.0000,0.0000,0.0000,-0.97891,-0.97758,-0.22644,0.06644,0.97760,0.97888,0.77307,0.00000,-0.00333,1.20334
1709,64,0,-0.23430,0.15221,0.0000,0.0000,0,0,4,0.6300,0.9302,1.0000,0.0000,0.0000,-0.97891,-0.97758,-0.22644,0.06644,0.97760,0.97888,0.77307,0.00000,-0.00333,1.20334
1710,64,0,-0.23430,0.15221,0.0000,0.0000,0,0,4,0.6293,0.9302,1.0000,0.0000,0.0001,-0.97891,-0.97758,-0.22644,0.06644,0.97760,0.97888,0.77346,0.00000,-0.00333,1.20711
1711,64,0,-0.23430,0.15221,0.0000,0.0000,0,0,4,0.6293,0.9302,1.0000,0.0000,0.0001,-0.97891,-0.97758,-0.22644,0.06644,0.97760,0.97888,0.77346,0.00000,-0.00333,1.20711
1712,64,0,-0.23430,0.15221,0.0000,0.0000,0,0,4,0.6293,0.9302,1.0000,0.0000,0.0001,-0.97891,-0.97758,-0.22644,0.06644,0.97760,0.97888,0.77346,0.00000,-0.00333,1.20711
1713,64,0,-0.23430,0.15221,0.0000,0.0000,0,0,4,0.6293,0.9302,1.0000,0.0000,0.0001,-0.97891,-0.97758,-0.22644,0.06644,0.97760,0.97888,0.77346,0.00000,-0.00333,1.20711
1714,64,0,-0.23430,0.15221,0.0000,0.0000,0,0,4,0.6293,0.9302,1.0000,0.0000,0.0001,-0.97891,-0.97758,-0.22644,0.06644,0.97760,0.97888,0.77346,0.00000,-0.00333,1.20711
1715,64,0,-0.23430,0.15221,0.0000,0.0000,0,0,4,0.6293,0.9302,1.0000,0.0000,0.0001,-0.97891,-0.97758,-0.22644,0.06644,0.97760,0.97888,0.77346,0.00000,-0.00333,1.20711
1716,64,0,-0.18003,0.15654,0.0000,0.0000,0,0,4,0.6286,0.9302,1.0000,0.0000,0.0002,-0.97876,-0.97774,-0.22621,0.06345,0.97760,0.97888,0.77377,0.00000,-0.00255,1.21010
1717,64,0,-0.18003,0.15654,0.0000,0.0000,0,0,4,0.6286,0.9302,1.0000,0.0000,0.0002,-0.97876,-0.97774,-0.22621,0.06345,0.97760,0.97888,0.77377,0.00000,-0.00255,1.21010
1718,64,0,-0.18003,0.15654,0.0000,0.0000,0,0,4,0.6286,0.9302,1.0000,0.0000,0.0002,-0.97876,-0.97774,-0.22621,0.06345,0.97760,0.97888,0.77377,0.00000,-0.00255,1.21010
1719,64,0,-0.18003,0.15654,0.0000,0.0000,0,0,4,0.6286,0.9302,1.0000,0.0000,0.0002,-0.97876,-0.97774,-0.22621,0.06345,0.97760,0.97888,0.77377,0.00000,-0.00255,1.21010
1720,64,0,-0.18003,0.15654,0.0000,0.0000,0,0,4,0.6286,0.9302,1.0000,0.0000,0.0002,-0.97876,-0.97774,-0.22621,0.06345,0.97760,0.97888,0.77377,0.00000,-0.00255,1.21010
1721,64,0,-0.18003,0.15654,0.0000,0.0000,0,0,4,0.6286,0.9302,1.0000,0.0000,0.0002,-0.97876,-0.97774,-0.22621,0.06345,0.97760,0.97888,0.77377,0.00000,-0.00255,1.21010
1722,63,1,-0.95167,0.00566,0.0000,0.0000,0,0,3,0.6266,0.1250,0.0000,0.0000,0.0000,-0.98066,-0.97518,-0.81873,0.01003,0.97566,0.98036,0.79488,0.00000,-0.01370,1.43757
1723,63,0,-0.95167,0.00566,0.0000,0.0000,0,0,3,0.6266,0.1250,0.0000,0.0000,0.0000,-0.98066,-0.97518,-0.81873,0.01003,0.97566,0.98036,0.79488,0.00000,-0.01370,1.43757
1724,63,0,-0.95167,0.00566,0.0000,0.0000,0,0,3,0.6266,0.1250,0.0000,0.0000,0.0000,-0.98066,-0.97518,-0.81873,0.01003,0.97566,0.98036,0.79488,0.00000,-0.01370,1.43757
1725,63,0,-0.95167,0.00566,0.0000,0.0000,0,0,3,0.6266,0.1250,0.0000,0.0000,0.0000,-0.98066,-0.97518,-0.81873,0.01003,0.97566,0.98036,0.79488,0.00000,-0.01370,1.43757
1726,63,0,-0.95167,0.00566,0.0000,0.0000,0,0,3,0.6266,0.1250,0.0000,0.0000,0.0000,-0.98066,-0.97518,-0.81873,0.01003,0.97566,0.98036,0.79488,0.00000,-0.01370,1.43757
1727,63,0,-0.95167,0.00566,0.0000,0.0000,0,0,3,0.6266,0.1250,0.0000,0.0000,0.0000,-0.98066,-0.97518,-0.81873,0.01003,0.97566,0.98036,0.79488,0.00000,-0.01370,1.43757
1728,63,0,-0.73215,0.04004,0.0000,0.0000,0,0,6,0.6260,0.0000,0.0000,0.0000,0.0000,-0.98016,-0.97597,-0.89022,0.00475,0.97540,0.98052,0.73423,0.00000,-0.01048,0.88131
1729,63,0,-0.73215,0.04004,0.0000,0.0000,0,0,6,0.6260,0.0000,0.0000,0.0000,0.0000,-0.98016,-0.97597,-0.89022,0.00475,0.97540,0.98052,0.73423,0.00000,-0.01048,0.88131
1730,63,0,-0.73215,0.04004,0.0000,0.0000,0,0,6,0.6260,0.0000,0.0000,0.0000,0.0000,-0.98016,-0.97597,-0.89022,0.00475,0.97540,0.98052,0.73423,0.00000,-0.01048,0.88131
1731,63,0,-0.73215,0.04004,0.0000,0.0000,0,0,6,0.6260,0.0000,0.0000,0.0000,0.0000,-0.98016,-0.97597,-0.89022,0.00475,0.97540,0.98052,0.73423,0.00000,-0.01048,0.88131
1732,63,0,-0.73215,0.04004,0.0000,0.0000,0,0,6,0.6260,0.0000,0.0000,0.0000,0.0000,-0.98016,-0.97597,-0.89022,0.00475,0.97540,0.98052,0.73423,0.00000,-0.01048,0.88131
1733,63,0,-0.73215,0.04004,0.0000,0.0000,0,0,6,0.6260,0.0000,0.0000,0.0000,0.0000,-0.98016,-0.97597,-0.89022,0.00475,0.97540,0.98052,0.73423,0.00000,-0.01048,0.88131
1734,63,0,-0.57572,0.07117,0.0000,0.0000,0,0,6,0.6253,0.0000,0.0000,0.0000,0.0001,-0.97978,-0.97650,-0.89022,0.00475,0.97540,0.98052,0.73473,0.00000,-0.00821,0.88487
1735,63,0,-0.57572,0.07117,0.0000,0.0000,0,0,6,0.6253,0.0000,0.0000,0.0000,0.0001,-0.97978,-0.97650,-0.89022,0.00475,0.97540,0.98052,0.73473,0.00000,-0.00821,0.88487
1736,63,0,-0.57572,0.07117,0.0000,0.0000,0,0,6,0.6253,0.0000,0.0000,0.0000,0.0001,-0.97978,-0.97650,-0.89022,0.00475,0.97540,0.98052,0.73473,0.00000,-0.00821,0.88487
1737,63,0,-0.57572,0.07117,0.0000,0.0000,0,0,6,0.6253,0.0000,0.0000,0.0000,0.0001,-0.97978,-0.97650,-0.89022,0.00475,0.97540,0.98052,0.73473,0.00000,-0.00821,0.88487
1738,63,0,-0.57572,0.07117,0.0000,0.0000,0,0,6,0.6253,0.0000,0.0000,0.0000,0.0001,-0.97978,-0.97650,-0.89022,0.00475,0.97540,0.98052,0.73473,0.00000,-0.00821,0.88487
1739,63,0,-0.57572,0.07117,0.0000,0.0000,0,0,6,0.6253,0.0000,0.0000,0.0000,0.0001,-0.97978,-0.97650,-0.89022,0.00475,0.97540,0.98052,0.73473,0.00000,-0.00821,0.88487
1740,63,0,-0.58925,0.06088,0.0000,0.0000,0,0,6,0.6246,0.0000,0.0000,0.0000,0.0002,-0.97981,-0.97645,-0.90588,0.00476,0.97535,0.98056,0.73486,0.00000,-0.00840,0.88582
1741,63,0,-0.58925,0.06088,0.0000,0.0000,0,0,6,0.6246,0.0000,0.0000,0.0000,0.0002,-0.97981,-0.97645,-0.90588,0.00476,0.97535,0.98056,0.73486,0.00000,-0.00840,0.88582
1742,63,0,-0.58925,0.06088,0.0000,0.0000,0,0,6,0.6246,0.0000,0.0000,0.0000,0.0002,-0.97981,-0.97645,-0.90588,0.00476,0.97535,0.98056,0.73486,0.00000,-0.00840,0.88582
1743,63,0,-0.58925,0.06088,0.0000,0.0000,0,0,6,0.6246,0.0000,0.0000,0.0000,0.0002,-0.97981,-0.97645,-0.90588,0.00476,0.97535,0.98056,0.73486,0.00000,-0.00840,0.88582
1744,63,0,-0.58925,0.06088,0.0000,0.0000,0,0,6,0.6246,0.0000,0.0000,0.0000,0.0002,-0.97981,-0.97645,-0.90588,0.00476,0.97535,0.98056,0.73486,0.00000,-0.00840,0.88582
1745,63,0,-0.58925,0.06088,0.0000,0.0000,0,0,6,0.6246,0.0000,0.0000,0.0000,0.0002,-0.97981,-0.97645,-0.90588,0.00476,0.97535,0.98056,0.73486,0.00000,-0.00840,0.88582
1746,63,0,-0.85151,0.02322,0.0000,0.0000,0,0,6,0.6227,0.9302,1.0000,0.0000,0.0000,-0.98043,-0.97554,-0.92510,0.00243,0.97528,0.98060,0.68862,0.00000,-0.01222,0.60575
1747,63,0,-0.85151,0.02322,0.0000,0.0000,0,0,6,0.6227,0.9302,1.0000,0.0000,0.0000,-0.98043,-0.97554,-0.92510,0.00243,0.97528,0.98060,0.68862,0.00000,-0.01222,0.60575
1748,63,0,-0.85151,0.02322,0.0000,0.0000,0,0,6,0.6227,0.9302,1.0000,0.0000,0.0000,-0.98043,-0.97554,-0.92510,0.00243,0.97528,0.98060,0.68862,0.00000,-0.01222,0.60575
1749,63,0,-0.85151,0.02322,0.0000,0.0000,0,0,6,0.6227,0.9302,1.0000,0.0000,0.0000,-0.98043,-0.97554,-0.92510,0.00243,0.97528,0.98060,0.68862,0.00000,-0.01222,0.60575
1750,63,0,-0.85151,0.02322,0.0000,0.0000,0,0,6,0.6227,0.9302,1.0000,0.0000,0.0000,-0.98043,-0.97554,-0.92510,0.00243,0.97528,0.98060,0.68862,0.00000,-0.01222,0.60575
1751,63,0,-0.85151,0.02322,0.0000,0.0000,0,0,6,0.6227,0.9302,1.0000,0.0000,0.0000,-0.98043,-0.97554,-0.92510,0.00243,0.97528,0.98060,0.68862,0.00000,-0.01222,0.60575
1752,63,0,-0.63677,0.05855,0.0000,0.0000,0,0,0,0.6220,0.9302,1.0000,0.0000,0.0000,-0.97993,-0.97629,0.16452,0.14699,0.97872,0.97778,0.69245,0.00000,-0.00909,0.62574
1753,63,0,-0.63677,0.05855,0.0000,0.0000,0,0,0,0.6220,0.9302,1.0000,0.0000,0.0000,-0.97993,-0.97629,0.16452,0.14699,0.97872,0.97778,0.69245,0.00000,-0.00909,0.62574
1754,63,0,-0.63677,0.05855,0.0000,0.0000,0,0,0,0.6220,0.9302,1.0000,0.0000,0.0000,-0.97993,-0.97629,0.16452,0.14699,0.97872,0.97778,0.69245,0.00000,-0.00909,0.62574
1755,63,0,-0.63677,0.05855,0.0000,0.0000,0,0,0,0.6220,0.9302,1.0000,0.0000,0.0000,-0.97993,-0.97629,0.16452,0.14699,0.97872,0.97778,0.69245,0.00000,-0.00909,0.62574
1756,63,0,-0.63677,0.05855,0.0000,0.0000,0,0,0,0.6220,0.9302,1.0000,0.0000,0.0000,-0.97993,-0.97629,0.16452,0.14699,0.97872,0.97778,0.69245,0.00000,-0.00909,0.62574
1757,63,0,-0.63677,0.05855,0.0000,0.0000,0,0,0,0.6220,0.9302,1.0000,0.0000,0.0000,-0.97993,-0.97629,0.16452,0.14699,0.97872,0.97778,0.69245,0.00000,-0.00909,0.62574
1758,64,-1,-0.75334,0.04349,0.0000,0.0000,0,0,0,0.6200,0.9302,1.0000,0.0000,0.0000,-0.98021,-0.97589,0.15589,0.15401,0.97869,0.97781,0.69275,0.00000,-0.01078,0.62735
1759,64,0,-0.75334,0.04349,0.0000,0.0000,0,0,0,0.6200,0.9302,1.0000,0.0000,0.0000,-0.98021,-0.97589,0.15589,0.15401,0.97869,0.97781,0.69275,0.00000,-0.01078,0.62735
1760,64,0,-0.75334,0.04349,0.0000,0.0000,0,0,0,0.6200,0.9302,1.0000,0.0000,0.0000,-0.98021,-0.97589,0.15589,0.15401,0.97869,0.97781,0.69275,0.00000,-0.01078,0.62735
1761,64,0,-0.75334,0.04349,0.0000,0.0000,0,0,0,0.6200,0.9302,1.0000,0.0000,0.0000,-0.98021,-0.97589,0.15589,0.15401,0.97869,0.97781,0.69275,0.00000,-0.01078,0.62735
1762,64,0,-0.75334,0.04349,0.0000,0.0000,0,0,0,0.6200,0.9302,1.0000,0.0000,0.0000,-0.98021,-0.97589,0.15589,0.15401,0.97869,0.97781,0.69275,0.00000,-0.01078,0.62735
1763,64,0,-0.75334,0.04349,0.0000,0.0000,0,0,0,0.6200,0.9302,1.0000,0.0000,0.0000,-0.98021,-0.97589,0.15589,0.15401,0.97869,0.97781,0.69275,0.00000,-0.01078,0.62735
1764,64,0,-0.72690,0.04263,0.0000,0.0000,0,0,0,0.6193,0.9302,1.0000,0.0000,0.0000,-0.98014,-0.97598,0.15578,0.14664,0.97869,0.97781,0.69305,0.00000,-0.01040,0.62895
1765,64,0,-0.72690,0.04263,0.0000,0.0000,0,0,0,0.6193,0.9302,1.0000,0.0000,0.0000,-0.98014,-0.97598,0.15578,0.14664,0.97869,0.97781,0.69305,0.00000,-0.01040,0.62895
1766,64,0,-0.72690,0.04263,0.0000,0.0000,0,0,0,0.6193,0.9302,1.0000,0.0000,0.0000,-0.98014,-0.97598,0.15578,0.14664,0.97869,0.97781,0.69305,0.00000,-0.01040,0.62895
1767,64,0,-0.72690,0.04263,0.0000,0.0000,0,0,0,0.6193,0.9302,1.0000,0.0000,0.0000,-0.98014,-0.97598,0.15578,0.14664,0.97869,0.97781,0.69305,0.00000,-0.01040,0.62895
1768,64,0,-0.72690,0.04263,0.0000,0.0000,0,0,0,0.6193,0.9302,1.0000,0.0000,0.0000,-0.98014,-0.97598,0.15578,0.14664,0.97869,0.97781,0.69305,0.00000,-0.01040,0.62895
1769,64,0,-0.72690,0.04263,0.0000,0.0000,0,0,0,0.6193,0.9302,1.0000,0.0000,0.0000,-0.98014,-0.97598,0.15578,0.14664,0.97869,0.97781,0.69305,0.00000,-0.01040,0.62895
1770,64,0,-0.72690,0.04263,0.0000,0.0000,0,0,0,0.6187,0.9302,1.0000,0.0000,0.0001,-0.98014,-0.97598,0.15578,0.14664,0.97869,0.97781,0.69330,0.00000,-0.01040,0.63025
1771,64,0,-0.72690,0.04263,0.0000,0.0000,0,0,0,0.6187,0.9302,1.0000,0.0000,0.0001,-0.98014,-0.97598,0.15578,0.14664,0.97869,0.97781,0.69330,0.00000,-0.01040,0.63025
1772,64,0,-0.72690,0.04263,0.0000,0.0000,0,0,0,0.6187,0.9302,1.0000,0.0000,0.0001,-0.98014,-0.97598,0.15578,0.14664,0.97869,0.97781,0.69330,0.00000,-0.01040,0.63025
1773,64,0,-0.72690,0.04263,0.0000,0.0000,0,0,0,0.6187,0.9302,1.0000,0.0000,0.0001,-0.98014,-0.97598,0.15578,0.14664,0.97869,0.97781,0.69330,0.00000,-0.01040,0.63025
1774,64,0,-0.72690,0.04263,0.0000,0.0000,0,0,0,0.6187,0.9302,1.0000,0.0000,0.0001,-0.98014,-0.97598,0.15578,0.14664,0.97869,0.97781,0.69330,0.00000,-0.01040,0.63025
1775,64,0,-0.72690,0.04263,0.0000,0.0000,0,0,0,0.6187,0.9302,1.0000,0.0000,0.0001,-0.98014,-0.97598,0.15578,0.14664,0.97869,0.97781,0.69330,0.00000,-0.01040,0.63025
1776,65,-1,-0.73559,0.03833,0.0000,0.0000,0,0,0,0.6167,0.9302,1.0000,0.0000,0.0000,-0.98016,-0.97595,0.14805,0.14643,0.97867,0.97783,0.69388,0.00000,-0.01053,0.63332
1777,65,0,-0.73559,0.03833,0.0000,0.0000,0,0,0,0.6167,0.9302,1.0000,0.0000,0.0000,-0.98016,-0.97595,0.14805,0.14643,0.97867,0.97783,0.69388,0.00000,-0.01053,0.63332
1778,65,0,-0.73559,0.03833,0.0000,0.0000,0,0,0,0.6167,0.9302,1.0000,0.0000,0.0000,-0.98016,-0.97595,0.14805,0.14643,0.97867,0.97783,0.69388,0.00000,-0.01053,0.63332
1779,65,0,-0.73559,0.03833,0.0000,0.0000,0,0,0,0.6167,0.9302,1.0000,0.0000,0.0000,-0.98016,-0.97595,0.14805,0.14643,0.97867,0.97783,0.69388,0.00000,-0.01053,0.63332
1780,65,0,-0.73559,0.03833,0.0000,0.0000,0,0,0,0.6167,0.9302,1.0000,0.0000,0.0000,-0.98016,-0.97595,0.14805,0.14643,0.97867,0.97783,0.69388,0.00000,-0.01053,0.63332
1781,65,0,-0.73559,0.03833,0.0000,0.0000,0,0,0,0.6167,0.9302,1.0000,0.0000,0.0000,-0.98016,-0.97595,0.14805,0.14643,0.97867,0.97783,0.69388,0.00000,-0.01053,0.63332
1782,65,0,-0.73559,0.03833,0.0000,0.0000,0,0,0,0.6160,0.9302,1.0000,0.0000,0.0000,-0.98016,-0.97595,0.14805,0.14643,0.97867,0.97783,0.69410,0.00000,-0.01053,0.63454
1783,65,0,-0.73559,0.03833,0.0000,0.0000,0,0,0,0.6160,0.9302,1.0000,0.0000,0.0000,-0.98016,-0.97595,0.14805,0.14643,0.97867,0.97783,0.69410,0.00000,-0.01053,0.63454
1784,65,0,-0.73559,0.03833,0.0000,0.0000,0,0,0,0.6160,0.9302,1.0000,0.0000,0.0000,-0.98016,-0.97595,0.14805,0.14643,0.97867,0.97783,0.69410,0.00000,-0.01053,0.63454
1785,65,0,-0.73559,0.03833,0.0000,0.0000,0,0,0,0.6160,0.9302,1.0000,0.0000,0.0000,-0.98016,-0.97595,0.14805,0.14643,0.97867,0.97783,0.69410,0.00000,-0.01053,0.63454
1786,65,0,-0.73559,0.03833,0.0000,0.0000,0,0,0,0.6160,0.9302,1.0000,0.0000,0.0000,-0.98016,-0.97595,0.14805,0.14643,0.97867,0.97783,0.69410,0.00000,-0.01053,0.63454
1787,65,0,-0.73559,0.03833,0.0000,0.0000,0,0,0,0.6160,0.9302,1.0000,0.0000,0.0000,-0.98016,-0.97595,0.14805,0.14643,0.97867,0.97783,0.69410,0.00000,-0.01053,0.63454
1788,65,0,-0.29631,0.12557,0.0000,0.0000,0,0,4,0.6153,0.9302,1.0000,0.0000,0.0001,-0.97907,-0.97739,-0.21005,0.06691,0.97765,0.97884,0.69458,0.00000,-0.00421,0.63707
1789,65,0,-0.29631,0.12557,0.0000,0.0000,0,0,4,0.6153,0.9302,1.0000,0.0000,0.0001,-0.97907,-0.97739,-0.21005,0.06691,0.97765,0.97884,0.69458,0.00000,-0.00421,0.63707
1790,65,0,-0.29631,0.12557,0.0000,0.0000,0,0,4,0.6153,0.9302,1.0000,0.0000,0.0001,-0.97907,-0.97739,-0.21005,0.06691,0.97765,0.97884,0.69458,0.00000,-0.00421,0.63707
1791,65,0,-0.29631,0.12557,0.0000,0.0000,0,0,4,0.6153,0.9302,1.0000,0.0000,0.0001,-0.97907,-0.97739,-0.21005,0.06691,0.97765,0.97884,0.69458,0.00000,-0.00421,0.63707
1792,65,0,-0.29631,0.12557,0.0000,0.0000,0,0,4,0.6153,0.8163,1.0000,0.0000,0.0001,-0.97907,-0.97739,-0.21005,0.06691,0.97765,0.97884,0.70082,0.00000,-0.00421,0.67124
1793,65,0,-0.29631,0.12557,0.0000,0.0000,0,0,4,0.6153,0.8163,1.0000,0.0000,0.0001,-0.97907,-0.97739,-0.21005,0.06691,0.97765,0.97884,0.70082,0.00000,-0.00421,0.67124
1794,64,1,-0.42561,0.14488,0.0000,0.0000,0,0,4,0.6133,0.8163,1.0000,0.0000,0.0000,-0.97940,-0.97698,-0.22593,0.06081,0.97760,0.97888,0.70104,0.00000,-0.00605,0.67248
1795,64,0,-0.42561,0.14488,0.0000,0.0000,0,0,4,0.6133,0.8163,1.0000,0.0000,0.0000,-0.97940,-0.97698,-0.22593,0.06081,0.97760,0.97888,0.70104,0.00000,-0.00605,0.67248
1796,64,0,-0.42561,0.14488,0.0000,0.0000,0,0,4,0.6133,0.8163,1.0000,0.0000,0.0000,-0.97940,-0.97698,-0.22593,0.06081,0.97760,0.97888,0.70104,0.00000,-0.00605,0.67248
1797,64,0,-0.42561,0.14488,0.0000,0.0000,0,0,4,0.6133,0.8163,1.0000,0.0000,0.0000,-0.97940,-0.97698,-0.22593,0.06081,0.97760,0.97888,0.70104,0.00000,-0.00605,0.67248
1798,64,0,-0.42561,0.14488,0.0000,0.0000,0,0,4,0.6133,0.8163,1.0000,0.0000,0.0000,-0.97940,-0.97698,-0.22593,0.06081,0.97760,0.97888,0.70104,0.00000,-0.00605,0.67248
1799,64,0,-0.42561,0.14488,0.0000,0.0000,0,0,4,0.6133,0.8163,1.0000,0.0000,0.0000,-0.97940,-0.97698,-0.22593,0.06081,0.97760,0.97888,0.70104,0.00000,-0.00605,0.67248
1800,64,0,-0.82404,0.02811,0.0000,0.0000,0,0,3,0.6127,0.8163,1.0000,0.0000,0.0000,-0.98037,-0.97564,-0.68162,0.02078,0.97614,0.98004,0.69905,0.00000,-0.01182,0.66139
1801,64,0,-0.82404,0.02811,0.0000,0.0000,0,0,3,0.6127,0.8163,1.0000,0.0000,0.0000,-0.98037,-0.97564,-0.68162,0.02078,0.97614,0.98004,0.69905,0.00000,-0.01182,0.66139
1802,64,0,-0.82404,0.02811,0.0000,0.0000,0,0,3,0.6127,0.8163,1.0000,0.0000,0.0000,-0.98037,-0.97564,-0.68162,0.02078,0.97614,0.98004,0.69905,0.00000,-0.01182,0.66139
1803,64,0,-0.82404,0.02811,0.0000,0.0000,0,0,3,0.6127,0.8163,1.0000,0.0000,0.0000,-0.98037,-0.97564,-0.68162,0.02078,0.97614,0.98004,0.69905,0.00000,-0.01182,0.66139
1804,64,0,-0.82404,0.02811,0.0000,0.0000,0,0,3,0.6127,0.8163,1.0000,0.0000,0.0000,-0.98037,-0.97564,-0.68162,0.02078,0.97614,0.98004,0.69905,0.00000,-0.01182,0.66139
1805,64,0,-0.82404,0.02811,0.0000,0.0000,0,0,3,0.6127,0.8163,1.0000,0.0000,0.0000,-0.98037,-0.97564,-0.68162,0.02078,0.97614,0.98004,0.69905,0.00000,-0.01182,0.66139
1806,64,0,-0.85705,0.02203,0.0000,0.0000,0,0,2,0.6120,0.8163,1.0000,0.0000,0.0001,-0.98045,-0.97552,-0.54480,0.03343,0.97660,0.97970,0.77835,0.00000,-0.01230,1.25583
1807,64,0,-0.85705,0.02203,0.0000,0.0000,0,0,2,0.6120,0.8163,1.0000,0.0000,0.0001,-0.98045,-0.97552,-0.54480,0.03343,0.97660,0.97970,0.77835,0.00000,-0.01230,1.25583
1808,64,0,-0.85705,0.02203,0.0000,0.0000,0,0,2,0.6120,0.8163,1.0000,0.0000,0.0001,-0.98045,-0.97552,-0.54480,0.03343,0.97660,0.97970,0.77835,0.00000,-0.01230,1.25583
1809,64,0,-0.85705,0.02203,0.0000,0.0000,0,0,2,0.6120,0.8163,1.0000,0.0000,0.0001,-0.98045,-0.97552,-0.54480,0.03343,0.97660,0.97970,0.77835,0.00000,-0.01230,1.25583
1810,64,0,-0.85705,0.02203,0.0000,0.0000,0,0,2,0.6120,0.8163,1.0000,0.0000,0.0001,-0.98045,-0.97552,-0.54480,0.03343,0.97660,0.97970,0.77835,0.00000,-0.01230,1.25583
1811,64,0,-0.85705,0.02203,0.0000,0.0000,0,0,2,0.6120,0.8163,1.0000,0.0000,0.0001,-0.98045,-0.97552,-0.54480,0.03343,0.97660,0.97970,0.77835,0.00000,-0.01230,1.25583
1812,65,-1,-0.95099,0.00470,0.0000,0.0000,0,0,1,0.6100,0.2500,0.0000,0.0000,0.0000,-0.98066,-0.97518,-0.68057,0.02615,0.97614,0.98003,0.79408,0.00000,-0.01369,1.42817
1813,65,0,-0.95099,0.00470,0.0000,0.0000,0,0,1,0.6100,0.2500,0.0000,0.0000,0.0000,-0.98066,-0.97518,-0.68057,0.02615,0.97614,0.98003,0.79408,0.00000,-0.01369,1.42817
1814,65,0,-0.95099,0.00470,0.0000,0.0000,0,0,1,0.6100,0.2500,0.0000,0.0000,0.0000,-0.98066,-0.97518,-0.68057,0.02615,0.97614,0.98003,0.79408,0.00000,-0.01369,1.42817
1815,65,0,-0.95099,0.00470,0.0000,0.0000,0,0,1,0.6100,0.2500,0.0000,0.0000,0.0000,-0.98066,-0.97518,-0.68057,0.02615,0.97614,0.98003,0.79408,0.00000,-0.01369,1.42817
1816,65,0,-0.95099,0.00470,0.0000,0.0000,0,0,1,0.6100,0.2500,0.0000,0.0000,0.0000,-0.98066,-0.97518,-0.68057,0.02615,0.97614,0.98003,0.79408,0.00000,-0.01369,1.42817
1817,65,0,-0.95099,0.00470,0.0000,0.0000,0,0,1,0.6100,0.2500,0.0000,0.0000,0.0000,-0.98066,-0.97518,-0.68057,0.02615,0.97614,0.98003,0.79408,0.00000,-0.01369,1.42817
1818,65,0,-0.93552,0.00613,0.0000,0.0000,0,0,2,0.6080,0.2500,0.0000,0.0000,0.0000,-0.98063,-0.97524,-0.85353,0.01035,0.97554,0.98044,0.79425,0.00000,-0.01346,1.43018
1819,65,0,-0.93552,0.00613,0.0000,0.0000,0,0,2,0.6080,0.2500,0.0000,0.0000,0.0000,-0.98063,-0.97524,-0.85353,0.01035,0.97554,0.98044,0.79425,0.00000,-0.01346,1.43018
1820,65,0,-0.93552,0.00613,0.0000,0.0000,0,0,2,0.6080,0.2500,0.0000,0.0000,0.0000,-0.98063,-0.97524,-0.85353,0.01035,0.97554,0.98044,0.79425,0.00000,-0.01346,1.43018
1821,65,0,-0.93552,0.00613,0.0000,0.0000,0,0,2,0.6080,0.2500,0.0000,0.0000,0.0000,-0.98063,-0.97524,-0.85353,0.01035,0.97554,0.98044,0.79425,0.00000,-0.01346,1.43018
1822,65,0,-0.93552,0.00613,0.0000,0.0000,0,0,2,0.6080,0.2500,0.0000,0.0000,0.0000,-0.98063,-0.97524,-0.85353,0.01035,0.97554,0.98044,0.79425,0.00000,-0.01346,1.43018
1823,65,0,-0.93552,0.00613,0.0000,0.0000,0,0,2,0.6080,0.2500,0.0000,0.0000,0.0000,-0.98063,-0.97524,-0.85353,0.01035,0.97554,0.98044,0.79425,0.00000,-0.01346,1.43018
1824,65,0,-0.94206,0.00320,0.0000,0.0000,0,0,2,0.6061,0.2500,0.0000,0.0000,0.0000,-0.98064,-0.97522,-0.90090,0.00545,0.97537,0.98055,0.79469,0.00000,-0.01356,1.43533
1825,65,0,-0.94206,0.00320,0.0000,0.0000,0,0,2,0.6061,0.2500,0.0000,0.0000,0.0000,-0.98064,-0.97522,-0.90090,0.00545,0.97537,0.98055,0.79469,0.00000,-0.01356,1.43533
1826,65,0,-0.94206,0.00320,0.0000,0.0000,0,0,2,0.6061,0.2500,0.0000,0.0000,0.0000,-0.98064,-0.97522,-0.90090,0.00545,0.97537,0.98055,0.79469,0.00000,-0.01356,1.43533
1827,65,0,-0.94206,0.00320,0.0000,0.0000,0,0,2,0.6061,0.2500,0.0000,0.0000,0.0000,-0.98064,-0.97522,-0.90090,0.00545,0.97537,0.98055,0.79469,0.00000,-0.01356,1.43533
1828,65,0,-0.94206,0.00320,0.0000,0.0000,0,0,2,0.6061,0.2500,0.0000,0.0000,0.0000,-0.98064,-0.97522,-0.90090,0.00545,0.97537,0.98055,0.79469,0.00000,-0.01356,1.43533
1829,65,0,-0.94206,0.00320,0.0000,0.0000,0,0,2,0.6061,0.2500,0.0000,0.0000,0.0000,-0.98064,-0.97522,-0.90090,0.00545,0.97537,0.98055,0.79469,0.00000,-0.01356,1.43533
1830,65,0,-0.95434,0.00609,0.0000,0.0000,0,0,2,0.6041,0.2500,0.0000,0.0000,0.0000,-0.98067,-0.97517,-0.84823,0.01035,0.97556,0.98043,0.79524,0.00000,-0.01374,1.44186
1831,65,0,-0.95434,0.00609,0.0000,0.0000,0,0,2,0.6041,0.2500,0.0000,0.0000,0.0000,-0.98067,-0.97517,-0.84823,0.01035,0.97556,0.98043,0.79524,0.00000,-0.01374,1.44186
1832,65,0,-0.95434,0.00609,0.0000,0.0000,0,0,2,0.6041,0.2500,0.0000,0.0000,0.0000,-0.98067,-0.97517,-0.84823,0.01035,0.97556,0.98043,0.79524,0.00000,-0.01374,1.44186
1833,65,0,-0.95434,0.00609,0.0000,0.0000,0,0,2,0.6041,0.2500,0.0000,0.0000,0.0000,-0.98067,-0.97517,-0.84823,0.01035,0.97556,0.98043,0.79524,0.00000,-0.01374,1.44186
1834,65,0,-0.95434,0.00609,0.0000,0.0000,0,0,2,0.6041,0.2500,0.0000,0.0000,0.0000,-0.98067,-0.97517,-0.84823,0.01035,0.97556,0.98043,0.79524,0.00000,-0.01374,1.44186
1835,65,0,-0.95434,0.00609,0.0000,0.0000,0,0,2,0.6041,0.2500,0.0000,0.0000,0.0000,-0.98067,-0.97517,-0.84823,0.01035,0.97556,0.98043,0.79524,0.00000,-0.01374,1.44186
1836,65,0,-0.95948,0.00319,0.0000,0.0000,0,0,2,0.6021,0.1250,0.0000,0.0000,0.0000,-0.98068,-0.97515,-0.89694,0.00545,0.97538,0.98054,0.79862,0.00000,-0.01382,1.48287
1837,65,0,-0.95948,0.00319,0.0000,0.0000,0,0,2,0.6021,0.1250,0.0000,0.0000,0.0000,-0.98068,-0.97515,-0.89694,0.00545,0.97538,0.98054,0.79862,0.00000,-0.01382,1.48287
1838,65,0,-0.95948,0.00319,0.0000,0.0000,0,0,2,0.6021,0.1250,0.0000,0.0000,0.0000,-0.98068,-0.97515,-0.89694,0.00545,0.97538,0.98054,0.79862,0.00000,-0.01382,1.48287
1839,65,0,-0.95948,0.00319,0.0000,0.0000,0,0,2,0.6021,0.1250,0.0000,0.0000,0.0000,-0.98068,-0.97515,-0.89694,0.00545,0.97538,0.98054,0.79862,0.00000,-0.01382,1.48287
1840,65,0,-0.95948,0.00319,0.0000,0.0000,0,0,2,0.6021,0.1250,0.0000,0.0000,0.0000,-0.98068,-0.97515,-0.89694,0.00545,0.97538,0.98054,0.79862,0.00000,-0.01382,1.48287
1841,65,0,-0.95948,0.00319,0.0000,0.0000,0,0,2,0.6021,0.1250,0.0000,0.0000,0.0000,-0.98068,-0.97515,-0.89694,0.00545,0.97538,0.98054,0.79862,0.00000,-0.01382,1.48287
1842,65,0,-0.95948,0.00319,0.0000,0.0000,0,0,2,0.6014,0.1250,0.0000,0.0000,0.0000,-0.98068,-0.97515,-0.89694,0.00545,0.97538,0.98054,0.79879,0.00000,-0.01382,1.48492
1843,65,0,-0.95948,0.00319,0.0000,0.0000,0,0,2,0.6014,0.1250,0.0000,0.0000,0.0000,-0.98068,-0.97515,-0.89694,0.00545,0.97538,0.98054,0.79879,0.00000,-0.01382,1.48492
1844,65,0,-0.95948,0.00319,0.0000,0.0000,0,0,2,0.6014,0.1250,0.0000,0.0000,0.0000,-0.98068,-0.97515,-0.89694,0.00545,0.97538,0.98054,0.79879,0.00000,-0.01382,1.48492
1845,65,0,-0.95948,0.00319,0.0000,0.0000,0,0,2,0.6014,0.1250,0.0000,0.0000,0.0000,-0.98068,-0.97515,-0.89694,0.00545,0.97538,0.98054,0.79879,0.00000,-0.01382,1.48492
1846,65,0,-0.95948,0.00319,0.0000,0.0000,0,0,2,0.6014,0.1250,0.0000,0.0000,0.0000,-0.98068,-0.97515,-0.89694,0.00545,0.97538,0.98054,0.79879,0.00000,-0.01382,1.48492
1847,65,0,-0.95948,0.00319,0.0000,0.0000,0,0,2,0.6014,0.1250,0.0000,0.0000,0.0000,-0.98068,-0.97515,-0.89694,0.00545,0.97538,0.98054,0.79879,0.00000,-0.01382,1.48492
1848,65,0,-0.95316,0.00317,0.0000,0.0000,0,0,2,0.6008,0.1250,0.0000,0.0000,0.0001,-0.98066,-0.97517,-0.89283,0.00545,0.97540,0.98053,0.79910,0.00000,-0.01373,1.48884
1849,65,0,-0.95316,0.00317,0.0000,0.0000,0,0,2,0.6008,0.1250,0.0000,0.0000,0.0001,-0.98066,-0.97517,-0.89283,0.00545,0.97540,0.98053,0.79910,0.00000,-0.01373,1.48884
1850,65,0,-0.95316,0.00317,0.0000,0.0000,0,0,2,0.6008,0.1250,0.0000,0.0000,0.0001,-0.98066,-0.97517,-0.89283,0.00545,0.97540,0.98053,0.79910,0.00000,-0.01373,1.48884
1851,65,0,-0.95316,0.00317,0.0000,0.0000,0,0,2,0.6008,0.1250,0.0000,0.0000,0.0001,-0.98066,-0.97517,-0.89283,0.00545,0.97540,0.98053,0.79910,0.00000,-0.01373,1.48884
1852,65,0,-0.95316,0.00317,0.0000,0.0000,0,0,2,0.6008,0.1250,0.0000,0.0000,0.0001,-0.98066,-0.97517,-0.89283,0.00545,0.97540,0.98053,0.79910,0.00000,-0.01373,1.48884
1853,65,0,-0.95316,0.00317,0.0000,0.0000,0,0,2,0.6008,0.1250,0.0000,0.0000,0.0001,-0.98066,-0.97517,-0.89283,0.00545,0.97540,0.98053,0.79910,0.00000,-0.01373,1.48884
1854,65,0,-0.57270,0.05614,0.0000,0.0000,0,0,6,0.6001,0.1250,0.0000,0.0000,0.0002,-0.97977,-0.97651,-0.72043,0.01929,0.97601,0.98013,0.79993,0.00000,-0.00817,1.49914
1855,65,0,-0.57270,0.05614,0.0000,0.0000,0,0,6,0.6001,0.1250,0.0000,0.0000,0.0002,-0.97977,-0.97651,-0.72043,0.01929,0.97601,0.98013,0.79993,0.00000,-0.00817,1.49914
1856,65,0,-0.57270,0.05614,0.0000,0.0000,0,0,6,0.6001,0.1250,0.0000,0.0000,0.0002,-0.97977,-0.97651,-0.72043,0.01929,0.97601,0.98013,0.79993,0.00000,-0.00817,1.49914
1857,65,0,-0.57270,0.05614,0.0000,0.0000,0,0,6,0.6001,0.1250,0.0000,0.0000,0.0002,-0.97977,-0.97651,-0.72043,0.01929,0.97601,0.98013,0.79993,0.00000,-0.00817,1.49914
1858,65,0,-0.57270,0.05614,0.0000,0.0000,0,0,6,0.6001,0.1250,0.0000,0.0000,0.0002,-0.97977,-0.97651,-0.72043,0.01929,0.97601,0.98013,0.79993,0.00000,-0.00817,1.49914
1859,65,0,-0.57270,0.05614,0.0000,0.0000,0,0,6,0.6001,0.1250,0.0000,0.0000,0.0002,-0.97977,-0.97651,-0.72043,0.01929,0.97601,0.98013,0.79993,0.00000,-0.00817,1.49914
1860,65,0,-0.78546,0.03713,0.0000,0.0000,0,0,6,0.5981,0.2500,0.0000,0.0000,0.0000,-0.98028,-0.97578,-0.85868,0.01035,0.97552,0.98045,0.79692,0.00000,-0.01125,1.46210
1861,65,0,-0.78546,0.03713,0.0000,0.0000,0,0,6,0.5981,0.2500,0.0000,0.0000,0.0000,-0.98028,-0.97578,-0.85868,0.01035,0.97552,0.98045,0.79692,0.00000,-0.01125,1.46210
1862,65,0,-0.78546,0.03713,0.0000,0.0000,0,0,6,0.5981,0.2500,0.0000,0.0000,0.0000,-0.98028,-0.97578,-0.85868,0.01035,0.97552,0.98045,0.79692,0.00000,-0.01125,1.46210
1863,65,0,-0.78546,0.03713,0.0000,0.0000,0,0,6,0.5981,0.2500,0.0000,0.0000,0.0000,-0.98028,-0.97578,-0.85868,0.01035,0.97552,0.98045,0.79692,0.00000,-0.01125,1.46210
1864,65,0,-0.78546,0.03713,0.0000,0.0000,0,0,6,0.5981,0.2500,0.0000,0.0000,0.0000,-0.98028,-0.97578,-0.85868,0.01035,0.97552,0.98045,0.79692,0.00000,-0.01125,1.46210
1865,65,0,-0.78546,0.03713,0.0000,0.0000,0,0,6,0.5981,0.2500,0.0000,0.0000,0.0000,-0.98028,-0.97578,-0.85868,0.01035,0.97552,0.98045,0.79692,0.00000,-0.01125,1.46210
1866,64,1,-0.92281,0.01341,0.0000,0.0000,0,0,5,0.5961,0.1250,0.0000,0.0000,0.0000,-0.98060,-0.97529,-0.93311,0.00307,0.97525,0.98062,0.80019,0.00000,-0.01328,1.50241
1867,64,0,-0.92281,0.01341,0.0000,0.0000,0,0,5,0.5961,0.1250,0.0000,0.0000,0.0000,-0.98060,-0.97529,-0.93311,0.00307,0.97525,0.98062,0.80019,0.00000,-0.01328,1.50241
1868,64,0,-0.92281,0.01341,0.0000,0.0000,0,0,5,0.5961,0.1250,0.0000,0.0000,0.0000,-0.98060,-0.97529,-0.93311,0.00307,0.97525,0.98062,0.80019,0.00000,-0.01328,1.50241
1869,64,0,-0.92281,0.01341,0.0000,0.0000,0,0,5,0.5961,0.1250,0.0000,0.0000,0.0000,-0.98060,-0.97529,-0.93311,0.00307,0.97525,0.98062,0.80019,0.00000,-0.01328,1.50241
1870,64,0,-0.92281,0.01341,0.0000,0.0000,0,0,5,0.5961,0.1250,0.0000,0.0000,0.0000,-0.98060,-0.97529,-0.93311,0.00307,0.97525,0.98062,0.80019,0.00000,-0.01328,1.50241
1871,64,0,-0.92281,0.01341,0.0000,0.0000,0,0,5,0.5961,0.1250,0.0000,0.0000,0.0000,-0.98060,-0.97529,-0.93311,0.00307,0.97525,0.98062,0.80019,0.00000,-0.01328,1.50241
1872,64,0,-0.91154,0.01355,0.0000,0.0000,0,0,5,0.5955,0.0000,0.0000,0.0000,0.0000,-0.98057,-0.97533,-0.93046,0.00307,0.97526,0.98061,0.74113,0.00000,-0.01311,0.93149
1873,64,0,-0.91154,0.01355,0.0000,0.0000,0,0,5,0.5955,0.0000,0.0000,0.0000,0.0000,-0.98057,-0.97533,-0.93046,0.00307,0.97526,0.98061,0.74113,0.00000,-0.01311,0.93149
1874,64,0,-0.91154,0.01355,0.0000,0.0000,0,0,5,0.5955,0.0000,0.0000,0.0000,0.0000,-0.98057,-0.97533,-0.93046,0.00307,0.97526,0.98061,0.74113,0.00000,-0.01311,0.93149
1875,64,0,-0.91154,0.01355,0.0000,0.0000,0,0,5,0.5955,0.0000,0.0000,0.0000,0.0000,-0.98057,-0.97533,-0.93046,0.00307,0.97526,0.98061,0.74113,0.00000,-0.01311,0.93149
1876,64,0,-0.91154,0.01355,0.0000,0.0000,0,0,5,0.5955,0.0000,0.0000,0.0000,0.0000,-0.98057,-0.97533,-0.93046,0.00307,0.97526,0.98061,0.74113,0.00000,-0.01311,0.93149
1877,64,0,-0.91154,0.01355,0.0000,0.0000,0,0,5,0.5955,0.0000,0.0000,0.0000,0.0000,-0.98057,-0.97533,-0.93046,0.00307,0.97526,0.98061,0.74113,0.00000,-0.01311,0.93149
1878,64,0,-0.94672,0.00645,0.0000,0.0000,0,0,5,0.5935,0.8163,1.0000,0.0000,0.0000,-0.98065,-0.97520,-0.94182,0.00146,0.97522,0.98064,0.70402,0.00000,-0.01363,0.68931
1879,64,0,-0.94672,0.00645,0.0000,0.0000,0,0,5,0.5935,0.8163,1.0000,0.0000,0.0000,-0.98065,-0.97520,-0.94182,0.00146,0.97522,0.98064,0.70402,0.00000,-0.01363,0.68931
1880,64,0,-0.94672,0.00645,0.0000,0.0000,0,0,5,0.5935,0.8163,1.0000,0.0000,0.0000,-0.98065,-0.97520,-0.94182,0.00146,0.97522,0.98064,0.70402,0.00000,-0.01363,0.68931
1881,64,0,-0.94672,0.00645,0.0000,0.0000,0,0,5,0.5935,0.8163,1.0000,0.0000,0.0000,-0.98065,-0.97520,-0.94182,0.00146,0.97522,0.98064,0.70402,0.00000,-0.01363,0.68931
1882,64,0,-0.94672,0.00645,0.0000,0.0000,0,0,5,0.5935,0.8163,1.0000,0.0000,0.0000,-0.98065,-0.97520,-0.94182,0.00146,0.97522,0.98064,0.70402,0.00000,-0.01363,0.68931
1883,64,0,-0.94672,0.00645,0.0000,0.0000,0,0,5,0.5935,0.8163,1.0000,0.0000,0.0000,-0.98065,-0.97520,-0.94182,0.00146,0.97522,0.98064,0.70402,0.00000,-0.01363,0.68931
1884,64,0,-0.93929,0.00659,0.0000,0.0000,0,0,5,0.5928,0.8163,1.0000,0.0000,0.0000,-0.98063,-0.97523,-0.93877,0.00148,0.97523,0.98063,0.70426,0.00000,-0.01352,0.69068
1885,64,0,-0.93929,0.00659,0.0000,0.0000,0,0,5,0.5928,0.8163,1.0000,0.0000,0.0000,-0.98063,-0.97523,-0.93877,0.00148,0.97523,0.98063,0.70426,0.00000,-0.01352,0.69068
1886,64,0,-0.93929,0.00659,0.0000,0.0000,0,0,5,0.5928,0.8163,1.0000,0.0000,0.0000,-0.98063,-0.97523,-0.93877,0.00148,0.97523,0.98063,0.70426,0.00000,-0.01352,0.69068
1887,64,0,-0.93929,0.00659,0.0000,0.0000,0,0,5,0.5928,0.8163,1.0000,0.0000,0.0000,-0.98063,-0.97523,-0.93877,0.00148,0.97523,0.98063,0.70426,0.00000,-0.01352,0.69068
1888,64,0,-0.93929,0.00659,0.0000,0.0000,0,0,5,0.5928,0.8163,1.0000,0.0000,0.0000,-0.98063,-0.97523,-0.93877,0.00148,0.97523,0.98063,0.70426,0.00000,-0.01352,0.69068
1889,64,0,-0.93929,0.00659,0.0000,0.0000,0,0,5,0.5928,0.8163,1.0000,0.0000,0.0000,-0.98063,-0.97523,-0.93877,0.00148,0.97523,0.98063,0.70426,0.00000,-0.01352,0.69068
1890,64,0,-0.93929,0.00659,0.0000,0.0000,0,0,5,0.5922,0.8163,1.0000,0.0000,0.0001,-0.98063,-0.97523,-0.93877,0.00148,0.97523,0.98063,0.70449,0.00000,-0.01352,0.69197
1891,64,0,-0.93929,0.00659,0.0000,0.0000,0,0,5,0.5922,0.8163,1.0000,0.0000,0.0001,-0.98063,-0.97523,-0.93877,0.00148,0.97523,0.98063,0.70449,0.00000,-0.01352,0.69197
1892,64,0,-0.93929,0.00659,0.0000,0.0000,0,0,5,0.5922,0.8163,1.0000,0.0000,0.0001,-0.98063,-0.97523,-0.93877,0.00148,0.97523,0.98063,0.70449,0.00000,-0.01352,0.69197
1893,64,0,-0.93929,0.00659,0.0000,0.0000,0,0,5,0.5922,0.8163,1.0000,0.0000,0.0001,-0.98063,-0.97523,-0.93877,0.00148,0.97523,0.98063,0.70449,0.00000,-0.01352,0.69197
1894,64,0,-0.93929,0.00659,0.0000,0.0000,0,0,5,0.5922,0.8163,1.0000,0.0000,0.0001,-0.98063,-0.97523,-0.93877,0.00148,0.97523,0.98063,0.70449,0.00000,-0.01352,0.69197
1895,64,0,-0.93929,0.00659,0.0000,0.0000,0,0,5,0.5922,0.8163,1.0000,0.0000,0.0001,-0.98063,-0.97523,-0.93877,0.00148,0.97523,0.98063,0.70449,0.00000,-0.01352,0.69197
1896,63,1,-0.33381,0.13382,0.0000,0.0000,0,0,4,0.5902,0.8163,1.0000,0.0000,0.0000,-0.97917,-0.97727,-0.24460,0.05724,0.97754,0.97893,0.70830,0.00000,-0.00474,0.71410
1897,63,0,-0.33381,0.13382,0.0000,0.0000,0,0,4,0.5902,0.8163,1.0000,0.0000,0.0000,-0.97917,-0.97727,-0.24460,0.05724,0.97754,0.97893,0.70830,0.00000,-0.00474,0.71410
1898,63,0,-0.33381,0.13382,0.0000,0.0000,0,0,4,0.5902,0.8163,1.0000,0.0000,0.0000,-0.97917,-0.97727,-0.24460,0.05724,0.97754,0.97893,0.70830,0.00000,-0.00474,0.71410
1899,63,0,-0.33381,0.13382,0.0000,0.0000,0,0,4,0.5902,0.8163,1.0000,0.0000,0.0000,-0.97917,-0.97727,-0.24460,0.05724,0.97754,0.97893,0.70830,0.00000,-0.00474,0.71410
1900,63,0,-0.33381,0.13382,0.0000,0.0000,0,0,4,0.5902,0.8163,1.0000,0.0000,0.0000,-0.97917,-0.97727,-0.24460,0.05724,0.97754,0.97893,0.70830,0.00000,-0.00474,0.71410
1901,63,0,-0.33381,0.13382,0.0000,0.0000,0,0,4,0.5902,0.8163,1.0000,0.0000,0.0000,-0.97917,-0.97727,-0.24460,0.05724,0.97754,0.97893,0.70830,0.00000,-0.00474,0.71410
1902,63,0,-0.33381,0.13382,0.0000,0.0000,0,0,4,0.5895,0.8163,1.0000,0.0000,0.0000,-0.97917,-0.97727,-0.24460,0.05724,0.97754,0.97893,0.70851,0.00000,-0.00474,0.71531
1903,63,0,-0.33381,0.13382,0.0000,0.0000,0,0,4,0.5895,0.8163,1.0000,0.0000,0.0000,-0.97917,-0.97727,-0.24460,0.05724,0.97754,0.97893,0.70851,0.00000,-0.00474,0.71531
1904,63,0,-0.33381,0.13382,0.0000,0.0000,0,0,4,0.5895,0.8163,1.0000,0.0000,0.0000,-0.97917,-0.97727,-0.24460,0.05724,0.97754,0.97893,0.70851,0.00000,-0.00474,0.71531
1905,63,0,-0.33381,0.13382,0.0000,0.0000,0,0,4,0.5895,0.8163,1.0000,0.0000,0.0000,-0.97917,-0.97727,-0.24460,0.05724,0.97754,0.97893,0.70851,0.00000,-0.00474,0.71531
1906,63,0,-0.33381,0.13382,0.0000,0.0000,0,0,4,0.5895,0.8163,1.0000,0.0000,0.0000,-0.97917,-0.97727,-0.24460,0.05724,0.97754,0.97893,0.70851,0.00000,-0.00474,0.71531
1907,63,0,-0.33381,0.13382,0.0000,0.0000,0,0,4,0.5895,0.8163,1.0000,0.0000,0.0000,-0.97917,-0.97727,-0.24460,0.05724,0.97754,0.97893,0.70851,0.00000,-0.00474,0.71531
1908,63,0,-0.28158,0.13326,0.0000,0.0000,0,0,4,0.5888,0.8163,1.0000,0.0000,0.0001,-0.97903,-0.97743,-0.24439,0.05478,0.97755,0.97893,0.70885,0.00000,-0.00400,0.71735
1909,63,0,-0.28158,0.13326,0.0000,0.0000,0,0,4,0.5888,0.8163,1.0000,0.0000,0.0001,-0.97903,-0.97743,-0.24439,0.05478,0.97755,0.97893,0.70885,0.00000,-0.00400,0.71735
1910,63,0,-0.28158,0.13326,0.0000,0.0000,0,0,4,0.5888,0.8163,1.0000,0.0000,0.0001,-0.97903,-0.97743,-0.24439,0.05478,0.97755,0.97893,0.70885,0.00000,-0.00400,0.71735
1911,63,0,-0.28158,0.13326,0.0000,0.0000,0,0,4,0.5888,0.8163,1.0000,0.0000,0.0001,-0.97903,-0.97743,-0.24439,0.05478,0.97755,0.97893,0.70885,0.00000,-0.00400,0.71735
1912,63,0,-0.28158,0.13326,0.0000,0.0000,0,0,4,0.5888,0.8163,1.0000,0.0000,0.0001,-0.97903,-0.97743,-0.24439,0.05478,0.97755,0.97893,0.70885,0.00000,-0.00400,0.71735
1913,63,0,-0.28158,0.13326,0.0000,0.0000,0,0,4,0.5888,0.8163,1.0000,0.0000,0.0001,-0.97903,-0.97743,-0.24439,0.05478,0.97755,0.97893,0.70885,0.00000,-0.00400,0.71735
1914,63,0,-0.28158,0.13326,0.0000,0.0000,0,0,4,0.5882,0.8163,1.0000,0.0000,0.0002,-0.97903,-0.97743,-0.24439,0.05478,0.97755,0.97893,0.70909,0.00000,-0.00400,0.71873
1915,63,0,-0.28158,0.13326,0.0000,0.0000,0,0,4,0.5882,0.8163,1.0000,0.0000,0.0002,-0.97903,-0.97743,-0.24439,0.05478,0.97755,0.97893,0.70909,0.00000,-0.00400,0.71873
1916,63,0,-0.28158,0.13326,0.0000,0.0000,0,0,4,0.5882,0.8163,1.0000,0.0000,0.0002,-0.97903,-0.97743,-0.24439,0.05478,0.97755,0.97893,0.70909,0.00000,-0.00400,0.71873
1917,63,0,-0.28158,0.13326,0.0000,0.0000,0,0,4,0.5882,0.8163,1.0000,0.0000,0.0002,-0.97903,-0.97743,-0.24439,0.05478,0.97755,0.97893,0.70909,0.00000,-0.00400,0.71873
1918,63,0,-0.28158,0.13326,0.0000,0.0000,0,0,4,0.5882,0.8163,1.0000,0.0000,0.0002,-0.97903,-0.97743,-0.24439,0.05478,0.97755,0.97893,0.70909,0.00000,-0.00400,0.71873
1919,63,0,-0.28158,0.13326,0.0000,0.0000,0,0,4,0.5882,0.8163,1.0000,0.0000,0.0002,-0.97903,-0.97743,-0.24439,0.05478,0.97755,0.97893,0.70909,0.00000,-0.00400,0.71873
1920,63,0,-0.23878,0.13121,0.0000,0.0000,0,0,4,0.5875,0.8163,1.0000,0.0000,0.0004,-0.97892,-0.97756,-0.24531,0.06642,0.97754,0.97893,0.70943,0.00000,-0.00339,0.72078
1921,63,0,-0.23878,0.13121,0.0000,0.0000,0,0,4,0.5875,0.8163,1.0000,0.0000,0.0004,-0.97892,-0.97756,-0.24531,0.06642,0.97754,0.97893,0.70943,0.00000,-0.00339,0.72078
1922,63,0,-0.23878,0.13121,0.0000,0.0000,0,0,4,0.5875,0.8163,1.0000,0.0000,0.0004,-0.97892,-0.97756,-0.24531,0.06642,0.97754,0.97893,0.70943,0.00000,-0.00339,0.72078
1923,63,0,-0.23878,0.13121,0.0000,0.0000,0,0,4,0.5875,0.8163,1.0000,0.0000,0.0004,-0.97892,-0.97756,-0.24531,0.06642,0.97754,0.97893,0.70943,0.00000,-0.00339,0.72078
1924,63,0,-0.23878,0.13121,0.0000,0.0000,0,0,4,0.5875,0.8163,1.0000,0.0000,0.0004,-0.97892,-0.97756,-0.24531,0.06642,0.97754,0.97893,0.70943,0.00000,-0.00339,0.72078
1925,63,0,-0.23878,0.13121,0.0000,0.0000,0,0,4,0.5875,0.8163,1.0000,0.0000,0.0004,-0.97892,-0.97756,-0.24531,0.06642,0.97754,0.97893,0.70943,0.00000,-0.00339,0.72078
1926,62,1,-0.32209,0.13422,0.0000,0.0000,0,0,4,0.5855,0.8163,1.0000,0.0000,0.0000,-0.97914,-0.97731,-0.26694,0.05904,0.97748,0.97899,0.70966,0.00000,-0.00457,0.72211
1927,62,0,-0.32209,0.13422,0.0000,0.0000,0,0,4,0.5855,0.8163,1.0000,0.0000,0.0000,-0.97914,-0.97731,-0.26694,0.05904,0.97748,0.97899,0.70966,0.00000,-0.00457,0.72211
1928,62,0,-0.32209,0.13422,0.0000,0.0000,0,0,4,0.5855,0.8163,1.0000,0.0000,0.0000,-0.97914,-0.97731,-0.26694,0.05904,0.97748,0.97899,0.70966,0.00000,-0.00457,0.72211
1929,62,0,-0.32209,0.13422,0.0000,0.0000,0,0,4,0.5855,0.8163,1.0000,0.0000,0.0000,-0.97914,-0.97731,-0.26694,0.05904,0.97748,0.97899,0.70966,0.00000,-0.00457,0.72211
1930,62,0,-0.32209,0.13422,0.0000,0.0000,0,0,4,0.5855,0.8163,1.0000,0.0000,0.0000,-0.97914,-0.97731,-0.26694,0.05904,0.97748,0.97899,0.70966,0.00000,-0.00457,0.72211
1931,62,0,-0.32209,0.13422,0.0000,0.0000,0,0,4,0.5855,0.8163,1.0000,0.0000,0.0000,-0.97914,-0.97731,-0.26694,0.05904,0.97748,0.97899,0.70966,0.00000,-0.00457,0.72211
1932,62,0,-0.25352,0.13429,0.0000,0.0000,0,0,4,0.5848,0.8163,1.0000,0.0000,0.0000,-0.97896,-0.97752,-0.26671,0.05599,0.97748,0.97899,0.71003,0.00000,-0.00360,0.72431
1933,62,0,-0.25352,0.13429,0.0000,0.0000,0,0,4,0.5848,0.8163,1.0000,0.0000,0.0000,-0.97896,-0.97752,-0.26671,0.05599,0.97748,0.97899,0.71003,0.00000,-0.00360,0.72431
1934,62,0,-0.25352,0.13429,0.0000,0.0000,0,0,4,0.5848,0.8163,1.0000,0.0000,0.0000,-0.97896,-0.97752,-0.26671,0.05599,0.97748,0.97899,0.71003,0.00000,-0.00360,0.72431
1935,62,0,-0.25352,0.13429,0.0000,0.0000,0,0,4,0.5848,0.8163,1.0000,0.0000,0.0000,-0.97896,-0.97752,-0.26671,0.05599,0.97748,0.97899,0.71003,0.00000,-0.00360,0.72431
1936,62,0,-0.25352,0.13429,0.0000,0.0000,0,0,4,0.5848,0.8163,1.0000,0.0000,0.0000,-0.97896,-0.97752,-0.26671,0.05599,0.97748,0.97899,0.71003,0.00000,-0.00360,0.72431
1937,62,0,-0.25352,0.13429,0.0000,0.0000,0,0,4,0.5848,0.8163,1.0000,0.0000,0.0000,-0.97896,-0.97752,-0.26671,0.05599,0.97748,0.97899,0.71003,0.00000,-0.00360,0.72431
1938,61,1,-0.90292,0.01097,0.0000,0.0000,0,0,3,0.5828,0.0000,0.0000,0.0000,0.0000,-0.98055,-0.97536,-0.84145,0.00783,0.97558,0.98041,0.74424,0.00000,-0.01298,0.95497
1939,61,0,-0.90292,0.01097,0.0000,0.0000,0,0,3,0.5828,0.0000,0.0000,0.0000,0.0000,-0.98055,-0.97536,-0.84145,0.00783,0.97558,0.98041,0.74424,0.00000,-0.01298,0.95497
1940,61,0,-0.90292,0.01097,0.0000,0.0000,0,0,3,0.5828,0.0000,0.0000,0.0000,0.0000,-0.98055,-0.97536,-0.84145,0.00783,0.97558,0.98041,0.74424,0.00000,-0.01298,0.95497
1941,61,0,-0.90292,0.01097,0.0000,0.0000,0,0,3,0.5828,0.0000,0.0000,0.0000,0.0000,-0.98055,-0.97536,-0.84145,0.00783,0.97558,0.98041,0.74424,0.00000,-0.01298,0.95497
1942,61,0,-0.90292,0.01097,0.0000,0.0000,0,0,3,0.5828,0.0000,0.0000,0.0000,0.0000,-0.98055,-0.97536,-0.84145,0.00783,0.97558,0.98041,0.74424,0.00000,-0.01298,0.95497
1943,61,0,-0.90292,0.01097,0.0000,0.0000,0,0,3,0.5828,0.0000,0.0000,0.0000,0.0000,-0.98055,-0.97536,-0.84145,0.00783,0.97558,0.98041,0.74424,0.00000,-0.01298,0.95497
1944,60,1,-0.94941,0.00360,0.0000,0.0000,0,0,3,0.5809,0.1250,0.0000,0.0000,0.0000,-0.98066,-0.97519,-0.90329,0.00345,0.97536,0.98055,0.73949,0.00000,-0.01367,0.91934
1945,60,0,-0.94941,0.00360,0.0000,0.0000,0,0,3,0.5809,0.1250,0.0000,0.0000,0.0000,-0.98066,-0.97519,-0.90329,0.00345,0.97536,0.98055,0.73949,0.00000,-0.01367,0.91934
1946,60,0,-0.94941,0.00360,0.0000,0.0000,0,0,3,0.5809,0.1250,0.0000,0.0000,0.0000,-0.98066,-0.97519,-0.90329,0.00345,0.97536,0.98055,0.73949,0.00000,-0.01367,0.91934
1947,60,0,-0.94941,0.00360,0.0000,0.0000,0,0,3,0.5809,0.1250,0.0000,0.0000,0.0000,-0.98066,-0.97519,-0.90329,0.00345,0.97536,0.98055,0.73949,0.00000,-0.01367,0.91934
1948,60,0,-0.94941,0.00360,0.0000,0.0000,0,0,3,0.5809,0.1250,0.0000,0.0000,0.0000,-0.98066,-0.97519,-0.90329,0.00345,0.97536,0.98055,0.73949,0.00000,-0.01367,0.91934
1949,60,0,-0.94941,0.00360,0.0000,0.0000,0,0,3,0.5809,0.1250,0.0000,0.0000,0.0000,-0.98066,-0.97519,-0.90329,0.00345,0.97536,0.98055,0.73949,0.00000,-0.01367,0.91934
1950,60,0,-0.94941,0.00360,0.0000,0.0000,0,0,3,0.5802,0.1250,0.0000,0.0000,0.0000,-0.98066,-0.97519,-0.90329,0.00345,0.97536,0.98055,0.73966,0.00000,-0.01367,0.92056
1951,60,0,-0.94941,0.00360,0.0000,0.0000,0,0,3,0.5802,0.1250,0.0000,0.0000,0.0000,-0.98066,-0.97519,-0.90329,0.00345,0.97536,0.98055,0.73966,0.00000,-0.01367,0.92056
1952,60,0,-0.94941,0.00360,0.0000,0.0000,0,0,3,0.5802,0.1250,0.0000,0.0000,0.0000,-0.98066,-0.97519,-0.90329,0.00345,0.97536,0.98055,0.73966,0.00000,-0.01367,0.92056
1953,60,0,-0.94941,0.00360,0.0000,0.0000,0,0,3,0.5802,0.1250,0.0000,0.0000,0.0000,-0.98066,-0.97519,-0.90329,0.00345,0.97536,0.98055,0.73966,0.00000,-0.01367,0.92056
1954,60,0,-0.94941,0.00360,0.0000,0.0000,0,0,3,0.5802,0.1250,0.0000,0.0000,0.0000,-0.98066,-0.97519,-0.90329,0.00345,0.97536,0.98055,0.73966,0.00000,-0.01367,0.92056
1955,60,0,-0.94941,0.00360,0.0000,0.0000,0,0,3,0.5802,0.1250,0.0000,0.0000,0.0000,-0.98066,-0.97519,-0.90329,0.00345,0.97536,0.98055,0.73966,0.00000,-0.01367,0.92056
1956,60,0,-0.94090,0.00380,0.0000,0.0000,0,0,3,0.5795,0.1250,0.0000,0.0000,0.0001,-0.98064,-0.97522,-0.89967,0.00345,0.97537,0.98054,0.73986,0.00000,-0.01354,0.92203
1957,60,0,-0.94090,0.00380,0.0000,0.0000,0,0,3,0.5795,0.1250,0.0000,0.0000,0.0001,-0.98064,-0.97522,-0.89967,0.00345,0.97537,0.98054,0.73986,0.00000,-0.01354,0.92203
1958,60,0,-0.94090,0.00380,0.0000,0.0000,0,0,3,0.5795,0.1250,0.0000,0.0000,0.0001,-0.98064,-0.97522,-0.89967,0.00345,0.97537,0.98054,0.73986,0.00000,-0.01354,0.92203
1959,60,0,-0.94090,0.00380,0.0000,0.0000,0,0,3,0.5795,0.1250,0.0000,0.0000,0.0001,-0.98064,-0.97522,-0.89967,0.00345,0.97537,0.98054,0.73986,0.00000,-0.01354,0.92203
1960,60,0,-0.94090,0.00380,0.0000,0.0000,0,0,3,0.5795,0.1250,0.0000,0.0000,0.0001,-0.98064,-0.97522,-0.89967,0.00345,0.97537,0.98054,0.73986,0.00000,-0.01354,0.92203
1961,60,0,-0.94090,0.00380,0.0000,0.0000,0,0,3,0.5795,0.1250,0.0000,0.0000,0.0001,-0.98064,-0.97522,-0.89967,0.00345,0.97537,0.98054,0.73986,0.00000,-0.01354,0.92203
1962,60,0,-0.94090,0.00380,0.0000,0.0000,0,0,3,0.5788,0.1250,0.0000,0.0000,0.0002,-0.98064,-0.97522,-0.89967,0.00345,0.97537,0.98054,0.74004,0.00000,-0.01354,0.92340
1963,60,0,-0.94090,0.00380,0.0000,0.0000,0,0,3,0.5788,0.1250,0.0000,0.0000,0.0002,-0.98064,-0.97522,-0.89967,0.00345,0.97537,0.98054,0.74004,0.00000,-0.01354,0.92340
1964,60,0,-0.94090,0.00380,0.0000,0.0000,0,0,3,0.5788,0.1250,0.0000,0.0000,0.0002,-0.98064,-0.97522,-0.89967,0.00345,0.97537,0.98054,0.74004,0.00000,-0.01354,0.92340
1965,60,0,-0.94090,0.00380,0.0000,0.0000,0,0,3,0.5788,0.1250,0.0000,0.0000,0.0002,-0.98064,-0.97522,-0.89967,0.00345,0.97537,0.98054,0.74004,0.00000,-0.01354,0.92340
1966,60,0,-0.94090,0.00380,0.0000,0.0000,0,0,3,0.5788,0.1250,0.0000,0.0000,0.0002,-0.98064,-0.97522,-0.89967,0.00345,0.97537,0.98054,0.74004,0.00000,-0.01354,0.92340
1967,60,0,-0.94090,0.00380,0.0000,0.0000,0,0,3,0.5788,0.1250,0.0000,0.0000,0.0002,-0.98064,-0.97522,-0.89967,0.00345,0.97537,0.98054,0.74004,0.00000,-0.01354,0.92340
1968,59,1,0.05126,0.23868,0.0000,0.0000,0,0,4,0.5769,0.1250,0.0000,0.0000,0.0000,-0.97811,-0.97841,-0.36367,0.04019,0.97718,0.97925,0.74340,0.00000,0.00073,0.94854
1969,59,0,0.05126,0.23868,0.0000,0.0000,0,0,4,0.5769,0.1250,0.0000,0.0000,0.0000,-0.97811,-0.97841,-0.36367,0.04019,0.97718,0.97925,0.74340,0.00000,0.00073,0.94854
1970,59,0,0.05126,0.23868,0.0000,0.0000,0,0,4,0.5769,0.1250,0.0000,0.0000,0.0000,-0.97811,-0.97841,-0.36367,0.04019,0.97718,0.97925,0.74340,0.00000,0.00073,0.94854
1971,59,0,0.05126,0.23868,0.0000,0.0000,0,0,4,0.5769,0.1250,0.0000,0.0000,0.0000,-0.97811,-0.97841,-0.36367,0.04019,0.97718,0.97925,0.74340,0.00000,0.00073,0.94854
1972,59,0,0.05126,0.23868,0.0000,0.0000,0,0,4,0.5769,0.1250,0.0000,0.0000,0.0000,-0.97811,-0.97841,-0.36367,0.04019,0.97718,0.97925,0.74340,0.00000,0.00073,0.94854
1973,59,0,0.05126,0.23868,0.0000,0.0000,0,0,4,0.5769,0.1250,0.0000,0.0000,0.0000,-0.97811,-0.97841,-0.36367,0.04019,0.97718,0.97925,0.74340,0.00000,0.00073,0.94854
1974,59,0,-0.55669,0.05989,0.0000,0.0000,0,0,5,0.5762,0.1250,0.0000,0.0000,0.0000,-0.97973,-0.97656,-0.89833,0.00288,0.97538,0.98054,0.74138,0.00000,-0.00793,0.93334
1975,59,0,-0.55669,0.05989,0.0000,0.0000,0,0,5,0.5762,0.1250,0.0000,0.0000,0.0000,-0.97973,-0.97656,-0.89833,0.00288,0.97538,0.98054,0.74138,0.00000,-0.00793,0.93334
1976,59,0,-0.55669,0.05989,0.0000,0.0000,0,0,5,0.5762,0.1250,0.0000,0.0000,0.0000,-0.97973,-0.97656,-0.89833,0.00288,0.97538,0.98054,0.74138,0.00000,-0.00793,0.93334
1977,59,0,-0.55669,0.05989,0.0000,0.0000,0,0,5,0.5762,0.1250,0.0000,0.0000,0.0000,-0.97973,-0.97656,-0.89833,0.00288,0.97538,0.98054,0.74138,0.00000,-0.00793,0.93334
1978,59,0,-0.55669,0.05989,0.0000,0.0000,0,0,5,0.5762,0.1250,0.0000,0.0000,0.0000,-0.97973,-0.97656,-0.89833,0.00288,0.97538,0.98054,0.74138,0.00000,-0.00793,0.93334
1979,59,0,-0.55669,0.05989,0.0000,0.0000,0,0,5,0.5762,0.1250,0.0000,0.0000,0.0000,-0.97973,-0.97656,-0.89833,0.00288,0.97538,0.98054,0.74138,0.00000,-0.00793,0.93334
1980,58,1,-0.10442,0.19808,0.0000,0.0000,0,0,4,0.5742,0.2500,0.0000,0.0000,0.0000,-0.97855,-0.97796,-0.41392,0.03781,0.97702,0.97937,0.79027,0.00000,-0.00148,1.38402
1981,58,0,-0.10442,0.19808,0.0000,0.0000,0,0,4,0.5742,0.2500,0.0000,0.0000,0.0000,-0.97855,-0.97796,-0.41392,0.03781,0.97702,0.97937,0.79027,0.00000,-0.00148,1.38402
1982,58,0,-0.10442,0.19808,0.0000,0.0000,0,0,4,0.5742,0.2500,0.0000,0.0000,0.0000,-0.97855,-0.97796,-0.41392,0.03781,0.97702,0.97937,0.79027,0.00000,-0.00148,1.38402
1983,58,0,-0.10442,0.19808,0.0000,0.0000,0,0,4,0.5742,0.2500,0.0000,0.0000,0.0000,-0.97855,-0.97796,-0.41392,0.03781,0.97702,0.97937,0.79027,0.00000,-0.00148,1.38402
1984,58,0,-0.10442,0.19808,0.0000,0.0000,0,0,4,0.5742,0.2500,0.0000,0.0000,0.0000,-0.97855,-0.97796,-0.41392,0.03781,0.97702,0.97937,0.79027,0.00000,-0.00148,1.38402
1985,58,0,-0.10442,0.19808,0.0000,0.0000,0,0,4,0.5742,0.2500,0.0000,0.0000,0.0000,-0.97855,-0.97796,-0.41392,0.03781,0.97702,0.97937,0.79027,0.00000,-0.00148,1.38402
1986,58,0,-0.80575,0.02458,0.0000,0.0000,0,0,6,0.5736,0.2500,0.0000,0.0000,0.0000,-0.98033,-0.97571,-0.84722,0.00598,0.97556,0.98042,0.78900,0.00000,-0.01155,1.36972
1987,58,0,-0.80575,0.02458,0.0000,0.0000,0,0,6,0.5736,0.2500,0.0000,0.0000,0.0000,-0.98033,-0.97571,-0.84722,0.00598,0.97556,0.98042,0.78900,0.00000,-0.01155,1.36972
1988,58,0,-0.80575,0.02458,0.0000,0.0000,0,0,6,0.5736,0.2500,0.0000,0.0000,0.0000,-0.98033,-0.97571,-0.84722,0.00598,0.97556,0.98042,0.78900,0.00000,-0.01155,1.36972
1989,58,0,-0.80575,0.02458,0.0000,0.0000,0,0,6,0.5736,0.2500,0.0000,0.0000,0.0000,-0.98033,-0.97571,-0.84722,0.00598,0.97556,0.98042,0.78900,0.00000,-0.01155,1.36972
1990,58,0,-0.80575,0.02458,0.0000,0.0000,0,0,6,0.5736,0.2500,0.0000,0.0000,0.0000,-0.98033,-0.97571,-0.84722,0.00598,0.97556,0.98042,0.78900,0.00000,-0.01155,1.36972
1991,58,0,-0.80575,0.02458,0.0000,0.0000,0,0,6,0.5736,0.2500,0.0000,0.0000,0.0000,-0.98033,-0.97571,-0.84722,0.00598,0.97556,0.98042,0.78900,0.00000,-0.01155,1.36972
1992,58,0,-0.26199,0.12590,0.0000,0.0000,0,0,0,0.5729,0.2500,0.0000,0.0000,0.0001,-0.97898,-0.97749,0.22751,0.14484,0.97889,0.97760,0.79124,0.00000,-0.00372,1.39508
1993,58,0,-0.26199,0.12590,0.0000,0.0000,0,0,0,0.5729,0.2500,0.0000,0.0000,0.0001,-0.97898,-0.97749,0.22751,0.14484,0.97889,0.97760,0.79124,0.00000,-0.00372,1.39508
1994,58,0,-0.26199,0.12590,0.0000,0.0000,0,0,0,0.5729,0.2500,0.0000,0.0000,0.0001,-0.97898,-0.97749,0.22751,0.14484,0.97889,0.97760,0.79124,0.00000,-0.00372,1.39508
1995,58,0,-0.26199,0.12590,0.0000,0.0000,0,0,0,0.5729,0.2500,0.0000,0.0000,0.0001,-0.97898,-0.97749,0.22751,0.14484,0.97889,0.97760,0.79124,0.00000,-0.00372,1.39508
1996,58,0,-0.26199,0.12590,0.0000,0.0000,0,0,0,0.5729,0.2500,0.0000,0.0000,0.0001,-0.97898,-0.97749,0.22751,0.14484,0.97889,0.97760,0.79124,0.00000,-0.00372,1.39508
1997,58,0,-0.26199,0.12590,0.0000,0.0000,0,0,0,0.5729,0.2500,0.0000,0.0000,0.0001,-0.97898,-0.97749,0.22751,0.14484,0.97889,0.97760,0.79124,0.00000,-0.00372,1.39508
1998,59,-1,-0.36122,0.13217,0.0000,0.0000,0,0,0,0.5709,0.0000,0.0000,0.0000,0.0000,-0.97924,-0.97719,0.21143,0.15389,0.97884,0.97764,0.74985,0.00000,-0.00513,0.99877
1999,59,0,-0.36122,0.13217,0.0000,0.0000,0,0,0,0.5709,0.0000,0.0000,0.0000,0.0000,-0.97924,-0.97719,0.21143,0.15389,0.97884,0.97764,0.74985,0.00000,-0.00513,0.99877
2000,59,0,-0.36122,0.13217,0.0000,0.0000,0,0,0,0.5709,0.0000,0.0000,0.0000,0.0000,-0.97924,-0.97719,0.21143,0.15389,0.97884,0.97764,0.74985,0.00000,-0.00513,0.99877
2001,59,0,-0.36122,0.13217,0.0000,0.0000,0,0,0,0.5709,0.0000,0.0000,0.0000,0.0000,-0.97924,-0.97719,0.21143,0.15389,0.97884,0.97764,0.74985,0.00000,-0.00513,0.99877
2002,59,0,-0.36122,0.13217,0.0000,0.0000,0,0,0,0.5709,0.0000,0.0000,0.0000,0.0000,-0.97924,-0.97719,0.21143,0.15389,0.97884,0.97764,0.74985,0.00000,-0.00513,0.99877
2003,59,0,-0.36122,0.13217,0.0000,0.0000,0,0,0,0.5709,0.0000,0.0000,0.0000,0.0000,-0.97924,-0.97719,0.21143,0.15389,0.97884,0.97764,0.74985,0.00000,-0.00513,0.99877
2004,60,-1,-0.09390,0.18033,0.0000,0.0000,0,0,0,0.5689,0.0000,0.0000,0.0000,0.0000,-0.97852,-0.97799,0.19747,0.15674,0.97881,0.97769,0.75073,0.00000,-0.00133,1.00583
2005,60,0,-0.09390,0.18033,0.0000,0.0000,0,0,0,0.5689,0.0000,0.0000,0.0000,0.0000,-0.97852,-0.97799,0.19747,0.15674,0.97881,0.97769,0.75073,0.00000,-0.00133,1.00583
2006,60,0,-0.09390,0.18033,0.0000,0.0000,0,0,0,0.5689,0.0000,0.0000,0.0000,0.0000,-0.97852,-0.97799,0.19747,0.15674,0.97881,0.97769,0.75073,0.00000,-0.00133,1.00583
2007,60,0,-0.09390,0.18033,0.0000,0.0000,0,0,0,0.5689,0.0000,0.0000,0.0000,0.0000,-0.97852,-0.97799,0.19747,0.15674,0.97881,0.97769,0.75073,0.00000,-0.00133,1.00583
2008,60,0,-0.09390,0.18033,0.0000,0.0000,0,0,0,0.5689,0.0000,0.0000,0.0000,0.0000,-0.97852,-0.97799,0.19747,0.15674,0.97881,0.97769,0.75073,0.00000,-0.00133,1.00583
2009,60,0,-0.09390,0.18033,0.0000,0.0000,0,0,0,0.5689,0.0000,0.0000,0.0000,0.0000,-0.97852,-0.97799,0.19747,0.15674,0.97881,0.97769,0.75073,0.00000,-0.00133,1.00583
2010,60,0,-0.09390,0.18033,0.0000,0.0000,0,0,0,0.5683,0.0000,0.0000,0.0000,0.0000,-0.97852,-0.97799,0.19747,0.15674,0.97881,0.97769,0.75088,0.00000,-0.00133,1.00704
2011,60,0,-0.09390,0.18033,0.0000,0.0000,0,0,0,0.5683,0.0000,0.0000,0.0000,0.0000,-0.97852,-0.97799,0.19747,0.15674,0.97881,0.97769,0.75088,0.00000,-0.00133,1.00704
2012,60,0,-0.09390,0.18033,0.0000,0.0000,0,0,0,0.5683,0.0000,0.0000,0.0000,0.0000,-0.97852,-0.97799,0.19747,0.15674,0.97881,0.97769,0.75088,0.00000,-0.00133,1.00704
2013,60,0,-0.09390,0.18033,0.0000,0.0000,0,0,0,0.5683,0.0000,0.0000,0.0000,0.0000,-0.97852,-0.97799,0.19747,0.15674,0.97881,0.97769,0.75088,0.00000,-0.00133,1.00704
2014,60,0,-0.09390,0.18033,0.0000,0.0000,0,0,0,0.5683,0.0000,0.0000,0.0000,0.0000,-0.97852,-0.97799,0.19747,0.15674,0.97881,0.97769,0.75088,0.00000,-0.00133,1.00704
2015,60,0,-0.09390,0.18033,0.0000,0.0000,0,0,0,0.5683,0.0000,0.0000,0.0000,0.0000,-0.97852,-0.97799,0.19747,0.15674,0.97881,0.97769,0.75088,0.00000,-0.00133,1.00704
2016,60,0,-0.07694,0.16536,0.0000,0.0000,0,0,0,0.5676,0.0000,0.0000,0.0000,0.0001,-0.97848,-0.97804,0.19737,0.15070,0.97881,0.97769,0.75107,0.00000,-0.00109,1.00857
2017,60,0,-0.07694,0.16536,0.0000,0.0000,0,0,0,0.5676,0.0000,0.0000,0.0000,0.0001,-0.97848,-0.97804,0.19737,0.15070,0.97881,0.97769,0.75107,0.00000,-0.00109,1.00857
2018,60,0,-0.07694,0.16536,0.0000,0.0000,0,0,0,0.5676,0.0000,0.0000,0.0000,0.0001,-0.97848,-0.97804,0.19737,0.15070,0.97881,0.97769,0.75107,0.00000,-0.00109,1.00857
2019,60,0,-0.07694,0.16536,0.0000,0.0000,0,0,0,0.5676,0.0000,0.0000,0.0000,0.0001,-0.97848,-0.97804,0.19737,0.15070,0.97881,0.97769,0.75107,0.00000,-0.00109,1.00857
2020,60,0,-0.07694,0.16536,0.0000,0.0000,0,0,0,0.5676,0.0000,0.0000,0.0000,0.0001,-0.97848,-0.97804,0.19737,0.15070,0.97881,0.97769,0.75107,0.00000,-0.00109,1.00857
2021,60,0,-0.07694,0.16536,0.0000,0.0000,0,0,0,0.5676,0.0000,0.0000,0.0000,0.0001,-0.97848,-0.97804,0.19737,0.15070,0.97881,0.97769,0.75107,0.00000,-0.00109,1.00857
2022,60,0,-0.02714,0.18294,0.0000,0.0000,0,0,4,0.5669,0.0000,0.0000,0.0000,0.0002,-0.97834,-0.97818,-0.32530,0.05014,0.97730,0.97915,0.75040,0.00000,-0.00038,1.00323
2023,60,0,-0.02714,0.18294,0.0000,0.0000,0,0,4,0.5669,0.0000,0.0000,0.0000,0.0002,-0.97834,-0.97818,-0.32530,0.05014,0.97730,0.97915,0.75040,0.00000,-0.00038,1.00323
2024,60,0,-0.02714,0.18294,0.0000,0.0000,0,0,4,0.5669,0.0000,0.0000,0.0000,0.0002,-0.97834,-0.97818,-0.32530,0.05014,0.97730,0.97915,0.75040,0.00000,-0.00038,1.00323
2025,60,0,-0.02714,0.18294,0.0000,0.0000,0,0,4,0.5669,0.0000,0.0000,0.0000,0.0002,-0.97834,-0.97818,-0.32530,0.05014,0.97730,0.97915,0.75040,0.00000,-0.00038,1.00323
2026,60,0,-0.02714,0.18294,0.0000,0.0000,0,0,4,0.5669,0.0000,0.0000,0.0000,0.0002,-0.97834,-0.97818,-0.32530,0.05014,0.97730,0.97915,0.75040,0.00000,-0.00038,1.00323
2027,60,0,-0.02714,0.18294,0.0000,0.0000,0,0,4,0.5669,0.0000,0.0000,0.0000,0.0002,-0.97834,-0.97818,-0.32530,0.05014,0.97730,0.97915,0.75040,0.00000,-0.00038,1.00323
2028,59,1,-0.11897,0.20975,0.0000,0.0000,0,0,4,0.5650,0.0000,0.0000,0.0000,0.0000,-0.97859,-0.97792,-0.36366,0.04021,0.97718,0.97925,0.75056,0.00000,-0.00169,1.00446
2029,59,0,-0.11897,0.20975,0.0000,0.0000,0,0,4,0.5650,0.0000,0.0000,0.0000,0.0000,-0.97859,-0.97792,-0.36366,0.04021,0.97718,0.97925,0.75056,0.00000,-0.00169,1.00446
2030,59,0,-0.11897,0.20975,0.0000,0.0000,0,0,4,0.5650,0.0000,0.0000,0.0000,0.0000,-0.97859,-0.97792,-0.36366,0.04021,0.97718,0.97925,0.75056,0.00000,-0.00169,1.00446
2031,59,0,-0.11897,0.20975,0.0000,0.0000,0,0,4,0.5650,0.0000,0.0000,0.0000,0.0000,-0.97859,-0.97792,-0.36366,0.04021,0.97718,0.97925,0.75056,0.00000,-0.00169,1.00446
2032,59,0,-0.11897,0.20975,0.0000,0.0000,0,0,4,0.5650,0.0000,0.0000,0.0000,0.0000,-0.97859,-0.97792,-0.36366,0.04021,0.97718,0.97925,0.75056,0.00000,-0.00169,1.00446
2033,59,0,-0.11897,0.20975,0.0000,0.0000,0,0,4,0.5650,0.0000,0.0000,0.0000,0.0000,-0.97859,-0.97792,-0.36366,0.04021,0.97718,0.97925,0.75056,0.00000,-0.00169,1.00446
2034,59,0,-0.11897,0.20975,0.0000,0.0000,0,0,4,0.5643,0.0000,0.0000,0.0000,0.0000,-0.97859,-0.97792,-0.36366,0.04021,0.97718,0.97925,0.75071,0.00000,-0.00169,1.00567
2035,59,0,-0.11897,0.20975,0.0000,0.0000,0,0,4,0.5643,0.0000,0.0000,0.0000,0.0000,-0.97859,-0.97792,-0.36366,0.04021,0.97718,0.97925,0.75071,0.00000,-0.00169,1.00567
2036,59,0,-0.11897,0.20975,0.0000,0.0000,0,0,4,0.5643,0.0000,0.0000,0.0000,0.0000,-0.97859,-0.97792,-0.36366,0.04021,0.97718,0.97925,0.75071,0.00000,-0.00169,1.00567
2037,59,0,-0.11897,0.20975,0.0000,0.0000,0,0,4,0.5643,0.0000,0.0000,0.0000,0.0000,-0.97859,-0.97792,-0.36366,0.04021,0.97718,0.97925,0.75071,0.00000,-0.00169,1.00567
2038,59,0,-0.11897,0.20975,0.0000,0.0000,0,0,4,0.5643,0.0000,0.0000,0.0000,0.0000,-0.97859,-0.97792,-0.36366,0.04021,0.97718,0.97925,0.75071,0.00000,-0.00169,1.00567
2039,59,0,-0.11897,0.20975,0.0000,0.0000,0,0,4,0.5643,0.0000,0.0000,0.0000,0.0000,-0.97859,-0.97792,-0.36366,0.04021,0.97718,0.97925,0.75071,0.00000,-0.00169,1.00567
2040,59,0,-0.08331,0.19525,0.0000,0.0000,0,0,4,0.5636,0.0000,0.0000,0.0000,0.0001,-0.97849,-0.97802,-0.36529,0.04704,0.97717,0.97925,0.75093,0.00000,-0.00118,1.00745
2041,59,0,-0.08331,0.19525,0.0000,0.0000,0,0,4,0.5636,0.0000,0.0000,0.0000,0.0001,-0.97849,-0.97802,-0.36529,0.04704,0.97717,0.97925,0.75093,0.00000,-0.00118,1.00745
2042,59,0,-0.08331,0.19525,0.0000,0.0000,0,0,4,0.5636,0.0000,0.0000,0.0000,0.0001,-0.97849,-0.97802,-0.36529,0.04704,0.97717,0.97925,0.75093,0.00000,-0.00118,1.00745
2043,59,0,-0.08331,0.19525,0.0000,0.0000,0,0,4,0.5636,0.0000,0.0000,0.0000,0.0001,-0.97849,-0.97802,-0.36529,0.04704,0.97717,0.97925,0.75093,0.00000,-0.00118,1.00745
2044,59,0,-0.08331,0.19525,0.0000,0.0000,0,0,4,0.5636,0.0000,0.0000,0.0000,0.0001,-0.97849,-0.97802,-0.36529,0.04704,0.97717,0.97925,0.75093,0.00000,-0.00118,1.00745
2045,59,0,-0.08331,0.19525,0.0000,0.0000,0,0,4,0.5636,0.0000,0.0000,0.0000,0.0001,-0.97849,-0.97802,-0.36529,0.04704,0.97717,0.97925,0.75093,0.00000,-0.00118,1.00745
2046,59,0,-0.08331,0.19525,0.0000,0.0000,0,0,4,0.5630,0.0000,0.0000,0.0000,0.0002,-0.97849,-0.97802,-0.36529,0.04704,0.97717,0.97925,0.75110,0.00000,-0.00118,1.00883
2047,59,0,-0.08331,0.19525,0.0000,0.0000,0,0,4,0.5630,0.0000,0.0000,0.0000,0.0002,-0.97849,-0.97802,-0.36529,0.04704,0.97717,0.97925,0.75110,0.00000,-0.00118,1.00883
2048,59,0,-0.08331,0.19525,0.0000,0.0000,0,0,4,0.5630,0.0000,0.0000,0.0000,0.0002,-0.97849,-0.97802,-0.36529,0.04704,0.97717,0.97925,0.75110,0.00000,-0.00118,1.00883
2049,59,0,-0.08331,0.19525,0.0000,0.0000,0,0,4,0.5630,0.0000,0.0000,0.0000,0.0002,-0.97849,-0.97802,-0.36529,0.04704,0.97717,0.97925,0.75110,0.00000,-0.00118,1.00883
2050,59,0,-0.08331,0.19525,0.0000,0.0000,0,0,4,0.5630,0.0000,0.0000,0.0000,0.0002,-0.97849,-0.97802,-0.36529,0.04704,0.97717,0.97925,0.75110,0.00000,-0.00118,1.00883
2051,59,0,-0.08331,0.19525,0.0000,0.0000,0,0,4,0.5630,0.0000,0.0000,0.0000,0.0002,-0.97849,-0.97802,-0.36529,0.04704,0.97717,0.97925,0.75110,0.00000,-0.00118,1.00883
2052,59,0,0.16403,0.28370,0.0000,0.0000,0,0,4,0.5623,0.1250,0.0000,0.0000,0.0004,-0.97779,-0.97872,-0.36487,0.04527,0.97717,0.97925,0.74700,0.00000,0.00233,0.97630
2053,59,0,0.16403,0.28370,0.0000,0.0000,0,0,4,0.5623,0.1250,0.0000,0.0000,0.0004,-0.97779,-0.97872,-0.36487,0.04527,0.97717,0.97925,0.74700,0.00000,0.00233,0.97630
2054,59,0,0.16403,0.28370,0.0000,0.0000,0,0,4,0.5623,0.1250,0.0000,0.0000,0.0004,-0.97779,-0.97872,-0.36487,0.04527,0.97717,0.97925,0.74700,0.00000,0.00233,0.97630
2055,59,0,0.16403,0.28370,0.0000,0.0000,0,0,4,0.5623,0.1250,0.0000,0.0000,0.0004,-0.97779,-0.97872,-0.36487,0.04527,0.97717,0.97925,0.74700,0.00000,0.00233,0.97630
2056,59,0,0.16403,0.28370,0.0000,0.0000,0,0,4,0.5623,0.1250,0.0000,0.0000,0.0004,-0.97779,-0.97872,-0.36487,0.04527,0.97717,0.97925,0.74700,0.00000,0.00233,0.97630
2057,59,0,0.16403,0.28370,0.0000,0.0000,0,0,4,0.5623,0.1250,0.0000,0.0000,0.0004,-0.97779,-0.97872,-0.36487,0.04527,0.97717,0.97925,0.74700,0.00000,0.00233,0.97630
2058,58,1,-0.18270,0.16556,0.0000,0.0000,0,0,4,0.5603,0.1250,0.0000,0.0000,0.0000,-0.97877,-0.97773,-0.41330,0.03641,0.97702,0.97937,0.74664,0.00000,-0.00259,0.97347
2059,58,0,-0.18270,0.16556,0.0000,0.0000,0,0,4,0.5603,0.1250,0.0000,0.0000,0.0000,-0.97877,-0.97773,-0.41330,0.03641,0.97702,0.97937,0.74664,0.00000,-0.00259,0.97347
2060,58,0,-0.18270,0.16556,0.0000,0.0000,0,0,4,0.5603,0.1250,0.0000,0.0000,0.0000,-0.97877,-0.97773,-0.41330,0.03641,0.97702,0.97937,0.74664,0.00000,-0.00259,0.97347
2061,58,0,-0.18270,0.16556,0.0000,0.0000,0,0,4,0.5603,0.1250,0.0000,0.0000,0.0000,-0.97877,-0.97773,-0.41330,0.03641,0.97702,0.97937,0.74664,0.00000,-0.00259,0.97347
2062,58,0,-0.18270,0.16556,0.0000,0.0000,0,0,4,0.5603,0.1250,0.0000,0.0000,0.0000,-0.97877,-0.97773,-0.41330,0.03641,0.97702,0.97937,0.74664,0.00000,-0.00259,0.97347
2063,58,0,-0.18270,0.16556,0.0000,0.0000,0,0,4,0.5603,0.1250,0.0000,0.0000,0.0000,-0.97877,-0.97773,-0.41330,0.03641,0.97702,0.97937,0.74664,0.00000,-0.00259,0.97347
2064,57,1,-0.62364,0.04784,0.0000,0.0000,0,0,5,0.5584,0.2500,0.0000,0.0000,0.0000,-0.97990,-0.97634,-0.92995,0.00081,0.97526,0.98061,0.79311,0.00000,-0.00890,1.41679
2065,57,0,-0.62364,0.04784,0.0000,0.0000,0,0,5,0.5584,0.2500,0.0000,0.0000,0.0000,-0.97990,-0.97634,-0.92995,0.00081,0.97526,0.98061,0.79311,0.00000,-0.00890,1.41679
2066,57,0,-0.62364,0.04784,0.0000,0.0000,0,0,5,0.5584,0.2500,0.0000,0.0000,0.0000,-0.97990,-0.97634,-0.92995,0.00081,0.97526,0.98061,0.79311,0.00000,-0.00890,1.41679
2067,57,0,-0.62364,0.04784,0.0000,0.0000,0,0,5,0.5584,0.2500,0.0000,0.0000,0.0000,-0.97990,-0.97634,-0.92995,0.00081,0.97526,0.98061,0.79311,0.00000,-0.00890,1.41679
2068,57,0,-0.62364,0.04784,0.0000,0.0000,0,0,5,0.5584,0.2500,0.0000,0.0000,0.0000,-0.97990,-0.97634,-0.92995,0.00081,0.97526,0.98061,0.79311,0.00000,-0.00890,1.41679
2069,57,0,-0.62364,0.04784,0.0000,0.0000,0,0,5,0.5584,0.2500,0.0000,0.0000,0.0000,-0.97990,-0.97634,-0.92995,0.00081,0.97526,0.98061,0.79311,0.00000,-0.00890,1.41679
2070,56,1,-0.91024,0.01221,0.0000,0.0000,0,0,5,0.5564,0.8333,1.0000,0.0000,0.0000,-0.98057,-0.97533,-0.92663,0.00015,0.97527,0.98061,0.77714,0.00000,-0.01309,1.24356
2071,56,0,-0.91024,0.01221,0.0000,0.0000,0,0,5,0.5564,0.8333,1.0000,0.0000,0.0000,-0.98057,-0.97533,-0.92663,0.00015,0.97527,0.98061,0.77714,0.00000,-0.01309,1.24356
2072,56,0,-0.91024,0.01221,0.0000,0.0000,0,0,5,0.5564,0.8333,1.0000,0.0000,0.0000,-0.98057,-0.97533,-0.92663,0.00015,0.97527,0.98061,0.77714,0.00000,-0.01309,1.24356
2073,56,0,-0.91024,0.01221,0.0000,0.0000,0,0,5,0.5564,0.8333,1.0000,0.0000,0.0000,-0.98057,-0.97533,-0.92663,0.00015,0.97527,0.98061,0.77714,0.00000,-0.01309,1.24356
2074,56,0,-0.91024,0.01221,0.0000,0.0000,0,0,5,0.5564,0.8333,1.0000,0.0000,0.0000,-0.98057,-0.97533,-0.92663,0.00015,0.97527,0.98061,0.77714,0.00000,-0.01309,1.24356
2075,56,0,-0.91024,0.01221,0.0000,0.0000,0,0,5,0.5564,0.8333,1.0000,0.0000,0.0000,-0.98057,-0.97533,-0.92663,0.00015,0.97527,0.98061,0.77714,0.00000,-0.01309,1.24356
2076,56,0,-0.94960,0.00389,0.0000,0.0000,0,0,6,0.5544,0.8333,1.0000,0.0000,0.0000,-0.98066,-0.97519,-0.86093,0.00049,0.97551,0.98046,0.71489,0.00000,-0.01367,0.75373
2077,56,0,-0.94960,0.00389,0.0000,0.0000,0,0,6,0.5544,0.8333,1.0000,0.0000,0.0000,-0.98066,-0.97519,-0.86093,0.00049,0.97551,0.98046,0.71489,0.00000,-0.01367,0.75373
2078,56,0,-0.94960,0.00389,0.0000,0.0000,0,0,6,0.5544,0.8333,1.0000,0.0000,0.0000,-0.98066,-0.97519,-0.86093,0.00049,0.97551,0.98046,0.71489,0.00000,-0.01367,0.75373
2079,56,0,-0.94960,0.00389,0.0000,0.0000,0,0,6,0.5544,0.8333,1.0000,0.0000,0.0000,-0.98066,-0.97519,-0.86093,0.00049,0.97551,0.98046,0.71489,0.00000,-0.01367,0.75373
2080,56,0,-0.94960,0.00389,0.0000,0.0000,0,0,6,0.5544,0.8333,1.0000,0.0000,0.0000,-0.98066,-0.97519,-0.86093,0.00049,0.97551,0.98046,0.71489,0.00000,-0.01367,0.75373
2081,56,0,-0.94960,0.00389,0.0000,0.0000,0,0,6,0.5544,0.8333,1.0000,0.0000,0.0000,-0.98066,-0.97519,-0.86093,0.00049,0.97551,0.98046,0.71489,0.00000,-0.01367,0.75373
2082,56,0,-0.94960,0.00389,1.0000,0.0000,0,1,6,0.5462,0.8333,1.0000,0.0000,0.0000,-0.98066,-0.97519,-0.86093,0.00049,0.97551,0.98046,0.77941,0.00000,-0.01367,1.26669
2083,56,0,-0.94960,0.00389,1.0000,0.0000,0,1,6,0.5462,0.8333,1.0000,0.0000,0.0000,-0.98066,-0.97519,-0.86093,0.00049,0.97551,0.98046,0.77941,0.00000,-0.01367,1.26669
2084,56,0,-0.94960,0.00389,1.0000,0.0000,0,1,6,0.5462,0.8333,1.0000,0.0000,0.0000,-0.98066,-0.97519,-0.86093,0.00049,0.97551,0.98046,0.77941,0.00000,-0.01367,1.26669
2085,56,0,-0.94960,0.00389,1.0000,0.0000,0,1,6,0.5462,0.8333,1.0000,0.0000,0.0000,-0.98066,-0.97519,-0.86093,0.00049,0.97551,0.98046,0.77941,0.00000,-0.01367,1.26669
2086,56,0,-0.94960,0.00389,1.0000,0.0000,0,1,6,0.5462,0.8333,1.0000,0.0000,0.0000,-0.98066,-0.97519,-0.86093,0.00049,0.97551,0.98046,0.77941,0.00000,-0.01367,1.26669
2087,56,0,-0.94960,0.00389,1.0000,0.0000,0,1,6,0.5462,0.8333,1.0000,0.0000,0.0000,-0.98066,-0.97519,-0.86093,0.00049,0.97551,0.98046,0.77941,0.00000,-0.01367,1.26669
2088,56,0,-0.95967,0.00169,0.0000,0.0000,0,0,6,0.5443,0.8333,1.0000,0.0000,0.0000,-0.98068,-0.97515,-0.80162,0.00011,0.97572,0.98032,0.71787,0.00000,-0.01382,0.77222
2089,56,0,-0.95967,0.00169,0.0000,0.0000,0,0,6,0.5443,0.8333,1.0000,0.0000,0.0000,-0.98068,-0.97515,-0.80162,0.00011,0.97572,0.98032,0.71787,0.00000,-0.01382,0.77222
2090,56,0,-0.95967,0.00169,0.0000,0.0000,0,0,6,0.5443,0.8333,1.0000,0.0000,0.0000,-0.98068,-0.97515,-0.80162,0.00011,0.97572,0.98032,0.71787,0.00000,-0.01382,0.77222
2091,56,0,-0.95967,0.00169,0.0000,0.0000,0,0,6,0.5443,0.8333,1.0000,0.0000,0.0000,-0.98068,-0.97515,-0.80162,0.00011,0.97572,0.98032,0.71787,0.00000,-0.01382,0.77222
2092,56,0,-0.95967,0.00169,0.0000,0.0000,0,0,6,0.5443,0.8333,1.0000,0.0000,0.0000,-0.98068,-0.97515,-0.80162,0.00011,0.97572,0.98032,0.71787,0.00000,-0.01382,0.77222
2093,56,0,-0.95967,0.00169,0.0000,0.0000,0,0,6,0.5443,0.8333,1.0000,0.0000,0.0000,-0.98068,-0.97515,-0.80162,0.00011,0.97572,0.98032,0.71787,0.00000,-0.01382,0.77222
2094,56,0,-0.38970,0.07587,1.0000,0.0000,0,1,2,0.5361,0.8333,1.0000,0.0000,0.0000,-0.97931,-0.97710,0.46110,0.04877,0.97949,0.97687,0.72420,0.00000,-0.00554,0.81289
2095,56,0,-0.38970,0.07587,1.0000,0.0000,0,1,2,0.5361,0.8333,1.0000,0.0000,0.0000,-0.97931,-0.97710,0.46110,0.04877,0.97949,0.97687,0.72420,0.00000,-0.00554,0.81289
2096,56,0,-0.38970,0.07587,1.0000,0.0000,0,1,2,0.5361,0.8333,1.0000,0.0000,0.0000,-0.97931,-0.97710,0.46110,0.04877,0.97949,0.97687,0.72420,0.00000,-0.00554,0.81289
2097,56,0,-0.38970,0.07587,1.0000,0.0000,0,1,2,0.5361,0.8333,1.0000,0.0000,0.0000,-0.97931,-0.97710,0.46110,0.04877,0.97949,0.97687,0.72420,0.00000,-0.00554,0.81289
2098,56,0,-0.38970,0.07587,1.0000,0.0000,0,1,2,0.5361,0.8333,1.0000,0.0000,0.0000,-0.97931,-0.97710,0.46110,0.04877,0.97949,0.97687,0.72420,0.00000,-0.00554,0.81289
2099,56,0,-0.38970,0.07587,1.0000,0.0000,0,1,2,0.5361,0.8333,1.0000,0.0000,0.0000,-0.97931,-0.97710,0.46110,0.04877,0.97949,0.97687,0.72420,0.00000,-0.00554,0.81289
2100,56,0,-0.95336,0.00174,1.0000,0.0000,0,1,6,0.5354,0.8333,1.0000,0.0000,0.0001,-0.98067,-0.97517,-0.80132,0.00011,0.97572,0.98032,0.72035,0.00000,-0.01373,0.78795
2101,56,0,-0.95336,0.00174,1.0000,0.0000,0,1,6,0.5354,0.8333,1.0000,0.0000,0.0001,-0.98067,-0.97517,-0.80132,0.00011,0.97572,0.98032,0.72035,0.00000,-0.01373,0.78795
2102,56,0,-0.95336,0.00174,1.0000,0.0000,0,1,6,0.5354,0.8333,1.0000,0.0000,0.0001,-0.98067,-0.97517,-0.80132,0.00011,0.97572,0.98032,0.72035,0.00000,-0.01373,0.78795
2103,56,0,-0.95336,0.00174,1.0000,0.0000,0,1,6,0.5354,0.8333,1.0000,0.0000,0.0001,-0.98067,-0.97517,-0.80132,0.00011,0.97572,0.98032,0.72035,0.00000,-0.01373,0.78795
2104,56,0,-0.95336,0.00174,1.0000,0.0000,0,1,6,0.5354,0.8333,1.0000,0.0000,0.0001,-0.98067,-0.97517,-0.80132,0.00011,0.97572,0.98032,0.72035,0.00000,-0.01373,0.78795
2105,56,0,-0.95336,0.00174,1.0000,0.0000,0,1,6,0.5354,0.8333,1.0000,0.0000,0.0001,-0.98067,-0.97517,-0.80132,0.00011,0.97572,0.98032,0.72035,0.00000,-0.01373,0.78795
2106,56,0,-0.95336,0.00174,1.0000,0.0000,0,1,6,0.5348,0.8333,1.0000,0.0000,0.0002,-0.98067,-0.97517,-0.80132,0.00011,0.97572,0.98032,0.72057,0.00000,-0.01373,0.78933
2107,56,0,-0.95336,0.00174,1.0000,0.0000,0,1,6,0.5348,0.8333,1.0000,0.0000,0.0002,-0.98067,-0.97517,-0.80132,0.00011,0.97572,0.98032,0.72057,0.00000,-0.01373,0.78933
2108,56,0,-0.95336,0.00174,1.0000,0.0000,0,1,6,0.5348,0.8333,1.0000,0.0000,0.0002,-0.98067,-0.97517,-0.80132,0.00011,0.97572,0.98032,0.72057,0.00000,-0.01373,0.78933
2109,56,0,-0.95336,0.00174,1.0000,0.0000,0,1,6,0.5348,0.8333,1.0000,0.0000,0.0002,-0.98067,-0.97517,-0.80132,0.00011,0.97572,0.98032,0.72057,0.00000,-0.01373,0.78933
2110,56,0,-0.95336,0.00174,1.0000,0.0000,0,1,6,0.5348,0.8333,1.0000,0.0000,0.0002,-0.98067,-0.97517,-0.80132,0.00011,0.97572,0.98032,0.72057,0.00000,-0.01373,0.78933
2111,56,0,-0.95336,0.00174,1.0000,0.0000,0,1,6,0.5348,0.8333,1.0000,0.0000,0.0002,-0.98067,-0.97517,-0.80132,0.00011,0.97572,0.98032,0.72057,0.00000,-0.01373,0.78933
2112,56,0,-0.96643,0.00072,0.0000,0.0000,0,0,6,0.5328,0.0000,0.0000,0.0000,0.0000,-0.98069,-0.97513,-0.69704,0.00000,0.97609,0.98007,0.75535,0.00000,-0.01392,1.04377
2113,56,0,-0.96643,0.00072,0.0000,0.0000,0,0,6,0.5328,0.0000,0.0000,0.0000,0.0000,-0.98069,-0.97513,-0.69704,0.00000,0.97609,0.98007,0.75535,0.00000,-0.01392,1.04377
2114,56,0,-0.96643,0.00072,0.0000,0.0000,0,0,6,0.5328,0.0000,0.0000,0.0000,0.0000,-0.98069,-0.97513,-0.69704,0.00000,0.97609,0.98007,0.75535,0.00000,-0.01392,1.04377
2115,56,0,-0.96643,0.00072,0.0000,0.0000,0,0,6,0.5328,0.0000,0.0000,0.0000,0.0000,-0.98069,-0.97513,-0.69704,0.00000,0.97609,0.98007,0.75535,0.00000,-0.01392,1.04377
2116,56,0,-0.96643,0.00072,0.0000,0.0000,0,0,6,0.5328,0.0000,0.0000,0.0000,0.0000,-0.98069,-0.97513,-0.69704,0.00000,0.97609,0.98007,0.75535,0.00000,-0.01392,1.04377
2117,56,0,-0.96643,0.00072,0.0000,0.0000,0,0,6,0.5328,0.0000,0.0000,0.0000,0.0000,-0.98069,-0.97513,-0.69704,0.00000,0.97609,0.98007,0.75535,0.00000,-0.01392,1.04377
2118,56,0,-0.15857,0.11165,0.0000,0.0000,0,0,2,0.5321,0.0000,0.0000,0.0000,0.0000,-0.97870,-0.97780,0.73181,0.06870,0.98016,0.97597,0.75928,0.00000,-0.00225,1.07709
2119,56,0,-0.15857,0.11165,0.0000,0.0000,0,0,2,0.5321,0.0000,0.0000,0.0000,0.0000,-0.97870,-0.97780,0.73181,0.06870,0.98016,0.97597,0.75928,0.00000,-0.00225,1.07709
2120,56,0,-0.15857,0.11165,0.0000,0.0000,0,0,2,0.5321,0.0000,0.0000,0.0000,0.0000,-0.97870,-0.97780,0.73181,0.06870,0.98016,0.97597,0.75928,0.00000,-0.00225,1.07709
2121,56,0,-0.15857,0.11165,0.0000,0.0000,0,0,2,0.5321,0.0000,0.0000,0.0000,0.0000,-0.97870,-0.97780,0.73181,0.06870,0.98016,0.97597,0.75928,0.00000,-0.00225,1.07709
2122,56,0,-0.15857,0.11165,0.0000,0.0000,0,0,2,0.5321,0.0000,0.0000,0.0000,0.0000,-0.97870,-0.97780,0.73181,0.06870,0.98016,0.97597,0.75928,0.00000,-0.00225,1.07709
2123,56,0,-0.15857,0.11165,0.0000,0.0000,0,0,2,0.5321,0.0000,0.0000,0.0000,0.0000,-0.97870,-0.97780,0.73181,0.06870,0.98016,0.97597,0.75928,0.00000,-0.00225,1.07709
2124,56,0,-0.08331,0.11037,0.0000,0.0000,0,0,2,0.5314,0.0000,0.0000,0.0000,0.0001,-0.97849,-0.97802,0.72231,0.06590,0.98013,0.97600,0.75954,0.00000,-0.00118,1.07931
2125,56,0,-0.08331,0.11037,0.0000,0.0000,0,0,2,0.5314,0.0000,0.0000,0.0000,0.0001,-0.97849,-0.97802,0.72231,0.06590,0.98013,0.97600,0.75954,0.00000,-0.00118,1.07931
2126,56,0,-0.08331,0.11037,0.0000,0.0000,0,0,2,0.5314,0.0000,0.0000,0.0000,0.0001,-0.97849,-0.97802,0.72231,0.06590,0.98013,0.97600,0.75954,0.00000,-0.00118,1.07931
2127,56,0,-0.08331,0.11037,0.0000,0.0000,0,0,2,0.5314,0.0000,0.0000,0.0000,0.0001,-0.97849,-0.97802,0.72231,0.06590,0.98013,0.97600,0.75954,0.00000,-0.00118,1.07931
2128,56,0,-0.08331,0.11037,0.0000,0.0000,0,0,2,0.5314,0.0000,0.0000,0.0000,0.0001,-0.97849,-0.97802,0.72231,0.06590,0.98013,0.97600,0.75954,0.00000,-0.00118,1.07931
2129,56,0,-0.08331,0.11037,0.0000,0.0000,0,0,2,0.5314,0.0000,0.0000,0.0000,0.0001,-0.97849,-0.97802,0.72231,0.06590,0.98013,0.97600,0.75954,0.00000,-0.00118,1.07931
2130,56,0,-0.08331,0.11037,0.0000,0.0000,0,0,2,0.5308,0.0000,0.0000,0.0000,0.0002,-0.97849,-0.97802,0.72231,0.06590,0.98013,0.97600,0.75969,0.00000,-0.00118,1.08069
2131,56,0,-0.08331,0.11037,0.0000,0.0000,0,0,2,0.5308,0.0000,0.0000,0.0000,0.0002,-0.97849,-0.97802,0.72231,0.06590,0.98013,0.97600,0.75969,0.00000,-0.00118,1.08069
2132,56,0,-0.08331,0.11037,0.0000,0.0000,0,0,2,0.5308,0.0000,0.0000,0.0000,0.0002,-0.97849,-0.97802,0.72231,0.06590,0.98013,0.97600,0.75969,0.00000,-0.00118,1.08069
2133,56,0,-0.08331,0.11037,0.0000,0.0000,0,0,2,0.5308,0.0000,0.0000,0.0000,0.0002,-0.97849,-0.97802,0.72231,0.06590,0.98013,0.97600,0.75969,0.00000,-0.00118,1.08069
2134,56,0,-0.08331,0.11037,0.0000,0.0000,0,0,2,0.5308,0.0000,0.0000,0.0000,0.0002,-0.97849,-0.97802,0.72231,0.06590,0.98013,0.97600,0.75969,0.00000,-0.00118,1.08069
2135,56,0,-0.08331,0.11037,0.0000,0.0000,0,0,2,0.5308,0.0000,0.0000,0.0000,0.0002,-0.97849,-0.97802,0.72231,0.06590,0.98013,0.97600,0.75969,0.00000,-0.00118,1.08069
2136,56,0,-0.47693,0.07321,0.0000,0.0000,0,0,2,0.5288,0.8333,1.0000,0.0000,0.0000,-0.97953,-0.97682,0.47732,0.05097,0.97953,0.97682,0.72597,0.00000,-0.00679,0.82464
2137,56,0,-0.47693,0.07321,0.0000,0.0000,0,0,2,0.5288,0.8333,1.0000,0.0000,0.0000,-0.97953,-0.97682,0.47732,0.05097,0.97953,0.97682,0.72597,0.00000,-0.00679,0.82464
2138,56,0,-0.47693,0.07321,0.0000,0.0000,0,0,2,0.5288,0.8333,1.0000,0.0000,0.0000,-0.97953,-0.97682,0.47732,0.05097,0.97953,0.97682,0.72597,0.00000,-0.00679,0.82464
2139,56,0,-0.47693,0.07321,0.0000,0.0000,0,0,2,0.5288,0.8333,1.0000,0.0000,0.0000,-0.97953,-0.97682,0.47732,0.05097,0.97953,0.97682,0.72597,0.00000,-0.00679,0.82464
2140,56,0,-0.47693,0.07321,0.0000,0.0000,0,0,2,0.5288,0.8333,1.0000,0.0000,0.0000,-0.97953,-0.97682,0.47732,0.05097,0.97953,0.97682,0.72597,0.00000,-0.00679,0.82464
2141,56,0,-0.47693,0.07321,0.0000,0.0000,0,0,2,0.5288,0.8333,1.0000,0.0000,0.0000,-0.97953,-0.97682,0.47732,0.05097,0.97953,0.97682,0.72597,0.00000,-0.00679,0.82464
2142,56,0,-0.69394,0.04848,1.0000,0.0000,0,1,2,0.5187,0.8333,1.0000,0.0000,0.0000,-0.98007,-0.97610,0.00000,0.03073,0.97826,0.97826,0.72713,0.00000,-0.00992,0.83240
2143,56,0,-0.69394,0.04848,1.0000,0.0000,0,1,2,0.5187,0.8333,1.0000,0.0000,0.0000,-0.98007,-0.97610,0.00000,0.03073,0.97826,0.97826,0.72713,0.00000,-0.00992,0.83240
2144,56,0,-0.69394,0.04848,1.0000,0.0000,0,1,2,0.5187,0.8333,1.0000,0.0000,0.0000,-0.98007,-0.97610,0.00000,0.03073,0.97826,0.97826,0.72713,0.00000,-0.00992,0.83240
2145,56,0,-0.69394,0.04848,1.0000,0.0000,0,1,2,0.5187,0.8333,1.0000,0.0000,0.0000,-0.98007,-0.97610,0.00000,0.03073,0.97826,0.97826,0.72713,0.00000,-0.00992,0.83240
2146,56,0,-0.69394,0.04848,1.0000,0.0000,0,1,2,0.5187,0.8333,1.0000,0.0000,0.0000,-0.98007,-0.97610,0.00000,0.03073,0.97826,0.97826,0.72713,0.00000,-0.00992,0.83240
2147,56,0,-0.69394,0.04848,1.0000,0.0000,0,1,2,0.5187,0.8333,1.0000,0.0000,0.0000,-0.98007,-0.97610,0.00000,0.03073,0.97826,0.97826,0.72713,0.00000,-0.00992,0.83240
2148,56,0,-0.65805,0.04779,1.0000,0.0000,0,1,2,0.5180,0.8333,1.0000,0.0000,0.0000,-0.97998,-0.97622,0.00000,0.03030,0.97826,0.97826,0.72739,0.00000,-0.00940,0.83414
2149,56,0,-0.65805,0.04779,1.0000,0.0000,0,1,2,0.5180,0.8333,1.0000,0.0000,0.0000,-0.97998,-0.97622,0.00000,0.03030,0.97826,0.97826,0.72739,0.00000,-0.00940,0.83414
2150,56,0,-0.65805,0.04779,1.0000,0.0000,0,1,2,0.5180,0.8333,1.0000,0.0000,0.0000,-0.97998,-0.97622,0.00000,0.03030,0.97826,0.97826,0.72739,0.00000,-0.00940,0.83414
2151,56,0,-0.65805,0.04779,1.0000,0.0000,0,1,2,0.5180,0.8333,1.0000,0.0000,0.0000,-0.97998,-0.97622,0.00000,0.03030,0.97826,0.97826,0.72739,0.00000,-0.00940,0.83414
2152,56,0,-0.65805,0.04779,1.0000,0.0000,0,1,2,0.5180,0.8333,1.0000,0.0000,0.0000,-0.97998,-0.97622,0.00000,0.03030,0.97826,0.97826,0.72739,0.00000,-0.00940,0.83414
2153,56,0,-0.65805,0.04779,1.0000,0.0000,0,1,2,0.5180,0.8333,1.0000,0.0000,0.0000,-0.97998,-0.97622,0.00000,0.03030,0.97826,0.97826,0.72739,0.00000,-0.00940,0.83414
2154,56,0,-0.94944,0.00430,1.0000,0.0000,0,1,6,0.5173,0.8333,1.0000,0.0000,0.0001,-0.98066,-0.97519,-0.85928,0.00049,0.97552,0.98045,0.72510,0.00000,-0.01367,0.81882
2155,56,0,-0.94944,0.00430,1.0000,0.0000,0,1,6,0.5173,0.8333,1.0000,0.0000,0.0001,-0.98066,-0.97519,-0.85928,0.00049,0.97552,0.98045,0.72510,0.00000,-0.01367,0.81882
2156,56,0,-0.94944,0.00430,1.0000,0.0000,0,1,6,0.5173,0.8333,1.0000,0.0000,0.0001,-0.98066,-0.97519,-0.85928,0.00049,0.97552,0.98045,0.72510,0.00000,-0.01367,0.81882
2157,56,0,-0.94944,0.00430,1.0000,0.0000,0,1,6,0.5173,0.8333,1.0000,0.0000,0.0001,-0.98066,-0.97519,-0.85928,0.00049,0.97552,0.98045,0.72510,0.00000,-0.01367,0.81882
2158,56,0,-0.94944,0.00430,1.0000,0.0000,0,1,6,0.5173,0.8333,1.0000,0.0000,0.0001,-0.98066,-0.97519,-0.85928,0.00049,0.97552,0.98045,0.72510,0.00000,-0.01367,0.81882
2159,56,0,-0.94944,0.00430,1.0000,0.0000,0,1,6,0.5173,0.8333,1.0000,0.0000,0.0001,-0.98066,-0.97519,-0.85928,0.00049,0.97552,0.98045,0.72510,0.00000,-0.01367,0.81882
2160,56,0,-0.97086,0.00198,0.0000,0.0000,0,0,6,0.5153,0.8333,1.0000,0.0000,0.0000,-0.98070,-0.97511,-0.80132,0.00011,0.97572,0.98032,0.72568,0.00000,-0.01399,0.82267
2161,56,0,-0.97086,0.00198,0.0000,0.0000,0,0,6,0.5153,0.8333,1.0000,0.0000,0.0000,-0.98070,-0.97511,-0.80132,0.00011,0.97572,0.98032,0.72568,0.00000,-0.01399,0.82267
2162,56,0,-0.97086,0.00198,0.0000,0.0000,0,0,6,0.5153,0.8333,1.0000,0.0000,0.0000,-0.98070,-0.97511,-0.80132,0.00011,0.97572,0.98032,0.72568,0.00000,-0.01399,0.82267
2163,56,0,-0.97086,0.00198,0.0000,0.0000,0,0,6,0.5153,0.8333,1.0000,0.0000,0.0000,-0.98070,-0.97511,-0.80132,0.00011,0.97572,0.98032,0.72568,0.00000,-0.01399,0.82267
2164,56,0,-0.97086,0.00198,0.0000,0.0000,0,0,6,0.5153,0.8333,1.0000,0.0000,0.0000,-0.98070,-0.97511,-0.80132,0.00011,0.97572,0.98032,0.72568,0.00000,-0.01399,0.82267
2165,56,0,-0.97086,0.00198,0.0000,0.0000,0,0,6,0.5153,0.8333,1.0000,0.0000,0.0000,-0.98070,-0.97511,-0.80132,0.00011,0.97572,0.98032,0.72568,0.00000,-0.01399,0.82267
2166,56,0,-0.97654,0.00084,0.0000,0.0000,0,0,6,0.5134,0.2500,0.0000,0.0000,0.0000,-0.98072,-0.97509,-0.69740,0.00000,0.97609,0.98007,0.75032,0.00000,-0.01407,1.00258
2167,56,0,-0.97654,0.00084,0.0000,0.0000,0,0,6,0.5134,0.2500,0.0000,0.0000,0.0000,-0.98072,-0.97509,-0.69740,0.00000,0.97609,0.98007,0.75032,0.00000,-0.01407,1.00258
2168,56,0,-0.97654,0.00084,0.0000,0.0000,0,0,6,0.5134,0.2500,0.0000,0.0000,0.0000,-0.98072,-0.97509,-0.69740,0.00000,0.97609,0.98007,0.75032,0.00000,-0.01407,1.00258
2169,56,0,-0.97654,0.00084,0.0000,0.0000,0,0,6,0.5134,0.2500,0.0000,0.0000,0.0000,-0.98072,-0.97509,-0.69740,0.00000,0.97609,0.98007,0.75032,0.00000,-0.01407,1.00258
2170,56,0,-0.97654,0.00084,0.0000,0.0000,0,0,6,0.5134,0.2500,0.0000,0.0000,0.0000,-0.98072,-0.97509,-0.69740,0.00000,0.97609,0.98007,0.75032,0.00000,-0.01407,1.00258
2171,56,0,-0.97654,0.00084,0.0000,0.0000,0,0,6,0.5134,0.2500,0.0000,0.0000,0.0000,-0.98072,-0.97509,-0.69740,0.00000,0.97609,0.98007,0.75032,0.00000,-0.01407,1.00258
2172,56,0,-0.30780,0.10256,0.0000,0.0000,0,0,2,0.5127,0.2500,0.0000,0.0000,0.0000,-0.97910,-0.97735,0.73159,0.06873,0.98015,0.97597,0.75417,0.00000,-0.00437,1.03393
2173,56,0,-0.30780,0.10256,0.0000,0.0000,0,0,2,0.5127,0.2500,0.0000,0.0000,0.0000,-0.97910,-0.97735,0.73159,0.06873,0.98015,0.97597,0.75417,0.00000,-0.00437,1.03393
2174,56,0,-0.30780,0.10256,0.0000,0.0000,0,0,2,0.5127,0.2500,0.0000,0.0000,0.0000,-0.97910,-0.97735,0.73159,0.06873,0.98015,0.97597,0.75417,0.00000,-0.00437,1.03393
2175,56,0,-0.30780,0.10256,0.0000,0.0000,0,0,2,0.5127,0.2500,0.0000,0.0000,0.0000,-0.97910,-0.97735,0.73159,0.06873,0.98015,0.97597,0.75417,0.00000,-0.00437,1.03393
2176,56,0,-0.30780,0.10256,0.0000,0.0000,0,0,2,0.5127,0.2500,0.0000,0.0000,0.0000,-0.97910,-0.97735,0.73159,0.06873,0.98015,0.97597,0.75417,0.00000,-0.00437,1.03393
2177,56,0,-0.30780,0.10256,0.0000,0.0000,0,0,2,0.5127,0.2500,0.0000,0.0000,0.0000,-0.97910,-0.97735,0.73159,0.06873,0.98015,0.97597,0.75417,0.00000,-0.00437,1.03393
2178,56,0,-0.30780,0.10256,0.0000,0.0000,0,0,2,0.5120,0.2500,0.0000,0.0000,0.0001,-0.97910,-0.97735,0.73159,0.06873,0.98015,0.97597,0.75433,0.00000,-0.00437,1.03522
2179,56,0,-0.30780,0.10256,0.0000,0.0000,0,0,2,0.5120,0.2500,0.0000,0.0000,0.0001,-0.97910,-0.97735,0.73159,0.06873,0.98015,0.97597,0.75433,0.00000,-0.00437,1.03522
2180,56,0,-0.30780,0.10256,0.0000,0.0000,0,0,2,0.5120,0.2500,0.0000,0.0000,0.0001,-0.97910,-0.97735,0.73159,0.06873,0.98015,0.97597,0.75433,0.00000,-0.00437,1.03522
2181,56,0,-0.30780,0.10256,0.0000,0.0000,0,0,2,0.5120,0.2500,0.0000,0.0000,0.0001,-0.97910,-0.97735,0.73159,0.06873,0.98015,0.97597,0.75433,0.00000,-0.00437,1.03522
2182,56,0,-0.30780,0.10256,0.0000,0.0000,0,0,2,0.5120,0.2500,0.0000,0.0000,0.0001,-0.97910,-0.97735,0.73159,0.06873,0.98015,0.97597,0.75433,0.00000,-0.00437,1.03522
2183,56,0,-0.30780,0.10256,0.0000,0.0000,0,0,2,0.5120,0.2500,0.0000,0.0000,0.0001,-0.97910,-0.97735,0.73159,0.06873,0.98015,0.97597,0.75433,0.00000,-0.00437,1.03522
2184,56,0,-0.24429,0.10074,0.0000,0.0000,0,0,2,0.5114,0.2500,0.0000,0.0000,0.0002,-0.97893,-0.97755,0.72208,0.06593,0.98013,0.97600,0.75458,0.00000,-0.00347,1.03736
2185,56,0,-0.24429,0.10074,0.0000,0.0000,0,0,2,0.5114,0.2500,0.0000,0.0000,0.0002,-0.97893,-0.97755,0.72208,0.06593,0.98013,0.97600,0.75458,0.00000,-0.00347,1.03736
2186,56,0,-0.24429,0.10074,0.0000,0.0000,0,0,2,0.5114,0.2500,0.0000,0.0000,0.0002,-0.97893,-0.97755,0.72208,0.06593,0.98013,0.97600,0.75458,0.00000,-0.00347,1.03736
2187,56,0,-0.24429,0.10074,0.0000,0.0000,0,0,2,0.5114,0.2500,0.0000,0.0000,0.0002,-0.97893,-0.97755,0.72208,0.06593,0.98013,0.97600,0.75458,0.00000,-0.00347,1.03736
2188,56,0,-0.24429,0.10074,0.0000,0.0000,0,0,2,0.5114,0.2500,0.0000,0.0000,0.0002,-0.97893,-0.97755,0.72208,0.06593,0.98013,0.97600,0.75458,0.00000,-0.00347,1.03736
2189,56,0,-0.24429,0.10074,0.0000,0.0000,0,0,2,0.5114,0.2500,0.0000,0.0000,0.0002,-0.97893,-0.97755,0.72208,0.06593,0.98013,0.97600,0.75458,0.00000,-0.00347,1.03736
2190,56,0,-0.63779,0.06941,0.0000,0.0000,0,0,2,0.5094,0.8333,1.0000,0.0000,0.0000,-0.97993,-0.97629,0.49475,0.05339,0.97958,0.97676,0.73068,0.00000,-0.00911,0.85654
2191,56,0,-0.63779,0.06941,0.0000,0.0000,0,0,2,0.5094,0.8333,1.0000,0.0000,0.0000,-0.97993,-0.97629,0.49475,0.05339,0.97958,0.97676,0.73068,0.00000,-0.00911,0.85654
2192,56,0,-0.63779,0.06941,0.0000,0.0000,0,0,2,0.5094,0.8333,1.0000,0.0000,0.0000,-0.97993,-0.97629,0.49475,0.05339,0.97958,0.97676,0.73068,0.00000,-0.00911,0.85654
2193,56,0,-0.63779,0.06941,0.0000,0.0000,0,0,2,0.5094,0.8333,1.0000,0.0000,0.0000,-0.97993,-0.97629,0.49475,0.05339,0.97958,0.97676,0.73068,0.00000,-0.00911,0.85654
2194,56,0,-0.63779,0.06941,0.0000,0.0000,0,0,2,0.5094,0.8333,1.0000,0.0000,0.0000,-0.97993,-0.97629,0.49475,0.05339,0.97958,0.97676,0.73068,0.00000,-0.00911,0.85654
2195,56,0,-0.63779,0.06941,0.0000,0.0000,0,0,2,0.5094,0.8333,1.0000,0.0000,0.0000,-0.97993,-0.97629,0.49475,0.05339,0.97958,0.97676,0.73068,0.00000,-0.00911,0.85654
2196,56,0,-0.97040,0.00212,0.0000,0.0000,0,0,6,0.5087,0.8333,1.0000,0.0000,0.0000,-0.98070,-0.97511,-0.80176,0.00011,0.97572,0.98032,0.72742,0.00000,-0.01398,0.83434
2197,56,0,-0.97040,0.00212,0.0000,0.0000,0,0,6,0.5087,0.8333,1.0000,0.0000,0.0000,-0.98070,-0.97511,-0.80176,0.00011,0.97572,0.98032,0.72742,0.00000,-0.01398,0.83434
2198,56,0,-0.97040,0.00212,0.0000,0.0000,0,0,6,0.5087,0.8333,1.0000,0.0000,0.0000,-0.98070,-0.97511,-0.80176,0.00011,0.97572,0.98032,0.72742,0.00000,-0.01398,0.83434
2199,56,0,-0.97040,0.00212,0.0000,0.0000,0,0,6,0.5087,0.8333,1.0000,0.0000,0.0000,-0.98070,-0.97511,-0.80176,0.00011,0.97572,0.98032,0.72742,0.00000,-0.01398,0.83434
2200,56,0,-0.97040,0.00212,0.0000,0.0000,0,0,6,0.5087,0.8333,1.0000,0.0000,0.0000,-0.98070,-0.97511,-0.80176,0.00011,0.97572,0.98032,0.72742,0.00000,-0.01398,0.83434
2201,56,0,-0.97040,0.00212,0.0000,0.0000,0,0,6,0.5087,0.8333,1.0000,0.0000,0.0000,-0.98070,-0.97511,-0.80176,0.00011,0.97572,0.98032,0.72742,0.00000,-0.01398,0.83434
2202,56,0,-0.97969,0.00093,0.0000,0.0000,0,0,6,0.5067,0.2500,0.0000,0.0000,0.0000,-0.98072,-0.97508,-0.69740,0.00000,0.97609,0.98007,0.75176,0.00000,-0.01412,1.01416
2203,56,0,-0.97969,0.00093,0.0000,0.0000,0,0,6,0.5067,0.2500,0.0000,0.0000,0.0000,-0.98072,-0.97508,-0.69740,0.00000,0.97609,0.98007,0.75176,0.00000,-0.01412,1.01416
2204,56,0,-0.97969,0.00093,0.0000,0.0000,0,0,6,0.5067,0.2500,0.0000,0.0000,0.0000,-0.98072,-0.97508,-0.69740,0.00000,0.97609,0.98007,0.75176,0.00000,-0.01412,1.01416
2205,56,0,-0.97969,0.00093,0.0000,0.0000,0,0,6,0.5067,0.2500,0.0000,0.0000,0.0000,-0.98072,-0.97508,-0.69740,0.00000,0.97609,0.98007,0.75176,0.00000,-0.01412,1.01416
2206,56,0,-0.97969,0.00093,0.0000,0.0000,0,0,6,0.5067,0.2500,0.0000,0.0000,0.0000,-0.98072,-0.97508,-0.69740,0.00000,0.97609,0.98007,0.75176,0.00000,-0.01412,1.01416
2207,56,0,-0.97969,0.00093,0.0000,0.0000,0,0,6,0.5067,0.2500,0.0000,0.0000,0.0000,-0.98072,-0.97508,-0.69740,0.00000,0.97609,0.98007,0.75176,0.00000,-0.01412,1.01416
2208,56,0,-0.40593,0.09715,0.0000,0.0000,0,0,2,0.5060,0.2500,0.0000,0.0000,0.0000,-0.97935,-0.97705,0.70207,0.06064,0.98008,0.97607,0.75535,0.00000,-0.00577,1.04373
2209,56,0,-0.40593,0.09715,0.0000,0.0000,0,0,2,0.5060,0.2500,0.0000,0.0000,0.0000,-0.97935,-0.97705,0.70207,0.06064,0.98008,0.97607,0.75535,0.00000,-0.00577,1.04373
2210,56,0,-0.40593,0.09715,0.0000,0.0000,0,0,2,0.5060,0.2500,0.0000,0.0000,0.0000,-0.97935,-0.97705,0.70207,0.06064,0.98008,0.97607,0.75535,0.00000,-0.00577,1.04373
2211,56,0,-0.40593,0.09715,0.0000,0.0000,0,0,2,0.5060,0.2500,0.0000,0.0000,0.0000,-0.97935,-0.97705,0.70207,0.06064,0.98008,0.97607,0.75535,0.00000,-0.00577,1.04373
2212,56,0,-0.40593,0.09715,0.0000,0.0000,0,0,2,0.5060,0.2500,0.0000,0.0000,0.0000,-0.97935,-0.97705,0.70207,0.06064,0.98008,0.97607,0.75535,0.00000,-0.00577,1.04373
2213,56,0,-0.40593,0.09715,0.0000,0.0000,0,0,2,0.5060,0.2500,0.0000,0.0000,0.0000,-0.97935,-0.97705,0.70207,0.06064,0.98008,0.97607,0.75535,0.00000,-0.00577,1.04373
2214,56,0,-0.67746,0.06720,0.0000,0.0000,0,0,2,0.5041,0.8333,1.0000,0.0000,0.0000,-0.98003,-0.97615,0.46134,0.04880,0.97949,0.97687,0.73187,0.00000,-0.00968,0.86477
2215,56,0,-0.67746,0.06720,0.0000,0.0000,0,0,2,0.5041,0.8333,1.0000,0.0000,0.0000,-0.98003,-0.97615,0.46134,0.04880,0.97949,0.97687,0.73187,0.00000,-0.00968,0.86477
2216,56,0,-0.67746,0.06720,0.0000,0.0000,0,0,2,0.5041,0.8333,1.0000,0.0000,0.0000,-0.98003,-0.97615,0.46134,0.04880,0.97949,0.97687,0.73187,0.00000,-0.00968,0.86477
2217,56,0,-0.67746,0.06720,0.0000,0.0000,0,0,2,0.5041,0.8333,1.0000,0.0000,0.0000,-0.98003,-0.97615,0.46134,0.04880,0.97949,0.97687,0.73187,0.00000,-0.00968,0.86477
2218,56,0,-0.67746,0.06720,0.0000,0.0000,0,0,2,0.5041,0.8333,1.0000,0.0000,0.0000,-0.98003,-0.97615,0.46134,0.04880,0.97949,0.97687,0.73187,0.00000,-0.00968,0.86477
2219,56,0,-0.67746,0.06720,0.0000,0.0000,0,0,2,0.5041,0.8333,1.0000,0.0000,0.0000,-0.98003,-0.97615,0.46134,0.04880,0.97949,0.97687,0.73187,0.00000,-0.00968,0.86477
2220,56,0,-0.63187,0.06609,1.0000,0.0000,0,1,2,0.4959,0.8333,1.0000,0.0000,0.0000,-0.97992,-0.97631,0.53175,0.05914,0.97967,0.97664,0.73415,0.00000,-0.00902,0.88078
2221,56,0,-0.63187,0.06609,1.0000,0.0000,0,1,2,0.4959,0.8333,1.0000,0.0000,0.0000,-0.97992,-0.97631,0.53175,0.05914,0.97967,0.97664,0.73415,0.00000,-0.00902,0.88078
2222,56,0,-0.63187,0.06609,1.0000,0.0000,0,1,2,0.4959,0.8333,1.0000,0.0000,0.0000,-0.97992,-0.97631,0.53175,0.05914,0.97967,0.97664,0.73415,0.00000,-0.00902,0.88078
2223,56,0,-0.63187,0.06609,1.0000,0.0000,0,1,2,0.4959,0.8333,1.0000,0.0000,0.0000,-0.97992,-0.97631,0.53175,0.05914,0.97967,0.97664,0.73415,0.00000,-0.00902,0.88078
2224,56,0,-0.63187,0.06609,1.0000,0.0000,0,1,2,0.4959,0.8333,1.0000,0.0000,0.0000,-0.97992,-0.97631,0.53175,0.05914,0.97967,0.97664,0.73415,0.00000,-0.00902,0.88078
2225,56,0,-0.63187,0.06609,1.0000,0.0000,0,1,2,0.4959,0.8333,1.0000,0.0000,0.0000,-0.97992,-0.97631,0.53175,0.05914,0.97967,0.97664,0.73415,0.00000,-0.00902,0.88078
2226,56,0,-0.63187,0.06609,1.0000,0.0000,0,1,2,0.4952,0.8333,1.0000,0.0000,0.0001,-0.97992,-0.97631,0.53175,0.05914,0.97967,0.97664,0.73434,0.00000,-0.00902,0.88208
2227,56,0,-0.63187,0.06609,1.0000,0.0000,0,1,2,0.4952,0.8333,1.0000,0.0000,0.0001,-0.97992,-0.97631,0.53175,0.05914,0.97967,0.97664,0.73434,0.00000,-0.00902,0.88208
2228,56,0,-0.63187,0.06609,1.0000,0.0000,0,1,2,0.4952,0.8333,1.0000,0.0000,0.0001,-0.97992,-0.97631,0.53175,0.05914,0.97967,0.97664,0.73434,0.00000,-0.00902,0.88208
2229,56,0,-0.63187,0.06609,1.0000,0.0000,0,1,2,0.4952,0.8333,1.0000,0.0000,0.0001,-0.97992,-0.97631,0.53175,0.05914,0.97967,0.97664,0.73434,0.00000,-0.00902,0.88208
2230,56,0,-0.63187,0.06609,1.0000,0.0000,0,1,2,0.4952,0.8333,1.0000,0.0000,0.0001,-0.97992,-0.97631,0.53175,0.05914,0.97967,0.97664,0.73434,0.00000,-0.00902,0.88208
2231,56,0,-0.63187,0.06609,1.0000,0.0000,0,1,2,0.4952,0.8333,1.0000,0.0000,0.0001,-0.97992,-0.97631,0.53175,0.05914,0.97967,0.97664,0.73434,0.00000,-0.00902,0.88208
2232,56,0,-0.96782,0.00226,0.0000,0.0000,0,0,6,0.4946,0.8333,1.0000,0.0000,0.0002,-0.98070,-0.97512,-0.80162,0.00011,0.97572,0.98032,0.73110,0.00000,-0.01394,0.85946
2233,56,0,-0.96782,0.00226,0.0000,0.0000,0,0,6,0.4946,0.8333,1.0000,0.0000,0.0002,-0.98070,-0.97512,-0.80162,0.00011,0.97572,0.98032,0.73110,0.00000,-0.01394,0.85946
2234,56,0,-0.96782,0.00226,0.0000,0.0000,0,0,6,0.4946,0.8333,1.0000,0.0000,0.0002,-0.98070,-0.97512,-0.80162,0.00011,0.97572,0.98032,0.73110,0.00000,-0.01394,0.85946
2235,56,0,-0.96782,0.00226,0.0000,0.0000,0,0,6,0.4946,0.8333,1.0000,0.0000,0.0002,-0.98070,-0.97512,-0.80162,0.00011,0.97572,0.98032,0.73110,0.00000,-0.01394,0.85946
2236,56,0,-0.96782,0.00226,0.0000,0.0000,0,0,6,0.4946,0.8333,1.0000,0.0000,0.0002,-0.98070,-0.97512,-0.80162,0.00011,0.97572,0.98032,0.73110,0.00000,-0.01394,0.85946
2237,56,0,-0.96782,0.00226,0.0000,0.0000,0,0,6,0.4946,0.8333,1.0000,0.0000,0.0002,-0.98070,-0.97512,-0.80162,0.00011,0.97572,0.98032,0.73110,0.00000,-0.01394,0.85946
2238,56,0,-0.96782,0.00226,0.0000,0.0000,0,0,6,0.4939,0.8333,1.0000,0.0000,0.0004,-0.98070,-0.97512,-0.80162,0.00011,0.97572,0.98032,0.73132,0.00000,-0.01394,0.86092
2239,56,0,-0.96782,0.00226,0.0000,0.0000,0,0,6,0.4939,0.8333,1.0000,0.0000,0.0004,-0.98070,-0.97512,-0.80162,0.00011,0.97572,0.98032,0.73132,0.00000,-0.01394,0.86092
2240,56,0,-0.96782,0.00226,0.0000,0.0000,0,0,6,0.4939,0.8333,1.0000,0.0000,0.0004,-0.98070,-0.97512,-0.80162,0.00011,0.97572,0.98032,0.73132,0.00000,-0.01394,0.86092
2241,56,0,-0.96782,0.00226,0.0000,0.0000,0,0,6,0.4939,0.8333,1.0000,0.0000,0.0004,-0.98070,-0.97512,-0.80162,0.00011,0.97572,0.98032,0.73132,0.00000,-0.01394,0.86092
2242,56,0,-0.96782,0.00226,0.0000,0.0000,0,0,6,0.4939,0.8333,1.0000,0.0000,0.0004,-0.98070,-0.97512,-0.80162,0.00011,0.97572,0.98032,0.73132,0.00000,-0.01394,0.86092
2243,56,0,-0.96782,0.00226,0.0000,0.0000,0,0,6,0.4939,0.8333,1.0000,0.0000,0.0004,-0.98070,-0.97512,-0.80162,0.00011,0.97572,0.98032,0.73132,0.00000,-0.01394,0.86092
2244,56,0,-0.96264,0.00230,0.0000,0.0000,0,0,6,0.4932,0.8333,1.0000,0.0000,0.0007,-0.98069,-0.97514,-0.80176,0.00011,0.97572,0.98032,0.73155,0.00000,-0.01387,0.86253
2245,56,0,-0.96264,0.00230,0.0000,0.0000,0,0,6,0.4932,0.8333,1.0000,0.0000,0.0007,-0.98069,-0.97514,-0.80176,0.00011,0.97572,0.98032,0.73155,0.00000,-0.01387,0.86253
2246,56,0,-0.96264,0.00230,0.0000,0.0000,0,0,6,0.4932,0.8333,1.0000,0.0000,0.0007,-0.98069,-0.97514,-0.80176,0.00011,0.97572,0.98032,0.73155,0.00000,-0.01387,0.86253
2247,56,0,-0.96264,0.00230,0.0000,0.0000,0,0,6,0.4932,0.8333,1.0000,0.0000,0.0007,-0.98069,-0.97514,-0.80176,0.00011,0.97572,0.98032,0.73155,0.00000,-0.01387,0.86253
2248,56,0,-0.96264,0.00230,0.0000,0.0000,0,0,6,0.4932,0.8333,1.0000,0.0000,0.0007,-0.98069,-0.97514,-0.80176,0.00011,0.97572,0.98032,0.73155,0.00000,-0.01387,0.86253
2249,56,0,-0.96264,0.00230,0.0000,0.0000,0,0,6,0.4932,0.8333,1.0000,0.0000,0.0007,-0.98069,-0.97514,-0.80176,0.00011,0.97572,0.98032,0.73155,0.00000,-0.01387,0.86253
2250,56,0,-0.97996,0.00101,0.0000,0.0000,0,0,6,0.4912,0.0000,0.0000,0.0000,0.0000,-0.98072,-0.97507,-0.69740,0.00000,0.97609,0.98007,0.76373,0.00000,-0.01412,1.11626
2251,56,0,-0.97996,0.00101,0.0000,0.0000,0,0,6,0.4912,0.0000,0.0000,0.0000,0.0000,-0.98072,-0.97507,-0.69740,0.00000,0.97609,0.98007,0.76373,0.00000,-0.01412,1.11626
2252,56,0,-0.97996,0.00101,0.0000,0.0000,0,0,6,0.4912,0.0000,0.0000,0.0000,0.0000,-0.98072,-0.97507,-0.69740,0.00000,0.97609,0.98007,0.76373,0.00000,-0.01412,1.11626
2253,56,0,-0.97996,0.00101,0.0000,0.0000,0,0,6,0.4912,0.0000,0.0000,0.0000,0.0000,-0.98072,-0.97507,-0.69740,0.00000,0.97609,0.98007,0.76373,0.00000,-0.01412,1.11626
2254,56,0,-0.97996,0.00101,0.0000,0.0000,0,0,6,0.4912,0.0000,0.0000,0.0000,0.0000,-0.98072,-0.97507,-0.69740,0.00000,0.97609,0.98007,0.76373,0.00000,-0.01412,1.11626
2255,56,0,-0.97996,0.00101,0.0000,0.0000,0,0,6,0.4912,0.0000,0.0000,0.0000,0.0000,-0.98072,-0.97507,-0.69740,0.00000,0.97609,0.98007,0.76373,0.00000,-0.01412,1.11626
2256,56,0,-0.97586,0.00102,0.0000,0.0000,0,0,6,0.4906,0.0000,0.0000,0.0000,0.0000,-0.98072,-0.97509,-0.69740,0.00000,0.97609,0.98007,0.76388,0.00000,-0.01406,1.11753
2257,56,0,-0.97586,0.00102,0.0000,0.0000,0,0,6,0.4906,0.0000,0.0000,0.0000,0.0000,-0.98072,-0.97509,-0.69740,0.00000,0.97609,0.98007,0.76388,0.00000,-0.01406,1.11753
2258,56,0,-0.97586,0.00102,0.0000,0.0000,0,0,6,0.4906,0.0000,0.0000,0.0000,0.0000,-0.98072,-0.97509,-0.69740,0.00000,0.97609,0.98007,0.76388,0.00000,-0.01406,1.11753
2259,56,0,-0.97586,0.00102,0.0000,0.0000,0,0,6,0.4906,0.0000,0.0000,0.0000,0.0000,-0.98072,-0.97509,-0.69740,0.00000,0.97609,0.98007,0.76388,0.00000,-0.01406,1.11753
2260,56,0,-0.97586,0.00102,0.0000,0.0000,0,0,6,0.4906,0.0000,0.0000,0.0000,0.0000,-0.98072,-0.97509,-0.69740,0.00000,0.97609,0.98007,0.76388,0.00000,-0.01406,1.11753
2261,56,0,-0.97586,0.00102,0.0000,0.0000,0,0,6,0.4906,0.0000,0.0000,0.0000,0.0000,-0.98072,-0.97509,-0.69740,0.00000,0.97609,0.98007,0.76388,0.00000,-0.01406,1.11753
2262,56,0,-0.45443,0.08939,0.0000,0.0000,0,0,2,0.4899,0.0000,0.0000,0.0000,0.0001,-0.97948,-0.97689,0.71228,0.06325,0.98011,0.97603,0.76707,0.00000,-0.00647,1.14658
2263,56,0,-0.45443,0.08939,0.0000,0.0000,0,0,2,0.4899,0.0000,0.0000,0.0000,0.0001,-0.97948,-0.97689,0.71228,0.06325,0.98011,0.97603,0.76707,0.00000,-0.00647,1.14658
2264,56,0,-0.45443,0.08939,0.0000,0.0000,0,0,2,0.4899,0.0000,0.0000,0.0000,0.0001,-0.97948,-0.97689,0.71228,0.06325,0.98011,0.97603,0.76707,0.00000,-0.00647,1.14658
2265,56,0,-0.45443,0.08939,0.0000,0.0000,0,0,2,0.4899,0.0000,0.0000,0.0000,0.0001,-0.97948,-0.97689,0.71228,0.06325,0.98011,0.97603,0.76707,0.00000,-0.00647,1.14658
2266,56,0,-0.45443,0.08939,0.0000,0.0000,0,0,2,0.4899,0.0000,0.0000,0.0000,0.0001,-0.97948,-0.97689,0.71228,0.06325,0.98011,0.97603,0.76707,0.00000,-0.00647,1.14658
2267,56,0,-0.45443,0.08939,0.0000,0.0000,0,0,2,0.4899,0.0000,0.0000,0.0000,0.0001,-0.97948,-0.97689,0.71228,0.06325,0.98011,0.97603,0.76707,0.00000,-0.00647,1.14658
2268,56,0,-0.62542,0.06163,0.0000,0.0000,0,0,2,0.4879,0.8333,1.0000,0.0000,0.0000,-0.97990,-0.97633,0.46113,0.04881,0.97949,0.97687,0.73598,0.00000,-0.00893,0.89380
2269,56,0,-0.62542,0.06163,0.0000,0.0000,0,0,2,0.4879,0.8333,1.0000,0.0000,0.0000,-0.97990,-0.97633,0.46113,0.04881,0.97949,0.97687,0.73598,0.00000,-0.00893,0.89380
2270,56,0,-0.62542,0.06163,0.0000,0.0000,0,0,2,0.4879,0.8333,1.0000,0.0000,0.0000,-0.97990,-0.97633,0.46113,0.04881,0.97949,0.97687,0.73598,0.00000,-0.00893,0.89380
2271,56,0,-0.62542,0.06163,0.0000,0.0000,0,0,2,0.4879,0.8333,1.0000,0.0000,0.0000,-0.97990,-0.97633,0.46113,0.04881,0.97949,0.97687,0.73598,0.00000,-0.00893,0.89380
2272,56,0,-0.62542,0.06163,0.0000,0.0000,0,0,2,0.4879,0.8333,1.0000,0.0000,0.0000,-0.97990,-0.97633,0.46113,0.04881,0.97949,0.97687,0.73598,0.00000,-0.00893,0.89380
2273,56,0,-0.62542,0.06163,0.0000,0.0000,0,0,2,0.4879,0.8333,1.0000,0.0000,0.0000,-0.97990,-0.97633,0.46113,0.04881,0.97949,0.97687,0.73598,0.00000,-0.00893,0.89380
2274,56,0,-0.96897,0.00240,0.0000,0.0000,0,0,6,0.4872,0.8333,1.0000,0.0000,0.0000,-0.98070,-0.97512,-0.80176,0.00011,0.97572,0.98032,0.73289,0.00000,-0.01396,0.87192
2275,56,0,-0.96897,0.00240,0.0000,0.0000,0,0,6,0.4872,0.8333,1.0000,0.0000,0.0000,-0.98070,-0.97512,-0.80176,0.00011,0.97572,0.98032,0.73289,0.00000,-0.01396,0.87192
2276,56,0,-0.96897,0.00240,0.0000,0.0000,0,0,6,0.4872,0.8333,1.0000,0.0000,0.0000,-0.98070,-0.97512,-0.80176,0.00011,0.97572,0.98032,0.73289,0.00000,-0.01396,0.87192
2277,56,0,-0.96897,0.00240,0.0000,0.0000,0,0,6,0.4872,0.8333,1.0000,0.0000,0.0000,-0.98070,-0.97512,-0.80176,0.00011,0.97572,0.98032,0.73289,0.00000,-0.01396,0.87192
2278,56,0,-0.96897,0.00240,0.0000,0.0000,0,0,6,0.4872,0.8333,1.0000,0.0000,0.0000,-0.98070,-0.97512,-0.80176,0.00011,0.97572,0.98032,0.73289,0.00000,-0.01396,0.87192
2279,56,0,-0.96897,0.00240,0.0000,0.0000,0,0,6,0.4872,0.8333,1.0000,0.0000,0.0000,-0.98070,-0.97512,-0.80176,0.00011,0.97572,0.98032,0.73289,0.00000,-0.01396,0.87192
2280,56,0,-0.96373,0.00244,0.0000,0.0000,0,0,6,0.4866,0.8333,1.0000,0.0000,0.0001,-0.98069,-0.97514,-0.80147,0.00011,0.97572,0.98032,0.73309,0.00000,-0.01388,0.87330
2281,56,0,-0.96373,0.00244,0.0000,0.0000,0,0,6,0.4866,0.8333,1.0000,0.0000,0.0001,-0.98069,-0.97514,-0.80147,0.00011,0.97572,0.98032,0.73309,0.00000,-0.01388,0.87330
2282,56,0,-0.96373,0.00244,0.0000,0.0000,0,0,6,0.4866,0.8333,1.0000,0.0000,0.0001,-0.98069,-0.97514,-0.80147,0.00011,0.97572,0.98032,0.73309,0.00000,-0.01388,0.87330
2283,56,0,-0.96373,0.00244,0.0000,0.0000,0,0,6,0.4866,0.8333,1.0000,0.0000,0.0001,-0.98069,-0.97514,-0.80147,0.00011,0.97572,0.98032,0.73309,0.00000,-0.01388,0.87330
2284,56,0,-0.96373,0.00244,0.0000,0.0000,0,0,6,0.4866,0.8333,1.0000,0.0000,0.0001,-0.98069,-0.97514,-0.80147,0.00011,0.97572,0.98032,0.73309,0.00000,-0.01388,0.87330
2285,56,0,-0.96373,0.00244,0.0000,0.0000,0,0,6,0.4866,0.8333,1.0000,0.0000,0.0001,-0.98069,-0.97514,-0.80147,0.00011,0.97572,0.98032,0.73309,0.00000,-0.01388,0.87330
2286,56,0,-0.96373,0.00244,0.0000,0.0000,0,0,6,0.4859,0.8333,1.0000,0.0000,0.0002,-0.98069,-0.97514,-0.80147,0.00011,0.97572,0.98032,0.73329,0.00000,-0.01388,0.87467
2287,56,0,-0.96373,0.00244,0.0000,0.0000,0,0,6,0.4859,0.8333,1.0000,0.0000,0.0002,-0.98069,-0.97514,-0.80147,0.00011,0.97572,0.98032,0.73329,0.00000,-0.01388,0.87467
2288,56,0,-0.96373,0.00244,0.0000,0.0000,0,0,6,0.4859,0.8333,1.0000,0.0000,0.0002,-0.98069,-0.97514,-0.80147,0.00011,0.97572,0.98032,0.73329,0.00000,-0.01388,0.87467
2289,56,0,-0.96373,0.00244,0.0000,0.0000,0,0,6,0.4859,0.8333,1.0000,0.0000,0.0002,-0.98069,-0.97514,-0.80147,0.00011,0.97572,0.98032,0.73329,0.00000,-0.01388,0.87467
2290,56,0,-0.96373,0.00244,0.0000,0.0000,0,0,6,0.4859,0.8333,1.0000,0.0000,0.0002,-0.98069,-0.97514,-0.80147,0.00011,0.97572,0.98032,0.73329,0.00000,-0.01388,0.87467
2291,56,0,-0.96373,0.00244,0.0000,0.0000,0,0,6,0.4859,0.8333,1.0000,0.0000,0.0002,-0.98069,-0.97514,-0.80147,0.00011,0.97572,0.98032,0.73329,0.00000,-0.01388,0.87467
2292,56,0,-0.95841,0.00247,0.0000,0.0000,0,0,6,0.4852,0.8333,1.0000,0.0000,0.0004,-0.98068,-0.97515,-0.80162,0.00011,0.97572,0.98032,0.73350,0.00000,-0.01380,0.87621
2293,56,0,-0.95841,0.00247,0.0000,0.0000,0,0,6,0.4852,0.8333,1.0000,0.0000,0.0004,-0.98068,-0.97515,-0.80162,0.00011,0.97572,0.98032,0.73350,0.00000,-0.01380,0.87621
2294,56,0,-0.95841,0.00247,0.0000,0.0000,0,0,6,0.4852,0.8333,1.0000,0.0000,0.0004,-0.98068,-0.97515,-0.80162,0.00011,0.97572,0.98032,0.73350,0.00000,-0.01380,0.87621
2295,56,0,-0.95841,0.00247,0.0000,0.0000,0,0,6,0.4852,0.8333,1.0000,0.0000,0.0004,-0.98068,-0.97515,-0.80162,0.00011,0.97572,0.98032,0.73350,0.00000,-0.01380,0.87621
2296,56,0,-0.95841,0.00247,0.0000,0.0000,0,0,6,0.4852,0.8333,1.0000,0.0000,0.0004,-0.98068,-0.97515,-0.80162,0.00011,0.97572,0.98032,0.73350,0.00000,-0.01380,0.87621
2297,56,0,-0.95841,0.00247,0.0000,0.0000,0,0,6,0.4852,0.8333,1.0000,0.0000,0.0004,-0.98068,-0.97515,-0.80162,0.00011,0.97572,0.98032,0.73350,0.00000,-0.01380,0.87621
2298,56,0,-0.95841,0.00247,0.0000,0.0000,0,0,6,0.4846,0.8333,1.0000,0.0000,0.0007,-0.98068,-0.97515,-0.80162,0.00011,0.97572,0.98032,0.73372,0.00000,-0.01380,0.87774
2299,56,0,-0.95841,0.00247,0.0000,0.0000,0,0,6,0.4846,0.8333,1.0000,0.0000,0.0007,-0.98068,-0.97515,-0.80162,0.00011,0.97572,0.98032,0.73372,0.00000,-0.01380,0.87774
2300,56,0,-0.95841,0.00247,0.0000,0.0000,0,0,6,0.4846,0.8333,1.0000,0.0000,0.0007,-0.98068,-0.97515,-0.80162,0.00011,0.97572,0.98032,0.73372,0.00000,-0.01380,0.87774
2301,56,0,-0.95841,0.00247,0.0000,0.0000,0,0,6,0.4846,0.8333,1.0000,0.0000,0.0007,-0.98068,-0.97515,-0.80162,0.00011,0.97572,0.98032,0.73372,0.00000,-0.01380,0.87774
2302,56,0,-0.95841,0.00247,0.0000,0.0000,0,0,6,0.4846,0.8333,1.0000,0.0000,0.0007,-0.98068,-0.97515,-0.80162,0.00011,0.97572,0.98032,0.73372,0.00000,-0.01380,0.87774
2303,56,0,-0.95841,0.00247,0.0000,0.0000,0,0,6,0.4846,0.8333,1.0000,0.0000,0.0007,-0.98068,-0.97515,-0.80162,0.00011,0.97572,0.98032,0.73372,0.00000,-0.01380,0.87774
2304,56,0,-0.95278,0.00252,0.0000,0.0000,0,0,6,0.4839,0.8000,1.0000,0.0000,0.0010,-0.98066,-0.97518,-0.80176,0.00011,0.97572,0.98032,0.73537,0.00000,-0.01372,0.88945
2305,56,0,-0.95278,0.00252,0.0000,0.0000,0,0,6,0.4839,0.8000,1.0000,0.0000,0.0010,-0.98066,-0.97518,-0.80176,0.00011,0.97572,0.98032,0.73537,0.00000,-0.01372,0.88945
2306,56,0,-0.95278,0.00252,0.0000,0.0000,0,0,6,0.4839,0.8000,1.0000,0.0000,0.0010,-0.98066,-0.97518,-0.80176,0.00011,0.97572,0.98032,0.73537,0.00000,-0.01372,0.88945
2307,56,0,-0.95278,0.00252,0.0000,0.0000,0,0,6,0.4839,0.8000,1.0000,0.0000,0.0010,-0.98066,-0.97518,-0.80176,0.00011,0.97572,0.98032,0.73537,0.00000,-0.01372,0.88945
2308,56,0,-0.95278,0.00252,0.0000,0.0000,0,0,6,0.4839,0.8000,1.0000,0.0000,0.0010,-0.98066,-0.97518,-0.80176,0.00011,0.97572,0.98032,0.73537,0.00000,-0.01372,0.88945
2309,56,0,-0.95278,0.00252,0.0000,0.0000,0,0,6,0.4839,0.8000,1.0000,0.0000,0.0010,-0.98066,-0.97518,-0.80176,0.00011,0.97572,0.98032,0.73537,0.00000,-0.01372,0.88945
2310,56,0,-0.97823,0.00113,0.0000,0.0000,0,0,6,0.4819,0.0000,0.0000,0.0000,0.0000,-0.98072,-0.97508,-0.69776,0.00000,0.97608,0.98007,0.76554,0.00000,-0.01410,1.13260
2311,56,0,-0.97823,0.00113,0.0000,0.0000,0,0,6,0.4819,0.0000,0.0000,0.0000,0.0000,-0.98072,-0.97508,-0.69776,0.00000,0.97608,0.98007,0.76554,0.00000,-0.01410,1.13260
2312,56,0,-0.97823,0.00113,0.0000,0.0000,0,0,6,0.4819,0.0000,0.0000,0.0000,0.0000,-0.98072,-0.97508,-0.69776,0.00000,0.97608,0.98007,0.76554,0.00000,-0.01410,1.13260
2313,56,0,-0.97823,0.00113,0.0000,0.0000,0,0,6,0.4819,0.0000,0.0000,0.0000,0.0000,-0.98072,-0.97508,-0.69776,0.00000,0.97608,0.98007,0.76554,0.00000,-0.01410,1.13260
2314,56,0,-0.97823,0.00113,0.0000,0.0000,0,0,6,0.4819,0.0000,0.0000,0.0000,0.0000,-0.98072,-0.97508,-0.69776,0.00000,0.97608,0.98007,0.76554,0.00000,-0.01410,1.13260
2315,56,0,-0.97823,0.00113,0.0000,0.0000,0,0,6,0.4819,0.0000,0.0000,0.0000,0.0000,-0.98072,-0.97508,-0.69776,0.00000,0.97608,0.98007,0.76554,0.00000,-0.01410,1.13260
2316,56,0,-0.48477,0.07897,0.0000,0.0000,0,0,2,0.4812,0.0000,0.0000,0.0000,0.0000,-0.97955,-0.97679,0.71200,0.06326,0.98011,0.97604,0.76864,0.00000,-0.00690,1.16117
2317,56,0,-0.48477,0.07897,0.0000,0.0000,0,0,2,0.4812,0.0000,0.0000,0.0000,0.0000,-0.97955,-0.97679,0.71200,0.06326,0.98011,0.97604,0.76864,0.00000,-0.00690,1.16117
2318,56,0,-0.48477,0.07897,0.0000,0.0000,0,0,2,0.4812,0.0000,0.0000,0.0000,0.0000,-0.97955,-0.97679,0.71200,0.06326,0.98011,0.97604,0.76864,0.00000,-0.00690,1.16117
2319,56,0,-0.48477,0.07897,0.0000,0.0000,0,0,2,0.4812,0.0000,0.0000,0.0000,0.0000,-0.97955,-0.97679,0.71200,0.06326,0.98011,0.97604,0.76864,0.00000,-0.00690,1.16117
2320,56,0,-0.48477,0.07897,0.0000,0.0000,0,0,2,0.4812,0.0000,0.0000,0.0000,0.0000,-0.97955,-0.97679,0.71200,0.06326,0.98011,0.97604,0.76864,0.00000,-0.00690,1.16117
2321,56,0,-0.48477,0.07897,0.0000,0.0000,0,0,2,0.4812,0.0000,0.0000,0.0000,0.0000,-0.97955,-0.97679,0.71200,0.06326,0.98011,0.97604,0.76864,0.00000,-0.00690,1.16117
2322,56,0,-0.66909,0.05704,0.0000,0.0000,0,0,2,0.4792,0.8000,1.0000,0.0000,0.0000,-0.98001,-0.97618,0.47734,0.05101,0.97954,0.97682,0.73939,0.00000,-0.00956,0.91855
2323,56,0,-0.66909,0.05704,0.0000,0.0000,0,0,2,0.4792,0.8000,1.0000,0.0000,0.0000,-0.98001,-0.97618,0.47734,0.05101,0.97954,0.97682,0.73939,0.00000,-0.00956,0.91855
2324,56,0,-0.66909,0.05704,0.0000,0.0000,0,0,2,0.4792,0.8000,1.0000,0.0000,0.0000,-0.98001,-0.97618,0.47734,0.05101,0.97954,0.97682,0.73939,0.00000,-0.00956,0.91855
2325,56,0,-0.66909,0.05704,0.0000,0.0000,0,0,2,0.4792,0.8000,1.0000,0.0000,0.0000,-0.98001,-0.97618,0.47734,0.05101,0.97954,0.97682,0.73939,0.00000,-0.00956,0.91855
2326,56,0,-0.66909,0.05704,0.0000,0.0000,0,0,2,0.4792,0.8000,1.0000,0.0000,0.0000,-0.98001,-0.97618,0.47734,0.05101,0.97954,0.97682,0.73939,0.00000,-0.00956,0.91855
2327,56,0,-0.66909,0.05704,0.0000,0.0000,0,0,2,0.4792,0.8000,1.0000,0.0000,0.0000,-0.98001,-0.97618,0.47734,0.05101,0.97954,0.97682,0.73939,0.00000,-0.00956,0.91855
2328,56,0,-0.62800,0.05586,1.0000,0.0000,0,1,2,0.4711,0.8000,1.0000,0.0000,0.0000,-0.97991,-0.97632,0.46113,0.04881,0.97949,0.97687,0.74137,0.00000,-0.00896,0.93325
2329,56,0,-0.62800,0.05586,1.0000,0.0000,0,1,2,0.4711,0.8000,1.0000,0.0000,0.0000,-0.97991,-0.97632,0.46113,0.04881,0.97949,0.97687,0.74137,0.00000,-0.00896,0.93325
2330,56,0,-0.62800,0.05586,1.0000,0.0000,0,1,2,0.4711,0.8000,1.0000,0.0000,0.0000,-0.97991,-0.97632,0.46113,0.04881,0.97949,0.97687,0.74137,0.00000,-0.00896,0.93325
2331,56,0,-0.62800,0.05586,1.0000,0.0000,0,1,2,0.4711,0.8000,1.0000,0.0000,0.0000,-0.97991,-0.97632,0.46113,0.04881,0.97949,0.97687,0.74137,0.00000,-0.00896,0.93325
2332,56,0,-0.62800,0.05586,1.0000,0.0000,0,1,2,0.4711,0.8000,1.0000,0.0000,0.0000,-0.97991,-0.97632,0.46113,0.04881,0.97949,0.97687,0.74137,0.00000,-0.00896,0.93325
2333,56,0,-0.62800,0.05586,1.0000,0.0000,0,1,2,0.4711,0.8000,1.0000,0.0000,0.0000,-0.97991,-0.97632,0.46113,0.04881,0.97949,0.97687,0.74137,0.00000,-0.00896,0.93325
2334,56,0,-0.96446,0.00262,1.0000,0.0000,0,1,6,0.4704,0.8000,1.0000,0.0000,0.0001,-0.98069,-0.97513,-0.80176,0.00011,0.97572,0.98032,0.73843,0.00000,-0.01389,0.91156
2335,56,0,-0.96446,0.00262,1.0000,0.0000,0,1,6,0.4704,0.8000,1.0000,0.0000,0.0001,-0.98069,-0.97513,-0.80176,0.00011,0.97572,0.98032,0.73843,0.00000,-0.01389,0.91156
2336,56,0,-0.96446,0.00262,1.0000,0.0000,0,1,6,0.4704,0.8000,1.0000,0.0000,0.0001,-0.98069,-0.97513,-0.80176,0.00011,0.97572,0.98032,0.73843,0.00000,-0.01389,0.91156
2337,56,0,-0.96446,0.00262,1.0000,0.0000,0,1,6,0.4704,0.8000,1.0000,0.0000,0.0001,-0.98069,-0.97513,-0.80176,0.00011,0.97572,0.98032,0.73843,0.00000,-0.01389,0.91156
2338,56,0,-0.96446,0.00262,1.0000,0.0000,0,1,6,0.4704,0.8000,1.0000,0.0000,0.0001,-0.98069,-0.97513,-0.80176,0.00011,0.97572,0.98032,0.73843,0.00000,-0.01389,0.91156
2339,56,0,-0.96446,0.00262,1.0000,0.0000,0,1,6,0.4704,0.8000,1.0000,0.0000,0.0001,-0.98069,-0.97513,-0.80176,0.00011,0.97572,0.98032,0.73843,0.00000,-0.01389,0.91156
2340,56,0,-0.95845,0.00269,0.0000,0.0000,0,0,6,0.4697,0.8000,1.0000,0.0000,0.0002,-0.98068,-0.97515,-0.80147,0.00011,0.97572,0.98032,0.73863,0.00000,-0.01380,0.91303
2341,56,0,-0.95845,0.00269,0.0000,0.0000,0,0,6,0.4697,0.8000,1.0000,0.0000,0.0002,-0.98068,-0.97515,-0.80147,0.00011,0.97572,0.98032,0.73863,0.00000,-0.01380,0.91303
2342,56,0,-0.95845,0.00269,0.0000,0.0000,0,0,6,0.4697,0.8000,1.0000,0.0000,0.0002,-0.98068,-0.97515,-0.80147,0.00011,0.97572,0.98032,0.73863,0.00000,-0.01380,0.91303
2343,56,0,-0.95845,0.00269,0.0000,0.0000,0,0,6,0.4697,0.8000,1.0000,0.0000,0.0002,-0.98068,-0.97515,-0.80147,0.00011,0.97572,0.98032,0.73863,0.00000,-0.01380,0.91303
2344,56,0,-0.95845,0.00269,0.0000,0.0000,0,0,6,0.4697,0.8000,1.0000,0.0000,0.0002,-0.98068,-0.97515,-0.80147,0.00011,0.97572,0.98032,0.73863,0.00000,-0.01380,0.91303
2345,56,0,-0.95845,0.00269,0.0000,0.0000,0,0,6,0.4697,0.8000,1.0000,0.0000,0.0002,-0.98068,-0.97515,-0.80147,0.00011,0.97572,0.98032,0.73863,0.00000,-0.01380,0.91303
2346,56,0,-0.95845,0.00269,0.0000,0.0000,0,0,6,0.4691,0.8000,1.0000,0.0000,0.0004,-0.98068,-0.97515,-0.80147,0.00011,0.97572,0.98032,0.73883,0.00000,-0.01380,0.91449
2347,56,0,-0.95845,0.00269,0.0000,0.0000,0,0,6,0.4691,0.8000,1.0000,0.0000,0.0004,-0.98068,-0.97515,-0.80147,0.00011,0.97572,0.98032,0.73883,0.00000,-0.01380,0.91449
2348,56,0,-0.95845,0.00269,0.0000,0.0000,0,0,6,0.4691,0.8000,1.0000,0.0000,0.0004,-0.98068,-0.97515,-0.80147,0.00011,0.97572,0.98032,0.73883,0.00000,-0.01380,0.91449
2349,56,0,-0.95845,0.00269,0.0000,0.0000,0,0,6,0.4691,0.8000,1.0000,0.0000,0.0004,-0.98068,-0.97515,-0.80147,0.00011,0.97572,0.98032,0.73883,0.00000,-0.01380,0.91449
2350,56,0,-0.95845,0.00269,0.0000,0.0000,0,0,6,0.4691,0.8000,1.0000,0.0000,0.0004,-0.98068,-0.97515,-0.80147,0.00011,0.97572,0.98032,0.73883,0.00000,-0.01380,0.91449
2351,56,0,-0.95845,0.00269,0.0000,0.0000,0,0,6,0.4691,0.8000,1.0000,0.0000,0.0004,-0.98068,-0.97515,-0.80147,0.00011,0.97572,0.98032,0.73883,0.00000,-0.01380,0.91449
2352,56,0,-0.95216,0.00275,0.0000,0.0000,0,0,6,0.4684,0.8000,1.0000,0.0000,0.0007,-0.98066,-0.97518,-0.80162,0.00011,0.97572,0.98032,0.73906,0.00000,-0.01371,0.91612
2353,56,0,-0.95216,0.00275,0.0000,0.0000,0,0,6,0.4684,0.8000,1.0000,0.0000,0.0007,-0.98066,-0.97518,-0.80162,0.00011,0.97572,0.98032,0.73906,0.00000,-0.01371,0.91612
2354,56,0,-0.95216,0.00275,0.0000,0.0000,0,0,6,0.4684,0.8000,1.0000,0.0000,0.0007,-0.98066,-0.97518,-0.80162,0.00011,0.97572,0.98032,0.73906,0.00000,-0.01371,0.91612
2355,56,0,-0.95216,0.00275,0.0000,0.0000,0,0,6,0.4684,0.8000,1.0000,0.0000,0.0007,-0.98066,-0.97518,-0.80162,0.00011,0.97572,0.98032,0.73906,0.00000,-0.01371,0.91612
2356,56,0,-0.95216,0.00275,0.0000,0.0000,0,0,6,0.4684,0.8000,1.0000,0.0000,0.0007,-0.98066,-0.97518,-0.80162,0.00011,0.97572,0.98032,0.73906,0.00000,-0.01371,0.91612
2357,56,0,-0.95216,0.00275,0.0000,0.0000,0,0,6,0.4684,0.8000,1.0000,0.0000,0.0007,-0.98066,-0.97518,-0.80162,0.00011,0.97572,0.98032,0.73906,0.00000,-0.01371,0.91612
2358,56,0,-0.95216,0.00275,0.0000,0.0000,0,0,6,0.4677,0.8000,1.0000,0.0000,0.0010,-0.98066,-0.97518,-0.80162,0.00011,0.97572,0.98032,0.73928,0.00000,-0.01371,0.91774
2359,56,0,-0.95216,0.00275,0.0000,0.0000,0,0,6,0.4677,0.8000,1.0000,0.0000,0.0010,-0.98066,-0.97518,-0.80162,0.00011,0.97572,0.98032,0.73928,0.00000,-0.01371,0.91774
2360,56,0,-0.95216,0.00275,0.0000,0.0000,0,0,6,0.4677,0.8000,1.0000,0.0000,0.0010,-0.98066,-0.97518,-0.80162,0.00011,0.97572,0.98032,0.73928,0.00000,-0.01371,0.91774
2361,56,0,-0.95216,0.00275,0.0000,0.0000,0,0,6,0.4677,0.8000,1.0000,0.0000,0.0010,-0.98066,-0.97518,-0.80162,0.00011,0.97572,0.98032,0.73928,0.00000,-0.01371,0.91774
2362,56,0,-0.95216,0.00275,0.0000,0.0000,0,0,6,0.4677,0.8000,1.0000,0.0000,0.0010,-0.98066,-0.97518,-0.80162,0.00011,0.97572,0.98032,0.73928,0.00000,-0.01371,0.91774
2363,56,0,-0.95216,0.00275,0.0000,0.0000,0,0,6,0.4677,0.8000,1.0000,0.0000,0.0010,-0.98066,-0.97518,-0.80162,0.00011,0.97572,0.98032,0.73928,0.00000,-0.01371,0.91774
2364,56,0,-0.97365,0.00127,0.0000,0.0000,0,0,6,0.4657,0.0000,0.0000,0.0000,0.0000,-0.98071,-0.97510,-0.69776,0.00000,0.97608,0.98007,0.76862,0.00000,-0.01403,1.16094
2365,56,0,-0.97365,0.00127,0.0000,0.0000,0,0,6,0.4657,0.0000,0.0000,0.0000,0.0000,-0.98071,-0.97510,-0.69776,0.00000,0.97608,0.98007,0.76862,0.00000,-0.01403,1.16094
2366,56,0,-0.97365,0.00127,0.0000,0.0000,0,0,6,0.4657,0.0000,0.0000,0.0000,0.0000,-0.98071,-0.97510,-0.69776,0.00000,0.97608,0.98007,0.76862,0.00000,-0.01403,1.16094
2367,56,0,-0.97365,0.00127,0.0000,0.0000,0,0,6,0.4657,0.0000,0.0000,0.0000,0.0000,-0.98071,-0.97510,-0.69776,0.00000,0.97608,0.98007,0.76862,0.00000,-0.01403,1.16094
2368,56,0,-0.97365,0.00127,0.0000,0.0000,0,0,6,0.4657,0.0000,0.0000,0.0000,0.0000,-0.98071,-0.97510,-0.69776,0.00000,0.97608,0.98007,0.76862,0.00000,-0.01403,1.16094
2369,56,0,-0.97365,0.00127,0.0000,0.0000,0,0,6,0.4657,0.0000,0.0000,0.0000,0.0000,-0.98071,-0.97510,-0.69776,0.00000,0.97608,0.98007,0.76862,0.00000,-0.01403,1.16094
2370,56,0,-0.49186,0.08019,0.0000,0.0000,0,0,2,0.4651,0.0000,0.0000,0.0000,0.0000,-0.97957,-0.97677,0.72191,0.06598,0.98013,0.97600,0.77164,0.00000,-0.00700,1.18949
2371,56,0,-0.49186,0.08019,0.0000,0.0000,0,0,2,0.4651,0.0000,0.0000,0.0000,0.0000,-0.97957,-0.97677,0.72191,0.06598,0.98013,0.97600,0.77164,0.00000,-0.00700,1.18949
2372,56,0,-0.49186,0.08019,0.0000,0.0000,0,0,2,0.4651,0.0000,0.0000,0.0000,0.0000,-0.97957,-0.97677,0.72191,0.06598,0.98013,0.97600,0.77164,0.00000,-0.00700,1.18949
2373,56,0,-0.49186,0.08019,0.0000,0.0000,0,0,2,0.4651,0.0000,0.0000,0.0000,0.0000,-0.97957,-0.97677,0.72191,0.06598,0.98013,0.97600,0.77164,0.00000,-0.00700,1.18949
2374,56,0,-0.49186,0.08019,0.0000,0.0000,0,0,2,0.4651,0.0000,0.0000,0.0000,0.0000,-0.97957,-0.97677,0.72191,0.06598,0.98013,0.97600,0.77164,0.00000,-0.00700,1.18949
2375,56,0,-0.49186,0.08019,0.0000,0.0000,0,0,2,0.4651,0.0000,0.0000,0.0000,0.0000,-0.97957,-0.97677,0.72191,0.06598,0.98013,0.97600,0.77164,0.00000,-0.00700,1.18949
2376,56,0,-0.40075,0.08518,0.0000,0.0000,0,0,2,0.4644,0.0000,0.0000,0.0000,0.0001,-0.97934,-0.97706,0.71200,0.06326,0.98011,0.97604,0.77189,0.00000,-0.00570,1.19194
2377,56,0,-0.40075,0.08518,0.0000,0.0000,0,0,2,0.4644,0.0000,0.0000,0.0000,0.0001,-0.97934,-0.97706,0.71200,0.06326,0.98011,0.97604,0.77189,0.00000,-0.00570,1.19194
2378,56,0,-0.40075,0.08518,0.0000,0.0000,0,0,2,0.4644,0.0000,0.0000,0.0000,0.0001,-0.97934,-0.97706,0.71200,0.06326,0.98011,0.97604,0.77189,0.00000,-0.00570,1.19194
2379,56,0,-0.40075,0.08518,0.0000,0.0000,0,0,2,0.4644,0.0000,0.0000,0.0000,0.0001,-0.97934,-0.97706,0.71200,0.06326,0.98011,0.97604,0.77189,0.00000,-0.00570,1.19194
2380,56,0,-0.40075,0.08518,0.0000,0.0000,0,0,2,0.4644,0.0000,0.0000,0.0000,0.0001,-0.97934,-0.97706,0.71200,0.06326,0.98011,0.97604,0.77189,0.00000,-0.00570,1.19194
2381,56,0,-0.40075,0.08518,0.0000,0.0000,0,0,2,0.4644,0.0000,0.0000,0.0000,0.0001,-0.97934,-0.97706,0.71200,0.06326,0.98011,0.97604,0.77189,0.00000,-0.00570,1.19194
2382,56,0,-0.62485,0.06357,0.0000,0.0000,0,0,2,0.4624,0.8000,1.0000,0.0000,0.0000,-0.97990,-0.97633,0.47734,0.05101,0.97954,0.97682,0.74341,0.00000,-0.00892,0.94864
2383,56,0,-0.62485,0.06357,0.0000,0.0000,0,0,2,0.4624,0.8000,1.0000,0.0000,0.0000,-0.97990,-0.97633,0.47734,0.05101,0.97954,0.97682,0.74341,0.00000,-0.00892,0.94864
2384,56,0,-0.62485,0.06357,0.0000,0.0000,0,0,2,0.4624,0.8000,1.0000,0.0000,0.0000,-0.97990,-0.97633,0.47734,0.05101,0.97954,0.97682,0.74341,0.00000,-0.00892,0.94864
2385,56,0,-0.62485,0.06357,0.0000,0.0000,0,0,2,0.4624,0.8000,1.0000,0.0000,0.0000,-0.97990,-0.97633,0.47734,0.05101,0.97954,0.97682,0.74341,0.00000,-0.00892,0.94864
2386,56,0,-0.62485,0.06357,0.0000,0.0000,0,0,2,0.4624,0.8000,1.0000,0.0000,0.0000,-0.97990,-0.97633,0.47734,0.05101,0.97954,0.97682,0.74341,0.00000,-0.00892,0.94864
2387,56,0,-0.62485,0.06357,0.0000,0.0000,0,0,2,0.4624,0.8000,1.0000,0.0000,0.0000,-0.97990,-0.97633,0.47734,0.05101,0.97954,0.97682,0.74341,0.00000,-0.00892,0.94864
2388,56,0,-0.65828,0.04230,1.0000,0.0000,0,1,2,0.4523,0.8000,1.0000,0.0000,0.0000,-0.97998,-0.97622,0.00000,0.03035,0.97826,0.97826,0.74477,0.00000,-0.00940,0.95905
2389,56,0,-0.65828,0.04230,1.0000,0.0000,0,1,2,0.4523,0.8000,1.0000,0.0000,0.0000,-0.97998,-0.97622,0.00000,0.03035,0.97826,0.97826,0.74477,0.00000,-0.00940,0.95905
2390,56,0,-0.65828,0.04230,1.0000,0.0000,0,1,2,0.4523,0.8000,1.0000,0.0000,0.0000,-0.97998,-0.97622,0.00000,0.03035,0.97826,0.97826,0.74477,0.00000,-0.00940,0.95905
2391,56,0,-0.65828,0.04230,1.0000,0.0000,0,1,2,0.4523,0.8000,1.0000,0.0000,0.0000,-0.97998,-0.97622,0.00000,0.03035,0.97826,0.97826,0.74477,0.00000,-0.00940,0.95905
2392,56,0,-0.65828,0.04230,1.0000,0.0000,0,1,2,0.4523,0.8000,1.0000,0.0000,0.0000,-0.97998,-0.97622,0.00000,0.03035,0.97826,0.97826,0.74477,0.00000,-0.00940,0.95905
2393,56,0,-0.65828,0.04230,1.0000,0.0000,0,1,2,0.4523,0.8000,1.0000,0.0000,0.0000,-0.97998,-0.97622,0.00000,0.03035,0.97826,0.97826,0.74477,0.00000,-0.00940,0.95905
2394,56,0,-0.65828,0.04230,1.0000,0.0000,0,1,2,0.4516,0.8000,1.0000,0.0000,0.0000,-0.97998,-0.97622,0.00000,0.03035,0.97826,0.97826,0.74493,0.00000,-0.00940,0.96026
2395,56,0,-0.65828,0.04230,1.0000,0.0000,0,1,2,0.4516,0.8000,1.0000,0.0000,0.0000,-0.97998,-0.97622,0.00000,0.03035,0.97826,0.97826,0.74493,0.00000,-0.00940,0.96026
2396,56,0,-0.65828,0.04230,1.0000,0.0000,0,1,2,0.4516,0.8000,1.0000,0.0000,0.0000,-0.97998,-0.97622,0.00000,0.03035,0.97826,0.97826,0.74493,0.00000,-0.00940,0.96026
2397,56,0,-0.65828,0.04230,1.0000,0.0000,0,1,2,0.4516,0.8000,1.0000,0.0000,0.0000,-0.97998,-0.97622,0.00000,0.03035,0.97826,0.97826,0.74493,0.00000,-0.00940,0.96026
2398,56,0,-0.65828,0.04230,1.0000,0.0000,0,1,2,0.4516,0.8000,1.0000,0.0000,0.0000,-0.97998,-0.97622,0.00000,0.03035,0.97826,0.97826,0.74493,0.00000,-0.00940,0.96026
2399,56,0,-0.65828,0.04230,1.0000,0.0000,0,1,2,0.4516,0.8000,1.0000,0.0000,0.0000,-0.97998,-0.97622,0.00000,0.03035,0.97826,0.97826,0.74493,0.00000,-0.00940,0.96026
2400,56,0,-0.61926,0.04274,0.0000,0.0000,0,0,2,0.4510,0.8000,1.0000,0.0000,0.0001,-0.97989,-0.97635,0.00000,0.03096,0.97826,0.97826,0.74517,0.00000,-0.00884,0.96212
2401,56,0,-0.61926,0.04274,0.0000,0.0000,0,0,2,0.4510,0.8000,1.0000,0.0000,0.0001,-0.97989,-0.97635,0.00000,0.03096,0.97826,0.97826,0.74517,0.00000,-0.00884,0.96212
2402,56,0,-0.61926,0.04274,0.0000,0.0000,0,0,2,0.4510,0.8000,1.0000,0.0000,0.0001,-0.97989,-0.97635,0.00000,0.03096,0.97826,0.97826,0.74517,0.00000,-0.00884,0.96212
2403,56,0,-0.61926,0.04274,0.0000,0.0000,0,0,2,0.4510,0.8000,1.0000,0.0000,0.0001,-0.97989,-0.97635,0.00000,0.03096,0.97826,0.97826,0.74517,0.00000,-0.00884,0.96212
2404,56,0,-0.61926,0.04274,0.0000,0.0000,0,0,2,0.4510,0.8000,1.0000,0.0000,0.0001,-0.97989,-0.97635,0.00000,0.03096,0.97826,0.97826,0.74517,0.00000,-0.00884,0.96212
2405,56,0,-0.61926,0.04274,0.0000,0.0000,0,0,2,0.4510,0.8000,1.0000,0.0000,0.0001,-0.97989,-0.97635,0.00000,0.03096,0.97826,0.97826,0.74517,0.00000,-0.00884,0.96212
2406,56,0,-0.81439,0.02318,1.0000,0.0000,0,1,2,0.4409,0.8000,1.0000,0.0000,0.0000,-0.98035,-0.97568,-0.53155,0.01674,0.97664,0.97967,0.80418,0.00000,-0.01168,1.55338
2407,56,0,-0.81439,0.02318,1.0000,0.0000,0,1,2,0.4409,0.8000,1.0000,0.0000,0.0000,-0.98035,-0.97568,-0.53155,0.01674,0.97664,0.97967,0.80418,0.00000,-0.01168,1.55338
2408,56,0,-0.81439,0.02318,1.0000,0.0000,0,1,2,0.4409,0.8000,1.0000,0.0000,0.0000,-0.98035,-0.97568,-0.53155,0.01674,0.97664,0.97967,0.80418,0.00000,-0.01168,1.55338
2409,56,0,-0.81439,0.02318,1.0000,0.0000,0,1,2,0.4409,0.8000,1.0000,0.0000,0.0000,-0.98035,-0.97568,-0.53155,0.01674,0.97664,0.97967,0.80418,0.00000,-0.01168,1.55338
2410,56,0,-0.81439,0.02318,1.0000,0.0000,0,1,2,0.4409,0.8000,1.0000,0.0000,0.0000,-0.98035,-0.97568,-0.53155,0.01674,0.97664,0.97967,0.80418,0.00000,-0.01168,1.55338
2411,56,0,-0.81439,0.02318,1.0000,0.0000,0,1,2,0.4409,0.8000,1.0000,0.0000,0.0000,-0.98035,-0.97568,-0.53155,0.01674,0.97664,0.97967,0.80418,0.00000,-0.01168,1.55338
2412,56,0,-0.86337,0.01389,1.0000,0.0000,0,1,6,0.4402,0.8000,1.0000,0.0000,0.0000,-0.98046,-0.97550,-0.89870,0.00114,0.97537,0.98054,0.80387,0.00000,-0.01240,1.54937
2413,56,0,-0.86337,0.01389,1.0000,0.0000,0,1,6,0.4402,0.8000,1.0000,0.0000,0.0000,-0.98046,-0.97550,-0.89870,0.00114,0.97537,0.98054,0.80387,0.00000,-0.01240,1.54937
2414,56,0,-0.86337,0.01389,1.0000,0.0000,0,1,6,0.4402,0.8000,1.0000,0.0000,0.0000,-0.98046,-0.97550,-0.89870,0.00114,0.97537,0.98054,0.80387,0.00000,-0.01240,1.54937
2415,56,0,-0.86337,0.01389,1.0000,0.0000,0,1,6,0.4402,0.8000,1.0000,0.0000,0.0000,-0.98046,-0.97550,-0.89870,0.00114,0.97537,0.98054,0.80387,0.00000,-0.01240,1.54937
2416,56,0,-0.86337,0.01389,1.0000,0.0000,0,1,6,0.4402,0.8000,1.0000,0.0000,0.0000,-0.98046,-0.97550,-0.89870,0.00114,0.97537,0.98054,0.80387,0.00000,-0.01240,1.54937
2417,56,0,-0.86337,0.01389,1.0000,0.0000,0,1,6,0.4402,0.8000,1.0000,0.0000,0.0000,-0.98046,-0.97550,-0.89870,0.00114,0.97537,0.98054,0.80387,0.00000,-0.01240,1.54937
2418,56,0,-0.94692,0.00647,1.0000,0.0000,0,1,6,0.4376,0.8000,1.0000,0.0000,0.0000,-0.98065,-0.97520,-0.86260,0.00049,0.97550,0.98046,0.80436,0.00000,-0.01363,1.55565
2419,56,0,-0.94692,0.00647,1.0000,0.0000,0,1,6,0.4376,0.8000,1.0000,0.0000,0.0000,-0.98065,-0.97520,-0.86260,0.00049,0.97550,0.98046,0.80436,0.00000,-0.01363,1.55565
2420,56,0,-0.94692,0.00647,1.0000,0.0000,0,1,6,0.4376,0.8000,1.0000,0.0000,0.0000,-0.98065,-0.97520,-0.86260,0.00049,0.97550,0.98046,0.80436,0.00000,-0.01363,1.55565
2421,56,0,-0.94692,0.00647,1.0000,0.0000,0,1,6,0.4376,0.8000,1.0000,0.0000,0.0000,-0.98065,-0.97520,-0.86260,0.00049,0.97550,0.98046,0.80436,0.00000,-0.01363,1.55565
2422,56,0,-0.94692,0.00647,1.0000,0.0000,0,1,6,0.4376,0.8000,1.0000,0.0000,0.0000,-0.98065,-0.97520,-0.86260,0.00049,0.97550,0.98046,0.80436,0.00000,-0.01363,1.55565
2423,56,0,-0.94692,0.00647,1.0000,0.0000,0,1,6,0.4376,0.8000,1.0000,0.0000,0.0000,-0.98065,-0.97520,-0.86260,0.00049,0.97550,0.98046,0.80436,0.00000,-0.01363,1.55565
2424,56,0,-0.96381,0.00308,1.0000,0.0000,0,1,6,0.4350,0.8000,1.0000,0.0000,0.0000,-0.98069,-0.97513,-0.80176,0.00011,0.97572,0.98032,0.74663,0.00000,-0.01388,0.97343
2425,56,0,-0.96381,0.00308,1.0000,0.0000,0,1,6,0.4350,0.8000,1.0000,0.0000,0.0000,-0.98069,-0.97513,-0.80176,0.00011,0.97572,0.98032,0.74663,0.00000,-0.01388,0.97343
2426,56,0,-0.96381,0.00308,1.0000,0.0000,0,1,6,0.4350,0.8000,1.0000,0.0000,0.0000,-0.98069,-0.97513,-0.80176,0.00011,0.97572,0.98032,0.74663,0.00000,-0.01388,0.97343
2427,56,0,-0.96381,0.00308,1.0000,0.0000,0,1,6,0.4350,0.8000,1.0000,0.0000,0.0000,-0.98069,-0.97513,-0.80176,0.00011,0.97572,0.98032,0.74663,0.00000,-0.01388,0.97343
2428,56,0,-0.96381,0.00308,1.0000,0.0000,0,1,6,0.4350,0.8000,1.0000,0.0000,0.0000,-0.98069,-0.97513,-0.80176,0.00011,0.97572,0.98032,0.74663,0.00000,-0.01388,0.97343
2429,56,0,-0.96381,0.00308,1.0000,0.0000,0,1,6,0.4350,0.8000,1.0000,0.0000,0.0000,-0.98069,-0.97513,-0.80176,0.00011,0.97572,0.98032,0.74663,0.00000,-0.01388,0.97343
2430,56,0,-0.97508,0.00142,1.0000,0.0000,0,1,6,0.4324,0.0000,0.0000,0.0000,0.0000,-0.98071,-0.97509,-0.69776,0.00000,0.97608,0.98007,0.77471,0.00000,-0.01405,1.21935
2431,56,0,-0.97508,0.00142,1.0000,0.0000,0,1,6,0.4324,0.0000,0.0000,0.0000,0.0000,-0.98071,-0.97509,-0.69776,0.00000,0.97608,0.98007,0.77471,0.00000,-0.01405,1.21935
2432,56,0,-0.97508,0.00142,1.0000,0.0000,0,1,6,0.4324,0.0000,0.0000,0.0000,0.0000,-0.98071,-0.97509,-0.69776,0.00000,0.97608,0.98007,0.77471,0.00000,-0.01405,1.21935
2433,56,0,-0.97508,0.00142,1.0000,0.0000,0,1,6,0.4324,0.0000,0.0000,0.0000,0.0000,-0.98071,-0.97509,-0.69776,0.00000,0.97608,0.98007,0.77471,0.00000,-0.01405,1.21935
2434,56,0,-0.97508,0.00142,1.0000,0.0000,0,1,6,0.4324,0.0000,0.0000,0.0000,0.0000,-0.98071,-0.97509,-0.69776,0.00000,0.97608,0.98007,0.77471,0.00000,-0.01405,1.21935
2435,56,0,-0.97508,0.00142,1.0000,0.0000,0,1,6,0.4324,0.0000,0.0000,0.0000,0.0000,-0.98071,-0.97509,-0.69776,0.00000,0.97608,0.98007,0.77471,0.00000,-0.01405,1.21935
2436,56,0,-0.97030,0.00145,1.0000,0.0000,0,1,6,0.4317,0.0000,0.0000,0.0000,0.0000,-0.98070,-0.97511,-0.69776,0.00000,0.97608,0.98007,0.77484,0.00000,-0.01398,1.22063
2437,56,0,-0.97030,0.00145,1.0000,0.0000,0,1,6,0.4317,0.0000,0.0000,0.0000,0.0000,-0.98070,-0.97511,-0.69776,0.00000,0.97608,0.98007,0.77484,0.00000,-0.01398,1.22063
2438,56,0,-0.97030,0.00145,1.0000,0.0000,0,1,6,0.4317,0.0000,0.0000,0.0000,0.0000,-0.98070,-0.97511,-0.69776,0.00000,0.97608,0.98007,0.77484,0.00000,-0.01398,1.22063
2439,56,0,-0.97030,0.00145,1.0000,0.0000,0,1,6,0.4317,0.0000,0.0000,0.0000,0.0000,-0.98070,-0.97511,-0.69776,0.00000,0.97608,0.98007,0.77484,0.00000,-0.01398,1.22063
2440,56,0,-0.97030,0.00145,1.0000,0.0000,0,1,6,0.4317,0.0000,0.0000,0.0000,0.0000,-0.98070,-0.97511,-0.69776,0.00000,0.97608,0.98007,0.77484,0.00000,-0.01398,1.22063
2441,56,0,-0.97030,0.00145,1.0000,0.0000,0,1,6,0.4317,0.0000,0.0000,0.0000,0.0000,-0.98070,-0.97511,-0.69776,0.00000,0.97608,0.98007,0.77484,0.00000,-0.01398,1.22063
2442,56,0,-0.34390,0.10825,1.0000,0.0000,0,1,2,0.4310,0.0000,0.0000,0.0000,0.0001,-0.97919,-0.97724,0.71205,0.06328,0.98011,0.97604,0.77789,0.00000,-0.00489,1.25118
2443,56,0,-0.34390,0.10825,1.0000,0.0000,0,1,2,0.4310,0.0000,0.0000,0.0000,0.0001,-0.97919,-0.97724,0.71205,0.06328,0.98011,0.97604,0.77789,0.00000,-0.00489,1.25118
2444,56,0,-0.34390,0.10825,1.0000,0.0000,0,1,2,0.4310,0.0000,0.0000,0.0000,0.0001,-0.97919,-0.97724,0.71205,0.06328,0.98011,0.97604,0.77789,0.00000,-0.00489,1.25118
2445,56,0,-0.34390,0.10825,1.0000,0.0000,0,1,2,0.4310,0.0000,0.0000,0.0000,0.0001,-0.97919,-0.97724,0.71205,0.06328,0.98011,0.97604,0.77789,0.00000,-0.00489,1.25118
2446,56,0,-0.34390,0.10825,1.0000,0.0000,0,1,2,0.4310,0.0000,0.0000,0.0000,0.0001,-0.97919,-0.97724,0.71205,0.06328,0.98011,0.97604,0.77789,0.00000,-0.00489,1.25118
2447,56,0,-0.34390,0.10825,1.0000,0.0000,0,1,2,0.4310,0.0000,0.0000,0.0000,0.0001,-0.97919,-0.97724,0.71205,0.06328,0.98011,0.97604,0.77789,0.00000,-0.00489,1.25118
2448,56,0,-0.60233,0.07399,1.0000,0.0000,0,1,2,0.4284,0.8000,1.0000,0.0000,0.0000,-0.97984,-0.97641,0.46125,0.04883,0.97949,0.97687,0.75103,0.00000,-0.00859,1.00826
2449,56,0,-0.60233,0.07399,1.0000,0.0000,0,1,2,0.4284,0.8000,1.0000,0.0000,0.0000,-0.97984,-0.97641,0.46125,0.04883,0.97949,0.97687,0.75103,0.00000,-0.00859,1.00826
2450,56,0,-0.60233,0.07399,1.0000,0.0000,0,1,2,0.4284,0.8000,1.0000,0.0000,0.0000,-0.97984,-0.97641,0.46125,0.04883,0.97949,0.97687,0.75103,0.00000,-0.00859,1.00826
2451,56,0,-0.60233,0.07399,1.0000,0.0000,0,1,2,0.4284,0.8000,1.0000,0.0000,0.0000,-0.97984,-0.97641,0.46125,0.04883,0.97949,0.97687,0.75103,0.00000,-0.00859,1.00826
2452,56,0,-0.60233,0.07399,1.0000,0.0000,0,1,2,0.4284,0.8000,1.0000,0.0000,0.0000,-0.97984,-0.97641,0.46125,0.04883,0.97949,0.97687,0.75103,0.00000,-0.00859,1.00826
2453,56,0,-0.60233,0.07399,1.0000,0.0000,0,1,2,0.4284,0.8000,1.0000,0.0000,0.0000,-0.97984,-0.97641,0.46125,0.04883,0.97949,0.97687,0.75103,0.00000,-0.00859,1.00826
2454,56,0,-0.60233,0.07399,1.0000,0.0000,0,1,2,0.4277,0.8000,1.0000,0.0000,0.0000,-0.97984,-0.97641,0.46125,0.04883,0.97949,0.97687,0.75118,0.00000,-0.00859,1.00947
2455,56,0,-0.60233,0.07399,1.0000,0.0000,0,1,2,0.4277,0.8000,1.0000,0.0000,0.0000,-0.97984,-0.97641,0.46125,0.04883,0.97949,0.97687,0.75118,0.00000,-0.00859,1.00947
2456,56,0,-0.60233,0.07399,1.0000,0.0000,0,1,2,0.4277,0.8000,1.0000,0.0000,0.0000,-0.97984,-0.97641,0.46125,0.04883,0.97949,0.97687,0.75118,0.00000,-0.00859,1.00947
2457,56,0,-0.60233,0.07399,1.0000,0.0000,0,1,2,0.4277,0.8000,1.0000,0.0000,0.0000,-0.97984,-0.97641,0.46125,0.04883,0.97949,0.97687,0.75118,0.00000,-0.00859,1.00947
2458,56,0,-0.60233,0.07399,1.0000,0.0000,0,1,2,0.4277,0.8000,1.0000,0.0000,0.0000,-0.97984,-0.97641,0.46125,0.04883,0.97949,0.97687,0.75118,0.00000,-0.00859,1.00947
2459,56,0,-0.60233,0.07399,1.0000,0.0000,0,1,2,0.4277,0.8000,1.0000,0.0000,0.0000,-0.97984,-0.97641,0.46125,0.04883,0.97949,0.97687,0.75118,0.00000,-0.00859,1.00947
2460,56,0,-0.96088,0.00327,0.0000,0.0000,0,0,6,0.4271,0.8000,1.0000,0.0000,0.0001,-0.98068,-0.97515,-0.80147,0.00011,0.97572,0.98032,0.74842,0.00000,-0.01384,0.98746
2461,56,0,-0.96088,0.00327,0.0000,0.0000,0,0,6,0.4271,0.8000,1.0000,0.0000,0.0001,-0.98068,-0.97515,-0.80147,0.00011,0.97572,0.98032,0.74842,0.00000,-0.01384,0.98746
2462,56,0,-0.96088,0.00327,0.0000,0.0000,0,0,6,0.4271,0.8000,1.0000,0.0000,0.0001,-0.98068,-0.97515,-0.80147,0.00011,0.97572,0.98032,0.74842,0.00000,-0.01384,0.98746
2463,56,0,-0.96088,0.00327,0.0000,0.0000,0,0,6,0.4271,0.8000,1.0000,0.0000,0.0001,-0.98068,-0.97515,-0.80147,0.00011,0.97572,0.98032,0.74842,0.00000,-0.01384,0.98746
2464,56,0,-0.96088,0.00327,0.0000,0.0000,0,0,6,0.4271,0.8000,1.0000,0.0000,0.0001,-0.98068,-0.97515,-0.80147,0.00011,0.97572,0.98032,0.74842,0.00000,-0.01384,0.98746
2465,56,0,-0.96088,0.00327,0.0000,0.0000,0,0,6,0.4271,0.8000,1.0000,0.0000,0.0001,-0.98068,-0.97515,-0.80147,0.00011,0.97572,0.98032,0.74842,0.00000,-0.01384,0.98746
2466,56,0,-0.96088,0.00327,0.0000,0.0000,0,0,6,0.4264,0.8000,1.0000,0.0000,0.0002,-0.98068,-0.97515,-0.80147,0.00011,0.97572,0.98032,0.74860,0.00000,-0.01384,0.98884
2467,56,0,-0.96088,0.00327,0.0000,0.0000,0,0,6,0.4264,0.8000,1.0000,0.0000,0.0002,-0.98068,-0.97515,-0.80147,0.00011,0.97572,0.98032,0.74860,0.00000,-0.01384,0.98884
2468,56,0,-0.96088,0.00327,0.0000,0.0000,0,0,6,0.4264,0.8000,1.0000,0.0000,0.0002,-0.98068,-0.97515,-0.80147,0.00011,0.97572,0.98032,0.74860,0.00000,-0.01384,0.98884
2469,56,0,-0.96088,0.00327,0.0000,0.0000,0,0,6,0.4264,0.8000,1.0000,0.0000,0.0002,-0.98068,-0.97515,-0.80147,0.00011,0.97572,0.98032,0.74860,0.00000,-0.01384,0.98884
2470,56,0,-0.96088,0.00327,0.0000,0.0000,0,0,6,0.4264,0.8000,1.0000,0.0000,0.0002,-0.98068,-0.97515,-0.80147,0.00011,0.97572,0.98032,0.74860,0.00000,-0.01384,0.98884
2471,56,0,-0.96088,0.00327,0.0000,0.0000,0,0,6,0.4264,0.8000,1.0000,0.0000,0.0002,-0.98068,-0.97515,-0.80147,0.00011,0.97572,0.98032,0.74860,0.00000,-0.01384,0.98884
2472,56,0,-0.95456,0.00333,0.0000,0.0000,0,0,6,0.4257,0.8000,1.0000,0.0000,0.0004,-0.98067,-0.97517,-0.80162,0.00011,0.97572,0.98032,0.74879,0.00000,-0.01375,0.99039
2473,56,0,-0.95456,0.00333,0.0000,0.0000,0,0,6,0.4257,0.8000,1.0000,0.0000,0.0004,-0.98067,-0.97517,-0.80162,0.00011,0.97572,0.98032,0.74879,0.00000,-0.01375,0.99039
2474,56,0,-0.95456,0.00333,0.0000,0.0000,0,0,6,0.4257,0.8000,1.0000,0.0000,0.0004,-0.98067,-0.97517,-0.80162,0.00011,0.97572,0.98032,0.74879,0.00000,-0.01375,0.99039
2475,56,0,-0.95456,0.00333,0.0000,0.0000,0,0,6,0.4257,0.8000,1.0000,0.0000,0.0004,-0.98067,-0.97517,-0.80162,0.00011,0.97572,0.98032,0.74879,0.00000,-0.01375,0.99039
2476,56,0,-0.95456,0.00333,0.0000,0.0000,0,0,6,0.4257,0.8000,1.0000,0.0000,0.0004,-0.98067,-0.97517,-0.80162,0.00011,0.97572,0.98032,0.74879,0.00000,-0.01375,0.99039
2477,56,0,-0.95456,0.00333,0.0000,0.0000,0,0,6,0.4257,0.8000,1.0000,0.0000,0.0004,-0.98067,-0.97517,-0.80162,0.00011,0.97572,0.98032,0.74879,0.00000,-0.01375,0.99039
2478,56,0,-0.97647,0.00151,0.0000,0.0000,0,0,6,0.4237,0.0000,0.0000,0.0000,0.0000,-0.98072,-0.97509,-0.69776,0.00000,0.97608,0.98007,0.77623,0.00000,-0.01407,1.23440
2479,56,0,-0.97647,0.00151,0.0000,0.0000,0,0,6,0.4237,0.0000,0.0000,0.0000,0.0000,-0.98072,-0.97509,-0.69776,0.00000,0.97608,0.98007,0.77623,0.00000,-0.01407,1.23440
2480,56,0,-0.97647,0.00151,0.0000,0.0000,0,0,6,0.4237,0.0000,0.0000,0.0000,0.0000,-0.98072,-0.97509,-0.69776,0.00000,0.97608,0.98007,0.77623,0.00000,-0.01407,1.23440
2481,56,0,-0.97647,0.00151,0.0000,0.0000,0,0,6,0.4237,0.0000,0.0000,0.0000,0.0000,-0.98072,-0.97509,-0.69776,0.00000,0.97608,0.98007,0.77623,0.00000,-0.01407,1.23440
2482,56,0,-0.97647,0.00151,0.0000,0.0000,0,0,6,0.4237,0.0000,0.0000,0.0000,0.0000,-0.98072,-0.97509,-0.69776,0.00000,0.97608,0.98007,0.77623,0.00000,-0.01407,1.23440
2483,56,0,-0.97647,0.00151,0.0000,0.0000,0,0,6,0.4237,0.0000,0.0000,0.0000,0.0000,-0.98072,-0.97509,-0.69776,0.00000,0.97608,0.98007,0.77623,0.00000,-0.01407,1.23440
2484,56,0,-0.97165,0.00154,1.0000,0.0000,0,1,6,0.4156,0.0000,0.0000,0.0000,0.0000,-0.98071,-0.97511,-0.69776,0.00000,0.97608,0.98007,0.77766,0.00000,-0.01400,1.24881
2485,56,0,-0.97165,0.00154,1.0000,0.0000,0,1,6,0.4156,0.0000,0.0000,0.0000,0.0000,-0.98071,-0.97511,-0.69776,0.00000,0.97608,0.98007,0.77766,0.00000,-0.01400,1.24881
2486,56,0,-0.97165,0.00154,1.0000,0.0000,0,1,6,0.4156,0.0000,0.0000,0.0000,0.0000,-0.98071,-0.97511,-0.69776,0.00000,0.97608,0.98007,0.77766,0.00000,-0.01400,1.24881
2487,56,0,-0.97165,0.00154,1.0000,0.0000,0,1,6,0.4156,0.0000,0.0000,0.0000,0.0000,-0.98071,-0.97511,-0.69776,0.00000,0.97608,0.98007,0.77766,0.00000,-0.01400,1.24881
2488,56,0,-0.97165,0.00154,1.0000,0.0000,0,1,6,0.4156,0.0000,0.0000,0.0000,0.0000,-0.98071,-0.97511,-0.69776,0.00000,0.97608,0.98007,0.77766,0.00000,-0.01400,1.24881
2489,56,0,-0.97165,0.00154,1.0000,0.0000,0,1,6,0.4156,0.0000,0.0000,0.0000,0.0000,-0.98071,-0.97511,-0.69776,0.00000,0.97608,0.98007,0.77766,0.00000,-0.01400,1.24881
2490,56,0,-0.97165,0.00154,1.0000,0.0000,0,1,6,0.4149,0.0000,0.0000,0.0000,0.0001,-0.98071,-0.97511,-0.69776,0.00000,0.97608,0.98007,0.77779,0.00000,-0.01400,1.25011
2491,56,0,-0.97165,0.00154,1.0000,0.0000,0,1,6,0.4149,0.0000,0.0000,0.0000,0.0001,-0.98071,-0.97511,-0.69776,0.00000,0.97608,0.98007,0.77779,0.00000,-0.01400,1.25011
2492,56,0,-0.97165,0.00154,1.0000,0.0000,0,1,6,0.4149,0.0000,0.0000,0.0000,0.0001,-0.98071,-0.97511,-0.69776,0.00000,0.97608,0.98007,0.77779,0.00000,-0.01400,1.25011
2493,56,0,-0.97165,0.00154,1.0000,0.0000,0,1,6,0.4149,0.0000,0.0000,0.0000,0.0001,-0.98071,-0.97511,-0.69776,0.00000,0.97608,0.98007,0.77779,0.00000,-0.01400,1.25011
2494,56,0,-0.97165,0.00154,1.0000,0.0000,0,1,6,0.4149,0.0000,0.0000,0.0000,0.0001,-0.98071,-0.97511,-0.69776,0.00000,0.97608,0.98007,0.77779,0.00000,-0.01400,1.25011
2495,56,0,-0.97165,0.00154,1.0000,0.0000,0,1,6,0.4149,0.0000,0.0000,0.0000,0.0001,-0.98071,-0.97511,-0.69776,0.00000,0.97608,0.98007,0.77779,0.00000,-0.01400,1.25011
2496,56,0,-0.96901,0.00064,1.0000,0.0000,0,1,6,0.4123,0.0000,0.0000,0.0000,0.0000,-0.98070,-0.97512,-0.55009,0.00000,0.97658,0.97972,0.77844,0.00000,-0.01396,1.25668
2497,56,0,-0.96901,0.00064,1.0000,0.0000,0,1,6,0.4123,0.0000,0.0000,0.0000,0.0000,-0.98070,-0.97512,-0.55009,0.00000,0.97658,0.97972,0.77844,0.00000,-0.01396,1.25668
2498,56,0,-0.96901,0.00064,1.0000,0.0000,0,1,6,0.4123,0.0000,0.0000,0.0000,0.0000,-0.98070,-0.97512,-0.55009,0.00000,0.97658,0.97972,0.77844,0.00000,-0.01396,1.25668
2499,56,0,-0.96901,0.00064,1.0000,0.0000,0,1,6,0.4123,0.0000,0.0000,0.0000,0.0000,-0.98070,-0.97512,-0.55009,0.00000,0.97658,0.97972,0.77844,0.00000,-0.01396,1.25668
2500,56,0,-0.96901,0.00064,1.0000,0.0000,0,1,6,0.4123,0.0000,0.0000,0.0000,0.0000,-0.98070,-0.97512,-0.55009,0.00000,0.97658,0.97972,0.77844,0.00000,-0.01396,1.25668
2501,56,0,-0.96901,0.00064,1.0000,0.0000,0,1,6,0.4123,0.0000,0.0000,0.0000,0.0000,-0.98070,-0.97512,-0.55009,0.00000,0.97658,0.97972,0.77844,0.00000,-0.01396,1.25668
2502,56,0,0.04366,0.17789,1.0000,0.0000,0,1,2,0.4116,0.0000,0.0000,0.0000,0.0000,-0.97814,-0.97838,0.82214,0.06699,0.98037,0.97565,0.78186,0.00000,0.00062,1.29210
2503,56,0,0.04366,0.17789,1.0000,0.0000,0,1,2,0.4116,0.0000,0.0000,0.0000,0.0000,-0.97814,-0.97838,0.82214,0.06699,0.98037,0.97565,0.78186,0.00000,0.00062,1.29210
2504,56,0,0.04366,0.17789,1.0000,0.0000,0,1,2,0.4116,0.0000,0.0000,0.0000,0.0000,-0.97814,-0.97838,0.82214,0.06699,0.98037,0.97565,0.78186,0.00000,0.00062,1.29210
2505,56,0,0.04366,0.17789,1.0000,0.0000,0,1,2,0.4116,0.0000,0.0000,0.0000,0.0000,-0.97814,-0.97838,0.82214,0.06699,0.98037,0.97565,0.78186,0.00000,0.00062,1.29210
2506,56,0,0.04366,0.17789,1.0000,0.0000,0,1,2,0.4116,0.0000,0.0000,0.0000,0.0000,-0.97814,-0.97838,0.82214,0.06699,0.98037,0.97565,0.78186,0.00000,0.00062,1.29210
2507,56,0,0.04366,0.17789,1.0000,0.0000,0,1,2,0.4116,0.0000,0.0000,0.0000,0.0000,-0.97814,-0.97838,0.82214,0.06699,0.98037,0.97565,0.78186,0.00000,0.00062,1.29210
2508,56,0,0.10718,0.17435,1.0000,0.0000,0,1,2,0.4110,0.0000,0.0000,0.0000,0.0001,-0.97795,-0.97856,0.81575,0.06436,0.98035,0.97567,0.78206,0.00000,0.00152,1.29421
2509,56,0,0.10718,0.17435,1.0000,0.0000,0,1,2,0.4110,0.0000,0.0000,0.0000,0.0001,-0.97795,-0.97856,0.81575,0.06436,0.98035,0.97567,0.78206,0.00000,0.00152,1.29421
2510,56,0,0.10718,0.17435,1.0000,0.0000,0,1,2,0.4110,0.0000,0.0000,0.0000,0.0001,-0.97795,-0.97856,0.81575,0.06436,0.98035,0.97567,0.78206,0.00000,0.00152,1.29421
2511,56,0,0.10718,0.17435,1.0000,0.0000,0,1,2,0.4110,0.0000,0.0000,0.0000,0.0001,-0.97795,-0.97856,0.81575,0.06436,0.98035,0.97567,0.78206,0.00000,0.00152,1.29421
2512,56,0,0.10718,0.17435,1.0000,0.0000,0,1,2,0.4110,0.0000,0.0000,0.0000,0.0001,-0.97795,-0.97856,0.81575,0.06436,0.98035,0.97567,0.78206,0.00000,0.00152,1.29421
2513,56,0,0.10718,0.17435,1.0000,0.0000,0,1,2,0.4110,0.0000,0.0000,0.0000,0.0001,-0.97795,-0.97856,0.81575,0.06436,0.98035,0.97567,0.78206,0.00000,0.00152,1.29421
2514,56,0,-0.39075,0.12924,1.0000,0.0000,0,1,2,0.4084,0.0000,0.0000,0.0000,0.0000,-0.97932,-0.97709,0.70185,0.06067,0.98008,0.97607,0.78165,0.00000,-0.00555,1.28986
2515,56,0,-0.39075,0.12924,1.0000,0.0000,0,1,2,0.4084,0.0000,0.0000,0.0000,0.0000,-0.97932,-0.97709,0.70185,0.06067,0.98008,0.97607,0.78165,0.00000,-0.00555,1.28986
2516,56,0,-0.39075,0.12924,1.0000,0.0000,0,1,2,0.4084,0.0000,0.0000,0.0000,0.0000,-0.97932,-0.97709,0.70185,0.06067,0.98008,0.97607,0.78165,0.00000,-0.00555,1.28986
2517,56,0,-0.39075,0.12924,1.0000,0.0000,0,1,2,0.4084,0.0000,0.0000,0.0000,0.0000,-0.97932,-0.97709,0.70185,0.06067,0.98008,0.97607,0.78165,0.00000,-0.00555,1.28986
2518,56,0,-0.39075,0.12924,1.0000,0.0000,0,1,2,0.4084,0.0000,0.0000,0.0000,0.0000,-0.97932,-0.97709,0.70185,0.06067,0.98008,0.97607,0.78165,0.00000,-0.00555,1.28986
2519,56,0,-0.39075,0.12924,1.0000,0.0000,0,1,2,0.4084,0.0000,0.0000,0.0000,0.0000,-0.97932,-0.97709,0.70185,0.06067,0.98008,0.97607,0.78165,0.00000,-0.00555,1.28986
2520,56,0,-0.97175,0.00163,1.0000,0.0000,0,1,6,0.4077,0.0000,0.0000,0.0000,0.0000,-0.98071,-0.97511,-0.69776,0.00000,0.97608,0.98007,0.77902,0.00000,-0.01400,1.26261
2521,56,0,-0.97175,0.00163,1.0000,0.0000,0,1,6,0.4077,0.0000,0.0000,0.0000,0.0000,-0.98071,-0.97511,-0.69776,0.00000,0.97608,0.98007,0.77902,0.00000,-0.01400,1.26261
2522,56,0,-0.97175,0.00163,1.0000,0.0000,0,1,6,0.4077,0.0000,0.0000,0.0000,0.0000,-0.98071,-0.97511,-0.69776,0.00000,0.97608,0.98007,0.77902,0.00000,-0.01400,1.26261
2523,56,0,-0.97175,0.00163,1.0000,0.0000,0,1,6,0.4077,0.0000,0.0000,0.0000,0.0000,-0.98071,-0.97511,-0.69776,0.00000,0.97608,0.98007,0.77902,0.00000,-0.01400,1.26261
2524,56,0,-0.97175,0.00163,1.0000,0.0000,0,1,6,0.4077,0.0000,0.0000,0.0000,0.0000,-0.98071,-0.97511,-0.69776,0.00000,0.97608,0.98007,0.77902,0.00000,-0.01400,1.26261
2525,56,0,-0.97175,0.00163,1.0000,0.0000,0,1,6,0.4077,0.0000,0.0000,0.0000,0.0000,-0.98071,-0.97511,-0.69776,0.00000,0.97608,0.98007,0.77902,0.00000,-0.01400,1.26261
2526,56,0,-0.97821,0.00067,1.0000,0.0000,0,1,6,0.4051,0.0000,0.0000,0.0000,0.0000,-0.98072,-0.97508,-0.55009,0.00000,0.97658,0.97972,0.77965,0.00000,-0.01410,1.26916
2527,56,0,-0.97821,0.00067,1.0000,0.0000,0,1,6,0.4051,0.0000,0.0000,0.0000,0.0000,-0.98072,-0.97508,-0.55009,0.00000,0.97658,0.97972,0.77965,0.00000,-0.01410,1.26916
2528,56,0,-0.97821,0.00067,1.0000,0.0000,0,1,6,0.4051,0.0000,0.0000,0.0000,0.0000,-0.98072,-0.97508,-0.55009,0.00000,0.97658,0.97972,0.77965,0.00000,-0.01410,1.26916
2529,56,0,-0.97821,0.00067,1.0000,0.0000,0,1,6,0.4051,0.0000,0.0000,0.0000,0.0000,-0.98072,-0.97508,-0.55009,0.00000,0.97658,0.97972,0.77965,0.00000,-0.01410,1.26916
2530,56,0,-0.97821,0.00067,1.0000,0.0000,0,1,6,0.4051,0.0000,0.0000,0.0000,0.0000,-0.98072,-0.97508,-0.55009,0.00000,0.97658,0.97972,0.77965,0.00000,-0.01410,1.26916
2531,56,0,-0.97821,0.00067,1.0000,0.0000,0,1,6,0.4051,0.0000,0.0000,0.0000,0.0000,-0.98072,-0.97508,-0.55009,0.00000,0.97658,0.97972,0.77965,0.00000,-0.01410,1.26916
2532,56,0,-0.09083,0.16408,1.0000,0.0000,0,1,2,0.4044,0.0000,0.0000,0.0000,0.0000,-0.97852,-0.97800,0.83412,0.07245,0.98039,0.97561,0.78289,0.00000,-0.00129,1.30299
2533,56,0,-0.09083,0.16408,1.0000,0.0000,0,1,2,0.4044,0.0000,0.0000,0.0000,0.0000,-0.97852,-0.97800,0.83412,0.07245,0.98039,0.97561,0.78289,0.00000,-0.00129,1.30299
2534,56,0,-0.09083,0.16408,1.0000,0.0000,0,1,2,0.4044,0.0000,0.0000,0.0000,0.0000,-0.97852,-0.97800,0.83412,0.07245,0.98039,0.97561,0.78289,0.00000,-0.00129,1.30299
2535,56,0,-0.09083,0.16408,1.0000,0.0000,0,1,2,0.4044,0.0000,0.0000,0.0000,0.0000,-0.97852,-0.97800,0.83412,0.07245,0.98039,0.97561,0.78289,0.00000,-0.00129,1.30299
2536,56,0,-0.09083,0.16408,1.0000,0.0000,0,1,2,0.4044,0.0000,0.0000,0.0000,0.0000,-0.97852,-0.97800,0.83412,0.07245,0.98039,0.97561,0.78289,0.00000,-0.00129,1.30299
2537,56,0,-0.09083,0.16408,1.0000,0.0000,0,1,2,0.4044,0.0000,0.0000,0.0000,0.0000,-0.97852,-0.97800,0.83412,0.07245,0.98039,0.97561,0.78289,0.00000,-0.00129,1.30299
2538,56,0,-0.09083,0.16408,1.0000,0.0000,0,1,2,0.4037,0.0000,0.0000,0.0000,0.0001,-0.97852,-0.97800,0.83412,0.07245,0.98039,0.97561,0.78301,0.00000,-0.00129,1.30429
2539,56,0,-0.09083,0.16408,1.0000,0.0000,0,1,2,0.4037,0.0000,0.0000,0.0000,0.0001,-0.97852,-0.97800,0.83412,0.07245,0.98039,0.97561,0.78301,0.00000,-0.00129,1.30429
2540,56,0,-0.09083,0.16408,1.0000,0.0000,0,1,2,0.4037,0.0000,0.0000,0.0000,0.0001,-0.97852,-0.97800,0.83412,0.07245,0.98039,0.97561,0.78301,0.00000,-0.00129,1.30429
2541,56,0,-0.09083,0.16408,1.0000,0.0000,0,1,2,0.4037,0.0000,0.0000,0.0000,0.0001,-0.97852,-0.97800,0.83412,0.07245,0.98039,0.97561,0.78301,0.00000,-0.00129,1.30429
2542,56,0,-0.09083,0.16408,1.0000,0.0000,0,1,2,0.4037,0.0000,0.0000,0.0000,0.0001,-0.97852,-0.97800,0.83412,0.07245,0.98039,0.97561,0.78301,0.00000,-0.00129,1.30429
2543,56,0,-0.09083,0.16408,1.0000,0.0000,0,1,2,0.4037,0.0000,0.0000,0.0000,0.0001,-0.97852,-0.97800,0.83412,0.07245,0.98039,0.97561,0.78301,0.00000,-0.00129,1.30429
2544,56,0,-0.09899,0.21665,1.0000,0.0000,0,1,2,0.4011,0.0000,0.0000,0.0000,0.0000,-0.97854,-0.97798,0.72196,0.06600,0.98013,0.97600,0.78326,0.00000,-0.00140,1.30691
2545,56,0,-0.09899,0.21665,1.0000,0.0000,0,1,2,0.4011,0.0000,0.0000,0.0000,0.0000,-0.97854,-0.97798,0.72196,0.06600,0.98013,0.97600,0.78326,0.00000,-0.00140,1.30691
2546,56,0,-0.09899,0.21665,1.0000,0.0000,0,1,2,0.4011,0.0000,0.0000,0.0000,0.0000,-0.97854,-0.97798,0.72196,0.06600,0.98013,0.97600,0.78326,0.00000,-0.00140,1.30691
2547,56,0,-0.09899,0.21665,1.0000,0.0000,0,1,2,0.4011,0.0000,0.0000,0.0000,0.0000,-0.97854,-0.97798,0.72196,0.06600,0.98013,0.97600,0.78326,0.00000,-0.00140,1.30691
2548,56,0,-0.09899,0.21665,1.0000,0.0000,0,1,2,0.4011,0.0000,0.0000,0.0000,0.0000,-0.97854,-0.97798,0.72196,0.06600,0.98013,0.97600,0.78326,0.00000,-0.00140,1.30691
2549,56,0,-0.09899,0.21665,1.0000,0.0000,0,1,2,0.4011,0.0000,0.0000,0.0000,0.0000,-0.97854,-0.97798,0.72196,0.06600,0.98013,0.97600,0.78326,0.00000,-0.00140,1.30691
2550,56,0,-0.97301,0.00169,1.0000,0.0000,0,1,6,0.4005,0.0000,0.0000,0.0000,0.0000,-0.98071,-0.97510,-0.69776,0.00000,0.97608,0.98007,0.78024,0.00000,-0.01402,1.27521
2551,56,0,-0.97301,0.00169,1.0000,0.0000,0,1,6,0.4005,0.0000,0.0000,0.0000,0.0000,-0.98071,-0.97510,-0.69776,0.00000,0.97608,0.98007,0.78024,0.00000,-0.01402,1.27521
2552,56,0,-0.97301,0.00169,1.0000,0.0000,0,1,6,0.4005,0.0000,0.0000,0.0000,0.0000,-0.98071,-0.97510,-0.69776,0.00000,0.97608,0.98007,0.78024,0.00000,-0.01402,1.27521
2553,56,0,-0.97301,0.00169,1.0000,0.0000,0,1,6,0.4005,0.0000,0.0000,0.0000,0.0000,-0.98071,-0.97510,-0.69776,0.00000,0.97608,0.98007,0.78024,0.00000,-0.01402,1.27521
2554,56,0,-0.97301,0.00169,1.0000,0.0000,0,1,6,0.4005,0.0000,0.0000,0.0000,0.0000,-0.98071,-0.97510,-0.69776,0.00000,0.97608,0.98007,0.78024,0.00000,-0.01402,1.27521
2555,56,0,-0.97301,0.00169,1.0000,0.0000,0,1,6,0.4005,0.0000,0.0000,0.0000,0.0000,-0.98071,-0.97510,-0.69776,0.00000,0.97608,0.98007,0.78024,0.00000,-0.01402,1.27521
2556,56,0,-0.96802,0.00172,1.0000,0.0000,0,1,6,0.3998,0.0000,0.0000,0.0000,0.0001,-0.98070,-0.97512,-0.69776,0.00000,0.97608,0.98007,0.78037,0.00000,-0.01395,1.27657
2557,56,0,-0.96802,0.00172,1.0000,0.0000,0,1,6,0.3998,0.0000,0.0000,0.0000,0.0001,-0.98070,-0.97512,-0.69776,0.00000,0.97608,0.98007,0.78037,0.00000,-0.01395,1.27657
2558,56,0,-0.96802,0.00172,1.0000,0.0000,0,1,6,0.3998,0.0000,0.0000,0.0000,0.0001,-0.98070,-0.97512,-0.69776,0.00000,0.97608,0.98007,0.78037,0.00000,-0.01395,1.27657
2559,56,0,-0.96802,0.00172,1.0000,0.0000,0,1,6,0.3998,0.0000,0.0000,0.0000,0.0001,-0.98070,-0.97512,-0.69776,0.00000,0.97608,0.98007,0.78037,0.00000,-0.01395,1.27657
2560,56,0,-0.96802,0.00172,1.0000,0.0000,0,1,6,0.3998,0.0000,0.0000,0.0000,0.0001,-0.98070,-0.97512,-0.69776,0.00000,0.97608,0.98007,0.78037,0.00000,-0.01395,1.27657
2561,56,0,-0.96802,0.00172,1.0000,0.0000,0,1,6,0.3998,0.0000,0.0000,0.0000,0.0001,-0.98070,-0.97512,-0.69776,0.00000,0.97608,0.98007,0.78037,0.00000,-0.01395,1.27657
2562,56,0,-0.96802,0.00172,1.0000,0.0000,0,1,6,0.3991,0.0000,0.0000,0.0000,0.0002,-0.98070,-0.97512,-0.69776,0.00000,0.97608,0.98007,0.78050,0.00000,-0.01395,1.27795
2563,56,0,-0.96802,0.00172,1.0000,0.0000,0,1,6,0.3991,0.0000,0.0000,0.0000,0.0002,-0.98070,-0.97512,-0.69776,0.00000,0.97608,0.98007,0.78050,0.00000,-0.01395,1.27795
2564,56,0,-0.96802,0.00172,1.0000,0.0000,0,1,6,0.3991,0.0000,0.0000,0.0000,0.0002,-0.98070,-0.97512,-0.69776,0.00000,0.97608,0.98007,0.78050,0.00000,-0.01395,1.27795
2565,56,0,-0.96802,0.00172,1.0000,0.0000,0,1,6,0.3991,0.0000,0.0000,0.0000,0.0002,-0.98070,-0.97512,-0.69776,0.00000,0.97608,0.98007,0.78050,0.00000,-0.01395,1.27795
2566,56,0,-0.96802,0.00172,1.0000,0.0000,0,1,6,0.3991,0.0000,0.0000,0.0000,0.0002,-0.98070,-0.97512,-0.69776,0.00000,0.97608,0.98007,0.78050,0.00000,-0.01395,1.27795
2567,56,0,-0.96802,0.00172,1.0000,0.0000,0,1,6,0.3991,0.0000,0.0000,0.0000,0.0002,-0.98070,-0.97512,-0.69776,0.00000,0.97608,0.98007,0.78050,0.00000,-0.01395,1.27795
2568,56,0,-0.96287,0.00174,1.0000,0.0000,0,1,6,0.3985,0.0000,0.0000,0.0000,0.0004,-0.98069,-0.97514,-0.69776,0.00000,0.97608,0.98007,0.78065,0.00000,-0.01387,1.27948
2569,56,0,-0.96287,0.00174,1.0000,0.0000,0,1,6,0.3985,0.0000,0.0000,0.0000,0.0004,-0.98069,-0.97514,-0.69776,0.00000,0.97608,0.98007,0.78065,0.00000,-0.01387,1.27948
2570,56,0,-0.96287,0.00174,1.0000,0.0000,0,1,6,0.3985,0.0000,0.0000,0.0000,0.0004,-0.98069,-0.97514,-0.69776,0.00000,0.97608,0.98007,0.78065,0.00000,-0.01387,1.27948
2571,56,0,-0.96287,0.00174,1.0000,0.0000,0,1,6,0.3985,0.0000,0.0000,0.0000,0.0004,-0.98069,-0.97514,-0.69776,0.00000,0.97608,0.98007,0.78065,0.00000,-0.01387,1.27948
2572,56,0,-0.96287,0.00174,1.0000,0.0000,0,1,6,0.3985,0.0000,0.0000,0.0000,0.0004,-0.98069,-0.97514,-0.69776,0.00000,0.97608,0.98007,0.78065,0.00000,-0.01387,1.27948
2573,56,0,-0.96287,0.00174,1.0000,0.0000,0,1,6,0.3985,0.0000,0.0000,0.0000,0.0004,-0.98069,-0.97514,-0.69776,0.00000,0.97608,0.98007,0.78065,0.00000,-0.01387,1.27948
2574,56,0,-0.96287,0.00174,1.0000,0.0000,0,1,6,0.3978,0.1250,0.0000,0.0000,0.0007,-0.98069,-0.97514,-0.69776,0.00000,0.97608,0.98007,0.77714,0.00000,-0.01387,1.24352
2575,56,0,-0.96287,0.00174,1.0000,0.0000,0,1,6,0.3978,0.1250,0.0000,0.0000,0.0007,-0.98069,-0.97514,-0.69776,0.00000,0.97608,0.98007,0.77714,0.00000,-0.01387,1.24352
2576,56,0,-0.96287,0.00174,1.0000,0.0000,0,1,6,0.3978,0.1250,0.0000,0.0000,0.0007,-0.98069,-0.97514,-0.69776,0.00000,0.97608,0.98007,0.77714,0.00000,-0.01387,1.24352
2577,56,0,-0.96287,0.00174,1.0000,0.0000,0,1,6,0.3978,0.1250,0.0000,0.0000,0.0007,-0.98069,-0.97514,-0.69776,0.00000,0.97608,0.98007,0.77714,0.00000,-0.01387,1.24352
2578,56,0,-0.96287,0.00174,1.0000,0.0000,0,1,6,0.3978,0.1250,0.0000,0.0000,0.0007,-0.98069,-0.97514,-0.69776,0.00000,0.97608,0.98007,0.77714,0.00000,-0.01387,1.24352
2579,56,0,-0.96287,0.00174,1.0000,0.0000,0,1,6,0.3978,0.1250,0.0000,0.0000,0.0007,-0.98069,-0.97514,-0.69776,0.00000,0.97608,0.98007,0.77714,0.00000,-0.01387,1.24352
2580,56,0,-0.95733,0.00177,1.0000,0.0000,0,1,6,0.3971,0.1250,0.0000,0.0000,0.0010,-0.98067,-0.97516,-0.69776,0.00000,0.97608,0.98007,0.77730,0.00000,-0.01379,1.24522
2581,56,0,-0.95733,0.00177,1.0000,0.0000,0,1,6,0.3971,0.1250,0.0000,0.0000,0.0010,-0.98067,-0.97516,-0.69776,0.00000,0.97608,0.98007,0.77730,0.00000,-0.01379,1.24522
2582,56,0,-0.95733,0.00177,1.0000,0.0000,0,1,6,0.3971,0.1250,0.0000,0.0000,0.0010,-0.98067,-0.97516,-0.69776,0.00000,0.97608,0.98007,0.77730,0.00000,-0.01379,1.24522
2583,56,0,-0.95733,0.00177,1.0000,0.0000,0,1,6,0.3971,0.1250,0.0000,0.0000,0.0010,-0.98067,-0.97516,-0.69776,0.00000,0.97608,0.98007,0.77730,0.00000,-0.01379,1.24522
2584,56,0,-0.95733,0.00177,1.0000,0.0000,0,1,6,0.3971,0.1250,0.0000,0.0000,0.0010,-0.98067,-0.97516,-0.69776,0.00000,0.97608,0.98007,0.77730,0.00000,-0.01379,1.24522
2585,56,0,-0.95733,0.00177,1.0000,0.0000,0,1,6,0.3971,0.1250,0.0000,0.0000,0.0010,-0.98067,-0.97516,-0.69776,0.00000,0.97608,0.98007,0.77730,0.00000,-0.01379,1.24522
2586,56,0,-0.97467,0.00075,1.0000,0.0000,0,1,6,0.3945,0.0000,0.0000,0.0000,0.0000,-0.98071,-0.97509,-0.55009,0.00000,0.97658,0.97972,0.78144,0.00000,-0.01405,1.28767
2587,56,0,-0.97467,0.00075,1.0000,0.0000,0,1,6,0.3945,0.0000,0.0000,0.0000,0.0000,-0.98071,-0.97509,-0.55009,0.00000,0.97658,0.97972,0.78144,0.00000,-0.01405,1.28767
2588,56,0,-0.97467,0.00075,1.0000,0.0000,0,1,6,0.3945,0.0000,0.0000,0.0000,0.0000,-0.98071,-0.97509,-0.55009,0.00000,0.97658,0.97972,0.78144,0.00000,-0.01405,1.28767
2589,56,0,-0.97467,0.00075,1.0000,0.0000,0,1,6,0.3945,0.0000,0.0000,0.0000,0.0000,-0.98071,-0.97509,-0.55009,0.00000,0.97658,0.97972,0.78144,0.00000,-0.01405,1.28767
2590,56,0,-0.97467,0.00075,1.0000,0.0000,0,1,6,0.3945,0.0000,0.0000,0.0000,0.0000,-0.98071,-0.97509,-0.55009,0.00000,0.97658,0.97972,0.78144,0.00000,-0.01405,1.28767
2591,56,0,-0.97467,0.00075,1.0000,0.0000,0,1,6,0.3945,0.0000,0.0000,0.0000,0.0000,-0.98071,-0.97509,-0.55009,0.00000,0.97658,0.97972,0.78144,0.00000,-0.01405,1.28767
2592,56,0,0.09657,0.21289,1.0000,0.0000,0,1,2,0.3939,0.0000,0.0000,0.0000,0.0000,-0.97798,-0.97853,0.83412,0.07245,0.98039,0.97561,0.78486,0.00000,0.00137,1.32410
2593,56,0,0.09657,0.21289,1.0000,0.0000,0,1,2,0.3939,0.0000,0.0000,0.0000,0.0000,-0.97798,-0.97853,0.83412,0.07245,0.98039,0.97561,0.78486,0.00000,0.00137,1.32410
2594,56,0,0.09657,0.21289,1.0000,0.0000,0,1,2,0.3939,0.0000,0.0000,0.0000,0.0000,-0.97798,-0.97853,0.83412,0.07245,0.98039,0.97561,0.78486,0.00000,0.00137,1.32410
2595,56,0,0.09657,0.21289,1.0000,0.0000,0,1,2,0.3939,0.0000,0.0000,0.0000,0.0000,-0.97798,-0.97853,0.83412,0.07245,0.98039,0.97561,0.78486,0.00000,0.00137,1.32410
2596,56,0,0.09657,0.21289,1.0000,0.0000,0,1,2,0.3939,0.0000,0.0000,0.0000,0.0000,-0.97798,-0.97853,0.83412,0.07245,0.98039,0.97561,0.78486,0.00000,0.00137,1.32410
2597,56,0,0.09657,0.21289,1.0000,0.0000,0,1,2,0.3939,0.0000,0.0000,0.0000,0.0000,-0.97798,-0.97853,0.83412,0.07245,0.98039,0.97561,0.78486,0.00000,0.00137,1.32410
2598,56,0,0.09657,0.21289,1.0000,0.0000,0,1,2,0.3932,0.0000,0.0000,0.0000,0.0001,-0.97798,-0.97853,0.83412,0.07245,0.98039,0.97561,0.78498,0.00000,0.00137,1.32540
2599,56,0,0.09657,0.21289,1.0000,0.0000,0,1,2,0.3932,0.0000,0.0000,0.0000,0.0001,-0.97798,-0.97853,0.83412,0.07245,0.98039,0.97561,0.78498,0.00000,0.00137,1.32540
2600,56,0,0.09657,0.21289,1.0000,0.0000,0,1,2,0.3932,0.0000,0.0000,0.0000,0.0001,-0.97798,-0.97853,0.83412,0.07245,0.98039,0.97561,0.78498,0.00000,0.00137,1.32540
2601,56,0,0.09657,0.21289,1.0000,0.0000,0,1,2,0.3932,0.0000,0.0000,0.0000,0.0001,-0.97798,-0.97853,0.83412,0.07245,0.98039,0.97561,0.78498,0.00000,0.00137,1.32540
2602,56,0,0.09657,0.21289,1.0000,0.0000,0,1,2,0.3932,0.0000,0.0000,0.0000,0.0001,-0.97798,-0.97853,0.83412,0.07245,0.98039,0.97561,0.78498,0.00000,0.00137,1.32540
2603,56,0,0.09657,0.21289,1.0000,0.0000,0,1,2,0.3932,0.0000,0.0000,0.0000,0.0001,-0.97798,-0.97853,0.83412,0.07245,0.98039,0.97561,0.78498,0.00000,0.00137,1.32540
2604,56,0,0.15578,0.20522,1.0000,0.0000,0,1,2,0.3925,0.0000,0.0000,0.0000,0.0002,-0.97781,-0.97869,0.82824,0.06967,0.98038,0.97563,0.78518,0.00000,0.00221,1.32753
2605,56,0,0.15578,0.20522,1.0000,0.0000,0,1,2,0.3925,0.0000,0.0000,0.0000,0.0002,-0.97781,-0.97869,0.82824,0.06967,0.98038,0.97563,0.78518,0.00000,0.00221,1.32753
2606,56,0,0.15578,0.20522,1.0000,0.0000,0,1,2,0.3925,0.0000,0.0000,0.0000,0.0002,-0.97781,-0.97869,0.82824,0.06967,0.98038,0.97563,0.78518,0.00000,0.00221,1.32753
2607,56,0,0.15578,0.20522,1.0000,0.0000,0,1,2,0.3925,0.0000,0.0000,0.0000,0.0002,-0.97781,-0.97869,0.82824,0.06967,0.98038,0.97563,0.78518,0.00000,0.00221,1.32753
2608,56,0,0.15578,0.20522,1.0000,0.0000,0,1,2,0.3925,0.0000,0.0000,0.0000,0.0002,-0.97781,-0.97869,0.82824,0.06967,0.98038,0.97563,0.78518,0.00000,0.00221,1.32753
2609,56,0,0.15578,0.20522,1.0000,0.0000,0,1,2,0.3925,0.0000,0.0000,0.0000,0.0002,-0.97781,-0.97869,0.82824,0.06967,0.98038,0.97563,0.78518,0.00000,0.00221,1.32753
2610,56,0,0.15578,0.20522,1.0000,0.0000,0,1,2,0.3919,0.0000,0.0000,0.0000,0.0004,-0.97781,-0.97869,0.82824,0.06967,0.98038,0.97563,0.78531,0.00000,0.00221,1.32898
2611,56,0,0.15578,0.20522,1.0000,0.0000,0,1,2,0.3919,0.0000,0.0000,0.0000,0.0004,-0.97781,-0.97869,0.82824,0.06967,0.98038,0.97563,0.78531,0.00000,0.00221,1.32898
2612,56,0,0.15578,0.20522,1.0000,0.0000,0,1,2,0.3919,0.0000,0.0000,0.0000,0.0004,-0.97781,-0.97869,0.82824,0.06967,0.98038,0.97563,0.78531,0.00000,0.00221,1.32898
2613,56,0,0.15578,0.20522,1.0000,0.0000,0,1,2,0.3919,0.0000,0.0000,0.0000,0.0004,-0.97781,-0.97869,0.82824,0.06967,0.98038,0.97563,0.78531,0.00000,0.00221,1.32898
2614,56,0,0.15578,0.20522,1.0000,0.0000,0,1,2,0.3919,0.0000,0.0000,0.0000,0.0004,-0.97781,-0.97869,0.82824,0.06967,0.98038,0.97563,0.78531,0.00000,0.00221,1.32898
2615,56,0,0.15578,0.20522,1.0000,0.0000,0,1,2,0.3919,0.0000,0.0000,0.0000,0.0004,-0.97781,-0.97869,0.82824,0.06967,0.98038,0.97563,0.78531,0.00000,0.00221,1.32898
2616,56,0,-0.06914,0.16445,1.0000,0.0000,0,1,2,0.3893,0.1250,0.0000,0.0000,0.0000,-0.97846,-0.97806,0.71205,0.06328,0.98011,0.97604,0.78170,0.00000,-0.00098,1.29047
2617,56,0,-0.06914,0.16445,1.0000,0.0000,0,1,2,0.3893,0.1250,0.0000,0.0000,0.0000,-0.97846,-0.97806,0.71205,0.06328,0.98011,0.97604,0.78170,0.00000,-0.00098,1.29047
2618,56,0,-0.06914,0.16445,1.0000,0.0000,0,1,2,0.3893,0.1250,0.0000,0.0000,0.0000,-0.97846,-0.97806,0.71205,0.06328,0.98011,0.97604,0.78170,0.00000,-0.00098,1.29047
2619,56,0,-0.06914,0.16445,1.0000,0.0000,0,1,2,0.3893,0.1250,0.0000,0.0000,0.0000,-0.97846,-0.97806,0.71205,0.06328,0.98011,0.97604,0.78170,0.00000,-0.00098,1.29047
2620,56,0,-0.06914,0.16445,1.0000,0.0000,0,1,2,0.3893,0.1250,0.0000,0.0000,0.0000,-0.97846,-0.97806,0.71205,0.06328,0.98011,0.97604,0.78170,0.00000,-0.00098,1.29047
2621,56,0,-0.06914,0.16445,1.0000,0.0000,0,1,2,0.3893,0.1250,0.0000,0.0000,0.0000,-0.97846,-0.97806,0.71205,0.06328,0.98011,0.97604,0.78170,0.00000,-0.00098,1.29047
2622,56,0,-0.06914,0.16445,1.0000,0.0000,0,1,2,0.3886,0.1250,0.0000,0.0000,0.0000,-0.97846,-0.97806,0.71205,0.06328,0.98011,0.97604,0.78182,0.00000,-0.00098,1.29168
2623,56,0,-0.06914,0.16445,1.0000,0.0000,0,1,2,0.3886,0.1250,0.0000,0.0000,0.0000,-0.97846,-0.97806,0.71205,0.06328,0.98011,0.97604,0.78182,0.00000,-0.00098,1.29168
2624,56,0,-0.06914,0.16445,1.0000,0.0000,0,1,2,0.3886,0.1250,0.0000,0.0000,0.0000,-0.97846,-0.97806,0.71205,0.06328,0.98011,0.97604,0.78182,0.00000,-0.00098,1.29168
2625,56,0,-0.06914,0.16445,1.0000,0.0000,0,1,2,0.3886,0.1250,0.0000,0.0000,0.0000,-0.97846,-0.97806,0.71205,0.06328,0.98011,0.97604,0.78182,0.00000,-0.00098,1.29168
2626,56,0,-0.06914,0.16445,1.0000,0.0000,0,1,2,0.3886,0.1250,0.0000,0.0000,0.0000,-0.97846,-0.97806,0.71205,0.06328,0.98011,0.97604,0.78182,0.00000,-0.00098,1.29168
2627,56,0,-0.06914,0.16445,1.0000,0.0000,0,1,2,0.3886,0.1250,0.0000,0.0000,0.0000,-0.97846,-0.97806,0.71205,0.06328,0.98011,0.97604,0.78182,0.00000,-0.00098,1.29168
2628,56,0,-0.95487,0.00189,1.0000,0.0000,0,1,6,0.3879,0.1250,0.0000,0.0000,0.0001,-0.98067,-0.97517,-0.69776,0.00000,0.97608,0.98007,0.77877,0.00000,-0.01375,1.26005
2629,56,0,-0.95487,0.00189,1.0000,0.0000,0,1,6,0.3879,0.1250,0.0000,0.0000,0.0001,-0.98067,-0.97517,-0.69776,0.00000,0.97608,0.98007,0.77877,0.00000,-0.01375,1.26005
2630,56,0,-0.95487,0.00189,1.0000,0.0000,0,1,6,0.3879,0.1250,0.0000,0.0000,0.0001,-0.98067,-0.97517,-0.69776,0.00000,0.97608,0.98007,0.77877,0.00000,-0.01375,1.26005
2631,56,0,-0.95487,0.00189,1.0000,0.0000,0,1,6,0.3879,0.1250,0.0000,0.0000,0.0001,-0.98067,-0.97517,-0.69776,0.00000,0.97608,0.98007,0.77877,0.00000,-0.01375,1.26005
2632,56,0,-0.95487,0.00189,1.0000,0.0000,0,1,6,0.3879,0.1250,0.0000,0.0000,0.0001,-0.98067,-0.97517,-0.69776,0.00000,0.97608,0.98007,0.77877,0.00000,-0.01375,1.26005
2633,56,0,-0.95487,0.00189,1.0000,0.0000,0,1,6,0.3879,0.1250,0.0000,0.0000,0.0001,-0.98067,-0.97517,-0.69776,0.00000,0.97608,0.98007,0.77877,0.00000,-0.01375,1.26005
2634,56,0,-0.97254,0.00081,1.0000,0.0000,0,1,6,0.3854,0.1250,0.0000,0.0000,0.0000,-0.98071,-0.97510,-0.55009,0.00000,0.97658,0.97972,0.77937,0.00000,-0.01401,1.26628
2635,56,0,-0.97254,0.00081,1.0000,0.0000,0,1,6,0.3854,0.1250,0.0000,0.0000,0.0000,-0.98071,-0.97510,-0.55009,0.00000,0.97658,0.97972,0.77937,0.00000,-0.01401,1.26628
2636,56,0,-0.97254,0.00081,1.0000,0.0000,0,1,6,0.3854,0.1250,0.0000,0.0000,0.0000,-0.98071,-0.97510,-0.55009,0.00000,0.97658,0.97972,0.77937,0.00000,-0.01401,1.26628
2637,56,0,-0.97254,0.00081,1.0000,0.0000,0,1,6,0.3854,0.1250,0.0000,0.0000,0.0000,-0.98071,-0.97510,-0.55009,0.00000,0.97658,0.97972,0.77937,0.00000,-0.01401,1.26628
2638,56,0,-0.97254,0.00081,1.0000,0.0000,0,1,6,0.3854,0.1250,0.0000,0.0000,0.0000,-0.98071,-0.97510,-0.55009,0.00000,0.97658,0.97972,0.77937,0.00000,-0.01401,1.26628
2639,56,0,-0.97254,0.00081,1.0000,0.0000,0,1,6,0.3854,0.1250,0.0000,0.0000,0.0000,-0.98071,-0.97510,-0.55009,0.00000,0.97658,0.97972,0.77937,0.00000,-0.01401,1.26628
2640,56,0,0.04927,0.18280,1.0000,0.0000,0,1,2,0.3847,0.1250,0.0000,0.0000,0.0000,-0.97812,-0.97840,0.83975,0.07530,0.98041,0.97559,0.78281,0.00000,0.00070,1.30209
2641,56,0,0.04927,0.18280,1.0000,0.0000,0,1,2,0.3847,0.1250,0.0000,0.0000,0.0000,-0.97812,-0.97840,0.83975,0.07530,0.98041,0.97559,0.78281,0.00000,0.00070,1.30209
2642,56,0,0.04927,0.18280,1.0000,0.0000,0,1,2,0.3847,0.1250,0.0000,0.0000,0.0000,-0.97812,-0.97840,0.83975,0.07530,0.98041,0.97559,0.78281,0.00000,0.00070,1.30209
2643,56,0,0.04927,0.18280,1.0000,0.0000,0,1,2,0.3847,0.1250,0.0000,0.0000,0.0000,-0.97812,-0.97840,0.83975,0.07530,0.98041,0.97559,0.78281,0.00000,0.00070,1.30209
2644,56,0,0.04927,0.18280,1.0000,0.0000,0,1,2,0.3847,0.1250,0.0000,0.0000,0.0000,-0.97812,-0.97840,0.83975,0.07530,0.98041,0.97559,0.78281,0.00000,0.00070,1.30209
2645,56,0,0.04927,0.18280,1.0000,0.0000,0,1,2,0.3847,0.1250,0.0000,0.0000,0.0000,-0.97812,-0.97840,0.83975,0.07530,0.98041,0.97559,0.78281,0.00000,0.00070,1.30209
2646,56,0,-0.19309,0.15099,1.0000,0.0000,0,1,2,0.3821,0.3750,0.0000,0.0000,0.0000,-0.97879,-0.97770,0.74057,0.07166,0.98018,0.97594,0.77545,0.00000,-0.00274,1.22668
2647,56,0,-0.19309,0.15099,1.0000,0.0000,0,1,2,0.3821,0.3750,0.0000,0.0000,0.0000,-0.97879,-0.97770,0.74057,0.07166,0.98018,0.97594,0.77545,0.00000,-0.00274,1.22668
2648,56,0,-0.19309,0.15099,1.0000,0.0000,0,1,2,0.3821,0.3750,0.0000,0.0000,0.0000,-0.97879,-0.97770,0.74057,0.07166,0.98018,0.97594,0.77545,0.00000,-0.00274,1.22668
2649,56,0,-0.19309,0.15099,1.0000,0.0000,0,1,2,0.3821,0.3750,0.0000,0.0000,0.0000,-0.97879,-0.97770,0.74057,0.07166,0.98018,0.97594,0.77545,0.00000,-0.00274,1.22668
2650,56,0,-0.19309,0.15099,1.0000,0.0000,0,1,2,0.3821,0.3750,0.0000,0.0000,0.0000,-0.97879,-0.97770,0.74057,0.07166,0.98018,0.97594,0.77545,0.00000,-0.00274,1.22668
2651,56,0,-0.19309,0.15099,1.0000,0.0000,0,1,2,0.3821,0.3750,0.0000,0.0000,0.0000,-0.97879,-0.97770,0.74057,0.07166,0.98018,0.97594,0.77545,0.00000,-0.00274,1.22668
2652,56,0,-0.13708,0.14511,1.0000,0.0000,0,1,2,0.3814,0.2500,0.0000,0.0000,0.0000,-0.97864,-0.97787,0.73147,0.06879,0.98015,0.97597,0.77935,0.00000,-0.00194,1.26606
2653,56,0,-0.13708,0.14511,1.0000,0.0000,0,1,2,0.3814,0.2500,0.0000,0.0000,0.0000,-0.97864,-0.97787,0.73147,0.06879,0.98015,0.97597,0.77935,0.00000,-0.00194,1.26606
2654,56,0,-0.13708,0.14511,1.0000,0.0000,0,1,2,0.3814,0.2500,0.0000,0.0000,0.0000,-0.97864,-0.97787,0.73147,0.06879,0.98015,0.97597,0.77935,0.00000,-0.00194,1.26606
2655,56,0,-0.13708,0.14511,1.0000,0.0000,0,1,2,0.3814,0.2500,0.0000,0.0000,0.0000,-0.97864,-0.97787,0.73147,0.06879,0.98015,0.97597,0.77935,0.00000,-0.00194,1.26606
2656,56,0,-0.13708,0.14511,1.0000,0.0000,0,1,2,0.3814,0.2500,0.0000,0.0000,0.0000,-0.97864,-0.97787,0.73147,0.06879,0.98015,0.97597,0.77935,0.00000,-0.00194,1.26606
2657,56,0,-0.13708,0.14511,1.0000,0.0000,0,1,2,0.3814,0.2500,0.0000,0.0000,0.0000,-0.97864,-0.97787,0.73147,0.06879,0.98015,0.97597,0.77935,0.00000,-0.00194,1.26606
2658,56,0,-0.96048,0.00195,0.0000,0.0000,0,0,6,0.3808,0.1250,0.0000,0.0000,0.0001,-0.98068,-0.97515,-0.69776,0.00000,0.97608,0.98007,0.77998,0.00000,-0.01383,1.27252
2659,56,0,-0.96048,0.00195,0.0000,0.0000,0,0,6,0.3808,0.1250,0.0000,0.0000,0.0001,-0.98068,-0.97515,-0.69776,0.00000,0.97608,0.98007,0.77998,0.00000,-0.01383,1.27252
2660,56,0,-0.96048,0.00195,0.0000,0.0000,0,0,6,0.3808,0.1250,0.0000,0.0000,0.0001,-0.98068,-0.97515,-0.69776,0.00000,0.97608,0.98007,0.77998,0.00000,-0.01383,1.27252
2661,56,0,-0.96048,0.00195,0.0000,0.0000,0,0,6,0.3808,0.1250,0.0000,0.0000,0.0001,-0.98068,-0.97515,-0.69776,0.00000,0.97608,0.98007,0.77998,0.00000,-0.01383,1.27252
2662,56,0,-0.96048,0.00195,0.0000,0.0000,0,0,6,0.3808,0.1250,0.0000,0.0000,0.0001,-0.98068,-0.97515,-0.69776,0.00000,0.97608,0.98007,0.77998,0.00000,-0.01383,1.27252
2663,56,0,-0.96048,0.00195,0.0000,0.0000,0,0,6,0.3808,0.1250,0.0000,0.0000,0.0001,-0.98068,-0.97515,-0.69776,0.00000,0.97608,0.98007,0.77998,0.00000,-0.01383,1.27252
2664,56,0,-0.96979,0.00087,0.0000,0.0000,0,0,6,0.3788,0.0000,0.0000,0.0000,0.0000,-0.98070,-0.97511,-0.55009,0.00000,0.97658,0.97972,0.78404,0.00000,-0.01397,1.31528
2665,56,0,-0.96979,0.00087,0.0000,0.0000,0,0,6,0.3788,0.0000,0.0000,0.0000,0.0000,-0.98070,-0.97511,-0.55009,0.00000,0.97658,0.97972,0.78404,0.00000,-0.01397,1.31528
2666,56,0,-0.96979,0.00087,0.0000,0.0000,0,0,6,0.3788,0.0000,0.0000,0.0000,0.0000,-0.98070,-0.97511,-0.55009,0.00000,0.97658,0.97972,0.78404,0.00000,-0.01397,1.31528
2667,56,0,-0.96979,0.00087,0.0000,0.0000,0,0,6,0.3788,0.0000,0.0000,0.0000,0.0000,-0.98070,-0.97511,-0.55009,0.00000,0.97658,0.97972,0.78404,0.00000,-0.01397,1.31528
2668,56,0,-0.96979,0.00087,0.0000,0.0000,0,0,6,0.3788,0.0000,0.0000,0.0000,0.0000,-0.98070,-0.97511,-0.55009,0.00000,0.97658,0.97972,0.78404,0.00000,-0.01397,1.31528
2669,56,0,-0.96979,0.00087,0.0000,0.0000,0,0,6,0.3788,0.0000,0.0000,0.0000,0.0000,-0.98070,-0.97511,-0.55009,0.00000,0.97658,0.97972,0.78404,0.00000,-0.01397,1.31528
2670,56,0,-0.96436,0.00034,1.0000,0.0000,0,1,6,0.3687,0.0000,0.0000,0.0000,0.0000,-0.98069,-0.97513,-0.38609,0.00000,0.97711,0.97930,0.78590,0.00000,-0.01389,1.33535
2671,56,0,-0.96436,0.00034,1.0000,0.0000,0,1,6,0.3687,0.0000,0.0000,0.0000,0.0000,-0.98069,-0.97513,-0.38609,0.00000,0.97711,0.97930,0.78590,0.00000,-0.01389,1.33535
2672,56,0,-0.96436,0.00034,1.0000,0.0000,0,1,6,0.3687,0.0000,0.0000,0.0000,0.0000,-0.98069,-0.97513,-0.38609,0.00000,0.97711,0.97930,0.78590,0.00000,-0.01389,1.33535
2673,56,0,-0.96436,0.00034,1.0000,0.0000,0,1,6,0.3687,0.0000,0.0000,0.0000,0.0000,-0.98069,-0.97513,-0.38609,0.00000,0.97711,0.97930,0.78590,0.00000,-0.01389,1.33535
2674,56,0,-0.96436,0.00034,1.0000,0.0000,0,1,6,0.3687,0.0000,0.0000,0.0000,0.0000,-0.98069,-0.97513,-0.38609,0.00000,0.97711,0.97930,0.78590,0.00000,-0.01389,1.33535
2675,56,0,-0.96436,0.00034,1.0000,0.0000,0,1,6,0.3687,0.0000,0.0000,0.0000,0.0000,-0.98069,-0.97513,-0.38609,0.00000,0.97711,0.97930,0.78590,0.00000,-0.01389,1.33535
2676,56,0,0.47892,0.30718,1.0000,0.0000,0,1,2,0.3681,0.0000,0.0000,0.0000,0.0000,-0.97681,-0.97954,0.87336,0.06328,0.98048,0.97547,0.78950,0.00000,0.00682,1.37531
2677,56,0,0.47892,0.30718,1.0000,0.0000,0,1,2,0.3681,0.0000,0.0000,0.0000,0.0000,-0.97681,-0.97954,0.87336,0.06328,0.98048,0.97547,0.78950,0.00000,0.00682,1.37531
2678,56,0,0.47892,0.30718,1.0000,0.0000,0,1,2,0.3681,0.0000,0.0000,0.0000,0.0000,-0.97681,-0.97954,0.87336,0.06328,0.98048,0.97547,0.78950,0.00000,0.00682,1.37531
2679,56,0,0.47892,0.30718,1.0000,0.0000,0,1,2,0.3681,0.0000,0.0000,0.0000,0.0000,-0.97681,-0.97954,0.87336,0.06328,0.98048,0.97547,0.78950,0.00000,0.00682,1.37531
2680,56,0,0.47892,0.30718,1.0000,0.0000,0,1,2,0.3681,0.0000,0.0000,0.0000,0.0000,-0.97681,-0.97954,0.87336,0.06328,0.98048,0.97547,0.78950,0.00000,0.00682,1.37531
2681,56,0,0.47892,0.30718,1.0000,0.0000,0,1,2,0.3681,0.0000,0.0000,0.0000,0.0000,-0.97681,-0.97954,0.87336,0.06328,0.98048,0.97547,0.78950,0.00000,0.00682,1.37531
2682,56,0,0.47892,0.30718,1.0000,0.0000,0,1,2,0.3674,0.0000,0.0000,0.0000,0.0001,-0.97681,-0.97954,0.87336,0.06328,0.98048,0.97547,0.78962,0.00000,0.00682,1.37660
2683,56,0,0.47892,0.30718,1.0000,0.0000,0,1,2,0.3674,0.0000,0.0000,0.0000,0.0001,-0.97681,-0.97954,0.87336,0.06328,0.98048,0.97547,0.78962,0.00000,0.00682,1.37660
2684,56,0,0.47892,0.30718,1.0000,0.0000,0,1,2,0.3674,0.0000,0.0000,0.0000,0.0001,-0.97681,-0.97954,0.87336,0.06328,0.98048,0.97547,0.78962,0.00000,0.00682,1.37660
2685,56,0,0.47892,0.30718,1.0000,0.0000,0,1,2,0.3674,0.0000,0.0000,0.0000,0.0001,-0.97681,-0.97954,0.87336,0.06328,0.98048,0.97547,0.78962,0.00000,0.00682,1.37660
2686,56,0,0.47892,0.30718,1.0000,0.0000,0,1,2,0.3674,0.0000,0.0000,0.0000,0.0001,-0.97681,-0.97954,0.87336,0.06328,0.98048,0.97547,0.78962,0.00000,0.00682,1.37660
2687,56,0,0.47892,0.30718,1.0000,0.0000,0,1,2,0.3674,0.0000,0.0000,0.0000,0.0001,-0.97681,-0.97954,0.87336,0.06328,0.98048,0.97547,0.78962,0.00000,0.00682,1.37660
2688,56,0,0.50511,0.28893,1.0000,0.0000,0,1,2,0.3667,0.0000,0.0000,0.0000,0.0002,-0.97673,-0.97960,0.86843,0.06067,0.98047,0.97548,0.78976,0.00000,0.00719,1.37828
2689,56,0,0.50511,0.28893,1.0000,0.0000,0,1,2,0.3667,0.0000,0.0000,0.0000,0.0002,-0.97673,-0.97960,0.86843,0.06067,0.98047,0.97548,0.78976,0.00000,0.00719,1.37828
2690,56,0,0.50511,0.28893,1.0000,0.0000,0,1,2,0.3667,0.0000,0.0000,0.0000,0.0002,-0.97673,-0.97960,0.86843,0.06067,0.98047,0.97548,0.78976,0.00000,0.00719,1.37828
2691,56,0,0.50511,0.28893,1.0000,0.0000,0,1,2,0.3667,0.0000,0.0000,0.0000,0.0002,-0.97673,-0.97960,0.86843,0.06067,0.98047,0.97548,0.78976,0.00000,0.00719,1.37828
2692,56,0,0.50511,0.28893,1.0000,0.0000,0,1,2,0.3667,0.0000,0.0000,0.0000,0.0002,-0.97673,-0.97960,0.86843,0.06067,0.98047,0.97548,0.78976,0.00000,0.00719,1.37828
2693,56,0,0.50511,0.28893,1.0000,0.0000,0,1,2,0.3667,0.0000,0.0000,0.0000,0.0002,-0.97673,-0.97960,0.86843,0.06067,0.98047,0.97548,0.78976,0.00000,0.00719,1.37828
2694,56,0,0.14949,0.27930,1.0000,0.0000,0,1,2,0.3641,0.0000,0.0000,0.0000,0.0000,-0.97783,-0.97868,0.81575,0.06436,0.98035,0.97567,0.78961,0.00000,0.00212,1.37658
2695,56,0,0.14949,0.27930,1.0000,0.0000,0,1,2,0.3641,0.0000,0.0000,0.0000,0.0000,-0.97783,-0.97868,0.81575,0.06436,0.98035,0.97567,0.78961,0.00000,0.00212,1.37658
2696,56,0,0.14949,0.27930,1.0000,0.0000,0,1,2,0.3641,0.0000,0.0000,0.0000,0.0000,-0.97783,-0.97868,0.81575,0.06436,0.98035,0.97567,0.78961,0.00000,0.00212,1.37658
2697,56,0,0.14949,0.27930,1.0000,0.0000,0,1,2,0.3641,0.0000,0.0000,0.0000,0.0000,-0.97783,-0.97868,0.81575,0.06436,0.98035,0.97567,0.78961,0.00000,0.00212,1.37658
2698,56,0,0.14949,0.27930,1.0000,0.0000,0,1,2,0.3641,0.0000,0.0000,0.0000,0.0000,-0.97783,-0.97868,0.81575,0.06436,0.98035,0.97567,0.78961,0.00000,0.00212,1.37658
2699,56,0,0.14949,0.27930,1.0000,0.0000,0,1,2,0.3641,0.0000,0.0000,0.0000,0.0000,-0.97783,-0.97868,0.81575,0.06436,0.98035,0.97567,0.78961,0.00000,0.00212,1.37658
2700,56,0,-0.96775,0.00093,1.0000,0.0000,0,1,6,0.3635,0.0000,0.0000,0.0000,0.0000,-0.98070,-0.97512,-0.55009,0.00000,0.97658,0.97972,0.78652,0.00000,-0.01394,1.34219
2701,56,0,-0.96775,0.00093,1.0000,0.0000,0,1,6,0.3635,0.0000,0.0000,0.0000,0.0000,-0.98070,-0.97512,-0.55009,0.00000,0.97658,0.97972,0.78652,0.00000,-0.01394,1.34219
2702,56,0,-0.96775,0.00093,1.0000,0.0000,0,1,6,0.3635,0.0000,0.0000,0.0000,0.0000,-0.98070,-0.97512,-0.55009,0.00000,0.97658,0.97972,0.78652,0.00000,-0.01394,1.34219
2703,56,0,-0.96775,0.00093,1.0000,0.0000,0,1,6,0.3635,0.0000,0.0000,0.0000,0.0000,-0.98070,-0.97512,-0.55009,0.00000,0.97658,0.97972,0.78652,0.00000,-0.01394,1.34219
2704,56,0,-0.96775,0.00093,1.0000,0.0000,0,1,6,0.3635,0.0000,0.0000,0.0000,0.0000,-0.98070,-0.97512,-0.55009,0.00000,0.97658,0.97972,0.78652,0.00000,-0.01394,1.34219
2705,56,0,-0.96775,0.00093,1.0000,0.0000,0,1,6,0.3635,0.0000,0.0000,0.0000,0.0000,-0.98070,-0.97512,-0.55009,0.00000,0.97658,0.97972,0.78652,0.00000,-0.01394,1.34219
2706,56,0,-0.97023,0.00037,1.0000,0.0000,0,1,6,0.3609,0.0000,0.0000,0.0000,0.0000,-0.98070,-0.97511,-0.38609,0.00000,0.97711,0.97930,0.78714,0.00000,-0.01398,1.34898
2707,56,0,-0.97023,0.00037,1.0000,0.0000,0,1,6,0.3609,0.0000,0.0000,0.0000,0.0000,-0.98070,-0.97511,-0.38609,0.00000,0.97711,0.97930,0.78714,0.00000,-0.01398,1.34898
2708,56,0,-0.97023,0.00037,1.0000,0.0000,0,1,6,0.3609,0.0000,0.0000,0.0000,0.0000,-0.98070,-0.97511,-0.38609,0.00000,0.97711,0.97930,0.78714,0.00000,-0.01398,1.34898
2709,56,0,-0.97023,0.00037,1.0000,0.0000,0,1,6,0.3609,0.0000,0.0000,0.0000,0.0000,-0.98070,-0.97511,-0.38609,0.00000,0.97711,0.97930,0.78714,0.00000,-0.01398,1.34898
2710,56,0,-0.97023,0.00037,1.0000,0.0000,0,1,6,0.3609,0.0000,0.0000,0.0000,0.0000,-0.98070,-0.97511,-0.38609,0.00000,0.97711,0.97930,0.78714,0.00000,-0.01398,1.34898
2711,56,0,-0.97023,0.00037,1.0000,0.0000,0,1,6,0.3609,0.0000,0.0000,0.0000,0.0000,-0.98070,-0.97511,-0.38609,0.00000,0.97711,0.97930,0.78714,0.00000,-0.01398,1.34898
2712,56,0,0.43962,0.33219,1.0000,0.0000,0,1,2,0.3602,0.0000,0.0000,0.0000,0.0000,-0.97694,-0.97944,0.88264,0.06879,0.98051,0.97543,0.79067,0.00000,0.00625,1.38859
2713,56,0,0.43962,0.33219,1.0000,0.0000,0,1,2,0.3602,0.0000,0.0000,0.0000,0.0000,-0.97694,-0.97944,0.88264,0.06879,0.98051,0.97543,0.79067,0.00000,0.00625,1.38859
2714,56,0,0.43962,0.33219,1.0000,0.0000,0,1,2,0.3602,0.0000,0.0000,0.0000,0.0000,-0.97694,-0.97944,0.88264,0.06879,0.98051,0.97543,0.79067,0.00000,0.00625,1.38859
2715,56,0,0.43962,0.33219,1.0000,0.0000,0,1,2,0.3602,0.0000,0.0000,0.0000,0.0000,-0.97694,-0.97944,0.88264,0.06879,0.98051,0.97543,0.79067,0.00000,0.00625,1.38859
2716,56,0,0.43962,0.33219,1.0000,0.0000,0,1,2,0.3602,0.0000,0.0000,0.0000,0.0000,-0.97694,-0.97944,0.88264,0.06879,0.98051,0.97543,0.79067,0.00000,0.00625,1.38859
2717,56,0,0.43962,0.33219,1.0000,0.0000,0,1,2,0.3602,0.0000,0.0000,0.0000,0.0000,-0.97694,-0.97944,0.88264,0.06879,0.98051,0.97543,0.79067,0.00000,0.00625,1.38859
2718,56,0,0.54774,0.44317,1.0000,0.0000,0,1,2,0.3595,0.0000,0.0000,0.0000,0.0001,-0.97659,-0.97971,0.88264,0.06879,0.98051,0.97543,0.79092,0.00000,0.00781,1.39144
2719,56,0,0.54774,0.44317,1.0000,0.0000,0,1,2,0.3595,0.0000,0.0000,0.0000,0.0001,-0.97659,-0.97971,0.88264,0.06879,0.98051,0.97543,0.79092,0.00000,0.00781,1.39144
2720,56,0,0.54774,0.44317,1.0000,0.0000,0,1,2,0.3595,0.0000,0.0000,0.0000,0.0001,-0.97659,-0.97971,0.88264,0.06879,0.98051,0.97543,0.79092,0.00000,0.00781,1.39144
2721,56,0,0.54774,0.44317,1.0000,0.0000,0,1,2,0.3595,0.0000,0.0000,0.0000,0.0001,-0.97659,-0.97971,0.88264,0.06879,0.98051,0.97543,0.79092,0.00000,0.00781,1.39144
2722,56,0,0.54774,0.44317,1.0000,0.0000,0,1,2,0.3595,0.0000,0.0000,0.0000,0.0001,-0.97659,-0.97971,0.88264,0.06879,0.98051,0.97543,0.79092,0.00000,0.00781,1.39144
2723,56,0,0.54774,0.44317,1.0000,0.0000,0,1,2,0.3595,0.0000,0.0000,0.0000,0.0001,-0.97659,-0.97971,0.88264,0.06879,0.98051,0.97543,0.79092,0.00000,0.00781,1.39144
2724,56,0,0.55585,0.39081,1.0000,0.0000,0,1,2,0.3589,0.0000,0.0000,0.0000,0.0002,-0.97656,-0.97973,0.87811,0.06600,0.98049,0.97545,0.79105,0.00000,0.00792,1.39287
2725,56,0,0.55585,0.39081,1.0000,0.0000,0,1,2,0.3589,0.0000,0.0000,0.0000,0.0002,-0.97656,-0.97973,0.87811,0.06600,0.98049,0.97545,0.79105,0.00000,0.00792,1.39287
2726,56,0,0.55585,0.39081,1.0000,0.0000,0,1,2,0.3589,0.0000,0.0000,0.0000,0.0002,-0.97656,-0.97973,0.87811,0.06600,0.98049,0.97545,0.79105,0.00000,0.00792,1.39287
2727,56,0,0.55585,0.39081,1.0000,0.0000,0,1,2,0.3589,0.0000,0.0000,0.0000,0.0002,-0.97656,-0.97973,0.87811,0.06600,0.98049,0.97545,0.79105,0.00000,0.00792,1.39287
2728,56,0,0.55585,0.39081,1.0000,0.0000,0,1,2,0.3589,0.0000,0.0000,0.0000,0.0002,-0.97656,-0.97973,0.87811,0.06600,0.98049,0.97545,0.79105,0.00000,0.00792,1.39287
2729,56,0,0.55585,0.39081,1.0000,0.0000,0,1,2,0.3589,0.0000,0.0000,0.0000,0.0002,-0.97656,-0.97973,0.87811,0.06600,0.98049,0.97545,0.79105,0.00000,0.00792,1.39287
2730,56,0,0.55585,0.39081,1.0000,0.0000,0,1,2,0.3582,0.0000,0.0000,0.0000,0.0004,-0.97656,-0.97973,0.87811,0.06600,0.98049,0.97545,0.79117,0.00000,0.00792,1.39432
2731,56,0,0.55585,0.39081,1.0000,0.0000,0,1,2,0.3582,0.0000,0.0000,0.0000,0.0004,-0.97656,-0.97973,0.87811,0.06600,0.98049,0.97545,0.79117,0.00000,0.00792,1.39432
2732,56,0,0.55585,0.39081,1.0000,0.0000,0,1,2,0.3582,0.0000,0.0000,0.0000,0.0004,-0.97656,-0.97973,0.87811,0.06600,0.98049,0.97545,0.79117,0.00000,0.00792,1.39432
2733,56,0,0.55585,0.39081,1.0000,0.0000,0,1,2,0.3582,0.0000,0.0000,0.0000,0.0004,-0.97656,-0.97973,0.87811,0.06600,0.98049,0.97545,0.79117,0.00000,0.00792,1.39432
2734,56,0,0.55585,0.39081,1.0000,0.0000,0,1,2,0.3582,0.0000,0.0000,0.0000,0.0004,-0.97656,-0.97973,0.87811,0.06600,0.98049,0.97545,0.79117,0.00000,0.00792,1.39432
2735,56,0,0.55585,0.39081,1.0000,0.0000,0,1,2,0.3582,0.0000,0.0000,0.0000,0.0004,-0.97656,-0.97973,0.87811,0.06600,0.98049,0.97545,0.79117,0.00000,0.00792,1.39432
2736,56,0,0.25839,0.28263,1.0000,0.0000,0,1,2,0.3556,0.0000,0.0000,0.0000,0.0000,-0.97750,-0.97897,0.82214,0.06699,0.98037,0.97565,0.79107,0.00000,0.00367,1.39310
2737,56,0,0.25839,0.28263,1.0000,0.0000,0,1,2,0.3556,0.0000,0.0000,0.0000,0.0000,-0.97750,-0.97897,0.82214,0.06699,0.98037,0.97565,0.79107,0.00000,0.00367,1.39310
2738,56,0,0.25839,0.28263,1.0000,0.0000,0,1,2,0.3556,0.0000,0.0000,0.0000,0.0000,-0.97750,-0.97897,0.82214,0.06699,0.98037,0.97565,0.79107,0.00000,0.00367,1.39310
2739,56,0,0.25839,0.28263,1.0000,0.0000,0,1,2,0.3556,0.0000,0.0000,0.0000,0.0000,-0.97750,-0.97897,0.82214,0.06699,0.98037,0.97565,0.79107,0.00000,0.00367,1.39310
2740,56,0,0.25839,0.28263,1.0000,0.0000,0,1,2,0.3556,0.0000,0.0000,0.0000,0.0000,-0.97750,-0.97897,0.82214,0.06699,0.98037,0.97565,0.79107,0.00000,0.00367,1.39310
2741,56,0,0.25839,0.28263,1.0000,0.0000,0,1,2,0.3556,0.0000,0.0000,0.0000,0.0000,-0.97750,-0.97897,0.82214,0.06699,0.98037,0.97565,0.79107,0.00000,0.00367,1.39310
2742,56,0,-0.96566,0.00098,1.0000,0.0000,0,1,6,0.3550,0.0000,0.0000,0.0000,0.0000,-0.98069,-0.97513,-0.55009,0.00000,0.97658,0.97972,0.78788,0.00000,-0.01391,1.35710
2743,56,0,-0.96566,0.00098,1.0000,0.0000,0,1,6,0.3550,0.0000,0.0000,0.0000,0.0000,-0.98069,-0.97513,-0.55009,0.00000,0.97658,0.97972,0.78788,0.00000,-0.01391,1.35710
2744,56,0,-0.96566,0.00098,1.0000,0.0000,0,1,6,0.3550,0.0000,0.0000,0.0000,0.0000,-0.98069,-0.97513,-0.55009,0.00000,0.97658,0.97972,0.78788,0.00000,-0.01391,1.35710
2745,56,0,-0.96566,0.00098,1.0000,0.0000,0,1,6,0.3550,0.0000,0.0000,0.0000,0.0000,-0.98069,-0.97513,-0.55009,0.00000,0.97658,0.97972,0.78788,0.00000,-0.01391,1.35710
2746,56,0,-0.96566,0.00098,1.0000,0.0000,0,1,6,0.3550,0.0000,0.0000,0.0000,0.0000,-0.98069,-0.97513,-0.55009,0.00000,0.97658,0.97972,0.78788,0.00000,-0.01391,1.35710
2747,56,0,-0.96566,0.00098,1.0000,0.0000,0,1,6,0.3550,0.0000,0.0000,0.0000,0.0000,-0.98069,-0.97513,-0.55009,0.00000,0.97658,0.97972,0.78788,0.00000,-0.01391,1.35710
2748,56,0,-0.96017,0.00099,1.0000,0.0000,0,1,6,0.3543,0.0000,0.0000,0.0000,0.0001,-0.98068,-0.97515,-0.55009,0.00000,0.97658,0.97972,0.78800,0.00000,-0.01383,1.35848
2749,56,0,-0.96017,0.00099,1.0000,0.0000,0,1,6,0.3543,0.0000,0.0000,0.0000,0.0001,-0.98068,-0.97515,-0.55009,0.00000,0.97658,0.97972,0.78800,0.00000,-0.01383,1.35848
2750,56,0,-0.96017,0.00099,1.0000,0.0000,0,1,6,0.3543,0.0000,0.0000,0.0000,0.0001,-0.98068,-0.97515,-0.55009,0.00000,0.97658,0.97972,0.78800,0.00000,-0.01383,1.35848
2751,56,0,-0.96017,0.00099,1.0000,0.0000,0,1,6,0.3543,0.0000,0.0000,0.0000,0.0001,-0.98068,-0.97515,-0.55009,0.00000,0.97658,0.97972,0.78800,0.00000,-0.01383,1.35848
2752,56,0,-0.96017,0.00099,1.0000,0.0000,0,1,6,0.3543,0.0000,0.0000,0.0000,0.0001,-0.98068,-0.97515,-0.55009,0.00000,0.97658,0.97972,0.78800,0.00000,-0.01383,1.35848
2753,56,0,-0.96017,0.00099,1.0000,0.0000,0,1,6,0.3543,0.0000,0.0000,0.0000,0.0001,-0.98068,-0.97515,-0.55009,0.00000,0.97658,0.97972,0.78800,0.00000,-0.01383,1.35848
2754,56,0,-0.96894,0.00041,1.0000,0.0000,0,1,6,0.3517,0.0000,0.0000,0.0000,0.0000,-0.98070,-0.97512,-0.38609,0.00000,0.97711,0.97930,0.78859,0.00000,-0.01396,1.36504
2755,56,0,-0.96894,0.00041,1.0000,0.0000,0,1,6,0.3517,0.0000,0.0000,0.0000,0.0000,-0.98070,-0.97512,-0.38609,0.00000,0.97711,0.97930,0.78859,0.00000,-0.01396,1.36504
2756,56,0,-0.96894,0.00041,1.0000,0.0000,0,1,6,0.3517,0.0000,0.0000,0.0000,0.0000,-0.98070,-0.97512,-0.38609,0.00000,0.97711,0.97930,0.78859,0.00000,-0.01396,1.36504
2757,56,0,-0.96894,0.00041,1.0000,0.0000,0,1,6,0.3517,0.0000,0.0000,0.0000,0.0000,-0.98070,-0.97512,-0.38609,0.00000,0.97711,0.97930,0.78859,0.00000,-0.01396,1.36504
2758,56,0,-0.96894,0.00041,1.0000,0.0000,0,1,6,0.3517,0.0000,0.0000,0.0000,0.0000,-0.98070,-0.97512,-0.38609,0.00000,0.97711,0.97930,0.78859,0.00000,-0.01396,1.36504
2759,56,0,-0.96894,0.00041,1.0000,0.0000,0,1,6,0.3517,0.0000,0.0000,0.0000,0.0000,-0.98070,-0.97512,-0.38609,0.00000,0.97711,0.97930,0.78859,0.00000,-0.01396,1.36504
2760,56,0,0.39397,0.29024,1.0000,0.0000,0,1,2,0.3510,0.0000,0.0000,0.0000,0.0000,-0.97708,-0.97932,0.88698,0.07167,0.98052,0.97542,0.79202,0.00000,0.00560,1.40405
2761,56,0,0.39397,0.29024,1.0000,0.0000,0,1,2,0.3510,0.0000,0.0000,0.0000,0.0000,-0.97708,-0.97932,0.88698,0.07167,0.98052,0.97542,0.79202,0.00000,0.00560,1.40405
2762,56,0,0.39397,0.29024,1.0000,0.0000,0,1,2,0.3510,0.0000,0.0000,0.0000,0.0000,-0.97708,-0.97932,0.88698,0.07167,0.98052,0.97542,0.79202,0.00000,0.00560,1.40405
2763,56,0,0.39397,0.29024,1.0000,0.0000,0,1,2,0.3510,0.0000,0.0000,0.0000,0.0000,-0.97708,-0.97932,0.88698,0.07167,0.98052,0.97542,0.79202,0.00000,0.00560,1.40405
2764,56,0,0.39397,0.29024,1.0000,0.0000,0,1,2,0.3510,0.0000,0.0000,0.0000,0.0000,-0.97708,-0.97932,0.88698,0.07167,0.98052,0.97542,0.79202,0.00000,0.00560,1.40405
2765,56,0,0.39397,0.29024,1.0000,0.0000,0,1,2,0.3510,0.0000,0.0000,0.0000,0.0000,-0.97708,-0.97932,0.88698,0.07167,0.98052,0.97542,0.79202,0.00000,0.00560,1.40405
2766,56,0,0.39397,0.29024,1.0000,0.0000,0,1,2,0.3504,0.0000,0.0000,0.0000,0.0001,-0.97708,-0.97932,0.88698,0.07167,0.98052,0.97542,0.79213,0.00000,0.00560,1.40535
2767,56,0,0.39397,0.29024,1.0000,0.0000,0,1,2,0.3504,0.0000,0.0000,0.0000,0.0001,-0.97708,-0.97932,0.88698,0.07167,0.98052,0.97542,0.79213,0.00000,0.00560,1.40535
2768,56,0,0.39397,0.29024,1.0000,0.0000,0,1,2,0.3504,0.0000,0.0000,0.0000,0.0001,-0.97708,-0.97932,0.88698,0.07167,0.98052,0.97542,0.79213,0.00000,0.00560,1.40535
2769,56,0,0.39397,0.29024,1.0000,0.0000,0,1,2,0.3504,0.0000,0.0000,0.0000,0.0001,-0.97708,-0.97932,0.88698,0.07167,0.98052,0.97542,0.79213,0.00000,0.00560,1.40535
2770,56,0,0.39397,0.29024,1.0000,0.0000,0,1,2,0.3504,0.0000,0.0000,0.0000,0.0001,-0.97708,-0.97932,0.88698,0.07167,0.98052,0.97542,0.79213,0.00000,0.00560,1.40535
2771,56,0,0.39397,0.29024,1.0000,0.0000,0,1,2,0.3504,0.0000,0.0000,0.0000,0.0001,-0.97708,-0.97932,0.88698,0.07167,0.98052,0.97542,0.79213,0.00000,0.00560,1.40535
2772,56,0,0.42725,0.27083,1.0000,0.0000,0,1,2,0.3497,0.0000,0.0000,0.0000,0.0002,-0.97698,-0.97941,0.88266,0.06880,0.98051,0.97543,0.79228,0.00000,0.00608,1.40713
2773,56,0,0.42725,0.27083,1.0000,0.0000,0,1,2,0.3497,0.0000,0.0000,0.0000,0.0002,-0.97698,-0.97941,0.88266,0.06880,0.98051,0.97543,0.79228,0.00000,0.00608,1.40713
2774,56,0,0.42725,0.27083,1.0000,0.0000,0,1,2,0.3497,0.0000,0.0000,0.0000,0.0002,-0.97698,-0.97941,0.88266,0.06880,0.98051,0.97543,0.79228,0.00000,0.00608,1.40713
2775,56,0,0.42725,0.27083,1.0000,0.0000,0,1,2,0.3497,0.0000,0.0000,0.0000,0.0002,-0.97698,-0.97941,0.88266,0.06880,0.98051,0.97543,0.79228,0.00000,0.00608,1.40713
2776,56,0,0.42725,0.27083,1.0000,0.0000,0,1,2,0.3497,0.0000,0.0000,0.0000,0.0002,-0.97698,-0.97941,0.88266,0.06880,0.98051,0.97543,0.79228,0.00000,0.00608,1.40713
2777,56,0,0.42725,0.27083,1.0000,0.0000,0,1,2,0.3497,0.0000,0.0000,0.0000,0.0002,-0.97698,-0.97941,0.88266,0.06880,0.98051,0.97543,0.79228,0.00000,0.00608,1.40713
2778,56,0,0.13469,0.22513,1.0000,0.0000,0,1,2,0.3471,0.0000,0.0000,0.0000,0.0000,-0.97787,-0.97864,0.83415,0.07247,0.98039,0.97561,0.79222,0.00000,0.00191,1.40639
2779,56,0,0.13469,0.22513,1.0000,0.0000,0,1,2,0.3471,0.0000,0.0000,0.0000,0.0000,-0.97787,-0.97864,0.83415,0.07247,0.98039,0.97561,0.79222,0.00000,0.00191,1.40639
2780,56,0,0.13469,0.22513,1.0000,0.0000,0,1,2,0.3471,0.0000,0.0000,0.0000,0.0000,-0.97787,-0.97864,0.83415,0.07247,0.98039,0.97561,0.79222,0.00000,0.00191,1.40639
2781,56,0,0.13469,0.22513,1.0000,0.0000,0,1,2,0.3471,0.0000,0.0000,0.0000,0.0000,-0.97787,-0.97864,0.83415,0.07247,0.98039,0.97561,0.79222,0.00000,0.00191,1.40639
2782,56,0,0.13469,0.22513,1.0000,0.0000,0,1,2,0.3471,0.0000,0.0000,0.0000,0.0000,-0.97787,-0.97864,0.83415,0.07247,0.98039,0.97561,0.79222,0.00000,0.00191,1.40639
2783,56,0,0.13469,0.22513,1.0000,0.0000,0,1,2,0.3471,0.0000,0.0000,0.0000,0.0000,-0.97787,-0.97864,0.83415,0.07247,0.98039,0.97561,0.79222,0.00000,0.00191,1.40639
2784,56,0,-0.96054,0.00104,1.0000,0.0000,0,1,6,0.3465,0.0000,0.0000,0.0000,0.0000,-0.98068,-0.97515,-0.55009,0.00000,0.97658,0.97972,0.78921,0.00000,-0.01384,1.37205
2785,56,0,-0.96054,0.00104,1.0000,0.0000,0,1,6,0.3465,0.0000,0.0000,0.0000,0.0000,-0.98068,-0.97515,-0.55009,0.00000,0.97658,0.97972,0.78921,0.00000,-0.01384,1.37205
2786,56,0,-0.96054,0.00104,1.0000,0.0000,0,1,6,0.3465,0.0000,0.0000,0.0000,0.0000,-0.98068,-0.97515,-0.55009,0.00000,0.97658,0.97972,0.78921,0.00000,-0.01384,1.37205
2787,56,0,-0.96054,0.00104,1.0000,0.0000,0,1,6,0.3465,0.0000,0.0000,0.0000,0.0000,-0.98068,-0.97515,-0.55009,0.00000,0.97658,0.97972,0.78921,0.00000,-0.01384,1.37205
2788,56,0,-0.96054,0.00104,1.0000,0.0000,0,1,6,0.3465,0.0000,0.0000,0.0000,0.0000,-0.98068,-0.97515,-0.55009,0.00000,0.97658,0.97972,0.78921,0.00000,-0.01384,1.37205
2789,56,0,-0.96054,0.00104,1.0000,0.0000,0,1,6,0.3465,0.0000,0.0000,0.0000,0.0000,-0.98068,-0.97515,-0.55009,0.00000,0.97658,0.97972,0.78921,0.00000,-0.01384,1.37205
2790,56,0,-0.96054,0.00104,1.0000,0.0000,0,1,6,0.3458,0.0000,0.0000,0.0000,0.0001,-0.98068,-0.97515,-0.55009,0.00000,0.97658,0.97972,0.78933,0.00000,-0.01384,1.37334
2791,56,0,-0.96054,0.00104,1.0000,0.0000,0,1,6,0.3458,0.0000,0.0000,0.0000,0.0001,-0.98068,-0.97515,-0.55009,0.00000,0.97658,0.97972,0.78933,0.00000,-0.01384,1.37334
2792,56,0,-0.96054,0.00104,1.0000,0.0000,0,1,6,0.3458,0.0000,0.0000,0.0000,0.0001,-0.98068,-0.97515,-0.55009,0.00000,0.97658,0.97972,0.78933,0.00000,-0.01384,1.37334
2793,56,0,-0.96054,0.00104,1.0000,0.0000,0,1,6,0.3458,0.0000,0.0000,0.0000,0.0001,-0.98068,-0.97515,-0.55009,0.00000,0.97658,0.97972,0.78933,0.00000,-0.01384,1.37334
2794,56,0,-0.96054,0.00104,1.0000,0.0000,0,1,6,0.3458,0.0000,0.0000,0.0000,0.0001,-0.98068,-0.97515,-0.55009,0.00000,0.97658,0.97972,0.78933,0.00000,-0.01384,1.37334
2795,56,0,-0.96054,0.00104,1.0000,0.0000,0,1,6,0.3458,0.0000,0.0000,0.0000,0.0001,-0.98068,-0.97515,-0.55009,0.00000,0.97658,0.97972,0.78933,0.00000,-0.01384,1.37334
2796,56,0,-0.96362,0.00044,1.0000,0.0000,0,1,6,0.3432,0.0000,0.0000,0.0000,0.0000,-0.98069,-0.97514,-0.38609,0.00000,0.97711,0.97930,0.78991,0.00000,-0.01388,1.37999
2797,56,0,-0.96362,0.00044,1.0000,0.0000,0,1,6,0.3432,0.0000,0.0000,0.0000,0.0000,-0.98069,-0.97514,-0.38609,0.00000,0.97711,0.97930,0.78991,0.00000,-0.01388,1.37999
2798,56,0,-0.96362,0.00044,1.0000,0.0000,0,1,6,0.3432,0.0000,0.0000,0.0000,0.0000,-0.98069,-0.97514,-0.38609,0.00000,0.97711,0.97930,0.78991,0.00000,-0.01388,1.37999
2799,56,0,-0.96362,0.00044,1.0000,0.0000,0,1,6,0.3432,0.0000,0.0000,0.0000,0.0000,-0.98069,-0.97514,-0.38609,0.00000,0.97711,0.97930,0.78991,0.00000,-0.01388,1.37999
2800,56,0,-0.96362,0.00044,1.0000,0.0000,0,1,6,0.3432,0.0000,0.0000,0.0000,0.0000,-0.98069,-0.97514,-0.38609,0.00000,0.97711,0.97930,0.78991,0.00000,-0.01388,1.37999
2801,56,0,-0.96362,0.00044,1.0000,0.0000,0,1,6,0.3432,0.0000,0.0000,0.0000,0.0000,-0.98069,-0.97514,-0.38609,0.00000,0.97711,0.97930,0.78991,0.00000,-0.01388,1.37999
2802,56,0,0.29732,0.23680,1.0000,0.0000,0,1,2,0.3426,0.0000,0.0000,0.0000,0.0000,-0.97738,-0.97907,0.87338,0.06329,0.98048,0.97547,0.79316,0.00000,0.00422,1.41734
2803,56,0,0.29732,0.23680,1.0000,0.0000,0,1,2,0.3426,0.0000,0.0000,0.0000,0.0000,-0.97738,-0.97907,0.87338,0.06329,0.98048,0.97547,0.79316,0.00000,0.00422,1.41734
2804,56,0,0.29732,0.23680,1.0000,0.0000,0,1,2,0.3426,0.0000,0.0000,0.0000,0.0000,-0.97738,-0.97907,0.87338,0.06329,0.98048,0.97547,0.79316,0.00000,0.00422,1.41734
2805,56,0,0.29732,0.23680,1.0000,0.0000,0,1,2,0.3426,0.0000,0.0000,0.0000,0.0000,-0.97738,-0.97907,0.87338,0.06329,0.98048,0.97547,0.79316,0.00000,0.00422,1.41734
2806,56,0,0.29732,0.23680,1.0000,0.0000,0,1,2,0.3426,0.0000,0.0000,0.0000,0.0000,-0.97738,-0.97907,0.87338,0.06329,0.98048,0.97547,0.79316,0.00000,0.00422,1.41734
2807,56,0,0.29732,0.23680,1.0000,0.0000,0,1,2,0.3426,0.0000,0.0000,0.0000,0.0000,-0.97738,-0.97907,0.87338,0.06329,0.98048,0.97547,0.79316,0.00000,0.00422,1.41734
2808,56,0,0.08981,0.18727,1.0000,0.0000,0,1,2,0.3400,0.0000,0.0000,0.0000,0.0000,-0.97800,-0.97851,0.81579,0.06438,0.98035,0.97567,0.79322,0.00000,0.00127,1.41800
2809,56,0,0.08981,0.18727,1.0000,0.0000,0,1,2,0.3400,0.0000,0.0000,0.0000,0.0000,-0.97800,-0.97851,0.81579,0.06438,0.98035,0.97567,0.79322,0.00000,0.00127,1.41800
2810,56,0,0.08981,0.18727,1.0000,0.0000,0,1,2,0.3400,0.0000,0.0000,0.0000,0.0000,-0.97800,-0.97851,0.81579,0.06438,0.98035,0.97567,0.79322,0.00000,0.00127,1.41800
2811,56,0,0.08981,0.18727,1.0000,0.0000,0,1,2,0.3400,0.0000,0.0000,0.0000,0.0000,-0.97800,-0.97851,0.81579,0.06438,0.98035,0.97567,0.79322,0.00000,0.00127,1.41800
2812,56,0,0.08981,0.18727,1.0000,0.0000,0,1,2,0.3400,0.0000,0.0000,0.0000,0.0000,-0.97800,-0.97851,0.81579,0.06438,0.98035,0.97567,0.79322,0.00000,0.00127,1.41800
2813,56,0,0.08981,0.18727,1.0000,0.0000,0,1,2,0.3400,0.0000,0.0000,0.0000,0.0000,-0.97800,-0.97851,0.81579,0.06438,0.98035,0.97567,0.79322,0.00000,0.00127,1.41800
2814,56,0,-0.96248,0.00107,1.0000,0.0000,0,1,6,0.3393,0.0000,0.0000,0.0000,0.0000,-0.98069,-0.97514,-0.55009,0.00000,0.97658,0.97972,0.79032,0.00000,-0.01386,1.38454
2815,56,0,-0.96248,0.00107,1.0000,0.0000,0,1,6,0.3393,0.0000,0.0000,0.0000,0.0000,-0.98069,-0.97514,-0.55009,0.00000,0.97658,0.97972,0.79032,0.00000,-0.01386,1.38454
2816,56,0,-0.96248,0.00107,1.0000,0.0000,0,1,6,0.3393,0.0000,0.0000,0.0000,0.0000,-0.98069,-0.97514,-0.55009,0.00000,0.97658,0.97972,0.79032,0.00000,-0.01386,1.38454
2817,56,0,-0.96248,0.00107,1.0000,0.0000,0,1,6,0.3393,0.0000,0.0000,0.0000,0.0000,-0.98069,-0.97514,-0.55009,0.00000,0.97658,0.97972,0.79032,0.00000,-0.01386,1.38454
2818,56,0,-0.96248,0.00107,1.0000,0.0000,0,1,6,0.3393,0.0000,0.0000,0.0000,0.0000,-0.98069,-0.97514,-0.55009,0.00000,0.97658,0.97972,0.79032,0.00000,-0.01386,1.38454
2819,56,0,-0.96248,0.00107,1.0000,0.0000,0,1,6,0.3393,0.0000,0.0000,0.0000,0.0000,-0.98069,-0.97514,-0.55009,0.00000,0.97658,0.97972,0.79032,0.00000,-0.01386,1.38454
2820,56,0,-0.95646,0.00110,1.0000,0.0000,0,1,6,0.3386,0.0000,0.0000,0.0000,0.0001,-0.98067,-0.97516,-0.55009,0.00000,0.97658,0.97972,0.79044,0.00000,-0.01377,1.38592
2821,56,0,-0.95646,0.00110,1.0000,0.0000,0,1,6,0.3386,0.0000,0.0000,0.0000,0.0001,-0.98067,-0.97516,-0.55009,0.00000,0.97658,0.97972,0.79044,0.00000,-0.01377,1.38592
2822,56,0,-0.95646,0.00110,1.0000,0.0000,0,1,6,0.3386,0.0000,0.0000,0.0000,0.0001,-0.98067,-0.97516,-0.55009,0.00000,0.97658,0.97972,0.79044,0.00000,-0.01377,1.38592
2823,56,0,-0.95646,0.00110,1.0000,0.0000,0,1,6,0.3386,0.0000,0.0000,0.0000,0.0001,-0.98067,-0.97516,-0.55009,0.00000,0.97658,0.97972,0.79044,0.00000,-0.01377,1.38592
2824,56,0,-0.95646,0.00110,1.0000,0.0000,0,1,6,0.3386,0.0000,0.0000,0.0000,0.0001,-0.98067,-0.97516,-0.55009,0.00000,0.97658,0.97972,0.79044,0.00000,-0.01377,1.38592
2825,56,0,-0.95646,0.00110,1.0000,0.0000,0,1,6,0.3386,0.0000,0.0000,0.0000,0.0001,-0.98067,-0.97516,-0.55009,0.00000,0.97658,0.97972,0.79044,0.00000,-0.01377,1.38592
2826,56,0,-0.96881,0.00046,1.0000,0.0000,0,1,6,0.3361,0.0000,0.0000,0.0000,0.0000,-0.98070,-0.97512,-0.38609,0.00000,0.97711,0.97930,0.79101,0.00000,-0.01396,1.39243
2827,56,0,-0.96881,0.00046,1.0000,0.0000,0,1,6,0.3361,0.0000,0.0000,0.0000,0.0000,-0.98070,-0.97512,-0.38609,0.00000,0.97711,0.97930,0.79101,0.00000,-0.01396,1.39243
2828,56,0,-0.96881,0.00046,1.0000,0.0000,0,1,6,0.3361,0.0000,0.0000,0.0000,0.0000,-0.98070,-0.97512,-0.38609,0.00000,0.97711,0.97930,0.79101,0.00000,-0.01396,1.39243
2829,56,0,-0.96881,0.00046,1.0000,0.0000,0,1,6,0.3361,0.0000,0.0000,0.0000,0.0000,-0.98070,-0.97512,-0.38609,0.00000,0.97711,0.97930,0.79101,0.00000,-0.01396,1.39243
2830,56,0,-0.96881,0.00046,1.0000,0.0000,0,1,6,0.3361,0.0000,0.0000,0.0000,0.0000,-0.98070,-0.97512,-0.38609,0.00000,0.97711,0.97930,0.79101,0.00000,-0.01396,1.39243
2831,56,0,-0.96881,0.00046,1.0000,0.0000,0,1,6,0.3361,0.0000,0.0000,0.0000,0.0000,-0.98070,-0.97512,-0.38609,0.00000,0.97711,0.97930,0.79101,0.00000,-0.01396,1.39243
2832,56,0,0.21803,0.19867,1.0000,0.0000,0,1,2,0.3354,0.0000,0.0000,0.0000,0.0000,-0.97762,-0.97886,0.88266,0.06880,0.98051,0.97543,0.79414,0.00000,0.00309,1.42886
2833,56,0,0.21803,0.19867,1.0000,0.0000,0,1,2,0.3354,0.0000,0.0000,0.0000,0.0000,-0.97762,-0.97886,0.88266,0.06880,0.98051,0.97543,0.79414,0.00000,0.00309,1.42886
2834,56,0,0.21803,0.19867,1.0000,0.0000,0,1,2,0.3354,0.0000,0.0000,0.0000,0.0000,-0.97762,-0.97886,0.88266,0.06880,0.98051,0.97543,0.79414,0.00000,0.00309,1.42886
2835,56,0,0.21803,0.19867,1.0000,0.0000,0,1,2,0.3354,0.0000,0.0000,0.0000,0.0000,-0.97762,-0.97886,0.88266,0.06880,0.98051,0.97543,0.79414,0.00000,0.00309,1.42886
2836,56,0,0.21803,0.19867,1.0000,0.0000,0,1,2,0.3354,0.0000,0.0000,0.0000,0.0000,-0.97762,-0.97886,0.88266,0.06880,0.98051,0.97543,0.79414,0.00000,0.00309,1.42886
2837,56,0,0.21803,0.19867,1.0000,0.0000,0,1,2,0.3354,0.0000,0.0000,0.0000,0.0000,-0.97762,-0.97886,0.88266,0.06880,0.98051,0.97543,0.79414,0.00000,0.00309,1.42886
2838,56,0,-0.00708,0.16919,1.0000,0.0000,0,1,2,0.3328,0.0000,0.0000,0.0000,0.0000,-0.97828,-0.97824,0.83415,0.07247,0.98039,0.97561,0.79419,0.00000,-0.00010,1.42941
2839,56,0,-0.00708,0.16919,1.0000,0.0000,0,1,2,0.3328,0.0000,0.0000,0.0000,0.0000,-0.97828,-0.97824,0.83415,0.07247,0.98039,0.97561,0.79419,0.00000,-0.00010,1.42941
2840,56,0,-0.00708,0.16919,1.0000,0.0000,0,1,2,0.3328,0.0000,0.0000,0.0000,0.0000,-0.97828,-0.97824,0.83415,0.07247,0.98039,0.97561,0.79419,0.00000,-0.00010,1.42941
2841,56,0,-0.00708,0.16919,1.0000,0.0000,0,1,2,0.3328,0.0000,0.0000,0.0000,0.0000,-0.97828,-0.97824,0.83415,0.07247,0.98039,0.97561,0.79419,0.00000,-0.00010,1.42941
2842,56,0,-0.00708,0.16919,1.0000,0.0000,0,1,2,0.3328,0.0000,0.0000,0.0000,0.0000,-0.97828,-0.97824,0.83415,0.07247,0.98039,0.97561,0.79419,0.00000,-0.00010,1.42941
2843,56,0,-0.00708,0.16919,1.0000,0.0000,0,1,2,0.3328,0.0000,0.0000,0.0000,0.0000,-0.97828,-0.97824,0.83415,0.07247,0.98039,0.97561,0.79419,0.00000,-0.00010,1.42941
2844,56,0,-0.95906,0.00116,1.0000,0.0000,0,1,6,0.3322,0.0000,0.0000,0.0000,0.0000,-0.98068,-0.97515,-0.55009,0.00000,0.97658,0.97972,0.79141,0.00000,-0.01381,1.39710
2845,56,0,-0.95906,0.00116,1.0000,0.0000,0,1,6,0.3322,0.0000,0.0000,0.0000,0.0000,-0.98068,-0.97515,-0.55009,0.00000,0.97658,0.97972,0.79141,0.00000,-0.01381,1.39710
2846,56,0,-0.95906,0.00116,1.0000,0.0000,0,1,6,0.3322,0.0000,0.0000,0.0000,0.0000,-0.98068,-0.97515,-0.55009,0.00000,0.97658,0.97972,0.79141,0.00000,-0.01381,1.39710
2847,56,0,-0.95906,0.00116,1.0000,0.0000,0,1,6,0.3322,0.0000,0.0000,0.0000,0.0000,-0.98068,-0.97515,-0.55009,0.00000,0.97658,0.97972,0.79141,0.00000,-0.01381,1.39710
2848,56,0,-0.95906,0.00116,1.0000,0.0000,0,1,6,0.3322,0.0000,0.0000,0.0000,0.0000,-0.98068,-0.97515,-0.55009,0.00000,0.97658,0.97972,0.79141,0.00000,-0.01381,1.39710
2849,56,0,-0.95906,0.00116,1.0000,0.0000,0,1,6,0.3322,0.0000,0.0000,0.0000,0.0000,-0.98068,-0.97515,-0.55009,0.00000,0.97658,0.97972,0.79141,0.00000,-0.01381,1.39710
2850,56,0,-0.97041,0.00049,1.0000,0.0000,0,1,6,0.3296,0.0000,0.0000,0.0000,0.0000,-0.98070,-0.97511,-0.38609,0.00000,0.97711,0.97930,0.79199,0.00000,-0.01398,1.40374
2851,56,0,-0.97041,0.00049,1.0000,0.0000,0,1,6,0.3296,0.0000,0.0000,0.0000,0.0000,-0.98070,-0.97511,-0.38609,0.00000,0.97711,0.97930,0.79199,0.00000,-0.01398,1.40374
2852,56,0,-0.97041,0.00049,1.0000,0.0000,0,1,6,0.3296,0.0000,0.0000,0.0000,0.0000,-0.98070,-0.97511,-0.38609,0.00000,0.97711,0.97930,0.79199,0.00000,-0.01398,1.40374
2853,56,0,-0.97041,0.00049,1.0000,0.0000,0,1,6,0.3296,0.0000,0.0000,0.0000,0.0000,-0.98070,-0.97511,-0.38609,0.00000,0.97711,0.97930,0.79199,0.00000,-0.01398,1.40374
2854,56,0,-0.97041,0.00049,1.0000,0.0000,0,1,6,0.3296,0.0000,0.0000,0.0000,0.0000,-0.98070,-0.97511,-0.38609,0.00000,0.97711,0.97930,0.79199,0.00000,-0.01398,1.40374
2855,56,0,-0.97041,0.00049,1.0000,0.0000,0,1,6,0.3296,0.0000,0.0000,0.0000,0.0000,-0.98070,-0.97511,-0.38609,0.00000,0.97711,0.97930,0.79199,0.00000,-0.01398,1.40374
2856,56,0,0.15754,0.18640,1.0000,0.0000,0,1,2,0.3289,0.0000,0.0000,0.0000,0.0000,-0.97780,-0.97870,0.87338,0.06329,0.98048,0.97547,0.79502,0.00000,0.00223,1.43921
2857,56,0,0.15754,0.18640,1.0000,0.0000,0,1,2,0.3289,0.0000,0.0000,0.0000,0.0000,-0.97780,-0.97870,0.87338,0.06329,0.98048,0.97547,0.79502,0.00000,0.00223,1.43921
2858,56,0,0.15754,0.18640,1.0000,0.0000,0,1,2,0.3289,0.0000,0.0000,0.0000,0.0000,-0.97780,-0.97870,0.87338,0.06329,0.98048,0.97547,0.79502,0.00000,0.00223,1.43921
2859,56,0,0.15754,0.18640,1.0000,0.0000,0,1,2,0.3289,0.0000,0.0000,0.0000,0.0000,-0.97780,-0.97870,0.87338,0.06329,0.98048,0.97547,0.79502,0.00000,0.00223,1.43921
2860,56,0,0.15754,0.18640,1.0000,0.0000,0,1,2,0.3289,0.0000,0.0000,0.0000,0.0000,-0.97780,-0.97870,0.87338,0.06329,0.98048,0.97547,0.79502,0.00000,0.00223,1.43921
2861,56,0,0.15754,0.18640,1.0000,0.0000,0,1,2,0.3289,0.0000,0.0000,0.0000,0.0000,-0.97780,-0.97870,0.87338,0.06329,0.98048,0.97547,0.79502,0.00000,0.00223,1.43921
2862,56,0,-0.05999,0.15824,1.0000,0.0000,0,1,2,0.3264,0.0000,0.0000,0.0000,0.0000,-0.97843,-0.97809,0.82218,0.06700,0.98037,0.97565,0.79507,0.00000,-0.00085,1.43982
2863,56,0,-0.05999,0.15824,1.0000,0.0000,0,1,2,0.3264,0.0000,0.0000,0.0000,0.0000,-0.97843,-0.97809,0.82218,0.06700,0.98037,0.97565,0.79507,0.00000,-0.00085,1.43982
2864,56,0,-0.05999,0.15824,1.0000,0.0000,0,1,2,0.3264,0.0000,0.0000,0.0000,0.0000,-0.97843,-0.97809,0.82218,0.06700,0.98037,0.97565,0.79507,0.00000,-0.00085,1.43982
2865,56,0,-0.05999,0.15824,1.0000,0.0000,0,1,2,0.3264,0.0000,0.0000,0.0000,0.0000,-0.97843,-0.97809,0.82218,0.06700,0.98037,0.97565,0.79507,0.00000,-0.00085,1.43982
2866,56,0,-0.05999,0.15824,1.0000,0.0000,0,1,2,0.3264,0.0000,0.0000,0.0000,0.0000,-0.97843,-0.97809,0.82218,0.06700,0.98037,0.97565,0.79507,0.00000,-0.00085,1.43982
2867,56,0,-0.05999,0.15824,1.0000,0.0000,0,1,2,0.3264,0.0000,0.0000,0.0000,0.0000,-0.97843,-0.97809,0.82218,0.06700,0.98037,0.97565,0.79507,0.00000,-0.00085,1.43982
2868,56,0,-0.95974,0.00122,1.0000,0.0000,0,1,6,0.3257,0.0000,0.0000,0.0000,0.0000,-0.98068,-0.97515,-0.55009,0.00000,0.97658,0.97972,0.79240,0.00000,-0.01382,1.40843
2869,56,0,-0.95974,0.00122,1.0000,0.0000,0,1,6,0.3257,0.0000,0.0000,0.0000,0.0000,-0.98068,-0.97515,-0.55009,0.00000,0.97658,0.97972,0.79240,0.00000,-0.01382,1.40843
2870,56,0,-0.95974,0.00122,1.0000,0.0000,0,1,6,0.3257,0.0000,0.0000,0.0000,0.0000,-0.98068,-0.97515,-0.55009,0.00000,0.97658,0.97972,0.79240,0.00000,-0.01382,1.40843
2871,56,0,-0.95974,0.00122,1.0000,0.0000,0,1,6,0.3257,0.0000,0.0000,0.0000,0.0000,-0.98068,-0.97515,-0.55009,0.00000,0.97658,0.97972,0.79240,0.00000,-0.01382,1.40843
2872,56,0,-0.95974,0.00122,1.0000,0.0000,0,1,6,0.3257,0.0000,0.0000,0.0000,0.0000,-0.98068,-0.97515,-0.55009,0.00000,0.97658,0.97972,0.79240,0.00000,-0.01382,1.40843
2873,56,0,-0.95974,0.00122,1.0000,0.0000,0,1,6,0.3257,0.0000,0.0000,0.0000,0.0000,-0.98068,-0.97515,-0.55009,0.00000,0.97658,0.97972,0.79240,0.00000,-0.01382,1.40843
2874,56,0,-0.97122,0.00049,1.0000,0.0000,0,1,6,0.3231,0.0000,0.0000,0.0000,0.0000,-0.98071,-0.97511,-0.38609,0.00000,0.97711,0.97930,0.79297,0.00000,-0.01399,1.41507
2875,56,0,-0.97122,0.00049,1.0000,0.0000,0,1,6,0.3231,0.0000,0.0000,0.0000,0.0000,-0.98071,-0.97511,-0.38609,0.00000,0.97711,0.97930,0.79297,0.00000,-0.01399,1.41507
2876,56,0,-0.97122,0.00049,1.0000,0.0000,0,1,6,0.3231,0.0000,0.0000,0.0000,0.0000,-0.98071,-0.97511,-0.38609,0.00000,0.97711,0.97930,0.79297,0.00000,-0.01399,1.41507
2877,56,0,-0.97122,0.00049,1.0000,0.0000,0,1,6,0.3231,0.0000,0.0000,0.0000,0.0000,-0.98071,-0.97511,-0.38609,0.00000,0.97711,0.97930,0.79297,0.00000,-0.01399,1.41507
2878,56,0,-0.97122,0.00049,1.0000,0.0000,0,1,6,0.3231,0.0000,0.0000,0.0000,0.0000,-0.98071,-0.97511,-0.38609,0.00000,0.97711,0.97930,0.79297,0.00000,-0.01399,1.41507
2879,56,0,-0.97122,0.00049,1.0000,0.0000,0,1,6,0.3231,0.0000,0.0000,0.0000,0.0000,-0.98071,-0.97511,-0.38609,0.00000,0.97711,0.97930,0.79297,0.00000,-0.01399,1.41507
2880,56,0,0.29912,0.25939,1.0000,0.0000,0,1,2,0.3224,0.0000,0.0000,0.0000,0.0000,-0.97738,-0.97908,0.88698,0.07167,0.98052,0.97542,0.79615,0.00000,0.00425,1.45275
2881,56,0,0.29912,0.25939,1.0000,0.0000,0,1,2,0.3224,0.0000,0.0000,0.0000,0.0000,-0.97738,-0.97908,0.88698,0.07167,0.98052,0.97542,0.79615,0.00000,0.00425,1.45275
2882,56,0,0.29912,0.25939,1.0000,0.0000,0,1,2,0.3224,0.0000,0.0000,0.0000,0.0000,-0.97738,-0.97908,0.88698,0.07167,0.98052,0.97542,0.79615,0.00000,0.00425,1.45275
2883,56,0,0.29912,0.25939,1.0000,0.0000,0,1,2,0.3224,0.0000,0.0000,0.0000,0.0000,-0.97738,-0.97908,0.88698,0.07167,0.98052,0.97542,0.79615,0.00000,0.00425,1.45275
2884,56,0,0.29912,0.25939,1.0000,0.0000,0,1,2,0.3224,0.0000,0.0000,0.0000,0.0000,-0.97738,-0.97908,0.88698,0.07167,0.98052,0.97542,0.79615,0.00000,0.00425,1.45275
2885,56,0,0.29912,0.25939,1.0000,0.0000,0,1,2,0.3224,0.0000,0.0000,0.0000,0.0000,-0.97738,-0.97908,0.88698,0.07167,0.98052,0.97542,0.79615,0.00000,0.00425,1.45275
2886,56,0,0.29912,0.25939,1.0000,0.0000,0,1,2,0.3218,0.0000,0.0000,0.0000,0.0001,-0.97738,-0.97908,0.88698,0.07167,0.98052,0.97542,0.79626,0.00000,0.00425,1.45405
2887,56,0,0.29912,0.25939,1.0000,0.0000,0,1,2,0.3218,0.0000,0.0000,0.0000,0.0001,-0.97738,-0.97908,0.88698,0.07167,0.98052,0.97542,0.79626,0.00000,0.00425,1.45405
2888,56,0,0.29912,0.25939,1.0000,0.0000,0,1,2,0.3218,0.0000,0.0000,0.0000,0.0001,-0.97738,-0.97908,0.88698,0.07167,0.98052,0.97542,0.79626,0.00000,0.00425,1.45405
2889,56,0,0.29912,0.25939,1.0000,0.0000,0,1,2,0.3218,0.0000,0.0000,0.0000,0.0001,-0.97738,-0.97908,0.88698,0.07167,0.98052,0.97542,0.79626,0.00000,0.00425,1.45405
2890,56,0,0.29912,0.25939,1.0000,0.0000,0,1,2,0.3218,0.0000,0.0000,0.0000,0.0001,-0.97738,-0.97908,0.88698,0.07167,0.98052,0.97542,0.79626,0.00000,0.00425,1.45405
2891,56,0,0.29912,0.25939,1.0000,0.0000,0,1,2,0.3218,0.0000,0.0000,0.0000,0.0001,-0.97738,-0.97908,0.88698,0.07167,0.98052,0.97542,0.79626,0.00000,0.00425,1.45405
2892,56,0,0.00660,0.15619,1.0000,0.0000,0,1,2,0.3192,0.1250,0.0000,0.0000,0.0000,-0.97824,-0.97828,0.83415,0.07247,0.98039,0.97561,0.79304,0.00000,0.00009,1.41595
2893,56,0,0.00660,0.15619,1.0000,0.0000,0,1,2,0.3192,0.1250,0.0000,0.0000,0.0000,-0.97824,-0.97828,0.83415,0.07247,0.98039,0.97561,0.79304,0.00000,0.00009,1.41595
2894,56,0,0.00660,0.15619,1.0000,0.0000,0,1,2,0.3192,0.1250,0.0000,0.0000,0.0000,-0.97824,-0.97828,0.83415,0.07247,0.98039,0.97561,0.79304,0.00000,0.00009,1.41595
2895,56,0,0.00660,0.15619,1.0000,0.0000,0,1,2,0.3192,0.1250,0.0000,0.0000,0.0000,-0.97824,-0.97828,0.83415,0.07247,0.98039,0.97561,0.79304,0.00000,0.00009,1.41595
2896,56,0,0.00660,0.15619,1.0000,0.0000,0,1,2,0.3192,0.1250,0.0000,0.0000,0.0000,-0.97824,-0.97828,0.83415,0.07247,0.98039,0.97561,0.79304,0.00000,0.00009,1.41595
2897,56,0,0.00660,0.15619,1.0000,0.0000,0,1,2,0.3192,0.1250,0.0000,0.0000,0.0000,-0.97824,-0.97828,0.83415,0.07247,0.98039,0.97561,0.79304,0.00000,0.00009,1.41595
2898,56,0,-0.95939,0.00128,1.0000,0.0000,0,1,6,0.3185,0.1250,0.0000,0.0000,0.0000,-0.98068,-0.97515,-0.55009,0.00000,0.97658,0.97972,0.79022,0.00000,-0.01382,1.38344
2899,56,0,-0.95939,0.00128,1.0000,0.0000,0,1,6,0.3185,0.1250,0.0000,0.0000,0.0000,-0.98068,-0.97515,-0.55009,0.00000,0.97658,0.97972,0.79022,0.00000,-0.01382,1.38344
2900,56,0,-0.95939,0.00128,1.0000,0.0000,0,1,6,0.3185,0.1250,0.0000,0.0000,0.0000,-0.98068,-0.97515,-0.55009,0.00000,0.97658,0.97972,0.79022,0.00000,-0.01382,1.38344
2901,56,0,-0.95939,0.00128,1.0000,0.0000,0,1,6,0.3185,0.1250,0.0000,0.0000,0.0000,-0.98068,-0.97515,-0.55009,0.00000,0.97658,0.97972,0.79022,0.00000,-0.01382,1.38344
2902,56,0,-0.95939,0.00128,1.0000,0.0000,0,1,6,0.3185,0.1250,0.0000,0.0000,0.0000,-0.98068,-0.97515,-0.55009,0.00000,0.97658,0.97972,0.79022,0.00000,-0.01382,1.38344
2903,56,0,-0.95939,0.00128,1.0000,0.0000,0,1,6,0.3185,0.1250,0.0000,0.0000,0.0000,-0.98068,-0.97515,-0.55009,0.00000,0.97658,0.97972,0.79022,0.00000,-0.01382,1.38344
2904,56,0,-0.96599,0.00050,1.0000,0.0000,0,1,6,0.3160,0.0000,0.0000,0.0000,0.0000,-0.98069,-0.97513,-0.38609,0.00000,0.97711,0.97930,0.79404,0.00000,-0.01392,1.42765
2905,56,0,-0.96599,0.00050,1.0000,0.0000,0,1,6,0.3160,0.0000,0.0000,0.0000,0.0000,-0.98069,-0.97513,-0.38609,0.00000,0.97711,0.97930,0.79404,0.00000,-0.01392,1.42765
2906,56,0,-0.96599,0.00050,1.0000,0.0000,0,1,6,0.3160,0.0000,0.0000,0.0000,0.0000,-0.98069,-0.97513,-0.38609,0.00000,0.97711,0.97930,0.79404,0.00000,-0.01392,1.42765
2907,56,0,-0.96599,0.00050,1.0000,0.0000,0,1,6,0.3160,0.0000,0.0000,0.0000,0.0000,-0.98069,-0.97513,-0.38609,0.00000,0.97711,0.97930,0.79404,0.00000,-0.01392,1.42765
2908,56,0,-0.96599,0.00050,1.0000,0.0000,0,1,6,0.3160,0.0000,0.0000,0.0000,0.0000,-0.98069,-0.97513,-0.38609,0.00000,0.97711,0.97930,0.79404,0.00000,-0.01392,1.42765
2909,56,0,-0.96599,0.00050,1.0000,0.0000,0,1,6,0.3160,0.0000,0.0000,0.0000,0.0000,-0.98069,-0.97513,-0.38609,0.00000,0.97711,0.97930,0.79404,0.00000,-0.01392,1.42765
2910,56,0,0.22746,0.22367,1.0000,0.0000,0,1,2,0.3153,0.0000,0.0000,0.0000,0.0000,-0.97760,-0.97889,0.87814,0.06601,0.98049,0.97545,0.79709,0.00000,0.00323,1.46411
2911,56,0,0.22746,0.22367,1.0000,0.0000,0,1,2,0.3153,0.0000,0.0000,0.0000,0.0000,-0.97760,-0.97889,0.87814,0.06601,0.98049,0.97545,0.79709,0.00000,0.00323,1.46411
2912,56,0,0.22746,0.22367,1.0000,0.0000,0,1,2,0.3153,0.0000,0.0000,0.0000,0.0000,-0.97760,-0.97889,0.87814,0.06601,0.98049,0.97545,0.79709,0.00000,0.00323,1.46411
2913,56,0,0.22746,0.22367,1.0000,0.0000,0,1,2,0.3153,0.0000,0.0000,0.0000,0.0000,-0.97760,-0.97889,0.87814,0.06601,0.98049,0.97545,0.79709,0.00000,0.00323,1.46411
2914,56,0,0.22746,0.22367,1.0000,0.0000,0,1,2,0.3153,0.0000,0.0000,0.0000,0.0000,-0.97760,-0.97889,0.87814,0.06601,0.98049,0.97545,0.79709,0.00000,0.00323,1.46411
2915,56,0,0.22746,0.22367,1.0000,0.0000,0,1,2,0.3153,0.0000,0.0000,0.0000,0.0000,-0.97760,-0.97889,0.87814,0.06601,0.98049,0.97545,0.79709,0.00000,0.00323,1.46411
2916,56,0,0.28288,0.21599,1.0000,0.0000,0,1,2,0.3146,0.0000,0.0000,0.0000,0.0001,-0.97743,-0.97903,0.87338,0.06329,0.98048,0.97547,0.79725,0.00000,0.00402,1.46612
2917,56,0,0.28288,0.21599,1.0000,0.0000,0,1,2,0.3146,0.0000,0.0000,0.0000,0.0001,-0.97743,-0.97903,0.87338,0.06329,0.98048,0.97547,0.79725,0.00000,0.00402,1.46612
2918,56,0,0.28288,0.21599,1.0000,0.0000,0,1,2,0.3146,0.0000,0.0000,0.0000,0.0001,-0.97743,-0.97903,0.87338,0.06329,0.98048,0.97547,0.79725,0.00000,0.00402,1.46612
2919,56,0,0.28288,0.21599,1.0000,0.0000,0,1,2,0.3146,0.0000,0.0000,0.0000,0.0001,-0.97743,-0.97903,0.87338,0.06329,0.98048,0.97547,0.79725,0.00000,0.00402,1.46612
2920,56,0,0.28288,0.21599,1.0000,0.0000,0,1,2,0.3146,0.0000,0.0000,0.0000,0.0001,-0.97743,-0.97903,0.87338,0.06329,0.98048,0.97547,0.79725,0.00000,0.00402,1.46612
2921,56,0,0.28288,0.21599,1.0000,0.0000,0,1,2,0.3146,0.0000,0.0000,0.0000,0.0001,-0.97743,-0.97903,0.87338,0.06329,0.98048,0.97547,0.79725,0.00000,0.00402,1.46612
2922,56,0,-0.03544,0.15378,1.0000,0.0000,0,1,2,0.3121,0.0000,0.0000,0.0000,0.0000,-0.97836,-0.97816,0.82218,0.06700,0.98037,0.97565,0.79717,0.00000,-0.00050,1.46518
2923,56,0,-0.03544,0.15378,1.0000,0.0000,0,1,2,0.3121,0.0000,0.0000,0.0000,0.0000,-0.97836,-0.97816,0.82218,0.06700,0.98037,0.97565,0.79717,0.00000,-0.00050,1.46518
2924,56,0,-0.03544,0.15378,1.0000,0.0000,0,1,2,0.3121,0.0000,0.0000,0.0000,0.0000,-0.97836,-0.97816,0.82218,0.06700,0.98037,0.97565,0.79717,0.00000,-0.00050,1.46518
2925,56,0,-0.03544,0.15378,1.0000,0.0000,0,1,2,0.3121,0.0000,0.0000,0.0000,0.0000,-0.97836,-0.97816,0.82218,0.06700,0.98037,0.97565,0.79717,0.00000,-0.00050,1.46518
2926,56,0,-0.03544,0.15378,1.0000,0.0000,0,1,2,0.3121,0.0000,0.0000,0.0000,0.0000,-0.97836,-0.97816,0.82218,0.06700,0.98037,0.97565,0.79717,0.00000,-0.00050,1.46518
2927,56,0,-0.03544,0.15378,1.0000,0.0000,0,1,2,0.3121,0.0000,0.0000,0.0000,0.0000,-0.97836,-0.97816,0.82218,0.06700,0.98037,0.97565,0.79717,0.00000,-0.00050,1.46518
2928,56,0,-0.95496,0.00137,1.0000,0.0000,0,1,6,0.3114,0.0000,0.0000,0.0000,0.0000,-0.98067,-0.97517,-0.55009,0.00000,0.97658,0.97972,0.79454,0.00000,-0.01375,1.43351
2929,56,0,-0.95496,0.00137,1.0000,0.0000,0,1,6,0.3114,0.0000,0.0000,0.0000,0.0000,-0.98067,-0.97517,-0.55009,0.00000,0.97658,0.97972,0.79454,0.00000,-0.01375,1.43351
2930,56,0,-0.95496,0.00137,1.0000,0.0000,0,1,6,0.3114,0.0000,0.0000,0.0000,0.0000,-0.98067,-0.97517,-0.55009,0.00000,0.97658,0.97972,0.79454,0.00000,-0.01375,1.43351
2931,56,0,-0.95496,0.00137,1.0000,0.0000,0,1,6,0.3114,0.0000,0.0000,0.0000,0.0000,-0.98067,-0.97517,-0.55009,0.00000,0.97658,0.97972,0.79454,0.00000,-0.01375,1.43351
2932,56,0,-0.95496,0.00137,1.0000,0.0000,0,1,6,0.3114,0.0000,0.0000,0.0000,0.0000,-0.98067,-0.97517,-0.55009,0.00000,0.97658,0.97972,0.79454,0.00000,-0.01375,1.43351
2933,56,0,-0.95496,0.00137,1.0000,0.0000,0,1,6,0.3114,0.0000,0.0000,0.0000,0.0000,-0.98067,-0.97517,-0.55009,0.00000,0.97658,0.97972,0.79454,0.00000,-0.01375,1.43351
2934,56,0,-0.96768,0.00053,1.0000,0.0000,0,1,6,0.3088,0.0000,0.0000,0.0000,0.0000,-0.98070,-0.97512,-0.38609,0.00000,0.97711,0.97930,0.79509,0.00000,-0.01394,1.44012
2935,56,0,-0.96768,0.00053,1.0000,0.0000,0,1,6,0.3088,0.0000,0.0000,0.0000,0.0000,-0.98070,-0.97512,-0.38609,0.00000,0.97711,0.97930,0.79509,0.00000,-0.01394,1.44012
2936,56,0,-0.96768,0.00053,1.0000,0.0000,0,1,6,0.3088,0.0000,0.0000,0.0000,0.0000,-0.98070,-0.97512,-0.38609,0.00000,0.97711,0.97930,0.79509,0.00000,-0.01394,1.44012
2937,56,0,-0.96768,0.00053,1.0000,0.0000,0,1,6,0.3088,0.0000,0.0000,0.0000,0.0000,-0.98070,-0.97512,-0.38609,0.00000,0.97711,0.97930,0.79509,0.00000,-0.01394,1.44012
2938,56,0,-0.96768,0.00053,1.0000,0.0000,0,1,6,0.3088,0.0000,0.0000,0.0000,0.0000,-0.98070,-0.97512,-0.38609,0.00000,0.97711,0.97930,0.79509,0.00000,-0.01394,1.44012
2939,56,0,-0.96768,0.00053,1.0000,0.0000,0,1,6,0.3088,0.0000,0.0000,0.0000,0.0000,-0.98070,-0.97512,-0.38609,0.00000,0.97711,0.97930,0.79509,0.00000,-0.01394,1.44012
2940,56,0,0.21679,0.19846,1.0000,0.0000,0,1,2,0.3082,0.0000,0.0000,0.0000,0.0000,-0.97763,-0.97886,0.88698,0.07167,0.98052,0.97542,0.79811,0.00000,0.00308,1.47659
2941,56,0,0.21679,0.19846,1.0000,0.0000,0,1,2,0.3082,0.0000,0.0000,0.0000,0.0000,-0.97763,-0.97886,0.88698,0.07167,0.98052,0.97542,0.79811,0.00000,0.00308,1.47659
2942,56,0,0.21679,0.19846,1.0000,0.0000,0,1,2,0.3082,0.0000,0.0000,0.0000,0.0000,-0.97763,-0.97886,0.88698,0.07167,0.98052,0.97542,0.79811,0.00000,0.00308,1.47659
2943,56,0,0.21679,0.19846,1.0000,0.0000,0,1,2,0.3082,0.0000,0.0000,0.0000,0.0000,-0.97763,-0.97886,0.88698,0.07167,0.98052,0.97542,0.79811,0.00000,0.00308,1.47659
2944,56,0,0.21679,0.19846,1.0000,0.0000,0,1,2,0.3082,0.0000,0.0000,0.0000,0.0000,-0.97763,-0.97886,0.88698,0.07167,0.98052,0.97542,0.79811,0.00000,0.00308,1.47659
2945,56,0,0.21679,0.19846,1.0000,0.0000,0,1,2,0.3082,0.0000,0.0000,0.0000,0.0000,-0.97763,-0.97886,0.88698,0.07167,0.98052,0.97542,0.79811,0.00000,0.00308,1.47659
2946,56,0,0.21679,0.19846,1.0000,0.0000,0,1,2,0.3075,0.0000,0.0000,0.0000,0.0001,-0.97763,-0.97886,0.88698,0.07167,0.98052,0.97542,0.79821,0.00000,0.00308,1.47788
2947,56,0,0.21679,0.19846,1.0000,0.0000,0,1,2,0.3075,0.0000,0.0000,0.0000,0.0001,-0.97763,-0.97886,0.88698,0.07167,0.98052,0.97542,0.79821,0.00000,0.00308,1.47788
2948,56,0,0.21679,0.19846,1.0000,0.0000,0,1,2,0.3075,0.0000,0.0000,0.0000,0.0001,-0.97763,-0.97886,0.88698,0.07167,0.98052,0.97542,0.79821,0.00000,0.00308,1.47788
2949,56,0,0.21679,0.19846,1.0000,0.0000,0,1,2,0.3075,0.0000,0.0000,0.0000,0.0001,-0.97763,-0.97886,0.88698,0.07167,0.98052,0.97542,0.79821,0.00000,0.00308,1.47788
2950,56,0,0.21679,0.19846,1.0000,0.0000,0,1,2,0.3075,0.0000,0.0000,0.0000,0.0001,-0.97763,-0.97886,0.88698,0.07167,0.98052,0.97542,0.79821,0.00000,0.00308,1.47788
2951,56,0,0.21679,0.19846,1.0000,0.0000,0,1,2,0.3075,0.0000,0.0000,0.0000,0.0001,-0.97763,-0.97886,0.88698,0.07167,0.98052,0.97542,0.79821,0.00000,0.00308,1.47788
2952,56,0,0.01484,0.14986,1.0000,0.0000,0,1,2,0.3049,0.0000,0.0000,0.0000,0.0000,-0.97822,-0.97830,0.83415,0.07247,0.98039,0.97561,0.79827,0.00000,0.00021,1.47857
2953,56,0,0.01484,0.14986,1.0000,0.0000,0,1,2,0.3049,0.0000,0.0000,0.0000,0.0000,-0.97822,-0.97830,0.83415,0.07247,0.98039,0.97561,0.79827,0.00000,0.00021,1.47857
2954,56,0,0.01484,0.14986,1.0000,0.0000,0,1,2,0.3049,0.0000,0.0000,0.0000,0.0000,-0.97822,-0.97830,0.83415,0.07247,0.98039,0.97561,0.79827,0.00000,0.00021,1.47857
2955,56,0,0.01484,0.14986,1.0000,0.0000,0,1,2,0.3049,0.0000,0.0000,0.0000,0.0000,-0.97822,-0.97830,0.83415,0.07247,0.98039,0.97561,0.79827,0.00000,0.00021,1.47857
2956,56,0,0.01484,0.14986,1.0000,0.0000,0,1,2,0.3049,0.0000,0.0000,0.0000,0.0000,-0.97822,-0.97830,0.83415,0.07247,0.98039,0.97561,0.79827,0.00000,0.00021,1.47857
2957,56,0,0.01484,0.14986,1.0000,0.0000,0,1,2,0.3049,0.0000,0.0000,0.0000,0.0000,-0.97822,-0.97830,0.83415,0.07247,0.98039,0.97561,0.79827,0.00000,0.00021,1.47857
2958,56,0,-0.95486,0.00145,1.0000,0.0000,0,1,6,0.3043,0.0000,0.0000,0.0000,0.0000,-0.98067,-0.97517,-0.55009,0.00000,0.97658,0.97972,0.79559,0.00000,-0.01375,1.44601
2959,56,0,-0.95486,0.00145,1.0000,0.0000,0,1,6,0.3043,0.0000,0.0000,0.0000,0.0000,-0.98067,-0.97517,-0.55009,0.00000,0.97658,0.97972,0.79559,0.00000,-0.01375,1.44601
2960,56,0,-0.95486,0.00145,1.0000,0.0000,0,1,6,0.3043,0.0000,0.0000,0.0000,0.0000,-0.98067,-0.97517,-0.55009,0.00000,0.97658,0.97972,0.79559,0.00000,-0.01375,1.44601
2961,56,0,-0.95486,0.00145,1.0000,0.0000,0,1,6,0.3043,0.0000,0.0000,0.0000,0.0000,-0.98067,-0.97517,-0.55009,0.00000,0.97658,0.97972,0.79559,0.00000,-0.01375,1.44601
2962,56,0,-0.95486,0.00145,1.0000,0.0000,0,1,6,0.3043,0.0000,0.0000,0.0000,0.0000,-0.98067,-0.97517,-0.55009,0.00000,0.97658,0.97972,0.79559,0.00000,-0.01375,1.44601
2963,56,0,-0.95486,0.00145,1.0000,0.0000,0,1,6,0.3043,0.0000,0.0000,0.0000,0.0000,-0.98067,-0.97517,-0.55009,0.00000,0.97658,0.97972,0.79559,0.00000,-0.01375,1.44601
2964,56,0,-0.96229,0.00058,1.0000,0.0000,0,1,6,0.3017,0.0000,0.0000,0.0000,0.0000,-0.98069,-0.97514,-0.38609,0.00000,0.97711,0.97930,0.79614,0.00000,-0.01386,1.45270
2965,56,0,-0.96229,0.00058,1.0000,0.0000,0,1,6,0.3017,0.0000,0.0000,0.0000,0.0000,-0.98069,-0.97514,-0.38609,0.00000,0.97711,0.97930,0.79614,0.00000,-0.01386,1.45270
2966,56,0,-0.96229,0.00058,1.0000,0.0000,0,1,6,0.3017,0.0000,0.0000,0.0000,0.0000,-0.98069,-0.97514,-0.38609,0.00000,0.97711,0.97930,0.79614,0.00000,-0.01386,1.45270
2967,56,0,-0.96229,0.00058,1.0000,0.0000,0,1,6,0.3017,0.0000,0.0000,0.0000,0.0000,-0.98069,-0.97514,-0.38609,0.00000,0.97711,0.97930,0.79614,0.00000,-0.01386,1.45270
2968,56,0,-0.96229,0.00058,1.0000,0.0000,0,1,6,0.3017,0.0000,0.0000,0.0000,0.0000,-0.98069,-0.97514,-0.38609,0.00000,0.97711,0.97930,0.79614,0.00000,-0.01386,1.45270
2969,56,0,-0.96229,0.00058,1.0000,0.0000,0,1,6,0.3017,0.0000,0.0000,0.0000,0.0000,-0.98069,-0.97514,-0.38609,0.00000,0.97711,0.97930,0.79614,0.00000,-0.01386,1.45270
2970,56,0,-0.96229,0.00058,1.0000,0.0000,0,1,6,0.3010,0.0000,0.0000,0.0000,0.0000,-0.98069,-0.97514,-0.38609,0.00000,0.97711,0.97930,0.79624,0.00000,-0.01386,1.45391
2971,56,0,-0.96229,0.00058,1.0000,0.0000,0,1,6,0.3010,0.0000,0.0000,0.0000,0.0000,-0.98069,-0.97514,-0.38609,0.00000,0.97711,0.97930,0.79624,0.00000,-0.01386,1.45391
2972,56,0,-0.96229,0.00058,1.0000,0.0000,0,1,6,0.3010,0.0000,0.0000,0.0000,0.0000,-0.98069,-0.97514,-0.38609,0.00000,0.97711,0.97930,0.79624,0.00000,-0.01386,1.45391
2973,56,0,-0.96229,0.00058,1.0000,0.0000,0,1,6,0.3010,0.0000,0.0000,0.0000,0.0000,-0.98069,-0.97514,-0.38609,0.00000,0.97711,0.97930,0.79624,0.00000,-0.01386,1.45391
2974,56,0,-0.96229,0.00058,1.0000,0.0000,0,1,6,0.3010,0.0000,0.0000,0.0000,0.0000,-0.98069,-0.97514,-0.38609,0.00000,0.97711,0.97930,0.79624,0.00000,-0.01386,1.45391
2975,56,0,-0.96229,0.00058,1.0000,0.0000,0,1,6,0.3010,0.0000,0.0000,0.0000,0.0000,-0.98069,-0.97514,-0.38609,0.00000,0.97711,0.97930,0.79624,0.00000,-0.01386,1.45391
2976,56,0,0.21124,0.17295,1.0000,0.0000,0,1,2,0.3003,0.0000,0.0000,0.0000,0.0001,-0.97764,-0.97884,0.87338,0.06329,0.98048,0.97547,0.79920,0.00000,0.00300,1.49010
2977,56,0,0.21124,0.17295,1.0000,0.0000,0,1,2,0.3003,0.0000,0.0000,0.0000,0.0001,-0.97764,-0.97884,0.87338,0.06329,0.98048,0.97547,0.79920,0.00000,0.00300,1.49010
2978,56,0,0.21124,0.17295,1.0000,0.0000,0,1,2,0.3003,0.0000,0.0000,0.0000,0.0001,-0.97764,-0.97884,0.87338,0.06329,0.98048,0.97547,0.79920,0.00000,0.00300,1.49010
2979,56,0,0.21124,0.17295,1.0000,0.0000,0,1,2,0.3003,0.0000,0.0000,0.0000,0.0001,-0.97764,-0.97884,0.87338,0.06329,0.98048,0.97547,0.79920,0.00000,0.00300,1.49010
2980,56,0,0.21124,0.17295,1.0000,0.0000,0,1,2,0.3003,0.0000,0.0000,0.0000,0.0001,-0.97764,-0.97884,0.87338,0.06329,0.98048,0.97547,0.79920,0.00000,0.00300,1.49010
2981,56,0,0.21124,0.17295,1.0000,0.0000,0,1,2,0.3003,0.0000,0.0000,0.0000,0.0001,-0.97764,-0.97884,0.87338,0.06329,0.98048,0.97547,0.79920,0.00000,0.00300,1.49010
2982,56,0,0.21124,0.17295,1.0000,0.0000,0,1,2,0.2997,0.0000,0.0000,0.0000,0.0002,-0.97764,-0.97884,0.87338,0.06329,0.98048,0.97547,0.79932,0.00000,0.00300,1.49147
2983,56,0,0.21124,0.17295,1.0000,0.0000,0,1,2,0.2997,0.0000,0.0000,0.0000,0.0002,-0.97764,-0.97884,0.87338,0.06329,0.98048,0.97547,0.79932,0.00000,0.00300,1.49147
2984,56,0,0.21124,0.17295,1.0000,0.0000,0,1,2,0.2997,0.0000,0.0000,0.0000,0.0002,-0.97764,-0.97884,0.87338,0.06329,0.98048,0.97547,0.79932,0.00000,0.00300,1.49147
2985,56,0,0.21124,0.17295,1.0000,0.0000,0,1,2,0.2997,0.0000,0.0000,0.0000,0.0002,-0.97764,-0.97884,0.87338,0.06329,0.98048,0.97547,0.79932,0.00000,0.00300,1.49147
2986,56,0,0.21124,0.17295,1.0000,0.0000,0,1,2,0.2997,0.0000,0.0000,0.0000,0.0002,-0.97764,-0.97884,0.87338,0.06329,0.98048,0.97547,0.79932,0.00000,0.00300,1.49147
2987,56,0,0.21124,0.17295,1.0000,0.0000,0,1,2,0.2997,0.0000,0.0000,0.0000,0.0002,-0.97764,-0.97884,0.87338,0.06329,0.98048,0.97547,0.79932,0.00000,0.00300,1.49147
2988,56,0,0.01788,0.13967,1.0000,0.0000,0,1,2,0.2971,0.0000,0.0000,0.0000,0.0000,-0.97821,-0.97831,0.81579,0.06438,0.98035,0.97567,0.79936,0.00000,0.00025,1.49201
2989,56,0,0.01788,0.13967,1.0000,0.0000,0,1,2,0.2971,0.0000,0.0000,0.0000,0.0000,-0.97821,-0.97831,0.81579,0.06438,0.98035,0.97567,0.79936,0.00000,0.00025,1.49201
2990,56,0,0.01788,0.13967,1.0000,0.0000,0,1,2,0.2971,0.0000,0.0000,0.0000,0.0000,-0.97821,-0.97831,0.81579,0.06438,0.98035,0.97567,0.79936,0.00000,0.00025,1.49201
2991,56,0,0.01788,0.13967,1.0000,0.0000,0,1,2,0.2971,0.0000,0.0000,0.0000,0.0000,-0.97821,-0.97831,0.81579,0.06438,0.98035,0.97567,0.79936,0.00000,0.00025,1.49201
2992,56,0,0.01788,0.13967,1.0000,0.0000,0,1,2,0.2971,0.0000,0.0000,0.0000,0.0000,-0.97821,-0.97831,0.81579,0.06438,0.98035,0.97567,0.79936,0.00000,0.00025,1.49201
2993,56,0,0.01788,0.13967,1.0000,0.0000,0,1,2,0.2971,0.0000,0.0000,0.0000,0.0000,-0.97821,-0.97831,0.81579,0.06438,0.98035,0.97567,0.79936,0.00000,0.00025,1.49201
2994,56,0,0.01788,0.13967,1.0000,0.0000,0,1,2,0.2964,0.0000,0.0000,0.0000,0.0000,-0.97821,-0.97831,0.81579,0.06438,0.98035,0.97567,0.79946,0.00000,0.00025,1.49322
2995,56,0,0.01788,0.13967,1.0000,0.0000,0,1,2,0.2964,0.0000,0.0000,0.0000,0.0000,-0.97821,-0.97831,0.81579,0.06438,0.98035,0.97567,0.79946,0.00000,0.00025,1.49322
2996,56,0,0.01788,0.13967,1.0000,0.0000,0,1,2,0.2964,0.0000,0.0000,0.0000,0.0000,-0.97821,-0.97831,0.81579,0.06438,0.98035,0.97567,0.79946,0.00000,0.00025,1.49322
2997,56,0,0.01788,0.13967,1.0000,0.0000,0,1,2,0.2964,0.0000,0.0000,0.0000,0.0000,-0.97821,-0.97831,0.81579,0.06438,0.98035,0.97567,0.79946,0.00000,0.00025,1.49322
2998,56,0,0.01788,0.13967,1.0000,0.0000,0,1,2,0.2964,0.0000,0.0000,0.0000,0.0000,-0.97821,-0.97831,0.81579,0.06438,0.98035,0.97567,0.79946,0.00000,0.00025,1.49322
2999,56,0,0.01788,0.13967,1.0000,0.0000,0,1,2,0.2964,0.0000,0.0000,0.0000,0.0000,-0.97821,-0.97831,0.81579,0.06438,0.98035,0.97567,0.79946,0.00000,0.00025,1.49322
3000,56,0,-0.94312,0.00157,1.0000,0.0000,0,1,6,0.2958,0.0000,0.0000,0.0000,0.0001,-0.98064,-0.97521,-0.55009,0.00000,0.97658,0.97972,0.79684,0.00000,-0.01358,1.46115
3001,56,0,-0.94312,0.00157,1.0000,0.0000,0,1,6,0.2958,0.0000,0.0000,0.0000,0.0001,-0.98064,-0.97521,-0.55009,0.00000,0.97658,0.97972,0.79684,0.00000,-0.01358,1.46115
3002,56,0,-0.94312,0.00157,1.0000,0.0000,0,1,6,0.2958,0.0000,0.0000,0.0000,0.0001,-0.98064,-0.97521,-0.55009,0.00000,0.97658,0.97972,0.79684,0.00000,-0.01358,1.46115
3003,56,0,-0.94312,0.00157,1.0000,0.0000,0,1,6,0.2958,0.0000,0.0000,0.0000,0.0001,-0.98064,-0.97521,-0.55009,0.00000,0.97658,0.97972,0.79684,0.00000,-0.01358,1.46115
3004,56,0,-0.94312,0.00157,1.0000,0.0000,0,1,6,0.2958,0.0000,0.0000,0.0000,0.0001,-0.98064,-0.97521,-0.55009,0.00000,0.97658,0.97972,0.79684,0.00000,-0.01358,1.46115
3005,56,0,-0.94312,0.00157,1.0000,0.0000,0,1,6,0.2958,0.0000,0.0000,0.0000,0.0001,-0.98064,-0.97521,-0.55009,0.00000,0.97658,0.97972,0.79684,0.00000,-0.01358,1.46115
3006,56,0,-0.94312,0.00157,1.0000,0.0000,0,1,6,0.2951,0.0000,0.0000,0.0000,0.0002,-0.98064,-0.97521,-0.55009,0.00000,0.97658,0.97972,0.79696,0.00000,-0.01358,1.46252
3007,56,0,-0.94312,0.00157,1.0000,0.0000,0,1,6,0.2951,0.0000,0.0000,0.0000,0.0002,-0.98064,-0.97521,-0.55009,0.00000,0.97658,0.97972,0.79696,0.00000,-0.01358,1.46252
3008,56,0,-0.94312,0.00157,1.0000,0.0000,0,1,6,0.2951,0.0000,0.0000,0.0000,0.0002,-0.98064,-0.97521,-0.55009,0.00000,0.97658,0.97972,0.79696,0.00000,-0.01358,1.46252
3009,56,0,-0.94312,0.00157,1.0000,0.0000,0,1,6,0.2951,0.0000,0.0000,0.0000,0.0002,-0.98064,-0.97521,-0.55009,0.00000,0.97658,0.97972,0.79696,0.00000,-0.01358,1.46252
3010,56,0,-0.94312,0.00157,1.0000,0.0000,0,1,6,0.2951,0.0000,0.0000,0.0000,0.0002,-0.98064,-0.97521,-0.55009,0.00000,0.97658,0.97972,0.79696,0.00000,-0.01358,1.46252
3011,56,0,-0.94312,0.00157,1.0000,0.0000,0,1,6,0.2951,0.0000,0.0000,0.0000,0.0002,-0.98064,-0.97521,-0.55009,0.00000,0.97658,0.97972,0.79696,0.00000,-0.01358,1.46252
3012,56,0,-0.93605,0.00160,1.0000,0.0000,0,1,6,0.2944,0.0000,0.0000,0.0000,0.0004,-0.98063,-0.97524,-0.55009,0.00000,0.97658,0.97972,0.79708,0.00000,-0.01347,1.46408
3013,56,0,-0.93605,0.00160,1.0000,0.0000,0,1,6,0.2944,0.0000,0.0000,0.0000,0.0004,-0.98063,-0.97524,-0.55009,0.00000,0.97658,0.97972,0.79708,0.00000,-0.01347,1.46408
3014,56,0,-0.93605,0.00160,1.0000,0.0000,0,1,6,0.2944,0.0000,0.0000,0.0000,0.0004,-0.98063,-0.97524,-0.55009,0.00000,0.97658,0.97972,0.79708,0.00000,-0.01347,1.46408
3015,56,0,-0.93605,0.00160,1.0000,0.0000,0,1,6,0.2944,0.0000,0.0000,0.0000,0.0004,-0.98063,-0.97524,-0.55009,0.00000,0.97658,0.97972,0.79708,0.00000,-0.01347,1.46408
3016,56,0,-0.93605,0.00160,1.0000,0.0000,0,1,6,0.2944,0.0000,0.0000,0.0000,0.0004,-0.98063,-0.97524,-0.55009,0.00000,0.97658,0.97972,0.79708,0.00000,-0.01347,1.46408
3017,56,0,-0.93605,0.00160,1.0000,0.0000,0,1,6,0.2944,0.0000,0.0000,0.0000,0.0004,-0.98063,-0.97524,-0.55009,0.00000,0.97658,0.97972,0.79708,0.00000,-0.01347,1.46408
3018,56,0,-0.95811,0.00064,1.0000,0.0000,0,1,6,0.2919,0.0000,0.0000,0.0000,0.0000,-0.98068,-0.97516,-0.38609,0.00000,0.97711,0.97930,0.79757,0.00000,-0.01380,1.46994
3019,56,0,-0.95811,0.00064,1.0000,0.0000,0,1,6,0.2919,0.0000,0.0000,0.0000,0.0000,-0.98068,-0.97516,-0.38609,0.00000,0.97711,0.97930,0.79757,0.00000,-0.01380,1.46994
3020,56,0,-0.95811,0.00064,1.0000,0.0000,0,1,6,0.2919,0.0000,0.0000,0.0000,0.0000,-0.98068,-0.97516,-0.38609,0.00000,0.97711,0.97930,0.79757,0.00000,-0.01380,1.46994
3021,56,0,-0.95811,0.00064,1.0000,0.0000,0,1,6,0.2919,0.0000,0.0000,0.0000,0.0000,-0.98068,-0.97516,-0.38609,0.00000,0.97711,0.97930,0.79757,0.00000,-0.01380,1.46994
3022,56,0,-0.95811,0.00064,1.0000,0.0000,0,1,6,0.2919,0.0000,0.0000,0.0000,0.0000,-0.98068,-0.97516,-0.38609,0.00000,0.97711,0.97930,0.79757,0.00000,-0.01380,1.46994
3023,56,0,-0.95811,0.00064,1.0000,0.0000,0,1,6,0.2919,0.0000,0.0000,0.0000,0.0000,-0.98068,-0.97516,-0.38609,0.00000,0.97711,0.97930,0.79757,0.00000,-0.01380,1.46994
3024,56,0,-0.95131,0.00066,1.0000,0.0000,0,1,6,0.2912,0.0000,0.0000,0.0000,0.0000,-0.98066,-0.97518,-0.38609,0.00000,0.97711,0.97930,0.79767,0.00000,-0.01370,1.47126
3025,56,0,-0.95131,0.00066,1.0000,0.0000,0,1,6,0.2912,0.0000,0.0000,0.0000,0.0000,-0.98066,-0.97518,-0.38609,0.00000,0.97711,0.97930,0.79767,0.00000,-0.01370,1.47126
3026,56,0,-0.95131,0.00066,1.0000,0.0000,0,1,6,0.2912,0.0000,0.0000,0.0000,0.0000,-0.98066,-0.97518,-0.38609,0.00000,0.97711,0.97930,0.79767,0.00000,-0.01370,1.47126
3027,56,0,-0.95131,0.00066,1.0000,0.0000,0,1,6,0.2912,0.0000,0.0000,0.0000,0.0000,-0.98066,-0.97518,-0.38609,0.00000,0.97711,0.97930,0.79767,0.00000,-0.01370,1.47126
3028,56,0,-0.95131,0.00066,1.0000,0.0000,0,1,6,0.2912,0.0000,0.0000,0.0000,0.0000,-0.98066,-0.97518,-0.38609,0.00000,0.97711,0.97930,0.79767,0.00000,-0.01370,1.47126
3029,56,0,-0.95131,0.00066,1.0000,0.0000,0,1,6,0.2912,0.0000,0.0000,0.0000,0.0000,-0.98066,-0.97518,-0.38609,0.00000,0.97711,0.97930,0.79767,0.00000,-0.01370,1.47126
3030,56,0,0.21026,0.15830,1.0000,0.0000,0,1,2,0.2905,0.0000,0.0000,0.0000,0.0001,-0.97765,-0.97884,0.87814,0.06601,0.98049,0.97545,0.80059,0.00000,0.00298,1.50734
3031,56,0,0.21026,0.15830,1.0000,0.0000,0,1,2,0.2905,0.0000,0.0000,0.0000,0.0001,-0.97765,-0.97884,0.87814,0.06601,0.98049,0.97545,0.80059,0.00000,0.00298,1.50734
3032,56,0,0.21026,0.15830,1.0000,0.0000,0,1,2,0.2905,0.0000,0.0000,0.0000,0.0001,-0.97765,-0.97884,0.87814,0.06601,0.98049,0.97545,0.80059,0.00000,0.00298,1.50734
3033,56,0,0.21026,0.15830,1.0000,0.0000,0,1,2,0.2905,0.0000,0.0000,0.0000,0.0001,-0.97765,-0.97884,0.87814,0.06601,0.98049,0.97545,0.80059,0.00000,0.00298,1.50734
3034,56,0,0.21026,0.15830,1.0000,0.0000,0,1,2,0.2905,0.0000,0.0000,0.0000,0.0001,-0.97765,-0.97884,0.87814,0.06601,0.98049,0.97545,0.80059,0.00000,0.00298,1.50734
3035,56,0,0.21026,0.15830,1.0000,0.0000,0,1,2,0.2905,0.0000,0.0000,0.0000,0.0001,-0.97765,-0.97884,0.87814,0.06601,0.98049,0.97545,0.80059,0.00000,0.00298,1.50734
3036,56,0,0.07755,0.13799,1.0000,0.0000,0,1,2,0.2880,0.0000,0.0000,0.0000,0.0000,-0.97804,-0.97848,0.82218,0.06700,0.98037,0.97565,0.80071,0.00000,0.00110,1.50895
3037,56,0,0.07755,0.13799,1.0000,0.0000,0,1,2,0.2880,0.0000,0.0000,0.0000,0.0000,-0.97804,-0.97848,0.82218,0.06700,0.98037,0.97565,0.80071,0.00000,0.00110,1.50895
3038,56,0,0.07755,0.13799,1.0000,0.0000,0,1,2,0.2880,0.0000,0.0000,0.0000,0.0000,-0.97804,-0.97848,0.82218,0.06700,0.98037,0.97565,0.80071,0.00000,0.00110,1.50895
3039,56,0,0.07755,0.13799,1.0000,0.0000,0,1,2,0.2880,0.0000,0.0000,0.0000,0.0000,-0.97804,-0.97848,0.82218,0.06700,0.98037,0.97565,0.80071,0.00000,0.00110,1.50895
3040,56,0,0.07755,0.13799,1.0000,0.0000,0,1,2,0.2880,0.0000,0.0000,0.0000,0.0000,-0.97804,-0.97848,0.82218,0.06700,0.98037,0.97565,0.80071,0.00000,0.00110,1.50895
3041,56,0,0.07755,0.13799,1.0000,0.0000,0,1,2,0.2880,0.0000,0.0000,0.0000,0.0000,-0.97804,-0.97848,0.82218,0.06700,0.98037,0.97565,0.80071,0.00000,0.00110,1.50895
3042,56,0,-0.94115,0.00168,1.0000,0.0000,0,1,6,0.2873,0.0000,0.0000,0.0000,0.0000,-0.98064,-0.97522,-0.55009,0.00000,0.97658,0.97972,0.79805,0.00000,-0.01355,1.47589
3043,56,0,-0.94115,0.00168,1.0000,0.0000,0,1,6,0.2873,0.0000,0.0000,0.0000,0.0000,-0.98064,-0.97522,-0.55009,0.00000,0.97658,0.97972,0.79805,0.00000,-0.01355,1.47589
3044,56,0,-0.94115,0.00168,1.0000,0.0000,0,1,6,0.2873,0.0000,0.0000,0.0000,0.0000,-0.98064,-0.97522,-0.55009,0.00000,0.97658,0.97972,0.79805,0.00000,-0.01355,1.47589
3045,56,0,-0.94115,0.00168,1.0000,0.0000,0,1,6,0.2873,0.0000,0.0000,0.0000,0.0000,-0.98064,-0.97522,-0.55009,0.00000,0.97658,0.97972,0.79805,0.00000,-0.01355,1.47589
3046,56,0,-0.94115,0.00168,1.0000,0.0000,0,1,6,0.2873,0.0000,0.0000,0.0000,0.0000,-0.98064,-0.97522,-0.55009,0.00000,0.97658,0.97972,0.79805,0.00000,-0.01355,1.47589
3047,56,0,-0.94115,0.00168,1.0000,0.0000,0,1,6,0.2873,0.0000,0.0000,0.0000,0.0000,-0.98064,-0.97522,-0.55009,0.00000,0.97658,0.97972,0.79805,0.00000,-0.01355,1.47589
3048,56,0,-0.93350,0.00171,0.0000,0.0000,0,0,6,0.2866,0.0000,0.0000,0.0000,0.0001,-0.98062,-0.97525,-0.55009,0.00000,0.97658,0.97972,0.79817,0.00000,-0.01343,1.47730
3049,56,0,-0.93350,0.00171,0.0000,0.0000,0,0,6,0.2866,0.0000,0.0000,0.0000,0.0001,-0.98062,-0.97525,-0.55009,0.00000,0.97658,0.97972,0.79817,0.00000,-0.01343,1.47730
3050,56,0,-0.93350,0.00171,0.0000,0.0000,0,0,6,0.2866,0.0000,0.0000,0.0000,0.0001,-0.98062,-0.97525,-0.55009,0.00000,0.97658,0.97972,0.79817,0.00000,-0.01343,1.47730
3051,56,0,-0.93350,0.00171,0.0000,0.0000,0,0,6,0.2866,0.0000,0.0000,0.0000,0.0001,-0.98062,-0.97525,-0.55009,0.00000,0.97658,0.97972,0.79817,0.00000,-0.01343,1.47730
3052,56,0,-0.93350,0.00171,0.0000,0.0000,0,0,6,0.2866,0.0000,0.0000,0.0000,0.0001,-0.98062,-0.97525,-0.55009,0.00000,0.97658,0.97972,0.79817,0.00000,-0.01343,1.47730
3053,56,0,-0.93350,0.00171,0.0000,0.0000,0,0,6,0.2866,0.0000,0.0000,0.0000,0.0001,-0.98062,-0.97525,-0.55009,0.00000,0.97658,0.97972,0.79817,0.00000,-0.01343,1.47730
3054,56,0,-0.93350,0.00171,0.0000,0.0000,0,0,6,0.2860,0.0000,0.0000,0.0000,0.0002,-0.98062,-0.97525,-0.55009,0.00000,0.97658,0.97972,0.79828,0.00000,-0.01343,1.47867
3055,56,0,-0.93350,0.00171,0.0000,0.0000,0,0,6,0.2860,0.0000,0.0000,0.0000,0.0002,-0.98062,-0.97525,-0.55009,0.00000,0.97658,0.97972,0.79828,0.00000,-0.01343,1.47867
3056,56,0,-0.93350,0.00171,0.0000,0.0000,0,0,6,0.2860,0.0000,0.0000,0.0000,0.0002,-0.98062,-0.97525,-0.55009,0.00000,0.97658,0.97972,0.79828,0.00000,-0.01343,1.47867
3057,56,0,-0.93350,0.00171,0.0000,0.0000,0,0,6,0.2860,0.0000,0.0000,0.0000,0.0002,-0.98062,-0.97525,-0.55009,0.00000,0.97658,0.97972,0.79828,0.00000,-0.01343,1.47867
3058,56,0,-0.93350,0.00171,0.0000,0.0000,0,0,6,0.2860,0.0000,0.0000,0.0000,0.0002,-0.98062,-0.97525,-0.55009,0.00000,0.97658,0.97972,0.79828,0.00000,-0.01343,1.47867
3059,56,0,-0.93350,0.00171,0.0000,0.0000,0,0,6,0.2860,0.0000,0.0000,0.0000,0.0002,-0.98062,-0.97525,-0.55009,0.00000,0.97658,0.97972,0.79828,0.00000,-0.01343,1.47867
3060,56,0,-0.94992,0.00070,0.0000,0.0000,0,0,6,0.2840,0.0000,0.0000,0.0000,0.0000,-0.98066,-0.97519,-0.38609,0.00000,0.97711,0.97930,0.79870,0.00000,-0.01368,1.48380
3061,56,0,-0.94992,0.00070,0.0000,0.0000,0,0,6,0.2840,0.0000,0.0000,0.0000,0.0000,-0.98066,-0.97519,-0.38609,0.00000,0.97711,0.97930,0.79870,0.00000,-0.01368,1.48380
3062,56,0,-0.94992,0.00070,0.0000,0.0000,0,0,6,0.2840,0.0000,0.0000,0.0000,0.0000,-0.98066,-0.97519,-0.38609,0.00000,0.97711,0.97930,0.79870,0.00000,-0.01368,1.48380
3063,56,0,-0.94992,0.00070,0.0000,0.0000,0,0,6,0.2840,0.0000,0.0000,0.0000,0.0000,-0.98066,-0.97519,-0.38609,0.00000,0.97711,0.97930,0.79870,0.00000,-0.01368,1.48380
3064,56,0,-0.94992,0.00070,0.0000,0.0000,0,0,6,0.2840,0.0000,0.0000,0.0000,0.0000,-0.98066,-0.97519,-0.38609,0.00000,0.97711,0.97930,0.79870,0.00000,-0.01368,1.48380
3065,56,0,-0.94992,0.00070,0.0000,0.0000,0,0,6,0.2840,0.0000,0.0000,0.0000,0.0000,-0.98066,-0.97519,-0.38609,0.00000,0.97711,0.97930,0.79870,0.00000,-0.01368,1.48380
3066,56,0,0.17302,0.14469,0.0000,0.0000,0,0,2,0.2833,0.0000,0.0000,0.0000,0.0000,-0.97776,-0.97874,0.88698,0.07167,0.98052,0.97542,0.80154,0.00000,0.00245,1.51938
3067,56,0,0.17302,0.14469,0.0000,0.0000,0,0,2,0.2833,0.0000,0.0000,0.0000,0.0000,-0.97776,-0.97874,0.88698,0.07167,0.98052,0.97542,0.80154,0.00000,0.00245,1.51938
3068,56,0,0.17302,0.14469,0.0000,0.0000,0,0,2,0.2833,0.0000,0.0000,0.0000,0.0000,-0.97776,-0.97874,0.88698,0.07167,0.98052,0.97542,0.80154,0.00000,0.00245,1.51938
3069,56,0,0.17302,0.14469,0.0000,0.0000,0,0,2,0.2833,0.0000,0.0000,0.0000,0.0000,-0.97776,-0.97874,0.88698,0.07167,0.98052,0.97542,0.80154,0.00000,0.00245,1.51938
3070,56,0,0.17302,0.14469,0.0000,0.0000,0,0,2,0.2833,0.0000,0.0000,0.0000,0.0000,-0.97776,-0.97874,0.88698,0.07167,0.98052,0.97542,0.80154,0.00000,0.00245,1.51938
3071,56,0,0.17302,0.14469,0.0000,0.0000,0,0,2,0.2833,0.0000,0.0000,0.0000,0.0000,-0.97776,-0.97874,0.88698,0.07167,0.98052,0.97542,0.80154,0.00000,0.00245,1.51938
3072,56,0,0.22052,0.13942,0.0000,0.0000,0,0,2,0.2827,0.0000,0.0000,0.0000,0.0001,-0.97762,-0.97887,0.88266,0.06880,0.98051,0.97543,0.80169,0.00000,0.00313,1.52129
3073,56,0,0.22052,0.13942,0.0000,0.0000,0,0,2,0.2827,0.0000,0.0000,0.0000,0.0001,-0.97762,-0.97887,0.88266,0.06880,0.98051,0.97543,0.80169,0.00000,0.00313,1.52129
3074,56,0,0.22052,0.13942,0.0000,0.0000,0,0,2,0.2827,0.0000,0.0000,0.0000,0.0001,-0.97762,-0.97887,0.88266,0.06880,0.98051,0.97543,0.80169,0.00000,0.00313,1.52129
3075,56,0,0.22052,0.13942,0.0000,0.0000,0,0,2,0.2827,0.0000,0.0000,0.0000,0.0001,-0.97762,-0.97887,0.88266,0.06880,0.98051,0.97543,0.80169,0.00000,0.00313,1.52129
3076,56,0,0.22052,0.13942,0.0000,0.0000,0,0,2,0.2827,0.0000,0.0000,0.0000,0.0001,-0.97762,-0.97887,0.88266,0.06880,0.98051,0.97543,0.80169,0.00000,0.00313,1.52129
3077,56,0,0.22052,0.13942,0.0000,0.0000,0,0,2,0.2827,0.0000,0.0000,0.0000,0.0001,-0.97762,-0.97887,0.88266,0.06880,0.98051,0.97543,0.80169,0.00000,0.00313,1.52129
3078,56,0,0.01958,0.12837,0.0000,0.0000,0,0,2,0.2807,0.0000,0.0000,0.0000,0.0000,-0.97821,-0.97832,0.83415,0.07247,0.98039,0.97561,0.80166,0.00000,0.00028,1.52095
3079,56,0,0.01958,0.12837,0.0000,0.0000,0,0,2,0.2807,0.0000,0.0000,0.0000,0.0000,-0.97821,-0.97832,0.83415,0.07247,0.98039,0.97561,0.80166,0.00000,0.00028,1.52095
3080,56,0,0.01958,0.12837,0.0000,0.0000,0,0,2,0.2807,0.0000,0.0000,0.0000,0.0000,-0.97821,-0.97832,0.83415,0.07247,0.98039,0.97561,0.80166,0.00000,0.00028,1.52095
3081,56,0,0.01958,0.12837,0.0000,0.0000,0,0,2,0.2807,0.0000,0.0000,0.0000,0.0000,-0.97821,-0.97832,0.83415,0.07247,0.98039,0.97561,0.80166,0.00000,0.00028,1.52095
3082,56,0,0.01958,0.12837,0.0000,0.0000,0,0,2,0.2807,0.0000,0.0000,0.0000,0.0000,-0.97821,-0.97832,0.83415,0.07247,0.98039,0.97561,0.80166,0.00000,0.00028,1.52095
3083,56,0,0.01958,0.12837,0.0000,0.0000,0,0,2,0.2807,0.0000,0.0000,0.0000,0.0000,-0.97821,-0.97832,0.83415,0.07247,0.98039,0.97561,0.80166,0.00000,0.00028,1.52095
3084,56,0,0.06977,0.12427,0.0000,0.0000,0,0,2,0.2801,0.0000,0.0000,0.0000,0.0000,-0.97806,-0.97846,0.82827,0.06969,0.98038,0.97563,0.80181,0.00000,0.00099,1.52279
3085,56,0,0.06977,0.12427,0.0000,0.0000,0,0,2,0.2801,0.0000,0.0000,0.0000,0.0000,-0.97806,-0.97846,0.82827,0.06969,0.98038,0.97563,0.80181,0.00000,0.00099,1.52279
3086,56,0,0.06977,0.12427,0.0000,0.0000,0,0,2,0.2801,0.0000,0.0000,0.0000,0.0000,-0.97806,-0.97846,0.82827,0.06969,0.98038,0.97563,0.80181,0.00000,0.00099,1.52279
3087,56,0,0.06977,0.12427,0.0000,0.0000,0,0,2,0.2801,0.0000,0.0000,0.0000,0.0000,-0.97806,-0.97846,0.82827,0.06969,0.98038,0.97563,0.80181,0.00000,0.00099,1.52279
3088,56,0,0.06977,0.12427,0.0000,0.0000,0,0,2,0.2801,0.0000,0.0000,0.0000,0.0000,-0.97806,-0.97846,0.82827,0.06969,0.98038,0.97563,0.80181,0.00000,0.00099,1.52279
3089,56,0,0.06977,0.12427,0.0000,0.0000,0,0,2,0.2801,0.0000,0.0000,0.0000,0.0000,-0.97806,-0.97846,0.82827,0.06969,0.98038,0.97563,0.80181,0.00000,0.00099,1.52279
3090,56,0,-0.02657,0.10819,1.0000,0.0000,0,1,2,0.2700,0.0000,0.0000,0.0000,0.0000,-0.97834,-0.97819,0.72202,0.06601,0.98013,0.97600,0.80295,0.00000,-0.00038,1.53744
3091,56,0,-0.02657,0.10819,1.0000,0.0000,0,1,2,0.2700,0.0000,0.0000,0.0000,0.0000,-0.97834,-0.97819,0.72202,0.06601,0.98013,0.97600,0.80295,0.00000,-0.00038,1.53744
3092,56,0,-0.02657,0.10819,1.0000,0.0000,0,1,2,0.2700,0.0000,0.0000,0.0000,0.0000,-0.97834,-0.97819,0.72202,0.06601,0.98013,0.97600,0.80295,0.00000,-0.00038,1.53744
3093,56,0,-0.02657,0.10819,1.0000,0.0000,0,1,2,0.2700,0.0000,0.0000,0.0000,0.0000,-0.97834,-0.97819,0.72202,0.06601,0.98013,0.97600,0.80295,0.00000,-0.00038,1.53744
3094,56,0,-0.02657,0.10819,1.0000,0.0000,0,1,2,0.2700,0.0000,0.0000,0.0000,0.0000,-0.97834,-0.97819,0.72202,0.06601,0.98013,0.97600,0.80295,0.00000,-0.00038,1.53744
3095,56,0,-0.02657,0.10819,1.0000,0.0000,0,1,2,0.2700,0.0000,0.0000,0.0000,0.0000,-0.97834,-0.97819,0.72202,0.06601,0.98013,0.97600,0.80295,0.00000,-0.00038,1.53744
3096,56,0,-0.89141,0.00410,1.0000,0.0000,0,1,6,0.2693,0.0000,0.0000,0.0000,0.0000,-0.98053,-0.97540,-0.69776,0.00000,0.97608,0.98007,0.80047,0.00000,-0.01281,1.50591
3097,56,0,-0.89141,0.00410,1.0000,0.0000,0,1,6,0.2693,0.0000,0.0000,0.0000,0.0000,-0.98053,-0.97540,-0.69776,0.00000,0.97608,0.98007,0.80047,0.00000,-0.01281,1.50591
3098,56,0,-0.89141,0.00410,1.0000,0.0000,0,1,6,0.2693,0.0000,0.0000,0.0000,0.0000,-0.98053,-0.97540,-0.69776,0.00000,0.97608,0.98007,0.80047,0.00000,-0.01281,1.50591
3099,56,0,-0.89141,0.00410,1.0000,0.0000,0,1,6,0.2693,0.0000,0.0000,0.0000,0.0000,-0.98053,-0.97540,-0.69776,0.00000,0.97608,0.98007,0.80047,0.00000,-0.01281,1.50591
3100,56,0,-0.89141,0.00410,1.0000,0.0000,0,1,6,0.2693,0.0000,0.0000,0.0000,0.0000,-0.98053,-0.97540,-0.69776,0.00000,0.97608,0.98007,0.80047,0.00000,-0.01281,1.50591
3101,56,0,-0.89141,0.00410,1.0000,0.0000,0,1,6,0.2693,0.0000,0.0000,0.0000,0.0000,-0.98053,-0.97540,-0.69776,0.00000,0.97608,0.98007,0.80047,0.00000,-0.01281,1.50591
3102,56,0,-0.94480,0.00185,1.0000,0.0000,0,1,6,0.2668,0.0000,0.0000,0.0000,0.0000,-0.98065,-0.97521,-0.55009,0.00000,0.97658,0.97972,0.80093,0.00000,-0.01360,1.51170
3103,56,0,-0.94480,0.00185,1.0000,0.0000,0,1,6,0.2668,0.0000,0.0000,0.0000,0.0000,-0.98065,-0.97521,-0.55009,0.00000,0.97658,0.97972,0.80093,0.00000,-0.01360,1.51170
3104,56,0,-0.94480,0.00185,1.0000,0.0000,0,1,6,0.2668,0.0000,0.0000,0.0000,0.0000,-0.98065,-0.97521,-0.55009,0.00000,0.97658,0.97972,0.80093,0.00000,-0.01360,1.51170
3105,56,0,-0.94480,0.00185,1.0000,0.0000,0,1,6,0.2668,0.0000,0.0000,0.0000,0.0000,-0.98065,-0.97521,-0.55009,0.00000,0.97658,0.97972,0.80093,0.00000,-0.01360,1.51170
3106,56,0,-0.94480,0.00185,1.0000,0.0000,0,1,6,0.2668,0.0000,0.0000,0.0000,0.0000,-0.98065,-0.97521,-0.55009,0.00000,0.97658,0.97972,0.80093,0.00000,-0.01360,1.51170
3107,56,0,-0.94480,0.00185,1.0000,0.0000,0,1,6,0.2668,0.0000,0.0000,0.0000,0.0000,-0.98065,-0.97521,-0.55009,0.00000,0.97658,0.97972,0.80093,0.00000,-0.01360,1.51170
3108,56,0,-0.94391,0.00078,1.0000,0.0000,0,1,6,0.2642,0.0000,0.0000,0.0000,0.0000,-0.98064,-0.97521,-0.38609,0.00000,0.97711,0.97930,0.80147,0.00000,-0.01359,1.51855
3109,56,0,-0.94391,0.00078,1.0000,0.0000,0,1,6,0.2642,0.0000,0.0000,0.0000,0.0000,-0.98064,-0.97521,-0.38609,0.00000,0.97711,0.97930,0.80147,0.00000,-0.01359,1.51855
3110,56,0,-0.94391,0.00078,1.0000,0.0000,0,1,6,0.2642,0.0000,0.0000,0.0000,0.0000,-0.98064,-0.97521,-0.38609,0.00000,0.97711,0.97930,0.80147,0.00000,-0.01359,1.51855
3111,56,0,-0.94391,0.00078,1.0000,0.0000,0,1,6,0.2642,0.0000,0.0000,0.0000,0.0000,-0.98064,-0.97521,-0.38609,0.00000,0.97711,0.97930,0.80147,0.00000,-0.01359,1.51855
3112,56,0,-0.94391,0.00078,1.0000,0.0000,0,1,6,0.2642,0.0000,0.0000,0.0000,0.0000,-0.98064,-0.97521,-0.38609,0.00000,0.97711,0.97930,0.80147,0.00000,-0.01359,1.51855
3113,56,0,-0.94391,0.00078,1.0000,0.0000,0,1,6,0.2642,0.0000,0.0000,0.0000,0.0000,-0.98064,-0.97521,-0.38609,0.00000,0.97711,0.97930,0.80147,0.00000,-0.01359,1.51855
3114,56,0,-0.94391,0.00078,1.0000,0.0000,0,1,6,0.2635,0.0000,0.0000,0.0000,0.0000,-0.98064,-0.97521,-0.38609,0.00000,0.97711,0.97930,0.80157,0.00000,-0.01359,1.51976
3115,56,0,-0.94391,0.00078,1.0000,0.0000,0,1,6,0.2635,0.0000,0.0000,0.0000,0.0000,-0.98064,-0.97521,-0.38609,0.00000,0.97711,0.97930,0.80157,0.00000,-0.01359,1.51976
3116,56,0,-0.94391,0.00078,1.0000,0.0000,0,1,6,0.2635,0.0000,0.0000,0.0000,0.0000,-0.98064,-0.97521,-0.38609,0.00000,0.97711,0.97930,0.80157,0.00000,-0.01359,1.51976
3117,56,0,-0.94391,0.00078,1.0000,0.0000,0,1,6,0.2635,0.0000,0.0000,0.0000,0.0000,-0.98064,-0.97521,-0.38609,0.00000,0.97711,0.97930,0.80157,0.00000,-0.01359,1.51976
3118,56,0,-0.94391,0.00078,1.0000,0.0000,0,1,6,0.2635,0.0000,0.0000,0.0000,0.0000,-0.98064,-0.97521,-0.38609,0.00000,0.97711,0.97930,0.80157,0.00000,-0.01359,1.51976
3119,56,0,-0.94391,0.00078,1.0000,0.0000,0,1,6,0.2635,0.0000,0.0000,0.0000,0.0000,-0.98064,-0.97521,-0.38609,0.00000,0.97711,0.97930,0.80157,0.00000,-0.01359,1.51976
3120,56,0,0.18021,0.11872,1.0000,0.0000,0,1,2,0.2629,0.0000,0.0000,0.0000,0.0001,-0.97774,-0.97876,0.88698,0.07167,0.98052,0.97542,0.80434,0.00000,0.00256,1.55544
3121,56,0,0.18021,0.11872,1.0000,0.0000,0,1,2,0.2629,0.0000,0.0000,0.0000,0.0001,-0.97774,-0.97876,0.88698,0.07167,0.98052,0.97542,0.80434,0.00000,0.00256,1.55544
3122,56,0,0.18021,0.11872,1.0000,0.0000,0,1,2,0.2629,0.0000,0.0000,0.0000,0.0001,-0.97774,-0.97876,0.88698,0.07167,0.98052,0.97542,0.80434,0.00000,0.00256,1.55544
3123,56,0,0.18021,0.11872,1.0000,0.0000,0,1,2,0.2629,0.0000,0.0000,0.0000,0.0001,-0.97774,-0.97876,0.88698,0.07167,0.98052,0.97542,0.80434,0.00000,0.00256,1.55544
3124,56,0,0.18021,0.11872,1.0000,0.0000,0,1,2,0.2629,0.0000,0.0000,0.0000,0.0001,-0.97774,-0.97876,0.88698,0.07167,0.98052,0.97542,0.80434,0.00000,0.00256,1.55544
3125,56,0,0.18021,0.11872,1.0000,0.0000,0,1,2,0.2629,0.0000,0.0000,0.0000,0.0001,-0.97774,-0.97876,0.88698,0.07167,0.98052,0.97542,0.80434,0.00000,0.00256,1.55544
3126,56,0,-0.09771,0.11162,1.0000,0.0000,0,1,2,0.2603,0.0000,0.0000,0.0000,0.0000,-0.97853,-0.97798,0.83978,0.07532,0.98041,0.97559,0.80431,0.00000,-0.00139,1.55512
3127,56,0,-0.09771,0.11162,1.0000,0.0000,0,1,2,0.2603,0.0000,0.0000,0.0000,0.0000,-0.97853,-0.97798,0.83978,0.07532,0.98041,0.97559,0.80431,0.00000,-0.00139,1.55512
3128,56,0,-0.09771,0.11162,1.0000,0.0000,0,1,2,0.2603,0.0000,0.0000,0.0000,0.0000,-0.97853,-0.97798,0.83978,0.07532,0.98041,0.97559,0.80431,0.00000,-0.00139,1.55512
3129,56,0,-0.09771,0.11162,1.0000,0.0000,0,1,2,0.2603,0.0000,0.0000,0.0000,0.0000,-0.97853,-0.97798,0.83978,0.07532,0.98041,0.97559,0.80431,0.00000,-0.00139,1.55512
3130,56,0,-0.09771,0.11162,1.0000,0.0000,0,1,2,0.2603,0.0000,0.0000,0.0000,0.0000,-0.97853,-0.97798,0.83978,0.07532,0.98041,0.97559,0.80431,0.00000,-0.00139,1.55512
3131,56,0,-0.09771,0.11162,1.0000,0.0000,0,1,2,0.2603,0.0000,0.0000,0.0000,0.0000,-0.97853,-0.97798,0.83978,0.07532,0.98041,0.97559,0.80431,0.00000,-0.00139,1.55512
3132,56,0,-0.08404,0.09334,0.0000,0.0000,0,0,2,0.2584,0.0000,0.0000,0.0000,0.0000,-0.97850,-0.97802,0.73152,0.06880,0.98015,0.97597,0.80447,0.00000,-0.00119,1.55712
3133,56,0,-0.08404,0.09334,0.0000,0.0000,0,0,2,0.2584,0.0000,0.0000,0.0000,0.0000,-0.97850,-0.97802,0.73152,0.06880,0.98015,0.97597,0.80447,0.00000,-0.00119,1.55712
3134,56,0,-0.08404,0.09334,0.0000,0.0000,0,0,2,0.2584,0.0000,0.0000,0.0000,0.0000,-0.97850,-0.97802,0.73152,0.06880,0.98015,0.97597,0.80447,0.00000,-0.00119,1.55712
3135,56,0,-0.08404,0.09334,0.0000,0.0000,0,0,2,0.2584,0.0000,0.0000,0.0000,0.0000,-0.97850,-0.97802,0.73152,0.06880,0.98015,0.97597,0.80447,0.00000,-0.00119,1.55712
3136,56,0,-0.08404,0.09334,0.0000,0.0000,0,0,2,0.2584,0.0000,0.0000,0.0000,0.0000,-0.97850,-0.97802,0.73152,0.06880,0.98015,0.97597,0.80447,0.00000,-0.00119,1.55712
3137,56,0,-0.08404,0.09334,0.0000,0.0000,0,0,2,0.2584,0.0000,0.0000,0.0000,0.0000,-0.97850,-0.97802,0.73152,0.06880,0.98015,0.97597,0.80447,0.00000,-0.00119,1.55712
3138,56,0,-0.08404,0.09334,0.0000,0.0000,0,0,2,0.2577,0.0000,0.0000,0.0000,0.0000,-0.97850,-0.97802,0.73152,0.06880,0.98015,0.97597,0.80456,0.00000,-0.00119,1.55833
3139,56,0,-0.08404,0.09334,0.0000,0.0000,0,0,2,0.2577,0.0000,0.0000,0.0000,0.0000,-0.97850,-0.97802,0.73152,0.06880,0.98015,0.97597,0.80456,0.00000,-0.00119,1.55833
3140,56,0,-0.08404,0.09334,0.0000,0.0000,0,0,2,0.2577,0.0000,0.0000,0.0000,0.0000,-0.97850,-0.97802,0.73152,0.06880,0.98015,0.97597,0.80456,0.00000,-0.00119,1.55833
3141,56,0,-0.08404,0.09334,0.0000,0.0000,0,0,2,0.2577,0.0000,0.0000,0.0000,0.0000,-0.97850,-0.97802,0.73152,0.06880,0.98015,0.97597,0.80456,0.00000,-0.00119,1.55833
3142,56,0,-0.08404,0.09334,0.0000,0.0000,0,0,2,0.2577,0.0000,0.0000,0.0000,0.0000,-0.97850,-0.97802,0.73152,0.06880,0.98015,0.97597,0.80456,0.00000,-0.00119,1.55833
3143,56,0,-0.08404,0.09334,0.0000,0.0000,0,0,2,0.2577,0.0000,0.0000,0.0000,0.0000,-0.97850,-0.97802,0.73152,0.06880,0.98015,0.97597,0.80456,0.00000,-0.00119,1.55833
3144,56,0,-0.88572,0.00426,0.0000,0.0000,0,0,6,0.2570,0.0000,0.0000,0.0000,0.0001,-0.98051,-0.97542,-0.69776,0.00000,0.97608,0.98007,0.80219,0.00000,-0.01273,1.52765
3145,56,0,-0.88572,0.00426,0.0000,0.0000,0,0,6,0.2570,0.0000,0.0000,0.0000,0.0001,-0.98051,-0.97542,-0.69776,0.00000,0.97608,0.98007,0.80219,0.00000,-0.01273,1.52765
3146,56,0,-0.88572,0.00426,0.0000,0.0000,0,0,6,0.2570,0.0000,0.0000,0.0000,0.0001,-0.98051,-0.97542,-0.69776,0.00000,0.97608,0.98007,0.80219,0.00000,-0.01273,1.52765
3147,56,0,-0.88572,0.00426,0.0000,0.0000,0,0,6,0.2570,0.0000,0.0000,0.0000,0.0001,-0.98051,-0.97542,-0.69776,0.00000,0.97608,0.98007,0.80219,0.00000,-0.01273,1.52765
3148,56,0,-0.88572,0.00426,0.0000,0.0000,0,0,6,0.2570,0.0000,0.0000,0.0000,0.0001,-0.98051,-0.97542,-0.69776,0.00000,0.97608,0.98007,0.80219,0.00000,-0.01273,1.52765
3149,56,0,-0.88572,0.00426,0.0000,0.0000,0,0,6,0.2570,0.0000,0.0000,0.0000,0.0001,-0.98051,-0.97542,-0.69776,0.00000,0.97608,0.98007,0.80219,0.00000,-0.01273,1.52765
3150,56,0,-0.88572,0.00426,0.0000,0.0000,0,0,6,0.2564,0.0000,0.0000,0.0000,0.0002,-0.98051,-0.97542,-0.69776,0.00000,0.97608,0.98007,0.80230,0.00000,-0.01273,1.52902
3151,56,0,-0.88572,0.00426,0.0000,0.0000,0,0,6,0.2564,0.0000,0.0000,0.0000,0.0002,-0.98051,-0.97542,-0.69776,0.00000,0.97608,0.98007,0.80230,0.00000,-0.01273,1.52902
3152,56,0,-0.88572,0.00426,0.0000,0.0000,0,0,6,0.2564,0.0000,0.0000,0.0000,0.0002,-0.98051,-0.97542,-0.69776,0.00000,0.97608,0.98007,0.80230,0.00000,-0.01273,1.52902
3153,56,0,-0.88572,0.00426,0.0000,0.0000,0,0,6,0.2564,0.0000,0.0000,0.0000,0.0002,-0.98051,-0.97542,-0.69776,0.00000,0.97608,0.98007,0.80230,0.00000,-0.01273,1.52902
3154,56,0,-0.88572,0.00426,0.0000,0.0000,0,0,6,0.2564,0.0000,0.0000,0.0000,0.0002,-0.98051,-0.97542,-0.69776,0.00000,0.97608,0.98007,0.80230,0.00000,-0.01273,1.52902
3155,56,0,-0.88572,0.00426,0.0000,0.0000,0,0,6,0.2564,0.0000,0.0000,0.0000,0.0002,-0.98051,-0.97542,-0.69776,0.00000,0.97608,0.98007,0.80230,0.00000,-0.01273,1.52902
3156,56,0,-0.93632,0.00198,0.0000,0.0000,0,0,6,0.2544,0.0000,0.0000,0.0000,0.0000,-0.98063,-0.97524,-0.55009,0.00000,0.97658,0.97972,0.80264,0.00000,-0.01348,1.53343
3157,56,0,-0.93632,0.00198,0.0000,0.0000,0,0,6,0.2544,0.0000,0.0000,0.0000,0.0000,-0.98063,-0.97524,-0.55009,0.00000,0.97658,0.97972,0.80264,0.00000,-0.01348,1.53343
3158,56,0,-0.93632,0.00198,0.0000,0.0000,0,0,6,0.2544,0.0000,0.0000,0.0000,0.0000,-0.98063,-0.97524,-0.55009,0.00000,0.97658,0.97972,0.80264,0.00000,-0.01348,1.53343
3159,56,0,-0.93632,0.00198,0.0000,0.0000,0,0,6,0.2544,0.0000,0.0000,0.0000,0.0000,-0.98063,-0.97524,-0.55009,0.00000,0.97658,0.97972,0.80264,0.00000,-0.01348,1.53343
3160,56,0,-0.93632,0.00198,0.0000,0.0000,0,0,6,0.2544,0.0000,0.0000,0.0000,0.0000,-0.98063,-0.97524,-0.55009,0.00000,0.97658,0.97972,0.80264,0.00000,-0.01348,1.53343
3161,56,0,-0.93632,0.00198,0.0000,0.0000,0,0,6,0.2544,0.0000,0.0000,0.0000,0.0000,-0.98063,-0.97524,-0.55009,0.00000,0.97658,0.97972,0.80264,0.00000,-0.01348,1.53343
3162,56,0,-0.94449,0.00085,0.0000,0.0000,0,0,6,0.2525,0.0000,0.0000,0.0000,0.0000,-0.98065,-0.97521,-0.38609,0.00000,0.97711,0.97930,0.80308,0.00000,-0.01360,1.53905
3163,56,0,-0.94449,0.00085,0.0000,0.0000,0,0,6,0.2525,0.0000,0.0000,0.0000,0.0000,-0.98065,-0.97521,-0.38609,0.00000,0.97711,0.97930,0.80308,0.00000,-0.01360,1.53905
3164,56,0,-0.94449,0.00085,0.0000,0.0000,0,0,6,0.2525,0.0000,0.0000,0.0000,0.0000,-0.98065,-0.97521,-0.38609,0.00000,0.97711,0.97930,0.80308,0.00000,-0.01360,1.53905
3165,56,0,-0.94449,0.00085,0.0000,0.0000,0,0,6,0.2525,0.0000,0.0000,0.0000,0.0000,-0.98065,-0.97521,-0.38609,0.00000,0.97711,0.97930,0.80308,0.00000,-0.01360,1.53905
3166,56,0,-0.94449,0.00085,0.0000,0.0000,0,0,6,0.2525,0.0000,0.0000,0.0000,0.0000,-0.98065,-0.97521,-0.38609,0.00000,0.97711,0.97930,0.80308,0.00000,-0.01360,1.53905
3167,56,0,-0.94449,0.00085,0.0000,0.0000,0,0,6,0.2525,0.0000,0.0000,0.0000,0.0000,-0.98065,-0.97521,-0.38609,0.00000,0.97711,0.97930,0.80308,0.00000,-0.01360,1.53905
3168,56,0,0.08630,0.10062,0.0000,0.0000,0,0,2,0.2518,0.0000,0.0000,0.0000,0.0000,-0.97801,-0.97850,0.86846,0.06069,0.98047,0.97548,0.80568,0.00000,0.00122,1.57305
3169,56,0,0.08630,0.10062,0.0000,0.0000,0,0,2,0.2518,0.0000,0.0000,0.0000,0.0000,-0.97801,-0.97850,0.86846,0.06069,0.98047,0.97548,0.80568,0.00000,0.00122,1.57305
3170,56,0,0.08630,0.10062,0.0000,0.0000,0,0,2,0.2518,0.0000,0.0000,0.0000,0.0000,-0.97801,-0.97850,0.86846,0.06069,0.98047,0.97548,0.80568,0.00000,0.00122,1.57305
3171,56,0,0.08630,0.10062,0.0000,0.0000,0,0,2,0.2518,0.0000,0.0000,0.0000,0.0000,-0.97801,-0.97850,0.86846,0.06069,0.98047,0.97548,0.80568,0.00000,0.00122,1.57305
3172,56,0,0.08630,0.10062,0.0000,0.0000,0,0,2,0.2518,0.0000,0.0000,0.0000,0.0000,-0.97801,-0.97850,0.86846,0.06069,0.98047,0.97548,0.80568,0.00000,0.00122,1.57305
3173,56,0,0.08630,0.10062,0.0000,0.0000,0,0,2,0.2518,0.0000,0.0000,0.0000,0.0000,-0.97801,-0.97850,0.86846,0.06069,0.98047,0.97548,0.80568,0.00000,0.00122,1.57305
3174,56,0,0.08630,0.10062,0.0000,0.0000,0,0,2,0.2512,0.0000,0.0000,0.0000,0.0001,-0.97801,-0.97850,0.86846,0.06069,0.98047,0.97548,0.80578,0.00000,0.00122,1.57434
3175,56,0,0.08630,0.10062,0.0000,0.0000,0,0,2,0.2512,0.0000,0.0000,0.0000,0.0001,-0.97801,-0.97850,0.86846,0.06069,0.98047,0.97548,0.80578,0.00000,0.00122,1.57434
3176,56,0,0.08630,0.10062,0.0000,0.0000,0,0,2,0.2512,0.0000,0.0000,0.0000,0.0001,-0.97801,-0.97850,0.86846,0.06069,0.98047,0.97548,0.80578,0.00000,0.00122,1.57434
3177,56,0,0.08630,0.10062,0.0000,0.0000,0,0,2,0.2512,0.0000,0.0000,0.0000,0.0001,-0.97801,-0.97850,0.86846,0.06069,0.98047,0.97548,0.80578,0.00000,0.00122,1.57434
3178,56,0,0.08630,0.10062,0.0000,0.0000,0,0,2,0.2512,0.0000,0.0000,0.0000,0.0001,-0.97801,-0.97850,0.86846,0.06069,0.98047,0.97548,0.80578,0.00000,0.00122,1.57434
3179,56,0,0.08630,0.10062,0.0000,0.0000,0,0,2,0.2512,0.0000,0.0000,0.0000,0.0001,-0.97801,-0.97850,0.86846,0.06069,0.98047,0.97548,0.80578,0.00000,0.00122,1.57434
3180,56,0,-0.11510,0.09220,0.0000,0.0000,0,0,2,0.2492,0.0000,0.0000,0.0000,0.0000,-0.97858,-0.97793,0.83978,0.07532,0.98041,0.97559,0.80577,0.00000,-0.00163,1.57429
3181,56,0,-0.11510,0.09220,0.0000,0.0000,0,0,2,0.2492,0.0000,0.0000,0.0000,0.0000,-0.97858,-0.97793,0.83978,0.07532,0.98041,0.97559,0.80577,0.00000,-0.00163,1.57429
3182,56,0,-0.11510,0.09220,0.0000,0.0000,0,0,2,0.2492,0.0000,0.0000,0.0000,0.0000,-0.97858,-0.97793,0.83978,0.07532,0.98041,0.97559,0.80577,0.00000,-0.00163,1.57429
3183,56,0,-0.11510,0.09220,0.0000,0.0000,0,0,2,0.2492,0.0000,0.0000,0.0000,0.0000,-0.97858,-0.97793,0.83978,0.07532,0.98041,0.97559,0.80577,0.00000,-0.00163,1.57429
3184,56,0,-0.11510,0.09220,0.0000,0.0000,0,0,2,0.2492,0.0000,0.0000,0.0000,0.0000,-0.97858,-0.97793,0.83978,0.07532,0.98041,0.97559,0.80577,0.00000,-0.00163,1.57429
3185,56,0,-0.11510,0.09220,0.0000,0.0000,0,0,2,0.2492,0.0000,0.0000,0.0000,0.0000,-0.97858,-0.97793,0.83978,0.07532,0.98041,0.97559,0.80577,0.00000,-0.00163,1.57429
3186,56,0,-0.11510,0.09220,0.0000,0.0000,0,0,2,0.2485,0.0000,0.0000,0.0000,0.0000,-0.97858,-0.97793,0.83978,0.07532,0.98041,0.97559,0.80586,0.00000,-0.00163,1.57550
3187,56,0,-0.11510,0.09220,0.0000,0.0000,0,0,2,0.2485,0.0000,0.0000,0.0000,0.0000,-0.97858,-0.97793,0.83978,0.07532,0.98041,0.97559,0.80586,0.00000,-0.00163,1.57550
3188,56,0,-0.11510,0.09220,0.0000,0.0000,0,0,2,0.2485,0.0000,0.0000,0.0000,0.0000,-0.97858,-0.97793,0.83978,0.07532,0.98041,0.97559,0.80586,0.00000,-0.00163,1.57550
3189,56,0,-0.11510,0.09220,0.0000,0.0000,0,0,2,0.2485,0.0000,0.0000,0.0000,0.0000,-0.97858,-0.97793,0.83978,0.07532,0.98041,0.97559,0.80586,0.00000,-0.00163,1.57550
3190,56,0,-0.11510,0.09220,0.0000,0.0000,0,0,2,0.2485,0.0000,0.0000,0.0000,0.0000,-0.97858,-0.97793,0.83978,0.07532,0.98041,0.97559,0.80586,0.00000,-0.00163,1.57550
3191,56,0,-0.11510,0.09220,0.0000,0.0000,0,0,2,0.2485,0.0000,0.0000,0.0000,0.0000,-0.97858,-0.97793,0.83978,0.07532,0.98041,0.97559,0.80586,0.00000,-0.00163,1.57550
3192,56,0,-0.13269,0.07749,0.0000,0.0000,0,0,2,0.2466,0.0000,0.0000,0.0000,0.0000,-0.97863,-0.97788,0.73152,0.06880,0.98015,0.97597,0.80598,0.00000,-0.00188,1.57701
3193,56,0,-0.13269,0.07749,0.0000,0.0000,0,0,2,0.2466,0.0000,0.0000,0.0000,0.0000,-0.97863,-0.97788,0.73152,0.06880,0.98015,0.97597,0.80598,0.00000,-0.00188,1.57701
3194,56,0,-0.13269,0.07749,0.0000,0.0000,0,0,2,0.2466,0.0000,0.0000,0.0000,0.0000,-0.97863,-0.97788,0.73152,0.06880,0.98015,0.97597,0.80598,0.00000,-0.00188,1.57701
3195,56,0,-0.13269,0.07749,0.0000,0.0000,0,0,2,0.2466,0.0000,0.0000,0.0000,0.0000,-0.97863,-0.97788,0.73152,0.06880,0.98015,0.97597,0.80598,0.00000,-0.00188,1.57701
3196,56,0,-0.13269,0.07749,0.0000,0.0000,0,0,2,0.2466,0.0000,0.0000,0.0000,0.0000,-0.97863,-0.97788,0.73152,0.06880,0.98015,0.97597,0.80598,0.00000,-0.00188,1.57701
3197,56,0,-0.13269,0.07749,0.0000,0.0000,0,0,2,0.2466,0.0000,0.0000,0.0000,0.0000,-0.97863,-0.97788,0.73152,0.06880,0.98015,0.97597,0.80598,0.00000,-0.00188,1.57701
3198,56,0,-0.13269,0.07749,0.0000,0.0000,0,0,2,0.2459,0.0000,0.0000,0.0000,0.0000,-0.97863,-0.97788,0.73152,0.06880,0.98015,0.97597,0.80607,0.00000,-0.00188,1.57823
3199,56,0,-0.13269,0.07749,0.0000,0.0000,0,0,2,0.2459,0.0000,0.0000,0.0000,0.0000,-0.97863,-0.97788,0.73152,0.06880,0.98015,0.97597,0.80607,0.00000,-0.00188,1.57823
3200,56,0,-0.13269,0.07749,0.0000,0.0000,0,0,2,0.2459,0.0000,0.0000,0.0000,0.0000,-0.97863,-0.97788,0.73152,0.06880,0.98015,0.97597,0.80607,0.00000,-0.00188,1.57823
3201,56,0,-0.13269,0.07749,0.0000,0.0000,0,0,2,0.2459,0.0000,0.0000,0.0000,0.0000,-0.97863,-0.97788,0.73152,0.06880,0.98015,0.97597,0.80607,0.00000,-0.00188,1.57823
3202,56,0,-0.13269,0.07749,0.0000,0.0000,0,0,2,0.2459,0.0000,0.0000,0.0000,0.0000,-0.97863,-0.97788,0.73152,0.06880,0.98015,0.97597,0.80607,0.00000,-0.00188,1.57823
3203,56,0,-0.13269,0.07749,0.0000,0.0000,0,0,2,0.2459,0.0000,0.0000,0.0000,0.0000,-0.97863,-0.97788,0.73152,0.06880,0.98015,0.97597,0.80607,0.00000,-0.00188,1.57823
3204,56,0,-0.23703,0.05841,1.0000,0.0000,0,1,2,0.2359,0.6780,1.0000,0.0000,0.0000,-0.97891,-0.97757,0.49444,0.05344,0.97958,0.97676,0.79058,0.00000,-0.00336,1.38749
3205,56,0,-0.23703,0.05841,1.0000,0.0000,0,1,2,0.2359,0.6780,1.0000,0.0000,0.0000,-0.97891,-0.97757,0.49444,0.05344,0.97958,0.97676,0.79058,0.00000,-0.00336,1.38749
3206,56,0,-0.23703,0.05841,1.0000,0.0000,0,1,2,0.2359,0.6780,1.0000,0.0000,0.0000,-0.97891,-0.97757,0.49444,0.05344,0.97958,0.97676,0.79058,0.00000,-0.00336,1.38749
3207,56,0,-0.23703,0.05841,1.0000,0.0000,0,1,2,0.2359,0.6780,1.0000,0.0000,0.0000,-0.97891,-0.97757,0.49444,0.05344,0.97958,0.97676,0.79058,0.00000,-0.00336,1.38749
3208,56,0,-0.23703,0.05841,1.0000,0.0000,0,1,2,0.2359,0.6780,1.0000,0.0000,0.0000,-0.97891,-0.97757,0.49444,0.05344,0.97958,0.97676,0.79058,0.00000,-0.00336,1.38749
3209,56,0,-0.23703,0.05841,1.0000,0.0000,0,1,2,0.2359,0.6780,1.0000,0.0000,0.0000,-0.97891,-0.97757,0.49444,0.05344,0.97958,0.97676,0.79058,0.00000,-0.00336,1.38749
3210,56,0,-0.80498,0.00862,1.0000,0.0000,0,1,6,0.2352,0.6780,1.0000,0.0000,0.0000,-0.98033,-0.97571,-0.80191,0.00011,0.97572,0.98032,0.78831,0.00000,-0.01154,1.36199
3211,56,0,-0.80498,0.00862,1.0000,0.0000,0,1,6,0.2352,0.6780,1.0000,0.0000,0.0000,-0.98033,-0.97571,-0.80191,0.00011,0.97572,0.98032,0.78831,0.00000,-0.01154,1.36199
3212,56,0,-0.80498,0.00862,1.0000,0.0000,0,1,6,0.2352,0.6780,1.0000,0.0000,0.0000,-0.98033,-0.97571,-0.80191,0.00011,0.97572,0.98032,0.78831,0.00000,-0.01154,1.36199
3213,56,0,-0.80498,0.00862,1.0000,0.0000,0,1,6,0.2352,0.6780,1.0000,0.0000,0.0000,-0.98033,-0.97571,-0.80191,0.00011,0.97572,0.98032,0.78831,0.00000,-0.01154,1.36199
3214,56,0,-0.80498,0.00862,1.0000,0.0000,0,1,6,0.2352,0.6780,1.0000,0.0000,0.0000,-0.98033,-0.97571,-0.80191,0.00011,0.97572,0.98032,0.78831,0.00000,-0.01154,1.36199
3215,56,0,-0.80498,0.00862,1.0000,0.0000,0,1,6,0.2352,0.6780,1.0000,0.0000,0.0000,-0.98033,-0.97571,-0.80191,0.00011,0.97572,0.98032,0.78831,0.00000,-0.01154,1.36199
3216,56,0,-0.93094,0.00435,1.0000,0.0000,0,1,6,0.2326,0.0000,0.0000,0.0000,0.0000,-0.98061,-0.97526,-0.69776,0.00000,0.97608,0.98007,0.80541,0.00000,-0.01340,1.56956
3217,56,0,-0.93094,0.00435,1.0000,0.0000,0,1,6,0.2326,0.0000,0.0000,0.0000,0.0000,-0.98061,-0.97526,-0.69776,0.00000,0.97608,0.98007,0.80541,0.00000,-0.01340,1.56956
3218,56,0,-0.93094,0.00435,1.0000,0.0000,0,1,6,0.2326,0.0000,0.0000,0.0000,0.0000,-0.98061,-0.97526,-0.69776,0.00000,0.97608,0.98007,0.80541,0.00000,-0.01340,1.56956
3219,56,0,-0.93094,0.00435,1.0000,0.0000,0,1,6,0.2326,0.0000,0.0000,0.0000,0.0000,-0.98061,-0.97526,-0.69776,0.00000,0.97608,0.98007,0.80541,0.00000,-0.01340,1.56956
3220,56,0,-0.93094,0.00435,1.0000,0.0000,0,1,6,0.2326,0.0000,0.0000,0.0000,0.0000,-0.98061,-0.97526,-0.69776,0.00000,0.97608,0.98007,0.80541,0.00000,-0.01340,1.56956
3221,56,0,-0.93094,0.00435,1.0000,0.0000,0,1,6,0.2326,0.0000,0.0000,0.0000,0.0000,-0.98061,-0.97526,-0.69776,0.00000,0.97608,0.98007,0.80541,0.00000,-0.01340,1.56956
3222,56,0,-0.96109,0.00206,1.0000,0.0000,0,1,6,0.2300,0.0000,0.0000,0.0000,0.0000,-0.98068,-0.97515,-0.55009,0.00000,0.97658,0.97972,0.80589,0.00000,-0.01384,1.57581
3223,56,0,-0.96109,0.00206,1.0000,0.0000,0,1,6,0.2300,0.0000,0.0000,0.0000,0.0000,-0.98068,-0.97515,-0.55009,0.00000,0.97658,0.97972,0.80589,0.00000,-0.01384,1.57581
3224,56,0,-0.96109,0.00206,1.0000,0.0000,0,1,6,0.2300,0.0000,0.0000,0.0000,0.0000,-0.98068,-0.97515,-0.55009,0.00000,0.97658,0.97972,0.80589,0.00000,-0.01384,1.57581
3225,56,0,-0.96109,0.00206,1.0000,0.0000,0,1,6,0.2300,0.0000,0.0000,0.0000,0.0000,-0.98068,-0.97515,-0.55009,0.00000,0.97658,0.97972,0.80589,0.00000,-0.01384,1.57581
3226,56,0,-0.96109,0.00206,1.0000,0.0000,0,1,6,0.2300,0.0000,0.0000,0.0000,0.0000,-0.98068,-0.97515,-0.55009,0.00000,0.97658,0.97972,0.80589,0.00000,-0.01384,1.57581
3227,56,0,-0.96109,0.00206,1.0000,0.0000,0,1,6,0.2300,0.0000,0.0000,0.0000,0.0000,-0.98068,-0.97515,-0.55009,0.00000,0.97658,0.97972,0.80589,0.00000,-0.01384,1.57581
3228,56,0,-0.96044,0.00095,1.0000,0.0000,0,1,6,0.2274,0.0000,0.0000,0.0000,0.0000,-0.98068,-0.97515,-0.38609,0.00000,0.97711,0.97930,0.80641,0.00000,-0.01383,1.58272
3229,56,0,-0.96044,0.00095,1.0000,0.0000,0,1,6,0.2274,0.0000,0.0000,0.0000,0.0000,-0.98068,-0.97515,-0.38609,0.00000,0.97711,0.97930,0.80641,0.00000,-0.01383,1.58272
3230,56,0,-0.96044,0.00095,1.0000,0.0000,0,1,6,0.2274,0.0000,0.0000,0.0000,0.0000,-0.98068,-0.97515,-0.38609,0.00000,0.97711,0.97930,0.80641,0.00000,-0.01383,1.58272
3231,56,0,-0.96044,0.00095,1.0000,0.0000,0,1,6,0.2274,0.0000,0.0000,0.0000,0.0000,-0.98068,-0.97515,-0.38609,0.00000,0.97711,0.97930,0.80641,0.00000,-0.01383,1.58272
3232,56,0,-0.96044,0.00095,1.0000,0.0000,0,1,6,0.2274,0.0000,0.0000,0.0000,0.0000,-0.98068,-0.97515,-0.38609,0.00000,0.97711,0.97930,0.80641,0.00000,-0.01383,1.58272
3233,56,0,-0.96044,0.00095,1.0000,0.0000,0,1,6,0.2274,0.0000,0.0000,0.0000,0.0000,-0.98068,-0.97515,-0.38609,0.00000,0.97711,0.97930,0.80641,0.00000,-0.01383,1.58272
3234,56,0,-0.26127,0.08220,1.0000,0.0000,0,1,2,0.2267,0.0000,0.0000,0.0000,0.0000,-0.97898,-0.97749,0.86846,0.06069,0.98047,0.97548,0.80858,0.00000,-0.00371,1.61202
3235,56,0,-0.26127,0.08220,1.0000,0.0000,0,1,2,0.2267,0.0000,0.0000,0.0000,0.0000,-0.97898,-0.97749,0.86846,0.06069,0.98047,0.97548,0.80858,0.00000,-0.00371,1.61202
3236,56,0,-0.26127,0.08220,1.0000,0.0000,0,1,2,0.2267,0.0000,0.0000,0.0000,0.0000,-0.97898,-0.97749,0.86846,0.06069,0.98047,0.97548,0.80858,0.00000,-0.00371,1.61202
3237,56,0,-0.26127,0.08220,1.0000,0.0000,0,1,2,0.2267,0.0000,0.0000,0.0000,0.0000,-0.97898,-0.97749,0.86846,0.06069,0.98047,0.97548,0.80858,0.00000,-0.00371,1.61202
3238,56,0,-0.26127,0.08220,1.0000,0.0000,0,1,2,0.2267,0.0000,0.0000,0.0000,0.0000,-0.97898,-0.97749,0.86846,0.06069,0.98047,0.97548,0.80858,0.00000,-0.00371,1.61202
3239,56,0,-0.26127,0.08220,1.0000,0.0000,0,1,2,0.2267,0.0000,0.0000,0.0000,0.0000,-0.97898,-0.97749,0.86846,0.06069,0.98047,0.97548,0.80858,0.00000,-0.00371,1.61202
3240,56,0,-0.49145,0.07610,1.0000,0.0000,0,1,2,0.2241,0.0000,0.0000,0.0000,0.0000,-0.97957,-0.97677,0.83978,0.07532,0.98041,0.97559,0.80864,0.00000,-0.00700,1.61281
3241,56,0,-0.49145,0.07610,1.0000,0.0000,0,1,2,0.2241,0.0000,0.0000,0.0000,0.0000,-0.97957,-0.97677,0.83978,0.07532,0.98041,0.97559,0.80864,0.00000,-0.00700,1.61281
3242,56,0,-0.49145,0.07610,1.0000,0.0000,0,1,2,0.2241,0.0000,0.0000,0.0000,0.0000,-0.97957,-0.97677,0.83978,0.07532,0.98041,0.97559,0.80864,0.00000,-0.00700,1.61281
3243,56,0,-0.49145,0.07610,1.0000,0.0000,0,1,2,0.2241,0.0000,0.0000,0.0000,0.0000,-0.97957,-0.97677,0.83978,0.07532,0.98041,0.97559,0.80864,0.00000,-0.00700,1.61281
3244,56,0,-0.49145,0.07610,1.0000,0.0000,0,1,2,0.2241,0.0000,0.0000,0.0000,0.0000,-0.97957,-0.97677,0.83978,0.07532,0.98041,0.97559,0.80864,0.00000,-0.00700,1.61281
3245,56,0,-0.49145,0.07610,1.0000,0.0000,0,1,2,0.2241,0.0000,0.0000,0.0000,0.0000,-0.97957,-0.97677,0.83978,0.07532,0.98041,0.97559,0.80864,0.00000,-0.00700,1.61281
3246,56,0,-0.49145,0.07610,1.0000,0.0000,0,1,2,0.2235,0.0000,0.0000,0.0000,0.0000,-0.97957,-0.97677,0.83978,0.07532,0.98041,0.97559,0.80872,0.00000,-0.00700,1.61403
3247,56,0,-0.49145,0.07610,1.0000,0.0000,0,1,2,0.2235,0.0000,0.0000,0.0000,0.0000,-0.97957,-0.97677,0.83978,0.07532,0.98041,0.97559,0.80872,0.00000,-0.00700,1.61403
3248,56,0,-0.49145,0.07610,1.0000,0.0000,0,1,2,0.2235,0.0000,0.0000,0.0000,0.0000,-0.97957,-0.97677,0.83978,0.07532,0.98041,0.97559,0.80872,0.00000,-0.00700,1.61403
3249,56,0,-0.49145,0.07610,1.0000,0.0000,0,1,2,0.2235,0.0000,0.0000,0.0000,0.0000,-0.97957,-0.97677,0.83978,0.07532,0.98041,0.97559,0.80872,0.00000,-0.00700,1.61403
3250,56,0,-0.49145,0.07610,1.0000,0.0000,0,1,2,0.2235,0.0000,0.0000,0.0000,0.0000,-0.97957,-0.97677,0.83978,0.07532,0.98041,0.97559,0.80872,0.00000,-0.00700,1.61403
3251,56,0,-0.49145,0.07610,1.0000,0.0000,0,1,2,0.2235,0.0000,0.0000,0.0000,0.0000,-0.97957,-0.97677,0.83978,0.07532,0.98041,0.97559,0.80872,0.00000,-0.00700,1.61403
3252,56,0,-0.50163,0.06471,1.0000,0.0000,0,1,2,0.2209,0.0000,0.0000,0.0000,0.0000,-0.97960,-0.97674,0.73152,0.06880,0.98015,0.97597,0.80893,0.00000,-0.00714,1.61680
3253,56,0,-0.50163,0.06471,1.0000,0.0000,0,1,2,0.2209,0.0000,0.0000,0.0000,0.0000,-0.97960,-0.97674,0.73152,0.06880,0.98015,0.97597,0.80893,0.00000,-0.00714,1.61680
3254,56,0,-0.50163,0.06471,1.0000,0.0000,0,1,2,0.2209,0.0000,0.0000,0.0000,0.0000,-0.97960,-0.97674,0.73152,0.06880,0.98015,0.97597,0.80893,0.00000,-0.00714,1.61680
3255,56,0,-0.50163,0.06471,1.0000,0.0000,0,1,2,0.2209,0.0000,0.0000,0.0000,0.0000,-0.97960,-0.97674,0.73152,0.06880,0.98015,0.97597,0.80893,0.00000,-0.00714,1.61680
3256,56,0,-0.50163,0.06471,1.0000,0.0000,0,1,2,0.2209,0.0000,0.0000,0.0000,0.0000,-0.97960,-0.97674,0.73152,0.06880,0.98015,0.97597,0.80893,0.00000,-0.00714,1.61680
3257,56,0,-0.50163,0.06471,1.0000,0.0000,0,1,2,0.2209,0.0000,0.0000,0.0000,0.0000,-0.97960,-0.97674,0.73152,0.06880,0.98015,0.97597,0.80893,0.00000,-0.00714,1.61680
3258,56,0,-0.50163,0.06471,1.0000,0.0000,0,1,2,0.2202,0.0000,0.0000,0.0000,0.0000,-0.97960,-0.97674,0.73152,0.06880,0.98015,0.97597,0.80902,0.00000,-0.00714,1.61801
3259,56,0,-0.50163,0.06471,1.0000,0.0000,0,1,2,0.2202,0.0000,0.0000,0.0000,0.0000,-0.97960,-0.97674,0.73152,0.06880,0.98015,0.97597,0.80902,0.00000,-0.00714,1.61801
3260,56,0,-0.50163,0.06471,1.0000,0.0000,0,1,2,0.2202,0.0000,0.0000,0.0000,0.0000,-0.97960,-0.97674,0.73152,0.06880,0.98015,0.97597,0.80902,0.00000,-0.00714,1.61801
3261,56,0,-0.50163,0.06471,1.0000,0.0000,0,1,2,0.2202,0.0000,0.0000,0.0000,0.0000,-0.97960,-0.97674,0.73152,0.06880,0.98015,0.97597,0.80902,0.00000,-0.00714,1.61801
3262,56,0,-0.50163,0.06471,1.0000,0.0000,0,1,2,0.2202,0.0000,0.0000,0.0000,0.0000,-0.97960,-0.97674,0.73152,0.06880,0.98015,0.97597,0.80902,0.00000,-0.00714,1.61801
3263,56,0,-0.50163,0.06471,1.0000,0.0000,0,1,2,0.2202,0.0000,0.0000,0.0000,0.0000,-0.97960,-0.97674,0.73152,0.06880,0.98015,0.97597,0.80902,0.00000,-0.00714,1.61801
3264,56,0,-0.50520,0.04993,1.0000,0.0000,0,1,2,0.2176,0.6780,1.0000,0.0000,0.0000,-0.97960,-0.97673,0.49444,0.05344,0.97958,0.97676,0.79302,0.00000,-0.00719,1.41564
3265,56,0,-0.50520,0.04993,1.0000,0.0000,0,1,2,0.2176,0.6780,1.0000,0.0000,0.0000,-0.97960,-0.97673,0.49444,0.05344,0.97958,0.97676,0.79302,0.00000,-0.00719,1.41564
3266,56,0,-0.50520,0.04993,1.0000,0.0000,0,1,2,0.2176,0.6780,1.0000,0.0000,0.0000,-0.97960,-0.97673,0.49444,0.05344,0.97958,0.97676,0.79302,0.00000,-0.00719,1.41564
3267,56,0,-0.50520,0.04993,1.0000,0.0000,0,1,2,0.2176,0.6780,1.0000,0.0000,0.0000,-0.97960,-0.97673,0.49444,0.05344,0.97958,0.97676,0.79302,0.00000,-0.00719,1.41564
3268,56,0,-0.50520,0.04993,1.0000,0.0000,0,1,2,0.2176,0.6780,1.0000,0.0000,0.0000,-0.97960,-0.97673,0.49444,0.05344,0.97958,0.97676,0.79302,0.00000,-0.00719,1.41564
3269,56,0,-0.50520,0.04993,1.0000,0.0000,0,1,2,0.2176,0.6780,1.0000,0.0000,0.0000,-0.97960,-0.97673,0.49444,0.05344,0.97958,0.97676,0.79302,0.00000,-0.00719,1.41564
3270,56,0,-0.87696,0.00839,1.0000,0.0000,0,1,6,0.2169,0.6780,1.0000,0.0000,0.0000,-0.98049,-0.97545,-0.80191,0.00011,0.97572,0.98032,0.79105,0.00000,-0.01260,1.39292
3271,56,0,-0.87696,0.00839,1.0000,0.0000,0,1,6,0.2169,0.6780,1.0000,0.0000,0.0000,-0.98049,-0.97545,-0.80191,0.00011,0.97572,0.98032,0.79105,0.00000,-0.01260,1.39292
3272,56,0,-0.87696,0.00839,1.0000,0.0000,0,1,6,0.2169,0.6780,1.0000,0.0000,0.0000,-0.98049,-0.97545,-0.80191,0.00011,0.97572,0.98032,0.79105,0.00000,-0.01260,1.39292
3273,56,0,-0.87696,0.00839,1.0000,0.0000,0,1,6,0.2169,0.6780,1.0000,0.0000,0.0000,-0.98049,-0.97545,-0.80191,0.00011,0.97572,0.98032,0.79105,0.00000,-0.01260,1.39292
3274,56,0,-0.87696,0.00839,1.0000,0.0000,0,1,6,0.2169,0.6780,1.0000,0.0000,0.0000,-0.98049,-0.97545,-0.80191,0.00011,0.97572,0.98032,0.79105,0.00000,-0.01260,1.39292
3275,56,0,-0.87696,0.00839,1.0000,0.0000,0,1,6,0.2169,0.6780,1.0000,0.0000,0.0000,-0.98049,-0.97545,-0.80191,0.00011,0.97572,0.98032,0.79105,0.00000,-0.01260,1.39292
3276,56,0,-0.86090,0.00838,1.0000,0.0000,0,1,6,0.2163,0.6780,1.0000,0.0000,0.0001,-0.98046,-0.97551,-0.80205,0.00011,0.97572,0.98032,0.79118,0.00000,-0.01236,1.39444
3277,56,0,-0.86090,0.00838,1.0000,0.0000,0,1,6,0.2163,0.6780,1.0000,0.0000,0.0001,-0.98046,-0.97551,-0.80205,0.00011,0.97572,0.98032,0.79118,0.00000,-0.01236,1.39444
3278,56,0,-0.86090,0.00838,1.0000,0.0000,0,1,6,0.2163,0.6780,1.0000,0.0000,0.0001,-0.98046,-0.97551,-0.80205,0.00011,0.97572,0.98032,0.79118,0.00000,-0.01236,1.39444
3279,56,0,-0.86090,0.00838,1.0000,0.0000,0,1,6,0.2163,0.6780,1.0000,0.0000,0.0001,-0.98046,-0.97551,-0.80205,0.00011,0.97572,0.98032,0.79118,0.00000,-0.01236,1.39444
3280,56,0,-0.86090,0.00838,1.0000,0.0000,0,1,6,0.2163,0.6780,1.0000,0.0000,0.0001,-0.98046,-0.97551,-0.80205,0.00011,0.97572,0.98032,0.79118,0.00000,-0.01236,1.39444
3281,56,0,-0.86090,0.00838,1.0000,0.0000,0,1,6,0.2163,0.6780,1.0000,0.0000,0.0001,-0.98046,-0.97551,-0.80205,0.00011,0.97572,0.98032,0.79118,0.00000,-0.01236,1.39444
3282,56,0,-0.95635,0.00435,1.0000,0.0000,0,1,6,0.2137,0.0000,0.0000,0.0000,0.0000,-0.98067,-0.97516,-0.69776,0.00000,0.97608,0.98007,0.80787,0.00000,-0.01377,1.60235
3283,56,0,-0.95635,0.00435,1.0000,0.0000,0,1,6,0.2137,0.0000,0.0000,0.0000,0.0000,-0.98067,-0.97516,-0.69776,0.00000,0.97608,0.98007,0.80787,0.00000,-0.01377,1.60235
3284,56,0,-0.95635,0.00435,1.0000,0.0000,0,1,6,0.2137,0.0000,0.0000,0.0000,0.0000,-0.98067,-0.97516,-0.69776,0.00000,0.97608,0.98007,0.80787,0.00000,-0.01377,1.60235
3285,56,0,-0.95635,0.00435,1.0000,0.0000,0,1,6,0.2137,0.0000,0.0000,0.0000,0.0000,-0.98067,-0.97516,-0.69776,0.00000,0.97608,0.98007,0.80787,0.00000,-0.01377,1.60235
3286,56,0,-0.95635,0.00435,1.0000,0.0000,0,1,6,0.2137,0.0000,0.0000,0.0000,0.0000,-0.98067,-0.97516,-0.69776,0.00000,0.97608,0.98007,0.80787,0.00000,-0.01377,1.60235
3287,56,0,-0.95635,0.00435,1.0000,0.0000,0,1,6,0.2137,0.0000,0.0000,0.0000,0.0000,-0.98067,-0.97516,-0.69776,0.00000,0.97608,0.98007,0.80787,0.00000,-0.01377,1.60235
3288,56,0,-0.96452,0.00214,1.0000,0.0000,0,1,6,0.2111,0.0000,0.0000,0.0000,0.0000,-0.98069,-0.97513,-0.55009,0.00000,0.97658,0.97972,0.80835,0.00000,-0.01389,1.60893
3289,56,0,-0.96452,0.00214,1.0000,0.0000,0,1,6,0.2111,0.0000,0.0000,0.0000,0.0000,-0.98069,-0.97513,-0.55009,0.00000,0.97658,0.97972,0.80835,0.00000,-0.01389,1.60893
3290,56,0,-0.96452,0.00214,1.0000,0.0000,0,1,6,0.2111,0.0000,0.0000,0.0000,0.0000,-0.98069,-0.97513,-0.55009,0.00000,0.97658,0.97972,0.80835,0.00000,-0.01389,1.60893
3291,56,0,-0.96452,0.00214,1.0000,0.0000,0,1,6,0.2111,0.0000,0.0000,0.0000,0.0000,-0.98069,-0.97513,-0.55009,0.00000,0.97658,0.97972,0.80835,0.00000,-0.01389,1.60893
3292,56,0,-0.96452,0.00214,1.0000,0.0000,0,1,6,0.2111,0.0000,0.0000,0.0000,0.0000,-0.98069,-0.97513,-0.55009,0.00000,0.97658,0.97972,0.80835,0.00000,-0.01389,1.60893
3293,56,0,-0.96452,0.00214,1.0000,0.0000,0,1,6,0.2111,0.0000,0.0000,0.0000,0.0000,-0.98069,-0.97513,-0.55009,0.00000,0.97658,0.97972,0.80835,0.00000,-0.01389,1.60893
3294,56,0,-0.97221,0.00098,1.0000,0.0000,0,1,6,0.2084,0.0000,0.0000,0.0000,0.0000,-0.98071,-0.97510,-0.38609,0.00000,0.97711,0.97930,0.80885,0.00000,-0.01401,1.61572
3295,56,0,-0.97221,0.00098,1.0000,0.0000,0,1,6,0.2084,0.0000,0.0000,0.0000,0.0000,-0.98071,-0.97510,-0.38609,0.00000,0.97711,0.97930,0.80885,0.00000,-0.01401,1.61572
3296,56,0,-0.97221,0.00098,1.0000,0.0000,0,1,6,0.2084,0.0000,0.0000,0.0000,0.0000,-0.98071,-0.97510,-0.38609,0.00000,0.97711,0.97930,0.80885,0.00000,-0.01401,1.61572
3297,56,0,-0.97221,0.00098,1.0000,0.0000,0,1,6,0.2084,0.0000,0.0000,0.0000,0.0000,-0.98071,-0.97510,-0.38609,0.00000,0.97711,0.97930,0.80885,0.00000,-0.01401,1.61572
3298,56,0,-0.97221,0.00098,1.0000,0.0000,0,1,6,0.2084,0.0000,0.0000,0.0000,0.0000,-0.98071,-0.97510,-0.38609,0.00000,0.97711,0.97930,0.80885,0.00000,-0.01401,1.61572
3299,56,0,-0.97221,0.00098,1.0000,0.0000,0,1,6,0.2084,0.0000,0.0000,0.0000,0.0000,-0.98071,-0.97510,-0.38609,0.00000,0.97711,0.97930,0.80885,0.00000,-0.01401,1.61572
3300,56,0,-0.44168,0.06528,1.0000,0.0000,0,1,2,0.2078,0.0000,0.0000,0.0000,0.0000,-0.97945,-0.97693,0.88698,0.07167,0.98052,0.97542,0.81081,0.00000,-0.00628,1.64290
3301,56,0,-0.44168,0.06528,1.0000,0.0000,0,1,2,0.2078,0.0000,0.0000,0.0000,0.0000,-0.97945,-0.97693,0.88698,0.07167,0.98052,0.97542,0.81081,0.00000,-0.00628,1.64290
3302,56,0,-0.44168,0.06528,1.0000,0.0000,0,1,2,0.2078,0.0000,0.0000,0.0000,0.0000,-0.97945,-0.97693,0.88698,0.07167,0.98052,0.97542,0.81081,0.00000,-0.00628,1.64290
3303,56,0,-0.44168,0.06528,1.0000,0.0000,0,1,2,0.2078,0.0000,0.0000,0.0000,0.0000,-0.97945,-0.97693,0.88698,0.07167,0.98052,0.97542,0.81081,0.00000,-0.00628,1.64290
3304,56,0,-0.44168,0.06528,1.0000,0.0000,0,1,2,0.2078,0.0000,0.0000,0.0000,0.0000,-0.97945,-0.97693,0.88698,0.07167,0.98052,0.97542,0.81081,0.00000,-0.00628,1.64290
3305,56,0,-0.44168,0.06528,1.0000,0.0000,0,1,2,0.2078,0.0000,0.0000,0.0000,0.0000,-0.97945,-0.97693,0.88698,0.07167,0.98052,0.97542,0.81081,0.00000,-0.00628,1.64290
3306,56,0,-0.44168,0.06528,1.0000,0.0000,0,1,2,0.2071,0.0000,0.0000,0.0000,0.0001,-0.97945,-0.97693,0.88698,0.07167,0.98052,0.97542,0.81091,0.00000,-0.00628,1.64419
3307,56,0,-0.44168,0.06528,1.0000,0.0000,0,1,2,0.2071,0.0000,0.0000,0.0000,0.0001,-0.97945,-0.97693,0.88698,0.07167,0.98052,0.97542,0.81091,0.00000,-0.00628,1.64419
3308,56,0,-0.44168,0.06528,1.0000,0.0000,0,1,2,0.2071,0.0000,0.0000,0.0000,0.0001,-0.97945,-0.97693,0.88698,0.07167,0.98052,0.97542,0.81091,0.00000,-0.00628,1.64419
3309,56,0,-0.44168,0.06528,1.0000,0.0000,0,1,2,0.2071,0.0000,0.0000,0.0000,0.0001,-0.97945,-0.97693,0.88698,0.07167,0.98052,0.97542,0.81091,0.00000,-0.00628,1.64419
3310,56,0,-0.44168,0.06528,1.0000,0.0000,0,1,2,0.2071,0.0000,0.0000,0.0000,0.0001,-0.97945,-0.97693,0.88698,0.07167,0.98052,0.97542,0.81091,0.00000,-0.00628,1.64419
3311,56,0,-0.44168,0.06528,1.0000,0.0000,0,1,2,0.2071,0.0000,0.0000,0.0000,0.0001,-0.97945,-0.97693,0.88698,0.07167,0.98052,0.97542,0.81091,0.00000,-0.00628,1.64419
3312,56,0,-0.60787,0.06081,1.0000,0.0000,0,1,2,0.2045,0.0000,0.0000,0.0000,0.0000,-0.97986,-0.97639,0.83415,0.07247,0.98039,0.97561,0.81099,0.00000,-0.00867,1.64541
3313,56,0,-0.60787,0.06081,1.0000,0.0000,0,1,2,0.2045,0.0000,0.0000,0.0000,0.0000,-0.97986,-0.97639,0.83415,0.07247,0.98039,0.97561,0.81099,0.00000,-0.00867,1.64541
3314,56,0,-0.60787,0.06081,1.0000,0.0000,0,1,2,0.2045,0.0000,0.0000,0.0000,0.0000,-0.97986,-0.97639,0.83415,0.07247,0.98039,0.97561,0.81099,0.00000,-0.00867,1.64541
3315,56,0,-0.60787,0.06081,1.0000,0.0000,0,1,2,0.2045,0.0000,0.0000,0.0000,0.0000,-0.97986,-0.97639,0.83415,0.07247,0.98039,0.97561,0.81099,0.00000,-0.00867,1.64541
3316,56,0,-0.60787,0.06081,1.0000,0.0000,0,1,2,0.2045,0.0000,0.0000,0.0000,0.0000,-0.97986,-0.97639,0.83415,0.07247,0.98039,0.97561,0.81099,0.00000,-0.00867,1.64541
3317,56,0,-0.60787,0.06081,1.0000,0.0000,0,1,2,0.2045,0.0000,0.0000,0.0000,0.0000,-0.97986,-0.97639,0.83415,0.07247,0.98039,0.97561,0.81099,0.00000,-0.00867,1.64541
3318,56,0,-0.67540,0.05426,1.0000,0.0000,0,1,2,0.2019,0.0000,0.0000,0.0000,0.0000,-0.98002,-0.97616,0.73152,0.06880,0.98015,0.97597,0.81114,0.00000,-0.00965,1.64749
3319,56,0,-0.67540,0.05426,1.0000,0.0000,0,1,2,0.2019,0.0000,0.0000,0.0000,0.0000,-0.98002,-0.97616,0.73152,0.06880,0.98015,0.97597,0.81114,0.00000,-0.00965,1.64749
3320,56,0,-0.67540,0.05426,1.0000,0.0000,0,1,2,0.2019,0.0000,0.0000,0.0000,0.0000,-0.98002,-0.97616,0.73152,0.06880,0.98015,0.97597,0.81114,0.00000,-0.00965,1.64749
3321,56,0,-0.67540,0.05426,1.0000,0.0000,0,1,2,0.2019,0.0000,0.0000,0.0000,0.0000,-0.98002,-0.97616,0.73152,0.06880,0.98015,0.97597,0.81114,0.00000,-0.00965,1.64749
3322,56,0,-0.67540,0.05426,1.0000,0.0000,0,1,2,0.2019,0.0000,0.0000,0.0000,0.0000,-0.98002,-0.97616,0.73152,0.06880,0.98015,0.97597,0.81114,0.00000,-0.00965,1.64749
3323,56,0,-0.67540,0.05426,1.0000,0.0000,0,1,2,0.2019,0.0000,0.0000,0.0000,0.0000,-0.98002,-0.97616,0.73152,0.06880,0.98015,0.97597,0.81114,0.00000,-0.00965,1.64749
3324,56,0,-0.94962,0.00433,1.0000,0.0000,0,1,6,0.2012,0.0000,0.0000,0.0000,0.0000,-0.98066,-0.97519,-0.69776,0.00000,0.97608,0.98007,0.80947,0.00000,-0.01367,1.62423
3325,56,0,-0.94962,0.00433,1.0000,0.0000,0,1,6,0.2012,0.0000,0.0000,0.0000,0.0000,-0.98066,-0.97519,-0.69776,0.00000,0.97608,0.98007,0.80947,0.00000,-0.01367,1.62423
3326,56,0,-0.94962,0.00433,1.0000,0.0000,0,1,6,0.2012,0.0000,0.0000,0.0000,0.0000,-0.98066,-0.97519,-0.69776,0.00000,0.97608,0.98007,0.80947,0.00000,-0.01367,1.62423
3327,56,0,-0.94962,0.00433,1.0000,0.0000,0,1,6,0.2012,0.0000,0.0000,0.0000,0.0000,-0.98066,-0.97519,-0.69776,0.00000,0.97608,0.98007,0.80947,0.00000,-0.01367,1.62423
3328,56,0,-0.94962,0.00433,1.0000,0.0000,0,1,6,0.2012,0.0000,0.0000,0.0000,0.0000,-0.98066,-0.97519,-0.69776,0.00000,0.97608,0.98007,0.80947,0.00000,-0.01367,1.62423
3329,56,0,-0.94962,0.00433,1.0000,0.0000,0,1,6,0.2012,0.0000,0.0000,0.0000,0.0000,-0.98066,-0.97519,-0.69776,0.00000,0.97608,0.98007,0.80947,0.00000,-0.01367,1.62423
3330,56,0,-0.94962,0.00433,1.0000,0.0000,0,1,6,0.2006,0.0000,0.0000,0.0000,0.0001,-0.98066,-0.97519,-0.69776,0.00000,0.97608,0.98007,0.80956,0.00000,-0.01367,1.62553
3331,56,0,-0.94962,0.00433,1.0000,0.0000,0,1,6,0.2006,0.0000,0.0000,0.0000,0.0001,-0.98066,-0.97519,-0.69776,0.00000,0.97608,0.98007,0.80956,0.00000,-0.01367,1.62553
3332,56,0,-0.94962,0.00433,1.0000,0.0000,0,1,6,0.2006,0.0000,0.0000,0.0000,0.0001,-0.98066,-0.97519,-0.69776,0.00000,0.97608,0.98007,0.80956,0.00000,-0.01367,1.62553
3333,56,0,-0.94962,0.00433,1.0000,0.0000,0,1,6,0.2006,0.0000,0.0000,0.0000,0.0001,-0.98066,-0.97519,-0.69776,0.00000,0.97608,0.98007,0.80956,0.00000,-0.01367,1.62553
3334,56,0,-0.94962,0.00433,1.0000,0.0000,0,1,6,0.2006,0.0000,0.0000,0.0000,0.0001,-0.98066,-0.97519,-0.69776,0.00000,0.97608,0.98007,0.80956,0.00000,-0.01367,1.62553
3335,56,0,-0.94962,0.00433,1.0000,0.0000,0,1,6,0.2006,0.0000,0.0000,0.0000,0.0001,-0.98066,-0.97519,-0.69776,0.00000,0.97608,0.98007,0.80956,0.00000,-0.01367,1.62553
3336,56,0,-0.97000,0.00215,1.0000,0.0000,0,1,6,0.1980,0.0000,0.0000,0.0000,0.0000,-0.98070,-0.97511,-0.55009,0.00000,0.97658,0.97972,0.81001,0.00000,-0.01398,1.63174
3337,56,0,-0.97000,0.00215,1.0000,0.0000,0,1,6,0.1980,0.0000,0.0000,0.0000,0.0000,-0.98070,-0.97511,-0.55009,0.00000,0.97658,0.97972,0.81001,0.00000,-0.01398,1.63174
3338,56,0,-0.97000,0.00215,1.0000,0.0000,0,1,6,0.1980,0.0000,0.0000,0.0000,0.0000,-0.98070,-0.97511,-0.55009,0.00000,0.97658,0.97972,0.81001,0.00000,-0.01398,1.63174
3339,56,0,-0.97000,0.00215,1.0000,0.0000,0,1,6,0.1980,0.0000,0.0000,0.0000,0.0000,-0.98070,-0.97511,-0.55009,0.00000,0.97658,0.97972,0.81001,0.00000,-0.01398,1.63174
3340,56,0,-0.97000,0.00215,1.0000,0.0000,0,1,6,0.1980,0.0000,0.0000,0.0000,0.0000,-0.98070,-0.97511,-0.55009,0.00000,0.97658,0.97972,0.81001,0.00000,-0.01398,1.63174
3341,56,0,-0.97000,0.00215,1.0000,0.0000,0,1,6,0.1980,0.0000,0.0000,0.0000,0.0000,-0.98070,-0.97511,-0.55009,0.00000,0.97658,0.97972,0.81001,0.00000,-0.01398,1.63174
3342,56,0,-0.97000,0.00215,1.0000,0.0000,0,1,6,0.1973,0.0000,0.0000,0.0000,0.0000,-0.98070,-0.97511,-0.55009,0.00000,0.97658,0.97972,0.81010,0.00000,-0.01398,1.63296
3343,56,0,-0.97000,0.00215,1.0000,0.0000,0,1,6,0.1973,0.0000,0.0000,0.0000,0.0000,-0.98070,-0.97511,-0.55009,0.00000,0.97658,0.97972,0.81010,0.00000,-0.01398,1.63296
3344,56,0,-0.97000,0.00215,1.0000,0.0000,0,1,6,0.1973,0.0000,0.0000,0.0000,0.0000,-0.98070,-0.97511,-0.55009,0.00000,0.97658,0.97972,0.81010,0.00000,-0.01398,1.63296
3345,56,0,-0.97000,0.00215,1.0000,0.0000,0,1,6,0.1973,0.0000,0.0000,0.0000,0.0000,-0.98070,-0.97511,-0.55009,0.00000,0.97658,0.97972,0.81010,0.00000,-0.01398,1.63296
3346,56,0,-0.97000,0.00215,1.0000,0.0000,0,1,6,0.1973,0.0000,0.0000,0.0000,0.0000,-0.98070,-0.97511,-0.55009,0.00000,0.97658,0.97972,0.81010,0.00000,-0.01398,1.63296
3347,56,0,-0.97000,0.00215,1.0000,0.0000,0,1,6,0.1973,0.0000,0.0000,0.0000,0.0000,-0.98070,-0.97511,-0.55009,0.00000,0.97658,0.97972,0.81010,0.00000,-0.01398,1.63296
3348,56,0,-0.96450,0.00215,1.0000,0.0000,0,1,6,0.1966,0.0000,0.0000,0.0000,0.0001,-0.98069,-0.97513,-0.55009,0.00000,0.97658,0.97972,0.81020,0.00000,-0.01389,1.63433
3349,56,0,-0.96450,0.00215,1.0000,0.0000,0,1,6,0.1966,0.0000,0.0000,0.0000,0.0001,-0.98069,-0.97513,-0.55009,0.00000,0.97658,0.97972,0.81020,0.00000,-0.01389,1.63433
3350,56,0,-0.96450,0.00215,1.0000,0.0000,0,1,6,0.1966,0.0000,0.0000,0.0000,0.0001,-0.98069,-0.97513,-0.55009,0.00000,0.97658,0.97972,0.81020,0.00000,-0.01389,1.63433
3351,56,0,-0.96450,0.00215,1.0000,0.0000,0,1,6,0.1966,0.0000,0.0000,0.0000,0.0001,-0.98069,-0.97513,-0.55009,0.00000,0.97658,0.97972,0.81020,0.00000,-0.01389,1.63433
3352,56,0,-0.96450,0.00215,1.0000,0.0000,0,1,6,0.1966,0.0000,0.0000,0.0000,0.0001,-0.98069,-0.97513,-0.55009,0.00000,0.97658,0.97972,0.81020,0.00000,-0.01389,1.63433
3353,56,0,-0.96450,0.00215,1.0000,0.0000,0,1,6,0.1966,0.0000,0.0000,0.0000,0.0001,-0.98069,-0.97513,-0.55009,0.00000,0.97658,0.97972,0.81020,0.00000,-0.01389,1.63433
3354,56,0,-0.97247,0.00098,1.0000,0.0000,0,1,6,0.1940,0.0000,0.0000,0.0000,0.0000,-0.98071,-0.97510,-0.38609,0.00000,0.97711,0.97930,0.81067,0.00000,-0.01401,1.64094
3355,56,0,-0.97247,0.00098,1.0000,0.0000,0,1,6,0.1940,0.0000,0.0000,0.0000,0.0000,-0.98071,-0.97510,-0.38609,0.00000,0.97711,0.97930,0.81067,0.00000,-0.01401,1.64094
3356,56,0,-0.97247,0.00098,1.0000,0.0000,0,1,6,0.1940,0.0000,0.0000,0.0000,0.0000,-0.98071,-0.97510,-0.38609,0.00000,0.97711,0.97930,0.81067,0.00000,-0.01401,1.64094
3357,56,0,-0.97247,0.00098,1.0000,0.0000,0,1,6,0.1940,0.0000,0.0000,0.0000,0.0000,-0.98071,-0.97510,-0.38609,0.00000,0.97711,0.97930,0.81067,0.00000,-0.01401,1.64094
3358,56,0,-0.97247,0.00098,1.0000,0.0000,0,1,6,0.1940,0.0000,0.0000,0.0000,0.0000,-0.98071,-0.97510,-0.38609,0.00000,0.97711,0.97930,0.81067,0.00000,-0.01401,1.64094
3359,56,0,-0.97247,0.00098,1.0000,0.0000,0,1,6,0.1940,0.0000,0.0000,0.0000,0.0000,-0.98071,-0.97510,-0.38609,0.00000,0.97711,0.97930,0.81067,0.00000,-0.01401,1.64094
3360,56,0,-0.96730,0.00099,1.0000,0.0000,0,1,6,0.1934,0.0000,0.0000,0.0000,0.0000,-0.98070,-0.97512,-0.38609,0.00000,0.97711,0.97930,0.81077,0.00000,-0.01394,1.64223
3361,56,0,-0.96730,0.00099,1.0000,0.0000,0,1,6,0.1934,0.0000,0.0000,0.0000,0.0000,-0.98070,-0.97512,-0.38609,0.00000,0.97711,0.97930,0.81077,0.00000,-0.01394,1.64223
3362,56,0,-0.96730,0.00099,1.0000,0.0000,0,1,6,0.1934,0.0000,0.0000,0.0000,0.0000,-0.98070,-0.97512,-0.38609,0.00000,0.97711,0.97930,0.81077,0.00000,-0.01394,1.64223
3363,56,0,-0.96730,0.00099,1.0000,0.0000,0,1,6,0.1934,0.0000,0.0000,0.0000,0.0000,-0.98070,-0.97512,-0.38609,0.00000,0.97711,0.97930,0.81077,0.00000,-0.01394,1.64223
3364,56,0,-0.96730,0.00099,1.0000,0.0000,0,1,6,0.1934,0.0000,0.0000,0.0000,0.0000,-0.98070,-0.97512,-0.38609,0.00000,0.97711,0.97930,0.81077,0.00000,-0.01394,1.64223
3365,56,0,-0.96730,0.00099,1.0000,0.0000,0,1,6,0.1934,0.0000,0.0000,0.0000,0.0000,-0.98070,-0.97512,-0.38609,0.00000,0.97711,0.97930,0.81077,0.00000,-0.01394,1.64223
3366,56,0,-0.51507,0.05475,1.0000,0.0000,0,1,2,0.1927,0.0000,0.0000,0.0000,0.0001,-0.97963,-0.97670,0.88698,0.07167,0.98052,0.97542,0.81262,0.00000,-0.00734,1.66836
3367,56,0,-0.51507,0.05475,1.0000,0.0000,0,1,2,0.1927,0.0000,0.0000,0.0000,0.0001,-0.97963,-0.97670,0.88698,0.07167,0.98052,0.97542,0.81262,0.00000,-0.00734,1.66836
3368,56,0,-0.51507,0.05475,1.0000,0.0000,0,1,2,0.1927,0.0000,0.0000,0.0000,0.0001,-0.97963,-0.97670,0.88698,0.07167,0.98052,0.97542,0.81262,0.00000,-0.00734,1.66836
3369,56,0,-0.51507,0.05475,1.0000,0.0000,0,1,2,0.1927,0.0000,0.0000,0.0000,0.0001,-0.97963,-0.97670,0.88698,0.07167,0.98052,0.97542,0.81262,0.00000,-0.00734,1.66836
3370,56,0,-0.51507,0.05475,1.0000,0.0000,0,1,2,0.1927,0.0000,0.0000,0.0000,0.0001,-0.97963,-0.97670,0.88698,0.07167,0.98052,0.97542,0.81262,0.00000,-0.00734,1.66836
3371,56,0,-0.51507,0.05475,1.0000,0.0000,0,1,2,0.1927,0.0000,0.0000,0.0000,0.0001,-0.97963,-0.97670,0.88698,0.07167,0.98052,0.97542,0.81262,0.00000,-0.00734,1.66836
3372,56,0,-0.64295,0.05080,1.0000,0.0000,0,1,2,0.1901,0.0000,0.0000,0.0000,0.0000,-0.97994,-0.97627,0.83415,0.07247,0.98039,0.97561,0.81274,0.00000,-0.00918,1.67011
3373,56,0,-0.64295,0.05080,1.0000,0.0000,0,1,2,0.1901,0.0000,0.0000,0.0000,0.0000,-0.97994,-0.97627,0.83415,0.07247,0.98039,0.97561,0.81274,0.00000,-0.00918,1.67011
3374,56,0,-0.64295,0.05080,1.0000,0.0000,0,1,2,0.1901,0.0000,0.0000,0.0000,0.0000,-0.97994,-0.97627,0.83415,0.07247,0.98039,0.97561,0.81274,0.00000,-0.00918,1.67011
3375,56,0,-0.64295,0.05080,1.0000,0.0000,0,1,2,0.1901,0.0000,0.0000,0.0000,0.0000,-0.97994,-0.97627,0.83415,0.07247,0.98039,0.97561,0.81274,0.00000,-0.00918,1.67011
3376,56,0,-0.64295,0.05080,1.0000,0.0000,0,1,2,0.1901,0.0000,0.0000,0.0000,0.0000,-0.97994,-0.97627,0.83415,0.07247,0.98039,0.97561,0.81274,0.00000,-0.00918,1.67011
3377,56,0,-0.64295,0.05080,1.0000,0.0000,0,1,2,0.1901,0.0000,0.0000,0.0000,0.0000,-0.97994,-0.97627,0.83415,0.07247,0.98039,0.97561,0.81274,0.00000,-0.00918,1.67011
3378,56,0,-0.66805,0.04570,1.0000,0.0000,0,1,2,0.1875,0.0000,0.0000,0.0000,0.0000,-0.98000,-0.97619,0.73152,0.06880,0.98015,0.97597,0.81293,0.00000,-0.00954,1.67278
3379,56,0,-0.66805,0.04570,1.0000,0.0000,0,1,2,0.1875,0.0000,0.0000,0.0000,0.0000,-0.98000,-0.97619,0.73152,0.06880,0.98015,0.97597,0.81293,0.00000,-0.00954,1.67278
3380,56,0,-0.66805,0.04570,1.0000,0.0000,0,1,2,0.1875,0.0000,0.0000,0.0000,0.0000,-0.98000,-0.97619,0.73152,0.06880,0.98015,0.97597,0.81293,0.00000,-0.00954,1.67278
3381,56,0,-0.66805,0.04570,1.0000,0.0000,0,1,2,0.1875,0.0000,0.0000,0.0000,0.0000,-0.98000,-0.97619,0.73152,0.06880,0.98015,0.97597,0.81293,0.00000,-0.00954,1.67278
3382,56,0,-0.66805,0.04570,1.0000,0.0000,0,1,2,0.1875,0.0000,0.0000,0.0000,0.0000,-0.98000,-0.97619,0.73152,0.06880,0.98015,0.97597,0.81293,0.00000,-0.00954,1.67278
3383,56,0,-0.66805,0.04570,1.0000,0.0000,0,1,2,0.1875,0.0000,0.0000,0.0000,0.0000,-0.98000,-0.97619,0.73152,0.06880,0.98015,0.97597,0.81293,0.00000,-0.00954,1.67278
3384,56,0,-0.63197,0.04417,1.0000,0.0000,0,1,2,0.1868,0.0000,0.0000,0.0000,0.0000,-0.97992,-0.97631,0.72202,0.06601,0.98013,0.97600,0.81304,0.00000,-0.00902,1.67437
3385,56,0,-0.63197,0.04417,1.0000,0.0000,0,1,2,0.1868,0.0000,0.0000,0.0000,0.0000,-0.97992,-0.97631,0.72202,0.06601,0.98013,0.97600,0.81304,0.00000,-0.00902,1.67437
3386,56,0,-0.63197,0.04417,1.0000,0.0000,0,1,2,0.1868,0.0000,0.0000,0.0000,0.0000,-0.97992,-0.97631,0.72202,0.06601,0.98013,0.97600,0.81304,0.00000,-0.00902,1.67437
3387,56,0,-0.63197,0.04417,1.0000,0.0000,0,1,2,0.1868,0.0000,0.0000,0.0000,0.0000,-0.97992,-0.97631,0.72202,0.06601,0.98013,0.97600,0.81304,0.00000,-0.00902,1.67437
3388,56,0,-0.63197,0.04417,1.0000,0.0000,0,1,2,0.1868,0.0000,0.0000,0.0000,0.0000,-0.97992,-0.97631,0.72202,0.06601,0.98013,0.97600,0.81304,0.00000,-0.00902,1.67437
3389,56,0,-0.63197,0.04417,1.0000,0.0000,0,1,2,0.1868,0.0000,0.0000,0.0000,0.0000,-0.97992,-0.97631,0.72202,0.06601,0.98013,0.97600,0.81304,0.00000,-0.00902,1.67437
3390,56,0,-0.64144,0.03658,1.0000,0.0000,0,1,2,0.1843,0.6452,1.0000,0.0000,0.0000,-0.97994,-0.97628,0.49444,0.05344,0.97958,0.97676,0.79854,0.00000,-0.00916,1.48189
3391,56,0,-0.64144,0.03658,1.0000,0.0000,0,1,2,0.1843,0.6452,1.0000,0.0000,0.0000,-0.97994,-0.97628,0.49444,0.05344,0.97958,0.97676,0.79854,0.00000,-0.00916,1.48189
3392,56,0,-0.64144,0.03658,1.0000,0.0000,0,1,2,0.1843,0.6452,1.0000,0.0000,0.0000,-0.97994,-0.97628,0.49444,0.05344,0.97958,0.97676,0.79854,0.00000,-0.00916,1.48189
3393,56,0,-0.64144,0.03658,1.0000,0.0000,0,1,2,0.1843,0.6452,1.0000,0.0000,0.0000,-0.97994,-0.97628,0.49444,0.05344,0.97958,0.97676,0.79854,0.00000,-0.00916,1.48189
3394,56,0,-0.64144,0.03658,1.0000,0.0000,0,1,2,0.1843,0.6452,1.0000,0.0000,0.0000,-0.97994,-0.97628,0.49444,0.05344,0.97958,0.97676,0.79854,0.00000,-0.00916,1.48189
3395,56,0,-0.64144,0.03658,1.0000,0.0000,0,1,2,0.1843,0.6452,1.0000,0.0000,0.0000,-0.97994,-0.97628,0.49444,0.05344,0.97958,0.97676,0.79854,0.00000,-0.00916,1.48189
3396,56,0,-0.86857,0.00880,1.0000,0.0000,0,1,6,0.1836,0.6452,1.0000,0.0000,0.0000,-0.98047,-0.97548,-0.80205,0.00011,0.97572,0.98032,0.79685,0.00000,-0.01247,1.46125
3397,56,0,-0.86857,0.00880,1.0000,0.0000,0,1,6,0.1836,0.6452,1.0000,0.0000,0.0000,-0.98047,-0.97548,-0.80205,0.00011,0.97572,0.98032,0.79685,0.00000,-0.01247,1.46125
3398,56,0,-0.86857,0.00880,1.0000,0.0000,0,1,6,0.1836,0.6452,1.0000,0.0000,0.0000,-0.98047,-0.97548,-0.80205,0.00011,0.97572,0.98032,0.79685,0.00000,-0.01247,1.46125
3399,56,0,-0.86857,0.00880,1.0000,0.0000,0,1,6,0.1836,0.6452,1.0000,0.0000,0.0000,-0.98047,-0.97548,-0.80205,0.00011,0.97572,0.98032,0.79685,0.00000,-0.01247,1.46125
3400,56,0,-0.86857,0.00880,1.0000,0.0000,0,1,6,0.1836,0.6452,1.0000,0.0000,0.0000,-0.98047,-0.97548,-0.80205,0.00011,0.97572,0.98032,0.79685,0.00000,-0.01247,1.46125
3401,56,0,-0.86857,0.00880,1.0000,0.0000,0,1,6,0.1836,0.6452,1.0000,0.0000,0.0000,-0.98047,-0.97548,-0.80205,0.00011,0.97572,0.98032,0.79685,0.00000,-0.01247,1.46125
3402,56,0,-0.95897,0.00439,1.0000,0.0000,0,1,6,0.1810,0.0000,0.0000,0.0000,0.0000,-0.98068,-0.97515,-0.69776,0.00000,0.97608,0.98007,0.81199,0.00000,-0.01381,1.65950
3403,56,0,-0.95897,0.00439,1.0000,0.0000,0,1,6,0.1810,0.0000,0.0000,0.0000,0.0000,-0.98068,-0.97515,-0.69776,0.00000,0.97608,0.98007,0.81199,0.00000,-0.01381,1.65950
3404,56,0,-0.95897,0.00439,1.0000,0.0000,0,1,6,0.1810,0.0000,0.0000,0.0000,0.0000,-0.98068,-0.97515,-0.69776,0.00000,0.97608,0.98007,0.81199,0.00000,-0.01381,1.65950
3405,56,0,-0.95897,0.00439,1.0000,0.0000,0,1,6,0.1810,0.0000,0.0000,0.0000,0.0000,-0.98068,-0.97515,-0.69776,0.00000,0.97608,0.98007,0.81199,0.00000,-0.01381,1.65950
3406,56,0,-0.95897,0.00439,1.0000,0.0000,0,1,6,0.1810,0.0000,0.0000,0.0000,0.0000,-0.98068,-0.97515,-0.69776,0.00000,0.97608,0.98007,0.81199,0.00000,-0.01381,1.65950
3407,56,0,-0.95897,0.00439,1.0000,0.0000,0,1,6,0.1810,0.0000,0.0000,0.0000,0.0000,-0.98068,-0.97515,-0.69776,0.00000,0.97608,0.98007,0.81199,0.00000,-0.01381,1.65950
3408,56,0,-0.96788,0.00220,1.0000,0.0000,0,1,6,0.1784,0.0000,0.0000,0.0000,0.0000,-0.98070,-0.97512,-0.55009,0.00000,0.97658,0.97972,0.81246,0.00000,-0.01394,1.66606
3409,56,0,-0.96788,0.00220,1.0000,0.0000,0,1,6,0.1784,0.0000,0.0000,0.0000,0.0000,-0.98070,-0.97512,-0.55009,0.00000,0.97658,0.97972,0.81246,0.00000,-0.01394,1.66606
3410,56,0,-0.96788,0.00220,1.0000,0.0000,0,1,6,0.1784,0.0000,0.0000,0.0000,0.0000,-0.98070,-0.97512,-0.55009,0.00000,0.97658,0.97972,0.81246,0.00000,-0.01394,1.66606
3411,56,0,-0.96788,0.00220,1.0000,0.0000,0,1,6,0.1784,0.0000,0.0000,0.0000,0.0000,-0.98070,-0.97512,-0.55009,0.00000,0.97658,0.97972,0.81246,0.00000,-0.01394,1.66606
3412,56,0,-0.96788,0.00220,1.0000,0.0000,0,1,6,0.1784,0.0000,0.0000,0.0000,0.0000,-0.98070,-0.97512,-0.55009,0.00000,0.97658,0.97972,0.81246,0.00000,-0.01394,1.66606
3413,56,0,-0.96788,0.00220,1.0000,0.0000,0,1,6,0.1784,0.0000,0.0000,0.0000,0.0000,-0.98070,-0.97512,-0.55009,0.00000,0.97658,0.97972,0.81246,0.00000,-0.01394,1.66606
3414,56,0,-0.97467,0.00101,1.0000,0.0000,0,1,6,0.1758,0.0000,0.0000,0.0000,0.0000,-0.98071,-0.97509,-0.38609,0.00000,0.97711,0.97930,0.81294,0.00000,-0.01405,1.67287
3415,56,0,-0.97467,0.00101,1.0000,0.0000,0,1,6,0.1758,0.0000,0.0000,0.0000,0.0000,-0.98071,-0.97509,-0.38609,0.00000,0.97711,0.97930,0.81294,0.00000,-0.01405,1.67287
3416,56,0,-0.97467,0.00101,1.0000,0.0000,0,1,6,0.1758,0.0000,0.0000,0.0000,0.0000,-0.98071,-0.97509,-0.38609,0.00000,0.97711,0.97930,0.81294,0.00000,-0.01405,1.67287
3417,56,0,-0.97467,0.00101,1.0000,0.0000,0,1,6,0.1758,0.0000,0.0000,0.0000,0.0000,-0.98071,-0.97509,-0.38609,0.00000,0.97711,0.97930,0.81294,0.00000,-0.01405,1.67287
3418,56,0,-0.97467,0.00101,1.0000,0.0000,0,1,6,0.1758,0.0000,0.0000,0.0000,0.0000,-0.98071,-0.97509,-0.38609,0.00000,0.97711,0.97930,0.81294,0.00000,-0.01405,1.67287
3419,56,0,-0.97467,0.00101,1.0000,0.0000,0,1,6,0.1758,0.0000,0.0000,0.0000,0.0000,-0.98071,-0.97509,-0.38609,0.00000,0.97711,0.97930,0.81294,0.00000,-0.01405,1.67287
3420,56,0,-0.60030,0.04657,1.0000,0.0000,0,1,2,0.1751,0.0000,0.0000,0.0000,0.0000,-0.97984,-0.97641,0.88698,0.07167,0.98052,0.97542,0.81466,0.00000,-0.00856,1.69780
3421,56,0,-0.60030,0.04657,1.0000,0.0000,0,1,2,0.1751,0.0000,0.0000,0.0000,0.0000,-0.97984,-0.97641,0.88698,0.07167,0.98052,0.97542,0.81466,0.00000,-0.00856,1.69780
3422,56,0,-0.60030,0.04657,1.0000,0.0000,0,1,2,0.1751,0.0000,0.0000,0.0000,0.0000,-0.97984,-0.97641,0.88698,0.07167,0.98052,0.97542,0.81466,0.00000,-0.00856,1.69780
3423,56,0,-0.60030,0.04657,1.0000,0.0000,0,1,2,0.1751,0.0000,0.0000,0.0000,0.0000,-0.97984,-0.97641,0.88698,0.07167,0.98052,0.97542,0.81466,0.00000,-0.00856,1.69780
3424,56,0,-0.60030,0.04657,1.0000,0.0000,0,1,2,0.1751,0.0000,0.0000,0.0000,0.0000,-0.97984,-0.97641,0.88698,0.07167,0.98052,0.97542,0.81466,0.00000,-0.00856,1.69780
3425,56,0,-0.60030,0.04657,1.0000,0.0000,0,1,2,0.1751,0.0000,0.0000,0.0000,0.0000,-0.97984,-0.97641,0.88698,0.07167,0.98052,0.97542,0.81466,0.00000,-0.00856,1.69780
3426,56,0,-0.75580,0.04431,1.0000,0.0000,0,1,2,0.1725,0.0000,0.0000,0.0000,0.0000,-0.98021,-0.97588,0.83978,0.07532,0.98041,0.97559,0.81477,0.00000,-0.01082,1.69936
3427,56,0,-0.75580,0.04431,1.0000,0.0000,0,1,2,0.1725,0.0000,0.0000,0.0000,0.0000,-0.98021,-0.97588,0.83978,0.07532,0.98041,0.97559,0.81477,0.00000,-0.01082,1.69936
3428,56,0,-0.75580,0.04431,1.0000,0.0000,0,1,2,0.1725,0.0000,0.0000,0.0000,0.0000,-0.98021,-0.97588,0.83978,0.07532,0.98041,0.97559,0.81477,0.00000,-0.01082,1.69936
3429,56,0,-0.75580,0.04431,1.0000,0.0000,0,1,2,0.1725,0.0000,0.0000,0.0000,0.0000,-0.98021,-0.97588,0.83978,0.07532,0.98041,0.97559,0.81477,0.00000,-0.01082,1.69936
3430,56,0,-0.75580,0.04431,1.0000,0.0000,0,1,2,0.1725,0.0000,0.0000,0.0000,0.0000,-0.98021,-0.97588,0.83978,0.07532,0.98041,0.97559,0.81477,0.00000,-0.01082,1.69936
3431,56,0,-0.75580,0.04431,1.0000,0.0000,0,1,2,0.1725,0.0000,0.0000,0.0000,0.0000,-0.98021,-0.97588,0.83978,0.07532,0.98041,0.97559,0.81477,0.00000,-0.01082,1.69936
3432,56,0,-0.72217,0.04288,1.0000,0.0000,0,1,2,0.1718,0.0000,0.0000,0.0000,0.0000,-0.98013,-0.97600,0.83415,0.07247,0.98039,0.97561,0.81488,0.00000,-0.01033,1.70098
3433,56,0,-0.72217,0.04288,1.0000,0.0000,0,1,2,0.1718,0.0000,0.0000,0.0000,0.0000,-0.98013,-0.97600,0.83415,0.07247,0.98039,0.97561,0.81488,0.00000,-0.01033,1.70098
3434,56,0,-0.72217,0.04288,1.0000,0.0000,0,1,2,0.1718,0.0000,0.0000,0.0000,0.0000,-0.98013,-0.97600,0.83415,0.07247,0.98039,0.97561,0.81488,0.00000,-0.01033,1.70098
3435,56,0,-0.72217,0.04288,1.0000,0.0000,0,1,2,0.1718,0.0000,0.0000,0.0000,0.0000,-0.98013,-0.97600,0.83415,0.07247,0.98039,0.97561,0.81488,0.00000,-0.01033,1.70098
3436,56,0,-0.72217,0.04288,1.0000,0.0000,0,1,2,0.1718,0.0000,0.0000,0.0000,0.0000,-0.98013,-0.97600,0.83415,0.07247,0.98039,0.97561,0.81488,0.00000,-0.01033,1.70098
3437,56,0,-0.72217,0.04288,1.0000,0.0000,0,1,2,0.1718,0.0000,0.0000,0.0000,0.0000,-0.98013,-0.97600,0.83415,0.07247,0.98039,0.97561,0.81488,0.00000,-0.01033,1.70098
3438,56,0,-0.76246,0.03865,1.0000,0.0000,0,1,2,0.1692,0.0000,0.0000,0.0000,0.0000,-0.98023,-0.97586,0.73152,0.06880,0.98015,0.97597,0.81505,0.00000,-0.01092,1.70340
3439,56,0,-0.76246,0.03865,1.0000,0.0000,0,1,2,0.1692,0.0000,0.0000,0.0000,0.0000,-0.98023,-0.97586,0.73152,0.06880,0.98015,0.97597,0.81505,0.00000,-0.01092,1.70340
3440,56,0,-0.76246,0.03865,1.0000,0.0000,0,1,2,0.1692,0.0000,0.0000,0.0000,0.0000,-0.98023,-0.97586,0.73152,0.06880,0.98015,0.97597,0.81505,0.00000,-0.01092,1.70340
3441,56,0,-0.76246,0.03865,1.0000,0.0000,0,1,2,0.1692,0.0000,0.0000,0.0000,0.0000,-0.98023,-0.97586,0.73152,0.06880,0.98015,0.97597,0.81505,0.00000,-0.01092,1.70340
3442,56,0,-0.76246,0.03865,1.0000,0.0000,0,1,2,0.1692,0.0000,0.0000,0.0000,0.0000,-0.98023,-0.97586,0.73152,0.06880,0.98015,0.97597,0.81505,0.00000,-0.01092,1.70340
3443,56,0,-0.76246,0.03865,1.0000,0.0000,0,1,2,0.1692,0.0000,0.0000,0.0000,0.0000,-0.98023,-0.97586,0.73152,0.06880,0.98015,0.97597,0.81505,0.00000,-0.01092,1.70340
3444,56,0,-0.70247,0.03131,1.0000,0.0000,0,1,2,0.1666,0.6452,1.0000,0.0000,0.0000,-0.98009,-0.97607,0.49444,0.05344,0.97958,0.97676,0.80094,0.00000,-0.01004,1.51184
3445,56,0,-0.70247,0.03131,1.0000,0.0000,0,1,2,0.1666,0.6452,1.0000,0.0000,0.0000,-0.98009,-0.97607,0.49444,0.05344,0.97958,0.97676,0.80094,0.00000,-0.01004,1.51184
3446,56,0,-0.70247,0.03131,1.0000,0.0000,0,1,2,0.1666,0.6452,1.0000,0.0000,0.0000,-0.98009,-0.97607,0.49444,0.05344,0.97958,0.97676,0.80094,0.00000,-0.01004,1.51184
3447,56,0,-0.70247,0.03131,1.0000,0.0000,0,1,2,0.1666,0.6452,1.0000,0.0000,0.0000,-0.98009,-0.97607,0.49444,0.05344,0.97958,0.97676,0.80094,0.00000,-0.01004,1.51184
3448,56,0,-0.70247,0.03131,1.0000,0.0000,0,1,2,0.1666,0.6452,1.0000,0.0000,0.0000,-0.98009,-0.97607,0.49444,0.05344,0.97958,0.97676,0.80094,0.00000,-0.01004,1.51184
3449,56,0,-0.70247,0.03131,1.0000,0.0000,0,1,2,0.1666,0.6452,1.0000,0.0000,0.0000,-0.98009,-0.97607,0.49444,0.05344,0.97958,0.97676,0.80094,0.00000,-0.01004,1.51184
3450,56,0,-0.88886,0.00925,1.0000,0.0000,0,1,6,0.1660,0.6452,1.0000,0.0000,0.0000,-0.98052,-0.97541,-0.80191,0.00011,0.97572,0.98032,0.79934,0.00000,-0.01277,1.49179
3451,56,0,-0.88886,0.00925,1.0000,0.0000,0,1,6,0.1660,0.6452,1.0000,0.0000,0.0000,-0.98052,-0.97541,-0.80191,0.00011,0.97572,0.98032,0.79934,0.00000,-0.01277,1.49179
3452,56,0,-0.88886,0.00925,1.0000,0.0000,0,1,6,0.1660,0.6452,1.0000,0.0000,0.0000,-0.98052,-0.97541,-0.80191,0.00011,0.97572,0.98032,0.79934,0.00000,-0.01277,1.49179
3453,56,0,-0.88886,0.00925,1.0000,0.0000,0,1,6,0.1660,0.6452,1.0000,0.0000,0.0000,-0.98052,-0.97541,-0.80191,0.00011,0.97572,0.98032,0.79934,0.00000,-0.01277,1.49179
3454,56,0,-0.88886,0.00925,1.0000,0.0000,0,1,6,0.1660,0.6452,1.0000,0.0000,0.0000,-0.98052,-0.97541,-0.80191,0.00011,0.97572,0.98032,0.79934,0.00000,-0.01277,1.49179
3455,56,0,-0.88886,0.00925,1.0000,0.0000,0,1,6,0.1660,0.6452,1.0000,0.0000,0.0000,-0.98052,-0.97541,-0.80191,0.00011,0.97572,0.98032,0.79934,0.00000,-0.01277,1.49179
3456,56,0,-0.87254,0.00937,1.0000,0.0000,0,1,6,0.1653,0.6452,1.0000,0.0000,0.0001,-0.98048,-0.97547,-0.80205,0.00011,0.97572,0.98032,0.79946,0.00000,-0.01253,1.49332
3457,56,0,-0.87254,0.00937,1.0000,0.0000,0,1,6,0.1653,0.6452,1.0000,0.0000,0.0001,-0.98048,-0.97547,-0.80205,0.00011,0.97572,0.98032,0.79946,0.00000,-0.01253,1.49332
3458,56,0,-0.87254,0.00937,1.0000,0.0000,0,1,6,0.1653,0.6452,1.0000,0.0000,0.0001,-0.98048,-0.97547,-0.80205,0.00011,0.97572,0.98032,0.79946,0.00000,-0.01253,1.49332
3459,56,0,-0.87254,0.00937,1.0000,0.0000,0,1,6,0.1653,0.6452,1.0000,0.0000,0.0001,-0.98048,-0.97547,-0.80205,0.00011,0.97572,0.98032,0.79946,0.00000,-0.01253,1.49332
3460,56,0,-0.87254,0.00937,1.0000,0.0000,0,1,6,0.1653,0.6452,1.0000,0.0000,0.0001,-0.98048,-0.97547,-0.80205,0.00011,0.97572,0.98032,0.79946,0.00000,-0.01253,1.49332
3461,56,0,-0.87254,0.00937,1.0000,0.0000,0,1,6,0.1653,0.6452,1.0000,0.0000,0.0001,-0.98048,-0.97547,-0.80205,0.00011,0.97572,0.98032,0.79946,0.00000,-0.01253,1.49332
3462,56,0,-0.96383,0.00453,1.0000,0.0000,0,1,6,0.1627,0.0000,0.0000,0.0000,0.0000,-0.98069,-0.97513,-0.69776,0.00000,0.97608,0.98007,0.81423,0.00000,-0.01388,1.69144
3463,56,0,-0.96383,0.00453,1.0000,0.0000,0,1,6,0.1627,0.0000,0.0000,0.0000,0.0000,-0.98069,-0.97513,-0.69776,0.00000,0.97608,0.98007,0.81423,0.00000,-0.01388,1.69144
3464,56,0,-0.96383,0.00453,1.0000,0.0000,0,1,6,0.1627,0.0000,0.0000,0.0000,0.0000,-0.98069,-0.97513,-0.69776,0.00000,0.97608,0.98007,0.81423,0.00000,-0.01388,1.69144
3465,56,0,-0.96383,0.00453,1.0000,0.0000,0,1,6,0.1627,0.0000,0.0000,0.0000,0.0000,-0.98069,-0.97513,-0.69776,0.00000,0.97608,0.98007,0.81423,0.00000,-0.01388,1.69144
3466,56,0,-0.96383,0.00453,1.0000,0.0000,0,1,6,0.1627,0.0000,0.0000,0.0000,0.0000,-0.98069,-0.97513,-0.69776,0.00000,0.97608,0.98007,0.81423,0.00000,-0.01388,1.69144
3467,56,0,-0.96383,0.00453,1.0000,0.0000,0,1,6,0.1627,0.0000,0.0000,0.0000,0.0000,-0.98069,-0.97513,-0.69776,0.00000,0.97608,0.98007,0.81423,0.00000,-0.01388,1.69144
3468,56,0,-0.97044,0.00227,1.0000,0.0000,0,1,6,0.1601,0.0000,0.0000,0.0000,0.0000,-0.98070,-0.97511,-0.55009,0.00000,0.97658,0.97972,0.81468,0.00000,-0.01398,1.69805
3469,56,0,-0.97044,0.00227,1.0000,0.0000,0,1,6,0.1601,0.0000,0.0000,0.0000,0.0000,-0.98070,-0.97511,-0.55009,0.00000,0.97658,0.97972,0.81468,0.00000,-0.01398,1.69805
3470,56,0,-0.97044,0.00227,1.0000,0.0000,0,1,6,0.1601,0.0000,0.0000,0.0000,0.0000,-0.98070,-0.97511,-0.55009,0.00000,0.97658,0.97972,0.81468,0.00000,-0.01398,1.69805
3471,56,0,-0.97044,0.00227,1.0000,0.0000,0,1,6,0.1601,0.0000,0.0000,0.0000,0.0000,-0.98070,-0.97511,-0.55009,0.00000,0.97658,0.97972,0.81468,0.00000,-0.01398,1.69805
3472,56,0,-0.97044,0.00227,1.0000,0.0000,0,1,6,0.1601,0.0000,0.0000,0.0000,0.0000,-0.98070,-0.97511,-0.55009,0.00000,0.97658,0.97972,0.81468,0.00000,-0.01398,1.69805
3473,56,0,-0.97044,0.00227,1.0000,0.0000,0,1,6,0.1601,0.0000,0.0000,0.0000,0.0000,-0.98070,-0.97511,-0.55009,0.00000,0.97658,0.97972,0.81468,0.00000,-0.01398,1.69805
3474,56,0,-0.97591,0.00107,1.0000,0.0000,0,1,6,0.1575,0.0000,0.0000,0.0000,0.0000,-0.98072,-0.97509,-0.38609,0.00000,0.97711,0.97930,0.81515,0.00000,-0.01406,1.70488
3475,56,0,-0.97591,0.00107,1.0000,0.0000,0,1,6,0.1575,0.0000,0.0000,0.0000,0.0000,-0.98072,-0.97509,-0.38609,0.00000,0.97711,0.97930,0.81515,0.00000,-0.01406,1.70488
3476,56,0,-0.97591,0.00107,1.0000,0.0000,0,1,6,0.1575,0.0000,0.0000,0.0000,0.0000,-0.98072,-0.97509,-0.38609,0.00000,0.97711,0.97930,0.81515,0.00000,-0.01406,1.70488
3477,56,0,-0.97591,0.00107,1.0000,0.0000,0,1,6,0.1575,0.0000,0.0000,0.0000,0.0000,-0.98072,-0.97509,-0.38609,0.00000,0.97711,0.97930,0.81515,0.00000,-0.01406,1.70488
3478,56,0,-0.97591,0.00107,1.0000,0.0000,0,1,6,0.1575,0.0000,0.0000,0.0000,0.0000,-0.98072,-0.97509,-0.38609,0.00000,0.97711,0.97930,0.81515,0.00000,-0.01406,1.70488
3479,56,0,-0.97591,0.00107,1.0000,0.0000,0,1,6,0.1575,0.0000,0.0000,0.0000,0.0000,-0.98072,-0.97509,-0.38609,0.00000,0.97711,0.97930,0.81515,0.00000,-0.01406,1.70488
3480,56,0,-0.66351,0.04036,1.0000,0.0000,0,1,2,0.1568,0.0000,0.0000,0.0000,0.0000,-0.97999,-0.97620,0.88698,0.07167,0.98052,0.97542,0.81678,0.00000,-0.00948,1.72891
3481,56,0,-0.66351,0.04036,1.0000,0.0000,0,1,2,0.1568,0.0000,0.0000,0.0000,0.0000,-0.97999,-0.97620,0.88698,0.07167,0.98052,0.97542,0.81678,0.00000,-0.00948,1.72891
3482,56,0,-0.66351,0.04036,1.0000,0.0000,0,1,2,0.1568,0.0000,0.0000,0.0000,0.0000,-0.97999,-0.97620,0.88698,0.07167,0.98052,0.97542,0.81678,0.00000,-0.00948,1.72891
3483,56,0,-0.66351,0.04036,1.0000,0.0000,0,1,2,0.1568,0.0000,0.0000,0.0000,0.0000,-0.97999,-0.97620,0.88698,0.07167,0.98052,0.97542,0.81678,0.00000,-0.00948,1.72891
3484,56,0,-0.66351,0.04036,1.0000,0.0000,0,1,2,0.1568,0.0000,0.0000,0.0000,0.0000,-0.97999,-0.97620,0.88698,0.07167,0.98052,0.97542,0.81678,0.00000,-0.00948,1.72891
3485,56,0,-0.66351,0.04036,1.0000,0.0000,0,1,2,0.1568,0.0000,0.0000,0.0000,0.0000,-0.97999,-0.97620,0.88698,0.07167,0.98052,0.97542,0.81678,0.00000,-0.00948,1.72891
3486,56,0,-0.80261,0.03769,1.0000,0.0000,0,1,2,0.1542,0.0000,0.0000,0.0000,0.0000,-0.98032,-0.97572,0.83978,0.07532,0.98041,0.97559,0.81690,0.00000,-0.01151,1.73070
3487,56,0,-0.80261,0.03769,1.0000,0.0000,0,1,2,0.1542,0.0000,0.0000,0.0000,0.0000,-0.98032,-0.97572,0.83978,0.07532,0.98041,0.97559,0.81690,0.00000,-0.01151,1.73070
3488,56,0,-0.80261,0.03769,1.0000,0.0000,0,1,2,0.1542,0.0000,0.0000,0.0000,0.0000,-0.98032,-0.97572,0.83978,0.07532,0.98041,0.97559,0.81690,0.00000,-0.01151,1.73070
3489,56,0,-0.80261,0.03769,1.0000,0.0000,0,1,2,0.1542,0.0000,0.0000,0.0000,0.0000,-0.98032,-0.97572,0.83978,0.07532,0.98041,0.97559,0.81690,0.00000,-0.01151,1.73070
3490,56,0,-0.80261,0.03769,1.0000,0.0000,0,1,2,0.1542,0.0000,0.0000,0.0000,0.0000,-0.98032,-0.97572,0.83978,0.07532,0.98041,0.97559,0.81690,0.00000,-0.01151,1.73070
3491,56,0,-0.80261,0.03769,1.0000,0.0000,0,1,2,0.1542,0.0000,0.0000,0.0000,0.0000,-0.98032,-0.97572,0.83978,0.07532,0.98041,0.97559,0.81690,0.00000,-0.01151,1.73070
3492,56,0,-0.79713,0.03287,1.0000,0.0000,0,1,2,0.1516,0.0000,0.0000,0.0000,0.0000,-0.98031,-0.97574,0.73152,0.06880,0.98015,0.97597,0.81710,0.00000,-0.01143,1.73375
3493,56,0,-0.79713,0.03287,1.0000,0.0000,0,1,2,0.1516,0.0000,0.0000,0.0000,0.0000,-0.98031,-0.97574,0.73152,0.06880,0.98015,0.97597,0.81710,0.00000,-0.01143,1.73375
3494,56,0,-0.79713,0.03287,1.0000,0.0000,0,1,2,0.1516,0.0000,0.0000,0.0000,0.0000,-0.98031,-0.97574,0.73152,0.06880,0.98015,0.97597,0.81710,0.00000,-0.01143,1.73375
3495,56,0,-0.79713,0.03287,1.0000,0.0000,0,1,2,0.1516,0.0000,0.0000,0.0000,0.0000,-0.98031,-0.97574,0.73152,0.06880,0.98015,0.97597,0.81710,0.00000,-0.01143,1.73375
3496,56,0,-0.79713,0.03287,1.0000,0.0000,0,1,2,0.1516,0.0000,0.0000,0.0000,0.0000,-0.98031,-0.97574,0.73152,0.06880,0.98015,0.97597,0.81710,0.00000,-0.01143,1.73375
3497,56,0,-0.79713,0.03287,1.0000,0.0000,0,1,2,0.1516,0.0000,0.0000,0.0000,0.0000,-0.98031,-0.97574,0.73152,0.06880,0.98015,0.97597,0.81710,0.00000,-0.01143,1.73375
3498,56,0,-0.78294,0.02765,1.0000,0.0000,0,1,2,0.1490,0.6452,1.0000,0.0000,0.0000,-0.98028,-0.97579,0.51272,0.05612,0.97962,0.97670,0.80329,0.00000,-0.01122,1.54180
3499,56,0,-0.78294,0.02765,1.0000,0.0000,0,1,2,0.1490,0.6452,1.0000,0.0000,0.0000,-0.98028,-0.97579,0.51272,0.05612,0.97962,0.97670,0.80329,0.00000,-0.01122,1.54180
3500,56,0,-0.78294,0.02765,1.0000,0.0000,0,1,2,0.1490,0.6452,1.0000,0.0000,0.0000,-0.98028,-0.97579,0.51272,0.05612,0.97962,0.97670,0.80329,0.00000,-0.01122,1.54180
3501,56,0,-0.78294,0.02765,1.0000,0.0000,0,1,2,0.1490,0.6452,1.0000,0.0000,0.0000,-0.98028,-0.97579,0.51272,0.05612,0.97962,0.97670,0.80329,0.00000,-0.01122,1.54180
3502,56,0,-0.78294,0.02765,1.0000,0.0000,0,1,2,0.1490,0.6452,1.0000,0.0000,0.0000,-0.98028,-0.97579,0.51272,0.05612,0.97962,0.97670,0.80329,0.00000,-0.01122,1.54180
3503,56,0,-0.78294,0.02765,1.0000,0.0000,0,1,2,0.1490,0.6452,1.0000,0.0000,0.0000,-0.98028,-0.97579,0.51272,0.05612,0.97962,0.97670,0.80329,0.00000,-0.01122,1.54180
3504,56,0,-0.89229,0.00992,1.0000,0.0000,0,1,6,0.1483,0.6452,1.0000,0.0000,0.0000,-0.98053,-0.97540,-0.80191,0.00011,0.97572,0.98032,0.80179,0.00000,-0.01282,1.52261
3505,56,0,-0.89229,0.00992,1.0000,0.0000,0,1,6,0.1483,0.6452,1.0000,0.0000,0.0000,-0.98053,-0.97540,-0.80191,0.00011,0.97572,0.98032,0.80179,0.00000,-0.01282,1.52261
3506,56,0,-0.89229,0.00992,1.0000,0.0000,0,1,6,0.1483,0.6452,1.0000,0.0000,0.0000,-0.98053,-0.97540,-0.80191,0.00011,0.97572,0.98032,0.80179,0.00000,-0.01282,1.52261
3507,56,0,-0.89229,0.00992,1.0000,0.0000,0,1,6,0.1483,0.6452,1.0000,0.0000,0.0000,-0.98053,-0.97540,-0.80191,0.00011,0.97572,0.98032,0.80179,0.00000,-0.01282,1.52261
3508,56,0,-0.89229,0.00992,1.0000,0.0000,0,1,6,0.1483,0.6452,1.0000,0.0000,0.0000,-0.98053,-0.97540,-0.80191,0.00011,0.97572,0.98032,0.80179,0.00000,-0.01282,1.52261
3509,56,0,-0.89229,0.00992,1.0000,0.0000,0,1,6,0.1483,0.6452,1.0000,0.0000,0.0000,-0.98053,-0.97540,-0.80191,0.00011,0.97572,0.98032,0.80179,0.00000,-0.01282,1.52261
3510,56,0,-0.96656,0.00475,1.0000,0.0000,0,1,6,0.1457,0.0000,0.0000,0.0000,0.0000,-0.98069,-0.97512,-0.69776,0.00000,0.97608,0.98007,0.81625,0.00000,-0.01393,1.72110
3511,56,0,-0.96656,0.00475,1.0000,0.0000,0,1,6,0.1457,0.0000,0.0000,0.0000,0.0000,-0.98069,-0.97512,-0.69776,0.00000,0.97608,0.98007,0.81625,0.00000,-0.01393,1.72110
3512,56,0,-0.96656,0.00475,1.0000,0.0000,0,1,6,0.1457,0.0000,0.0000,0.0000,0.0000,-0.98069,-0.97512,-0.69776,0.00000,0.97608,0.98007,0.81625,0.00000,-0.01393,1.72110
3513,56,0,-0.96656,0.00475,1.0000,0.0000,0,1,6,0.1457,0.0000,0.0000,0.0000,0.0000,-0.98069,-0.97512,-0.69776,0.00000,0.97608,0.98007,0.81625,0.00000,-0.01393,1.72110
3514,56,0,-0.96656,0.00475,1.0000,0.0000,0,1,6,0.1457,0.0000,0.0000,0.0000,0.0000,-0.98069,-0.97512,-0.69776,0.00000,0.97608,0.98007,0.81625,0.00000,-0.01393,1.72110
3515,56,0,-0.96656,0.00475,1.0000,0.0000,0,1,6,0.1457,0.0000,0.0000,0.0000,0.0000,-0.98069,-0.97512,-0.69776,0.00000,0.97608,0.98007,0.81625,0.00000,-0.01393,1.72110
3516,56,0,-0.81860,0.03084,1.0000,0.0000,0,1,2,0.1450,0.0000,0.0000,0.0000,0.0000,-0.98036,-0.97566,0.71211,0.06329,0.98011,0.97603,0.81783,0.00000,-0.01174,1.74466
3517,56,0,-0.81860,0.03084,1.0000,0.0000,0,1,2,0.1450,0.0000,0.0000,0.0000,0.0000,-0.98036,-0.97566,0.71211,0.06329,0.98011,0.97603,0.81783,0.00000,-0.01174,1.74466
3518,56,0,-0.81860,0.03084,1.0000,0.0000,0,1,2,0.1450,0.0000,0.0000,0.0000,0.0000,-0.98036,-0.97566,0.71211,0.06329,0.98011,0.97603,0.81783,0.00000,-0.01174,1.74466
3519,56,0,-0.81860,0.03084,1.0000,0.0000,0,1,2,0.1450,0.0000,0.0000,0.0000,0.0000,-0.98036,-0.97566,0.71211,0.06329,0.98011,0.97603,0.81783,0.00000,-0.01174,1.74466
3520,56,0,-0.81860,0.03084,1.0000,0.0000,0,1,2,0.1450,0.0000,0.0000,0.0000,0.0000,-0.98036,-0.97566,0.71211,0.06329,0.98011,0.97603,0.81783,0.00000,-0.01174,1.74466
3521,56,0,-0.81860,0.03084,1.0000,0.0000,0,1,2,0.1450,0.0000,0.0000,0.0000,0.0000,-0.98036,-0.97566,0.71211,0.06329,0.98011,0.97603,0.81783,0.00000,-0.01174,1.74466
3522,56,0,-0.95961,0.00482,1.0000,0.0000,0,1,6,0.1444,0.0000,0.0000,0.0000,0.0001,-0.98068,-0.97515,-0.69776,0.00000,0.97608,0.98007,0.81643,0.00000,-0.01382,1.72371
3523,56,0,-0.95961,0.00482,1.0000,0.0000,0,1,6,0.1444,0.0000,0.0000,0.0000,0.0001,-0.98068,-0.97515,-0.69776,0.00000,0.97608,0.98007,0.81643,0.00000,-0.01382,1.72371
3524,56,0,-0.95961,0.00482,1.0000,0.0000,0,1,6,0.1444,0.0000,0.0000,0.0000,0.0001,-0.98068,-0.97515,-0.69776,0.00000,0.97608,0.98007,0.81643,0.00000,-0.01382,1.72371
3525,56,0,-0.95961,0.00482,1.0000,0.0000,0,1,6,0.1444,0.0000,0.0000,0.0000,0.0001,-0.98068,-0.97515,-0.69776,0.00000,0.97608,0.98007,0.81643,0.00000,-0.01382,1.72371
3526,56,0,-0.95961,0.00482,1.0000,0.0000,0,1,6,0.1444,0.0000,0.0000,0.0000,0.0001,-0.98068,-0.97515,-0.69776,0.00000,0.97608,0.98007,0.81643,0.00000,-0.01382,1.72371
3527,56,0,-0.95961,0.00482,1.0000,0.0000,0,1,6,0.1444,0.0000,0.0000,0.0000,0.0001,-0.98068,-0.97515,-0.69776,0.00000,0.97608,0.98007,0.81643,0.00000,-0.01382,1.72371
3528,56,0,-0.97082,0.00243,1.0000,0.0000,0,1,6,0.1418,0.0000,0.0000,0.0000,0.0000,-0.98070,-0.97511,-0.55009,0.00000,0.97658,0.97972,0.81685,0.00000,-0.01399,1.73007
3529,56,0,-0.97082,0.00243,1.0000,0.0000,0,1,6,0.1418,0.0000,0.0000,0.0000,0.0000,-0.98070,-0.97511,-0.55009,0.00000,0.97658,0.97972,0.81685,0.00000,-0.01399,1.73007
3530,56,0,-0.97082,0.00243,1.0000,0.0000,0,1,6,0.1418,0.0000,0.0000,0.0000,0.0000,-0.98070,-0.97511,-0.55009,0.00000,0.97658,0.97972,0.81685,0.00000,-0.01399,1.73007
3531,56,0,-0.97082,0.00243,1.0000,0.0000,0,1,6,0.1418,0.0000,0.0000,0.0000,0.0000,-0.98070,-0.97511,-0.55009,0.00000,0.97658,0.97972,0.81685,0.00000,-0.01399,1.73007
3532,56,0,-0.97082,0.00243,1.0000,0.0000,0,1,6,0.1418,0.0000,0.0000,0.0000,0.0000,-0.98070,-0.97511,-0.55009,0.00000,0.97658,0.97972,0.81685,0.00000,-0.01399,1.73007
3533,56,0,-0.97082,0.00243,1.0000,0.0000,0,1,6,0.1418,0.0000,0.0000,0.0000,0.0000,-0.98070,-0.97511,-0.55009,0.00000,0.97658,0.97972,0.81685,0.00000,-0.01399,1.73007
3534,56,0,-0.97562,0.00114,1.0000,0.0000,0,1,6,0.1392,0.0000,0.0000,0.0000,0.0000,-0.98071,-0.97509,-0.38609,0.00000,0.97711,0.97930,0.81731,0.00000,-0.01406,1.73691
3535,56,0,-0.97562,0.00114,1.0000,0.0000,0,1,6,0.1392,0.0000,0.0000,0.0000,0.0000,-0.98071,-0.97509,-0.38609,0.00000,0.97711,0.97930,0.81731,0.00000,-0.01406,1.73691
3536,56,0,-0.97562,0.00114,1.0000,0.0000,0,1,6,0.1392,0.0000,0.0000,0.0000,0.0000,-0.98071,-0.97509,-0.38609,0.00000,0.97711,0.97930,0.81731,0.00000,-0.01406,1.73691
3537,56,0,-0.97562,0.00114,1.0000,0.0000,0,1,6,0.1392,0.0000,0.0000,0.0000,0.0000,-0.98071,-0.97509,-0.38609,0.00000,0.97711,0.97930,0.81731,0.00000,-0.01406,1.73691
3538,56,0,-0.97562,0.00114,1.0000,0.0000,0,1,6,0.1392,0.0000,0.0000,0.0000,0.0000,-0.98071,-0.97509,-0.38609,0.00000,0.97711,0.97930,0.81731,0.00000,-0.01406,1.73691
3539,56,0,-0.97562,0.00114,1.0000,0.0000,0,1,6,0.1392,0.0000,0.0000,0.0000,0.0000,-0.98071,-0.97509,-0.38609,0.00000,0.97711,0.97930,0.81731,0.00000,-0.01406,1.73691
3540,56,0,-0.69979,0.03574,1.0000,0.0000,0,1,2,0.1385,0.0000,0.0000,0.0000,0.0000,-0.98008,-0.97608,0.88698,0.07167,0.98052,0.97542,0.81887,0.00000,-0.01000,1.76041
3541,56,0,-0.69979,0.03574,1.0000,0.0000,0,1,2,0.1385,0.0000,0.0000,0.0000,0.0000,-0.98008,-0.97608,0.88698,0.07167,0.98052,0.97542,0.81887,0.00000,-0.01000,1.76041
3542,56,0,-0.69979,0.03574,1.0000,0.0000,0,1,2,0.1385,0.0000,0.0000,0.0000,0.0000,-0.98008,-0.97608,0.88698,0.07167,0.98052,0.97542,0.81887,0.00000,-0.01000,1.76041
3543,56,0,-0.69979,0.03574,1.0000,0.0000,0,1,2,0.1385,0.0000,0.0000,0.0000,0.0000,-0.98008,-0.97608,0.88698,0.07167,0.98052,0.97542,0.81887,0.00000,-0.01000,1.76041
3544,56,0,-0.69979,0.03574,1.0000,0.0000,0,1,2,0.1385,0.0000,0.0000,0.0000,0.0000,-0.98008,-0.97608,0.88698,0.07167,0.98052,0.97542,0.81887,0.00000,-0.01000,1.76041
3545,56,0,-0.69979,0.03574,1.0000,0.0000,0,1,2,0.1385,0.0000,0.0000,0.0000,0.0000,-0.98008,-0.97608,0.88698,0.07167,0.98052,0.97542,0.81887,0.00000,-0.01000,1.76041
3546,56,0,-0.82902,0.03239,1.0000,0.0000,0,1,2,0.1359,0.0000,0.0000,0.0000,0.0000,-0.98038,-0.97563,0.83978,0.07532,0.98041,0.97559,0.81899,0.00000,-0.01189,1.76234
3547,56,0,-0.82902,0.03239,1.0000,0.0000,0,1,2,0.1359,0.0000,0.0000,0.0000,0.0000,-0.98038,-0.97563,0.83978,0.07532,0.98041,0.97559,0.81899,0.00000,-0.01189,1.76234
3548,56,0,-0.82902,0.03239,1.0000,0.0000,0,1,2,0.1359,0.0000,0.0000,0.0000,0.0000,-0.98038,-0.97563,0.83978,0.07532,0.98041,0.97559,0.81899,0.00000,-0.01189,1.76234
3549,56,0,-0.82902,0.03239,1.0000,0.0000,0,1,2,0.1359,0.0000,0.0000,0.0000,0.0000,-0.98038,-0.97563,0.83978,0.07532,0.98041,0.97559,0.81899,0.00000,-0.01189,1.76234
3550,56,0,-0.82902,0.03239,1.0000,0.0000,0,1,2,0.1359,0.0000,0.0000,0.0000,0.0000,-0.98038,-0.97563,0.83978,0.07532,0.98041,0.97559,0.81899,0.00000,-0.01189,1.76234
3551,56,0,-0.82902,0.03239,1.0000,0.0000,0,1,2,0.1359,0.0000,0.0000,0.0000,0.0000,-0.98038,-0.97563,0.83978,0.07532,0.98041,0.97559,0.81899,0.00000,-0.01189,1.76234
3552,56,0,-0.80460,0.03146,1.0000,0.0000,0,1,2,0.1352,0.0000,0.0000,0.0000,0.0000,-0.98033,-0.97571,0.83415,0.07247,0.98039,0.97561,0.81909,0.00000,-0.01153,1.76383
3553,56,0,-0.80460,0.03146,1.0000,0.0000,0,1,2,0.1352,0.0000,0.0000,0.0000,0.0000,-0.98033,-0.97571,0.83415,0.07247,0.98039,0.97561,0.81909,0.00000,-0.01153,1.76383
3554,56,0,-0.80460,0.03146,1.0000,0.0000,0,1,2,0.1352,0.0000,0.0000,0.0000,0.0000,-0.98033,-0.97571,0.83415,0.07247,0.98039,0.97561,0.81909,0.00000,-0.01153,1.76383
3555,56,0,-0.80460,0.03146,1.0000,0.0000,0,1,2,0.1352,0.0000,0.0000,0.0000,0.0000,-0.98033,-0.97571,0.83415,0.07247,0.98039,0.97561,0.81909,0.00000,-0.01153,1.76383
3556,56,0,-0.80460,0.03146,1.0000,0.0000,0,1,2,0.1352,0.0000,0.0000,0.0000,0.0000,-0.98033,-0.97571,0.83415,0.07247,0.98039,0.97561,0.81909,0.00000,-0.01153,1.76383
3557,56,0,-0.80460,0.03146,1.0000,0.0000,0,1,2,0.1352,0.0000,0.0000,0.0000,0.0000,-0.98033,-0.97571,0.83415,0.07247,0.98039,0.97561,0.81909,0.00000,-0.01153,1.76383
3558,56,0,-0.80460,0.03146,1.0000,0.0000,0,1,2,0.1346,0.0000,0.0000,0.0000,0.0001,-0.98033,-0.97571,0.83415,0.07247,0.98039,0.97561,0.81918,0.00000,-0.01153,1.76512
3559,56,0,-0.80460,0.03146,1.0000,0.0000,0,1,2,0.1346,0.0000,0.0000,0.0000,0.0001,-0.98033,-0.97571,0.83415,0.07247,0.98039,0.97561,0.81918,0.00000,-0.01153,1.76512
3560,56,0,-0.80460,0.03146,1.0000,0.0000,0,1,2,0.1346,0.0000,0.0000,0.0000,0.0001,-0.98033,-0.97571,0.83415,0.07247,0.98039,0.97561,0.81918,0.00000,-0.01153,1.76512
3561,56,0,-0.80460,0.03146,1.0000,0.0000,0,1,2,0.1346,0.0000,0.0000,0.0000,0.0001,-0.98033,-0.97571,0.83415,0.07247,0.98039,0.97561,0.81918,0.00000,-0.01153,1.76512
3562,56,0,-0.80460,0.03146,1.0000,0.0000,0,1,2,0.1346,0.0000,0.0000,0.0000,0.0001,-0.98033,-0.97571,0.83415,0.07247,0.98039,0.97561,0.81918,0.00000,-0.01153,1.76512
3563,56,0,-0.80460,0.03146,1.0000,0.0000,0,1,2,0.1346,0.0000,0.0000,0.0000,0.0001,-0.98033,-0.97571,0.83415,0.07247,0.98039,0.97561,0.81918,0.00000,-0.01153,1.76512
3564,56,0,-0.80787,0.02719,1.0000,0.0000,0,1,2,0.1320,0.0000,0.0000,0.0000,0.0000,-0.98033,-0.97570,0.72202,0.06601,0.98013,0.97600,0.81935,0.00000,-0.01158,1.76781
3565,56,0,-0.80787,0.02719,1.0000,0.0000,0,1,2,0.1320,0.0000,0.0000,0.0000,0.0000,-0.98033,-0.97570,0.72202,0.06601,0.98013,0.97600,0.81935,0.00000,-0.01158,1.76781
3566,56,0,-0.80787,0.02719,1.0000,0.0000,0,1,2,0.1320,0.0000,0.0000,0.0000,0.0000,-0.98033,-0.97570,0.72202,0.06601,0.98013,0.97600,0.81935,0.00000,-0.01158,1.76781
3567,56,0,-0.80787,0.02719,1.0000,0.0000,0,1,2,0.1320,0.0000,0.0000,0.0000,0.0000,-0.98033,-0.97570,0.72202,0.06601,0.98013,0.97600,0.81935,0.00000,-0.01158,1.76781
3568,56,0,-0.80787,0.02719,1.0000,0.0000,0,1,2,0.1320,0.0000,0.0000,0.0000,0.0000,-0.98033,-0.97570,0.72202,0.06601,0.98013,0.97600,0.81935,0.00000,-0.01158,1.76781
3569,56,0,-0.80787,0.02719,1.0000,0.0000,0,1,2,0.1320,0.0000,0.0000,0.0000,0.0000,-0.98033,-0.97570,0.72202,0.06601,0.98013,0.97600,0.81935,0.00000,-0.01158,1.76781
3570,56,0,-0.80638,0.02298,1.0000,0.0000,0,1,2,0.1294,0.6452,1.0000,0.0000,0.0000,-0.98033,-0.97571,0.49444,0.05344,0.97958,0.97676,0.80587,0.00000,-0.01156,1.57554
3571,56,0,-0.80638,0.02298,1.0000,0.0000,0,1,2,0.1294,0.6452,1.0000,0.0000,0.0000,-0.98033,-0.97571,0.49444,0.05344,0.97958,0.97676,0.80587,0.00000,-0.01156,1.57554
3572,56,0,-0.80638,0.02298,1.0000,0.0000,0,1,2,0.1294,0.6452,1.0000,0.0000,0.0000,-0.98033,-0.97571,0.49444,0.05344,0.97958,0.97676,0.80587,0.00000,-0.01156,1.57554
3573,56,0,-0.80638,0.02298,1.0000,0.0000,0,1,2,0.1294,0.6452,1.0000,0.0000,0.0000,-0.98033,-0.97571,0.49444,0.05344,0.97958,0.97676,0.80587,0.00000,-0.01156,1.57554
3574,56,0,-0.80638,0.02298,1.0000,0.0000,0,1,2,0.1294,0.6452,1.0000,0.0000,0.0000,-0.98033,-0.97571,0.49444,0.05344,0.97958,0.97676,0.80587,0.00000,-0.01156,1.57554
3575,56,0,-0.80638,0.02298,1.0000,0.0000,0,1,2,0.1294,0.6452,1.0000,0.0000,0.0000,-0.98033,-0.97571,0.49444,0.05344,0.97958,0.97676,0.80587,0.00000,-0.01156,1.57554
3576,56,0,-0.87936,0.01091,1.0000,0.0000,0,1,6,0.1287,0.6452,1.0000,0.0000,0.0000,-0.98050,-0.97544,-0.80205,0.00011,0.97572,0.98032,0.80447,0.00000,-0.01263,1.55714
3577,56,0,-0.87936,0.01091,1.0000,0.0000,0,1,6,0.1287,0.6452,1.0000,0.0000,0.0000,-0.98050,-0.97544,-0.80205,0.00011,0.97572,0.98032,0.80447,0.00000,-0.01263,1.55714
3578,56,0,-0.87936,0.01091,1.0000,0.0000,0,1,6,0.1287,0.6452,1.0000,0.0000,0.0000,-0.98050,-0.97544,-0.80205,0.00011,0.97572,0.98032,0.80447,0.00000,-0.01263,1.55714
3579,56,0,-0.87936,0.01091,1.0000,0.0000,0,1,6,0.1287,0.6452,1.0000,0.0000,0.0000,-0.98050,-0.97544,-0.80205,0.00011,0.97572,0.98032,0.80447,0.00000,-0.01263,1.55714
3580,56,0,-0.87936,0.01091,1.0000,0.0000,0,1,6,0.1287,0.6452,1.0000,0.0000,0.0000,-0.98050,-0.97544,-0.80205,0.00011,0.97572,0.98032,0.80447,0.00000,-0.01263,1.55714
3581,56,0,-0.87936,0.01091,1.0000,0.0000,0,1,6,0.1287,0.6452,1.0000,0.0000,0.0000,-0.98050,-0.97544,-0.80205,0.00011,0.97572,0.98032,0.80447,0.00000,-0.01263,1.55714
3582,56,0,-0.87936,0.01091,1.0000,0.0000,0,1,6,0.1280,0.6452,1.0000,0.0000,0.0001,-0.98050,-0.97544,-0.80205,0.00011,0.97572,0.98032,0.80457,0.00000,-0.01263,1.55844
3583,56,0,-0.87936,0.01091,1.0000,0.0000,0,1,6,0.1280,0.6452,1.0000,0.0000,0.0001,-0.98050,-0.97544,-0.80205,0.00011,0.97572,0.98032,0.80457,0.00000,-0.01263,1.55844
3584,56,0,-0.87936,0.01091,1.0000,0.0000,0,1,6,0.1280,0.6154,1.0000,0.0000,0.0001,-0.98050,-0.97544,-0.80205,0.00011,0.97572,0.98032,0.80525,0.00000,-0.01263,1.56737
3585,56,0,-0.87936,0.01091,1.0000,0.0000,0,1,6,0.1280,0.6154,1.0000,0.0000,0.0001,-0.98050,-0.97544,-0.80205,0.00011,0.97572,0.98032,0.80525,0.00000,-0.01263,1.56737
3586,56,0,-0.87936,0.01091,1.0000,0.0000,0,1,6,0.1280,0.6154,1.0000,0.0000,0.0001,-0.98050,-0.97544,-0.80205,0.00011,0.97572,0.98032,0.80525,0.00000,-0.01263,1.56737
3587,56,0,-0.87936,0.01091,1.0000,0.0000,0,1,6,0.1280,0.6154,1.0000,0.0000,0.0001,-0.98050,-0.97544,-0.80205,0.00011,0.97572,0.98032,0.80525,0.00000,-0.01263,1.56737
3588,56,0,-0.95424,0.00529,1.0000,0.0000,0,1,6,0.1254,0.0000,0.0000,0.0000,0.0000,-0.98067,-0.97517,-0.69776,0.00000,0.97608,0.98007,0.81863,0.00000,-0.01374,1.75680
3589,56,0,-0.95424,0.00529,1.0000,0.0000,0,1,6,0.1254,0.0000,0.0000,0.0000,0.0000,-0.98067,-0.97517,-0.69776,0.00000,0.97608,0.98007,0.81863,0.00000,-0.01374,1.75680
3590,56,0,-0.95424,0.00529,1.0000,0.0000,0,1,6,0.1254,0.0000,0.0000,0.0000,0.0000,-0.98067,-0.97517,-0.69776,0.00000,0.97608,0.98007,0.81863,0.00000,-0.01374,1.75680
3591,56,0,-0.95424,0.00529,1.0000,0.0000,0,1,6,0.1254,0.0000,0.0000,0.0000,0.0000,-0.98067,-0.97517,-0.69776,0.00000,0.97608,0.98007,0.81863,0.00000,-0.01374,1.75680
3592,56,0,-0.95424,0.00529,1.0000,0.0000,0,1,6,0.1254,0.0000,0.0000,0.0000,0.0000,-0.98067,-0.97517,-0.69776,0.00000,0.97608,0.98007,0.81863,0.00000,-0.01374,1.75680
3593,56,0,-0.95424,0.00529,1.0000,0.0000,0,1,6,0.1254,0.0000,0.0000,0.0000,0.0000,-0.98067,-0.97517,-0.69776,0.00000,0.97608,0.98007,0.81863,0.00000,-0.01374,1.75680
3594,56,0,-0.97306,0.00261,1.0000,0.0000,0,1,6,0.1228,0.0000,0.0000,0.0000,0.0000,-0.98071,-0.97510,-0.55009,0.00000,0.97658,0.97972,0.81905,0.00000,-0.01402,1.76322
3595,56,0,-0.97306,0.00261,1.0000,0.0000,0,1,6,0.1228,0.0000,0.0000,0.0000,0.0000,-0.98071,-0.97510,-0.55009,0.00000,0.97658,0.97972,0.81905,0.00000,-0.01402,1.76322
3596,56,0,-0.97306,0.00261,1.0000,0.0000,0,1,6,0.1228,0.0000,0.0000,0.0000,0.0000,-0.98071,-0.97510,-0.55009,0.00000,0.97658,0.97972,0.81905,0.00000,-0.01402,1.76322
3597,56,0,-0.97306,0.00261,1.0000,0.0000,0,1,6,0.1228,0.0000,0.0000,0.0000,0.0000,-0.98071,-0.97510,-0.55009,0.00000,0.97658,0.97972,0.81905,0.00000,-0.01402,1.76322
3598,56,0,-0.97306,0.00261,1.0000,0.0000,0,1,6,0.1228,0.0000,0.0000,0.0000,0.0000,-0.98071,-0.97510,-0.55009,0.00000,0.97658,0.97972,0.81905,0.00000,-0.01402,1.76322
3599,56,0,-0.97306,0.00261,1.0000,0.0000,0,1,6,0.1228,0.0000,0.0000,0.0000,0.0000,-0.98071,-0.97510,-0.55009,0.00000,0.97658,0.97972,0.81905,0.00000,-0.01402,1.76322
3600,56,0,-0.97109,0.00128,1.0000,0.0000,0,1,6,0.1202,0.0000,0.0000,0.0000,0.0000,-0.98070,-0.97511,-0.38609,0.00000,0.97711,0.97930,0.81951,0.00000,-0.01399,1.77016
3601,56,0,-0.97109,0.00128,1.0000,0.0000,0,1,6,0.1202,0.0000,0.0000,0.0000,0.0000,-0.98070,-0.97511,-0.38609,0.00000,0.97711,0.97930,0.81951,0.00000,-0.01399,1.77016
3602,56,0,-0.97109,0.00128,1.0000,0.0000,0,1,6,0.1202,0.0000,0.0000,0.0000,0.0000,-0.98070,-0.97511,-0.38609,0.00000,0.97711,0.97930,0.81951,0.00000,-0.01399,1.77016
3603,56,0,-0.97109,0.00128,1.0000,0.0000,0,1,6,0.1202,0.0000,0.0000,0.0000,0.0000,-0.98070,-0.97511,-0.38609,0.00000,0.97711,0.97930,0.81951,0.00000,-0.01399,1.77016
3604,56,0,-0.97109,0.00128,1.0000,0.0000,0,1,6,0.1202,0.0000,0.0000,0.0000,0.0000,-0.98070,-0.97511,-0.38609,0.00000,0.97711,0.97930,0.81951,0.00000,-0.01399,1.77016
3605,56,0,-0.97109,0.00128,1.0000,0.0000,0,1,6,0.1202,0.0000,0.0000,0.0000,0.0000,-0.98070,-0.97511,-0.38609,0.00000,0.97711,0.97930,0.81951,0.00000,-0.01399,1.77016
3606,56,0,-0.73152,0.03224,1.0000,0.0000,0,1,2,0.1195,0.0000,0.0000,0.0000,0.0000,-0.98015,-0.97597,0.88698,0.07167,0.98052,0.97542,0.82099,0.00000,-0.01047,1.79314
3607,56,0,-0.73152,0.03224,1.0000,0.0000,0,1,2,0.1195,0.0000,0.0000,0.0000,0.0000,-0.98015,-0.97597,0.88698,0.07167,0.98052,0.97542,0.82099,0.00000,-0.01047,1.79314
3608,56,0,-0.73152,0.03224,1.0000,0.0000,0,1,2,0.1195,0.0000,0.0000,0.0000,0.0000,-0.98015,-0.97597,0.88698,0.07167,0.98052,0.97542,0.82099,0.00000,-0.01047,1.79314
3609,56,0,-0.73152,0.03224,1.0000,0.0000,0,1,2,0.1195,0.0000,0.0000,0.0000,0.0000,-0.98015,-0.97597,0.88698,0.07167,0.98052,0.97542,0.82099,0.00000,-0.01047,1.79314
3610,56,0,-0.73152,0.03224,1.0000,0.0000,0,1,2,0.1195,0.0000,0.0000,0.0000,0.0000,-0.98015,-0.97597,0.88698,0.07167,0.98052,0.97542,0.82099,0.00000,-0.01047,1.79314
3611,56,0,-0.73152,0.03224,1.0000,0.0000,0,1,2,0.1195,0.0000,0.0000,0.0000,0.0000,-0.98015,-0.97597,0.88698,0.07167,0.98052,0.97542,0.82099,0.00000,-0.01047,1.79314
3612,56,0,-0.70093,0.03163,1.0000,0.0000,0,1,2,0.1189,0.0000,0.0000,0.0000,0.0001,-0.98008,-0.97607,0.88266,0.06880,0.98051,0.97543,0.82110,0.00000,-0.01002,1.79481
3613,56,0,-0.70093,0.03163,1.0000,0.0000,0,1,2,0.1189,0.0000,0.0000,0.0000,0.0001,-0.98008,-0.97607,0.88266,0.06880,0.98051,0.97543,0.82110,0.00000,-0.01002,1.79481
3614,56,0,-0.70093,0.03163,1.0000,0.0000,0,1,2,0.1189,0.0000,0.0000,0.0000,0.0001,-0.98008,-0.97607,0.88266,0.06880,0.98051,0.97543,0.82110,0.00000,-0.01002,1.79481
3615,56,0,-0.70093,0.03163,1.0000,0.0000,0,1,2,0.1189,0.0000,0.0000,0.0000,0.0001,-0.98008,-0.97607,0.88266,0.06880,0.98051,0.97543,0.82110,0.00000,-0.01002,1.79481
3616,56,0,-0.70093,0.03163,1.0000,0.0000,0,1,2,0.1189,0.0000,0.0000,0.0000,0.0001,-0.98008,-0.97607,0.88266,0.06880,0.98051,0.97543,0.82110,0.00000,-0.01002,1.79481
3617,56,0,-0.70093,0.03163,1.0000,0.0000,0,1,2,0.1189,0.0000,0.0000,0.0000,0.0001,-0.98008,-0.97607,0.88266,0.06880,0.98051,0.97543,0.82110,0.00000,-0.01002,1.79481
3618,56,0,-0.85052,0.02739,1.0000,0.0000,0,1,2,0.1163,0.0000,0.0000,0.0000,0.0000,-0.98043,-0.97555,0.83415,0.07247,0.98039,0.97561,0.82119,0.00000,-0.01221,1.79630
3619,56,0,-0.85052,0.02739,1.0000,0.0000,0,1,2,0.1163,0.0000,0.0000,0.0000,0.0000,-0.98043,-0.97555,0.83415,0.07247,0.98039,0.97561,0.82119,0.00000,-0.01221,1.79630
3620,56,0,-0.85052,0.02739,1.0000,0.0000,0,1,2,0.1163,0.0000,0.0000,0.0000,0.0000,-0.98043,-0.97555,0.83415,0.07247,0.98039,0.97561,0.82119,0.00000,-0.01221,1.79630
3621,56,0,-0.85052,0.02739,1.0000,0.0000,0,1,2,0.1163,0.0000,0.0000,0.0000,0.0000,-0.98043,-0.97555,0.83415,0.07247,0.98039,0.97561,0.82119,0.00000,-0.01221,1.79630
3622,56,0,-0.85052,0.02739,1.0000,0.0000,0,1,2,0.1163,0.0000,0.0000,0.0000,0.0000,-0.98043,-0.97555,0.83415,0.07247,0.98039,0.97561,0.82119,0.00000,-0.01221,1.79630
3623,56,0,-0.85052,0.02739,1.0000,0.0000,0,1,2,0.1163,0.0000,0.0000,0.0000,0.0000,-0.98043,-0.97555,0.83415,0.07247,0.98039,0.97561,0.82119,0.00000,-0.01221,1.79630
3624,56,0,-0.84111,0.02339,1.0000,0.0000,0,1,2,0.1137,0.0000,0.0000,0.0000,0.0000,-0.98041,-0.97558,0.72202,0.06601,0.98013,0.97600,0.82139,0.00000,-0.01207,1.79935
3625,56,0,-0.84111,0.02339,1.0000,0.0000,0,1,2,0.1137,0.0000,0.0000,0.0000,0.0000,-0.98041,-0.97558,0.72202,0.06601,0.98013,0.97600,0.82139,0.00000,-0.01207,1.79935
3626,56,0,-0.84111,0.02339,1.0000,0.0000,0,1,2,0.1137,0.0000,0.0000,0.0000,0.0000,-0.98041,-0.97558,0.72202,0.06601,0.98013,0.97600,0.82139,0.00000,-0.01207,1.79935
3627,56,0,-0.84111,0.02339,1.0000,0.0000,0,1,2,0.1137,0.0000,0.0000,0.0000,0.0000,-0.98041,-0.97558,0.72202,0.06601,0.98013,0.97600,0.82139,0.00000,-0.01207,1.79935
3628,56,0,-0.84111,0.02339,1.0000,0.0000,0,1,2,0.1137,0.0000,0.0000,0.0000,0.0000,-0.98041,-0.97558,0.72202,0.06601,0.98013,0.97600,0.82139,0.00000,-0.01207,1.79935
3629,56,0,-0.84111,0.02339,1.0000,0.0000,0,1,2,0.1137,0.0000,0.0000,0.0000,0.0000,-0.98041,-0.97558,0.72202,0.06601,0.98013,0.97600,0.82139,0.00000,-0.01207,1.79935
3630,56,0,-0.83890,0.01973,1.0000,0.0000,0,1,2,0.1111,0.6154,1.0000,0.0000,0.0000,-0.98040,-0.97559,0.49444,0.05344,0.97958,0.97676,0.80887,0.00000,-0.01204,1.61603
3631,56,0,-0.83890,0.01973,1.0000,0.0000,0,1,2,0.1111,0.6154,1.0000,0.0000,0.0000,-0.98040,-0.97559,0.49444,0.05344,0.97958,0.97676,0.80887,0.00000,-0.01204,1.61603
3632,56,0,-0.83890,0.01973,1.0000,0.0000,0,1,2,0.1111,0.6154,1.0000,0.0000,0.0000,-0.98040,-0.97559,0.49444,0.05344,0.97958,0.97676,0.80887,0.00000,-0.01204,1.61603
3633,56,0,-0.83890,0.01973,1.0000,0.0000,0,1,2,0.1111,0.6154,1.0000,0.0000,0.0000,-0.98040,-0.97559,0.49444,0.05344,0.97958,0.97676,0.80887,0.00000,-0.01204,1.61603
3634,56,0,-0.83890,0.01973,1.0000,0.0000,0,1,2,0.1111,0.6154,1.0000,0.0000,0.0000,-0.98040,-0.97559,0.49444,0.05344,0.97958,0.97676,0.80887,0.00000,-0.01204,1.61603
3635,56,0,-0.83890,0.01973,1.0000,0.0000,0,1,2,0.1111,0.6154,1.0000,0.0000,0.0000,-0.98040,-0.97559,0.49444,0.05344,0.97958,0.97676,0.80887,0.00000,-0.01204,1.61603
3636,56,0,-0.87858,0.01178,1.0000,0.0000,0,1,6,0.1104,0.6154,1.0000,0.0000,0.0000,-0.98050,-0.97545,-0.80205,0.00011,0.97572,0.98032,0.80755,0.00000,-0.01262,1.59812
3637,56,0,-0.87858,0.01178,1.0000,0.0000,0,1,6,0.1104,0.6154,1.0000,0.0000,0.0000,-0.98050,-0.97545,-0.80205,0.00011,0.97572,0.98032,0.80755,0.00000,-0.01262,1.59812
3638,56,0,-0.87858,0.01178,1.0000,0.0000,0,1,6,0.1104,0.6154,1.0000,0.0000,0.0000,-0.98050,-0.97545,-0.80205,0.00011,0.97572,0.98032,0.80755,0.00000,-0.01262,1.59812
3639,56,0,-0.87858,0.01178,1.0000,0.0000,0,1,6,0.1104,0.6154,1.0000,0.0000,0.0000,-0.98050,-0.97545,-0.80205,0.00011,0.97572,0.98032,0.80755,0.00000,-0.01262,1.59812
3640,56,0,-0.87858,0.01178,1.0000,0.0000,0,1,6,0.1104,0.6154,1.0000,0.0000,0.0000,-0.98050,-0.97545,-0.80205,0.00011,0.97572,0.98032,0.80755,0.00000,-0.01262,1.59812
3641,56,0,-0.87858,0.01178,1.0000,0.0000,0,1,6,0.1104,0.6154,1.0000,0.0000,0.0000,-0.98050,-0.97545,-0.80205,0.00011,0.97572,0.98032,0.80755,0.00000,-0.01262,1.59812
3642,56,0,-0.96116,0.00565,1.0000,0.0000,0,1,6,0.1078,0.0000,0.0000,0.0000,0.0000,-0.98068,-0.97514,-0.69776,0.00000,0.97608,0.98007,0.82063,0.00000,-0.01384,1.78756
3643,56,0,-0.96116,0.00565,1.0000,0.0000,0,1,6,0.1078,0.0000,0.0000,0.0000,0.0000,-0.98068,-0.97514,-0.69776,0.00000,0.97608,0.98007,0.82063,0.00000,-0.01384,1.78756
3644,56,0,-0.96116,0.00565,1.0000,0.0000,0,1,6,0.1078,0.0000,0.0000,0.0000,0.0000,-0.98068,-0.97514,-0.69776,0.00000,0.97608,0.98007,0.82063,0.00000,-0.01384,1.78756
3645,56,0,-0.96116,0.00565,1.0000,0.0000,0,1,6,0.1078,0.0000,0.0000,0.0000,0.0000,-0.98068,-0.97514,-0.69776,0.00000,0.97608,0.98007,0.82063,0.00000,-0.01384,1.78756
3646,56,0,-0.96116,0.00565,1.0000,0.0000,0,1,6,0.1078,0.0000,0.0000,0.0000,0.0000,-0.98068,-0.97514,-0.69776,0.00000,0.97608,0.98007,0.82063,0.00000,-0.01384,1.78756
3647,56,0,-0.96116,0.00565,1.0000,0.0000,0,1,6,0.1078,0.0000,0.0000,0.0000,0.0000,-0.98068,-0.97514,-0.69776,0.00000,0.97608,0.98007,0.82063,0.00000,-0.01384,1.78756
3648,56,0,-0.97097,0.00287,1.0000,0.0000,0,1,6,0.1052,0.0000,0.0000,0.0000,0.0000,-0.98070,-0.97511,-0.55009,0.00000,0.97658,0.97972,0.82105,0.00000,-0.01399,1.79411
3649,56,0,-0.97097,0.00287,1.0000,0.0000,0,1,6,0.1052,0.0000,0.0000,0.0000,0.0000,-0.98070,-0.97511,-0.55009,0.00000,0.97658,0.97972,0.82105,0.00000,-0.01399,1.79411
3650,56,0,-0.97097,0.00287,1.0000,0.0000,0,1,6,0.1052,0.0000,0.0000,0.0000,0.0000,-0.98070,-0.97511,-0.55009,0.00000,0.97658,0.97972,0.82105,0.00000,-0.01399,1.79411
3651,56,0,-0.97097,0.00287,1.0000,0.0000,0,1,6,0.1052,0.0000,0.0000,0.0000,0.0000,-0.98070,-0.97511,-0.55009,0.00000,0.97658,0.97972,0.82105,0.00000,-0.01399,1.79411
3652,56,0,-0.97097,0.00287,1.0000,0.0000,0,1,6,0.1052,0.0000,0.0000,0.0000,0.0000,-0.98070,-0.97511,-0.55009,0.00000,0.97658,0.97972,0.82105,0.00000,-0.01399,1.79411
3653,56,0,-0.97097,0.00287,1.0000,0.0000,0,1,6,0.1052,0.0000,0.0000,0.0000,0.0000,-0.98070,-0.97511,-0.55009,0.00000,0.97658,0.97972,0.82105,0.00000,-0.01399,1.79411
3654,56,0,-0.84457,0.02564,1.0000,0.0000,0,1,2,0.1045,0.0000,0.0000,0.0000,0.0000,-0.98042,-0.97557,0.81579,0.06438,0.98035,0.97567,0.82249,0.00000,-0.01212,1.81673
3655,56,0,-0.84457,0.02564,1.0000,0.0000,0,1,2,0.1045,0.0000,0.0000,0.0000,0.0000,-0.98042,-0.97557,0.81579,0.06438,0.98035,0.97567,0.82249,0.00000,-0.01212,1.81673
3656,56,0,-0.84457,0.02564,1.0000,0.0000,0,1,2,0.1045,0.0000,0.0000,0.0000,0.0000,-0.98042,-0.97557,0.81579,0.06438,0.98035,0.97567,0.82249,0.00000,-0.01212,1.81673
3657,56,0,-0.84457,0.02564,1.0000,0.0000,0,1,2,0.1045,0.0000,0.0000,0.0000,0.0000,-0.98042,-0.97557,0.81579,0.06438,0.98035,0.97567,0.82249,0.00000,-0.01212,1.81673
3658,56,0,-0.84457,0.02564,1.0000,0.0000,0,1,2,0.1045,0.0000,0.0000,0.0000,0.0000,-0.98042,-0.97557,0.81579,0.06438,0.98035,0.97567,0.82249,0.00000,-0.01212,1.81673
3659,56,0,-0.84457,0.02564,1.0000,0.0000,0,1,2,0.1045,0.0000,0.0000,0.0000,0.0000,-0.98042,-0.97557,0.81579,0.06438,0.98035,0.97567,0.82249,0.00000,-0.01212,1.81673
3660,56,0,-0.82111,0.02554,1.0000,0.0000,0,1,2,0.1038,0.0000,0.0000,0.0000,0.0001,-0.98036,-0.97565,0.83978,0.07532,0.98041,0.97559,0.82261,0.00000,-0.01178,1.81872
3661,56,0,-0.82111,0.02554,1.0000,0.0000,0,1,2,0.1038,0.0000,0.0000,0.0000,0.0001,-0.98036,-0.97565,0.83978,0.07532,0.98041,0.97559,0.82261,0.00000,-0.01178,1.81872
3662,56,0,-0.82111,0.02554,1.0000,0.0000,0,1,2,0.1038,0.0000,0.0000,0.0000,0.0001,-0.98036,-0.97565,0.83978,0.07532,0.98041,0.97559,0.82261,0.00000,-0.01178,1.81872
3663,56,0,-0.82111,0.02554,1.0000,0.0000,0,1,2,0.1038,0.0000,0.0000,0.0000,0.0001,-0.98036,-0.97565,0.83978,0.07532,0.98041,0.97559,0.82261,0.00000,-0.01178,1.81872
3664,56,0,-0.82111,0.02554,1.0000,0.0000,0,1,2,0.1038,0.0000,0.0000,0.0000,0.0001,-0.98036,-0.97565,0.83978,0.07532,0.98041,0.97559,0.82261,0.00000,-0.01178,1.81872
3665,56,0,-0.82111,0.02554,1.0000,0.0000,0,1,2,0.1038,0.0000,0.0000,0.0000,0.0001,-0.98036,-0.97565,0.83978,0.07532,0.98041,0.97559,0.82261,0.00000,-0.01178,1.81872
3666,56,0,-0.82111,0.02554,1.0000,0.0000,0,1,2,0.1032,0.1250,0.0000,0.0000,0.0002,-0.98036,-0.97565,0.83978,0.07532,0.98041,0.97559,0.82031,0.00000,-0.01178,1.78260
3667,56,0,-0.82111,0.02554,1.0000,0.0000,0,1,2,0.1032,0.1250,0.0000,0.0000,0.0002,-0.98036,-0.97565,0.83978,0.07532,0.98041,0.97559,0.82031,0.00000,-0.01178,1.78260
3668,56,0,-0.82111,0.02554,1.0000,0.0000,0,1,2,0.1032,0.1250,0.0000,0.0000,0.0002,-0.98036,-0.97565,0.83978,0.07532,0.98041,0.97559,0.82031,0.00000,-0.01178,1.78260
3669,56,0,-0.82111,0.02554,1.0000,0.0000,0,1,2,0.1032,0.1250,0.0000,0.0000,0.0002,-0.98036,-0.97565,0.83978,0.07532,0.98041,0.97559,0.82031,0.00000,-0.01178,1.78260
3670,56,0,-0.82111,0.02554,1.0000,0.0000,0,1,2,0.1032,0.1250,0.0000,0.0000,0.0002,-0.98036,-0.97565,0.83978,0.07532,0.98041,0.97559,0.82031,0.00000,-0.01178,1.78260
3671,56,0,-0.82111,0.02554,1.0000,0.0000,0,1,2,0.1032,0.1250,0.0000,0.0000,0.0002,-0.98036,-0.97565,0.83978,0.07532,0.98041,0.97559,0.82031,0.00000,-0.01178,1.78260
3672,56,0,-0.86517,0.02185,1.0000,0.0000,0,1,2,0.1006,0.2500,0.0000,0.0000,0.0000,-0.98047,-0.97550,0.73152,0.06880,0.98015,0.97597,0.81799,0.00000,-0.01242,1.74705
3673,56,0,-0.86517,0.02185,1.0000,0.0000,0,1,2,0.1006,0.2500,0.0000,0.0000,0.0000,-0.98047,-0.97550,0.73152,0.06880,0.98015,0.97597,0.81799,0.00000,-0.01242,1.74705
3674,56,0,-0.86517,0.02185,1.0000,0.0000,0,1,2,0.1006,0.2500,0.0000,0.0000,0.0000,-0.98047,-0.97550,0.73152,0.06880,0.98015,0.97597,0.81799,0.00000,-0.01242,1.74705
3675,56,0,-0.86517,0.02185,1.0000,0.0000,0,1,2,0.1006,0.2500,0.0000,0.0000,0.0000,-0.98047,-0.97550,0.73152,0.06880,0.98015,0.97597,0.81799,0.00000,-0.01242,1.74705
3676,56,0,-0.86517,0.02185,1.0000,0.0000,0,1,2,0.1006,0.2500,0.0000,0.0000,0.0000,-0.98047,-0.97550,0.73152,0.06880,0.98015,0.97597,0.81799,0.00000,-0.01242,1.74705
3677,56,0,-0.86517,0.02185,1.0000,0.0000,0,1,2,0.1006,0.2500,0.0000,0.0000,0.0000,-0.98047,-0.97550,0.73152,0.06880,0.98015,0.97597,0.81799,0.00000,-0.01242,1.74705
3678,56,0,-0.95329,0.00592,1.0000,0.0000,0,1,6,0.0999,0.2500,0.0000,0.0000,0.0000,-0.98067,-0.97517,-0.69776,0.00000,0.97608,0.98007,0.81662,0.00000,-0.01373,1.72652
3679,56,0,-0.95329,0.00592,1.0000,0.0000,0,1,6,0.0999,0.2500,0.0000,0.0000,0.0000,-0.98067,-0.97517,-0.69776,0.00000,0.97608,0.98007,0.81662,0.00000,-0.01373,1.72652
3680,56,0,-0.95329,0.00592,1.0000,0.0000,0,1,6,0.0999,0.2500,0.0000,0.0000,0.0000,-0.98067,-0.97517,-0.69776,0.00000,0.97608,0.98007,0.81662,0.00000,-0.01373,1.72652
3681,56,0,-0.95329,0.00592,1.0000,0.0000,0,1,6,0.0999,0.2500,0.0000,0.0000,0.0000,-0.98067,-0.97517,-0.69776,0.00000,0.97608,0.98007,0.81662,0.00000,-0.01373,1.72652
3682,56,0,-0.95329,0.00592,1.0000,0.0000,0,1,6,0.0999,0.2500,0.0000,0.0000,0.0000,-0.98067,-0.97517,-0.69776,0.00000,0.97608,0.98007,0.81662,0.00000,-0.01373,1.72652
3683,56,0,-0.95329,0.00592,1.0000,0.0000,0,1,6,0.0999,0.2500,0.0000,0.0000,0.0000,-0.98067,-0.97517,-0.69776,0.00000,0.97608,0.98007,0.81662,0.00000,-0.01373,1.72652
3684,56,0,-0.96730,0.00302,1.0000,0.0000,0,1,6,0.0973,0.1250,0.0000,0.0000,0.0000,-0.98070,-0.97512,-0.55009,0.00000,0.97658,0.97972,0.81952,0.00000,-0.01394,1.77046
3685,56,0,-0.96730,0.00302,1.0000,0.0000,0,1,6,0.0973,0.1250,0.0000,0.0000,0.0000,-0.98070,-0.97512,-0.55009,0.00000,0.97658,0.97972,0.81952,0.00000,-0.01394,1.77046
3686,56,0,-0.96730,0.00302,1.0000,0.0000,0,1,6,0.0973,0.1250,0.0000,0.0000,0.0000,-0.98070,-0.97512,-0.55009,0.00000,0.97658,0.97972,0.81952,0.00000,-0.01394,1.77046
3687,56,0,-0.96730,0.00302,1.0000,0.0000,0,1,6,0.0973,0.1250,0.0000,0.0000,0.0000,-0.98070,-0.97512,-0.55009,0.00000,0.97658,0.97972,0.81952,0.00000,-0.01394,1.77046
3688,56,0,-0.96730,0.00302,1.0000,0.0000,0,1,6,0.0973,0.1250,0.0000,0.0000,0.0000,-0.98070,-0.97512,-0.55009,0.00000,0.97658,0.97972,0.81952,0.00000,-0.01394,1.77046
3689,56,0,-0.96730,0.00302,1.0000,0.0000,0,1,6,0.0973,0.1250,0.0000,0.0000,0.0000,-0.98070,-0.97512,-0.55009,0.00000,0.97658,0.97972,0.81952,0.00000,-0.01394,1.77046
3690,56,0,-0.96730,0.00302,1.0000,0.0000,0,1,6,0.0966,0.2500,0.0000,0.0000,0.0000,-0.98070,-0.97512,-0.55009,0.00000,0.97658,0.97972,0.81713,0.00000,-0.01394,1.73417
3691,56,0,-0.96730,0.00302,1.0000,0.0000,0,1,6,0.0966,0.2500,0.0000,0.0000,0.0000,-0.98070,-0.97512,-0.55009,0.00000,0.97658,0.97972,0.81713,0.00000,-0.01394,1.73417
3692,56,0,-0.96730,0.00302,1.0000,0.0000,0,1,6,0.0966,0.2500,0.0000,0.0000,0.0000,-0.98070,-0.97512,-0.55009,0.00000,0.97658,0.97972,0.81713,0.00000,-0.01394,1.73417
3693,56,0,-0.96730,0.00302,1.0000,0.0000,0,1,6,0.0966,0.2500,0.0000,0.0000,0.0000,-0.98070,-0.97512,-0.55009,0.00000,0.97658,0.97972,0.81713,0.00000,-0.01394,1.73417
3694,56,0,-0.96730,0.00302,1.0000,0.0000,0,1,6,0.0966,0.2500,0.0000,0.0000,0.0000,-0.98070,-0.97512,-0.55009,0.00000,0.97658,0.97972,0.81713,0.00000,-0.01394,1.73417
3695,56,0,-0.96730,0.00302,1.0000,0.0000,0,1,6,0.0966,0.2500,0.0000,0.0000,0.0000,-0.98070,-0.97512,-0.55009,0.00000,0.97658,0.97972,0.81713,0.00000,-0.01394,1.73417
3696,56,0,-0.96528,0.00150,1.0000,0.0000,0,1,6,0.0940,0.1250,0.0000,0.0000,0.0000,-0.98069,-0.97513,-0.38609,0.00000,0.97711,0.97930,0.82005,0.00000,-0.01391,1.77855
3697,56,0,-0.96528,0.00150,1.0000,0.0000,0,1,6,0.0940,0.1250,0.0000,0.0000,0.0000,-0.98069,-0.97513,-0.38609,0.00000,0.97711,0.97930,0.82005,0.00000,-0.01391,1.77855
3698,56,0,-0.96528,0.00150,1.0000,0.0000,0,1,6,0.0940,0.1250,0.0000,0.0000,0.0000,-0.98069,-0.97513,-0.38609,0.00000,0.97711,0.97930,0.82005,0.00000,-0.01391,1.77855
3699,56,0,-0.96528,0.00150,1.0000,0.0000,0,1,6,0.0940,0.1250,0.0000,0.0000,0.0000,-0.98069,-0.97513,-0.38609,0.00000,0.97711,0.97930,0.82005,0.00000,-0.01391,1.77855
3700,56,0,-0.96528,0.00150,1.0000,0.0000,0,1,6,0.0940,0.1250,0.0000,0.0000,0.0000,-0.98069,-0.97513,-0.38609,0.00000,0.97711,0.97930,0.82005,0.00000,-0.01391,1.77855
3701,56,0,-0.96528,0.00150,1.0000,0.0000,0,1,6,0.0940,0.1250,0.0000,0.0000,0.0000,-0.98069,-0.97513,-0.38609,0.00000,0.97711,0.97930,0.82005,0.00000,-0.01391,1.77855
3702,56,0,-0.96528,0.00150,1.0000,0.0000,0,1,6,0.0934,0.1250,0.0000,0.0000,0.0000,-0.98069,-0.97513,-0.38609,0.00000,0.97711,0.97930,0.82013,0.00000,-0.01391,1.77976
3703,56,0,-0.96528,0.00150,1.0000,0.0000,0,1,6,0.0934,0.1250,0.0000,0.0000,0.0000,-0.98069,-0.97513,-0.38609,0.00000,0.97711,0.97930,0.82013,0.00000,-0.01391,1.77976
3704,56,0,-0.96528,0.00150,1.0000,0.0000,0,1,6,0.0934,0.1250,0.0000,0.0000,0.0000,-0.98069,-0.97513,-0.38609,0.00000,0.97711,0.97930,0.82013,0.00000,-0.01391,1.77976
3705,56,0,-0.96528,0.00150,1.0000,0.0000,0,1,6,0.0934,0.1250,0.0000,0.0000,0.0000,-0.98069,-0.97513,-0.38609,0.00000,0.97711,0.97930,0.82013,0.00000,-0.01391,1.77976
3706,56,0,-0.96528,0.00150,1.0000,0.0000,0,1,6,0.0934,0.1250,0.0000,0.0000,0.0000,-0.98069,-0.97513,-0.38609,0.00000,0.97711,0.97930,0.82013,0.00000,-0.01391,1.77976
3707,56,0,-0.96528,0.00150,1.0000,0.0000,0,1,6,0.0934,0.1250,0.0000,0.0000,0.0000,-0.98069,-0.97513,-0.38609,0.00000,0.97711,0.97930,0.82013,0.00000,-0.01391,1.77976
3708,56,0,-0.96041,0.00151,1.0000,0.0000,0,1,6,0.0927,0.1250,0.0000,0.0000,0.0001,-0.98068,-0.97515,-0.38609,0.00000,0.97711,0.97930,0.82022,0.00000,-0.01383,1.78113
3709,56,0,-0.96041,0.00151,1.0000,0.0000,0,1,6,0.0927,0.1250,0.0000,0.0000,0.0001,-0.98068,-0.97515,-0.38609,0.00000,0.97711,0.97930,0.82022,0.00000,-0.01383,1.78113
3710,56,0,-0.96041,0.00151,1.0000,0.0000,0,1,6,0.0927,0.1250,0.0000,0.0000,0.0001,-0.98068,-0.97515,-0.38609,0.00000,0.97711,0.97930,0.82022,0.00000,-0.01383,1.78113
3711,56,0,-0.96041,0.00151,1.0000,0.0000,0,1,6,0.0927,0.1250,0.0000,0.0000,0.0001,-0.98068,-0.97515,-0.38609,0.00000,0.97711,0.97930,0.82022,0.00000,-0.01383,1.78113
3712,56,0,-0.96041,0.00151,1.0000,0.0000,0,1,6,0.0927,0.1250,0.0000,0.0000,0.0001,-0.98068,-0.97515,-0.38609,0.00000,0.97711,0.97930,0.82022,0.00000,-0.01383,1.78113
3713,56,0,-0.96041,0.00151,1.0000,0.0000,0,1,6,0.0927,0.1250,0.0000,0.0000,0.0001,-0.98068,-0.97515,-0.38609,0.00000,0.97711,0.97930,0.82022,0.00000,-0.01383,1.78113
3714,56,0,-0.66979,0.03197,1.0000,0.0000,0,1,2,0.0920,0.0000,0.0000,0.0000,0.0002,-0.98001,-0.97618,0.86846,0.06069,0.98047,0.97548,0.82408,0.00000,-0.00957,1.84223
3715,56,0,-0.66979,0.03197,1.0000,0.0000,0,1,2,0.0920,0.0000,0.0000,0.0000,0.0002,-0.98001,-0.97618,0.86846,0.06069,0.98047,0.97548,0.82408,0.00000,-0.00957,1.84223
3716,56,0,-0.66979,0.03197,1.0000,0.0000,0,1,2,0.0920,0.0000,0.0000,0.0000,0.0002,-0.98001,-0.97618,0.86846,0.06069,0.98047,0.97548,0.82408,0.00000,-0.00957,1.84223
3717,56,0,-0.66979,0.03197,1.0000,0.0000,0,1,2,0.0920,0.0000,0.0000,0.0000,0.0002,-0.98001,-0.97618,0.86846,0.06069,0.98047,0.97548,0.82408,0.00000,-0.00957,1.84223
3718,56,0,-0.66979,0.03197,1.0000,0.0000,0,1,2,0.0920,0.0000,0.0000,0.0000,0.0002,-0.98001,-0.97618,0.86846,0.06069,0.98047,0.97548,0.82408,0.00000,-0.00957,1.84223
3719,56,0,-0.66979,0.03197,1.0000,0.0000,0,1,2,0.0920,0.0000,0.0000,0.0000,0.0002,-0.98001,-0.97618,0.86846,0.06069,0.98047,0.97548,0.82408,0.00000,-0.00957,1.84223
3720,56,0,-0.63332,0.03233,1.0000,0.0000,0,1,2,0.0914,0.0000,0.0000,0.0000,0.0004,-0.97992,-0.97630,0.88698,0.07167,0.98052,0.97542,0.82422,0.00000,-0.00904,1.84449
3721,56,0,-0.63332,0.03233,1.0000,0.0000,0,1,2,0.0914,0.0000,0.0000,0.0000,0.0004,-0.97992,-0.97630,0.88698,0.07167,0.98052,0.97542,0.82422,0.00000,-0.00904,1.84449
3722,56,0,-0.63332,0.03233,1.0000,0.0000,0,1,2,0.0914,0.0000,0.0000,0.0000,0.0004,-0.97992,-0.97630,0.88698,0.07167,0.98052,0.97542,0.82422,0.00000,-0.00904,1.84449
3723,56,0,-0.63332,0.03233,1.0000,0.0000,0,1,2,0.0914,0.0000,0.0000,0.0000,0.0004,-0.97992,-0.97630,0.88698,0.07167,0.98052,0.97542,0.82422,0.00000,-0.00904,1.84449
3724,56,0,-0.63332,0.03233,1.0000,0.0000,0,1,2,0.0914,0.0000,0.0000,0.0000,0.0004,-0.97992,-0.97630,0.88698,0.07167,0.98052,0.97542,0.82422,0.00000,-0.00904,1.84449
3725,56,0,-0.63332,0.03233,1.0000,0.0000,0,1,2,0.0914,0.0000,0.0000,0.0000,0.0004,-0.97992,-0.97630,0.88698,0.07167,0.98052,0.97542,0.82422,0.00000,-0.00904,1.84449
3726,56,0,-0.63332,0.03233,1.0000,0.0000,0,1,2,0.0907,0.0000,0.0000,0.0000,0.0007,-0.97992,-0.97630,0.88698,0.07167,0.98052,0.97542,0.82432,0.00000,-0.00904,1.84603
3727,56,0,-0.63332,0.03233,1.0000,0.0000,0,1,2,0.0907,0.0000,0.0000,0.0000,0.0007,-0.97992,-0.97630,0.88698,0.07167,0.98052,0.97542,0.82432,0.00000,-0.00904,1.84603
3728,56,0,-0.63332,0.03233,1.0000,0.0000,0,1,2,0.0907,0.0000,0.0000,0.0000,0.0007,-0.97992,-0.97630,0.88698,0.07167,0.98052,0.97542,0.82432,0.00000,-0.00904,1.84603
3729,56,0,-0.63332,0.03233,1.0000,0.0000,0,1,2,0.0907,0.0000,0.0000,0.0000,0.0007,-0.97992,-0.97630,0.88698,0.07167,0.98052,0.97542,0.82432,0.00000,-0.00904,1.84603
3730,56,0,-0.63332,0.03233,1.0000,0.0000,0,1,2,0.0907,0.0000,0.0000,0.0000,0.0007,-0.97992,-0.97630,0.88698,0.07167,0.98052,0.97542,0.82432,0.00000,-0.00904,1.84603
3731,56,0,-0.63332,0.03233,1.0000,0.0000,0,1,2,0.0907,0.0000,0.0000,0.0000,0.0007,-0.97992,-0.97630,0.88698,0.07167,0.98052,0.97542,0.82432,0.00000,-0.00904,1.84603
3732,56,0,-0.79725,0.02641,1.0000,0.0000,0,1,2,0.0881,0.0000,0.0000,0.0000,0.0000,-0.98031,-0.97574,0.83415,0.07247,0.98039,0.97561,0.82434,0.00000,-0.01143,1.84638
3733,56,0,-0.79725,0.02641,1.0000,0.0000,0,1,2,0.0881,0.0000,0.0000,0.0000,0.0000,-0.98031,-0.97574,0.83415,0.07247,0.98039,0.97561,0.82434,0.00000,-0.01143,1.84638
3734,56,0,-0.79725,0.02641,1.0000,0.0000,0,1,2,0.0881,0.0000,0.0000,0.0000,0.0000,-0.98031,-0.97574,0.83415,0.07247,0.98039,0.97561,0.82434,0.00000,-0.01143,1.84638
3735,56,0,-0.79725,0.02641,1.0000,0.0000,0,1,2,0.0881,0.0000,0.0000,0.0000,0.0000,-0.98031,-0.97574,0.83415,0.07247,0.98039,0.97561,0.82434,0.00000,-0.01143,1.84638
3736,56,0,-0.79725,0.02641,1.0000,0.0000,0,1,2,0.0881,0.0000,0.0000,0.0000,0.0000,-0.98031,-0.97574,0.83415,0.07247,0.98039,0.97561,0.82434,0.00000,-0.01143,1.84638
3737,56,0,-0.79725,0.02641,1.0000,0.0000,0,1,2,0.0881,0.0000,0.0000,0.0000,0.0000,-0.98031,-0.97574,0.83415,0.07247,0.98039,0.97561,0.82434,0.00000,-0.01143,1.84638
3738,56,0,-0.84060,0.02138,1.0000,0.0000,0,1,2,0.0855,0.0000,0.0000,0.0000,0.0000,-0.98041,-0.97558,0.73152,0.06880,0.98015,0.97597,0.82449,0.00000,-0.01206,1.84878
3739,56,0,-0.84060,0.02138,1.0000,0.0000,0,1,2,0.0855,0.0000,0.0000,0.0000,0.0000,-0.98041,-0.97558,0.73152,0.06880,0.98015,0.97597,0.82449,0.00000,-0.01206,1.84878
3740,56,0,-0.84060,0.02138,1.0000,0.0000,0,1,2,0.0855,0.0000,0.0000,0.0000,0.0000,-0.98041,-0.97558,0.73152,0.06880,0.98015,0.97597,0.82449,0.00000,-0.01206,1.84878
3741,56,0,-0.84060,0.02138,1.0000,0.0000,0,1,2,0.0855,0.0000,0.0000,0.0000,0.0000,-0.98041,-0.97558,0.73152,0.06880,0.98015,0.97597,0.82449,0.00000,-0.01206,1.84878
3742,56,0,-0.84060,0.02138,1.0000,0.0000,0,1,2,0.0855,0.0000,0.0000,0.0000,0.0000,-0.98041,-0.97558,0.73152,0.06880,0.98015,0.97597,0.82449,0.00000,-0.01206,1.84878
3743,56,0,-0.84060,0.02138,1.0000,0.0000,0,1,2,0.0855,0.0000,0.0000,0.0000,0.0000,-0.98041,-0.97558,0.73152,0.06880,0.98015,0.97597,0.82449,0.00000,-0.01206,1.84878
3744,56,0,-0.81488,0.01671,1.0000,0.0000,0,1,2,0.0829,0.6154,1.0000,0.0000,0.0000,-0.98035,-0.97568,0.49444,0.05344,0.97958,0.97676,0.81243,0.00000,-0.01168,1.66564
3745,56,0,-0.81488,0.01671,1.0000,0.0000,0,1,2,0.0829,0.6154,1.0000,0.0000,0.0000,-0.98035,-0.97568,0.49444,0.05344,0.97958,0.97676,0.81243,0.00000,-0.01168,1.66564
3746,56,0,-0.81488,0.01671,1.0000,0.0000,0,1,2,0.0829,0.6154,1.0000,0.0000,0.0000,-0.98035,-0.97568,0.49444,0.05344,0.97958,0.97676,0.81243,0.00000,-0.01168,1.66564
3747,56,0,-0.81488,0.01671,1.0000,0.0000,0,1,2,0.0829,0.6154,1.0000,0.0000,0.0000,-0.98035,-0.97568,0.49444,0.05344,0.97958,0.97676,0.81243,0.00000,-0.01168,1.66564
3748,56,0,-0.81488,0.01671,1.0000,0.0000,0,1,2,0.0829,0.6154,1.0000,0.0000,0.0000,-0.98035,-0.97568,0.49444,0.05344,0.97958,0.97676,0.81243,0.00000,-0.01168,1.66564
3749,56,0,-0.81488,0.01671,1.0000,0.0000,0,1,2,0.0829,0.6154,1.0000,0.0000,0.0000,-0.98035,-0.97568,0.49444,0.05344,0.97958,0.97676,0.81243,0.00000,-0.01168,1.66564
3750,56,0,-0.84945,0.01294,1.0000,0.0000,0,1,6,0.0822,0.6154,1.0000,0.0000,0.0000,-0.98043,-0.97555,-0.80191,0.00011,0.97572,0.98032,0.81116,0.00000,-0.01219,1.64781
3751,56,0,-0.84945,0.01294,1.0000,0.0000,0,1,6,0.0822,0.6154,1.0000,0.0000,0.0000,-0.98043,-0.97555,-0.80191,0.00011,0.97572,0.98032,0.81116,0.00000,-0.01219,1.64781
3752,56,0,-0.84945,0.01294,1.0000,0.0000,0,1,6,0.0822,0.6154,1.0000,0.0000,0.0000,-0.98043,-0.97555,-0.80191,0.00011,0.97572,0.98032,0.81116,0.00000,-0.01219,1.64781
3753,56,0,-0.84945,0.01294,1.0000,0.0000,0,1,6,0.0822,0.6154,1.0000,0.0000,0.0000,-0.98043,-0.97555,-0.80191,0.00011,0.97572,0.98032,0.81116,0.00000,-0.01219,1.64781
3754,56,0,-0.84945,0.01294,1.0000,0.0000,0,1,6,0.0822,0.6154,1.0000,0.0000,0.0000,-0.98043,-0.97555,-0.80191,0.00011,0.97572,0.98032,0.81116,0.00000,-0.01219,1.64781
3755,56,0,-0.84945,0.01294,1.0000,0.0000,0,1,6,0.0822,0.6154,1.0000,0.0000,0.0000,-0.98043,-0.97555,-0.80191,0.00011,0.97572,0.98032,0.81116,0.00000,-0.01219,1.64781
3756,56,0,-0.83269,0.01303,1.0000,0.0000,0,1,6,0.0816,0.6154,1.0000,0.0000,0.0001,-0.98039,-0.97561,-0.80205,0.00011,0.97572,0.98032,0.81127,0.00000,-0.01195,1.64935
3757,56,0,-0.83269,0.01303,1.0000,0.0000,0,1,6,0.0816,0.6154,1.0000,0.0000,0.0001,-0.98039,-0.97561,-0.80205,0.00011,0.97572,0.98032,0.81127,0.00000,-0.01195,1.64935
3758,56,0,-0.83269,0.01303,1.0000,0.0000,0,1,6,0.0816,0.6154,1.0000,0.0000,0.0001,-0.98039,-0.97561,-0.80205,0.00011,0.97572,0.98032,0.81127,0.00000,-0.01195,1.64935
3759,56,0,-0.83269,0.01303,1.0000,0.0000,0,1,6,0.0816,0.6154,1.0000,0.0000,0.0001,-0.98039,-0.97561,-0.80205,0.00011,0.97572,0.98032,0.81127,0.00000,-0.01195,1.64935
3760,56,0,-0.83269,0.01303,1.0000,0.0000,0,1,6,0.0816,0.6154,1.0000,0.0000,0.0001,-0.98039,-0.97561,-0.80205,0.00011,0.97572,0.98032,0.81127,0.00000,-0.01195,1.64935
3761,56,0,-0.83269,0.01303,1.0000,0.0000,0,1,6,0.0816,0.6154,1.0000,0.0000,0.0001,-0.98039,-0.97561,-0.80205,0.00011,0.97572,0.98032,0.81127,0.00000,-0.01195,1.64935
3762,56,0,-0.83269,0.01303,1.0000,0.0000,0,1,6,0.0809,0.6154,1.0000,0.0000,0.0002,-0.98039,-0.97561,-0.80205,0.00011,0.97572,0.98032,0.81137,0.00000,-0.01195,1.65073
3763,56,0,-0.83269,0.01303,1.0000,0.0000,0,1,6,0.0809,0.6154,1.0000,0.0000,0.0002,-0.98039,-0.97561,-0.80205,0.00011,0.97572,0.98032,0.81137,0.00000,-0.01195,1.65073
3764,56,0,-0.83269,0.01303,1.0000,0.0000,0,1,6,0.0809,0.6154,1.0000,0.0000,0.0002,-0.98039,-0.97561,-0.80205,0.00011,0.97572,0.98032,0.81137,0.00000,-0.01195,1.65073
3765,56,0,-0.83269,0.01303,1.0000,0.0000,0,1,6,0.0809,0.6154,1.0000,0.0000,0.0002,-0.98039,-0.97561,-0.80205,0.00011,0.97572,0.98032,0.81137,0.00000,-0.01195,1.65073
3766,56,0,-0.83269,0.01303,1.0000,0.0000,0,1,6,0.0809,0.6154,1.0000,0.0000,0.0002,-0.98039,-0.97561,-0.80205,0.00011,0.97572,0.98032,0.81137,0.00000,-0.01195,1.65073
3767,56,0,-0.83269,0.01303,1.0000,0.0000,0,1,6,0.0809,0.6154,1.0000,0.0000,0.0002,-0.98039,-0.97561,-0.80205,0.00011,0.97572,0.98032,0.81137,0.00000,-0.01195,1.65073
3768,56,0,-0.94198,0.00659,1.0000,0.0000,0,1,6,0.0783,0.0000,0.0000,0.0000,0.0000,-0.98064,-0.97522,-0.69776,0.00000,0.97608,0.98007,0.82391,0.00000,-0.01356,1.83945
3769,56,0,-0.94198,0.00659,1.0000,0.0000,0,1,6,0.0783,0.0000,0.0000,0.0000,0.0000,-0.98064,-0.97522,-0.69776,0.00000,0.97608,0.98007,0.82391,0.00000,-0.01356,1.83945
3770,56,0,-0.94198,0.00659,1.0000,0.0000,0,1,6,0.0783,0.0000,0.0000,0.0000,0.0000,-0.98064,-0.97522,-0.69776,0.00000,0.97608,0.98007,0.82391,0.00000,-0.01356,1.83945
3771,56,0,-0.94198,0.00659,1.0000,0.0000,0,1,6,0.0783,0.0000,0.0000,0.0000,0.0000,-0.98064,-0.97522,-0.69776,0.00000,0.97608,0.98007,0.82391,0.00000,-0.01356,1.83945
3772,56,0,-0.94198,0.00659,1.0000,0.0000,0,1,6,0.0783,0.0000,0.0000,0.0000,0.0000,-0.98064,-0.97522,-0.69776,0.00000,0.97608,0.98007,0.82391,0.00000,-0.01356,1.83945
3773,56,0,-0.94198,0.00659,1.0000,0.0000,0,1,6,0.0783,0.0000,0.0000,0.0000,0.0000,-0.98064,-0.97522,-0.69776,0.00000,0.97608,0.98007,0.82391,0.00000,-0.01356,1.83945
3774,56,0,-0.94198,0.00659,1.0000,0.0000,0,1,6,0.0776,0.0000,0.0000,0.0000,0.0000,-0.98064,-0.97522,-0.69776,0.00000,0.97608,0.98007,0.82398,0.00000,-0.01356,1.84066
3775,56,0,-0.94198,0.00659,1.0000,0.0000,0,1,6,0.0776,0.0000,0.0000,0.0000,0.0000,-0.98064,-0.97522,-0.69776,0.00000,0.97608,0.98007,0.82398,0.00000,-0.01356,1.84066
3776,56,0,-0.94198,0.00659,1.0000,0.0000,0,1,6,0.0776,0.0000,0.0000,0.0000,0.0000,-0.98064,-0.97522,-0.69776,0.00000,0.97608,0.98007,0.82398,0.00000,-0.01356,1.84066
3777,56,0,-0.94198,0.00659,1.0000,0.0000,0,1,6,0.0776,0.0000,0.0000,0.0000,0.0000,-0.98064,-0.97522,-0.69776,0.00000,0.97608,0.98007,0.82398,0.00000,-0.01356,1.84066
3778,56,0,-0.94198,0.00659,1.0000,0.0000,0,1,6,0.0776,0.0000,0.0000,0.0000,0.0000,-0.98064,-0.97522,-0.69776,0.00000,0.97608,0.98007,0.82398,0.00000,-0.01356,1.84066
3779,56,0,-0.94198,0.00659,1.0000,0.0000,0,1,6,0.0776,0.0000,0.0000,0.0000,0.0000,-0.98064,-0.97522,-0.69776,0.00000,0.97608,0.98007,0.82398,0.00000,-0.01356,1.84066
3780,56,0,-0.95892,0.00345,1.0000,0.0000,0,1,6,0.0750,0.0000,0.0000,0.0000,0.0000,-0.98068,-0.97515,-0.55009,0.00000,0.97658,0.97972,0.82438,0.00000,-0.01381,1.84707
3781,56,0,-0.95892,0.00345,1.0000,0.0000,0,1,6,0.0750,0.0000,0.0000,0.0000,0.0000,-0.98068,-0.97515,-0.55009,0.00000,0.97658,0.97972,0.82438,0.00000,-0.01381,1.84707
3782,56,0,-0.95892,0.00345,1.0000,0.0000,0,1,6,0.0750,0.0000,0.0000,0.0000,0.0000,-0.98068,-0.97515,-0.55009,0.00000,0.97658,0.97972,0.82438,0.00000,-0.01381,1.84707
3783,56,0,-0.95892,0.00345,1.0000,0.0000,0,1,6,0.0750,0.0000,0.0000,0.0000,0.0000,-0.98068,-0.97515,-0.55009,0.00000,0.97658,0.97972,0.82438,0.00000,-0.01381,1.84707
3784,56,0,-0.95892,0.00345,1.0000,0.0000,0,1,6,0.0750,0.0000,0.0000,0.0000,0.0000,-0.98068,-0.97515,-0.55009,0.00000,0.97658,0.97972,0.82438,0.00000,-0.01381,1.84707
3785,56,0,-0.95892,0.00345,1.0000,0.0000,0,1,6,0.0750,0.0000,0.0000,0.0000,0.0000,-0.98068,-0.97515,-0.55009,0.00000,0.97658,0.97972,0.82438,0.00000,-0.01381,1.84707
3786,56,0,-0.95892,0.00345,1.0000,0.0000,0,1,6,0.0743,0.0000,0.0000,0.0000,0.0000,-0.98068,-0.97515,-0.55009,0.00000,0.97658,0.97972,0.82446,0.00000,-0.01381,1.84828
3787,56,0,-0.95892,0.00345,1.0000,0.0000,0,1,6,0.0743,0.0000,0.0000,0.0000,0.0000,-0.98068,-0.97515,-0.55009,0.00000,0.97658,0.97972,0.82446,0.00000,-0.01381,1.84828
3788,56,0,-0.95892,0.00345,1.0000,0.0000,0,1,6,0.0743,0.0000,0.0000,0.0000,0.0000,-0.98068,-0.97515,-0.55009,0.00000,0.97658,0.97972,0.82446,0.00000,-0.01381,1.84828
3789,56,0,-0.95892,0.00345,1.0000,0.0000,0,1,6,0.0743,0.0000,0.0000,0.0000,0.0000,-0.98068,-0.97515,-0.55009,0.00000,0.97658,0.97972,0.82446,0.00000,-0.01381,1.84828
3790,56,0,-0.95892,0.00345,1.0000,0.0000,0,1,6,0.0743,0.0000,0.0000,0.0000,0.0000,-0.98068,-0.97515,-0.55009,0.00000,0.97658,0.97972,0.82446,0.00000,-0.01381,1.84828
3791,56,0,-0.95892,0.00345,1.0000,0.0000,0,1,6,0.0743,0.0000,0.0000,0.0000,0.0000,-0.98068,-0.97515,-0.55009,0.00000,0.97658,0.97972,0.82446,0.00000,-0.01381,1.84828
3792,56,0,-0.96269,0.00172,1.0000,0.0000,0,1,6,0.0717,0.0000,0.0000,0.0000,0.0000,-0.98069,-0.97514,-0.38609,0.00000,0.97711,0.97930,0.82487,0.00000,-0.01387,1.85510
3793,56,0,-0.96269,0.00172,1.0000,0.0000,0,1,6,0.0717,0.0000,0.0000,0.0000,0.0000,-0.98069,-0.97514,-0.38609,0.00000,0.97711,0.97930,0.82487,0.00000,-0.01387,1.85510
3794,56,0,-0.96269,0.00172,1.0000,0.0000,0,1,6,0.0717,0.0000,0.0000,0.0000,0.0000,-0.98069,-0.97514,-0.38609,0.00000,0.97711,0.97930,0.82487,0.00000,-0.01387,1.85510
3795,56,0,-0.96269,0.00172,1.0000,0.0000,0,1,6,0.0717,0.0000,0.0000,0.0000,0.0000,-0.98069,-0.97514,-0.38609,0.00000,0.97711,0.97930,0.82487,0.00000,-0.01387,1.85510
3796,56,0,-0.96269,0.00172,1.0000,0.0000,0,1,6,0.0717,0.0000,0.0000,0.0000,0.0000,-0.98069,-0.97514,-0.38609,0.00000,0.97711,0.97930,0.82487,0.00000,-0.01387,1.85510
3797,56,0,-0.96269,0.00172,1.0000,0.0000,0,1,6,0.0717,0.0000,0.0000,0.0000,0.0000,-0.98069,-0.97514,-0.38609,0.00000,0.97711,0.97930,0.82487,0.00000,-0.01387,1.85510
3798,56,0,-0.96269,0.00172,1.0000,0.0000,0,1,6,0.0711,0.0000,0.0000,0.0000,0.0000,-0.98069,-0.97514,-0.38609,0.00000,0.97711,0.97930,0.82495,0.00000,-0.01387,1.85631
3799,56,0,-0.96269,0.00172,1.0000,0.0000,0,1,6,0.0711,0.0000,0.0000,0.0000,0.0000,-0.98069,-0.97514,-0.38609,0.00000,0.97711,0.97930,0.82495,0.00000,-0.01387,1.85631
3800,56,0,-0.96269,0.00172,1.0000,0.0000,0,1,6,0.0711,0.0000,0.0000,0.0000,0.0000,-0.98069,-0.97514,-0.38609,0.00000,0.97711,0.97930,0.82495,0.00000,-0.01387,1.85631
3801,56,0,-0.96269,0.00172,1.0000,0.0000,0,1,6,0.0711,0.0000,0.0000,0.0000,0.0000,-0.98069,-0.97514,-0.38609,0.00000,0.97711,0.97930,0.82495,0.00000,-0.01387,1.85631
3802,56,0,-0.96269,0.00172,1.0000,0.0000,0,1,6,0.0711,0.0000,0.0000,0.0000,0.0000,-0.98069,-0.97514,-0.38609,0.00000,0.97711,0.97930,0.82495,0.00000,-0.01387,1.85631
3803,56,0,-0.96269,0.00172,1.0000,0.0000,0,1,6,0.0711,0.0000,0.0000,0.0000,0.0000,-0.98069,-0.97514,-0.38609,0.00000,0.97711,0.97930,0.82495,0.00000,-0.01387,1.85631
3804,56,0,-0.56943,0.04413,1.0000,0.0000,0,1,2,0.0704,0.1250,0.0000,0.0000,0.0001,-0.97976,-0.97652,0.87814,0.06601,0.98049,0.97545,0.82419,0.00000,-0.00812,1.84395
3805,56,0,-0.56943,0.04413,1.0000,0.0000,0,1,2,0.0704,0.1250,0.0000,0.0000,0.0001,-0.97976,-0.97652,0.87814,0.06601,0.98049,0.97545,0.82419,0.00000,-0.00812,1.84395
3806,56,0,-0.56943,0.04413,1.0000,0.0000,0,1,2,0.0704,0.1250,0.0000,0.0000,0.0001,-0.97976,-0.97652,0.87814,0.06601,0.98049,0.97545,0.82419,0.00000,-0.00812,1.84395
3807,56,0,-0.56943,0.04413,1.0000,0.0000,0,1,2,0.0704,0.1250,0.0000,0.0000,0.0001,-0.97976,-0.97652,0.87814,0.06601,0.98049,0.97545,0.82419,0.00000,-0.00812,1.84395
3808,56,0,-0.56943,0.04413,1.0000,0.0000,0,1,2,0.0704,0.1250,0.0000,0.0000,0.0001,-0.97976,-0.97652,0.87814,0.06601,0.98049,0.97545,0.82419,0.00000,-0.00812,1.84395
3809,56,0,-0.56943,0.04413,1.0000,0.0000,0,1,2,0.0704,0.1250,0.0000,0.0000,0.0001,-0.97976,-0.97652,0.87814,0.06601,0.98049,0.97545,0.82419,0.00000,-0.00812,1.84395
3810,56,0,-0.56943,0.04413,1.0000,0.0000,0,1,2,0.0697,0.1250,0.0000,0.0000,0.0002,-0.97976,-0.97652,0.87814,0.06601,0.98049,0.97545,0.82427,0.00000,-0.00812,1.84533
3811,56,0,-0.56943,0.04413,1.0000,0.0000,0,1,2,0.0697,0.1250,0.0000,0.0000,0.0002,-0.97976,-0.97652,0.87814,0.06601,0.98049,0.97545,0.82427,0.00000,-0.00812,1.84533
3812,56,0,-0.56943,0.04413,1.0000,0.0000,0,1,2,0.0697,0.1250,0.0000,0.0000,0.0002,-0.97976,-0.97652,0.87814,0.06601,0.98049,0.97545,0.82427,0.00000,-0.00812,1.84533
3813,56,0,-0.56943,0.04413,1.0000,0.0000,0,1,2,0.0697,0.1250,0.0000,0.0000,0.0002,-0.97976,-0.97652,0.87814,0.06601,0.98049,0.97545,0.82427,0.00000,-0.00812,1.84533
3814,56,0,-0.56943,0.04413,1.0000,0.0000,0,1,2,0.0697,0.1250,0.0000,0.0000,0.0002,-0.97976,-0.97652,0.87814,0.06601,0.98049,0.97545,0.82427,0.00000,-0.00812,1.84533
3815,56,0,-0.56943,0.04413,1.0000,0.0000,0,1,2,0.0697,0.1250,0.0000,0.0000,0.0002,-0.97976,-0.97652,0.87814,0.06601,0.98049,0.97545,0.82427,0.00000,-0.00812,1.84533
3816,56,0,-0.51953,0.04488,1.0000,0.0000,0,1,2,0.0691,0.1250,0.0000,0.0000,0.0004,-0.97964,-0.97668,0.87338,0.06329,0.98048,0.97547,0.82440,0.00000,-0.00740,1.84744
3817,56,0,-0.51953,0.04488,1.0000,0.0000,0,1,2,0.0691,0.1250,0.0000,0.0000,0.0004,-0.97964,-0.97668,0.87338,0.06329,0.98048,0.97547,0.82440,0.00000,-0.00740,1.84744
3818,56,0,-0.51953,0.04488,1.0000,0.0000,0,1,2,0.0691,0.1250,0.0000,0.0000,0.0004,-0.97964,-0.97668,0.87338,0.06329,0.98048,0.97547,0.82440,0.00000,-0.00740,1.84744
3819,56,0,-0.51953,0.04488,1.0000,0.0000,0,1,2,0.0691,0.1250,0.0000,0.0000,0.0004,-0.97964,-0.97668,0.87338,0.06329,0.98048,0.97547,0.82440,0.00000,-0.00740,1.84744
3820,56,0,-0.51953,0.04488,1.0000,0.0000,0,1,2,0.0691,0.1250,0.0000,0.0000,0.0004,-0.97964,-0.97668,0.87338,0.06329,0.98048,0.97547,0.82440,0.00000,-0.00740,1.84744
3821,56,0,-0.51953,0.04488,1.0000,0.0000,0,1,2,0.0691,0.1250,0.0000,0.0000,0.0004,-0.97964,-0.97668,0.87338,0.06329,0.98048,0.97547,0.82440,0.00000,-0.00740,1.84744
3822,56,0,-0.51953,0.04488,1.0000,0.0000,0,1,2,0.0684,0.1250,0.0000,0.0000,0.0007,-0.97964,-0.97668,0.87338,0.06329,0.98048,0.97547,0.82450,0.00000,-0.00740,1.84897
3823,56,0,-0.51953,0.04488,1.0000,0.0000,0,1,2,0.0684,0.1250,0.0000,0.0000,0.0007,-0.97964,-0.97668,0.87338,0.06329,0.98048,0.97547,0.82450,0.00000,-0.00740,1.84897
3824,56,0,-0.51953,0.04488,1.0000,0.0000,0,1,2,0.0684,0.1250,0.0000,0.0000,0.0007,-0.97964,-0.97668,0.87338,0.06329,0.98048,0.97547,0.82450,0.00000,-0.00740,1.84897
3825,56,0,-0.51953,0.04488,1.0000,0.0000,0,1,2,0.0684,0.1250,0.0000,0.0000,0.0007,-0.97964,-0.97668,0.87338,0.06329,0.98048,0.97547,0.82450,0.00000,-0.00740,1.84897
3826,56,0,-0.51953,0.04488,1.0000,0.0000,0,1,2,0.0684,0.1250,0.0000,0.0000,0.0007,-0.97964,-0.97668,0.87338,0.06329,0.98048,0.97547,0.82450,0.00000,-0.00740,1.84897
3827,56,0,-0.51953,0.04488,1.0000,0.0000,0,1,2,0.0684,0.1250,0.0000,0.0000,0.0007,-0.97964,-0.97668,0.87338,0.06329,0.98048,0.97547,0.82450,0.00000,-0.00740,1.84897
3828,56,0,-0.47487,0.04517,1.0000,0.0000,0,1,2,0.0677,0.1250,0.0000,0.0000,0.0010,-0.97953,-0.97683,0.86846,0.06069,0.98047,0.97548,0.82463,0.00000,-0.00676,1.85116
3829,56,0,-0.47487,0.04517,1.0000,0.0000,0,1,2,0.0677,0.1250,0.0000,0.0000,0.0010,-0.97953,-0.97683,0.86846,0.06069,0.98047,0.97548,0.82463,0.00000,-0.00676,1.85116
3830,56,0,-0.47487,0.04517,1.0000,0.0000,0,1,2,0.0677,0.1250,0.0000,0.0000,0.0010,-0.97953,-0.97683,0.86846,0.06069,0.98047,0.97548,0.82463,0.00000,-0.00676,1.85116
3831,56,0,-0.47487,0.04517,1.0000,0.0000,0,1,2,0.0677,0.1250,0.0000,0.0000,0.0010,-0.97953,-0.97683,0.86846,0.06069,0.98047,0.97548,0.82463,0.00000,-0.00676,1.85116
3832,56,0,-0.47487,0.04517,1.0000,0.0000,0,1,2,0.0677,0.1250,0.0000,0.0000,0.0010,-0.97953,-0.97683,0.86846,0.06069,0.98047,0.97548,0.82463,0.00000,-0.00676,1.85116
3833,56,0,-0.47487,0.04517,1.0000,0.0000,0,1,2,0.0677,0.1250,0.0000,0.0000,0.0010,-0.97953,-0.97683,0.86846,0.06069,0.98047,0.97548,0.82463,0.00000,-0.00676,1.85116
3834,56,0,-0.47487,0.04517,1.0000,0.0000,0,1,2,0.0671,0.1250,0.0000,0.0000,0.0013,-0.97953,-0.97683,0.86846,0.06069,0.98047,0.97548,0.82474,0.00000,-0.00676,1.85286
3835,56,0,-0.47487,0.04517,1.0000,0.0000,0,1,2,0.0671,0.1250,0.0000,0.0000,0.0013,-0.97953,-0.97683,0.86846,0.06069,0.98047,0.97548,0.82474,0.00000,-0.00676,1.85286
3836,56,0,-0.47487,0.04517,1.0000,0.0000,0,1,2,0.0671,0.1250,0.0000,0.0000,0.0013,-0.97953,-0.97683,0.86846,0.06069,0.98047,0.97548,0.82474,0.00000,-0.00676,1.85286
3837,56,0,-0.47487,0.04517,1.0000,0.0000,0,1,2,0.0671,0.1250,0.0000,0.0000,0.0013,-0.97953,-0.97683,0.86846,0.06069,0.98047,0.97548,0.82474,0.00000,-0.00676,1.85286
3838,56,0,-0.47487,0.04517,1.0000,0.0000,0,1,2,0.0671,0.1250,0.0000,0.0000,0.0013,-0.97953,-0.97683,0.86846,0.06069,0.98047,0.97548,0.82474,0.00000,-0.00676,1.85286
3839,56,0,-0.47487,0.04517,1.0000,0.0000,0,1,2,0.0671,0.1250,0.0000,0.0000,0.0013,-0.97953,-0.97683,0.86846,0.06069,0.98047,0.97548,0.82474,0.00000,-0.00676,1.85286
3840,56,0,-0.72425,0.03365,1.0000,0.0000,0,1,2,0.0645,0.1250,0.0000,0.0000,0.0000,-0.98014,-0.97599,0.83978,0.07532,0.98041,0.97559,0.82465,0.00000,-0.01036,1.85139
3841,56,0,-0.72425,0.03365,1.0000,0.0000,0,1,2,0.0645,0.1250,0.0000,0.0000,0.0000,-0.98014,-0.97599,0.83978,0.07532,0.98041,0.97559,0.82465,0.00000,-0.01036,1.85139
3842,56,0,-0.72425,0.03365,1.0000,0.0000,0,1,2,0.0645,0.1250,0.0000,0.0000,0.0000,-0.98014,-0.97599,0.83978,0.07532,0.98041,0.97559,0.82465,0.00000,-0.01036,1.85139
3843,56,0,-0.72425,0.03365,1.0000,0.0000,0,1,2,0.0645,0.1250,0.0000,0.0000,0.0000,-0.98014,-0.97599,0.83978,0.07532,0.98041,0.97559,0.82465,0.00000,-0.01036,1.85139
3844,56,0,-0.72425,0.03365,1.0000,0.0000,0,1,2,0.0645,0.1250,0.0000,0.0000,0.0000,-0.98014,-0.97599,0.83978,0.07532,0.98041,0.97559,0.82465,0.00000,-0.01036,1.85139
3845,56,0,-0.72425,0.03365,1.0000,0.0000,0,1,2,0.0645,0.1250,0.0000,0.0000,0.0000,-0.98014,-0.97599,0.83978,0.07532,0.98041,0.97559,0.82465,0.00000,-0.01036,1.85139
3846,56,0,-0.72425,0.03365,1.0000,0.0000,0,1,2,0.0638,0.1250,0.0000,0.0000,0.0000,-0.98014,-0.97599,0.83978,0.07532,0.98041,0.97559,0.82472,0.00000,-0.01036,1.85260
3847,56,0,-0.72425,0.03365,1.0000,0.0000,0,1,2,0.0638,0.1250,0.0000,0.0000,0.0000,-0.98014,-0.97599,0.83978,0.07532,0.98041,0.97559,0.82472,0.00000,-0.01036,1.85260
3848,56,0,-0.72425,0.03365,1.0000,0.0000,0,1,2,0.0638,0.1250,0.0000,0.0000,0.0000,-0.98014,-0.97599,0.83978,0.07532,0.98041,0.97559,0.82472,0.00000,-0.01036,1.85260
3849,56,0,-0.72425,0.03365,1.0000,0.0000,0,1,2,0.0638,0.1250,0.0000,0.0000,0.0000,-0.98014,-0.97599,0.83978,0.07532,0.98041,0.97559,0.82472,0.00000,-0.01036,1.85260
3850,56,0,-0.72425,0.03365,1.0000,0.0000,0,1,2,0.0638,0.1250,0.0000,0.0000,0.0000,-0.98014,-0.97599,0.83978,0.07532,0.98041,0.97559,0.82472,0.00000,-0.01036,1.85260
3851,56,0,-0.72425,0.03365,1.0000,0.0000,0,1,2,0.0638,0.1250,0.0000,0.0000,0.0000,-0.98014,-0.97599,0.83978,0.07532,0.98041,0.97559,0.82472,0.00000,-0.01036,1.85260
3852,56,0,-0.77916,0.02435,1.0000,0.0000,0,1,2,0.0612,0.1250,0.0000,0.0000,0.0000,-0.98027,-0.97580,0.73152,0.06880,0.98015,0.97597,0.82485,0.00000,-0.01116,1.85471
3853,56,0,-0.77916,0.02435,1.0000,0.0000,0,1,2,0.0612,0.1250,0.0000,0.0000,0.0000,-0.98027,-0.97580,0.73152,0.06880,0.98015,0.97597,0.82485,0.00000,-0.01116,1.85471
3854,56,0,-0.77916,0.02435,1.0000,0.0000,0,1,2,0.0612,0.1250,0.0000,0.0000,0.0000,-0.98027,-0.97580,0.73152,0.06880,0.98015,0.97597,0.82485,0.00000,-0.01116,1.85471
3855,56,0,-0.77916,0.02435,1.0000,0.0000,0,1,2,0.0612,0.1250,0.0000,0.0000,0.0000,-0.98027,-0.97580,0.73152,0.06880,0.98015,0.97597,0.82485,0.00000,-0.01116,1.85471
3856,56,0,-0.77916,0.02435,1.0000,0.0000,0,1,2,0.0612,0.1250,0.0000,0.0000,0.0000,-0.98027,-0.97580,0.73152,0.06880,0.98015,0.97597,0.82485,0.00000,-0.01116,1.85471
3857,56,0,-0.77916,0.02435,1.0000,0.0000,0,1,2,0.0612,0.1250,0.0000,0.0000,0.0000,-0.98027,-0.97580,0.73152,0.06880,0.98015,0.97597,0.82485,0.00000,-0.01116,1.85471
3858,56,0,-0.82086,0.01791,1.0000,0.0000,0,1,2,0.0586,0.6333,1.0000,0.0000,0.0000,-0.98036,-0.97565,0.51272,0.05612,0.97962,0.97670,0.81502,0.00000,-0.01177,1.70297
3859,56,0,-0.82086,0.01791,1.0000,0.0000,0,1,2,0.0586,0.6333,1.0000,0.0000,0.0000,-0.98036,-0.97565,0.51272,0.05612,0.97962,0.97670,0.81502,0.00000,-0.01177,1.70297
3860,56,0,-0.82086,0.01791,1.0000,0.0000,0,1,2,0.0586,0.6333,1.0000,0.0000,0.0000,-0.98036,-0.97565,0.51272,0.05612,0.97962,0.97670,0.81502,0.00000,-0.01177,1.70297
3861,56,0,-0.82086,0.01791,1.0000,0.0000,0,1,2,0.0586,0.6333,1.0000,0.0000,0.0000,-0.98036,-0.97565,0.51272,0.05612,0.97962,0.97670,0.81502,0.00000,-0.01177,1.70297
3862,56,0,-0.82086,0.01791,1.0000,0.0000,0,1,2,0.0586,0.6333,1.0000,0.0000,0.0000,-0.98036,-0.97565,0.51272,0.05612,0.97962,0.97670,0.81502,0.00000,-0.01177,1.70297
3863,56,0,-0.82086,0.01791,1.0000,0.0000,0,1,2,0.0586,0.6333,1.0000,0.0000,0.0000,-0.98036,-0.97565,0.51272,0.05612,0.97962,0.97670,0.81502,0.00000,-0.01177,1.70297
3864,56,0,-0.83945,0.01346,1.0000,0.0000,0,1,6,0.0579,0.6333,1.0000,0.0000,0.0000,-0.98041,-0.97559,-0.80191,0.00011,0.97572,0.98032,0.81379,0.00000,-0.01205,1.68511
3865,56,0,-0.83945,0.01346,1.0000,0.0000,0,1,6,0.0579,0.6333,1.0000,0.0000,0.0000,-0.98041,-0.97559,-0.80191,0.00011,0.97572,0.98032,0.81379,0.00000,-0.01205,1.68511
3866,56,0,-0.83945,0.01346,1.0000,0.0000,0,1,6,0.0579,0.6333,1.0000,0.0000,0.0000,-0.98041,-0.97559,-0.80191,0.00011,0.97572,0.98032,0.81379,0.00000,-0.01205,1.68511
3867,56,0,-0.83945,0.01346,1.0000,0.0000,0,1,6,0.0579,0.6333,1.0000,0.0000,0.0000,-0.98041,-0.97559,-0.80191,0.00011,0.97572,0.98032,0.81379,0.00000,-0.01205,1.68511
3868,56,0,-0.83945,0.01346,1.0000,0.0000,0,1,6,0.0579,0.6333,1.0000,0.0000,0.0000,-0.98041,-0.97559,-0.80191,0.00011,0.97572,0.98032,0.81379,0.00000,-0.01205,1.68511
3869,56,0,-0.83945,0.01346,1.0000,0.0000,0,1,6,0.0579,0.6333,1.0000,0.0000,0.0000,-0.98041,-0.97559,-0.80191,0.00011,0.97572,0.98032,0.81379,0.00000,-0.01205,1.68511
3870,56,0,-0.94453,0.00699,1.0000,0.0000,0,1,6,0.0553,0.1250,0.0000,0.0000,0.0000,-0.98065,-0.97521,-0.69776,0.00000,0.97608,0.98007,0.82407,0.00000,-0.01360,1.84210
3871,56,0,-0.94453,0.00699,1.0000,0.0000,0,1,6,0.0553,0.1250,0.0000,0.0000,0.0000,-0.98065,-0.97521,-0.69776,0.00000,0.97608,0.98007,0.82407,0.00000,-0.01360,1.84210
3872,56,0,-0.94453,0.00699,1.0000,0.0000,0,1,6,0.0553,0.1250,0.0000,0.0000,0.0000,-0.98065,-0.97521,-0.69776,0.00000,0.97608,0.98007,0.82407,0.00000,-0.01360,1.84210
3873,56,0,-0.94453,0.00699,1.0000,0.0000,0,1,6,0.0553,0.1250,0.0000,0.0000,0.0000,-0.98065,-0.97521,-0.69776,0.00000,0.97608,0.98007,0.82407,0.00000,-0.01360,1.84210
3874,56,0,-0.94453,0.00699,1.0000,0.0000,0,1,6,0.0553,0.1250,0.0000,0.0000,0.0000,-0.98065,-0.97521,-0.69776,0.00000,0.97608,0.98007,0.82407,0.00000,-0.01360,1.84210
3875,56,0,-0.94453,0.00699,1.0000,0.0000,0,1,6,0.0553,0.1250,0.0000,0.0000,0.0000,-0.98065,-0.97521,-0.69776,0.00000,0.97608,0.98007,0.82407,0.00000,-0.01360,1.84210
3876,56,0,-0.95600,0.00369,1.0000,0.0000,0,1,6,0.0527,0.1250,0.0000,0.0000,0.0000,-0.98067,-0.97516,-0.55009,0.00000,0.97658,0.97972,0.82448,0.00000,-0.01377,1.84863
3877,56,0,-0.95600,0.00369,1.0000,0.0000,0,1,6,0.0527,0.1250,0.0000,0.0000,0.0000,-0.98067,-0.97516,-0.55009,0.00000,0.97658,0.97972,0.82448,0.00000,-0.01377,1.84863
3878,56,0,-0.95600,0.00369,1.0000,0.0000,0,1,6,0.0527,0.1250,0.0000,0.0000,0.0000,-0.98067,-0.97516,-0.55009,0.00000,0.97658,0.97972,0.82448,0.00000,-0.01377,1.84863
3879,56,0,-0.95600,0.00369,1.0000,0.0000,0,1,6,0.0527,0.1250,0.0000,0.0000,0.0000,-0.98067,-0.97516,-0.55009,0.00000,0.97658,0.97972,0.82448,0.00000,-0.01377,1.84863
3880,56,0,-0.95600,0.00369,1.0000,0.0000,0,1,6,0.0527,0.1250,0.0000,0.0000,0.0000,-0.98067,-0.97516,-0.55009,0.00000,0.97658,0.97972,0.82448,0.00000,-0.01377,1.84863
3881,56,0,-0.95600,0.00369,1.0000,0.0000,0,1,6,0.0527,0.1250,0.0000,0.0000,0.0000,-0.98067,-0.97516,-0.55009,0.00000,0.97658,0.97972,0.82448,0.00000,-0.01377,1.84863
3882,56,0,-0.96584,0.00189,1.0000,0.0000,0,1,6,0.0501,0.1250,0.0000,0.0000,0.0000,-0.98069,-0.97513,-0.38609,0.00000,0.97711,0.97930,0.82489,0.00000,-0.01391,1.85539
3883,56,0,-0.96584,0.00189,1.0000,0.0000,0,1,6,0.0501,0.1250,0.0000,0.0000,0.0000,-0.98069,-0.97513,-0.38609,0.00000,0.97711,0.97930,0.82489,0.00000,-0.01391,1.85539
3884,56,0,-0.96584,0.00189,1.0000,0.0000,0,1,6,0.0501,0.1250,0.0000,0.0000,0.0000,-0.98069,-0.97513,-0.38609,0.00000,0.97711,0.97930,0.82489,0.00000,-0.01391,1.85539
3885,56,0,-0.96584,0.00189,1.0000,0.0000,0,1,6,0.0501,0.1250,0.0000,0.0000,0.0000,-0.98069,-0.97513,-0.38609,0.00000,0.97711,0.97930,0.82489,0.00000,-0.01391,1.85539
3886,56,0,-0.96584,0.00189,1.0000,0.0000,0,1,6,0.0501,0.1250,0.0000,0.0000,0.0000,-0.98069,-0.97513,-0.38609,0.00000,0.97711,0.97930,0.82489,0.00000,-0.01391,1.85539
3887,56,0,-0.96584,0.00189,1.0000,0.0000,0,1,6,0.0501,0.1250,0.0000,0.0000,0.0000,-0.98069,-0.97513,-0.38609,0.00000,0.97711,0.97930,0.82489,0.00000,-0.01391,1.85539
3888,56,0,-0.61338,0.04327,1.0000,0.0000,0,1,2,0.0495,0.1250,0.0000,0.0000,0.0000,-0.97987,-0.97637,0.86846,0.06069,0.98047,0.97548,0.82637,0.00000,-0.00875,1.87972
3889,56,0,-0.61338,0.04327,1.0000,0.0000,0,1,2,0.0495,0.1250,0.0000,0.0000,0.0000,-0.97987,-0.97637,0.86846,0.06069,0.98047,0.97548,0.82637,0.00000,-0.00875,1.87972
3890,56,0,-0.61338,0.04327,1.0000,0.0000,0,1,2,0.0495,0.1250,0.0000,0.0000,0.0000,-0.97987,-0.97637,0.86846,0.06069,0.98047,0.97548,0.82637,0.00000,-0.00875,1.87972
3891,56,0,-0.61338,0.04327,1.0000,0.0000,0,1,2,0.0495,0.1250,0.0000,0.0000,0.0000,-0.97987,-0.97637,0.86846,0.06069,0.98047,0.97548,0.82637,0.00000,-0.00875,1.87972
3892,56,0,-0.61338,0.04327,1.0000,0.0000,0,1,2,0.0495,0.1250,0.0000,0.0000,0.0000,-0.97987,-0.97637,0.86846,0.06069,0.98047,0.97548,0.82637,0.00000,-0.00875,1.87972
3893,56,0,-0.61338,0.04327,1.0000,0.0000,0,1,2,0.0495,0.1250,0.0000,0.0000,0.0000,-0.97987,-0.97637,0.86846,0.06069,0.98047,0.97548,0.82637,0.00000,-0.00875,1.87972
3894,56,0,-0.81025,0.03301,1.0000,0.0000,0,1,2,0.0468,0.1250,0.0000,0.0000,0.0000,-0.98034,-0.97569,0.81579,0.06438,0.98035,0.97567,0.82642,0.00000,-0.01162,1.88060
3895,56,0,-0.81025,0.03301,1.0000,0.0000,0,1,2,0.0468,0.1250,0.0000,0.0000,0.0000,-0.98034,-0.97569,0.81579,0.06438,0.98035,0.97567,0.82642,0.00000,-0.01162,1.88060
3896,56,0,-0.81025,0.03301,1.0000,0.0000,0,1,2,0.0468,0.1250,0.0000,0.0000,0.0000,-0.98034,-0.97569,0.81579,0.06438,0.98035,0.97567,0.82642,0.00000,-0.01162,1.88060
3897,56,0,-0.81025,0.03301,1.0000,0.0000,0,1,2,0.0468,0.1250,0.0000,0.0000,0.0000,-0.98034,-0.97569,0.81579,0.06438,0.98035,0.97567,0.82642,0.00000,-0.01162,1.88060
3898,56,0,-0.81025,0.03301,1.0000,0.0000,0,1,2,0.0468,0.1250,0.0000,0.0000,0.0000,-0.98034,-0.97569,0.81579,0.06438,0.98035,0.97567,0.82642,0.00000,-0.01162,1.88060
3899,56,0,-0.81025,0.03301,1.0000,0.0000,0,1,2,0.0468,0.1250,0.0000,0.0000,0.0000,-0.98034,-0.97569,0.81579,0.06438,0.98035,0.97567,0.82642,0.00000,-0.01162,1.88060
3900,56,0,-0.83369,0.02449,1.0000,0.0000,0,1,2,0.0442,0.1250,0.0000,0.0000,0.0000,-0.98039,-0.97561,0.74062,0.07167,0.98018,0.97594,0.82661,0.00000,-0.01196,1.88370
3901,56,0,-0.83369,0.02449,1.0000,0.0000,0,1,2,0.0442,0.1250,0.0000,0.0000,0.0000,-0.98039,-0.97561,0.74062,0.07167,0.98018,0.97594,0.82661,0.00000,-0.01196,1.88370
3902,56,0,-0.83369,0.02449,1.0000,0.0000,0,1,2,0.0442,0.1250,0.0000,0.0000,0.0000,-0.98039,-0.97561,0.74062,0.07167,0.98018,0.97594,0.82661,0.00000,-0.01196,1.88370
3903,56,0,-0.83369,0.02449,1.0000,0.0000,0,1,2,0.0442,0.1250,0.0000,0.0000,0.0000,-0.98039,-0.97561,0.74062,0.07167,0.98018,0.97594,0.82661,0.00000,-0.01196,1.88370
3904,56,0,-0.83369,0.02449,1.0000,0.0000,0,1,2,0.0442,0.1250,0.0000,0.0000,0.0000,-0.98039,-0.97561,0.74062,0.07167,0.98018,0.97594,0.82661,0.00000,-0.01196,1.88370
3905,56,0,-0.83369,0.02449,1.0000,0.0000,0,1,2,0.0442,0.1250,0.0000,0.0000,0.0000,-0.98039,-0.97561,0.74062,0.07167,0.98018,0.97594,0.82661,0.00000,-0.01196,1.88370
3906,56,0,-0.85020,0.01814,1.0000,0.0000,0,1,2,0.0416,0.6333,1.0000,0.0000,0.0000,-0.98043,-0.97555,0.53135,0.05917,0.97967,0.97664,0.81702,0.00000,-0.01220,1.73248
3907,56,0,-0.85020,0.01814,1.0000,0.0000,0,1,2,0.0416,0.6333,1.0000,0.0000,0.0000,-0.98043,-0.97555,0.53135,0.05917,0.97967,0.97664,0.81702,0.00000,-0.01220,1.73248
3908,56,0,-0.85020,0.01814,1.0000,0.0000,0,1,2,0.0416,0.6333,1.0000,0.0000,0.0000,-0.98043,-0.97555,0.53135,0.05917,0.97967,0.97664,0.81702,0.00000,-0.01220,1.73248
3909,56,0,-0.85020,0.01814,1.0000,0.0000,0,1,2,0.0416,0.6333,1.0000,0.0000,0.0000,-0.98043,-0.97555,0.53135,0.05917,0.97967,0.97664,0.81702,0.00000,-0.01220,1.73248
3910,56,0,-0.85020,0.01814,1.0000,0.0000,0,1,2,0.0416,0.6333,1.0000,0.0000,0.0000,-0.98043,-0.97555,0.53135,0.05917,0.97967,0.97664,0.81702,0.00000,-0.01220,1.73248
3911,56,0,-0.85020,0.01814,1.0000,0.0000,0,1,2,0.0416,0.6333,1.0000,0.0000,0.0000,-0.98043,-0.97555,0.53135,0.05917,0.97967,0.97664,0.81702,0.00000,-0.01220,1.73248
3912,56,0,-0.86630,0.01344,1.0000,0.0000,0,1,6,0.0410,0.6333,1.0000,0.0000,0.0000,-0.98047,-0.97549,-0.80162,0.00011,0.97572,0.98032,0.81580,0.00000,-0.01244,1.71439
3913,56,0,-0.86630,0.01344,1.0000,0.0000,0,1,6,0.0410,0.6333,1.0000,0.0000,0.0000,-0.98047,-0.97549,-0.80162,0.00011,0.97572,0.98032,0.81580,0.00000,-0.01244,1.71439
3914,56,0,-0.86630,0.01344,1.0000,0.0000,0,1,6,0.0410,0.6333,1.0000,0.0000,0.0000,-0.98047,-0.97549,-0.80162,0.00011,0.97572,0.98032,0.81580,0.00000,-0.01244,1.71439
3915,56,0,-0.86630,0.01344,1.0000,0.0000,0,1,6,0.0410,0.6333,1.0000,0.0000,0.0000,-0.98047,-0.97549,-0.80162,0.00011,0.97572,0.98032,0.81580,0.00000,-0.01244,1.71439
3916,56,0,-0.86630,0.01344,1.0000,0.0000,0,1,6,0.0410,0.6333,1.0000,0.0000,0.0000,-0.98047,-0.97549,-0.80162,0.00011,0.97572,0.98032,0.81580,0.00000,-0.01244,1.71439
3917,56,0,-0.86630,0.01344,1.0000,0.0000,0,1,6,0.0410,0.6333,1.0000,0.0000,0.0000,-0.98047,-0.97549,-0.80162,0.00011,0.97572,0.98032,0.81580,0.00000,-0.01244,1.71439
3918,56,0,-0.95362,0.00711,1.0000,0.0000,0,1,6,0.0384,0.1250,0.0000,0.0000,0.0000,-0.98067,-0.97517,-0.69776,0.00000,0.97608,0.98007,0.82588,0.00000,-0.01373,1.87164
3919,56,0,-0.95362,0.00711,1.0000,0.0000,0,1,6,0.0384,0.1250,0.0000,0.0000,0.0000,-0.98067,-0.97517,-0.69776,0.00000,0.97608,0.98007,0.82588,0.00000,-0.01373,1.87164
3920,56,0,-0.95362,0.00711,1.0000,0.0000,0,1,6,0.0384,0.1250,0.0000,0.0000,0.0000,-0.98067,-0.97517,-0.69776,0.00000,0.97608,0.98007,0.82588,0.00000,-0.01373,1.87164
3921,56,0,-0.95362,0.00711,1.0000,0.0000,0,1,6,0.0384,0.1250,0.0000,0.0000,0.0000,-0.98067,-0.97517,-0.69776,0.00000,0.97608,0.98007,0.82588,0.00000,-0.01373,1.87164
3922,56,0,-0.95362,0.00711,1.0000,0.0000,0,1,6,0.0384,0.1250,0.0000,0.0000,0.0000,-0.98067,-0.97517,-0.69776,0.00000,0.97608,0.98007,0.82588,0.00000,-0.01373,1.87164
3923,56,0,-0.95362,0.00711,1.0000,0.0000,0,1,6,0.0384,0.1250,0.0000,0.0000,0.0000,-0.98067,-0.97517,-0.69776,0.00000,0.97608,0.98007,0.82588,0.00000,-0.01373,1.87164
3924,56,0,-0.96379,0.00381,1.0000,0.0000,0,1,6,0.0358,0.1250,0.0000,0.0000,0.0000,-0.98069,-0.97514,-0.55009,0.00000,0.97658,0.97972,0.82628,0.00000,-0.01388,1.87819
3925,56,0,-0.96379,0.00381,1.0000,0.0000,0,1,6,0.0358,0.1250,0.0000,0.0000,0.0000,-0.98069,-0.97514,-0.55009,0.00000,0.97658,0.97972,0.82628,0.00000,-0.01388,1.87819
3926,56,0,-0.96379,0.00381,1.0000,0.0000,0,1,6,0.0358,0.1250,0.0000,0.0000,0.0000,-0.98069,-0.97514,-0.55009,0.00000,0.97658,0.97972,0.82628,0.00000,-0.01388,1.87819
3927,56,0,-0.96379,0.00381,1.0000,0.0000,0,1,6,0.0358,0.1250,0.0000,0.0000,0.0000,-0.98069,-0.97514,-0.55009,0.00000,0.97658,0.97972,0.82628,0.00000,-0.01388,1.87819
3928,56,0,-0.96379,0.00381,1.0000,0.0000,0,1,6,0.0358,0.1250,0.0000,0.0000,0.0000,-0.98069,-0.97514,-0.55009,0.00000,0.97658,0.97972,0.82628,0.00000,-0.01388,1.87819
3929,56,0,-0.96379,0.00381,1.0000,0.0000,0,1,6,0.0358,0.1250,0.0000,0.0000,0.0000,-0.98069,-0.97514,-0.55009,0.00000,0.97658,0.97972,0.82628,0.00000,-0.01388,1.87819
3930,56,0,-0.97031,0.00197,1.0000,0.0000,0,1,6,0.0332,0.0000,0.0000,0.0000,0.0000,-0.98070,-0.97511,-0.38609,0.00000,0.97711,0.97930,0.82891,0.00000,-0.01398,1.92250
3931,56,0,-0.97031,0.00197,1.0000,0.0000,0,1,6,0.0332,0.0000,0.0000,0.0000,0.0000,-0.98070,-0.97511,-0.38609,0.00000,0.97711,0.97930,0.82891,0.00000,-0.01398,1.92250
3932,56,0,-0.97031,0.00197,1.0000,0.0000,0,1,6,0.0332,0.0000,0.0000,0.0000,0.0000,-0.98070,-0.97511,-0.38609,0.00000,0.97711,0.97930,0.82891,0.00000,-0.01398,1.92250
3933,56,0,-0.97031,0.00197,1.0000,0.0000,0,1,6,0.0332,0.0000,0.0000,0.0000,0.0000,-0.98070,-0.97511,-0.38609,0.00000,0.97711,0.97930,0.82891,0.00000,-0.01398,1.92250
3934,56,0,-0.97031,0.00197,1.0000,0.0000,0,1,6,0.0332,0.0000,0.0000,0.0000,0.0000,-0.98070,-0.97511,-0.38609,0.00000,0.97711,0.97930,0.82891,0.00000,-0.01398,1.92250
3935,56,0,-0.97031,0.00197,1.0000,0.0000,0,1,6,0.0332,0.0000,0.0000,0.0000,0.0000,-0.98070,-0.97511,-0.38609,0.00000,0.97711,0.97930,0.82891,0.00000,-0.01398,1.92250
3936,56,0,-0.96507,0.00198,1.0000,0.0000,0,1,6,0.0325,0.0000,0.0000,0.0000,0.0000,-0.98069,-0.97513,-0.38609,0.00000,0.97711,0.97930,0.82899,0.00000,-0.01390,1.92379
3937,56,0,-0.96507,0.00198,1.0000,0.0000,0,1,6,0.0325,0.0000,0.0000,0.0000,0.0000,-0.98069,-0.97513,-0.38609,0.00000,0.97711,0.97930,0.82899,0.00000,-0.01390,1.92379
3938,56,0,-0.96507,0.00198,1.0000,0.0000,0,1,6,0.0325,0.0000,0.0000,0.0000,0.0000,-0.98069,-0.97513,-0.38609,0.00000,0.97711,0.97930,0.82899,0.00000,-0.01390,1.92379
3939,56,0,-0.96507,0.00198,1.0000,0.0000,0,1,6,0.0325,0.0000,0.0000,0.0000,0.0000,-0.98069,-0.97513,-0.38609,0.00000,0.97711,0.97930,0.82899,0.00000,-0.01390,1.92379
3940,56,0,-0.96507,0.00198,1.0000,0.0000,0,1,6,0.0325,0.0000,0.0000,0.0000,0.0000,-0.98069,-0.97513,-0.38609,0.00000,0.97711,0.97930,0.82899,0.00000,-0.01390,1.92379
3941,56,0,-0.96507,0.00198,1.0000,0.0000,0,1,6,0.0325,0.0000,0.0000,0.0000,0.0000,-0.98069,-0.97513,-0.38609,0.00000,0.97711,0.97930,0.82899,0.00000,-0.01390,1.92379
3942,56,0,-0.65513,0.04419,1.0000,0.0000,0,1,2,0.0318,0.0000,0.0000,0.0000,0.0001,-0.97997,-0.97623,0.87338,0.06329,0.98048,0.97547,0.83037,0.00000,-0.00936,1.94767
3943,56,0,-0.65513,0.04419,1.0000,0.0000,0,1,2,0.0318,0.0000,0.0000,0.0000,0.0001,-0.97997,-0.97623,0.87338,0.06329,0.98048,0.97547,0.83037,0.00000,-0.00936,1.94767
3944,56,0,-0.65513,0.04419,1.0000,0.0000,0,1,2,0.0318,0.0000,0.0000,0.0000,0.0001,-0.97997,-0.97623,0.87338,0.06329,0.98048,0.97547,0.83037,0.00000,-0.00936,1.94767
3945,56,0,-0.65513,0.04419,1.0000,0.0000,0,1,2,0.0318,0.0000,0.0000,0.0000,0.0001,-0.97997,-0.97623,0.87338,0.06329,0.98048,0.97547,0.83037,0.00000,-0.00936,1.94767
3946,56,0,-0.65513,0.04419,1.0000,0.0000,0,1,2,0.0318,0.0000,0.0000,0.0000,0.0001,-0.97997,-0.97623,0.87338,0.06329,0.98048,0.97547,0.83037,0.00000,-0.00936,1.94767
3947,56,0,-0.65513,0.04419,1.0000,0.0000,0,1,2,0.0318,0.0000,0.0000,0.0000,0.0001,-0.97997,-0.97623,0.87338,0.06329,0.98048,0.97547,0.83037,0.00000,-0.00936,1.94767
3948,56,0,-0.55571,0.05281,1.0000,0.0000,0,1,2,0.0312,0.0000,0.0000,0.0000,0.0002,-0.97973,-0.97656,0.86846,0.06069,0.98047,0.97548,0.83053,0.00000,-0.00792,1.95040
3949,56,0,-0.55571,0.05281,1.0000,0.0000,0,1,2,0.0312,0.0000,0.0000,0.0000,0.0002,-0.97973,-0.97656,0.86846,0.06069,0.98047,0.97548,0.83053,0.00000,-0.00792,1.95040
3950,56,0,-0.55571,0.05281,1.0000,0.0000,0,1,2,0.0312,0.0000,0.0000,0.0000,0.0002,-0.97973,-0.97656,0.86846,0.06069,0.98047,0.97548,0.83053,0.00000,-0.00792,1.95040
3951,56,0,-0.55571,0.05281,1.0000,0.0000,0,1,2,0.0312,0.0000,0.0000,0.0000,0.0002,-0.97973,-0.97656,0.86846,0.06069,0.98047,0.97548,0.83053,0.00000,-0.00792,1.95040
3952,56,0,-0.55571,0.05281,1.0000,0.0000,0,1,2,0.0312,0.0000,0.0000,0.0000,0.0002,-0.97973,-0.97656,0.86846,0.06069,0.98047,0.97548,0.83053,0.00000,-0.00792,1.95040
3953,56,0,-0.55571,0.05281,1.0000,0.0000,0,1,2,0.0312,0.0000,0.0000,0.0000,0.0002,-0.97973,-0.97656,0.86846,0.06069,0.98047,0.97548,0.83053,0.00000,-0.00792,1.95040
3954,56,0,-0.79316,0.03838,1.0000,0.0000,0,1,2,0.0286,0.0000,0.0000,0.0000,0.0000,-0.98030,-0.97575,0.81579,0.06438,0.98035,0.97567,0.83053,0.00000,-0.01137,1.95037
3955,56,0,-0.79316,0.03838,1.0000,0.0000,0,1,2,0.0286,0.0000,0.0000,0.0000,0.0000,-0.98030,-0.97575,0.81579,0.06438,0.98035,0.97567,0.83053,0.00000,-0.01137,1.95037
3956,56,0,-0.79316,0.03838,1.0000,0.0000,0,1,2,0.0286,0.0000,0.0000,0.0000,0.0000,-0.98030,-0.97575,0.81579,0.06438,0.98035,0.97567,0.83053,0.00000,-0.01137,1.95037
3957,56,0,-0.79316,0.03838,1.0000,0.0000,0,1,2,0.0286,0.0000,0.0000,0.0000,0.0000,-0.98030,-0.97575,0.81579,0.06438,0.98035,0.97567,0.83053,0.00000,-0.01137,1.95037
3958,56,0,-0.79316,0.03838,1.0000,0.0000,0,1,2,0.0286,0.0000,0.0000,0.0000,0.0000,-0.98030,-0.97575,0.81579,0.06438,0.98035,0.97567,0.83053,0.00000,-0.01137,1.95037
3959,56,0,-0.79316,0.03838,1.0000,0.0000,0,1,2,0.0286,0.0000,0.0000,0.0000,0.0000,-0.98030,-0.97575,0.81579,0.06438,0.98035,0.97567,0.83053,0.00000,-0.01137,1.95037
3960,56,0,-0.79434,0.03268,1.0000,0.0000,0,1,2,0.0260,0.0000,0.0000,0.0000,0.0000,-0.98030,-0.97575,0.74062,0.07167,0.98018,0.97594,0.83073,0.00000,-0.01138,1.95380
3961,56,0,-0.79434,0.03268,1.0000,0.0000,0,1,2,0.0260,0.0000,0.0000,0.0000,0.0000,-0.98030,-0.97575,0.74062,0.07167,0.98018,0.97594,0.83073,0.00000,-0.01138,1.95380
3962,56,0,-0.79434,0.03268,1.0000,0.0000,0,1,2,0.0260,0.0000,0.0000,0.0000,0.0000,-0.98030,-0.97575,0.74062,0.07167,0.98018,0.97594,0.83073,0.00000,-0.01138,1.95380
3963,56,0,-0.79434,0.03268,1.0000,0.0000,0,1,2,0.0260,0.0000,0.0000,0.0000,0.0000,-0.98030,-0.97575,0.74062,0.07167,0.98018,0.97594,0.83073,0.00000,-0.01138,1.95380
3964,56,0,-0.79434,0.03268,1.0000,0.0000,0,1,2,0.0260,0.0000,0.0000,0.0000,0.0000,-0.98030,-0.97575,0.74062,0.07167,0.98018,0.97594,0.83073,0.00000,-0.01138,1.95380
3965,56,0,-0.79434,0.03268,1.0000,0.0000,0,1,2,0.0260,0.0000,0.0000,0.0000,0.0000,-0.98030,-0.97575,0.74062,0.07167,0.98018,0.97594,0.83073,0.00000,-0.01138,1.95380
3966,56,0,-0.83418,0.02136,1.0000,0.0000,0,1,2,0.0234,0.6333,1.0000,0.0000,0.0000,-0.98039,-0.97561,0.53135,0.05917,0.97967,0.97664,0.81915,0.00000,-0.01197,1.76473
3967,56,0,-0.83418,0.02136,1.0000,0.0000,0,1,2,0.0234,0.6333,1.0000,0.0000,0.0000,-0.98039,-0.97561,0.53135,0.05917,0.97967,0.97664,0.81915,0.00000,-0.01197,1.76473
3968,56,0,-0.83418,0.02136,1.0000,0.0000,0,1,2,0.0234,0.6333,1.0000,0.0000,0.0000,-0.98039,-0.97561,0.53135,0.05917,0.97967,0.97664,0.81915,0.00000,-0.01197,1.76473
3969,56,0,-0.83418,0.02136,1.0000,0.0000,0,1,2,0.0234,0.6333,1.0000,0.0000,0.0000,-0.98039,-0.97561,0.53135,0.05917,0.97967,0.97664,0.81915,0.00000,-0.01197,1.76473
3970,56,0,-0.83418,0.02136,1.0000,0.0000,0,1,2,0.0234,0.6333,1.0000,0.0000,0.0000,-0.98039,-0.97561,0.53135,0.05917,0.97967,0.97664,0.81915,0.00000,-0.01197,1.76473
3971,56,0,-0.83418,0.02136,1.0000,0.0000,0,1,2,0.0234,0.6333,1.0000,0.0000,0.0000,-0.98039,-0.97561,0.53135,0.05917,0.97967,0.97664,0.81915,0.00000,-0.01197,1.76473
3972,56,0,-0.87071,0.01355,1.0000,0.0000,0,1,6,0.0227,0.6333,1.0000,0.0000,0.0000,-0.98048,-0.97548,-0.80162,0.00011,0.97572,0.98032,0.81794,0.00000,-0.01251,1.74634
3973,56,0,-0.87071,0.01355,1.0000,0.0000,0,1,6,0.0227,0.6333,1.0000,0.0000,0.0000,-0.98048,-0.97548,-0.80162,0.00011,0.97572,0.98032,0.81794,0.00000,-0.01251,1.74634
3974,56,0,-0.87071,0.01355,1.0000,0.0000,0,1,6,0.0227,0.6333,1.0000,0.0000,0.0000,-0.98048,-0.97548,-0.80162,0.00011,0.97572,0.98032,0.81794,0.00000,-0.01251,1.74634
3975,56,0,-0.87071,0.01355,1.0000,0.0000,0,1,6,0.0227,0.6333,1.0000,0.0000,0.0000,-0.98048,-0.97548,-0.80162,0.00011,0.97572,0.98032,0.81794,0.00000,-0.01251,1.74634
3976,56,0,-0.87071,0.01355,1.0000,0.0000,0,1,6,0.0227,0.6333,1.0000,0.0000,0.0000,-0.98048,-0.97548,-0.80162,0.00011,0.97572,0.98032,0.81794,0.00000,-0.01251,1.74634
3977,56,0,-0.87071,0.01355,1.0000,0.0000,0,1,6,0.0227,0.6333,1.0000,0.0000,0.0000,-0.98048,-0.97548,-0.80162,0.00011,0.97572,0.98032,0.81794,0.00000,-0.01251,1.74634
3978,56,0,-0.95417,0.00723,1.0000,0.0000,0,1,6,0.0201,0.0000,0.0000,0.0000,0.0000,-0.98067,-0.97517,-0.69776,0.00000,0.97608,0.98007,0.83000,0.00000,-0.01374,1.94115
3979,56,0,-0.95417,0.00723,1.0000,0.0000,0,1,6,0.0201,0.0000,0.0000,0.0000,0.0000,-0.98067,-0.97517,-0.69776,0.00000,0.97608,0.98007,0.83000,0.00000,-0.01374,1.94115
3980,56,0,-0.95417,0.00723,1.0000,0.0000,0,1,6,0.0201,0.0000,0.0000,0.0000,0.0000,-0.98067,-0.97517,-0.69776,0.00000,0.97608,0.98007,0.83000,0.00000,-0.01374,1.94115
3981,56,0,-0.95417,0.00723,1.0000,0.0000,0,1,6,0.0201,0.0000,0.0000,0.0000,0.0000,-0.98067,-0.97517,-0.69776,0.00000,0.97608,0.98007,0.83000,0.00000,-0.01374,1.94115
3982,56,0,-0.95417,0.00723,1.0000,0.0000,0,1,6,0.0201,0.0000,0.0000,0.0000,0.0000,-0.98067,-0.97517,-0.69776,0.00000,0.97608,0.98007,0.83000,0.00000,-0.01374,1.94115
3983,56,0,-0.95417,0.00723,1.0000,0.0000,0,1,6,0.0201,0.0000,0.0000,0.0000,0.0000,-0.98067,-0.97517,-0.69776,0.00000,0.97608,0.98007,0.83000,0.00000,-0.01374,1.94115
3984,56,0,-0.94579,0.00726,1.0000,0.0000,0,1,6,0.0194,0.0000,0.0000,0.0000,0.0000,-0.98065,-0.97520,-0.69776,0.00000,0.97608,0.98007,0.83008,0.00000,-0.01362,1.94249
3985,56,0,-0.94579,0.00726,1.0000,0.0000,0,1,6,0.0194,0.0000,0.0000,0.0000,0.0000,-0.98065,-0.97520,-0.69776,0.00000,0.97608,0.98007,0.83008,0.00000,-0.01362,1.94249
3986,56,0,-0.94579,0.00726,1.0000,0.0000,0,1,6,0.0194,0.0000,0.0000,0.0000,0.0000,-0.98065,-0.97520,-0.69776,0.00000,0.97608,0.98007,0.83008,0.00000,-0.01362,1.94249
3987,56,0,-0.94579,0.00726,1.0000,0.0000,0,1,6,0.0194,0.0000,0.0000,0.0000,0.0000,-0.98065,-0.97520,-0.69776,0.00000,0.97608,0.98007,0.83008,0.00000,-0.01362,1.94249
3988,56,0,-0.94579,0.00726,1.0000,0.0000,0,1,6,0.0194,0.0000,0.0000,0.0000,0.0000,-0.98065,-0.97520,-0.69776,0.00000,0.97608,0.98007,0.83008,0.00000,-0.01362,1.94249
3989,56,0,-0.94579,0.00726,1.0000,0.0000,0,1,6,0.0194,0.0000,0.0000,0.0000,0.0000,-0.98065,-0.97520,-0.69776,0.00000,0.97608,0.98007,0.83008,0.00000,-0.01362,1.94249
3990,56,0,-0.94579,0.00726,1.0000,0.0000,0,1,6,0.0187,0.0000,0.0000,0.0000,0.0001,-0.98065,-0.97520,-0.69776,0.00000,0.97608,0.98007,0.83015,0.00000,-0.01362,1.94378
3991,56,0,-0.94579,0.00726,1.0000,0.0000,0,1,6,0.0187,0.0000,0.0000,0.0000,0.0001,-0.98065,-0.97520,-0.69776,0.00000,0.97608,0.98007,0.83015,0.00000,-0.01362,1.94378
3992,56,0,-0.94579,0.00726,1.0000,0.0000,0,1,6,0.0187,0.0000,0.0000,0.0000,0.0001,-0.98065,-0.97520,-0.69776,0.00000,0.97608,0.98007,0.83015,0.00000,-0.01362,1.94378
3993,56,0,-0.94579,0.00726,1.0000,0.0000,0,1,6,0.0187,0.0000,0.0000,0.0000,0.0001,-0.98065,-0.97520,-0.69776,0.00000,0.97608,0.98007,0.83015,0.00000,-0.01362,1.94378
3994,56,0,-0.94579,0.00726,1.0000,0.0000,0,1,6,0.0187,0.0000,0.0000,0.0000,0.0001,-0.98065,-0.97520,-0.69776,0.00000,0.97608,0.98007,0.83015,0.00000,-0.01362,1.94378
3995,56,0,-0.94579,0.00726,1.0000,0.0000,0,1,6,0.0187,0.0000,0.0000,0.0000,0.0001,-0.98065,-0.97520,-0.69776,0.00000,0.97608,0.98007,0.83015,0.00000,-0.01362,1.94378
3996,56,0,-0.63556,0.06126,1.0000,0.0000,0,1,2,0.0181,0.0000,0.0000,0.0000,0.0002,-0.97993,-0.97630,0.71211,0.06329,0.98011,0.97603,0.83164,0.00000,-0.00907,1.96986
3997,56,0,-0.63556,0.06126,1.0000,0.0000,0,1,2,0.0181,0.0000,0.0000,0.0000,0.0002,-0.97993,-0.97630,0.71211,0.06329,0.98011,0.97603,0.83164,0.00000,-0.00907,1.96986
3998,56,0,-0.63556,0.06126,1.0000,0.0000,0,1,2,0.0181,0.0000,0.0000,0.0000,0.0002,-0.97993,-0.97630,0.71211,0.06329,0.98011,0.97603,0.83164,0.00000,-0.00907,1.96986
3999,56,0,-0.63556,0.06126,1.0000,0.0000,0,1,2,0.0181,0.0000,0.0000,0.0000,0.0002,-0.97993,-0.97630,0.71211,0.06329,0.98011,0.97603,0.83164,0.00000,-0.00907,1.96986
4000,56,0,-0.63556,0.06126,1.0000,0.0000,0,1,2,0.0181,0.0000,0.0000,0.0000,0.0002,-0.97993,-0.97630,0.71211,0.06329,0.98011,0.97603,0.83164,0.00000,-0.00907,1.96986
4001,56,0,-0.63556,0.06126,1.0000,0.0000,0,1,2,0.0181,0.0000,0.0000,0.0000,0.0002,-0.97993,-0.97630,0.71211,0.06329,0.98011,0.97603,0.83164,0.00000,-0.00907,1.96986
4002,56,0,-0.72554,0.04549,1.0000,0.0000,0,1,2,0.0155,0.6333,1.0000,0.0000,0.0000,-0.98014,-0.97599,0.47713,0.05103,0.97953,0.97682,0.82010,0.00000,-0.01038,1.77935
4003,56,0,-0.72554,0.04549,1.0000,0.0000,0,1,2,0.0155,0.6333,1.0000,0.0000,0.0000,-0.98014,-0.97599,0.47713,0.05103,0.97953,0.97682,0.82010,0.00000,-0.01038,1.77935
4004,56,0,-0.72554,0.04549,1.0000,0.0000,0,1,2,0.0155,0.6333,1.0000,0.0000,0.0000,-0.98014,-0.97599,0.47713,0.05103,0.97953,0.97682,0.82010,0.00000,-0.01038,1.77935
4005,56,0,-0.72554,0.04549,1.0000,0.0000,0,1,2,0.0155,0.6333,1.0000,0.0000,0.0000,-0.98014,-0.97599,0.47713,0.05103,0.97953,0.97682,0.82010,0.00000,-0.01038,1.77935
4006,56,0,-0.72554,0.04549,1.0000,0.0000,0,1,2,0.0155,0.6333,1.0000,0.0000,0.0000,-0.98014,-0.97599,0.47713,0.05103,0.97953,0.97682,0.82010,0.00000,-0.01038,1.77935
4007,56,0,-0.72554,0.04549,1.0000,0.0000,0,1,2,0.0155,0.6333,1.0000,0.0000,0.0000,-0.98014,-0.97599,0.47713,0.05103,0.97953,0.97682,0.82010,0.00000,-0.01038,1.77935
4008,56,0,-0.88381,0.01376,0.0000,0.0000,0,0,6,0.0148,0.6333,1.0000,0.0000,0.0000,-0.98051,-0.97543,-0.80191,0.00011,0.97572,0.98032,0.81884,0.00000,-0.01270,1.75995
4009,56,0,-0.88381,0.01376,0.0000,0.0000,0,0,6,0.0148,0.6333,1.0000,0.0000,0.0000,-0.98051,-0.97543,-0.80191,0.00011,0.97572,0.98032,0.81884,0.00000,-0.01270,1.75995
4010,56,0,-0.88381,0.01376,0.0000,0.0000,0,0,6,0.0148,0.6333,1.0000,0.0000,0.0000,-0.98051,-0.97543,-0.80191,0.00011,0.97572,0.98032,0.81884,0.00000,-0.01270,1.75995
4011,56,0,-0.88381,0.01376,0.0000,0.0000,0,0,6,0.0148,0.6333,1.0000,0.0000,0.0000,-0.98051,-0.97543,-0.80191,0.00011,0.97572,0.98032,0.81884,0.00000,-0.01270,1.75995
4012,56,0,-0.88381,0.01376,0.0000,0.0000,0,0,6,0.0148,0.6333,1.0000,0.0000,0.0000,-0.98051,-0.97543,-0.80191,0.00011,0.97572,0.98032,0.81884,0.00000,-0.01270,1.75995
4013,56,0,-0.88381,0.01376,0.0000,0.0000,0,0,6,0.0148,0.6333,1.0000,0.0000,0.0000,-0.98051,-0.97543,-0.80191,0.00011,0.97572,0.98032,0.81884,0.00000,-0.01270,1.75995
4014,56,0,-0.95215,0.00732,0.0000,0.0000,0,0,6,0.0128,0.0000,0.0000,0.0000,0.0000,-0.98066,-0.97518,-0.69776,0.00000,0.97608,0.98007,0.83073,0.00000,-0.01371,1.95389
4015,56,0,-0.95215,0.00732,0.0000,0.0000,0,0,6,0.0128,0.0000,0.0000,0.0000,0.0000,-0.98066,-0.97518,-0.69776,0.00000,0.97608,0.98007,0.83073,0.00000,-0.01371,1.95389
4016,56,0,-0.95215,0.00732,0.0000,0.0000,0,0,6,0.0128,0.0000,0.0000,0.0000,0.0000,-0.98066,-0.97518,-0.69776,0.00000,0.97608,0.98007,0.83073,0.00000,-0.01371,1.95389
4017,56,0,-0.95215,0.00732,0.0000,0.0000,0,0,6,0.0128,0.0000,0.0000,0.0000,0.0000,-0.98066,-0.97518,-0.69776,0.00000,0.97608,0.98007,0.83073,0.00000,-0.01371,1.95389
4018,56,0,-0.95215,0.00732,0.0000,0.0000,0,0,6,0.0128,0.0000,0.0000,0.0000,0.0000,-0.98066,-0.97518,-0.69776,0.00000,0.97608,0.98007,0.83073,0.00000,-0.01371,1.95389
4019,56,0,-0.95215,0.00732,0.0000,0.0000,0,0,6,0.0128,0.0000,0.0000,0.0000,0.0000,-0.98066,-0.97518,-0.69776,0.00000,0.97608,0.98007,0.83073,0.00000,-0.01371,1.95389
4020,56,0,-0.95696,0.00400,0.0000,0.0000,0,0,6,0.0108,0.0000,0.0000,0.0000,0.0000,-0.98067,-0.97516,-0.55009,0.00000,0.97658,0.97972,0.83105,0.00000,-0.01378,1.95943
4021,56,0,-0.95696,0.00400,0.0000,0.0000,0,0,6,0.0108,0.0000,0.0000,0.0000,0.0000,-0.98067,-0.97516,-0.55009,0.00000,0.97658,0.97972,0.83105,0.00000,-0.01378,1.95943
4022,56,0,-0.95696,0.00400,0.0000,0.0000,0,0,6,0.0108,0.0000,0.0000,0.0000,0.0000,-0.98067,-0.97516,-0.55009,0.00000,0.97658,0.97972,0.83105,0.00000,-0.01378,1.95943
4023,56,0,-0.95696,0.00400,0.0000,0.0000,0,0,6,0.0108,0.0000,0.0000,0.0000,0.0000,-0.98067,-0.97516,-0.55009,0.00000,0.97658,0.97972,0.83105,0.00000,-0.01378,1.95943
4024,56,0,-0.95696,0.00400,0.0000,0.0000,0,0,6,0.0108,0.0000,0.0000,0.0000,0.0000,-0.98067,-0.97516,-0.55009,0.00000,0.97658,0.97972,0.83105,0.00000,-0.01378,1.95943
4025,56,0,-0.95696,0.00400,0.0000,0.0000,0,0,6,0.0108,0.0000,0.0000,0.0000,0.0000,-0.98067,-0.97516,-0.55009,0.00000,0.97658,0.97972,0.83105,0.00000,-0.01378,1.95943
4026,56,0,-0.95696,0.00400,0.0000,0.0000,0,0,6,0.0102,0.0000,0.0000,0.0000,0.0000,-0.98067,-0.97516,-0.55009,0.00000,0.97658,0.97972,0.83112,0.00000,-0.01378,1.96064
4027,56,0,-0.95696,0.00400,0.0000,0.0000,0,0,6,0.0102,0.0000,0.0000,0.0000,0.0000,-0.98067,-0.97516,-0.55009,0.00000,0.97658,0.97972,0.83112,0.00000,-0.01378,1.96064
4028,56,0,-0.95696,0.00400,0.0000,0.0000,0,0,6,0.0102,0.0000,0.0000,0.0000,0.0000,-0.98067,-0.97516,-0.55009,0.00000,0.97658,0.97972,0.83112,0.00000,-0.01378,1.96064
4029,56,0,-0.95696,0.00400,0.0000,0.0000,0,0,6,0.0102,0.0000,0.0000,0.0000,0.0000,-0.98067,-0.97516,-0.55009,0.00000,0.97658,0.97972,0.83112,0.00000,-0.01378,1.96064
4030,56,0,-0.95696,0.00400,0.0000,0.0000,0,0,6,0.0102,0.0000,0.0000,0.0000,0.0000,-0.98067,-0.97516,-0.55009,0.00000,0.97658,0.97972,0.83112,0.00000,-0.01378,1.96064
4031,56,0,-0.95696,0.00400,0.0000,0.0000,0,0,6,0.0102,0.0000,0.0000,0.0000,0.0000,-0.98067,-0.97516,-0.55009,0.00000,0.97658,0.97972,0.83112,0.00000,-0.01378,1.96064
4032,56,0,-0.96065,0.00211,0.0000,0.0000,0,0,6,0.0082,0.0000,0.0000,0.0000,0.0000,-0.98068,-0.97515,-0.38609,0.00000,0.97711,0.97930,0.83144,0.00000,-0.01384,1.96636
4033,56,0,-0.96065,0.00211,0.0000,0.0000,0,0,6,0.0082,0.0000,0.0000,0.0000,0.0000,-0.98068,-0.97515,-0.38609,0.00000,0.97711,0.97930,0.83144,0.00000,-0.01384,1.96636
4034,56,0,-0.96065,0.00211,0.0000,0.0000,0,0,6,0.0082,0.0000,0.0000,0.0000,0.0000,-0.98068,-0.97515,-0.38609,0.00000,0.97711,0.97930,0.83144,0.00000,-0.01384,1.96636
4035,56,0,-0.96065,0.00211,0.0000,0.0000,0,0,6,0.0082,0.0000,0.0000,0.0000,0.0000,-0.98068,-0.97515,-0.38609,0.00000,0.97711,0.97930,0.83144,0.00000,-0.01384,1.96636
4036,56,0,-0.96065,0.00211,0.0000,0.0000,0,0,6,0.0082,0.0000,0.0000,0.0000,0.0000,-0.98068,-0.97515,-0.38609,0.00000,0.97711,0.97930,0.83144,0.00000,-0.01384,1.96636
4037,56,0,-0.96065,0.00211,0.0000,0.0000,0,0,6,0.0082,0.0000,0.0000,0.0000,0.0000,-0.98068,-0.97515,-0.38609,0.00000,0.97711,0.97930,0.83144,0.00000,-0.01384,1.96636
4038,56,0,-0.46791,0.07135,0.0000,0.0000,0,0,2,0.0075,0.0000,0.0000,0.0000,0.0000,-0.97951,-0.97685,0.88266,0.06880,0.98051,0.97543,0.83294,0.00000,-0.00666,1.99292
4039,56,0,-0.46791,0.07135,0.0000,0.0000,0,0,2,0.0075,0.0000,0.0000,0.0000,0.0000,-0.97951,-0.97685,0.88266,0.06880,0.98051,0.97543,0.83294,0.00000,-0.00666,1.99292
4040,56,0,-0.46791,0.07135,0.0000,0.0000,0,0,2,0.0075,0.0000,0.0000,0.0000,0.0000,-0.97951,-0.97685,0.88266,0.06880,0.98051,0.97543,0.83294,0.00000,-0.00666,1.99292
4041,56,0,-0.46791,0.07135,0.0000,0.0000,0,0,2,0.0075,0.0000,0.0000,0.0000,0.0000,-0.97951,-0.97685,0.88266,0.06880,0.98051,0.97543,0.83294,0.00000,-0.00666,1.99292
4042,56,0,-0.46791,0.07135,0.0000,0.0000,0,0,2,0.0075,0.0000,0.0000,0.0000,0.0000,-0.97951,-0.97685,0.88266,0.06880,0.98051,0.97543,0.83294,0.00000,-0.00666,1.99292
4043,56,0,-0.46791,0.07135,0.0000,0.0000,0,0,2,0.0075,0.0000,0.0000,0.0000,0.0000,-0.97951,-0.97685,0.88266,0.06880,0.98051,0.97543,0.83294,0.00000,-0.00666,1.99292
4044,56,0,-0.49872,0.09847,0.0000,0.0000,0,0,2,0.0055,0.0000,0.0000,0.0000,0.0000,-0.97959,-0.97675,0.82827,0.06969,0.98038,0.97563,0.83306,0.00000,-0.00710,1.99510
4045,56,0,-0.49872,0.09847,0.0000,0.0000,0,0,2,0.0055,0.0000,0.0000,0.0000,0.0000,-0.97959,-0.97675,0.82827,0.06969,0.98038,0.97563,0.83306,0.00000,-0.00710,1.99510
4046,56,0,-0.49872,0.09847,0.0000,0.0000,0,0,2,0.0055,0.0000,0.0000,0.0000,0.0000,-0.97959,-0.97675,0.82827,0.06969,0.98038,0.97563,0.83306,0.00000,-0.00710,1.99510
4047,56,0,-0.49872,0.09847,0.0000,0.0000,0,0,2,0.0055,0.0000,0.0000,0.0000,0.0000,-0.97959,-0.97675,0.82827,0.06969,0.98038,0.97563,0.83306,0.00000,-0.00710,1.99510
4048,56,0,-0.49872,0.09847,0.0000,0.0000,0,0,2,0.0055,0.0000,0.0000,0.0000,0.0000,-0.97959,-0.97675,0.82827,0.06969,0.98038,0.97563,0.83306,0.00000,-0.00710,1.99510
4049,56,0,-0.49872,0.09847,0.0000,0.0000,0,0,2,0.0055,0.0000,0.0000,0.0000,0.0000,-0.97959,-0.97675,0.82827,0.06969,0.98038,0.97563,0.83306,0.00000,-0.00710,1.99510
4050,56,0,-0.65016,0.07422,0.0000,0.0000,0,0,2,0.0036,0.0000,0.0000,0.0000,0.0000,-0.97996,-0.97625,0.72202,0.06601,0.98013,0.97600,0.83304,0.00000,-0.00928,1.99482
4051,56,0,-0.65016,0.07422,0.0000,0.0000,0,0,2,0.0036,0.0000,0.0000,0.0000,0.0000,-0.97996,-0.97625,0.72202,0.06601,0.98013,0.97600,0.83304,0.00000,-0.00928,1.99482
4052,56,0,-0.65016,0.07422,0.0000,0.0000,0,0,2,0.0036,0.0000,0.0000,0.0000,0.0000,-0.97996,-0.97625,0.72202,0.06601,0.98013,0.97600,0.83304,0.00000,-0.00928,1.99482
4053,56,0,-0.65016,0.07422,0.0000,0.0000,0,0,2,0.0036,0.0000,0.0000,0.0000,0.0000,-0.97996,-0.97625,0.72202,0.06601,0.98013,0.97600,0.83304,0.00000,-0.00928,1.99482
4054,56,0,-0.65016,0.07422,0.0000,0.0000,0,0,2,0.0036,0.0000,0.0000,0.0000,0.0000,-0.97996,-0.97625,0.72202,0.06601,0.98013,0.97600,0.83304,0.00000,-0.00928,1.99482
4055,56,0,-0.65016,0.07422,0.0000,0.0000,0,0,2,0.0036,0.0000,0.0000,0.0000,0.0000,-0.97996,-0.97625,0.72202,0.06601,0.98013,0.97600,0.83304,0.00000,-0.00928,1.99482
4056,56,0,-0.64994,0.05133,0.0000,0.0000,0,0,2,0.0016,0.6333,1.0000,0.0000,0.0000,-0.97996,-0.97625,0.47713,0.05103,0.97953,0.97682,0.82173,0.00000,-0.00928,1.80474
4057,56,0,-0.64994,0.05133,0.0000,0.0000,0,0,2,0.0016,0.6333,1.0000,0.0000,0.0000,-0.97996,-0.97625,0.47713,0.05103,0.97953,0.97682,0.82173,0.00000,-0.00928,1.80474
4058,56,0,-0.64994,0.05133,0.0000,0.0000,0,0,2,0.0016,0.6333,1.0000,0.0000,0.0000,-0.97996,-0.97625,0.47713,0.05103,0.97953,0.97682,0.82173,0.00000,-0.00928,1.80474
4059,56,0,-0.64994,0.05133,0.0000,0.0000,0,0,2,0.0016,0.6333,1.0000,0.0000,0.0000,-0.97996,-0.97625,0.47713,0.05103,0.97953,0.97682,0.82173,0.00000,-0.00928,1.80474
4060,56,0,-0.64994,0.05133,0.0000,0.0000,0,0,2,0.0016,0.6333,1.0000,0.0000,0.0000,-0.97996,-0.97625,0.47713,0.05103,0.97953,0.97682,0.82173,0.00000,-0.00928,1.80474
4061,56,0,-0.64994,0.05133,0.0000,0.0000,0,0,2,0.0016,0.6333,1.0000,0.0000,0.0000,-0.97996,-0.97625,0.47713,0.05103,0.97953,0.97682,0.82173,0.00000,-0.00928,1.80474
