  diet: larder=fruit onlyfood=on
  odometer A: recur=shipped emita=shipped biasa=shipped   odometer B: charb=shipped recurb=shipped emitb=shipped biasb=shipped carryb=shipped
trailfollow: mode=gap gate=shipped frames=24000 seeds=24 seed0=1 ants=20 relay=60 near=10 food=400 refill=400 stop=6000 homebias=shipped cropcap=shipped hungergate=shipped arho=shipped brho=shipped adiffuse=shipped arise=off/off tumble=shipped persist=shipped tumblegrad=shipped homewire=shipped
  gate shipped: off -45.0  on +0.5  along ±6.0
  breadoff=false decisioncsv=true dtag= COLONY_SPACING=2 STACK_DEPTH=4 DROP_REACH=bodies layfrom=founders
  landed 2026-09-09: units 0/1 = b2 (off -45, on +0.5, along 6); units 2/3 = saturated (off -45, on +30, along 6). See open-bugs-handoff.md Z7.

  gap seed   arm     alive     ate J  arrive@    dead@    carry    @nest  visitors  trips reach 0-25-50-75-100
----- ---- ----- --------- --------- -------- -------- -------- -------- --------- ------ ------------------
    DECISION CENSUS: 65135 decisions, reconciled against the rows and the engine's counters
      C1 homeward re-roll: no_usable 88, bias_off 0, no_crop 23055, empty_crop 0, no_site 0, on_anchor 1260, roll_failed 2225, fired 1418, fired_haul 0
      C1 fired, aimed: toward 831, across 286, away 301
      C2 drop: roll_lost 10238, placed 0, delivered 1008, no_room 0 -- no room on 0.0% of won rolls; handed on through bodies 23 (mean 2.0 steps)
      C3 cone: left 637, straight 6666, right 681; Turn nonzero on 1322 picks (largest |Turn| 7.63e-8), discarded on 893
      leg     setting          n  stepped    felllaunched swappedcrossingreversedblocked_roll_fairoll_fai no_body
      empty   pocket        2468     5.5%    4.7%    0.0%    0.0%    0.0%    0.0%    3.3%   43.4%   43.1%    0.0%
      empty   corridor      6563    22.9%    0.8%    0.0%    0.0%    0.0%    0.0%    0.5%   37.9%   37.9%    0.0%
      empty   junction     29345    11.0%    1.5%    0.0%    0.0%    0.0%    0.0%    0.2%   43.4%   44.0%    0.0%
      empty   open         11225    10.1%    2.4%    0.0%    0.0%    0.0%    0.0%    0.0%   43.1%   44.4%    0.0%
      laden   pocket         579     1.0%    8.1%    0.0%    0.0%    0.0%    0.0%    0.2%   46.1%   44.6%    0.0%
      laden   corridor      3151     8.9%    0.3%    0.0%    0.0%    0.0%    0.0%    0.3%   46.8%   43.8%    0.0%
      laden   junction      5989    14.9%    1.4%    0.0%    0.0%    0.0%    0.0%    0.3%   41.6%   41.9%    0.0%
      laden   open          1840    19.8%    2.1%    0.0%    0.0%    0.0%    0.0%    0.0%   36.8%   41.4%    0.0%
      spoil   pocket        2665     2.6%    0.2%    0.0%    0.0%    0.0%    0.0%    2.1%   48.1%   47.0%    0.0%
      spoil   corridor       423    41.4%    0.2%    0.0%    0.0%    0.0%    0.0%    1.7%   26.5%   30.3%    0.0%
      spoil   junction       715    22.2%    0.7%    0.0%    0.0%    0.0%    0.0%    2.4%   39.4%   35.2%    0.0%
      spoil   open           172    26.2%    1.2%    0.0%    0.0%    0.0%    0.0%    0.0%   39.0%   33.7%    0.0%
    DECISIONS: rows not written (decisionnorows)
    FOOD STORE (larder cells) -- 3000: nest ground 2, crops 12, elsewhere 395, ants 20 | 6000: nest ground 3, crops 14, elsewhere 400, ants 21 | 9000: nest ground 5, crops 4, elsewhere 400, ants 19 | 12000: nest ground 4, crops 8, elsewhere 400, ants 19 | 15000: nest ground 3, crops 6, elsewhere 400, ants 19 | 18000: nest ground 6, crops 1, elsewhere 400, ants 19 | 21000: nest ground 7, crops 0, elsewhere 400, ants 5 | 24000: nest ground 7, crops 0, elsewhere 400, ants 1
    FOOD BUDGET (cells, one cell = 960 face): taken from the pile 34; chewed 39.1; on the ground off the pile 7; in crops 0; held as spoil 0; unaccounted -12.1
   90    1  hand    1/1        10121     1320        0    71000    29756   17/21       18         2 2 0 17 0
                A READ  ant-readable homeward along >= 0.02 on  58.1% of route-cell samples | FOODWARD  27.6% | plane lit on  96.7% | peak amt  39454 cells  91
                THE LOOP, ANT BY ANT:
                  0. lived                                     21    100.0% of prev    100.0% of all
                  1. reached the food                          17     81.0% of prev     81.0% of all
                  2. picked food up out there                  17    100.0% of prev     81.0% of all
                  3. turned for home with it                   16     94.1% of prev     76.2% of all
                  4. got back to the nest still holding it     15     93.8% of prev     71.4% of all
                  5. PUT IT DOWN there                         15    100.0% of prev     71.4% of all
                  6. went back out again                        9     60.0% of prev     42.9% of all
                  7. reached the food a SECOND time             1     11.1% of prev      4.8% of all
                RETURN LEDGER reached food   17 of   21 ants | came back   17 | trips laden   12 empty    6 | LOOPERS   12 of   21 ants (70.6% of those that reached food), repeat    0, most loops by one ant   1
                BY ANCHOR AT PICKUP  anchor ON nest material:   12 loops /   23 pickups ( 52.2%) | anchor OFF it:    0 /    0 (  0.0%)
                BY BIRTH SITE  born ON comb:  12 of  17 that reached food looped ( 70.6%) | born OFF comb:   0 of   0 (  0.0%)
                LEGS legs[757,649,445,997,481,721,1507,1189,481,751,2707,7831,3319,10999,10603,9739,3697,9859] laden[757,649,445,997,481,721,1507,1189,481,751,2707,3319]
                founded x   30..68   (nest cursor 48 MATERIAL x 26..70 20 of 21 founders born on it; food 138; nearest founder 70 cells out, farthest 108, nominal gap 90)  occupancy/1k [5 43 188 15 32 77 21 8]  carry->nest    1026  born    1 died   20 (starved   20)
                own trail: route pk   73 end    0 along +0.0000  B nest->food [2106,5871,7665,10539,8308]  blocked      265  kin swaps       0  ticks     65135  tumbles     28046 (homeward     1418, 5.06%)  drops    1008  DELIVERED  1008  leg home n   18 med  1507 p90  9859 (laden n   12 med   757 p90  2707)  appetite held         0 J of     37553  trips born-on-comb   18 (20 ants) / born-off    0 (1 ants)
                channel A: PEAK amt  39454 cells   91 (of 91 route)  POLARITY|| +0.07393 && +0.06919 SPAN -0.00574 edge   1.2  end nest->food [740,4199,1572,539,0]  nest   25  AtNest 21.95%
                Carrying: laden     94850  of which SPOIL     23928 ( 25.2%)
    DECISION CENSUS: 52272 decisions, reconciled against the rows and the engine's counters
      C1 homeward re-roll: no_usable 147, bias_off 0, no_crop 17453, empty_crop 0, no_site 0, on_anchor 1409, roll_failed 1849, fired 906, fired_haul 0
      C1 fired, aimed: toward 634, across 199, away 73
      C2 drop: roll_lost 7739, placed 0, delivered 1267, no_room 21 -- no room on 1.6% of won rolls; handed on through bodies 88 (mean 2.0 steps)
      C3 cone: left 713, straight 6621, right 716; Turn nonzero on 1128 picks (largest |Turn| 7.63e-8), discarded on 606
      leg     setting          n  stepped    felllaunched swappedcrossingreversedblocked_roll_fairoll_fai no_body
      empty   pocket        5918     4.4%    2.7%    0.0%    0.0%    0.0%    0.0%    2.1%   45.8%   45.0%    0.0%
      empty   corridor      8351    11.9%    0.9%    0.0%    0.0%    0.0%    0.0%    0.3%   43.0%   43.9%    0.0%
      empty   junction     17503    18.4%    2.8%    0.0%    0.0%    0.0%    0.0%    0.5%   39.3%   39.0%    0.0%
      empty   open          6053    27.9%    6.4%    0.0%    0.0%    0.0%    0.0%    0.0%   33.4%   32.3%    0.0%
      laden   pocket         942     1.5%    5.7%    0.0%    0.0%    0.0%    0.0%    0.5%   44.1%   48.2%    0.0%
      laden   corridor      2867     3.2%    0.5%    0.0%    0.0%    0.0%    0.0%    0.3%   47.8%   48.2%    0.0%
      laden   junction      5060    13.2%    1.1%    0.0%    0.0%    0.0%    0.0%    0.2%   43.5%   41.9%    0.0%
      laden   open           463    36.7%    6.3%    0.0%    0.0%    0.0%    0.0%    0.0%   28.3%   28.7%    0.0%
      spoil   pocket        2391    11.0%    0.1%    0.0%    0.0%    0.0%    0.0%    7.3%   41.0%   40.5%    0.0%
      spoil   corridor      1586    21.2%    0.1%    0.0%    0.0%    0.0%    0.0%    1.0%   39.8%   37.9%    0.0%
      spoil   junction       900    27.6%    1.3%    0.0%    0.0%    0.0%    0.0%    1.8%   33.4%   35.9%    0.0%
      spoil   open           238    36.6%    2.5%    0.0%    0.0%    0.0%    0.0%    0.0%   31.5%   29.4%    0.0%
    DECISIONS: rows not written (decisionnorows)
    FOOD STORE (larder cells) -- 3000: nest ground 2, crops 10, elsewhere 397, ants 20 | 6000: nest ground 6, crops 5, elsewhere 400, ants 19 | 9000: nest ground 5, crops 3, elsewhere 400, ants 18 | 12000: nest ground 6, crops 3, elsewhere 400, ants 11 | 15000: nest ground 6, crops 3, elsewhere 400, ants 11 | 18000: nest ground 6, crops 2, elsewhere 400, ants 7 | 21000: nest ground 6, crops 2, elsewhere 400, ants 5 | 24000: nest ground 6, crops 2, elsewhere 400, ants 4
    FOOD BUDGET (cells, one cell = 960 face): taken from the pile 27; chewed 32.1; on the ground off the pile 6; in crops 2; held as spoil 0; unaccounted -13.1
   90    2  hand    4/4         8043     1266        0    55994    22754   16/21       12         1 4 0 16 0
                A READ  ant-readable homeward along >= 0.02 on  62.7% of route-cell samples | FOODWARD  24.3% | plane lit on  97.0% | peak amt  45039 cells  91
                THE LOOP, ANT BY ANT:
                  0. lived                                     21    100.0% of prev    100.0% of all
                  1. reached the food                          16     76.2% of prev     76.2% of all
                  2. picked food up out there                  14     87.5% of prev     66.7% of all
                  3. turned for home with it                   11     78.6% of prev     52.4% of all
                  4. got back to the nest still holding it     11    100.0% of prev     52.4% of all
                  5. PUT IT DOWN there                         11    100.0% of prev     52.4% of all
                  6. went back out again                        7     63.6% of prev     33.3% of all
                  7. reached the food a SECOND time             2     28.6% of prev      9.5% of all
                RETURN LEDGER reached food   16 of   21 ants | came back   11 | trips laden    7 empty    5 | LOOPERS    7 of   21 ants (43.8% of those that reached food), repeat    0, most loops by one ant   1
                BY ANCHOR AT PICKUP  anchor ON nest material:    7 loops /   17 pickups ( 41.2%) | anchor OFF it:    0 /    0 (  0.0%)
                BY BIRTH SITE  born ON comb:   7 of  15 that reached food looped ( 46.7%) | born OFF comb:   0 of   1 (  0.0%)
                LEGS legs[763,1345,1621,1075,1597,1507,4861,2371,2821,2449,2833,721] laden[763,1345,1621,1075,1597,1507,721]
                founded x   30..68   (nest cursor 48 MATERIAL x 26..70 20 of 21 founders born on it; food 138; nearest founder 70 cells out, farthest 108, nominal gap 90)  occupancy/1k [3 77 95 16 25 43 32 18]  carry->nest     712  born    1 died   17 (starved   16)
                own trail: route pk   73 end   13 along -0.0005  B nest->food [2106,5390,7655,10402,8308]  blocked      467  kin swaps       0  ticks     52273  tumbles     21764 (homeward      906, 4.16%)  drops    1267  DELIVERED  1267  leg home n   12 med  1621 p90  2833 (laden n    7 med  1345 p90  1597)  appetite held         0 J of     30834  trips born-on-comb   12 (20 ants) / born-off    0 (1 ants)
                channel A: PEAK amt  45039 cells   91 (of 91 route)  POLARITY|| +0.09092 && +0.08595 SPAN -0.00628 edge   1.1  end nest->food [2093,9057,2689,641,0]  nest   25  AtNest 29.21%
                Carrying: laden     86684  of which SPOIL     31656 ( 36.5%)
    DECISION CENSUS: 56143 decisions, reconciled against the rows and the engine's counters
      C1 homeward re-roll: no_usable 100, bias_off 0, no_crop 18235, empty_crop 0, no_site 0, on_anchor 2382, roll_failed 1473, fired 1639, fired_haul 0
      C1 fired, aimed: toward 1216, across 387, away 36
      C2 drop: roll_lost 10776, placed 0, delivered 1706, no_room 5 -- no room on 0.3% of won rolls; handed on through bodies 61 (mean 2.1 steps)
      C3 cone: left 640, straight 5856, right 626; Turn nonzero on 1325 picks (largest |Turn| 7.63e-8), discarded on 700
      leg     setting          n  stepped    felllaunched swappedcrossingreversedblocked_roll_fairoll_fai no_body
      empty   pocket        1378     3.6%   13.6%    0.0%    0.0%    0.0%    0.0%    1.2%   39.9%   41.7%    0.0%
      empty   corridor      5857    14.6%    1.3%    0.0%    0.0%    0.0%    0.0%    0.2%   41.4%   42.5%    0.0%
      empty   junction     23468    13.0%    2.0%    0.0%    0.0%    0.0%    0.0%    0.2%   42.1%   42.7%    0.0%
      empty   open          9031    12.1%    2.6%    0.0%    0.0%    0.0%    0.0%    0.0%   42.2%   43.1%    0.0%
      laden   pocket         400     2.0%   17.0%    0.0%    0.0%    0.0%    0.0%    0.0%   41.8%   39.2%    0.0%
      laden   corridor      2168    13.8%    1.1%    0.0%    0.0%    0.0%    0.0%    0.2%   41.5%   43.4%    0.0%
      laden   junction      8056    11.8%    1.1%    0.0%    0.0%    0.0%    0.0%    0.2%   43.1%   43.8%    0.0%
      laden   open          2295    14.5%    1.8%    0.0%    0.0%    0.0%    0.0%    0.0%   43.1%   40.6%    0.0%
      spoil   pocket        2252     5.7%    0.1%    0.0%    0.0%    0.0%    0.0%    4.2%   44.2%   45.8%    0.0%
      spoil   corridor       526    28.3%    0.2%    0.0%    0.0%    0.0%    0.0%    1.1%   35.4%   35.0%    0.0%
      spoil   junction       609    23.6%    1.0%    0.0%    0.0%    0.0%    0.0%    2.5%   36.5%   36.5%    0.0%
      spoil   open           103    52.4%    2.9%    0.0%    0.0%    0.0%    0.0%    0.0%   22.3%   22.3%    0.0%
    DECISIONS: rows not written (decisionnorows)
    FOOD STORE (larder cells) -- 3000: nest ground 5, crops 1, elsewhere 399, ants 19 | 6000: nest ground 7, crops 11, elsewhere 400, ants 20 | 9000: nest ground 5, crops 9, elsewhere 400, ants 12 | 12000: nest ground 6, crops 6, elsewhere 400, ants 12 | 15000: nest ground 4, crops 4, elsewhere 400, ants 12 | 18000: nest ground 4, crops 3, elsewhere 400, ants 11 | 21000: nest ground 5, crops 1, elsewhere 400, ants 11 | 24000: nest ground 5, crops 1, elsewhere 400, ants 11
    FOOD BUDGET (cells, one cell = 960 face): taken from the pile 27; chewed 43.8; on the ground off the pile 5; in crops 1; held as spoil 0; unaccounted -22.8
   90    3  hand   11/11       11475      978        0    78195    60015   16/22       20         2 4 0 16 0
                A READ  ant-readable homeward along >= 0.02 on  61.0% of route-cell samples | FOODWARD  25.2% | plane lit on  98.3% | peak amt  34070 cells  91
                THE LOOP, ANT BY ANT:
                  0. lived                                     22    100.0% of prev    100.0% of all
                  1. reached the food                          16     72.7% of prev     72.7% of all
                  2. picked food up out there                  15     93.8% of prev     68.2% of all
                  3. turned for home with it                   15    100.0% of prev     68.2% of all
                  4. got back to the nest still holding it     14     93.3% of prev     63.6% of all
                  5. PUT IT DOWN there                         14    100.0% of prev     63.6% of all
                  6. went back out again                       12     85.7% of prev     54.5% of all
                  7. reached the food a SECOND time             7     58.3% of prev     31.8% of all
                RETURN LEDGER reached food   16 of   22 ants | came back   14 | trips laden   20 empty    0 | LOOPERS   14 of   22 ants (87.5% of those that reached food), repeat    6, most loops by one ant   2
                BY ANCHOR AT PICKUP  anchor ON nest material:   20 loops /   21 pickups ( 95.2%) | anchor OFF it:    0 /    0 (  0.0%)
                BY BIRTH SITE  born ON comb:  14 of  16 that reached food looped ( 87.5%) | born OFF comb:   0 of   0 (  0.0%)
                LEGS legs[553,625,607,949,859,523,673,721,535,655,973,739,757,781,1495,625,769,859,889,787] laden[553,625,607,949,859,523,673,721,535,655,973,739,757,781,1495,625,769,859,889,787]
                founded x   30..68   (nest cursor 48 MATERIAL x 26..70 20 of 22 founders born on it; food 138; nearest founder 70 cells out, farthest 108, nominal gap 90)  occupancy/1k [5 74 177 11 17 24 22 6]  carry->nest    1284  born    2 died   11 (starved    9)
                own trail: route pk   19 end   12 along -0.0001  B nest->food [2106,5583,7933,10526,8308]  blocked      214  kin swaps       0  ticks     56145  tumbles     23829 (homeward     1639, 6.88%)  drops    1706  DELIVERED  1706  leg home n   20 med   757 p90   949 (laden n   20 med   757 p90   949)  appetite held         0 J of     42073  trips born-on-comb   20 (20 ants) / born-off    0 (2 ants)
                channel A: PEAK amt  34070 cells   91 (of 91 route)  POLARITY|| +0.05696 && +0.05424 SPAN -0.00754 edge   0.4  end nest->food [1087,4970,3050,1592,21]  nest   25  AtNest 39.68%
                Carrying: laden     99497  of which SPOIL     23052 ( 23.2%)
    DECISION CENSUS: 68497 decisions, reconciled against the rows and the engine's counters
      C1 homeward re-roll: no_usable 117, bias_off 0, no_crop 24173, empty_crop 0, no_site 0, on_anchor 2200, roll_failed 1938, fired 1561, fired_haul 0
      C1 fired, aimed: toward 1129, across 79, away 353
      C2 drop: roll_lost 10540, placed 0, delivered 2010, no_room 0 -- no room on 0.0% of won rolls; handed on through bodies 107 (mean 2.0 steps)
      C3 cone: left 749, straight 5936, right 705; Turn nonzero on 1012 picks (largest |Turn| 7.63e-8), discarded on 527
      leg     setting          n  stepped    felllaunched swappedcrossingreversedblocked_roll_fairoll_fai no_body
      empty   pocket        7841     1.7%    2.3%    0.0%    0.0%    0.0%    0.0%    0.9%   47.8%   47.2%    0.0%
      empty   corridor      9413     8.5%    0.8%    0.0%    0.0%    0.0%    0.0%    0.1%   45.4%   45.1%    0.0%
      empty   junction     27556    12.0%    1.7%    0.0%    0.0%    0.0%    0.0%    0.2%   43.1%   43.0%    0.0%
      empty   open          7905    16.4%    3.6%    0.0%    0.0%    0.0%    0.0%    0.0%   39.3%   40.7%    0.0%
      laden   pocket        1376     1.8%    6.6%    0.0%    0.0%    0.0%    0.0%    0.3%   47.5%   43.8%    0.0%
      laden   corridor      1914    11.4%    1.0%    0.0%    0.0%    0.0%    0.0%    0.4%   41.6%   45.6%    0.0%
      laden   junction      8369    10.9%    1.0%    0.0%    0.0%    0.0%    0.0%    0.2%   43.7%   44.1%    0.0%
      laden   open          1450    22.4%    3.3%    0.0%    0.0%    0.0%    0.0%    0.0%   37.6%   36.7%    0.0%
      spoil   pocket         564     5.5%    1.1%    0.0%    0.0%    0.0%    0.0%    5.0%   44.3%   44.1%    0.0%
      spoil   corridor       941     9.6%    0.3%    0.0%    0.0%    0.0%    0.0%    0.5%   45.0%   44.6%    0.0%
      spoil   junction       930    20.8%    0.5%    0.0%    0.0%    0.0%    0.0%    2.0%   36.9%   39.8%    0.0%
      spoil   open           238    18.9%    2.5%    0.0%    0.0%    0.0%    0.0%    0.0%   38.2%   40.3%    0.0%
    DECISIONS: rows not written (decisionnorows)
    FOOD STORE (larder cells) -- 3000: nest ground 2, crops 10, elsewhere 398, ants 19 | 6000: nest ground 2, crops 16, elsewhere 400, ants 20 | 9000: nest ground 3, crops 9, elsewhere 400, ants 19 | 12000: nest ground 1, crops 4, elsewhere 400, ants 18 | 15000: nest ground 4, crops 0, elsewhere 400, ants 18 | 18000: nest ground 4, crops 0, elsewhere 400, ants 17 | 21000: nest ground 3, crops 1, elsewhere 400, ants 11 | 24000: nest ground 1, crops 2, elsewhere 400, ants 6
    FOOD BUDGET (cells, one cell = 960 face): taken from the pile 29; chewed 45.7; on the ground off the pile 1; in crops 2; held as spoil 0; unaccounted -19.7
   90    4  hand    6/6        12689      996        0    78491    49108   18/23       18         2 2 0 19 0
                A READ  ant-readable homeward along >= 0.02 on  62.5% of route-cell samples | FOODWARD  24.4% | plane lit on  98.4% | peak amt  36410 cells  91
                THE LOOP, ANT BY ANT:
                  0. lived                                     23    100.0% of prev    100.0% of all
                  1. reached the food                          18     78.3% of prev     78.3% of all
                  2. picked food up out there                  17     94.4% of prev     73.9% of all
                  3. turned for home with it                   15     88.2% of prev     65.2% of all
                  4. got back to the nest still holding it     15    100.0% of prev     65.2% of all
                  5. PUT IT DOWN there                         15    100.0% of prev     65.2% of all
                  6. went back out again                        7     46.7% of prev     30.4% of all
                  7. reached the food a SECOND time             3     42.9% of prev     13.0% of all
                RETURN LEDGER reached food   18 of   23 ants | came back   15 | trips laden   14 empty    4 | LOOPERS   13 of   23 ants (72.2% of those that reached food), repeat    1, most loops by one ant   2
                BY ANCHOR AT PICKUP  anchor ON nest material:   14 loops /   20 pickups ( 70.0%) | anchor OFF it:    0 /    0 (  0.0%)
                BY BIRTH SITE  born ON comb:  12 of  17 that reached food looped ( 70.6%) | born OFF comb:   1 of   1 (100.0%)
                LEGS legs[637,649,637,739,937,559,511,643,1441,3151,559,1585,1106,3841,4867,1579,3589,3769] laden[637,649,637,739,937,559,511,643,1441,3151,559,1585,1106,3841]
                founded x   30..68   (nest cursor 48 MATERIAL x 26..70 20 of 23 founders born on it; food 138; nearest founder 70 cells out, farthest 108, nominal gap 90)  occupancy/1k [3 161 145 22 21 23 26 5]  carry->nest    1099  born    3 died   17 (starved   12)
                own trail: route pk   29 end   14 along -0.0005  B nest->food [2106,5929,7819,10503,8308]  blocked      227  kin swaps       0  ticks     68502  tumbles     29989 (homeward     1561, 5.21%)  drops    2010  DELIVERED  2010  leg home n   18 med  1106 p90  3769 (laden n   14 med   739 p90  3151)  appetite held         0 J of     43847  trips born-on-comb   17 (20 ants) / born-off    1 (3 ants)
                channel A: PEAK amt  36410 cells   91 (of 91 route)  POLARITY|| +0.07371 && +0.07081 SPAN -0.00563 edge   0.4  end nest->food [1277,15664,2656,1186,0]  nest   25  AtNest 43.94%
                Carrying: laden     94479  of which SPOIL     16277 ( 17.2%)
    DECISION CENSUS: 56451 decisions, reconciled against the rows and the engine's counters
      C1 homeward re-roll: no_usable 179, bias_off 0, no_crop 18754, empty_crop 0, no_site 0, on_anchor 1750, roll_failed 2089, fired 1182, fired_haul 0
      C1 fired, aimed: toward 649, across 177, away 356
      C2 drop: roll_lost 9494, placed 0, delivered 1487, no_room 26 -- no room on 1.7% of won rolls; handed on through bodies 70 (mean 2.1 steps)
      C3 cone: left 719, straight 6511, right 700; Turn nonzero on 1146 picks (largest |Turn| 7.63e-8), discarded on 745
      leg     setting          n  stepped    felllaunched swappedcrossingreversedblocked_roll_fairoll_fai no_body
      empty   pocket        3324     6.0%    5.2%    0.0%    0.0%    0.0%    0.0%    3.7%   42.1%   43.0%    0.0%
      empty   corridor      5206    15.4%    1.2%    0.0%    0.0%    0.0%    0.0%    0.2%   41.1%   42.1%    0.0%
      empty   junction     24875    13.5%    2.0%    0.0%    0.0%    0.0%    0.0%    0.3%   42.1%   42.1%    0.0%
      empty   open          7900    15.0%    3.3%    0.0%    0.0%    0.0%    0.0%    0.0%   41.5%   40.3%    0.0%
      laden   pocket        1213     1.4%    8.4%    0.0%    0.0%    0.0%    0.0%    0.2%   45.3%   44.6%    0.0%
      laden   corridor      3861     5.6%    0.4%    0.0%    0.0%    0.0%    0.0%    0.3%   45.8%   47.9%    0.0%
      laden   junction      5728    15.6%    1.3%    0.0%    0.0%    0.0%    0.0%    0.3%   42.9%   39.9%    0.0%
      laden   open           652    28.1%    3.1%    0.0%    0.0%    0.0%    0.0%    0.0%   35.4%   33.4%    0.0%
      spoil   pocket        1641    21.7%    0.4%    0.0%    0.0%    0.0%    0.0%   15.5%   30.8%   31.6%    0.0%
      spoil   corridor       703    51.4%    0.0%    0.0%    0.0%    0.0%    0.0%    2.3%   21.8%   24.6%    0.0%
      spoil   junction      1051    27.2%    0.4%    0.0%    0.0%    0.0%    0.0%    2.5%   34.3%   35.7%    0.0%
      spoil   open           297    22.9%    1.3%    0.0%    0.0%    0.0%    0.0%    0.0%   36.0%   39.7%    0.0%
    DECISIONS: rows not written (decisionnorows)
    FOOD STORE (larder cells) -- 3000: nest ground 2, crops 7, elsewhere 400, ants 19 | 6000: nest ground 4, crops 10, elsewhere 400, ants 17 | 9000: nest ground 6, crops 4, elsewhere 400, ants 17 | 12000: nest ground 5, crops 5, elsewhere 400, ants 17 | 15000: nest ground 5, crops 3, elsewhere 401, ants 12 | 18000: nest ground 4, crops 4, elsewhere 401, ants 9 | 21000: nest ground 5, crops 2, elsewhere 401, ants 8 | 24000: nest ground 4, crops 3, elsewhere 401, ants 8
    FOOD BUDGET (cells, one cell = 960 face): taken from the pile 25; chewed 39.4; on the ground off the pile 5; in crops 3; held as spoil 0; unaccounted -22.4
   90    5  hand    8/8         8988      990        0    68733    40623   16/20       21         0 3 1 16 0
                A READ  ant-readable homeward along >= 0.02 on  62.6% of route-cell samples | FOODWARD  25.1% | plane lit on  97.8% | peak amt  36285 cells  91
                THE LOOP, ANT BY ANT:
                  0. lived                                     20    100.0% of prev    100.0% of all
                  1. reached the food                          16     80.0% of prev     80.0% of all
                  2. picked food up out there                  16    100.0% of prev     80.0% of all
                  3. turned for home with it                   16    100.0% of prev     80.0% of all
                  4. got back to the nest still holding it     15     93.8% of prev     75.0% of all
                  5. PUT IT DOWN there                         15    100.0% of prev     75.0% of all
                  6. went back out again                       12     80.0% of prev     60.0% of all
                  7. reached the food a SECOND time             9     75.0% of prev     45.0% of all
                RETURN LEDGER reached food   16 of   20 ants | came back   15 | trips laden   15 empty    6 | LOOPERS   13 of   20 ants (81.2% of those that reached food), repeat    2, most loops by one ant   2
                BY ANCHOR AT PICKUP  anchor ON nest material:   15 loops /   22 pickups ( 68.2%) | anchor OFF it:    0 /    0 (  0.0%)
                BY BIRTH SITE  born ON comb:  13 of  16 that reached food looped ( 81.2%) | born OFF comb:   0 of   0 (  0.0%)
                LEGS legs[883,595,649,595,577,661,871,745,781,919,667,625,643,721,1927,1639,6253,5983,5269,3439,3493] laden[883,595,649,595,577,661,871,745,781,919,667,625,643,721,1927]
                founded x   30..68   (nest cursor 48 MATERIAL x 26..70 20 of 20 founders born on it; food 138; nearest founder 70 cells out, farthest 108, nominal gap 90)  occupancy/1k [7 76 131 25 26 26 30 14]  carry->nest    1097  born    0 died   12 (starved    5)
                own trail: route pk   60 end    9 along -0.0000  B nest->food [2106,5380,7838,10554,8308]  blocked      537  kin swaps       0  ticks     56458  tumbles     23954 (homeward     1182, 4.93%)  drops    1487  DELIVERED  1487  leg home n   21 med   781 p90  5269 (laden n   15 med   667 p90   919)  appetite held         0 J of     37846  trips born-on-comb   21 (20 ants) / born-off    0 (0 ants)
                channel A: PEAK amt  36285 cells   91 (of 91 route)  POLARITY|| +0.07355 && +0.06975 SPAN -0.00434 edge   1.0  end nest->food [794,12318,1820,615,0]  nest   25  AtNest 30.01%
                Carrying: laden     90885  of which SPOIL     23328 ( 25.7%)
    DECISION CENSUS: 58491 decisions, reconciled against the rows and the engine's counters
      C1 homeward re-roll: no_usable 144, bias_off 0, no_crop 20578, empty_crop 0, no_site 0, on_anchor 1369, roll_failed 2021, fired 944, fired_haul 0
      C1 fired, aimed: toward 524, across 374, away 46
      C2 drop: roll_lost 8798, placed 0, delivered 1147, no_room 142 -- no room on 11.0% of won rolls; handed on through bodies 44 (mean 2.0 steps)
      C3 cone: left 653, straight 6475, right 610; Turn nonzero on 1720 picks (largest |Turn| 7.63e-8), discarded on 1350
      leg     setting          n  stepped    felllaunched swappedcrossingreversedblocked_roll_fairoll_fai no_body
      empty   pocket        2459     5.2%    8.2%    0.0%    0.0%    0.0%    0.0%    3.1%   41.5%   42.0%    0.0%
      empty   corridor      5842    25.2%    0.9%    0.0%    0.0%    0.0%    0.0%    0.4%   36.2%   37.2%    0.0%
      empty   junction     30089    10.9%    1.4%    0.0%    0.0%    0.0%    0.0%    0.2%   44.2%   43.3%    0.0%
      empty   open          6165    15.0%    2.6%    0.0%    0.0%    0.0%    0.0%    0.0%   41.3%   41.1%    0.0%
      laden   pocket        1535     0.7%    6.0%    0.0%    0.0%    0.0%    0.0%    0.1%   45.1%   48.1%    0.0%
      laden   corridor      1405    11.9%    1.3%    0.0%    0.0%    0.0%    0.0%    0.4%   44.3%   42.1%    0.0%
      laden   junction      6580    13.8%    1.1%    0.0%    0.0%    0.0%    0.0%    0.3%   42.0%   42.7%    0.0%
      laden   open           803    27.3%    3.5%    0.0%    0.0%    0.0%    0.0%    0.0%   35.1%   34.1%    0.0%
      spoil   pocket        1342     6.8%    0.7%    0.0%    0.0%    0.0%    0.0%    6.1%   44.0%   42.5%    0.0%
      spoil   corridor       728    37.1%    0.1%    0.0%    0.0%    0.0%    0.0%    2.1%   29.5%   31.2%    0.0%
      spoil   junction      1404    15.9%    0.4%    0.0%    0.0%    0.0%    0.0%    1.2%   39.8%   42.7%    0.0%
      spoil   open           139    28.8%    1.4%    0.0%    0.0%    0.0%    0.0%    0.0%   32.4%   37.4%    0.0%
    DECISIONS: rows not written (decisionnorows)
    FOOD STORE (larder cells) -- 3000: nest ground 0, crops 9, elsewhere 399, ants 20 | 6000: nest ground 3, crops 14, elsewhere 400, ants 16 | 9000: nest ground 1, crops 2, elsewhere 400, ants 16 | 12000: nest ground 2, crops 1, elsewhere 400, ants 14 | 15000: nest ground 3, crops 0, elsewhere 400, ants 14 | 18000: nest ground 2, crops 1, elsewhere 400, ants 14 | 21000: nest ground 0, crops 3, elsewhere 400, ants 9 | 24000: nest ground 1, crops 1, elsewhere 400, ants 3
    FOOD BUDGET (cells, one cell = 960 face): taken from the pile 23; chewed 35.7; on the ground off the pile 1; in crops 1; held as spoil 0; unaccounted -14.7
   90    6  hand    3/3         8541      936        0    61939    38005   15/21       17         0 6 0 15 0
                A READ  ant-readable homeward along >= 0.02 on  63.2% of route-cell samples | FOODWARD  24.0% | plane lit on  97.2% | peak amt  40851 cells  91
                THE LOOP, ANT BY ANT:
                  0. lived                                     21    100.0% of prev    100.0% of all
                  1. reached the food                          15     71.4% of prev     71.4% of all
                  2. picked food up out there                  15    100.0% of prev     71.4% of all
                  3. turned for home with it                   15    100.0% of prev     71.4% of all
                  4. got back to the nest still holding it     13     86.7% of prev     61.9% of all
                  5. PUT IT DOWN there                         13    100.0% of prev     61.9% of all
                  6. went back out again                       11     84.6% of prev     52.4% of all
                  7. reached the food a SECOND time             5     45.5% of prev     23.8% of all
                RETURN LEDGER reached food   15 of   21 ants | came back   13 | trips laden   14 empty    3 | LOOPERS   11 of   21 ants (73.3% of those that reached food), repeat    3, most loops by one ant   2
                BY ANCHOR AT PICKUP  anchor ON nest material:   14 loops /   18 pickups ( 77.8%) | anchor OFF it:    0 /    0 (  0.0%)
                BY BIRTH SITE  born ON comb:  11 of  15 that reached food looped ( 73.3%) | born OFF comb:   0 of   0 (  0.0%)
                LEGS legs[739,781,835,559,1285,829,865,943,709,1159,835,721,1549,1015,4411,2149,4429] laden[739,781,835,559,1285,829,865,943,709,1159,835,721,1549,1015]
                founded x   30..68   (nest cursor 48 MATERIAL x 26..70 20 of 21 founders born on it; food 138; nearest founder 70 cells out, farthest 108, nominal gap 90)  occupancy/1k [3 193 73 20 15 20 18 4]  carry->nest    1041  born    1 died   18 (starved   17)
                own trail: route pk   21 end   11 along -0.0001  B nest->food [2106,5537,7830,10515,8308]  blocked      302  kin swaps       0  ticks     58492  tumbles     25056 (homeward      944, 3.77%)  drops    1147  DELIVERED  1147  leg home n   17 med   865 p90  2149 (laden n   14 med   835 p90  1285)  appetite held         0 J of     34300  trips born-on-comb   17 (21 ants) / born-off    0 (0 ants)
                channel A: PEAK amt  40851 cells   91 (of 91 route)  POLARITY|| +0.07720 && +0.07305 SPAN -0.00512 edge   1.2  end nest->food [1134,15984,1950,518,0]  nest   25  AtNest 40.83%
                Carrying: laden     83617  of which SPOIL     21870 ( 26.2%)
    DECISION CENSUS: 64155 decisions, reconciled against the rows and the engine's counters
      C1 homeward re-roll: no_usable 59, bias_off 0, no_crop 22653, empty_crop 0, no_site 0, on_anchor 1862, roll_failed 1932, fired 2432, fired_haul 0
      C1 fired, aimed: toward 1844, across 514, away 74
      C2 drop: roll_lost 11999, placed 0, delivered 724, no_room 1040 -- no room on 59.0% of won rolls; handed on through bodies 165 (mean 2.3 steps)
      C3 cone: left 398, straight 4691, right 388; Turn nonzero on 920 picks (largest |Turn| 7.63e-8), discarded on 609
      leg     setting          n  stepped    felllaunched swappedcrossingreversedblocked_roll_fairoll_fai no_body
      empty   pocket        8353     1.7%    1.2%    0.0%    0.0%    0.0%    0.0%    1.1%   48.4%   47.8%    0.0%
      empty   corridor     10121     8.8%    0.4%    0.0%    0.0%    0.0%    0.0%    0.0%   45.3%   45.6%    0.0%
      empty   junction     28187     7.0%    1.0%    0.0%    0.0%    0.0%    0.0%    0.1%   45.4%   46.5%    0.0%
      empty   open          2445    26.3%    6.5%    0.0%    0.0%    0.0%    0.0%    0.0%   34.2%   33.0%    0.0%
      laden   pocket        1253     5.0%    7.0%    0.0%    0.0%    0.0%    0.0%    0.1%   42.1%   45.8%    0.0%
      laden   corridor      3740    13.2%    0.4%    0.0%    0.0%    0.0%    0.0%    0.1%   44.0%   42.3%    0.0%
      laden   junction      7718    10.7%    0.7%    0.0%    0.0%    0.0%    0.0%    0.1%   44.4%   44.1%    0.0%
      laden   open          1346    11.0%    1.7%    0.0%    0.0%    0.0%    0.0%    0.0%   45.5%   41.8%    0.0%
      spoil   pocket         245    11.0%    1.2%    0.0%    0.0%    0.0%    0.0%   12.7%   41.2%   33.9%    0.0%
      spoil   corridor       338    40.5%    0.6%    0.0%    0.0%    0.0%    0.0%    0.6%   27.8%   30.5%    0.0%
      spoil   junction       286    35.7%    1.7%    0.0%    0.0%    0.0%    0.0%    1.4%   26.2%   35.0%    0.0%
      spoil   open           123    26.0%    0.8%    0.0%    0.0%    0.0%    0.0%    0.0%   39.0%   34.1%    0.0%
    DECISIONS: rows not written (decisionnorows)
    FOOD STORE (larder cells) -- 3000: nest ground 3, crops 10, elsewhere 398, ants 20 | 6000: nest ground 10, crops 19, elsewhere 400, ants 20 | 9000: nest ground 10, crops 10, elsewhere 400, ants 16 | 12000: nest ground 6, crops 6, elsewhere 400, ants 16 | 15000: nest ground 8, crops 2, elsewhere 400, ants 14 | 18000: nest ground 8, crops 1, elsewhere 400, ants 14 | 21000: nest ground 7, crops 2, elsewhere 400, ants 13 | 24000: nest ground 6, crops 2, elsewhere 400, ants 13
    FOOD BUDGET (cells, one cell = 960 face): taken from the pile 30; chewed 48.3; on the ground off the pile 6; in crops 2; held as spoil 0; unaccounted -26.3
   90    7  hand   13/13       11022     1146        0    84343    69433   16/20       19         1 3 0 16 0
                A READ  ant-readable homeward along >= 0.02 on  61.4% of route-cell samples | FOODWARD  24.5% | plane lit on  96.7% | peak amt  31614 cells  91
                THE LOOP, ANT BY ANT:
                  0. lived                                     20    100.0% of prev    100.0% of all
                  1. reached the food                          16     80.0% of prev     80.0% of all
                  2. picked food up out there                  16    100.0% of prev     80.0% of all
                  3. turned for home with it                   16    100.0% of prev     80.0% of all
                  4. got back to the nest still holding it     16    100.0% of prev     80.0% of all
                  5. PUT IT DOWN there                         16    100.0% of prev     80.0% of all
                  6. went back out again                        7     43.8% of prev     35.0% of all
                  7. reached the food a SECOND time             3     42.9% of prev     15.0% of all
                RETURN LEDGER reached food   16 of   20 ants | came back   16 | trips laden   19 empty    0 | LOOPERS   16 of   20 ants (100.0% of those that reached food), repeat    3, most loops by one ant   2
                BY ANCHOR AT PICKUP  anchor ON nest material:   19 loops /   20 pickups ( 95.0%) | anchor OFF it:    0 /    0 (  0.0%)
                BY BIRTH SITE  born ON comb:  16 of  16 that reached food looped (100.0%) | born OFF comb:   0 of   0 (  0.0%)
                LEGS legs[679,661,1003,715,703,745,505,481,787,523,769,613,739,529,505,619,613,607,4969] laden[679,661,1003,715,703,745,505,481,787,523,769,613,739,529,505,619,613,607,4969]
                founded x   30..68   (nest cursor 48 MATERIAL x 26..70 20 of 20 founders born on it; food 138; nearest founder 70 cells out, farthest 108, nominal gap 90)  occupancy/1k [3 27 302 7 12 14 13 4]  carry->nest    1203  born    0 died    7 (starved    4)
                own trail: route pk   18 end   18 along +0.0015  B nest->food [2106,5434,7885,10502,8308]  blocked      165  kin swaps       0  ticks     64158  tumbles     28938 (homeward     2432, 8.40%)  drops     724  DELIVERED   724  leg home n   19 med   661 p90   787 (laden n   19 med   661 p90   787)  appetite held         0 J of     46408  trips born-on-comb   19 (20 ants) / born-off    0 (0 ants)
                channel A: PEAK amt  31614 cells   91 (of 91 route)  POLARITY|| +0.08200 && +0.07761 SPAN -0.00383 edge   1.6  end nest->food [900,3355,1519,434,0]  nest   25  AtNest 47.56%
                Carrying: laden     90295  of which SPOIL      6852 (  7.6%)
    DECISION CENSUS: 52540 decisions, reconciled against the rows and the engine's counters
      C1 homeward re-roll: no_usable 98, bias_off 0, no_crop 16394, empty_crop 0, no_site 0, on_anchor 2130, roll_failed 1672, fired 2024, fired_haul 0
      C1 fired, aimed: toward 1812, across 16, away 196
      C2 drop: roll_lost 10953, placed 0, delivered 1770, no_room 11 -- no room on 0.6% of won rolls; handed on through bodies 95 (mean 2.0 steps)
      C3 cone: left 737, straight 5432, right 710; Turn nonzero on 780 picks (largest |Turn| 7.63e-8), discarded on 428
      leg     setting          n  stepped    felllaunched swappedcrossingreversedblocked_roll_fairoll_fai no_body
      empty   pocket        2412     3.6%    5.5%    0.0%    0.0%    0.0%    0.0%    1.3%   45.9%   43.7%    0.0%
      empty   corridor      4152    12.3%    1.5%    0.0%    0.0%    0.0%    0.0%    0.1%   43.3%   42.8%    0.0%
      empty   junction     23649    13.2%    2.4%    0.0%    0.0%    0.0%    0.0%    0.2%   42.4%   41.8%    0.0%
      empty   open          7544    17.5%    4.3%    0.0%    0.0%    0.0%    0.0%    0.0%   38.4%   39.8%    0.0%
      laden   pocket        1748     0.9%    3.1%    0.0%    0.0%    0.0%    0.0%    0.3%   47.3%   48.5%    0.0%
      laden   corridor      1704    12.7%    1.3%    0.0%    0.0%    0.0%    0.0%    0.2%   42.5%   43.3%    0.0%
      laden   junction      7639    11.7%    1.3%    0.0%    0.0%    0.0%    0.0%    0.1%   43.2%   43.7%    0.0%
      laden   open          2251    12.5%    1.9%    0.0%    0.0%    0.0%    0.0%    0.0%   43.7%   41.9%    0.0%
      spoil   pocket         437    13.0%    0.7%    0.0%    0.0%    0.0%    0.0%    6.6%   41.2%   38.4%    0.0%
      spoil   corridor       237    24.1%    0.4%    0.0%    0.0%    0.0%    0.0%    3.4%   35.4%   36.7%    0.0%
      spoil   junction       599    38.1%    2.2%    0.0%    0.0%    0.0%    0.0%    4.8%   30.6%   24.4%    0.0%
      spoil   open           168    48.8%    3.0%    0.0%    0.0%    0.0%    0.0%    0.0%   23.8%   24.4%    0.0%
    DECISIONS: rows not written (decisionnorows)
    FOOD STORE (larder cells) -- 3000: nest ground 4, crops 12, elsewhere 397, ants 20 | 6000: nest ground 9, crops 11, elsewhere 400, ants 18 | 9000: nest ground 7, crops 8, elsewhere 400, ants 10 | 12000: nest ground 4, crops 6, elsewhere 400, ants 10 | 15000: nest ground 5, crops 3, elsewhere 400, ants 10 | 18000: nest ground 4, crops 3, elsewhere 400, ants 10 | 21000: nest ground 6, crops 1, elsewhere 400, ants 10 | 24000: nest ground 4, crops 2, elsewhere 400, ants 10
    FOOD BUDGET (cells, one cell = 960 face): taken from the pile 26; chewed 45.8; on the ground off the pile 4; in crops 2; held as spoil 0; unaccounted -25.8
   90    8  hand   10/10       11173     1158        0    80054    53852   18/21       18         0 2 1 18 0
                A READ  ant-readable homeward along >= 0.02 on  59.0% of route-cell samples | FOODWARD  26.1% | plane lit on  98.1% | peak amt  43398 cells  91
                THE LOOP, ANT BY ANT:
                  0. lived                                     21    100.0% of prev    100.0% of all
                  1. reached the food                          18     85.7% of prev     85.7% of all
                  2. picked food up out there                  18    100.0% of prev     85.7% of all
                  3. turned for home with it                   18    100.0% of prev     85.7% of all
                  4. got back to the nest still holding it     16     88.9% of prev     76.2% of all
                  5. PUT IT DOWN there                         16    100.0% of prev     76.2% of all
                  6. went back out again                        9     56.2% of prev     42.9% of all
                  7. reached the food a SECOND time             4     44.4% of prev     19.0% of all
                RETURN LEDGER reached food   18 of   21 ants | came back   17 | trips laden   16 empty    2 | LOOPERS   15 of   21 ants (83.3% of those that reached food), repeat    1, most loops by one ant   2
                BY ANCHOR AT PICKUP  anchor ON nest material:   16 loops /   19 pickups ( 84.2%) | anchor OFF it:    0 /    0 (  0.0%)
                BY BIRTH SITE  born ON comb:  15 of  18 that reached food looped ( 83.3%) | born OFF comb:   0 of   0 (  0.0%)
                LEGS legs[595,673,709,619,763,853,739,763,571,1975,2221,985,775,2017,1441,919,5365,7687] laden[595,673,709,619,763,853,739,763,571,1975,2221,985,775,2017,1441,919]
                founded x   30..68   (nest cursor 48 MATERIAL x 26..70 20 of 21 founders born on it; food 138; nearest founder 70 cells out, farthest 108, nominal gap 90)  occupancy/1k [6 36 174 25 18 23 24 6]  carry->nest    1140  born    1 died   11 (starved    9)
                own trail: route pk   38 end   10 along -0.0010  B nest->food [2106,5573,7865,10537,8308]  blocked      168  kin swaps       0  ticks     52542  tumbles     22318 (homeward     2024, 9.07%)  drops    1770  DELIVERED  1770  leg home n   18 med   853 p90  2221 (laden n   16 med   775 p90  2017)  appetite held         0 J of     43954  trips born-on-comb   18 (20 ants) / born-off    0 (1 ants)
                channel A: PEAK amt  43398 cells   91 (of 91 route)  POLARITY|| +0.05913 && +0.05592 SPAN -0.00691 edge   0.4  end nest->food [784,4303,2668,1428,4]  nest   25  AtNest 27.36%
                Carrying: laden     88700  of which SPOIL      8646 (  9.7%)
    DECISION CENSUS: 48885 decisions, reconciled against the rows and the engine's counters
      C1 homeward re-roll: no_usable 104, bias_off 0, no_crop 16692, empty_crop 0, no_site 0, on_anchor 2009, roll_failed 1194, fired 708, fired_haul 0
      C1 fired, aimed: toward 644, across 34, away 30
      C2 drop: roll_lost 6591, placed 0, delivered 1865, no_room 1 -- no room on 0.1% of won rolls; handed on through bodies 49 (mean 2.0 steps)
      C3 cone: left 592, straight 5416, right 530; Turn nonzero on 1377 picks (largest |Turn| 1.93e-2), discarded on 857
      leg     setting          n  stepped    felllaunched swappedcrossingreversedblocked_roll_fairoll_fai no_body
      empty   pocket        2129     5.6%    8.5%    0.0%    0.0%    0.0%    0.0%    3.9%   41.4%   40.6%    0.0%
      empty   corridor      3748    26.5%    2.1%    0.0%    0.0%    0.0%    0.0%    0.3%   35.9%   35.2%    0.0%
      empty   junction     23594    13.2%    1.9%    0.0%    0.0%    0.0%    0.0%    0.1%   41.9%   42.9%    0.0%
      empty   open          6802    13.8%    3.3%    0.0%    0.0%    0.0%    0.0%    0.0%   41.6%   41.2%    0.0%
      laden   pocket         553     0.9%    8.9%    0.0%    0.0%    0.0%    0.0%    0.2%   48.1%   42.0%    0.0%
      laden   corridor      1096    17.7%    1.2%    0.0%    0.0%    0.0%    0.0%    0.1%   41.7%   39.3%    0.0%
      laden   junction      6031     8.6%    0.9%    0.0%    0.0%    0.0%    0.0%    0.1%   45.4%   45.0%    0.0%
      laden   open          1246    12.7%    1.8%    0.0%    0.0%    0.0%    0.0%    0.0%   42.8%   42.8%    0.0%
      spoil   pocket        1660     4.5%    0.3%    0.0%    0.0%    0.0%    0.0%    3.6%   45.4%   46.3%    0.0%
      spoil   corridor      1001    18.6%    0.2%    0.0%    0.0%    0.0%    0.0%    0.7%   42.3%   38.3%    0.0%
      spoil   junction       891    23.2%    0.6%    0.0%    0.0%    0.0%    0.0%    1.9%   38.0%   36.3%    0.0%
      spoil   open           134    28.4%    2.2%    0.0%    0.0%    0.0%    0.0%    0.0%   32.1%   37.3%    0.0%
    DECISIONS: rows not written (decisionnorows)
    FOOD STORE (larder cells) -- 3000: nest ground 3, crops 7, elsewhere 399, ants 20 | 6000: nest ground 1, crops 6, elsewhere 400, ants 17 | 9000: nest ground 4, crops 2, elsewhere 400, ants 9 | 12000: nest ground 2, crops 4, elsewhere 400, ants 9 | 15000: nest ground 3, crops 3, elsewhere 400, ants 9 | 18000: nest ground 6, crops 0, elsewhere 400, ants 9 | 21000: nest ground 6, crops 0, elsewhere 400, ants 9 | 24000: nest ground 5, crops 1, elsewhere 400, ants 7
    FOOD BUDGET (cells, one cell = 960 face): taken from the pile 16; chewed 30.7; on the ground off the pile 5; in crops 1; held as spoil 0; unaccounted -20.7
   90    9  hand    7/7         7959      984        0    53557    34807   14/21       12         3 1 1 16 0
                A READ  ant-readable homeward along >= 0.02 on  59.2% of route-cell samples | FOODWARD  25.9% | plane lit on  97.8% | peak amt  37283 cells  91
                THE LOOP, ANT BY ANT:
                  0. lived                                     21    100.0% of prev    100.0% of all
                  1. reached the food                          14     66.7% of prev     66.7% of all
                  2. picked food up out there                  11     78.6% of prev     52.4% of all
                  3. turned for home with it                   11    100.0% of prev     52.4% of all
                  4. got back to the nest still holding it     11    100.0% of prev     52.4% of all
                  5. PUT IT DOWN there                         11    100.0% of prev     52.4% of all
                  6. went back out again                        6     54.5% of prev     28.6% of all
                  7. reached the food a SECOND time             1     16.7% of prev      4.8% of all
                RETURN LEDGER reached food   14 of   21 ants | came back   11 | trips laden    9 empty    3 | LOOPERS    8 of   21 ants (57.1% of those that reached food), repeat    1, most loops by one ant   2
                BY ANCHOR AT PICKUP  anchor ON nest material:    9 loops /   13 pickups ( 69.2%) | anchor OFF it:    0 /    0 (  0.0%)
                BY BIRTH SITE  born ON comb:   8 of  14 that reached food looped ( 57.1%) | born OFF comb:   0 of   0 (  0.0%)
                LEGS legs[619,1207,739,529,763,1219,859,1009,3973,4513,4153,721] laden[619,1207,739,529,763,1219,859,1009,721]
                founded x   30..68   (nest cursor 48 MATERIAL x 26..70 20 of 21 founders born on it; food 138; nearest founder 70 cells out, farthest 108, nominal gap 90)  occupancy/1k [21 148 47 10 17 23 18 4]  carry->nest     723  born    1 died   14 (starved   12)
                own trail: route pk   36 end   14 along +0.0013  B nest->food [2106,5170,7647,10400,8307]  blocked      210  kin swaps       0  ticks     48887  tumbles     20707 (homeward      708, 3.42%)  drops    1865  DELIVERED  1865  leg home n   12 med  1009 p90  4153 (laden n    9 med   763 p90  1207)  appetite held         0 J of     29471  trips born-on-comb   12 (20 ants) / born-off    0 (1 ants)
                channel A: PEAK amt  37283 cells   91 (of 91 route)  POLARITY|| +0.08091 && +0.07692 SPAN -0.00520 edge   1.0  end nest->food [1147,10455,1570,709,0]  nest   25  AtNest 51.81%
                Carrying: laden     75673  of which SPOIL     22470 ( 29.7%)
    DECISION CENSUS: 67560 decisions, reconciled against the rows and the engine's counters
      C1 homeward re-roll: no_usable 120, bias_off 0, no_crop 23586, empty_crop 0, no_site 0, on_anchor 2669, roll_failed 1678, fired 1768, fired_haul 0
      C1 fired, aimed: toward 1369, across 357, away 42
      C2 drop: roll_lost 12120, placed 0, delivered 1566, no_room 1 -- no room on 0.1% of won rolls; handed on through bodies 104 (mean 2.1 steps)
      C3 cone: left 595, straight 6010, right 628; Turn nonzero on 1032 picks (largest |Turn| 7.63e-8), discarded on 563
      leg     setting          n  stepped    felllaunched swappedcrossingreversedblocked_roll_fairoll_fai no_body
      empty   pocket       11087     1.4%    1.5%    0.0%    0.0%    0.0%    0.0%    0.8%   48.8%   47.5%    0.0%
      empty   corridor     14178     9.3%    0.4%    0.0%    0.0%    0.0%    0.0%    0.1%   45.0%   45.2%    0.0%
      empty   junction     21992    12.5%    1.9%    0.0%    0.0%    0.0%    0.0%    0.3%   42.9%   42.4%    0.0%
      empty   open          4895    20.3%    4.4%    0.0%    0.0%    0.0%    0.0%    0.0%   37.0%   38.4%    0.0%
      laden   pocket         315     3.5%   24.1%    0.0%    0.0%    0.0%    0.0%    0.0%   37.5%   34.9%    0.0%
      laden   corridor      2252    14.0%    0.8%    0.0%    0.0%    0.0%    0.0%    0.2%   44.0%   40.9%    0.0%
      laden   junction      9866    10.3%    0.8%    0.0%    0.0%    0.0%    0.0%    0.3%   44.2%   44.4%    0.0%
      laden   open          1673    20.6%    3.5%    0.0%    0.0%    0.0%    0.0%    0.0%   37.4%   38.5%    0.0%
      spoil   pocket         317     8.8%    1.3%    0.0%    0.0%    0.0%    0.0%   10.7%   40.7%   38.5%    0.0%
      spoil   corridor       284    36.3%    0.0%    0.0%    0.0%    0.0%    0.0%    3.2%   28.5%   32.0%    0.0%
      spoil   junction       555    27.9%    1.1%    0.0%    0.0%    0.0%    0.0%    3.6%   31.0%   36.4%    0.0%
      spoil   open           146    34.2%    0.7%    0.0%    0.0%    0.0%    0.0%    0.0%   24.7%   40.4%    0.0%
    DECISIONS: rows not written (decisionnorows)
    FOOD STORE (larder cells) -- 3000: nest ground 0, crops 9, elsewhere 400, ants 20 | 6000: nest ground 7, crops 9, elsewhere 400, ants 20 | 9000: nest ground 5, crops 6, elsewhere 400, ants 19 | 12000: nest ground 3, crops 8, elsewhere 400, ants 15 | 15000: nest ground 4, crops 5, elsewhere 400, ants 15 | 18000: nest ground 2, crops 6, elsewhere 400, ants 15 | 21000: nest ground 3, crops 3, elsewhere 400, ants 14 | 24000: nest ground 1, crops 3, elsewhere 400, ants 13
    FOOD BUDGET (cells, one cell = 960 face): taken from the pile 31; chewed 47.2; on the ground off the pile 1; in crops 3; held as spoil 0; unaccounted -20.2
   90   10  hand   13/13       11719     1026        0    81481    52315   18/21       19         0 3 0 18 0
                A READ  ant-readable homeward along >= 0.02 on  58.4% of route-cell samples | FOODWARD  27.5% | plane lit on  97.9% | peak amt  33389 cells  91
                THE LOOP, ANT BY ANT:
                  0. lived                                     21    100.0% of prev    100.0% of all
                  1. reached the food                          18     85.7% of prev     85.7% of all
                  2. picked food up out there                  17     94.4% of prev     81.0% of all
                  3. turned for home with it                   17    100.0% of prev     81.0% of all
                  4. got back to the nest still holding it     17    100.0% of prev     81.0% of all
                  5. PUT IT DOWN there                         17    100.0% of prev     81.0% of all
                  6. went back out again                        9     52.9% of prev     42.9% of all
                  7. reached the food a SECOND time             4     44.4% of prev     19.0% of all
                RETURN LEDGER reached food   18 of   21 ants | came back   17 | trips laden   17 empty    2 | LOOPERS   16 of   21 ants (88.9% of those that reached food), repeat    1, most loops by one ant   2
                BY ANCHOR AT PICKUP  anchor ON nest material:   17 loops /   21 pickups ( 81.0%) | anchor OFF it:    0 /    0 (  0.0%)
                BY BIRTH SITE  born ON comb:  16 of  18 that reached food looped ( 88.9%) | born OFF comb:   0 of   0 (  0.0%)
                LEGS legs[571,1231,823,943,925,643,1537,691,1297,1945,3001,805,709,589,727,751,2515,7213,961] laden[571,1231,823,943,925,643,1537,691,1297,1945,3001,805,709,589,727,751,961]
                founded x   30..68   (nest cursor 48 MATERIAL x 26..70 20 of 21 founders born on it; food 138; nearest founder 70 cells out, farthest 108, nominal gap 90)  occupancy/1k [4 87 206 9 30 30 24 7]  carry->nest    1190  born    1 died    8 (starved    6)
                own trail: route pk   72 end   18 along -0.0022  B nest->food [2106,6461,7816,10631,8308]  blocked      268  kin swaps       0  ticks     67562  tumbles     29821 (homeward     1768, 5.93%)  drops    1566  DELIVERED  1566  leg home n   19 med   925 p90  2515 (laden n   17 med   823 p90  1537)  appetite held         0 J of     45283  trips born-on-comb   19 (20 ants) / born-off    0 (1 ants)
                channel A: PEAK amt  33389 cells   91 (of 91 route)  POLARITY|| +0.06926 && +0.06549 SPAN -0.00567 edge   0.7  end nest->food [758,4389,1756,735,0]  nest   25  AtNest 32.52%
                Carrying: laden     89293  of which SPOIL      9588 ( 10.7%)
    DECISION CENSUS: 63703 decisions, reconciled against the rows and the engine's counters
      C1 homeward re-roll: no_usable 100, bias_off 0, no_crop 21953, empty_crop 0, no_site 0, on_anchor 657, roll_failed 2552, fired 1790, fired_haul 0
      C1 fired, aimed: toward 1137, across 469, away 184
      C2 drop: roll_lost 11302, placed 0, delivered 569, no_room 0 -- no room on 0.0% of won rolls; handed on through bodies 41 (mean 2.0 steps)
      C3 cone: left 767, straight 6311, right 828; Turn nonzero on 1417 picks (largest |Turn| 7.63e-8), discarded on 692
      leg     setting          n  stepped    felllaunched swappedcrossingreversedblocked_roll_fairoll_fai no_body
      empty   pocket        1837     4.0%    8.9%    0.0%    0.0%    0.0%    0.0%    2.3%   43.4%   41.3%    0.0%
      empty   corridor      7731     9.5%    0.9%    0.0%    0.0%    0.0%    0.0%    0.3%   43.6%   45.7%    0.0%
      empty   junction     26361    13.2%    1.8%    0.0%    0.0%    0.0%    0.0%    0.2%   41.6%   43.1%    0.0%
      empty   open         12757    10.7%    2.6%    0.0%    0.0%    0.0%    0.0%    0.0%   43.1%   43.5%    0.0%
      laden   pocket         440     2.0%   13.0%    0.0%    0.0%    0.0%    0.0%    1.1%   40.7%   43.2%    0.0%
      laden   corridor      2378    10.6%    1.5%    0.0%    0.0%    0.0%    0.0%    0.4%   42.0%   45.6%    0.0%
      laden   junction      7643    15.3%    1.9%    0.0%    0.0%    0.0%    0.0%    0.2%   41.9%   40.6%    0.0%
      laden   open          1639    27.1%    3.9%    0.0%    0.0%    0.0%    0.0%    0.0%   36.1%   32.9%    0.0%
      spoil   pocket         519     4.6%    2.3%    0.0%    0.0%    0.0%    0.0%    3.5%   45.5%   44.1%    0.0%
      spoil   corridor       680     6.6%    0.3%    0.0%    0.0%    0.0%    0.0%    2.6%   42.5%   47.9%    0.0%
      spoil   junction      1520    14.9%    0.5%    0.0%    0.0%    0.0%    0.0%    1.4%   41.8%   41.4%    0.0%
      spoil   open           198    34.8%    3.5%    0.0%    0.0%    0.0%    0.0%    0.0%   30.8%   30.8%    0.0%
    DECISIONS: rows not written (decisionnorows)
    FOOD STORE (larder cells) -- 3000: nest ground 0, crops 11, elsewhere 398, ants 20 | 6000: nest ground 6, crops 17, elsewhere 400, ants 21 | 9000: nest ground 5, crops 12, elsewhere 400, ants 18 | 12000: nest ground 5, crops 2, elsewhere 400, ants 15 | 15000: nest ground 5, crops 0, elsewhere 400, ants 14 | 18000: nest ground 4, crops 0, elsewhere 400, ants 14 | 21000: nest ground 3, crops 1, elsewhere 400, ants 14 | 24000: nest ground 2, crops 1, elsewhere 400, ants 1
    FOOD BUDGET (cells, one cell = 960 face): taken from the pile 33; chewed 41.7; on the ground off the pile 2; in crops 1; held as spoil 0; unaccounted -11.7
   90   11  hand    1/1        10425      900        0    72601    41755   18/21       25         1 1 1 18 0
                A READ  ant-readable homeward along >= 0.02 on  58.4% of route-cell samples | FOODWARD  27.7% | plane lit on  98.4% | peak amt  41955 cells  91
                THE LOOP, ANT BY ANT:
                  0. lived                                     21    100.0% of prev    100.0% of all
                  1. reached the food                          18     85.7% of prev     85.7% of all
                  2. picked food up out there                  18    100.0% of prev     85.7% of all
                  3. turned for home with it                   18    100.0% of prev     85.7% of all
                  4. got back to the nest still holding it     18    100.0% of prev     85.7% of all
                  5. PUT IT DOWN there                         18    100.0% of prev     85.7% of all
                  6. went back out again                       17     94.4% of prev     81.0% of all
                  7. reached the food a SECOND time             9     52.9% of prev     42.9% of all
                RETURN LEDGER reached food   18 of   21 ants | came back   18 | trips laden   22 empty    3 | LOOPERS   17 of   21 ants (94.4% of those that reached food), repeat    5, most loops by one ant   2
                BY ANCHOR AT PICKUP  anchor ON nest material:   22 loops /   25 pickups ( 88.0%) | anchor OFF it:    0 /    0 (  0.0%)
                BY BIRTH SITE  born ON comb:  17 of  18 that reached food looped ( 94.4%) | born OFF comb:   0 of   0 (  0.0%)
                LEGS legs[697,601,775,739,733,793,1357,1429,1159,877,1177,751,1591,781,565,2137,739,1519,2479,859,2599,5215,637,1711,1765] laden[697,601,775,739,733,793,1357,1429,1159,877,1177,751,1591,781,565,2137,739,1519,2479,859,2599,637]
                founded x   30..68   (nest cursor 48 MATERIAL x 26..70 20 of 21 founders born on it; food 138; nearest founder 70 cells out, farthest 108, nominal gap 90)  occupancy/1k [6 22 245 16 20 27 32 10]  carry->nest    1400  born    1 died   20 (starved   18)
                own trail: route pk   66 end    5 along +0.0000  B nest->food [2106,5953,7945,10632,8308]  blocked      208  kin swaps       0  ticks     63705  tumbles     27052 (homeward     1790, 6.62%)  drops     569  DELIVERED   569  leg home n   25 med   877 p90  2479 (laden n   22 med   859 p90  2137)  appetite held         0 J of     40005  trips born-on-comb   25 (20 ants) / born-off    0 (1 ants)
                channel A: PEAK amt  41955 cells   91 (of 91 route)  POLARITY|| +0.05175 && +0.04865 SPAN -0.00826 edge   0.4  end nest->food [1007,6094,2839,1605,54]  nest   25  AtNest 23.04%
                Carrying: laden     90103  of which SPOIL     23904 ( 26.5%)
    DECISION CENSUS: 66519 decisions, reconciled against the rows and the engine's counters
      C1 homeward re-roll: no_usable 155, bias_off 0, no_crop 22453, empty_crop 0, no_site 0, on_anchor 1468, roll_failed 2692, fired 1731, fired_haul 0
      C1 fired, aimed: toward 1190, across 383, away 158
      C2 drop: roll_lost 11879, placed 0, delivered 1254, no_room 2 -- no room on 0.2% of won rolls; handed on through bodies 20 (mean 2.0 steps)
      C3 cone: left 829, straight 6730, right 737; Turn nonzero on 1072 picks (largest |Turn| 7.63e-8), discarded on 507
      leg     setting          n  stepped    felllaunched swappedcrossingreversedblocked_roll_fairoll_fai no_body
      empty   pocket        2453     4.2%    8.8%    0.0%    0.0%    0.0%    0.0%    2.0%   42.8%   42.2%    0.0%
      empty   corridor      4405    16.0%    2.1%    0.0%    0.0%    0.0%    0.0%    0.5%   40.6%   40.7%    0.0%
      empty   junction     32010    12.0%    1.9%    0.0%    0.0%    0.0%    0.0%    0.2%   42.9%   43.0%    0.0%
      empty   open         11694    12.7%    2.5%    0.0%    0.0%    0.0%    0.0%    0.0%   42.5%   42.3%    0.0%
      laden   pocket         985     1.1%    8.1%    0.0%    0.0%    0.0%    0.0%    0.3%   45.3%   45.2%    0.0%
      laden   corridor      2411    16.2%    1.1%    0.0%    0.0%    0.0%    0.0%    0.4%   41.4%   41.0%    0.0%
      laden   junction      8482    10.7%    1.1%    0.0%    0.0%    0.0%    0.0%    0.3%   44.1%   43.8%    0.0%
      laden   open          1708    17.4%    3.2%    0.0%    0.0%    0.0%    0.0%    0.0%   39.4%   40.0%    0.0%
      spoil   pocket         874     9.8%    1.8%    0.0%    0.0%    0.0%    0.0%    8.7%   39.4%   40.3%    0.0%
      spoil   corridor       337    29.7%    1.5%    0.0%    0.0%    0.0%    0.0%    3.6%   28.5%   36.8%    0.0%
      spoil   junction       875    33.4%    1.3%    0.0%    0.0%    0.0%    0.0%    2.1%   30.6%   32.7%    0.0%
      spoil   open           285    32.6%    2.5%    0.0%    0.0%    0.0%    0.0%    0.0%   33.7%   31.2%    0.0%
    DECISIONS: rows not written (decisionnorows)
    FOOD STORE (larder cells) -- 3000: nest ground 2, crops 10, elsewhere 400, ants 20 | 6000: nest ground 3, crops 15, elsewhere 400, ants 21 | 9000: nest ground 2, crops 7, elsewhere 400, ants 17 | 12000: nest ground 1, crops 2, elsewhere 400, ants 16 | 15000: nest ground 0, crops 2, elsewhere 400, ants 15 | 18000: nest ground 2, crops 2, elsewhere 400, ants 15 | 21000: nest ground 1, crops 1, elsewhere 400, ants 14 | 24000: nest ground 1, crops 0, elsewhere 400, ants 11
    FOOD BUDGET (cells, one cell = 960 face): taken from the pile 33; chewed 46.9; on the ground off the pile 1; in crops 0; held as spoil 0; unaccounted -14.9
   90   12  hand   11/11       11563      810        0    81528    45450   18/21       21         1 2 0 18 0
                A READ  ant-readable homeward along >= 0.02 on  58.7% of route-cell samples | FOODWARD  27.1% | plane lit on  98.3% | peak amt  35172 cells  91
                THE LOOP, ANT BY ANT:
                  0. lived                                     21    100.0% of prev    100.0% of all
                  1. reached the food                          18     85.7% of prev     85.7% of all
                  2. picked food up out there                  17     94.4% of prev     81.0% of all
                  3. turned for home with it                   16     94.1% of prev     76.2% of all
                  4. got back to the nest still holding it     15     93.8% of prev     71.4% of all
                  5. PUT IT DOWN there                         15    100.0% of prev     71.4% of all
                  6. went back out again                        8     53.3% of prev     38.1% of all
                  7. reached the food a SECOND time             3     37.5% of prev     14.3% of all
                RETURN LEDGER reached food   18 of   21 ants | came back   17 | trips laden   13 empty    8 | LOOPERS   13 of   21 ants (72.2% of those that reached food), repeat    0, most loops by one ant   1
                BY ANCHOR AT PICKUP  anchor ON nest material:   13 loops /   21 pickups ( 61.9%) | anchor OFF it:    0 /    0 (  0.0%)
                BY BIRTH SITE  born ON comb:  13 of  18 that reached food looped ( 72.2%) | born OFF comb:   0 of   0 (  0.0%)
                LEGS legs[577,1075,661,763,661,907,709,745,1003,649,2401,421,2527,757,2017,4057,4141,4441,7561,10867,3733] laden[577,1075,661,763,661,907,709,745,1003,649,2401,421,757]
                founded x   30..68   (nest cursor 48 MATERIAL x 26..70 20 of 21 founders born on it; food 138; nearest founder 70 cells out, farthest 108, nominal gap 90)  occupancy/1k [4 101 166 17 28 43 27 9]  carry->nest    1064  born    1 died   10 (starved    3)
                own trail: route pk   71 end   12 along -0.0000  B nest->food [2106,6671,7801,10656,8308]  blocked      286  kin swaps       0  ticks     66526  tumbles     28499 (homeward     1731, 6.07%)  drops    1254  DELIVERED  1254  leg home n   21 med  1003 p90  4441 (laden n   13 med   745 p90  1075)  appetite held         0 J of     45021  trips born-on-comb   21 (20 ants) / born-off    0 (1 ants)
                channel A: PEAK amt  35172 cells   91 (of 91 route)  POLARITY|| +0.05968 && +0.05602 SPAN -0.00690 edge   0.4  end nest->food [657,17007,2027,1069,0]  nest   25  AtNest 16.01%
                Carrying: laden     95757  of which SPOIL     15981 ( 16.7%)
    DECISION CENSUS: 50477 decisions, reconciled against the rows and the engine's counters
      C1 homeward re-roll: no_usable 152, bias_off 0, no_crop 15955, empty_crop 0, no_site 0, on_anchor 1428, roll_failed 1571, fired 1205, fired_haul 0
      C1 fired, aimed: toward 1070, across 102, away 33
      C2 drop: roll_lost 8800, placed 0, delivered 1106, no_room 0 -- no room on 0.0% of won rolls; handed on through bodies 45 (mean 2.0 steps)
      C3 cone: left 854, straight 7184, right 809; Turn nonzero on 1919 picks (largest |Turn| 1.14e-7), discarded on 1110
      leg     setting          n  stepped    felllaunched swappedcrossingreversedblocked_roll_fairoll_fai no_body
      empty   pocket        1992     7.0%   12.1%    0.0%    0.0%    0.0%    0.0%    3.8%   39.9%   37.3%    0.0%
      empty   corridor      2831    31.8%    3.3%    0.0%    0.0%    0.0%    0.0%    1.6%   32.1%   31.2%    0.0%
      empty   junction     20015    19.7%    2.8%    0.0%    0.0%    0.0%    0.0%    0.5%   38.6%   38.4%    0.0%
      empty   open         12231    13.1%    3.3%    0.0%    0.0%    0.0%    0.0%    0.0%   41.9%   41.6%    0.0%
      laden   pocket         361     2.8%   18.6%    0.0%    0.0%    0.0%    0.0%    0.3%   37.1%   41.3%    0.0%
      laden   corridor      1703    12.5%    0.8%    0.0%    0.0%    0.0%    0.0%    0.2%   42.9%   43.6%    0.0%
      laden   junction      5856    14.3%    1.9%    0.0%    0.0%    0.0%    0.0%    0.3%   42.3%   41.2%    0.0%
      laden   open          2265    14.7%    3.1%    0.2%    0.0%    0.0%    0.0%    0.0%   39.4%   42.6%    0.0%
      spoil   pocket        1190    15.6%    0.7%    0.0%    0.0%    0.0%    0.0%   13.3%   37.2%   33.2%    0.0%
      spoil   corridor       519    48.9%    0.6%    0.0%    0.0%    0.0%    0.0%    3.5%   24.3%   22.7%    0.0%
      spoil   junction      1140    29.1%    0.5%    0.0%    0.0%    0.0%    0.0%    2.4%   33.0%   35.0%    0.0%
      spoil   open           374    24.9%    0.8%    0.0%    0.0%    0.0%    0.0%    0.0%   36.6%   37.7%    0.0%
    DECISIONS: rows not written (decisionnorows)
    FOOD STORE (larder cells) -- 3000: nest ground 0, crops 9, elsewhere 399, ants 21 | 6000: nest ground 5, crops 9, elsewhere 400, ants 15 | 9000: nest ground 2, crops 7, elsewhere 400, ants 13 | 12000: nest ground 0, crops 3, elsewhere 400, ants 13 | 15000: nest ground 0, crops 1, elsewhere 401, ants 12 | 18000: nest ground 0, crops 2, elsewhere 400, ants 7 | 21000: nest ground 2, crops 1, elsewhere 399, ants 7 | 24000: nest ground 2, crops 1, elsewhere 400, ants 7
    FOOD BUDGET (cells, one cell = 960 face): taken from the pile 35; chewed 34.5; on the ground off the pile 2; in crops 1; held as spoil 0; unaccounted -2.5
   90   13  hand    7/7        12681     1044        0    61866    30691   17/25       13         3 1 0 21 0
                A READ  ant-readable homeward along >= 0.02 on  58.3% of route-cell samples | FOODWARD  26.6% | plane lit on  98.1% | peak amt  38745 cells  91
                THE LOOP, ANT BY ANT:
                  0. lived                                     25    100.0% of prev    100.0% of all
                  1. reached the food                          17     68.0% of prev     68.0% of all
                  2. picked food up out there                  14     82.4% of prev     56.0% of all
                  3. turned for home with it                   13     92.9% of prev     52.0% of all
                  4. got back to the nest still holding it     12     92.3% of prev     48.0% of all
                  5. PUT IT DOWN there                         12    100.0% of prev     48.0% of all
                  6. went back out again                       12    100.0% of prev     48.0% of all
                  7. reached the food a SECOND time             6     50.0% of prev     24.0% of all
                RETURN LEDGER reached food   17 of   25 ants | came back   12 | trips laden   13 empty    0 | LOOPERS   12 of   25 ants (70.6% of those that reached food), repeat    1, most loops by one ant   2
                BY ANCHOR AT PICKUP  anchor ON nest material:   13 loops /   18 pickups ( 72.2%) | anchor OFF it:    0 /    3 (  0.0%)
                BY BIRTH SITE  born ON comb:  12 of  16 that reached food looped ( 75.0%) | born OFF comb:   0 of   1 (  0.0%)
                LEGS legs[541,637,511,847,445,949,625,925,1111,1003,673,1405,1777] laden[541,637,511,847,445,949,625,925,1111,1003,673,1405,1777]
                founded x   30..68   (nest cursor 48 MATERIAL x 26..70 20 of 25 founders born on it; food 138; nearest founder 70 cells out, farthest 108, nominal gap 90)  occupancy/1k [17 72 51 12 24 34 78 12]  carry->nest     895  born    5 died   18 (starved   15)
                own trail: route pk   74 end   21 along +0.0263  B nest->food [2106,5811,7792,10500,8308]  blocked      441  kin swaps       0  ticks     50581  tumbles     20311 (homeward     1205, 5.93%)  drops    1106  DELIVERED  1106  leg home n   13 med   847 p90  1405 (laden n   13 med   847 p90  1405)  appetite held         0 J of     33130  trips born-on-comb   13 (21 ants) / born-off    0 (4 ants)
                channel A: PEAK amt  38745 cells   91 (of 91 route)  POLARITY|| +0.06736 && +0.06435 SPAN -0.00587 edge   0.4  end nest->food [1379,21385,3465,1274,0]  nest   25  AtNest 24.07%
                Carrying: laden     81254  of which SPOIL     20176 ( 24.8%)
    DECISION CENSUS: 64686 decisions, reconciled against the rows and the engine's counters
      C1 homeward re-roll: no_usable 122, bias_off 0, no_crop 22910, empty_crop 0, no_site 0, on_anchor 2919, roll_failed 1766, fired 910, fired_haul 0
      C1 fired, aimed: toward 676, across 56, away 178
      C2 drop: roll_lost 10303, placed 0, delivered 2066, no_room 0 -- no room on 0.0% of won rolls; handed on through bodies 69 (mean 2.0 steps)
      C3 cone: left 605, straight 5464, right 590; Turn nonzero on 931 picks (largest |Turn| 7.63e-8), discarded on 606
      leg     setting          n  stepped    felllaunched swappedcrossingreversedblocked_roll_fairoll_fai no_body
      empty   pocket        2808     3.3%    8.9%    0.0%    0.0%    0.0%    0.0%    1.5%   43.2%   43.1%    0.0%
      empty   corridor      6207    15.1%    0.9%    0.0%    0.0%    0.0%    0.0%    0.6%   41.5%   41.9%    0.0%
      empty   junction     28428    10.7%    1.2%    0.0%    0.0%    0.0%    0.0%    0.2%   44.0%   43.8%    0.0%
      empty   open         11907     6.8%    1.4%    0.0%    0.0%    0.0%    0.0%    0.0%   46.0%   45.8%    0.0%
      laden   pocket        1329     1.0%    3.5%    0.0%    0.0%    0.0%    0.0%    0.7%   47.0%   47.9%    0.0%
      laden   corridor      1638    17.6%    0.5%    0.0%    0.0%    0.0%    0.0%    0.1%   41.2%   40.5%    0.0%
      laden   junction      6925    12.2%    1.1%    0.0%    0.0%    0.0%    0.0%    0.3%   43.2%   43.3%    0.0%
      laden   open          2846     7.6%    0.8%    0.0%    0.0%    0.0%    0.0%    0.0%   44.3%   47.3%    0.0%
      spoil   pocket         586     6.5%    0.9%    0.0%    0.0%    0.0%    0.0%    5.3%   44.5%   42.8%    0.0%
      spoil   corridor       382    21.7%    0.3%    0.0%    0.0%    0.0%    0.0%    3.4%   38.5%   36.1%    0.0%
      spoil   junction      1071    23.1%    0.3%    0.0%    0.0%    0.0%    0.0%    2.5%   35.9%   38.2%    0.0%
      spoil   open           559     9.7%    0.4%    0.0%    0.0%    0.0%    0.0%    0.0%   46.7%   43.3%    0.0%
    DECISIONS: rows not written (decisionnorows)
    FOOD STORE (larder cells) -- 3000: nest ground 4, crops 8, elsewhere 399, ants 20 | 6000: nest ground 1, crops 15, elsewhere 400, ants 20 | 9000: nest ground 4, crops 7, elsewhere 400, ants 20 | 12000: nest ground 5, crops 5, elsewhere 400, ants 13 | 15000: nest ground 5, crops 2, elsewhere 400, ants 13 | 18000: nest ground 6, crops 1, elsewhere 400, ants 13 | 21000: nest ground 5, crops 2, elsewhere 400, ants 12 | 24000: nest ground 6, crops 1, elsewhere 400, ants 11
    FOOD BUDGET (cells, one cell = 960 face): taken from the pile 26; chewed 44.3; on the ground off the pile 6; in crops 1; held as spoil 0; unaccounted -25.3
   90   14  hand   11/11       11108      942        0    76429    50971   13/21       15         0 5 0 16 0
                A READ  ant-readable homeward along >= 0.02 on  63.0% of route-cell samples | FOODWARD  25.4% | plane lit on  97.5% | peak amt  48932 cells  91
                THE LOOP, ANT BY ANT:
                  0. lived                                     21    100.0% of prev    100.0% of all
                  1. reached the food                          13     61.9% of prev     61.9% of all
                  2. picked food up out there                  12     92.3% of prev     57.1% of all
                  3. turned for home with it                   12    100.0% of prev     57.1% of all
                  4. got back to the nest still holding it     12    100.0% of prev     57.1% of all
                  5. PUT IT DOWN there                         12    100.0% of prev     57.1% of all
                  6. went back out again                        7     58.3% of prev     33.3% of all
                  7. reached the food a SECOND time             7    100.0% of prev     33.3% of all
                RETURN LEDGER reached food   13 of   21 ants | came back   12 | trips laden   13 empty    2 | LOOPERS   10 of   21 ants (76.9% of those that reached food), repeat    3, most loops by one ant   2
                BY ANCHOR AT PICKUP  anchor ON nest material:   13 loops /   19 pickups ( 68.4%) | anchor OFF it:    0 /    0 (  0.0%)
                BY BIRTH SITE  born ON comb:  10 of  13 that reached food looped ( 76.9%) | born OFF comb:   0 of   0 (  0.0%)
                LEGS legs[469,667,475,667,451,517,1027,991,583,1147,925,1525,1225,5005,3967] laden[469,667,475,667,451,517,1027,991,583,1147,925,1525,1225]
                founded x   30..68   (nest cursor 48 MATERIAL x 26..70 20 of 21 founders born on it; food 138; nearest founder 70 cells out, farthest 108, nominal gap 90)  occupancy/1k [3 76 210 21 23 31 17 4]  carry->nest    1040  born    1 died   10 (starved    7)
                own trail: route pk   71 end   12 along +0.0012  B nest->food [2106,5648,7870,10496,8308]  blocked      232  kin swaps       0  ticks     64689  tumbles     28627 (homeward      910, 3.18%)  drops    2066  DELIVERED  2066  leg home n   15 med   925 p90  3967 (laden n   13 med   667 p90  1225)  appetite held         0 J of     42552  trips born-on-comb   15 (20 ants) / born-off    0 (1 ants)
                channel A: PEAK amt  48932 cells   91 (of 91 route)  POLARITY|| +0.08388 && +0.07962 SPAN -0.00435 edge   1.1  end nest->food [1308,7991,2528,717,0]  nest   25  AtNest 41.18%
                Carrying: laden     92018  of which SPOIL     20299 ( 22.1%)
    DECISION CENSUS: 63282 decisions, reconciled against the rows and the engine's counters
      C1 homeward re-roll: no_usable 43, bias_off 0, no_crop 21447, empty_crop 0, no_site 0, on_anchor 1779, roll_failed 2106, fired 2470, fired_haul 0
      C1 fired, aimed: toward 1430, across 251, away 789
      C2 drop: roll_lost 12313, placed 0, delivered 1520, no_room 1 -- no room on 0.1% of won rolls; handed on through bodies 110 (mean 2.3 steps)
      C3 cone: left 563, straight 5778, right 534; Turn nonzero on 1231 picks (largest |Turn| 7.63e-8), discarded on 712
      leg     setting          n  stepped    felllaunched swappedcrossingreversedblocked_roll_fairoll_fai no_body
      empty   pocket        5574     2.6%    2.1%    0.0%    0.0%    0.0%    0.0%    1.4%   46.0%   47.8%    0.0%
      empty   corridor     10824    13.5%    0.4%    0.0%    0.0%    0.0%    0.0%    0.2%   42.6%   43.3%    0.0%
      empty   junction     25667    10.0%    1.4%    0.0%    0.0%    0.0%    0.0%    0.1%   44.5%   44.0%    0.0%
      empty   open          3730    22.7%    5.7%    0.0%    0.0%    0.0%    0.0%    0.0%   36.1%   35.5%    0.0%
      laden   pocket         605     3.1%    8.4%    0.0%    0.0%    0.0%    0.0%    0.0%   44.0%   44.5%    0.0%
      laden   corridor      2787    10.3%    0.5%    0.0%    0.0%    0.0%    0.0%    0.6%   44.6%   44.0%    0.0%
      laden   junction      9702     7.6%    0.8%    0.0%    0.0%    0.0%    0.0%    0.2%   45.7%   45.8%    0.0%
      laden   open          1149    21.8%    5.7%    0.0%    0.0%    0.0%    0.0%    0.0%   36.3%   36.2%    0.0%
      spoil   pocket        1083     7.4%    1.2%    0.0%    0.0%    0.0%    0.0%    6.2%   42.0%   43.2%    0.0%
      spoil   corridor       805    26.5%    0.4%    0.0%    0.0%    0.0%    0.0%    1.5%   35.4%   36.3%    0.0%
      spoil   junction      1179    16.1%    0.8%    0.0%    0.0%    0.0%    0.0%    1.8%   41.7%   39.5%    0.0%
      spoil   open           177    36.7%    0.6%    0.0%    0.0%    0.0%    0.0%    0.0%   29.4%   33.3%    0.0%
    DECISIONS: rows not written (decisionnorows)
    FOOD STORE (larder cells) -- 3000: nest ground 1, crops 13, elsewhere 399, ants 19 | 6000: nest ground 10, crops 11, elsewhere 400, ants 19 | 9000: nest ground 7, crops 11, elsewhere 400, ants 15 | 12000: nest ground 9, crops 4, elsewhere 400, ants 16 | 15000: nest ground 6, crops 5, elsewhere 400, ants 15 | 18000: nest ground 7, crops 1, elsewhere 400, ants 15 | 21000: nest ground 3, crops 6, elsewhere 400, ants 13 | 24000: nest ground 5, crops 3, elsewhere 400, ants 12
    FOOD BUDGET (cells, one cell = 960 face): taken from the pile 40; chewed 48.4; on the ground off the pile 5; in crops 3; held as spoil 0; unaccounted -16.4
   90   15  hand   12/12       13160     1014        0    87927    55561   18/22       14         1 2 0 19 0
                A READ  ant-readable homeward along >= 0.02 on  58.2% of route-cell samples | FOODWARD  27.5% | plane lit on  97.3% | peak amt  35227 cells  91
                THE LOOP, ANT BY ANT:
                  0. lived                                     22    100.0% of prev    100.0% of all
                  1. reached the food                          18     81.8% of prev     81.8% of all
                  2. picked food up out there                  18    100.0% of prev     81.8% of all
                  3. turned for home with it                   14     77.8% of prev     63.6% of all
                  4. got back to the nest still holding it     14    100.0% of prev     63.6% of all
                  5. PUT IT DOWN there                         14    100.0% of prev     63.6% of all
                  6. went back out again                       11     78.6% of prev     50.0% of all
                  7. reached the food a SECOND time             0      0.0% of prev      0.0% of all
                RETURN LEDGER reached food   18 of   22 ants | came back   14 | trips laden   14 empty    0 | LOOPERS   14 of   22 ants (77.8% of those that reached food), repeat    0, most loops by one ant   1
                BY ANCHOR AT PICKUP  anchor ON nest material:   14 loops /   16 pickups ( 87.5%) | anchor OFF it:    0 /    3 (  0.0%)
                BY BIRTH SITE  born ON comb:  14 of  16 that reached food looped ( 87.5%) | born OFF comb:   0 of   2 (  0.0%)
                LEGS legs[607,919,1357,637,1051,595,829,973,1243,565,613,1525,2611,799] laden[607,919,1357,637,1051,595,829,973,1243,565,613,1525,2611,799]
                founded x   30..68   (nest cursor 48 MATERIAL x 26..70 20 of 22 founders born on it; food 138; nearest founder 70 cells out, farthest 108, nominal gap 90)  occupancy/1k [5 47 232 11 14 16 33 23]  carry->nest     904  born    2 died   10 (starved    4)
                own trail: route pk   33 end   29 along +0.0075  B nest->food [2106,5093,7697,10362,8308]  blocked      263  kin swaps       0  ticks     63288  tumbles     27845 (homeward     2470, 8.87%)  drops    1520  DELIVERED  1520  leg home n   14 med   919 p90  1525 (laden n   14 med   919 p90  1525)  appetite held         0 J of     46503  trips born-on-comb   14 (20 ants) / born-off    0 (2 ants)
                channel A: PEAK amt  35227 cells   91 (of 91 route)  POLARITY|| +0.07391 && +0.06962 SPAN -0.00658 edge   1.0  end nest->food [977,9506,2256,656,0]  nest   25  AtNest 27.74%
                Carrying: laden    107443  of which SPOIL     26866 ( 25.0%)
    DECISION CENSUS: 49933 decisions, reconciled against the rows and the engine's counters
      C1 homeward re-roll: no_usable 159, bias_off 0, no_crop 15338, empty_crop 0, no_site 0, on_anchor 2196, roll_failed 1600, fired 994, fired_haul 0
      C1 fired, aimed: toward 786, across 72, away 136
      C2 drop: roll_lost 9900, placed 0, delivered 995, no_room 0 -- no room on 0.0% of won rolls; handed on through bodies 24 (mean 2.0 steps)
      C3 cone: left 871, straight 6716, right 809; Turn nonzero on 1067 picks (largest |Turn| 7.63e-8), discarded on 673
      leg     setting          n  stepped    felllaunched swappedcrossingreversedblocked_roll_fairoll_fai no_body
      empty   pocket        2904     6.4%    8.0%    0.0%    0.0%    0.0%    0.0%    3.2%   42.7%   39.8%    0.0%
      empty   corridor      2503    34.7%    3.2%    0.0%    0.0%    0.0%    0.0%    1.3%   30.0%   30.8%    0.0%
      empty   junction     20644    16.8%    2.8%    0.0%    0.0%    0.0%    0.0%    0.4%   40.2%   39.9%    0.0%
      empty   open          9830    16.9%    3.7%    0.0%    0.0%    0.0%    0.0%    0.0%   40.0%   39.4%    0.0%
      laden   pocket        1374     0.9%    5.7%    0.0%    0.0%    0.0%    0.0%    0.4%   46.4%   46.6%    0.0%
      laden   corridor       853    21.8%    2.3%    0.0%    0.0%    0.0%    0.0%    0.6%   37.3%   38.0%    0.0%
      laden   junction      4623    17.0%    2.1%    0.0%    0.0%    0.0%    0.0%    0.5%   40.6%   39.7%    0.0%
      laden   open          4310     9.4%    1.6%    0.0%    0.0%    0.0%    0.0%    0.0%   45.1%   43.8%    0.0%
      spoil   pocket        1260    13.3%    0.5%    0.0%    0.0%    0.0%    0.0%    9.8%   35.9%   40.6%    0.0%
      spoil   corridor       663    45.7%    0.2%    0.0%    0.0%    0.0%    0.0%    3.2%   24.0%   27.0%    0.0%
      spoil   junction       708    38.0%    1.1%    0.0%    0.0%    0.0%    0.0%    3.5%   28.8%   28.5%    0.0%
      spoil   open           261    34.1%    3.1%    0.0%    0.0%    0.0%    0.0%    0.0%   30.3%   32.6%    0.0%
    DECISIONS: rows not written (decisionnorows)
    FOOD STORE (larder cells) -- 3000: nest ground 3, crops 13, elsewhere 396, ants 20 | 6000: nest ground 1, crops 16, elsewhere 400, ants 22 | 9000: nest ground 2, crops 2, elsewhere 400, ants 19 | 12000: nest ground 2, crops 4, elsewhere 400, ants 8 | 15000: nest ground 0, crops 4, elsewhere 400, ants 7 | 18000: nest ground 1, crops 2, elsewhere 400, ants 7 | 21000: nest ground 1, crops 0, elsewhere 400, ants 6 | 24000: nest ground 0, crops 1, elsewhere 400, ants 6
    FOOD BUDGET (cells, one cell = 960 face): taken from the pile 32; chewed 37.7; on the ground off the pile 0; in crops 1; held as spoil 0; unaccounted -6.7
   90   16  hand    6/6        11914      888        0    65722    39646   16/23       15         5 1 1 16 0
                A READ  ant-readable homeward along >= 0.02 on  60.5% of route-cell samples | FOODWARD  25.6% | plane lit on  98.3% | peak amt  43144 cells  91
                THE LOOP, ANT BY ANT:
                  0. lived                                     23    100.0% of prev    100.0% of all
                  1. reached the food                          16     69.6% of prev     69.6% of all
                  2. picked food up out there                  16    100.0% of prev     69.6% of all
                  3. turned for home with it                   14     87.5% of prev     60.9% of all
                  4. got back to the nest still holding it     13     92.9% of prev     56.5% of all
                  5. PUT IT DOWN there                         13    100.0% of prev     56.5% of all
                  6. went back out again                       11     84.6% of prev     47.8% of all
                  7. reached the food a SECOND time             6     54.5% of prev     26.1% of all
                RETURN LEDGER reached food   16 of   23 ants | came back   13 | trips laden   15 empty    0 | LOOPERS   13 of   23 ants (81.2% of those that reached food), repeat    2, most loops by one ant   2
                BY ANCHOR AT PICKUP  anchor ON nest material:   15 loops /   22 pickups ( 68.2%) | anchor OFF it:    0 /    0 (  0.0%)
                BY BIRTH SITE  born ON comb:  13 of  16 that reached food looped ( 81.2%) | born OFF comb:   0 of   0 (  0.0%)
                LEGS legs[589,871,559,1009,715,475,565,919,601,595,811,1543,751,835,661] laden[589,871,559,1009,715,475,565,919,601,595,811,1543,751,835,661]
                founded x   30..68   (nest cursor 48 MATERIAL x 26..70 20 of 23 founders born on it; food 138; nearest founder 70 cells out, farthest 108, nominal gap 90)  occupancy/1k [4 89 78 17 23 55 23 4]  carry->nest    1090  born    3 died   17 (starved   14)
                own trail: route pk   76 end   12 along -0.0063  B nest->food [2106,6260,7791,10675,8308]  blocked      401  kin swaps       0  ticks     49936  tumbles     20287 (homeward      994, 4.90%)  drops     995  DELIVERED   995  leg home n   15 med   715 p90  1009 (laden n   15 med   715 p90  1009)  appetite held         0 J of     36195  trips born-on-comb   15 (20 ants) / born-off    0 (3 ants)
                channel A: PEAK amt  43144 cells   91 (of 91 route)  POLARITY|| +0.06771 && +0.06502 SPAN -0.00736 edge   0.4  end nest->food [1168,5457,3095,1607,5]  nest   25  AtNest 23.63%
                Carrying: laden     83074  of which SPOIL     18102 ( 21.8%)
    DECISION CENSUS: 76468 decisions, reconciled against the rows and the engine's counters
      C1 homeward re-roll: no_usable 94, bias_off 0, no_crop 28155, empty_crop 0, no_site 0, on_anchor 533, roll_failed 2878, fired 3046, fired_haul 0
      C1 fired, aimed: toward 1844, across 753, away 449
      C2 drop: roll_lost 14016, placed 0, delivered 568, no_room 0 -- no room on 0.0% of won rolls; handed on through bodies 73 (mean 2.1 steps)
      C3 cone: left 562, straight 5009, right 547; Turn nonzero on 932 picks (largest |Turn| 7.63e-8), discarded on 494
      leg     setting          n  stepped    felllaunched swappedcrossingreversedblocked_roll_fairoll_fai no_body
      empty   pocket        2274     2.5%    7.1%    0.0%    0.0%    0.0%    0.0%    0.7%   44.1%   45.6%    0.0%
      empty   corridor      7839     8.6%    0.8%    0.0%    0.0%    0.0%    0.0%    0.2%   45.7%   44.6%    0.0%
      empty   junction     35243     7.3%    0.9%    0.0%    0.0%    0.0%    0.0%    0.1%   45.6%   46.1%    0.0%
      empty   open         14111     7.3%    1.8%    0.0%    0.0%    0.0%    0.0%    0.0%   45.7%   45.2%    0.0%
      laden   pocket         767     0.5%   10.8%    0.0%    0.0%    0.0%    0.0%    0.3%   46.0%   42.4%    0.0%
      laden   corridor      2646    10.4%    1.1%    0.0%    0.0%    0.0%    0.0%    0.3%   44.1%   44.1%    0.0%
      laden   junction      8651    11.1%    1.0%    0.0%    0.0%    0.0%    0.0%    0.2%   43.5%   44.2%    0.0%
      laden   open          2638    11.1%    2.2%    0.0%    0.0%    0.0%    0.0%    0.0%   44.3%   42.4%    0.0%
      spoil   pocket         821     1.7%    0.0%    0.0%    0.0%    0.0%    0.0%    2.2%   46.8%   49.3%    0.0%
      spoil   corridor       148    23.6%    0.7%    0.0%    0.0%    0.0%    0.0%    6.8%   35.8%   33.1%    0.0%
      spoil   junction       856    15.8%    0.1%    0.0%    0.0%    0.0%    0.0%    0.9%   44.6%   38.6%    0.0%
      spoil   open           474     9.3%    0.4%    0.0%    0.0%    0.0%    0.0%    0.0%   46.4%   43.9%    0.0%
    DECISIONS: rows not written (decisionnorows)
    FOOD STORE (larder cells) -- 3000: nest ground 1, crops 18, elsewhere 396, ants 20 | 6000: nest ground 5, crops 24, elsewhere 400, ants 19 | 9000: nest ground 5, crops 14, elsewhere 400, ants 19 | 12000: nest ground 3, crops 1, elsewhere 400, ants 19 | 15000: nest ground 2, crops 1, elsewhere 400, ants 19 | 18000: nest ground 1, crops 1, elsewhere 400, ants 19 | 21000: nest ground 1, crops 1, elsewhere 400, ants 19 | 24000: nest ground 1, crops 1, elsewhere 400, ants 18
    FOOD BUDGET (cells, one cell = 960 face): taken from the pile 41; chewed 50.6; on the ground off the pile 1; in crops 1; held as spoil 0; unaccounted -11.6
   90   17  hand   18/18       12735      762        0    88219    67351   18/22       22         1 3 0 18 0
                A READ  ant-readable homeward along >= 0.02 on  59.0% of route-cell samples | FOODWARD  26.5% | plane lit on  98.5% | peak amt  35156 cells  91
                THE LOOP, ANT BY ANT:
                  0. lived                                     22    100.0% of prev    100.0% of all
                  1. reached the food                          18     81.8% of prev     81.8% of all
                  2. picked food up out there                  18    100.0% of prev     81.8% of all
                  3. turned for home with it                   17     94.4% of prev     77.3% of all
                  4. got back to the nest still holding it     17    100.0% of prev     77.3% of all
                  5. PUT IT DOWN there                         17    100.0% of prev     77.3% of all
                  6. went back out again                        9     52.9% of prev     40.9% of all
                  7. reached the food a SECOND time             5     55.6% of prev     22.7% of all
                RETURN LEDGER reached food   18 of   22 ants | came back   17 | trips laden   21 empty    1 | LOOPERS   17 of   22 ants (94.4% of those that reached food), repeat    4, most loops by one ant   2
                BY ANCHOR AT PICKUP  anchor ON nest material:   21 loops /   22 pickups ( 95.5%) | anchor OFF it:    0 /    0 (  0.0%)
                BY BIRTH SITE  born ON comb:  17 of  18 that reached food looped ( 94.4%) | born OFF comb:   0 of   0 (  0.0%)
                LEGS legs[991,493,1261,715,1015,1273,667,949,739,757,643,577,493,517,739,637,505,571,715,727,2071,2149] laden[991,493,1261,715,1015,1273,667,949,739,757,643,577,493,517,739,637,505,571,715,727,2071]
                founded x   30..68   (nest cursor 48 MATERIAL x 26..70 20 of 22 founders born on it; food 138; nearest founder 70 cells out, farthest 108, nominal gap 90)  occupancy/1k [11 178 191 12 15 22 18 8]  carry->nest    1273  born    2 died    4 (starved    2)
                own trail: route pk   48 end   14 along +0.0083  B nest->food [2106,5917,7880,10517,8309]  blocked      118  kin swaps       0  ticks     76470  tumbles     34706 (homeward     3046, 8.78%)  drops     568  DELIVERED   568  leg home n   22 med   727 p90  1273 (laden n   21 med   715 p90  1261)  appetite held         0 J of     48535  trips born-on-comb   22 (20 ants) / born-off    0 (2 ants)
                channel A: PEAK amt  35156 cells   91 (of 91 route)  POLARITY|| +0.06010 && +0.05721 SPAN -0.00328 edge   0.6  end nest->food [646,9338,1764,866,0]  nest   25  AtNest 30.51%
                Carrying: laden    102013  of which SPOIL     14046 ( 13.8%)
    DECISION CENSUS: 67624 decisions, reconciled against the rows and the engine's counters
      C1 homeward re-roll: no_usable 99, bias_off 0, no_crop 24302, empty_crop 0, no_site 0, on_anchor 1445, roll_failed 2482, fired 1425, fired_haul 0
      C1 fired, aimed: toward 1080, across 284, away 61
      C2 drop: roll_lost 11170, placed 0, delivered 1292, no_room 0 -- no room on 0.0% of won rolls; handed on through bodies 24 (mean 2.0 steps)
      C3 cone: left 694, straight 5635, right 698; Turn nonzero on 1509 picks (largest |Turn| 1.14e-7), discarded on 796
      leg     setting          n  stepped    felllaunched swappedcrossingreversedblocked_roll_fairoll_fai no_body
      empty   pocket        1518     3.9%    8.4%    0.0%    0.0%    0.0%    0.0%    1.4%   43.9%   42.4%    0.0%
      empty   corridor      3258    17.9%    2.1%    0.0%    0.0%    0.0%    0.0%    0.4%   40.1%   39.5%    0.0%
      empty   junction     33782     9.3%    1.5%    0.0%    0.0%    0.0%    0.0%    0.1%   44.6%   44.5%    0.0%
      empty   open         14774     7.9%    2.1%    0.0%    0.0%    0.0%    0.0%    0.0%   44.8%   45.2%    0.0%
      laden   pocket         646     1.9%   13.0%    0.0%    0.0%    0.0%    0.0%    0.6%   46.1%   38.4%    0.0%
      laden   corridor      1683    13.5%    1.1%    0.0%    0.0%    0.0%    0.0%    0.6%   43.1%   41.7%    0.0%
      laden   junction      8104    14.6%    1.5%    0.0%    0.0%    0.0%    0.0%    0.4%   42.1%   41.4%    0.0%
      laden   open          2353    18.6%    2.9%    0.0%    0.0%    0.0%    0.0%    0.0%   38.6%   39.9%    0.0%
      spoil   pocket         485     2.1%    0.6%    0.0%    0.0%    0.0%    0.0%    1.9%   47.8%   47.6%    0.0%
      spoil   corridor       103    22.3%    0.0%    0.0%    0.0%    0.0%    0.0%    1.9%   27.2%   48.5%    0.0%
      spoil   junction       697    19.9%    0.1%    0.0%    0.0%    0.0%    0.0%    2.4%   40.0%   37.4%    0.0%
      spoil   open           221    19.5%    0.9%    0.0%    0.0%    0.0%    0.0%    0.0%   37.1%   42.5%    0.0%
    DECISIONS: rows not written (decisionnorows)
    FOOD STORE (larder cells) -- 3000: nest ground 0, crops 12, elsewhere 397, ants 19 | 6000: nest ground 4, crops 14, elsewhere 400, ants 20 | 9000: nest ground 1, crops 9, elsewhere 400, ants 18 | 12000: nest ground 0, crops 5, elsewhere 400, ants 17 | 15000: nest ground 1, crops 2, elsewhere 400, ants 16 | 18000: nest ground 1, crops 1, elsewhere 400, ants 16 | 21000: nest ground 1, crops 0, elsewhere 400, ants 16 | 24000: nest ground 0, crops 1, elsewhere 400, ants 5
    FOOD BUDGET (cells, one cell = 960 face): taken from the pile 30; chewed 44.0; on the ground off the pile 0; in crops 1; held as spoil 0; unaccounted -15.0
   90   18  hand    5/5        11947     1182        0    76723    44113   20/22       23         1 1 0 20 0
                A READ  ant-readable homeward along >= 0.02 on  58.4% of route-cell samples | FOODWARD  26.4% | plane lit on  97.5% | peak amt  47601 cells  91
                THE LOOP, ANT BY ANT:
                  0. lived                                     22    100.0% of prev    100.0% of all
                  1. reached the food                          20     90.9% of prev     90.9% of all
                  2. picked food up out there                  19     95.0% of prev     86.4% of all
                  3. turned for home with it                   18     94.7% of prev     81.8% of all
                  4. got back to the nest still holding it     17     94.4% of prev     77.3% of all
                  5. PUT IT DOWN there                         17    100.0% of prev     77.3% of all
                  6. went back out again                       11     64.7% of prev     50.0% of all
                  7. reached the food a SECOND time             5     45.5% of prev     22.7% of all
                RETURN LEDGER reached food   20 of   22 ants | came back   19 | trips laden   20 empty    3 | LOOPERS   16 of   22 ants (80.0% of those that reached food), repeat    4, most loops by one ant   2
                BY ANCHOR AT PICKUP  anchor ON nest material:   20 loops /   25 pickups ( 80.0%) | anchor OFF it:    0 /    0 (  0.0%)
                BY BIRTH SITE  born ON comb:  16 of  19 that reached food looped ( 84.2%) | born OFF comb:   0 of   1 (  0.0%)
                LEGS legs[787,847,751,1123,841,697,1183,1519,1429,1465,925,745,1075,871,643,1051,2923,1447,1579,1921,6001,4741,685] laden[787,847,751,1123,841,697,1183,1519,1429,1465,925,745,1075,871,643,1051,2923,1447,1579,685]
                founded x   30..68   (nest cursor 48 MATERIAL x 26..70 20 of 22 founders born on it; food 138; nearest founder 70 cells out, farthest 108, nominal gap 90)  occupancy/1k [3 54 245 16 35 23 19 6]  carry->nest    1357  born    2 died   17 (starved   12)
                own trail: route pk   71 end   15 along -0.0005  B nest->food [2106,6070,7929,10538,8308]  blocked      145  kin swaps       0  ticks     67629  tumbles     29753 (homeward     1425, 4.79%)  drops    1292  DELIVERED  1292  leg home n   23 med  1075 p90  2923 (laden n   20 med  1051 p90  1519)  appetite held         0 J of     42227  trips born-on-comb   22 (20 ants) / born-off    1 (2 ants)
                channel A: PEAK amt  47601 cells   91 (of 91 route)  POLARITY|| +0.06564 && +0.06156 SPAN -0.00809 edge   0.5  end nest->food [705,8881,2069,1046,0]  nest   25  AtNest 25.83%
                Carrying: laden     85765  of which SPOIL      9294 ( 10.8%)
    DECISION CENSUS: 60679 decisions, reconciled against the rows and the engine's counters
      C1 homeward re-roll: no_usable 114, bias_off 0, no_crop 18872, empty_crop 0, no_site 0, on_anchor 1106, roll_failed 2398, fired 2965, fired_haul 0
      C1 fired, aimed: toward 2478, across 170, away 317
      C2 drop: roll_lost 13682, placed 0, delivered 857, no_room 0 -- no room on 0.0% of won rolls; handed on through bodies 77 (mean 2.0 steps)
      C3 cone: left 868, straight 6484, right 789; Turn nonzero on 1901 picks (largest |Turn| 7.63e-8), discarded on 890
      leg     setting          n  stepped    felllaunched swappedcrossingreversedblocked_roll_fairoll_fai no_body
      empty   pocket         936     7.2%   21.8%    0.0%    0.0%    0.0%    0.0%    2.7%   31.9%   36.4%    0.0%
      empty   corridor      3300    18.3%    2.2%    0.0%    0.0%    0.0%    0.0%    0.8%   37.9%   40.8%    0.0%
      empty   junction     28830    12.9%    2.0%    0.0%    0.0%    0.0%    0.0%    0.2%   42.5%   42.4%    0.0%
      empty   open         11282    15.4%    4.3%    0.0%    0.0%    0.0%    0.0%    0.0%   39.7%   40.7%    0.0%
      laden   pocket         681     0.7%   11.7%    0.0%    0.0%    0.0%    0.0%    0.6%   46.1%   40.8%    0.0%
      laden   corridor      2197     6.6%    1.1%    0.0%    0.0%    0.0%    0.0%    0.1%   45.7%   46.4%    0.0%
      laden   junction      8676    11.5%    1.4%    0.0%    0.0%    0.0%    0.0%    0.2%   43.9%   42.9%    0.0%
      laden   open          3238    12.7%    2.3%    0.0%    0.0%    0.0%    0.0%    0.0%   41.6%   43.3%    0.0%
      spoil   pocket         297    11.1%    1.7%    0.0%    0.0%    0.0%    0.0%    6.4%   41.8%   39.1%    0.0%
      spoil   corridor       380    25.5%    0.0%    0.0%    0.0%    0.0%    0.0%    3.4%   33.9%   37.1%    0.0%
      spoil   junction       653    35.8%    1.1%    0.0%    0.0%    0.0%    0.0%    3.4%   29.9%   29.9%    0.0%
      spoil   open           209    39.2%    2.9%    0.0%    0.0%    0.0%    0.0%    0.0%   27.3%   30.6%    0.0%
    DECISIONS: rows not written (decisionnorows)
    FOOD STORE (larder cells) -- 3000: nest ground 2, crops 14, elsewhere 396, ants 20 | 6000: nest ground 3, crops 24, elsewhere 400, ants 21 | 9000: nest ground 3, crops 14, elsewhere 402, ants 14 | 12000: nest ground 4, crops 2, elsewhere 402, ants 13 | 15000: nest ground 1, crops 2, elsewhere 400, ants 14 | 18000: nest ground 0, crops 1, elsewhere 400, ants 13 | 21000: nest ground 0, crops 1, elsewhere 400, ants 10 | 24000: nest ground 1, crops 0, elsewhere 400, ants 8
    FOOD BUDGET (cells, one cell = 960 face): taken from the pile 40; chewed 50.8; on the ground off the pile 1; in crops 0; held as spoil 0; unaccounted -11.8
   90   19  hand    8/8        14055     1272        0    88139    55703   21/23       19         0 2 0 21 0
                A READ  ant-readable homeward along >= 0.02 on  54.9% of route-cell samples | FOODWARD  28.0% | plane lit on  97.9% | peak amt  47727 cells  91
                THE LOOP, ANT BY ANT:
                  0. lived                                     23    100.0% of prev    100.0% of all
                  1. reached the food                          21     91.3% of prev     91.3% of all
                  2. picked food up out there                  20     95.2% of prev     87.0% of all
                  3. turned for home with it                   17     85.0% of prev     73.9% of all
                  4. got back to the nest still holding it     17    100.0% of prev     73.9% of all
                  5. PUT IT DOWN there                         17    100.0% of prev     73.9% of all
                  6. went back out again                       10     58.8% of prev     43.5% of all
                  7. reached the food a SECOND time             8     80.0% of prev     34.8% of all
                RETURN LEDGER reached food   21 of   23 ants | came back   17 | trips laden   19 empty    0 | LOOPERS   17 of   23 ants (81.0% of those that reached food), repeat    2, most loops by one ant   2
                BY ANCHOR AT PICKUP  anchor ON nest material:   19 loops /   23 pickups ( 82.6%) | anchor OFF it:    0 /    1 (  0.0%)
                BY BIRTH SITE  born ON comb:  17 of  20 that reached food looped ( 85.0%) | born OFF comb:   0 of   1 (  0.0%)
                LEGS legs[883,667,895,889,649,775,865,1201,511,745,619,1147,643,589,787,1345,643,811,1225] laden[883,667,895,889,649,775,865,1201,511,745,619,1147,643,589,787,1345,643,811,1225]
                founded x   30..68   (nest cursor 48 MATERIAL x 26..70 20 of 23 founders born on it; food 138; nearest founder 70 cells out, farthest 108, nominal gap 90)  occupancy/1k [3 57 161 14 20 33 60 9]  carry->nest    1229  born    3 died   15 (starved    8)
                own trail: route pk   36 end   11 along +0.0072  B nest->food [2106,6159,8138,10585,8308]  blocked      197  kin swaps       0  ticks     60686  tumbles     25455 (homeward     2965, 11.65%)  drops     857  DELIVERED   857  leg home n   19 med   787 p90  1201 (laden n   19 med   787 p90  1201)  appetite held         0 J of     48792  trips born-on-comb   19 (20 ants) / born-off    0 (3 ants)
                channel A: PEAK amt  47727 cells   91 (of 91 route)  POLARITY|| +0.04806 && +0.04503 SPAN -0.01020 edge   0.4  end nest->food [668,6732,2432,1617,48]  nest   25  AtNest 26.38%
                Carrying: laden     97362  of which SPOIL      9361 (  9.6%)
    DECISION CENSUS: 61646 decisions, reconciled against the rows and the engine's counters
      C1 homeward re-roll: no_usable 102, bias_off 0, no_crop 21992, empty_crop 0, no_site 0, on_anchor 2204, roll_failed 1138, fired 1517, fired_haul 0
      C1 fired, aimed: toward 1168, across 304, away 45
      C2 drop: roll_lost 9225, placed 0, delivered 1599, no_room 214 -- no room on 11.8% of won rolls; handed on through bodies 136 (mean 2.1 steps)
      C3 cone: left 604, straight 5653, right 592; Turn nonzero on 968 picks (largest |Turn| 7.63e-8), discarded on 630
      leg     setting          n  stepped    felllaunched swappedcrossingreversedblocked_roll_fairoll_fai no_body
      empty   pocket        6675     2.3%    2.9%    0.0%    0.0%    0.0%    0.0%    1.4%   45.8%   47.6%    0.0%
      empty   corridor     12226     9.0%    0.5%    0.0%    0.0%    0.0%    0.0%    0.2%   45.5%   44.9%    0.0%
      empty   junction     26094    11.3%    1.6%    0.0%    0.0%    0.0%    0.0%    0.2%   43.5%   43.5%    0.0%
      empty   open          3074    28.2%    7.2%    0.0%    0.0%    0.0%    0.0%    0.0%   32.5%   32.1%    0.0%
      laden   pocket        1884     0.8%    5.5%    0.0%    0.0%    0.0%    0.0%    0.0%   45.6%   48.1%    0.0%
      laden   corridor      2508     9.8%    0.6%    0.0%    0.0%    0.0%    0.0%    0.1%   44.7%   44.7%    0.0%
      laden   junction      5900    16.4%    1.4%    0.0%    0.0%    0.0%    0.0%    0.3%   41.2%   40.6%    0.0%
      laden   open          1159    20.9%    3.6%    0.0%    0.0%    0.0%    0.0%    0.0%   39.1%   36.4%    0.0%
      spoil   pocket        1011     4.5%    0.0%    0.0%    0.0%    0.0%    0.0%    4.5%   44.1%   46.9%    0.0%
      spoil   corridor       316    32.0%    0.0%    0.0%    0.0%    0.0%    0.0%    2.5%   32.9%   32.6%    0.0%
      spoil   junction       693    19.3%    0.6%    0.0%    0.0%    0.0%    0.0%    2.0%   40.0%   38.1%    0.0%
      spoil   open           106    34.9%    2.8%    0.0%    0.0%    0.0%    0.0%    0.0%   36.8%   25.5%    0.0%
    DECISIONS: rows not written (decisionnorows)
    FOOD STORE (larder cells) -- 3000: nest ground 2, crops 11, elsewhere 400, ants 20 | 6000: nest ground 2, crops 12, elsewhere 400, ants 21 | 9000: nest ground 4, crops 6, elsewhere 400, ants 14 | 12000: nest ground 4, crops 5, elsewhere 400, ants 14 | 15000: nest ground 3, crops 3, elsewhere 400, ants 13 | 18000: nest ground 4, crops 1, elsewhere 400, ants 13 | 21000: nest ground 4, crops 1, elsewhere 400, ants 13 | 24000: nest ground 5, crops 2, elsewhere 400, ants 13
    FOOD BUDGET (cells, one cell = 960 face): taken from the pile 30; chewed 39.2; on the ground off the pile 5; in crops 2; held as spoil 0; unaccounted -16.2
   90   20  hand   13/13       12067      984        0    69590    55256   17/23       17         1 5 0 17 0
                A READ  ant-readable homeward along >= 0.02 on  60.3% of route-cell samples | FOODWARD  26.0% | plane lit on  98.0% | peak amt  32330 cells  91
                THE LOOP, ANT BY ANT:
                  0. lived                                     23    100.0% of prev    100.0% of all
                  1. reached the food                          17     73.9% of prev     73.9% of all
                  2. picked food up out there                  15     88.2% of prev     65.2% of all
                  3. turned for home with it                   15    100.0% of prev     65.2% of all
                  4. got back to the nest still holding it     15    100.0% of prev     65.2% of all
                  5. PUT IT DOWN there                         15    100.0% of prev     65.2% of all
                  6. went back out again                       15    100.0% of prev     65.2% of all
                  7. reached the food a SECOND time             3     20.0% of prev     13.0% of all
                RETURN LEDGER reached food   17 of   23 ants | came back   15 | trips laden   17 empty    0 | LOOPERS   15 of   23 ants (88.2% of those that reached food), repeat    2, most loops by one ant   2
                BY ANCHOR AT PICKUP  anchor ON nest material:   16 loops /   16 pickups (100.0%) | anchor OFF it:    1 /    1 (100.0%)
                BY BIRTH SITE  born ON comb:  13 of  15 that reached food looped ( 86.7%) | born OFF comb:   2 of   2 (100.0%)
                LEGS legs[673,967,679,709,871,661,865,793,1009,637,619,511,733,1207,895,643,589] laden[673,967,679,709,871,661,865,793,1009,637,619,511,733,1207,895,643,589]
                founded x   30..68   (nest cursor 48 MATERIAL x 26..70 20 of 23 founders born on it; food 138; nearest founder 70 cells out, farthest 108, nominal gap 90)  occupancy/1k [4 116 188 12 10 16 18 4]  carry->nest    1080  born    3 died   10 (starved    9)
                own trail: route pk   72 end   12 along +0.0032  B nest->food [2106,5623,7937,10432,8308]  blocked      250  kin swaps       0  ticks     61647  tumbles     26953 (homeward     1517, 5.63%)  drops    1599  DELIVERED  1599  leg home n   17 med   709 p90   967 (laden n   17 med   709 p90   967)  appetite held         0 J of     37632  trips born-on-comb   15 (20 ants) / born-off    2 (3 ants)
                channel A: PEAK amt  32330 cells   91 (of 91 route)  POLARITY|| +0.07890 && +0.07518 SPAN -0.00606 edge   0.5  end nest->food [1417,11662,3721,1039,0]  nest   25  AtNest 34.24%
                Carrying: laden     82389  of which SPOIL     17047 ( 20.7%)
    DECISION CENSUS: 49089 decisions, reconciled against the rows and the engine's counters
      C1 homeward re-roll: no_usable 86, bias_off 0, no_crop 16103, empty_crop 0, no_site 0, on_anchor 1360, roll_failed 1063, fired 928, fired_haul 0
      C1 fired, aimed: toward 895, across 18, away 15
      C2 drop: roll_lost 6713, placed 0, delivered 1313, no_room 0 -- no room on 0.0% of won rolls; handed on through bodies 63 (mean 2.1 steps)
      C3 cone: left 870, straight 6611, right 734; Turn nonzero on 1068 picks (largest |Turn| 7.63e-8), discarded on 671
      leg     setting          n  stepped    felllaunched swappedcrossingreversedblocked_roll_fairoll_fai no_body
      empty   pocket         558     4.3%   34.4%    0.0%    0.0%    0.0%    0.0%    0.2%   29.2%   31.9%    0.0%
      empty   corridor      8235    10.2%    1.1%    0.0%    0.0%    0.0%    0.0%    0.1%   44.0%   44.6%    0.0%
      empty   junction     25986    15.7%    2.9%    0.0%    0.0%    0.0%    0.0%    0.1%   40.3%   41.0%    0.0%
      empty   open          5060    30.7%    7.8%    0.0%    0.0%    0.0%    0.0%    0.0%   29.6%   31.9%    0.0%
      laden   pocket         265     1.9%   22.6%    0.0%    0.0%    0.0%    0.0%    0.4%   38.9%   36.2%    0.0%
      laden   corridor      1232    19.8%    1.6%    0.0%    0.0%    0.0%    0.0%    0.4%   40.2%   38.0%    0.0%
      laden   junction      5586    17.1%    2.0%    0.0%    0.0%    0.0%    0.0%    0.2%   41.2%   39.6%    0.0%
      laden   open          1202    21.0%    4.2%    0.0%    0.0%    0.0%    0.0%    0.0%   37.3%   37.5%    0.0%
      spoil   pocket          80     6.2%    5.0%    0.0%    0.0%    0.0%    0.0%    8.8%   45.0%   35.0%    0.0%
      spoil   corridor        59    35.6%    3.4%    0.0%    0.0%    0.0%    0.0%    8.5%   27.1%   25.4%    0.0%
      spoil   junction       667    26.5%    0.9%    0.0%    0.0%    0.0%    0.0%    2.5%   37.5%   32.5%    0.0%
      spoil   open           159    41.5%    3.1%    0.0%    0.0%    0.0%    0.0%    0.0%   28.3%   27.0%    0.0%
    DECISIONS: rows not written (decisionnorows)
    FOOD STORE (larder cells) -- 3000: nest ground 1, crops 10, elsewhere 397, ants 20 | 6000: nest ground 5, crops 8, elsewhere 400, ants 19 | 9000: nest ground 2, crops 1, elsewhere 400, ants 12 | 12000: nest ground 0, crops 3, elsewhere 400, ants 12 | 15000: nest ground 1, crops 1, elsewhere 400, ants 11 | 18000: nest ground 2, crops 0, elsewhere 400, ants 11 | 21000: nest ground 1, crops 1, elsewhere 400, ants 2 | 24000: nest ground 2, crops 0, elsewhere 400, ants 2
    FOOD BUDGET (cells, one cell = 960 face): taken from the pile 25; chewed 28.8; on the ground off the pile 2; in crops 0; held as spoil 0; unaccounted -5.8
   90   21  hand    2/2        10680     1092        0    49716    35526   20/24       20         0 2 1 21 0
                A READ  ant-readable homeward along >= 0.02 on  61.5% of route-cell samples | FOODWARD  26.9% | plane lit on  97.9% | peak amt  37519 cells  91
                THE LOOP, ANT BY ANT:
                  0. lived                                     24    100.0% of prev    100.0% of all
                  1. reached the food                          20     83.3% of prev     83.3% of all
                  2. picked food up out there                  17     85.0% of prev     70.8% of all
                  3. turned for home with it                   17    100.0% of prev     70.8% of all
                  4. got back to the nest still holding it     17    100.0% of prev     70.8% of all
                  5. PUT IT DOWN there                         17    100.0% of prev     70.8% of all
                  6. went back out again                       12     70.6% of prev     50.0% of all
                  7. reached the food a SECOND time             5     41.7% of prev     20.8% of all
                RETURN LEDGER reached food   20 of   24 ants | came back   17 | trips laden   20 empty    0 | LOOPERS   17 of   24 ants (85.0% of those that reached food), repeat    3, most loops by one ant   2
                BY ANCHOR AT PICKUP  anchor ON nest material:   20 loops /   20 pickups (100.0%) | anchor OFF it:    0 /    0 (  0.0%)
                BY BIRTH SITE  born ON comb:  17 of  20 that reached food looped ( 85.0%) | born OFF comb:   0 of   0 (  0.0%)
                LEGS legs[775,535,559,589,523,595,805,535,553,547,637,475,673,535,751,895,583,841,463,991] laden[775,535,559,589,523,595,805,535,553,547,637,475,673,535,751,895,583,841,463,991]
                founded x   30..68   (nest cursor 48 MATERIAL x 26..70 20 of 24 founders born on it; food 138; nearest founder 70 cells out, farthest 108, nominal gap 90)  occupancy/1k [3 14 181 21 21 24 21 6]  carry->nest    1203  born    4 died   22 (starved   19)
                own trail: route pk   17 end   12 along -0.0002  B nest->food [2106,5583,7990,10566,8308]  blocked       89  kin swaps       0  ticks     49092  tumbles     19540 (homeward      928, 4.75%)  drops    1313  DELIVERED  1313  leg home n   20 med   589 p90   841 (laden n   20 med   589 p90   841)  appetite held         0 J of     27610  trips born-on-comb   20 (21 ants) / born-off    0 (3 ants)
                channel A: PEAK amt  37519 cells   91 (of 91 route)  POLARITY|| +0.05668 && +0.05271 SPAN -0.00878 edge   0.4  end nest->food [900,5561,3500,1789,24]  nest   25  AtNest 24.02%
                Carrying: laden     55525  of which SPOIL      5833 ( 10.5%)
    DECISION CENSUS: 70552 decisions, reconciled against the rows and the engine's counters
      C1 homeward re-roll: no_usable 71, bias_off 0, no_crop 24341, empty_crop 0, no_site 0, on_anchor 3266, roll_failed 1831, fired 2027, fired_haul 0
      C1 fired, aimed: toward 1891, across 109, away 27
      C2 drop: roll_lost 13885, placed 0, delivered 1784, no_room 0 -- no room on 0.0% of won rolls; handed on through bodies 99 (mean 2.2 steps)
      C3 cone: left 547, straight 5215, right 569; Turn nonzero on 1020 picks (largest |Turn| 7.63e-8), discarded on 664
      leg     setting          n  stepped    felllaunched swappedcrossingreversedblocked_roll_fairoll_fai no_body
      empty   pocket        5323     0.8%    2.6%    0.0%    0.0%    0.0%    0.0%    0.3%   47.6%   48.8%    0.0%
      empty   corridor      8295     9.7%    0.6%    0.0%    0.0%    0.0%    0.0%    0.0%   45.1%   44.5%    0.0%
      empty   junction     26195    10.2%    1.5%    0.0%    0.0%    0.0%    0.0%    0.1%   43.8%   44.4%    0.0%
      empty   open         12311     7.0%    1.6%    0.0%    0.0%    0.0%    0.0%    0.0%   45.4%   45.9%    0.0%
      laden   pocket         290     1.7%   23.1%    0.0%    0.0%    0.0%    0.0%    0.0%   34.8%   40.3%    0.0%
      laden   corridor      1105    32.7%    2.6%    0.0%    0.0%    0.0%    0.0%    0.2%   32.0%   32.5%    0.0%
      laden   junction     10950     9.4%    0.7%    0.0%    0.0%    0.0%    0.0%    0.1%   44.7%   45.0%    0.0%
      laden   open          3854     8.0%    1.3%    0.0%    0.0%    0.0%    0.0%    0.0%   46.3%   44.3%    0.0%
      spoil   pocket        1523     3.4%    0.1%    0.0%    0.0%    0.0%    0.0%    3.2%   44.4%   48.9%    0.0%
      spoil   corridor       188    37.8%    0.0%    0.0%    0.0%    0.0%    0.0%    2.1%   32.4%   27.7%    0.0%
      spoil   junction       336    27.4%    0.9%    0.0%    0.0%    0.0%    0.0%    4.5%   33.6%   33.6%    0.0%
      spoil   open           182    13.2%    1.1%    0.0%    0.0%    0.0%    0.0%    0.0%   41.2%   44.5%    0.0%
    DECISIONS: rows not written (decisionnorows)
    FOOD STORE (larder cells) -- 3000: nest ground 4, crops 11, elsewhere 397, ants 20 | 6000: nest ground 6, crops 16, elsewhere 400, ants 21 | 9000: nest ground 2, crops 13, elsewhere 400, ants 17 | 12000: nest ground 0, crops 10, elsewhere 400, ants 17 | 15000: nest ground 2, crops 3, elsewhere 400, ants 16 | 18000: nest ground 4, crops 0, elsewhere 400, ants 16 | 21000: nest ground 3, crops 0, elsewhere 400, ants 15 | 24000: nest ground 1, crops 2, elsewhere 400, ants 15
    FOOD BUDGET (cells, one cell = 960 face): taken from the pile 32; chewed 55.3; on the ground off the pile 1; in crops 2; held as spoil 0; unaccounted -26.3
   90   22  hand   15/15       14316      948        0    96182    77072   17/22       23         2 3 0 17 0
                A READ  ant-readable homeward along >= 0.02 on  61.1% of route-cell samples | FOODWARD  25.9% | plane lit on  98.5% | peak amt  33784 cells  91
                THE LOOP, ANT BY ANT:
                  0. lived                                     22    100.0% of prev    100.0% of all
                  1. reached the food                          17     77.3% of prev     77.3% of all
                  2. picked food up out there                  17    100.0% of prev     77.3% of all
                  3. turned for home with it                   17    100.0% of prev     77.3% of all
                  4. got back to the nest still holding it     17    100.0% of prev     77.3% of all
                  5. PUT IT DOWN there                         17    100.0% of prev     77.3% of all
                  6. went back out again                       11     64.7% of prev     50.0% of all
                  7. reached the food a SECOND time             9     81.8% of prev     40.9% of all
                RETURN LEDGER reached food   17 of   22 ants | came back   17 | trips laden   22 empty    1 | LOOPERS   17 of   22 ants (100.0% of those that reached food), repeat    5, most loops by one ant   2
                BY ANCHOR AT PICKUP  anchor ON nest material:   22 loops /   23 pickups ( 95.7%) | anchor OFF it:    0 /    0 (  0.0%)
                BY BIRTH SITE  born ON comb:  17 of  17 that reached food looped (100.0%) | born OFF comb:   0 of   0 (  0.0%)
                LEGS legs[649,523,823,799,709,769,703,715,463,499,727,541,817,811,661,775,643,655,1291,631,433,1525,2971] laden[649,523,823,799,709,769,703,715,463,499,727,541,817,811,661,775,643,655,1291,631,433,1525]
                founded x   30..68   (nest cursor 48 MATERIAL x 26..70 20 of 22 founders born on it; food 138; nearest founder 70 cells out, farthest 108, nominal gap 90)  occupancy/1k [13 71 265 12 14 18 17 6]  carry->nest    1404  born    2 died    7 (starved    5)
                own trail: route pk   39 end   11 along -0.0000  B nest->food [2106,5697,7990,10631,8308]  blocked      138  kin swaps       0  ticks     70554  tumbles     31536 (homeward     2027, 6.43%)  drops    1784  DELIVERED  1784  leg home n   23 med   709 p90  1291 (laden n   22 med   709 p90   823)  appetite held         0 J of     53121  trips born-on-comb   23 (20 ants) / born-off    0 (2 ants)
                channel A: PEAK amt  33784 cells   91 (of 91 route)  POLARITY|| +0.06229 && +0.05973 SPAN -0.00582 edge   0.3  end nest->food [885,7153,2223,1112,0]  nest   25  AtNest 38.96%
                Carrying: laden    109557  of which SPOIL     13579 ( 12.4%)
    DECISION CENSUS: 76016 decisions, reconciled against the rows and the engine's counters
      C1 homeward re-roll: no_usable 111, bias_off 0, no_crop 25184, empty_crop 0, no_site 0, on_anchor 2246, roll_failed 2794, fired 2949, fired_haul 0
      C1 fired, aimed: toward 2744, across 68, away 137
      C2 drop: roll_lost 15727, placed 0, delivered 1986, no_room 0 -- no room on 0.0% of won rolls; handed on through bodies 59 (mean 2.0 steps)
      C3 cone: left 862, straight 6640, right 822; Turn nonzero on 1453 picks (largest |Turn| 7.63e-8), discarded on 705
      leg     setting          n  stepped    felllaunched swappedcrossingreversedblocked_roll_fairoll_fai no_body
      empty   pocket         574     7.1%   25.8%    0.0%    0.0%    0.0%    0.0%    2.8%   32.8%   31.5%    0.0%
      empty   corridor      5319    10.9%    1.2%    0.0%    0.0%    0.0%    0.0%    0.2%   43.3%   44.4%    0.0%
      empty   junction     35724    10.9%    1.9%    0.0%    0.0%    0.0%    0.0%    0.2%   44.1%   43.0%    0.0%
      empty   open         15204    10.3%    2.6%    0.0%    0.0%    0.0%    0.0%    0.0%   43.9%   43.3%    0.0%
      laden   pocket         405     1.2%   19.5%    0.0%    0.0%    0.0%    0.0%    0.0%   41.2%   38.0%    0.0%
      laden   corridor      1759    16.8%    1.6%    0.0%    0.0%    0.0%    0.0%    0.1%   39.9%   41.6%    0.0%
      laden   junction     12211     9.7%    1.4%    0.0%    0.0%    0.0%    0.0%    0.2%   43.8%   45.0%    0.0%
      laden   open          4043    11.7%    2.7%    0.0%    0.0%    0.0%    0.0%    0.0%   44.3%   41.2%    0.0%
      spoil   pocket          41    19.5%    9.8%    0.0%    0.0%    0.0%    0.0%   14.6%   34.1%   22.0%    0.0%
      spoil   corridor        54    33.3%    7.4%    0.0%    0.0%    0.0%    0.0%    7.4%   20.4%   31.5%    0.0%
      spoil   junction       519    37.0%    1.3%    0.0%    0.0%    0.0%    0.0%    4.6%   28.7%   28.3%    0.0%
      spoil   open           163    40.5%    3.7%    0.0%    0.0%    0.0%    0.0%    0.0%   22.1%   33.7%    0.0%
    DECISIONS: rows not written (decisionnorows)
    FOOD STORE (larder cells) -- 3000: nest ground 1, crops 15, elsewhere 397, ants 19 | 6000: nest ground 1, crops 23, elsewhere 400, ants 22 | 9000: nest ground 2, crops 15, elsewhere 400, ants 19 | 12000: nest ground 4, crops 9, elsewhere 400, ants 19 | 15000: nest ground 1, crops 6, elsewhere 400, ants 19 | 18000: nest ground 2, crops 2, elsewhere 400, ants 18 | 21000: nest ground 1, crops 6, elsewhere 400, ants 17 | 24000: nest ground 1, crops 4, elsewhere 402, ants 17
    FOOD BUDGET (cells, one cell = 960 face): taken from the pile 69; chewed 63.3; on the ground off the pile 3; in crops 4; held as spoil 0; unaccounted -1.3
   90   23  hand   17/17       22787     1494        0   111185    69890   24/28       22         0 2 2 24 0
                A READ  ant-readable homeward along >= 0.02 on  60.5% of route-cell samples | FOODWARD  26.1% | plane lit on  97.7% | peak amt  46179 cells  91
                THE LOOP, ANT BY ANT:
                  0. lived                                     28    100.0% of prev    100.0% of all
                  1. reached the food                          24     85.7% of prev     85.7% of all
                  2. picked food up out there                  22     91.7% of prev     78.6% of all
                  3. turned for home with it                   17     77.3% of prev     60.7% of all
                  4. got back to the nest still holding it     16     94.1% of prev     57.1% of all
                  5. PUT IT DOWN there                         16    100.0% of prev     57.1% of all
                  6. went back out again                       11     68.8% of prev     39.3% of all
                  7. reached the food a SECOND time             6     54.5% of prev     21.4% of all
                RETURN LEDGER reached food   24 of   28 ants | came back   16 | trips laden   22 empty    0 | LOOPERS   16 of   28 ants (66.7% of those that reached food), repeat    6, most loops by one ant   2
                BY ANCHOR AT PICKUP  anchor ON nest material:   22 loops /   25 pickups ( 88.0%) | anchor OFF it:    0 /    6 (  0.0%)
                BY BIRTH SITE  born ON comb:  16 of  20 that reached food looped ( 80.0%) | born OFF comb:   0 of   4 (  0.0%)
                LEGS legs[439,529,487,487,997,715,685,1015,601,835,505,751,811,715,889,901,613,637,799,721,985,859] laden[439,529,487,487,997,715,685,1015,601,835,505,751,811,715,889,901,613,637,799,721,985,859]
                founded x   30..68   (nest cursor 48 MATERIAL x 26..70 20 of 28 founders born on it; food 138; nearest founder 70 cells out, farthest 108, nominal gap 90)  occupancy/1k [4 39 258 17 21 31 57 24]  carry->nest    1466  born    8 died   11 (starved    6)
                own trail: route pk   76 end   23 along +0.0014  B nest->food [2106,6195,7975,10592,8310]  blocked      139  kin swaps       0  ticks     76021  tumbles     33284 (homeward     2949, 8.86%)  drops    1986  DELIVERED  1986  leg home n   22 med   721 p90   985 (laden n   22 med   721 p90   985)  appetite held         0 J of     60747  trips born-on-comb   22 (20 ants) / born-off    0 (8 ants)
                channel A: PEAK amt  46179 cells   91 (of 91 route)  POLARITY|| +0.05187 && +0.04807 SPAN -0.00960 edge   0.5  end nest->food [834,4950,3083,1694,39]  nest   25  AtNest 17.26%
                Carrying: laden    115909  of which SPOIL      6608 (  5.7%)
    DECISION CENSUS: 41639 decisions, reconciled against the rows and the engine's counters
      C1 homeward re-roll: no_usable 73, bias_off 0, no_crop 13159, empty_crop 0, no_site 0, on_anchor 1098, roll_failed 1178, fired 1051, fired_haul 0
      C1 fired, aimed: toward 813, across 140, away 98
      C2 drop: roll_lost 7251, placed 0, delivered 795, no_room 5 -- no room on 0.6% of won rolls; handed on through bodies 50 (mean 2.1 steps)
      C3 cone: left 655, straight 6412, right 596; Turn nonzero on 1453 picks (largest |Turn| 7.63e-8), discarded on 948
      leg     setting          n  stepped    felllaunched swappedcrossingreversedblocked_roll_fairoll_fai no_body
      empty   pocket        2465     6.7%    6.5%    0.0%    0.0%    0.0%    0.0%    4.4%   40.0%   42.4%    0.0%
      empty   corridor      6016    22.8%    1.0%    0.0%    0.0%    0.0%    0.0%    0.1%   38.8%   37.3%    0.0%
      empty   junction     12265    23.2%    3.7%    0.0%    0.0%    0.0%    0.0%    0.6%   36.3%   36.3%    0.0%
      empty   open         10668    10.6%    2.5%    0.0%    0.0%    0.0%    0.0%    0.0%   43.0%   43.9%    0.0%
      laden   pocket         952     0.9%    8.4%    0.0%    0.0%    0.0%    0.0%    0.1%   46.1%   44.4%    0.0%
      laden   corridor      1294    15.1%    1.2%    0.0%    0.0%    0.0%    0.0%    0.5%   43.0%   40.2%    0.0%
      laden   junction      4367    19.3%    3.6%    0.0%    0.0%    0.0%    0.0%    0.5%   40.1%   36.5%    0.0%
      laden   open          1680    25.8%    6.5%    0.0%    0.0%    0.0%    0.0%    0.0%   33.5%   34.3%    0.0%
      spoil   pocket         596    17.6%    0.2%    0.0%    0.0%    0.0%    0.0%   14.8%   33.6%   33.9%    0.0%
      spoil   corridor       716    43.4%    0.0%    0.0%    0.0%    0.0%    0.0%    1.1%   30.4%   25.0%    0.0%
      spoil   junction       472    43.2%    1.7%    0.0%    0.0%    0.0%    0.0%    4.0%   24.4%   26.7%    0.0%
      spoil   open           148    39.2%    2.0%    0.0%    0.0%    0.0%    0.0%    0.0%   20.3%   38.5%    0.0%
    DECISIONS: rows not written (decisionnorows)
    FOOD STORE (larder cells) -- 3000: nest ground 0, crops 8, elsewhere 400, ants 19 | 6000: nest ground 7, crops 6, elsewhere 400, ants 17 | 9000: nest ground 8, crops 4, elsewhere 400, ants 10 | 12000: nest ground 7, crops 3, elsewhere 400, ants 10 | 15000: nest ground 5, crops 4, elsewhere 400, ants 10 | 18000: nest ground 4, crops 3, elsewhere 400, ants 3 | 21000: nest ground 4, crops 1, elsewhere 400, ants 1 | 24000: nest ground 3, crops 1, elsewhere 400, ants 1
    FOOD BUDGET (cells, one cell = 960 face): taken from the pile 22; chewed 29.6; on the ground off the pile 3; in crops 1; held as spoil 0; unaccounted -11.6
   90   24  hand    1/1         7160     1320        0    49765    31303   17/21       15         3 1 0 17 0
                A READ  ant-readable homeward along >= 0.02 on  61.7% of route-cell samples | FOODWARD  25.3% | plane lit on  97.2% | peak amt  35157 cells  91
                THE LOOP, ANT BY ANT:
                  0. lived                                     21    100.0% of prev    100.0% of all
                  1. reached the food                          17     81.0% of prev     81.0% of all
                  2. picked food up out there                  16     94.1% of prev     76.2% of all
                  3. turned for home with it                   15     93.8% of prev     71.4% of all
                  4. got back to the nest still holding it     13     86.7% of prev     61.9% of all
                  5. PUT IT DOWN there                         13    100.0% of prev     61.9% of all
                  6. went back out again                       10     76.9% of prev     47.6% of all
                  7. reached the food a SECOND time             1     10.0% of prev      4.8% of all
                RETURN LEDGER reached food   17 of   21 ants | came back   14 | trips laden   14 empty    1 | LOOPERS   13 of   21 ants (76.5% of those that reached food), repeat    1, most loops by one ant   2
                BY ANCHOR AT PICKUP  anchor ON nest material:   14 loops /   19 pickups ( 73.7%) | anchor OFF it:    0 /    0 (  0.0%)
                BY BIRTH SITE  born ON comb:  13 of  17 that reached food looped ( 76.5%) | born OFF comb:   0 of   0 (  0.0%)
                LEGS legs[535,985,733,733,643,661,493,817,1231,613,847,841,877,631,2509] laden[535,985,733,733,643,661,493,817,1231,613,847,841,877,631]
                founded x   30..68   (nest cursor 48 MATERIAL x 26..70 20 of 21 founders born on it; food 138; nearest founder 70 cells out, farthest 108, nominal gap 90)  occupancy/1k [4 29 133 17 21 20 18 5]  carry->nest    1049  born    1 died   20 (starved   17)
                own trail: route pk   19 end    9 along -0.0000  B nest->food [2106,6781,7879,10410,8308]  blocked      330  kin swaps       0  ticks     41642  tumbles     16559 (homeward     1051, 6.35%)  drops     795  DELIVERED   795  leg home n   15 med   733 p90  1231 (laden n   14 med   733 p90   985)  appetite held         0 J of     28414  trips born-on-comb   15 (20 ants) / born-off    0 (1 ants)
                channel A: PEAK amt  35157 cells   91 (of 91 route)  POLARITY|| +0.08166 && +0.07763 SPAN -0.00462 edge   1.0  end nest->food [1250,4472,2639,890,0]  nest   25  AtNest 14.74%
                Carrying: laden     61363  of which SPOIL     11934 ( 19.4%)

  larder put out, over the whole sweep: 99840-112560 J, against a need near 46,800 J
    for 52 ants over 24,000 frames -- so these colonies are provisioned, not starved.
  intake off anything that is not the larder is ASSERTED to be 0 in every row, not printed.

  `self` vs `mute` is the real question: do the ants' OWN trails do anything?
  `visitors` is DISTINCT ants that reached the food over distinct ants that ever lived --
    recruitment, which `near` ant-ticks cannot see: 50 visitors and 1 resident read alike.
  `trips` is nest -> food -> nest, closed on the RETURN. `reach` buckets every ant by how
  `occupancy` is ant-ticks in 8 equal bands, NEST END FIRST, food end last -- a commuting
    colony is bimodal, a dispersing one slides its mass right, a homebody is a spike at 0.
  `carry->nest` is signed cells moved while holding larder, POSITIVE = homeward. Near zero
    means food is picked up and wandered with, which is a different fault from not finding it.
    far it ever got, as a share of the gap, so a commuting population is visible as a shape.
  `hand` vs `self` only says whether a laid ramp beats what they bootstrap.
  `hmute` is the DECAY BASELINE for `route pk`: our ramp laid, the ants silenced.
  `flatN`/`flatF` are the POLARITY metric's negative controls: a FLAT channel A blob over
    the nest half / the food half, ants' EmitA silenced. A field with no ramp in it at all.
    A correct metric reads 0 on both. POLARITY|| is predicted to read ~+0.12 and ~-0.12,
    which brackets every polarity figure in the report -- see `lay_flat`.
  `homeA` lays a channel A HOMING ramp and no food trail -- if laden ants only fail
    to route because they cannot find their way home, this is where their own B appears.
  `carry` is ant-ticks holding larder in the crop; `carry@nest` is those inside the +-26 nest band --
    that pair is the answer to "is food being carried back", which a cell census cannot give.
  `other J` must read 0 in every row: it is the check that `onlyfood` held.
  A gap where `alive` reaches 0 in every arm is measuring a dead colony, not a deaf one.
