  diet: larder=fruit onlyfood=on
  odometer A: recur=shipped emita=shipped biasa=shipped   odometer B: charb=shipped recurb=shipped emitb=shipped biasb=shipped carryb=shipped
trailfollow: mode=gap gate=shipped frames=24000 seeds=18 seed0=1 ants=20 relay=60 near=10 food=400 refill=400 stop=6000 homebias=0.5 cropcap=shipped hungergate=shipped
  gate shipped: off -45.0  on +0.5  along ±6.0
  landed 2026-09-09: units 0/1 = b2 (off -45, on +0.5, along 6); units 2/3 = saturated (off -45, on +30, along 6). See open-bugs-handoff.md Z7.

  gap seed   arm     alive     ate J  arrive@    dead@    carry    @nest  visitors  trips reach 0-25-50-75-100
----- ---- ----- --------- --------- -------- -------- -------- -------- --------- ------ ------------------
   90    1  hand  188/7      4761885     1146        0  1228752     3636 3902/3929     15    9 7 4 1137 2772
                founded x   12..88   (nest cursor 48 MATERIAL x 26..70 11 of 3929 founders born on it; food 138; nearest founder 50 cells out, farthest 126, nominal gap 90)  occupancy/1k [58 34 42 33 18 40 179 2011]  carry->nest     -46  born 3910 died 3651 (starved   25)
                own trail: route pk   91 end   71 along -0.1420  B nest->food [219,3374,7806,15603,25896]  blocked    38637  kin swaps       0  ticks    618834  tumbles    234471 (homeward    23374, 9.97%)  drops     465  chew parked    352 resumed    175 (    29908 J)  DELIVERED    79  leg home n   15 med   744 p90  1846 (laden n   14 med   744 p90  1732)  appetite held         0 J of    752640  trips born-on-comb    0 (11 ants) / born-off   15 (3918 ants)
                channel A: PEAK amt  29737 cells   89 (of 91 route)  POLARITY|| -0.00914 && -0.01938 SPAN -0.00133 edge  16.6  end nest->food [80,15,0,0,14413]  nest   25  AtNest  0.87%
                Carrying: laden   1235938  of which SPOIL      8923 (  0.7%)
   90    1 hmute  796/20     9566982     1146        0  3391677    10696 7499/7681     66 16 12 38 2423 5192
                founded x   12..88   (nest cursor 48 MATERIAL x 26..70 11 of 7681 founders born on it; food 138; nearest founder 50 cells out, farthest 126, nominal gap 90)  occupancy/1k [60 51 93 202 469 775 1222 6598]  carry->nest    -658  born 7666 died 6739 (starved  185)
                own trail: route pk   91 end   88 along -0.1042  B nest->food [112,3351,7410,11720,10996]  blocked   266083  kin swaps       0  ticks   2718116  tumbles   1049644 (homeward    51118, 4.87%)  drops    2267  chew parked   1138 resumed    457 (    56061 J)  DELIVERED   208  leg home n   66 med  1033 p90  2104 (laden n   64 med   990 p90  2086)  appetite held         0 J of   1828800  trips born-on-comb    0 (19 ants) / born-off   66 (7662 ants)
                channel A: PEAK amt   7540 cells   79 (of 91 route)  POLARITY|| +0.01001 && -0.00368 SPAN -0.01162 edge  15.6  end nest->food [0,466,0,0,0]  nest   25  AtNest  0.42%
                Carrying: laden   3427135  of which SPOIL     48367 (  1.4%)
   90    1  self    0/0            0     5196     5526      216        0    1/20        0         14 3 2 1 0
                founded x   12..88   (nest cursor 48 MATERIAL x 26..70 11 of 20 founders born on it; food 138; nearest founder 50 cells out, farthest 126, nominal gap 90)  occupancy/1k [50 10 8 10 1 0 0 0]  carry->nest       5  born    0 died   20 (starved   20)
                own trail: route pk   20 end    0 along +0.0000  B nest->food [0,0,0,0,0]  blocked      338  kin swaps       0  ticks     13633  tumbles      3866 (homeward        5, 0.13%)  drops       0  chew parked      0 resumed      0 (        0 J)  DELIVERED     0  leg home n    0 med     0 p90     0 (laden n    0 med     0 p90     0)  appetite held         0 J of         0  trips born-on-comb    0 (11 ants) / born-off    0 (9 ants)
                channel A: PEAK amt  27104 cells   50 (of 91 route)  POLARITY|| +0.14776 && +0.13542 SPAN +0.00779 edge   7.3  end nest->food [0,0,0,0,0]  nest   25  AtNest 25.34%
                Carrying: laden      7320  of which SPOIL      7104 ( 97.0%)
   90    1  mute    0/0            0        0     5058        0        0    0/20        0         11 3 5 1 0
                founded x   12..88   (nest cursor 48 MATERIAL x 26..70 11 of 20 founders born on it; food 138; nearest founder 50 cells out, farthest 126, nominal gap 90)  occupancy/1k [47 12 7 9 3 1 0 0]  carry->nest       0  born    0 died   20 (starved   20)
                own trail: route pk    0 end    0 along +0.0000  B nest->food [0,0,0,0,0]  blocked      334  kin swaps       0  ticks     13753  tumbles      3872 (homeward        0, 0.00%)  drops       0  chew parked      0 resumed      0 (        0 J)  DELIVERED     0  leg home n    0 med     0 p90     0 (laden n    0 med     0 p90     0)  appetite held         0 J of         0  trips born-on-comb    0 (11 ants) / born-off    0 (9 ants)
                channel A: PEAK amt  24777 cells   70 (of 91 route)  POLARITY|| +0.15300 && +0.13688 SPAN +0.00826 edge   7.3  end nest->food [0,0,0,0,0]  nest   25  AtNest 25.49%
                Carrying: laden      7788  of which SPOIL      7788 (100.0%)
   90    1 homeA    0/0          228     3858    11490     1740        0    1/20        1         10 6 3 1 0
                founded x   12..88   (nest cursor 48 MATERIAL x 26..70 11 of 20 founders born on it; food 138; nearest founder 50 cells out, farthest 126, nominal gap 90)  occupancy/1k [41 16 11 13 4 0 0 0]  carry->nest      47  born    0 died   20 (starved   20)
                own trail: route pk    0 end    0 along +0.0000  B nest->food [0,0,63,18,0]  blocked      506  kin swaps       0  ticks     14685  tumbles      4525 (homeward       23, 0.51%)  drops       0  chew parked      1 resumed      0 (        0 J)  DELIVERED     0  leg home n    1 med  7333 p90  7333 (laden n    0 med     0 p90     0)  appetite held         0 J of       960  trips born-on-comb    1 (11 ants) / born-off    0 (9 ants)
                channel A: PEAK amt  65535 cells   91 (of 91 route)  POLARITY|| +0.06448 && +0.05898 SPAN +0.01008 edge   4.6  end nest->food [0,0,0,0,0]  nest   25  AtNest 22.59%
                Carrying: laden     14112  of which SPOIL     12372 ( 87.7%)
   90    1 flatN    0/0            0        0     5298        0        0    0/20        0         12 4 2 2 0
                founded x   12..88   (nest cursor 48 MATERIAL x 26..70 11 of 20 founders born on it; food 138; nearest founder 50 cells out, farthest 126, nominal gap 90)  occupancy/1k [47 15 6 10 3 0 0 0]  carry->nest       0  born    0 died   20 (starved   20)
                own trail: route pk    0 end    0 along +0.0000  B nest->food [0,0,0,0,0]  blocked      586  kin swaps       0  ticks     14069  tumbles      4254 (homeward        0, 0.00%)  drops       0  chew parked      0 resumed      0 (        0 J)  DELIVERED     0  leg home n    0 med     0 p90     0 (laden n    0 med     0 p90     0)  appetite held         0 J of         0  trips born-on-comb    0 (11 ants) / born-off    0 (9 ants)
                channel A: PEAK amt  53025 cells   57 (of 91 route)  POLARITY|| +0.15865 && +0.14292 SPAN +0.00000 edge   6.1  end nest->food [0,0,0,0,0]  nest   25  AtNest 23.77%
                Carrying: laden     11562  of which SPOIL     11562 (100.0%)
   90    1 flatF    0/0            0        0     5016        0        0    0/20        0         10 5 4 1 0
                founded x   12..88   (nest cursor 48 MATERIAL x 26..70 11 of 20 founders born on it; food 138; nearest founder 50 cells out, farthest 126, nominal gap 90)  occupancy/1k [43 14 13 7 1 0 0 0]  carry->nest       0  born    0 died   20 (starved   20)
                own trail: route pk    0 end    0 along +0.0000  B nest->food [0,0,0,0,0]  blocked      370  kin swaps       0  ticks     13603  tumbles      3857 (homeward        0, 0.00%)  drops       0  chew parked      0 resumed      0 (        0 J)  DELIVERED     0  leg home n    0 med     0 p90     0 (laden n    0 med     0 p90     0)  appetite held         0 J of         0  trips born-on-comb    0 (11 ants) / born-off    0 (9 ants)
                channel A: PEAK amt  53025 cells   57 (of 91 route)  POLARITY|| -0.15865 && -0.14292 SPAN +0.00000 edge   6.1  end nest->food [0,0,0,0,0]  nest   25  AtNest 28.23%
                Carrying: laden      9048  of which SPOIL      9048 (100.0%)
   90    2  hand    0/0         6510      600    14868    28530        0   13/23        0         5 0 1 17 0
                founded x   12..88   (nest cursor 48 MATERIAL x 26..70 11 of 23 founders born on it; food 138; nearest founder 50 cells out, farthest 126, nominal gap 90)  occupancy/1k [30 27 15 15 13 50 32 32]  carry->nest     127  born    3 died   23 (starved   20)
                own trail: route pk   32 end    0 along +0.0000  B nest->food [89,3092,6381,9628,8293]  blocked      251  kin swaps       0  ticks     36281  tumbles     15414 (homeward      651, 4.22%)  drops       0  chew parked      6 resumed      2 (        2 J)  DELIVERED     0  leg home n    0 med     0 p90     0 (laden n    0 med     0 p90     0)  appetite held         0 J of     14400  trips born-on-comb    0 (11 ants) / born-off    0 (12 ants)
                channel A: PEAK amt  13503 cells   86 (of 91 route)  POLARITY|| +0.03247 && +0.01561 SPAN -0.00259 edge  12.5  end nest->food [0,0,0,0,0]  nest   25  AtNest  4.29%
                Carrying: laden     33294  of which SPOIL      4764 ( 14.3%)
   90    2 hmute    1/1        11146      600        0    33924        0   14/27        1         4 4 3 14 2
                founded x   12..88   (nest cursor 48 MATERIAL x 26..70 11 of 27 founders born on it; food 138; nearest founder 50 cells out, farthest 126, nominal gap 90)  occupancy/1k [30 28 8 28 18 17 44 17]  carry->nest     101  born    7 died   26 (starved   17)
                own trail: route pk    0 end    0 along +0.0000  B nest->food [89,3092,6331,9430,8290]  blocked      198  kin swaps       0  ticks     32265  tumbles     12954 (homeward      753, 5.81%)  drops       0  chew parked      8 resumed      6 (        7 J)  DELIVERED     0  leg home n    1 med  6588 p90  6588 (laden n    0 med     0 p90     0)  appetite held         0 J of     16320  trips born-on-comb    0 (11 ants) / born-off    1 (16 ants)
                channel A: PEAK amt  13503 cells   88 (of 91 route)  POLARITY|| +0.02476 && +0.01685 SPAN -0.00111 edge  14.7  end nest->food [0,0,0,0,0]  nest   25  AtNest  5.44%
                Carrying: laden     39981  of which SPOIL      6057 ( 15.1%)
   90    2  self    0/0            0        0     4764        0        0    0/20        0          9 7 4 0 0
                founded x   12..88   (nest cursor 48 MATERIAL x 26..70 11 of 20 founders born on it; food 138; nearest founder 50 cells out, farthest 126, nominal gap 90)  occupancy/1k [49 11 9 6 1 0 0 0]  carry->nest       0  born    0 died   20 (starved   20)
                own trail: route pk    0 end    0 along +0.0000  B nest->food [0,0,0,0,0]  blocked      343  kin swaps       0  ticks     13253  tumbles      3774 (homeward        0, 0.00%)  drops       0  chew parked      0 resumed      0 (        0 J)  DELIVERED     0  leg home n    0 med     0 p90     0 (laden n    0 med     0 p90     0)  appetite held         0 J of         0  trips born-on-comb    0 (11 ants) / born-off    0 (9 ants)
                channel A: PEAK amt  31358 cells   65 (of 91 route)  POLARITY|| +0.12650 && +0.10384 SPAN +0.00715 edge   6.2  end nest->food [0,0,0,0,0]  nest   25  AtNest 30.10%
                Carrying: laden      9114  of which SPOIL      9114 (100.0%)
   90    2  mute    0/0            0        0     4830        0        0    0/20        0         11 6 3 0 0
                founded x   12..88   (nest cursor 48 MATERIAL x 26..70 11 of 20 founders born on it; food 138; nearest founder 50 cells out, farthest 126, nominal gap 90)  occupancy/1k [49 12 9 5 2 0 0 0]  carry->nest       0  born    0 died   20 (starved   20)
                own trail: route pk    0 end    0 along +0.0000  B nest->food [0,0,0,0,0]  blocked      274  kin swaps       0  ticks     13302  tumbles      3677 (homeward        0, 0.00%)  drops       0  chew parked      0 resumed      0 (        0 J)  DELIVERED     0  leg home n    0 med     0 p90     0 (laden n    0 med     0 p90     0)  appetite held         0 J of         0  trips born-on-comb    0 (11 ants) / born-off    0 (9 ants)
                channel A: PEAK amt  27369 cells   65 (of 91 route)  POLARITY|| +0.11335 && +0.08808 SPAN +0.00228 edge   6.5  end nest->food [0,0,0,0,0]  nest   25  AtNest 28.81%
                Carrying: laden      7080  of which SPOIL      7080 (100.0%)
   90    2 homeA    1/1         1368     2490        0    10470        0    2/20        0         10 6 2 2 0
                founded x   12..88   (nest cursor 48 MATERIAL x 26..70 11 of 20 founders born on it; food 138; nearest founder 50 cells out, farthest 126, nominal gap 90)  occupancy/1k [47 14 10 10 3 3 5 6]  carry->nest      44  born    0 died   19 (starved   19)
                own trail: route pk   31 end    0 along +0.0000  B nest->food [0,0,73,31,0]  blocked      503  kin swaps       0  ticks     16994  tumbles      5533 (homeward      339, 6.13%)  drops       0  chew parked      1 resumed      0 (        0 J)  DELIVERED     0  leg home n    0 med     0 p90     0 (laden n    0 med     0 p90     0)  appetite held         0 J of      5760  trips born-on-comb    0 (11 ants) / born-off    0 (9 ants)
                channel A: PEAK amt  62881 cells   91 (of 91 route)  POLARITY|| +0.09722 && +0.09710 SPAN +0.01077 edge   0.9  end nest->food [0,0,0,0,0]  nest   25  AtNest 20.04%
                Carrying: laden     20970  of which SPOIL     10500 ( 50.1%)
   90    2 flatN    0/0            0        0     4764        0        0    0/20        0         10 4 5 1 0
                founded x   12..88   (nest cursor 48 MATERIAL x 26..70 11 of 20 founders born on it; food 138; nearest founder 50 cells out, farthest 126, nominal gap 90)  occupancy/1k [44 14 12 6 1 0 0 0]  carry->nest       0  born    0 died   20 (starved   20)
                own trail: route pk    0 end    0 along +0.0000  B nest->food [0,0,0,0,0]  blocked      552  kin swaps       0  ticks     13606  tumbles      4079 (homeward        0, 0.00%)  drops       0  chew parked      0 resumed      0 (        0 J)  DELIVERED     0  leg home n    0 med     0 p90     0 (laden n    0 med     0 p90     0)  appetite held         0 J of         0  trips born-on-comb    0 (11 ants) / born-off    0 (9 ants)
                channel A: PEAK amt  53025 cells   57 (of 91 route)  POLARITY|| +0.15865 && +0.14292 SPAN +0.00000 edge   6.1  end nest->food [0,0,0,0,0]  nest   25  AtNest 28.78%
                Carrying: laden     13506  of which SPOIL     13506 (100.0%)
   90    2 flatF    0/0            0        0     4830        0        0    0/20        0          9 9 1 1 0
                founded x   12..88   (nest cursor 48 MATERIAL x 26..70 11 of 20 founders born on it; food 138; nearest founder 50 cells out, farthest 126, nominal gap 90)  occupancy/1k [46 14 11 5 2 0 0 0]  carry->nest       0  born    0 died   20 (starved   20)
                own trail: route pk    0 end    0 along +0.0000  B nest->food [0,0,0,0,0]  blocked      391  kin swaps       0  ticks     13538  tumbles      3887 (homeward        0, 0.00%)  drops       0  chew parked      0 resumed      0 (        0 J)  DELIVERED     0  leg home n    0 med     0 p90     0 (laden n    0 med     0 p90     0)  appetite held         0 J of         0  trips born-on-comb    0 (11 ants) / born-off    0 (9 ants)
                channel A: PEAK amt  53025 cells   57 (of 91 route)  POLARITY|| -0.15865 && -0.14292 SPAN +0.00000 edge   6.1  end nest->food [0,0,0,0,0]  nest   25  AtNest 31.50%
                Carrying: laden      8370  of which SPOIL      8370 (100.0%)
   90    3  hand    6/6         5700      564        0    46730        0    9/20        1         6 1 1 12 0
                founded x   12..88   (nest cursor 48 MATERIAL x 26..70 11 of 20 founders born on it; food 138; nearest founder 50 cells out, farthest 126, nominal gap 90)  occupancy/1k [48 15 6 12 20 22 87 66]  carry->nest     187  born    0 died   14 (starved   11)
                own trail: route pk   26 end   24 along -0.0280  B nest->food [89,3092,6460,9725,8297]  blocked      263  kin swaps       0  ticks     46630  tumbles     20467 (homeward     1129, 5.52%)  drops       0  chew parked      9 resumed      5 (        3 J)  DELIVERED     0  leg home n    1 med  5899 p90  5899 (laden n    0 med     0 p90     0)  appetite held         0 J of     24000  trips born-on-comb    1 (11 ants) / born-off    0 (9 ants)
                channel A: PEAK amt   8623 cells   86 (of 91 route)  POLARITY|| +0.01610 && +0.01351 SPAN +0.00941 edge  13.8  end nest->food [112,72,0,0,0]  nest   25  AtNest  4.16%
                Carrying: laden     53192  of which SPOIL      6462 ( 12.1%)
   90    3 hmute    7/7        10368      564        0    67378        0   13/23        0         7 0 3 13 0
                founded x   12..88   (nest cursor 48 MATERIAL x 26..70 11 of 23 founders born on it; food 138; nearest founder 50 cells out, farthest 126, nominal gap 90)  occupancy/1k [54 15 1 6 19 25 94 63]  carry->nest     138  born    3 died   16 (starved    9)
                own trail: route pk    0 end    0 along +0.0000  B nest->food [89,3092,6331,9430,8290]  blocked      198  kin swaps       0  ticks     46953  tumbles     20796 (homeward     1692, 8.14%)  drops       0  chew parked     12 resumed      8 (        7 J)  DELIVERED     0  leg home n    0 med     0 p90     0 (laden n    0 med     0 p90     0)  appetite held         0 J of     34560  trips born-on-comb    0 (11 ants) / born-off    0 (12 ants)
                channel A: PEAK amt   8778 cells   87 (of 91 route)  POLARITY|| +0.01817 && +0.02271 SPAN +0.01663 edge  15.5  end nest->food [0,0,0,0,0]  nest   25  AtNest  3.74%
                Carrying: laden     74135  of which SPOIL      6757 (  9.1%)
   90    3  self    0/0            0     3480     5574        0        0    1/20        0         12 4 3 1 0
                founded x   12..88   (nest cursor 48 MATERIAL x 26..70 11 of 20 founders born on it; food 138; nearest founder 50 cells out, farthest 126, nominal gap 90)  occupancy/1k [57 8 7 3 2 0 0 0]  carry->nest       0  born    0 died   20 (starved   19)
                own trail: route pk    0 end    0 along +0.0000  B nest->food [0,0,0,0,0]  blocked      444  kin swaps       0  ticks     13420  tumbles      4057 (homeward        0, 0.00%)  drops       0  chew parked      0 resumed      0 (        0 J)  DELIVERED     0  leg home n    0 med     0 p90     0 (laden n    0 med     0 p90     0)  appetite held         0 J of         0  trips born-on-comb    0 (11 ants) / born-off    0 (9 ants)
                channel A: PEAK amt  28163 cells   85 (of 91 route)  POLARITY|| +0.16134 && +0.14382 SPAN +0.01127 edge   6.9  end nest->food [0,0,0,0,0]  nest   25  AtNest 29.77%
                Carrying: laden     10800  of which SPOIL     10800 (100.0%)
   90    3  mute    0/0            0        0     7944        0        0    0/20        0          9 3 7 1 0
                founded x   12..88   (nest cursor 48 MATERIAL x 26..70 11 of 20 founders born on it; food 138; nearest founder 50 cells out, farthest 126, nominal gap 90)  occupancy/1k [49 13 11 4 1 0 0 0]  carry->nest       0  born    0 died   20 (starved   19)
                own trail: route pk    0 end    0 along +0.0000  B nest->food [0,0,0,0,0]  blocked      439  kin swaps       0  ticks     13632  tumbles      4116 (homeward        0, 0.00%)  drops       0  chew parked      0 resumed      0 (        0 J)  DELIVERED     0  leg home n    0 med     0 p90     0 (laden n    0 med     0 p90     0)  appetite held         0 J of         0  trips born-on-comb    0 (11 ants) / born-off    0 (9 ants)
                channel A: PEAK amt  30733 cells   79 (of 91 route)  POLARITY|| +0.14133 && +0.12195 SPAN +0.00803 edge   6.3  end nest->food [0,0,0,0,0]  nest   25  AtNest 29.46%
                Carrying: laden      8610  of which SPOIL      8610 (100.0%)
   90    3 homeA    0/0            0     2064     5238      534        0    2/20        0         12 4 2 2 0
                founded x   12..88   (nest cursor 48 MATERIAL x 26..70 11 of 20 founders born on it; food 138; nearest founder 50 cells out, farthest 126, nominal gap 90)  occupancy/1k [54 9 7 3 2 1 1 0]  carry->nest      37  born    0 died   20 (starved   19)
                own trail: route pk    0 end    0 along +0.0000  B nest->food [0,0,17,65,0]  blocked      427  kin swaps       0  ticks     13628  tumbles      4187 (homeward        4, 0.10%)  drops       0  chew parked      0 resumed      0 (        0 J)  DELIVERED     0  leg home n    0 med     0 p90     0 (laden n    0 med     0 p90     0)  appetite held         0 J of         0  trips born-on-comb    0 (11 ants) / born-off    0 (9 ants)
                channel A: PEAK amt  64776 cells   91 (of 91 route)  POLARITY|| +0.09833 && +0.09822 SPAN +0.01840 edge   0.9  end nest->food [0,0,0,0,0]  nest   25  AtNest 23.89%
                Carrying: laden     11640  of which SPOIL     11106 ( 95.4%)
   90    3 flatN    0/0            0     1998     5874     1656        0    1/20        0         12 1 5 1 1
                founded x   12..88   (nest cursor 48 MATERIAL x 26..70 11 of 20 founders born on it; food 138; nearest founder 50 cells out, farthest 126, nominal gap 90)  occupancy/1k [50 11 8 5 2 0 0 0]  carry->nest      31  born    0 died   20 (starved   19)
                own trail: route pk    0 end    0 along +0.0000  B nest->food [0,0,0,0,0]  blocked      488  kin swaps       0  ticks     13548  tumbles      4112 (homeward       33, 0.80%)  drops       0  chew parked      0 resumed      0 (        0 J)  DELIVERED     0  leg home n    0 med     0 p90     0 (laden n    0 med     0 p90     0)  appetite held         0 J of         0  trips born-on-comb    0 (11 ants) / born-off    0 (9 ants)
                channel A: PEAK amt  53025 cells   57 (of 91 route)  POLARITY|| +0.15865 && +0.14292 SPAN +0.00000 edge   6.1  end nest->food [0,0,0,0,0]  nest   25  AtNest 23.47%
                Carrying: laden     14904  of which SPOIL     13998 ( 93.9%)
   90    3 flatF    0/0            0        0     5454        0        0    0/20        0         12 5 2 1 0
                founded x   12..88   (nest cursor 48 MATERIAL x 26..70 11 of 20 founders born on it; food 138; nearest founder 50 cells out, farthest 126, nominal gap 90)  occupancy/1k [55 10 8 4 2 0 0 0]  carry->nest       0  born    0 died   20 (starved   19)
                own trail: route pk    0 end    0 along +0.0000  B nest->food [0,0,0,0,0]  blocked      396  kin swaps       0  ticks     13514  tumbles      3944 (homeward        0, 0.00%)  drops       0  chew parked      0 resumed      0 (        0 J)  DELIVERED     0  leg home n    0 med     0 p90     0 (laden n    0 med     0 p90     0)  appetite held         0 J of         0  trips born-on-comb    0 (11 ants) / born-off    0 (9 ants)
                channel A: PEAK amt  53025 cells   57 (of 91 route)  POLARITY|| -0.15865 && -0.14292 SPAN +0.00000 edge   6.1  end nest->food [0,0,0,0,0]  nest   25  AtNest 26.81%
                Carrying: laden      9162  of which SPOIL      9162 (100.0%)
   90    4  hand    1/1         8268     1050        0    43222        0   13/23        2         4 3 0 16 0
                founded x   12..88   (nest cursor 48 MATERIAL x 26..70 11 of 23 founders born on it; food 138; nearest founder 50 cells out, farthest 126, nominal gap 90)  occupancy/1k [53 12 6 14 17 50 81 23]  carry->nest     174  born    3 died   21 (starved   18)
                own trail: route pk   30 end    0 along +0.0000  B nest->food [89,3092,6404,9615,8307]  blocked      325  kin swaps       0  ticks     43958  tumbles     18933 (homeward     1027, 5.42%)  drops       0  chew parked     10 resumed      4 (        4 J)  DELIVERED     0  leg home n    2 med  8431 p90  8431 (laden n    0 med     0 p90     0)  appetite held         0 J of     22080  trips born-on-comb    0 (11 ants) / born-off    2 (12 ants)
                channel A: PEAK amt  14617 cells   85 (of 91 route)  POLARITY|| +0.03173 && +0.02869 SPAN +0.00613 edge  13.9  end nest->food [0,0,0,0,0]  nest   25  AtNest  4.10%
                Carrying: laden     49007  of which SPOIL      5785 ( 11.8%)
   90    4 hmute    8/8         8664     1050        0    67567        0   12/20        3         3 4 1 12 0
                founded x   12..88   (nest cursor 48 MATERIAL x 26..70 11 of 20 founders born on it; food 138; nearest founder 50 cells out, farthest 126, nominal gap 90)  occupancy/1k [46 9 28 12 10 54 111 25]  carry->nest     241  born    0 died   12 (starved    9)
                own trail: route pk    0 end    0 along +0.0000  B nest->food [89,3092,6331,9430,8290]  blocked      195  kin swaps       0  ticks     49887  tumbles     21643 (homeward     1468, 6.78%)  drops       0  chew parked     19 resumed     11 (        9 J)  DELIVERED     0  leg home n    3 med  7441 p90 13639 (laden n    0 med     0 p90     0)  appetite held         0 J of     36480  trips born-on-comb    1 (11 ants) / born-off    2 (9 ants)
                channel A: PEAK amt  12046 cells   82 (of 91 route)  POLARITY|| +0.01769 && +0.00926 SPAN +0.00044 edge  15.2  end nest->food [0,0,0,0,0]  nest   25  AtNest  3.28%
                Carrying: laden     72217  of which SPOIL      4650 (  6.4%)
   90    4  self    0/0          684     1416    14514     5232     4152    1/20        1          9 7 2 2 0
                founded x   12..88   (nest cursor 48 MATERIAL x 26..70 11 of 20 founders born on it; food 138; nearest founder 50 cells out, farthest 126, nominal gap 90)  occupancy/1k [48 22 24 4 4 1 0 0]  carry->nest      66  born    0 died   20 (starved   20)
                own trail: route pk   66 end    0 along +0.0000  B nest->food [0,36,27,17,0]  blocked      604  kin swaps       0  ticks     17702  tumbles      6321 (homeward      115, 1.82%)  drops      92  chew parked     91 resumed     90 (    42427 J)  DELIVERED    92  leg home n    1 med   721 p90   721 (laden n    1 med   721 p90   721)  appetite held         0 J of      2880  trips born-on-comb    0 (11 ants) / born-off    1 (9 ants)
                channel A: PEAK amt  29877 cells   44 (of 91 route)  POLARITY|| +0.10271 && +0.07491 SPAN +0.00294 edge   7.8  end nest->food [0,0,0,0,0]  nest   25  AtNest 27.45%
                Carrying: laden     19008  of which SPOIL     13776 ( 72.5%)
   90    4  mute    0/0          228     1416     6660     2472        0    1/20        0         11 4 4 1 0
                founded x   12..88   (nest cursor 48 MATERIAL x 26..70 11 of 20 founders born on it; food 138; nearest founder 50 cells out, farthest 126, nominal gap 90)  occupancy/1k [46 15 11 7 2 0 0 0]  carry->nest      53  born    0 died   20 (starved   20)
                own trail: route pk    0 end    0 along +0.0000  B nest->food [0,0,0,0,0]  blocked      485  kin swaps       0  ticks     14140  tumbles      4250 (homeward       33, 0.78%)  drops       0  chew parked      1 resumed      0 (        0 J)  DELIVERED     0  leg home n    0 med     0 p90     0 (laden n    0 med     0 p90     0)  appetite held         0 J of       960  trips born-on-comb    0 (11 ants) / born-off    0 (9 ants)
                channel A: PEAK amt  25912 cells   49 (of 91 route)  POLARITY|| +0.13111 && +0.09764 SPAN -0.00447 edge   7.4  end nest->food [0,0,0,0,0]  nest   25  AtNest 25.86%
                Carrying: laden     13752  of which SPOIL     11280 ( 82.0%)
   90    4 homeA    0/0          228     1416     6618     3972     1128    1/20        1          9 7 2 2 0
                founded x   12..88   (nest cursor 48 MATERIAL x 26..70 11 of 20 founders born on it; food 138; nearest founder 50 cells out, farthest 126, nominal gap 90)  occupancy/1k [43 15 21 6 5 1 0 0]  carry->nest      59  born    0 died   20 (starved   20)
                own trail: route pk    0 end    0 along +0.0000  B nest->food [0,18,18,19,0]  blocked      317  kin swaps       0  ticks     15766  tumbles      5232 (homeward       68, 1.30%)  drops      37  chew parked     37 resumed     36 (    18943 J)  DELIVERED    37  leg home n    1 med  1999 p90  1999 (laden n    1 med  1999 p90  1999)  appetite held         0 J of       960  trips born-on-comb    0 (11 ants) / born-off    1 (9 ants)
                channel A: PEAK amt  62107 cells   91 (of 91 route)  POLARITY|| +0.09726 && +0.09715 SPAN +0.01094 edge   0.9  end nest->food [0,0,0,0,0]  nest   25  AtNest 25.35%
                Carrying: laden     11826  of which SPOIL      7854 ( 66.4%)
   90    4 flatN    1/1          912     1416        0     7722       12    2/20        1         13 0 4 3 0
                founded x   12..88   (nest cursor 48 MATERIAL x 26..70 11 of 20 founders born on it; food 138; nearest founder 50 cells out, farthest 126, nominal gap 90)  occupancy/1k [51 14 8 22 5 1 0 0]  carry->nest      86  born    0 died   19 (starved   19)
                own trail: route pk    0 end    0 along +0.0000  B nest->food [0,0,0,0,0]  blocked      632  kin swaps       0  ticks     17424  tumbles      5713 (homeward      144, 2.52%)  drops       0  chew parked      2 resumed      1 (        1 J)  DELIVERED     0  leg home n    1 med  2377 p90  2377 (laden n    1 med  2377 p90  2377)  appetite held         0 J of      3840  trips born-on-comb    0 (11 ants) / born-off    1 (9 ants)
                channel A: PEAK amt  53025 cells   57 (of 91 route)  POLARITY|| +0.15865 && +0.14292 SPAN +0.00000 edge   6.1  end nest->food [0,0,0,0,0]  nest   25  AtNest 23.60%
                Carrying: laden     22260  of which SPOIL     14952 ( 67.2%)
   90    4 flatF    0/0            0     1416     4842     1830        0    1/20        0          9 4 6 1 0
                founded x   12..88   (nest cursor 48 MATERIAL x 26..70 11 of 20 founders born on it; food 138; nearest founder 50 cells out, farthest 126, nominal gap 90)  occupancy/1k [48 13 7 6 2 1 0 0]  carry->nest      24  born    0 died   20 (starved   20)
                own trail: route pk    0 end    0 along +0.0000  B nest->food [0,0,0,0,0]  blocked      397  kin swaps       0  ticks     13607  tumbles      4024 (homeward       42, 1.04%)  drops       0  chew parked      0 resumed      0 (        0 J)  DELIVERED     0  leg home n    0 med     0 p90     0 (laden n    0 med     0 p90     0)  appetite held         0 J of         0  trips born-on-comb    0 (11 ants) / born-off    0 (9 ants)
                channel A: PEAK amt  53025 cells   57 (of 91 route)  POLARITY|| -0.15865 && -0.14292 SPAN +0.00000 edge   6.1  end nest->food [0,0,0,0,0]  nest   25  AtNest 29.28%
                Carrying: laden     11022  of which SPOIL      9192 ( 83.4%)
   90    5  hand    3/3         5964      534        0    41839        0   12/21        0         6 1 1 11 2
                founded x   12..88   (nest cursor 48 MATERIAL x 26..70 11 of 21 founders born on it; food 138; nearest founder 50 cells out, farthest 126, nominal gap 90)  occupancy/1k [47 12 13 27 8 13 71 52]  carry->nest     153  born    1 died   18 (starved   16)
                own trail: route pk   48 end   12 along +0.0050  B nest->food [89,3092,6408,9915,8379]  blocked      160  kin swaps       0  ticks     41145  tumbles     18107 (homeward      981, 5.42%)  drops       0  chew parked      8 resumed      4 (        3 J)  DELIVERED     0  leg home n    0 med     0 p90     0 (laden n    0 med     0 p90     0)  appetite held         0 J of     22080  trips born-on-comb    0 (11 ants) / born-off    0 (10 ants)
                channel A: PEAK amt  11450 cells   86 (of 91 route)  POLARITY|| +0.01656 && +0.00589 SPAN +0.00310 edge  13.1  end nest->food [0,0,0,2,0]  nest   25  AtNest  3.29%
                Carrying: laden     44083  of which SPOIL      2244 (  5.1%)
   90    5 hmute    5/5         8693      534        0    65732        0   10/21        1         4 2 3 12 0
                founded x   12..88   (nest cursor 48 MATERIAL x 26..70 11 of 21 founders born on it; food 138; nearest founder 50 cells out, farthest 126, nominal gap 90)  occupancy/1k [43 10 11 28 11 17 95 35]  carry->nest     131  born    1 died   16 (starved   10)
                own trail: route pk   11 end    0 along +0.0000  B nest->food [89,3092,6331,9430,8290]  blocked      178  kin swaps       0  ticks     42322  tumbles     18193 (homeward     1496, 8.22%)  drops       0  chew parked     15 resumed      8 (        7 J)  DELIVERED     0  leg home n    1 med  4459 p90  4459 (laden n    0 med     0 p90     0)  appetite held         0 J of     34560  trips born-on-comb    0 (11 ants) / born-off    1 (10 ants)
                channel A: PEAK amt  10295 cells   84 (of 91 route)  POLARITY|| +0.01654 && +0.01407 SPAN +0.00290 edge  14.9  end nest->food [0,0,0,0,0]  nest   25  AtNest  3.44%
                Carrying: laden     73274  of which SPOIL      7542 ( 10.3%)
   90    5  self    0/0            0        0     5130        0        0    0/20        0         11 4 3 2 0
                founded x   12..88   (nest cursor 48 MATERIAL x 26..70 11 of 20 founders born on it; food 138; nearest founder 50 cells out, farthest 126, nominal gap 90)  occupancy/1k [48 12 7 8 1 0 0 0]  carry->nest       0  born    0 died   20 (starved   19)
                own trail: route pk    0 end    0 along +0.0000  B nest->food [0,0,0,0,0]  blocked      396  kin swaps       0  ticks     13119  tumbles      3852 (homeward        0, 0.00%)  drops       0  chew parked      0 resumed      0 (        0 J)  DELIVERED     0  leg home n    0 med     0 p90     0 (laden n    0 med     0 p90     0)  appetite held         0 J of         0  trips born-on-comb    0 (11 ants) / born-off    0 (9 ants)
                channel A: PEAK amt  34183 cells   72 (of 91 route)  POLARITY|| +0.22443 && +0.22242 SPAN +0.00323 edge   6.4  end nest->food [0,0,0,0,0]  nest   25  AtNest 33.08%
                Carrying: laden      9684  of which SPOIL      9684 (100.0%)
   90    5  mute    0/0            0        0     5100        0        0    0/20        0         12 4 4 0 0
                founded x   12..88   (nest cursor 48 MATERIAL x 26..70 11 of 20 founders born on it; food 138; nearest founder 50 cells out, farthest 126, nominal gap 90)  occupancy/1k [53 10 6 9 1 0 0 0]  carry->nest       0  born    0 died   20 (starved   19)
                own trail: route pk    0 end    0 along +0.0000  B nest->food [0,0,0,0,0]  blocked      350  kin swaps       0  ticks     13315  tumbles      3868 (homeward        0, 0.00%)  drops       0  chew parked      0 resumed      0 (        0 J)  DELIVERED     0  leg home n    0 med     0 p90     0 (laden n    0 med     0 p90     0)  appetite held         0 J of         0  trips born-on-comb    0 (11 ants) / born-off    0 (9 ants)
                channel A: PEAK amt  28393 cells   54 (of 91 route)  POLARITY|| +0.22165 && +0.23274 SPAN +0.01365 edge   6.1  end nest->food [0,0,0,0,0]  nest   25  AtNest 29.40%
                Carrying: laden      7458  of which SPOIL      7458 (100.0%)
   90    5 homeA    0/0            0        0     5100        0        0    0/20        0         11 8 0 1 0
                founded x   12..88   (nest cursor 48 MATERIAL x 26..70 11 of 20 founders born on it; food 138; nearest founder 50 cells out, farthest 126, nominal gap 90)  occupancy/1k [54 12 5 5 1 0 0 0]  carry->nest       0  born    0 died   20 (starved   19)
                own trail: route pk    0 end    0 along +0.0000  B nest->food [0,0,0,0,0]  blocked      473  kin swaps       0  ticks     13173  tumbles      3918 (homeward        0, 0.00%)  drops       0  chew parked      0 resumed      0 (        0 J)  DELIVERED     0  leg home n    0 med     0 p90     0 (laden n    0 med     0 p90     0)  appetite held         0 J of         0  trips born-on-comb    0 (11 ants) / born-off    0 (9 ants)
                channel A: PEAK amt  65535 cells   91 (of 91 route)  POLARITY|| +0.09915 && +0.09904 SPAN +0.01212 edge   0.9  end nest->food [0,0,0,0,0]  nest   25  AtNest 27.27%
                Carrying: laden     10650  of which SPOIL     10650 (100.0%)
   90    5 flatN    0/0            0        0     4770        0        0    0/20        0         10 5 2 3 0
                founded x   12..88   (nest cursor 48 MATERIAL x 26..70 11 of 20 founders born on it; food 138; nearest founder 50 cells out, farthest 126, nominal gap 90)  occupancy/1k [47 15 7 5 1 2 1 0]  carry->nest       0  born    0 died   20 (starved   19)
                own trail: route pk    0 end    0 along +0.0000  B nest->food [0,0,0,0,0]  blocked      616  kin swaps       0  ticks     13401  tumbles      4116 (homeward        0, 0.00%)  drops       0  chew parked      0 resumed      0 (        0 J)  DELIVERED     0  leg home n    0 med     0 p90     0 (laden n    0 med     0 p90     0)  appetite held         0 J of         0  trips born-on-comb    0 (11 ants) / born-off    0 (9 ants)
                channel A: PEAK amt  53025 cells   57 (of 91 route)  POLARITY|| +0.15865 && +0.14292 SPAN +0.00000 edge   6.1  end nest->food [0,0,0,0,0]  nest   25  AtNest 27.58%
                Carrying: laden     14298  of which SPOIL     14298 (100.0%)
   90    5 flatF    0/0            0        0     4620        0        0    0/20        0          9 8 3 0 0
                founded x   12..88   (nest cursor 48 MATERIAL x 26..70 11 of 20 founders born on it; food 138; nearest founder 50 cells out, farthest 126, nominal gap 90)  occupancy/1k [47 14 8 6 0 0 0 0]  carry->nest       0  born    0 died   20 (starved   19)
                own trail: route pk    0 end    0 along +0.0000  B nest->food [0,0,0,0,0]  blocked      454  kin swaps       0  ticks     12981  tumbles      3872 (homeward        0, 0.00%)  drops       0  chew parked      0 resumed      0 (        0 J)  DELIVERED     0  leg home n    0 med     0 p90     0 (laden n    0 med     0 p90     0)  appetite held         0 J of         0  trips born-on-comb    0 (11 ants) / born-off    0 (9 ants)
                channel A: PEAK amt  53025 cells   57 (of 91 route)  POLARITY|| -0.15865 && -0.14292 SPAN +0.00000 edge   6.1  end nest->food [0,0,0,0,0]  nest   25  AtNest 32.51%
                Carrying: laden     10200  of which SPOIL     10200 (100.0%)
   90    6  hand    0/0            0      528     8394     2724        0    4/20        0          8 7 1 4 0
                founded x   12..88   (nest cursor 48 MATERIAL x 26..70 11 of 20 founders born on it; food 138; nearest founder 50 cells out, farthest 126, nominal gap 90)  occupancy/1k [63 23 6 18 1 4 1 1]  carry->nest      63  born    0 died   20 (starved   19)
                own trail: route pk    0 end    0 along +0.0000  B nest->food [89,3092,6358,9555,8293]  blocked       97  kin swaps       0  ticks     20276  tumbles      8466 (homeward       47, 0.56%)  drops       0  chew parked      0 resumed      0 (        0 J)  DELIVERED     0  leg home n    0 med     0 p90     0 (laden n    0 med     0 p90     0)  appetite held         0 J of         0  trips born-on-comb    0 (11 ants) / born-off    0 (9 ants)
                channel A: PEAK amt   9358 cells   47 (of 91 route)  POLARITY|| +0.10931 && +0.07078 SPAN +0.00748 edge   8.6  end nest->food [0,0,0,0,0]  nest   25  AtNest 14.01%
                Carrying: laden      4542  of which SPOIL      1818 ( 40.0%)
   90    6 hmute    1/1          912      528        0    11695     5652    3/20        0          9 5 2 4 0
                founded x   12..88   (nest cursor 48 MATERIAL x 26..70 11 of 20 founders born on it; food 138; nearest founder 50 cells out, farthest 126, nominal gap 90)  occupancy/1k [63 33 11 18 2 1 5 0]  carry->nest     108  born    0 died   19 (starved   18)
                own trail: route pk    0 end    0 along +0.0000  B nest->food [89,3092,6331,9430,8290]  blocked      126  kin swaps       0  ticks     22939  tumbles      9781 (homeward      234, 2.39%)  drops      67  chew parked     70 resumed     70 (    54050 J)  DELIVERED    67  leg home n    0 med     0 p90     0 (laden n    0 med     0 p90     0)  appetite held         0 J of      3840  trips born-on-comb    0 (11 ants) / born-off    0 (9 ants)
                channel A: PEAK amt  17894 cells   40 (of 91 route)  POLARITY|| +0.02899 && +0.01178 SPAN -0.01299 edge  10.6  end nest->food [0,0,0,0,0]  nest   25  AtNest 17.80%
                Carrying: laden     17647  of which SPOIL      5952 ( 33.7%)
   90    6  self    0/0            0     2856     5814      276        0    1/20        0          9 6 4 1 0
                founded x   12..88   (nest cursor 48 MATERIAL x 26..70 11 of 20 founders born on it; food 138; nearest founder 50 cells out, farthest 126, nominal gap 90)  occupancy/1k [53 10 9 4 3 1 0 0]  carry->nest       9  born    0 died   20 (starved   20)
                own trail: route pk   21 end    0 along +0.0000  B nest->food [0,0,0,0,0]  blocked      499  kin swaps       0  ticks     13724  tumbles      4209 (homeward        7, 0.17%)  drops       0  chew parked      0 resumed      0 (        0 J)  DELIVERED     0  leg home n    0 med     0 p90     0 (laden n    0 med     0 p90     0)  appetite held         0 J of         0  trips born-on-comb    0 (11 ants) / born-off    0 (9 ants)
                channel A: PEAK amt  31307 cells   67 (of 91 route)  POLARITY|| +0.10479 && +0.07592 SPAN +0.00493 edge   6.7  end nest->food [0,0,0,0,0]  nest   25  AtNest 31.45%
                Carrying: laden     12828  of which SPOIL     12552 ( 97.8%)
   90    6  mute    0/0            0        0     5670        0        0    0/20        0          9 6 4 1 0
                founded x   12..88   (nest cursor 48 MATERIAL x 26..70 11 of 20 founders born on it; food 138; nearest founder 50 cells out, farthest 126, nominal gap 90)  occupancy/1k [56 8 6 5 3 1 0 0]  carry->nest       0  born    0 died   20 (starved   20)
                own trail: route pk    0 end    0 along +0.0000  B nest->food [0,0,0,0,0]  blocked      359  kin swaps       0  ticks     13645  tumbles      3986 (homeward        0, 0.00%)  drops       0  chew parked      0 resumed      0 (        0 J)  DELIVERED     0  leg home n    0 med     0 p90     0 (laden n    0 med     0 p90     0)  appetite held         0 J of         0  trips born-on-comb    0 (11 ants) / born-off    0 (9 ants)
                channel A: PEAK amt  29090 cells   70 (of 91 route)  POLARITY|| +0.14790 && +0.12286 SPAN +0.00215 edge   7.1  end nest->food [0,0,0,0,0]  nest   25  AtNest 32.34%
                Carrying: laden      9054  of which SPOIL      9054 (100.0%)
   90    6 homeA    0/0            0        0     5178        0        0    0/20        0         11 4 5 0 0
                founded x   12..88   (nest cursor 48 MATERIAL x 26..70 11 of 20 founders born on it; food 138; nearest founder 50 cells out, farthest 126, nominal gap 90)  occupancy/1k [56 10 10 4 1 0 0 0]  carry->nest       0  born    0 died   20 (starved   20)
                own trail: route pk    0 end    0 along +0.0000  B nest->food [0,0,0,0,0]  blocked      529  kin swaps       0  ticks     13770  tumbles      4176 (homeward        0, 0.00%)  drops       0  chew parked      0 resumed      0 (        0 J)  DELIVERED     0  leg home n    0 med     0 p90     0 (laden n    0 med     0 p90     0)  appetite held         0 J of         0  trips born-on-comb    0 (11 ants) / born-off    0 (9 ants)
                channel A: PEAK amt  62091 cells   91 (of 91 route)  POLARITY|| +0.09818 && +0.09807 SPAN +0.01387 edge   0.9  end nest->food [0,0,0,0,0]  nest   25  AtNest 29.27%
                Carrying: laden     11658  of which SPOIL     11658 (100.0%)
   90    6 flatN    0/0            0     2598     6012        0        0    1/20        0         10 5 4 1 0
                founded x   12..88   (nest cursor 48 MATERIAL x 26..70 11 of 20 founders born on it; food 138; nearest founder 50 cells out, farthest 126, nominal gap 90)  occupancy/1k [53 13 9 5 1 0 0 0]  carry->nest       0  born    0 died   20 (starved   20)
                own trail: route pk    0 end    0 along +0.0000  B nest->food [0,0,0,0,0]  blocked      493  kin swaps       0  ticks     14121  tumbles      4284 (homeward        0, 0.00%)  drops       0  chew parked      0 resumed      0 (        0 J)  DELIVERED     0  leg home n    0 med     0 p90     0 (laden n    0 med     0 p90     0)  appetite held         0 J of         0  trips born-on-comb    0 (11 ants) / born-off    0 (9 ants)
                channel A: PEAK amt  53025 cells   57 (of 91 route)  POLARITY|| +0.15865 && +0.14292 SPAN +0.00000 edge   6.1  end nest->food [0,0,0,0,0]  nest   25  AtNest 29.24%
                Carrying: laden     12390  of which SPOIL     12390 (100.0%)
   90    6 flatF    0/0            0     2814     5418      348        0    1/20        0         11 5 2 2 0
                founded x   12..88   (nest cursor 48 MATERIAL x 26..70 11 of 20 founders born on it; food 138; nearest founder 50 cells out, farthest 126, nominal gap 90)  occupancy/1k [56 11 7 4 1 0 0 0]  carry->nest      -1  born    0 died   20 (starved   19)
                own trail: route pk    0 end    0 along +0.0000  B nest->food [0,0,0,0,0]  blocked      539  kin swaps       0  ticks     13794  tumbles      4178 (homeward       13, 0.31%)  drops       0  chew parked      0 resumed      0 (        0 J)  DELIVERED     0  leg home n    0 med     0 p90     0 (laden n    0 med     0 p90     0)  appetite held         0 J of         0  trips born-on-comb    0 (11 ants) / born-off    0 (9 ants)
                channel A: PEAK amt  53025 cells   57 (of 91 route)  POLARITY|| -0.15865 && -0.14292 SPAN +0.00000 edge   6.1  end nest->food [0,0,0,0,0]  nest   25  AtNest 27.94%
                Carrying: laden     10512  of which SPOIL     10164 ( 96.7%)
   90    7  hand    3/3         2736      540        0    23437        0    8/20        0          5 3 2 9 1
                founded x   12..88   (nest cursor 48 MATERIAL x 26..70 11 of 20 founders born on it; food 138; nearest founder 50 cells out, farthest 126, nominal gap 90)  occupancy/1k [48 26 13 18 11 6 53 5]  carry->nest      99  born    0 died   17 (starved   15)
                own trail: route pk   19 end   13 along -0.0070  B nest->food [89,3094,6382,9605,8310]  blocked      155  kin swaps       0  ticks     30591  tumbles     13646 (homeward      409, 3.00%)  drops       0  chew parked      7 resumed      4 (        1 J)  DELIVERED     0  leg home n    0 med     0 p90     0 (laden n    0 med     0 p90     0)  appetite held         0 J of     11520  trips born-on-comb    0 (11 ants) / born-off    0 (9 ants)
                channel A: PEAK amt   9326 cells   76 (of 91 route)  POLARITY|| +0.02764 && +0.04695 SPAN +0.01345 edge  10.8  end nest->food [0,0,0,0,0]  nest   25  AtNest 13.90%
                Carrying: laden     27889  of which SPOIL      4452 ( 16.0%)
   90    7 hmute    9/8         7899      540        0    52963        0   11/22        0         3 6 0 13 0
                founded x   12..88   (nest cursor 48 MATERIAL x 26..70 11 of 22 founders born on it; food 138; nearest founder 50 cells out, farthest 126, nominal gap 90)  occupancy/1k [46 25 13 11 3 10 104 45]  carry->nest      71  born    2 died   13 (starved   11)
                own trail: route pk    0 end    0 along +0.0000  B nest->food [89,3092,6331,9430,8290]  blocked      231  kin swaps       0  ticks     43550  tumbles     19595 (homeward     1401, 7.15%)  drops       0  chew parked      8 resumed      5 (        5 J)  DELIVERED     0  leg home n    0 med     0 p90     0 (laden n    0 med     0 p90     0)  appetite held         0 J of     25920  trips born-on-comb    0 (11 ants) / born-off    0 (11 ants)
                channel A: PEAK amt  11124 cells   79 (of 91 route)  POLARITY|| +0.02123 && +0.02433 SPAN +0.00882 edge  13.1  end nest->food [0,0,2,0,0]  nest   25  AtNest  9.23%
                Carrying: laden     60523  of which SPOIL      9498 ( 15.7%)
   90    7  self    0/0            0     2304     4566      948        0    1/20        0         10 5 3 2 0
                founded x   12..88   (nest cursor 48 MATERIAL x 26..70 11 of 20 founders born on it; food 138; nearest founder 50 cells out, farthest 126, nominal gap 90)  occupancy/1k [47 13 5 6 3 1 1 0]  carry->nest      30  born    0 died   20 (starved   20)
                own trail: route pk   43 end    0 along +0.0000  B nest->food [0,0,0,26,0]  blocked      406  kin swaps       0  ticks     13243  tumbles      3996 (homeward       19, 0.48%)  drops       0  chew parked      0 resumed      0 (        0 J)  DELIVERED     0  leg home n    0 med     0 p90     0 (laden n    0 med     0 p90     0)  appetite held         0 J of         0  trips born-on-comb    0 (11 ants) / born-off    0 (9 ants)
                channel A: PEAK amt  27540 cells   58 (of 91 route)  POLARITY|| +0.16140 && +0.14101 SPAN -0.00806 edge   6.4  end nest->food [0,0,0,0,0]  nest   25  AtNest 33.63%
                Carrying: laden      9462  of which SPOIL      8514 ( 90.0%)
   90    7  mute    1/1         2052     2304        0    18078        0    3/21        0         10 6 2 2 1
                founded x   12..88   (nest cursor 48 MATERIAL x 26..70 11 of 21 founders born on it; food 138; nearest founder 50 cells out, farthest 126, nominal gap 90)  occupancy/1k [49 12 5 8 4 5 4 11]  carry->nest      18  born    1 died   20 (starved   20)
                own trail: route pk    0 end    0 along +0.0000  B nest->food [0,0,0,0,0]  blocked      414  kin swaps       0  ticks     16832  tumbles      5571 (homeward      408, 7.32%)  drops       0  chew parked      5 resumed      4 (        7 J)  DELIVERED     0  leg home n    0 med     0 p90     0 (laden n    0 med     0 p90     0)  appetite held         0 J of      8640  trips born-on-comb    0 (11 ants) / born-off    0 (10 ants)
                channel A: PEAK amt  33600 cells   87 (of 91 route)  POLARITY|| +0.04333 && +0.09375 SPAN -0.00038 edge   8.3  end nest->food [0,0,13,0,0]  nest   25  AtNest 24.18%
                Carrying: laden     27138  of which SPOIL      9060 ( 33.4%)
   90    7 homeA    0/0            0     2790     4710     1272        0    1/20        0          9 7 3 1 0
                founded x   12..88   (nest cursor 48 MATERIAL x 26..70 11 of 20 founders born on it; food 138; nearest founder 50 cells out, farthest 126, nominal gap 90)  occupancy/1k [46 14 8 6 1 0 0 0]  carry->nest      41  born    0 died   20 (starved   20)
                own trail: route pk    0 end    0 along +0.0000  B nest->food [0,0,17,17,0]  blocked      439  kin swaps       0  ticks     13141  tumbles      3960 (homeward       12, 0.30%)  drops       0  chew parked      0 resumed      0 (        0 J)  DELIVERED     0  leg home n    0 med     0 p90     0 (laden n    0 med     0 p90     0)  appetite held         0 J of         0  trips born-on-comb    0 (11 ants) / born-off    0 (9 ants)
                channel A: PEAK amt  65535 cells   91 (of 91 route)  POLARITY|| +0.09832 && +0.09820 SPAN +0.01214 edge   0.9  end nest->food [0,0,0,0,0]  nest   25  AtNest 32.73%
                Carrying: laden     11736  of which SPOIL     10464 ( 89.2%)
   90    7 flatN    0/0            0     3210     4926      288        0    1/20        0         11 6 2 0 1
                founded x   12..88   (nest cursor 48 MATERIAL x 26..70 11 of 20 founders born on it; food 138; nearest founder 50 cells out, farthest 126, nominal gap 90)  occupancy/1k [53 12 7 5 1 0 0 0]  carry->nest       1  born    0 died   20 (starved   20)
                own trail: route pk    0 end    0 along +0.0000  B nest->food [0,0,0,0,0]  blocked      364  kin swaps       0  ticks     13417  tumbles      3911 (homeward        5, 0.13%)  drops       0  chew parked      0 resumed      0 (        0 J)  DELIVERED     0  leg home n    0 med     0 p90     0 (laden n    0 med     0 p90     0)  appetite held         0 J of         0  trips born-on-comb    0 (11 ants) / born-off    0 (9 ants)
                channel A: PEAK amt  53025 cells   57 (of 91 route)  POLARITY|| +0.15865 && +0.14292 SPAN +0.00000 edge   6.1  end nest->food [0,0,0,0,0]  nest   25  AtNest 29.40%
                Carrying: laden      9192  of which SPOIL      8904 ( 96.9%)
   90    7 flatF    0/0         1164     2520     9066     7602        0    2/21        0          9 8 2 2 0
                founded x   12..88   (nest cursor 48 MATERIAL x 26..70 11 of 21 founders born on it; food 138; nearest founder 50 cells out, farthest 126, nominal gap 90)  occupancy/1k [50 11 9 5 1 1 1 7]  carry->nest      18  born    1 died   21 (starved   21)
                own trail: route pk    0 end    0 along +0.0000  B nest->food [0,0,0,0,0]  blocked      389  kin swaps       0  ticks     14513  tumbles      4475 (homeward      265, 5.92%)  drops       0  chew parked      0 resumed      0 (        0 J)  DELIVERED     0  leg home n    0 med     0 p90     0 (laden n    0 med     0 p90     0)  appetite held         0 J of      2880  trips born-on-comb    0 (11 ants) / born-off    0 (10 ants)
                channel A: PEAK amt  53025 cells   57 (of 91 route)  POLARITY|| -0.15870 && -0.14298 SPAN -0.00002 edge   6.1  end nest->food [0,0,0,0,0]  nest   25  AtNest 30.11%
                Carrying: laden     17442  of which SPOIL      9840 ( 56.4%)
   90    8  hand    0/0         1368      576    15768    13134      156    7/20        1          4 5 2 9 0
                founded x   12..88   (nest cursor 48 MATERIAL x 26..70 11 of 20 founders born on it; food 138; nearest founder 50 cells out, farthest 126, nominal gap 90)  occupancy/1k [25 35 16 16 12 5 36 7]  carry->nest      98  born    0 died   20 (starved   17)
                own trail: route pk   49 end    0 along +0.0000  B nest->food [89,3106,6535,9529,8291]  blocked      234  kin swaps       0  ticks     25834  tumbles     10920 (homeward      271, 2.48%)  drops       8  chew parked     10 resumed      7 (     5683 J)  DELIVERED     8  leg home n    1 med  4015 p90  4015 (laden n    1 med  4015 p90  4015)  appetite held         0 J of      5760  trips born-on-comb    0 (11 ants) / born-off    1 (9 ants)
                channel A: PEAK amt   9837 cells   70 (of 91 route)  POLARITY|| +0.03782 && +0.03100 SPAN -0.00088 edge  15.0  end nest->food [0,0,0,0,0]  nest   25  AtNest  4.67%
                Carrying: laden     17928  of which SPOIL      4794 ( 26.7%)
   90    8 hmute    3/3         3876      576        0    31782        0    8/20        1          5 4 3 8 0
                founded x   12..88   (nest cursor 48 MATERIAL x 26..70 11 of 20 founders born on it; food 138; nearest founder 50 cells out, farthest 126, nominal gap 90)  occupancy/1k [26 38 17 17 13 22 38 12]  carry->nest     196  born    0 died   17 (starved   14)
                own trail: route pk    0 end    0 along +0.0000  B nest->food [89,3092,6331,9430,8290]  blocked      267  kin swaps       0  ticks     31129  tumbles     13184 (homeward      540, 4.10%)  drops       0  chew parked     11 resumed      7 (        4 J)  DELIVERED     0  leg home n    1 med  4759 p90  4759 (laden n    0 med     0 p90     0)  appetite held         0 J of     16320  trips born-on-comb    0 (11 ants) / born-off    1 (9 ants)
                channel A: PEAK amt   9837 cells   83 (of 91 route)  POLARITY|| +0.03811 && +0.04024 SPAN +0.00218 edge  15.9  end nest->food [0,0,0,0,0]  nest   25  AtNest  7.57%
                Carrying: laden     39510  of which SPOIL      9468 ( 24.0%)
   90    8  self    0/0          228     2670     9798     4536        0    3/20        0         12 3 1 4 0
                founded x   12..88   (nest cursor 48 MATERIAL x 26..70 11 of 20 founders born on it; food 138; nearest founder 50 cells out, farthest 126, nominal gap 90)  occupancy/1k [44 11 5 7 4 2 7 5]  carry->nest      41  born    0 died   20 (starved   20)
                own trail: route pk   44 end    0 along +0.0000  B nest->food [0,0,5,20,0]  blocked      376  kin swaps       0  ticks     14992  tumbles      4820 (homeward       98, 2.03%)  drops       0  chew parked      1 resumed      1 (        0 J)  DELIVERED     0  leg home n    0 med     0 p90     0 (laden n    0 med     0 p90     0)  appetite held         0 J of       960  trips born-on-comb    0 (11 ants) / born-off    0 (9 ants)
                channel A: PEAK amt  28438 cells   82 (of 91 route)  POLARITY|| +0.08334 && +0.07229 SPAN -0.00320 edge  11.6  end nest->food [0,0,0,0,0]  nest   25  AtNest 25.06%
                Carrying: laden     13848  of which SPOIL      9312 ( 67.2%)
   90    8  mute    1/1          684     3702        0     6180        0    1/20        0         11 5 2 2 0
                founded x   12..88   (nest cursor 48 MATERIAL x 26..70 11 of 20 founders born on it; food 138; nearest founder 50 cells out, farthest 126, nominal gap 90)  occupancy/1k [42 17 14 14 6 2 0 0]  carry->nest      46  born    0 died   19 (starved   19)
                own trail: route pk    0 end    0 along +0.0000  B nest->food [0,0,0,0,0]  blocked      550  kin swaps       0  ticks     16258  tumbles      5336 (homeward       98, 1.84%)  drops       0  chew parked      2 resumed      1 (        0 J)  DELIVERED     0  leg home n    0 med     0 p90     0 (laden n    0 med     0 p90     0)  appetite held         0 J of      2880  trips born-on-comb    0 (11 ants) / born-off    0 (9 ants)
                channel A: PEAK amt  27632 cells   63 (of 91 route)  POLARITY|| +0.03874 && +0.04872 SPAN +0.01690 edge  10.3  end nest->food [0,978,0,0,0]  nest   25  AtNest 26.74%
                Carrying: laden     19963  of which SPOIL     13783 ( 69.0%)
   90    8 homeA    0/0            0     3660     6438     1848        0    1/20        0         11 5 1 3 0
                founded x   12..88   (nest cursor 48 MATERIAL x 26..70 11 of 20 founders born on it; food 138; nearest founder 50 cells out, farthest 126, nominal gap 90)  occupancy/1k [44 12 6 11 6 2 1 0]  carry->nest      39  born    0 died   20 (starved   20)
                own trail: route pk    0 end    0 along +0.0000  B nest->food [0,0,105,19,0]  blocked      451  kin swaps       0  ticks     14124  tumbles      4471 (homeward       18, 0.40%)  drops       0  chew parked      0 resumed      0 (        0 J)  DELIVERED     0  leg home n    0 med     0 p90     0 (laden n    0 med     0 p90     0)  appetite held         0 J of         0  trips born-on-comb    0 (11 ants) / born-off    0 (9 ants)
                channel A: PEAK amt  65535 cells   91 (of 91 route)  POLARITY|| +0.09782 && +0.09770 SPAN +0.01690 edge   0.9  end nest->food [0,0,0,0,0]  nest   25  AtNest 23.15%
                Carrying: laden     12576  of which SPOIL     10728 ( 85.3%)
   90    8 flatN    1/1          684     3024        0     6858     1848    3/20        1          9 5 3 3 0
                founded x   12..88   (nest cursor 48 MATERIAL x 26..70 11 of 20 founders born on it; food 138; nearest founder 50 cells out, farthest 126, nominal gap 90)  occupancy/1k [42 14 11 26 2 1 1 0]  carry->nest     105  born    0 died   19 (starved   19)
                own trail: route pk    0 end    0 along +0.0000  B nest->food [0,0,0,0,0]  blocked      450  kin swaps       0  ticks     16696  tumbles      5305 (homeward      105, 1.98%)  drops      14  chew parked     15 resumed     14 (     2424 J)  DELIVERED    14  leg home n    1 med  6481 p90  6481 (laden n    1 med  6481 p90  6481)  appetite held         0 J of      2880  trips born-on-comb    0 (11 ants) / born-off    1 (9 ants)
                channel A: PEAK amt  53025 cells   57 (of 91 route)  POLARITY|| +0.15865 && +0.14292 SPAN +0.00000 edge   6.1  end nest->food [0,0,0,0,0]  nest   25  AtNest 22.26%
                Carrying: laden     18474  of which SPOIL     11616 ( 62.9%)
   90    8 flatF    0/0          228     3294    10860     1740        0    2/20        1         13 1 4 2 0
                founded x   12..88   (nest cursor 48 MATERIAL x 26..70 11 of 20 founders born on it; food 138; nearest founder 50 cells out, farthest 126, nominal gap 90)  occupancy/1k [45 10 9 9 8 2 1 0]  carry->nest      31  born    0 died   20 (starved   20)
                own trail: route pk    0 end    0 along +0.0000  B nest->food [0,0,0,0,0]  blocked      461  kin swaps       0  ticks     14677  tumbles      4337 (homeward       20, 0.46%)  drops       0  chew parked      1 resumed      0 (        0 J)  DELIVERED     0  leg home n    1 med  4837 p90  4837 (laden n    0 med     0 p90     0)  appetite held         0 J of       960  trips born-on-comb    0 (11 ants) / born-off    1 (9 ants)
                channel A: PEAK amt  53025 cells   57 (of 91 route)  POLARITY|| -0.15865 && -0.14292 SPAN +0.00000 edge   6.1  end nest->food [0,0,0,0,0]  nest   25  AtNest 26.52%
                Carrying: laden     12960  of which SPOIL     11220 ( 86.6%)
   90    9  hand  576/19     8304625      660        0  2268939     5396 6463/6570     22   8 6 11 2508 4037
                founded x   12..88   (nest cursor 48 MATERIAL x 26..70 11 of 6570 founders born on it; food 138; nearest founder 50 cells out, farthest 126, nominal gap 90)  occupancy/1k [66 28 33 53 144 321 625 4643]  carry->nest    -507  born 6550 died 5820 (starved   73)
                own trail: route pk   91 end   82 along -0.1831  B nest->food [191,4095,14776,21248,40163]  blocked   130423  kin swaps       0  ticks   1711219  tumbles    665936 (homeward    43874, 6.59%)  drops     142  chew parked    789 resumed    277 (    51168 J)  DELIVERED   107  leg home n   22 med  1405 p90  2629 (laden n   22 med  1405 p90  2629)  appetite held         0 J of   1683840  trips born-on-comb    0 (13 ants) / born-off   22 (6557 ants)
                channel A: PEAK amt  15604 cells   91 (of 91 route)  POLARITY|| -0.01742 && -0.04174 SPAN -0.00020 edge  18.3  end nest->food [0,107,0,0,27]  nest   25  AtNest  0.40%
                Carrying: laden   2294233  of which SPOIL     36751 (  1.6%)
   90    9 hmute  417/20     9506853      660        0  2488626    12891 7856/7937     16    7 6 6 2578 5340
                founded x   12..88   (nest cursor 48 MATERIAL x 26..70 11 of 7937 founders born on it; food 138; nearest founder 50 cells out, farthest 126, nominal gap 90)  occupancy/1k [66 46 33 41 62 145 641 4310]  carry->nest     178  born 7934 died 7404 (starved  154)
                own trail: route pk   74 end   50 along -0.0146  B nest->food [89,3103,6368,9650,9005]  blocked   125460  kin swaps       0  ticks   1530315  tumbles    629736 (homeward    73042, 11.60%)  drops     299  chew parked    745 resumed    387 (    55961 J)  DELIVERED   179  leg home n   16 med   762 p90  3921 (laden n   13 med   606 p90  1471)  appetite held         0 J of   1196160  trips born-on-comb    0 (11 ants) / born-off   16 (7926 ants)
                channel A: PEAK amt  65535 cells   91 (of 91 route)  POLARITY|| -0.02990 && -0.03265 SPAN -0.00152 edge   9.9  end nest->food [8,3440,258,16471,21246]  nest   25  AtNest  0.54%
                Carrying: laden   2509463  of which SPOIL     36463 (  1.5%)
   90    9  self    0/0            0     3186     4650      828        0    1/20        0         12 4 3 1 0
                founded x   12..88   (nest cursor 48 MATERIAL x 26..70 11 of 20 founders born on it; food 138; nearest founder 50 cells out, farthest 126, nominal gap 90)  occupancy/1k [54 7 11 4 2 0 0 0]  carry->nest      27  born    0 died   20 (starved   20)
                own trail: route pk   37 end    0 along +0.0000  B nest->food [0,0,0,87,0]  blocked      601  kin swaps       0  ticks     13710  tumbles      4131 (homeward       12, 0.29%)  drops       0  chew parked      0 resumed      0 (        0 J)  DELIVERED     0  leg home n    0 med     0 p90     0 (laden n    0 med     0 p90     0)  appetite held         0 J of         0  trips born-on-comb    0 (11 ants) / born-off    0 (9 ants)
                channel A: PEAK amt  29970 cells   51 (of 91 route)  POLARITY|| +0.17105 && +0.14702 SPAN +0.00425 edge   6.5  end nest->food [0,0,0,0,0]  nest   25  AtNest 29.68%
                Carrying: laden     12402  of which SPOIL     11574 ( 93.3%)
   90    9  mute    0/0            0     3870     4632      144        0    1/20        0         11 7 1 1 0
                founded x   12..88   (nest cursor 48 MATERIAL x 26..70 11 of 20 founders born on it; food 138; nearest founder 50 cells out, farthest 126, nominal gap 90)  occupancy/1k [46 12 13 5 2 0 0 0]  carry->nest      -1  born    0 died   20 (starved   20)
                own trail: route pk    0 end    0 along +0.0000  B nest->food [0,0,0,0,0]  blocked      395  kin swaps       0  ticks     13469  tumbles      3813 (homeward        3, 0.08%)  drops       0  chew parked      0 resumed      0 (        0 J)  DELIVERED     0  leg home n    0 med     0 p90     0 (laden n    0 med     0 p90     0)  appetite held         0 J of         0  trips born-on-comb    0 (11 ants) / born-off    0 (9 ants)
                channel A: PEAK amt  35703 cells   48 (of 91 route)  POLARITY|| +0.14067 && +0.11290 SPAN +0.00272 edge   6.5  end nest->food [0,0,0,0,0]  nest   25  AtNest 28.07%
                Carrying: laden      8076  of which SPOIL      7932 ( 98.2%)
   90    9 homeA    0/0            0        0     4764        0        0    0/20        0         11 6 1 2 0
                founded x   12..88   (nest cursor 48 MATERIAL x 26..70 11 of 20 founders born on it; food 138; nearest founder 50 cells out, farthest 126, nominal gap 90)  occupancy/1k [52 9 9 7 2 0 0 0]  carry->nest       0  born    0 died   20 (starved   20)
                own trail: route pk    0 end    0 along +0.0000  B nest->food [0,0,0,0,0]  blocked      445  kin swaps       0  ticks     13660  tumbles      4001 (homeward        0, 0.00%)  drops       0  chew parked      0 resumed      0 (        0 J)  DELIVERED     0  leg home n    0 med     0 p90     0 (laden n    0 med     0 p90     0)  appetite held         0 J of         0  trips born-on-comb    0 (11 ants) / born-off    0 (9 ants)
                channel A: PEAK amt  65535 cells   91 (of 91 route)  POLARITY|| +0.09898 && +0.09887 SPAN +0.01603 edge   0.9  end nest->food [0,0,0,0,0]  nest   25  AtNest 29.38%
                Carrying: laden     10644  of which SPOIL     10644 (100.0%)
   90    9 flatN    0/0            0     3582     4734      414        0    1/20        0         12 5 2 1 0
                founded x   12..88   (nest cursor 48 MATERIAL x 26..70 11 of 20 founders born on it; food 138; nearest founder 50 cells out, farthest 126, nominal gap 90)  occupancy/1k [59 6 8 4 3 0 0 0]  carry->nest      -2  born    0 died   20 (starved   20)
                own trail: route pk    0 end    0 along +0.0000  B nest->food [0,0,0,0,0]  blocked      374  kin swaps       0  ticks     13778  tumbles      3902 (homeward        8, 0.21%)  drops       0  chew parked      0 resumed      0 (        0 J)  DELIVERED     0  leg home n    0 med     0 p90     0 (laden n    0 med     0 p90     0)  appetite held         0 J of         0  trips born-on-comb    0 (11 ants) / born-off    0 (9 ants)
                channel A: PEAK amt  53025 cells   57 (of 91 route)  POLARITY|| +0.15865 && +0.14292 SPAN +0.00000 edge   6.1  end nest->food [0,0,0,0,0]  nest   25  AtNest 27.75%
                Carrying: laden      8508  of which SPOIL      8094 ( 95.1%)
   90    9 flatF    0/0            0        0     4734        0        0    0/20        0         12 5 3 0 0
                founded x   12..88   (nest cursor 48 MATERIAL x 26..70 11 of 20 founders born on it; food 138; nearest founder 50 cells out, farthest 126, nominal gap 90)  occupancy/1k [58 9 9 3 1 0 0 0]  carry->nest       0  born    0 died   20 (starved   20)
                own trail: route pk    0 end    0 along +0.0000  B nest->food [0,0,0,0,0]  blocked      416  kin swaps       0  ticks     13702  tumbles      3921 (homeward        0, 0.00%)  drops       0  chew parked      0 resumed      0 (        0 J)  DELIVERED     0  leg home n    0 med     0 p90     0 (laden n    0 med     0 p90     0)  appetite held         0 J of         0  trips born-on-comb    0 (11 ants) / born-off    0 (9 ants)
                channel A: PEAK amt  53025 cells   57 (of 91 route)  POLARITY|| -0.15865 && -0.14292 SPAN +0.00000 edge   6.1  end nest->food [0,0,0,0,0]  nest   25  AtNest 32.35%
                Carrying: laden      7746  of which SPOIL      7746 (100.0%)
   90   10  hand    0/0         2052      696    12606    19110        0    9/20        0         3 1 3 13 0
                founded x   12..88   (nest cursor 48 MATERIAL x 26..70 11 of 20 founders born on it; food 138; nearest founder 50 cells out, farthest 126, nominal gap 90)  occupancy/1k [57 8 10 18 12 22 47 8]  carry->nest     114  born    0 died   20 (starved   19)
                own trail: route pk   24 end    0 along +0.0000  B nest->food [89,3092,6478,9618,8292]  blocked      165  kin swaps       0  ticks     30866  tumbles     13045 (homeward      358, 2.74%)  drops       0  chew parked      6 resumed      3 (        1 J)  DELIVERED     0  leg home n    0 med     0 p90     0 (laden n    0 med     0 p90     0)  appetite held         0 J of      8640  trips born-on-comb    0 (11 ants) / born-off    0 (9 ants)
                channel A: PEAK amt  14643 cells   86 (of 91 route)  POLARITY|| +0.03952 && +0.02738 SPAN +0.00242 edge  12.1  end nest->food [0,0,0,0,0]  nest   25  AtNest  6.41%
                Carrying: laden     22866  of which SPOIL      3756 ( 16.4%)
   90   10 hmute    5/5         6912      696        0    52165        0   10/21        1         4 4 1 12 0
                founded x   12..88   (nest cursor 48 MATERIAL x 26..70 11 of 21 founders born on it; food 138; nearest founder 50 cells out, farthest 126, nominal gap 90)  occupancy/1k [58 6 14 15 22 37 65 24]  carry->nest     145  born    1 died   16 (starved   13)
                own trail: route pk    0 end    0 along +0.0000  B nest->food [89,3092,6331,9430,8290]  blocked      297  kin swaps       0  ticks     40963  tumbles     16981 (homeward     1312, 7.73%)  drops       0  chew parked     12 resumed      6 (        5 J)  DELIVERED     0  leg home n    1 med 11239 p90 11239 (laden n    0 med     0 p90     0)  appetite held         0 J of     27840  trips born-on-comb    0 (11 ants) / born-off    1 (10 ants)
                channel A: PEAK amt  15265 cells   85 (of 91 route)  POLARITY|| +0.01470 && +0.00022 SPAN -0.00608 edge  16.4  end nest->food [0,0,0,0,0]  nest   25  AtNest  4.65%
                Carrying: laden     60079  of which SPOIL      7914 ( 13.2%)
   90   10  self    0/0            0     2700     4962     1392        0    2/20        0         11 5 1 3 0
                founded x   12..88   (nest cursor 48 MATERIAL x 26..70 11 of 20 founders born on it; food 138; nearest founder 50 cells out, farthest 126, nominal gap 90)  occupancy/1k [50 11 6 3 1 3 1 0]  carry->nest      26  born    0 died   20 (starved   20)
                own trail: route pk   31 end    0 along +0.0000  B nest->food [0,0,0,42,0]  blocked      313  kin swaps       0  ticks     13252  tumbles      3850 (homeward       21, 0.55%)  drops       0  chew parked      0 resumed      0 (        0 J)  DELIVERED     0  leg home n    0 med     0 p90     0 (laden n    0 med     0 p90     0)  appetite held         0 J of         0  trips born-on-comb    0 (11 ants) / born-off    0 (9 ants)
                channel A: PEAK amt  20381 cells   71 (of 91 route)  POLARITY|| +0.13312 && +0.11492 SPAN +0.00614 edge   7.0  end nest->food [0,0,0,0,0]  nest   25  AtNest 29.46%
                Carrying: laden      9228  of which SPOIL      7836 ( 84.9%)
   90   10  mute    0/0            0     2700     4788      972        0    3/20        0         12 5 0 3 0
                founded x   12..88   (nest cursor 48 MATERIAL x 26..70 11 of 20 founders born on it; food 138; nearest founder 50 cells out, farthest 126, nominal gap 90)  occupancy/1k [51 12 4 3 1 2 0 0]  carry->nest      22  born    0 died   20 (starved   19)
                own trail: route pk    0 end    0 along +0.0000  B nest->food [0,0,0,0,0]  blocked      288  kin swaps       0  ticks     12963  tumbles      3725 (homeward       16, 0.43%)  drops       0  chew parked      0 resumed      0 (        0 J)  DELIVERED     0  leg home n    0 med     0 p90     0 (laden n    0 med     0 p90     0)  appetite held         0 J of         0  trips born-on-comb    0 (11 ants) / born-off    0 (9 ants)
                channel A: PEAK amt  25570 cells   81 (of 91 route)  POLARITY|| +0.13237 && +0.11188 SPAN +0.00703 edge   8.1  end nest->food [0,0,0,0,0]  nest   25  AtNest 30.47%
                Carrying: laden     10074  of which SPOIL      9102 ( 90.4%)
   90   10 homeA    0/0         1164     1938     8706     7782        0    2/21        0         13 3 3 2 0
                founded x   12..88   (nest cursor 48 MATERIAL x 26..70 11 of 21 founders born on it; food 138; nearest founder 50 cells out, farthest 126, nominal gap 90)  occupancy/1k [60 7 8 2 2 1 0 5]  carry->nest      63  born    1 died   21 (starved   21)
                own trail: route pk   60 end    0 along +0.0000  B nest->food [0,0,35,66,0]  blocked      394  kin swaps       0  ticks     14874  tumbles      4475 (homeward      240, 5.36%)  drops       0  chew parked      0 resumed      0 (        0 J)  DELIVERED     0  leg home n    0 med     0 p90     0 (laden n    0 med     0 p90     0)  appetite held         0 J of      2880  trips born-on-comb    0 (11 ants) / born-off    0 (10 ants)
                channel A: PEAK amt  64537 cells   91 (of 91 route)  POLARITY|| +0.09866 && +0.09854 SPAN +0.01159 edge   0.9  end nest->food [0,0,0,0,0]  nest   25  AtNest 27.63%
                Carrying: laden     16596  of which SPOIL      8814 ( 53.1%)
   90   10 flatN    0/0            0     1938     5070      144        0    2/20        0         13 3 1 3 0
                founded x   12..88   (nest cursor 48 MATERIAL x 26..70 11 of 20 founders born on it; food 138; nearest founder 50 cells out, farthest 126, nominal gap 90)  occupancy/1k [56 7 7 4 3 1 0 0]  carry->nest      -3  born    0 died   20 (starved   19)
                own trail: route pk    0 end    0 along +0.0000  B nest->food [0,0,0,0,0]  blocked      450  kin swaps       0  ticks     13599  tumbles      3974 (homeward        2, 0.05%)  drops       0  chew parked      0 resumed      0 (        0 J)  DELIVERED     0  leg home n    0 med     0 p90     0 (laden n    0 med     0 p90     0)  appetite held         0 J of         0  trips born-on-comb    0 (11 ants) / born-off    0 (9 ants)
                channel A: PEAK amt  53025 cells   57 (of 91 route)  POLARITY|| +0.15865 && +0.14292 SPAN +0.00000 edge   6.1  end nest->food [0,0,0,0,0]  nest   25  AtNest 27.42%
                Carrying: laden      8256  of which SPOIL      8112 ( 98.3%)
   90   10 flatF    1/1         2280     1866        0    17832     1986    3/20        1         12 2 3 3 0
                founded x   12..88   (nest cursor 48 MATERIAL x 26..70 11 of 20 founders born on it; food 138; nearest founder 50 cells out, farthest 126, nominal gap 90)  occupancy/1k [55 13 7 5 7 12 25 3]  carry->nest      93  born    0 died   19 (starved   18)
                own trail: route pk    0 end    0 along +0.0000  B nest->food [0,0,0,0,0]  blocked      509  kin swaps       0  ticks     21952  tumbles      7314 (homeward      387, 5.29%)  drops     120  chew parked    121 resumed    119 (    60153 J)  DELIVERED   120  leg home n    1 med  2923 p90  2923 (laden n    1 med  2923 p90  2923)  appetite held         0 J of      9600  trips born-on-comb    0 (11 ants) / born-off    1 (9 ants)
                channel A: PEAK amt  53025 cells   57 (of 91 route)  POLARITY|| -0.15865 && -0.14292 SPAN +0.00000 edge   6.1  end nest->food [0,0,0,0,0]  nest   25  AtNest 19.28%
                Carrying: laden     28194  of which SPOIL     10362 ( 36.8%)
   90   11  hand    0/0         3431      756    12930    14693        0    9/22        0         5 2 4 11 0
                founded x   12..88   (nest cursor 48 MATERIAL x 26..70 11 of 22 founders born on it; food 138; nearest founder 50 cells out, farthest 126, nominal gap 90)  occupancy/1k [34 28 9 37 23 14 5 5]  carry->nest     102  born    2 died   22 (starved   19)
                own trail: route pk   39 end    0 along +0.0000  B nest->food [89,3092,6516,9502,8294]  blocked      189  kin swaps       0  ticks     26520  tumbles     11394 (homeward      312, 2.74%)  drops       0  chew parked      2 resumed      0 (        0 J)  DELIVERED     0  leg home n    0 med     0 p90     0 (laden n    0 med     0 p90     0)  appetite held         0 J of      5760  trips born-on-comb    0 (11 ants) / born-off    0 (11 ants)
                channel A: PEAK amt   9953 cells   80 (of 91 route)  POLARITY|| +0.04442 && +0.03211 SPAN +0.00028 edge  12.5  end nest->food [0,0,0,0,0]  nest   25  AtNest  7.77%
                Carrying: laden     19397  of which SPOIL      4704 ( 24.3%)
   90   11 hmute    6/5        11956      756        0    61672        0   14/25        1         6 1 2 16 0
                founded x   12..88   (nest cursor 48 MATERIAL x 26..70 11 of 25 founders born on it; food 138; nearest founder 50 cells out, farthest 126, nominal gap 90)  occupancy/1k [39 26 11 11 18 49 73 26]  carry->nest     245  born    5 died   19 (starved   14)
                own trail: route pk    0 end    0 along +0.0000  B nest->food [89,3092,6331,9430,8290]  blocked      356  kin swaps       0  ticks     42723  tumbles     17342 (homeward     1230, 7.09%)  drops       0  chew parked     15 resumed      9 (       10 J)  DELIVERED     0  leg home n    1 med  4939 p90  4939 (laden n    0 med     0 p90     0)  appetite held         0 J of     30720  trips born-on-comb    1 (11 ants) / born-off    0 (14 ants)
                channel A: PEAK amt   9953 cells   79 (of 91 route)  POLARITY|| +0.02946 && +0.03227 SPAN +0.01418 edge  15.1  end nest->food [0,0,0,0,0]  nest   25  AtNest  3.86%
                Carrying: laden     70324  of which SPOIL      8652 ( 12.3%)
   90   11  self    0/0            0        0     5070        0        0    0/20        0         14 1 4 1 0
                founded x   12..88   (nest cursor 48 MATERIAL x 26..70 11 of 20 founders born on it; food 138; nearest founder 50 cells out, farthest 126, nominal gap 90)  occupancy/1k [49 8 4 8 5 3 0 0]  carry->nest       0  born    0 died   20 (starved   20)
                own trail: route pk    0 end    0 along +0.0000  B nest->food [0,0,0,0,0]  blocked      458  kin swaps       0  ticks     13120  tumbles      3807 (homeward        0, 0.00%)  drops       0  chew parked      0 resumed      0 (        0 J)  DELIVERED     0  leg home n    0 med     0 p90     0 (laden n    0 med     0 p90     0)  appetite held         0 J of         0  trips born-on-comb    0 (11 ants) / born-off    0 (9 ants)
                channel A: PEAK amt  23057 cells   67 (of 91 route)  POLARITY|| +0.16053 && +0.12589 SPAN -0.00020 edge   8.0  end nest->food [0,0,0,0,0]  nest   25  AtNest 28.70%
                Carrying: laden     11784  of which SPOIL     11784 (100.0%)
   90   11  mute    0/0            0        0     5004        0        0    0/20        0         12 4 4 0 0
                founded x   12..88   (nest cursor 48 MATERIAL x 26..70 11 of 20 founders born on it; food 138; nearest founder 50 cells out, farthest 126, nominal gap 90)  occupancy/1k [48 10 5 8 5 0 0 0]  carry->nest       0  born    0 died   20 (starved   20)
                own trail: route pk    0 end    0 along +0.0000  B nest->food [0,0,0,0,0]  blocked      395  kin swaps       0  ticks     13247  tumbles      3793 (homeward        0, 0.00%)  drops       0  chew parked      0 resumed      0 (        0 J)  DELIVERED     0  leg home n    0 med     0 p90     0 (laden n    0 med     0 p90     0)  appetite held         0 J of         0  trips born-on-comb    0 (11 ants) / born-off    0 (9 ants)
                channel A: PEAK amt  26061 cells   47 (of 91 route)  POLARITY|| +0.15981 && +0.12596 SPAN -0.01004 edge   6.9  end nest->food [0,0,0,0,0]  nest   25  AtNest 29.04%
                Carrying: laden      9342  of which SPOIL      9342 (100.0%)
   90   11 homeA    0/0            0     3018     4998      444        0    2/20        0         10 4 3 3 0
                founded x   12..88   (nest cursor 48 MATERIAL x 26..70 11 of 20 founders born on it; food 138; nearest founder 50 cells out, farthest 126, nominal gap 90)  occupancy/1k [45 7 8 11 5 1 1 0]  carry->nest      13  born    0 died   20 (starved   20)
                own trail: route pk    0 end    0 along +0.0000  B nest->food [0,0,0,2,0]  blocked      439  kin swaps       0  ticks     13530  tumbles      3904 (homeward       21, 0.54%)  drops       0  chew parked      0 resumed      0 (        0 J)  DELIVERED     0  leg home n    0 med     0 p90     0 (laden n    0 med     0 p90     0)  appetite held         0 J of         0  trips born-on-comb    0 (11 ants) / born-off    0 (9 ants)
                channel A: PEAK amt  64040 cells   91 (of 91 route)  POLARITY|| +0.09844 && +0.09832 SPAN +0.01064 edge   0.9  end nest->food [0,0,0,0,0]  nest   25  AtNest 24.66%
                Carrying: laden     11106  of which SPOIL     10662 ( 96.0%)
   90   11 flatN    0/0            0     3006     4662     1572        0    2/20        0          9 5 3 3 0
                founded x   12..88   (nest cursor 48 MATERIAL x 26..70 11 of 20 founders born on it; food 138; nearest founder 50 cells out, farthest 126, nominal gap 90)  occupancy/1k [41 13 8 10 4 0 0 0]  carry->nest      50  born    0 died   20 (starved   20)
                own trail: route pk    0 end    0 along +0.0000  B nest->food [0,0,0,0,0]  blocked      465  kin swaps       0  ticks     13410  tumbles      3887 (homeward       31, 0.80%)  drops       0  chew parked      0 resumed      0 (        0 J)  DELIVERED     0  leg home n    0 med     0 p90     0 (laden n    0 med     0 p90     0)  appetite held         0 J of         0  trips born-on-comb    0 (11 ants) / born-off    0 (9 ants)
                channel A: PEAK amt  53025 cells   57 (of 91 route)  POLARITY|| +0.15865 && +0.14292 SPAN +0.00000 edge   6.1  end nest->food [0,0,0,0,0]  nest   25  AtNest 26.04%
                Carrying: laden     12366  of which SPOIL     10794 ( 87.3%)
   90   11 flatF    0/0            0     3474     5172     1890        0    2/20        0          8 7 3 2 0
                founded x   12..88   (nest cursor 48 MATERIAL x 26..70 11 of 20 founders born on it; food 138; nearest founder 50 cells out, farthest 126, nominal gap 90)  occupancy/1k [41 13 11 9 2 0 1 0]  carry->nest      15  born    0 died   20 (starved   20)
                own trail: route pk    0 end    0 along +0.0000  B nest->food [0,0,0,0,0]  blocked      453  kin swaps       0  ticks     13521  tumbles      3942 (homeward       21, 0.53%)  drops       0  chew parked      0 resumed      0 (        0 J)  DELIVERED     0  leg home n    0 med     0 p90     0 (laden n    0 med     0 p90     0)  appetite held         0 J of         0  trips born-on-comb    0 (11 ants) / born-off    0 (9 ants)
                channel A: PEAK amt  53025 cells   57 (of 91 route)  POLARITY|| -0.15865 && -0.14292 SPAN +0.00000 edge   6.1  end nest->food [0,0,0,0,0]  nest   25  AtNest 23.82%
                Carrying: laden     13686  of which SPOIL     11796 ( 86.2%)
   90   12  hand    2/2         5016      630        0    41185      702    8/20        2          5 5 1 8 1
                founded x   12..88   (nest cursor 48 MATERIAL x 26..70 11 of 20 founders born on it; food 138; nearest founder 50 cells out, farthest 126, nominal gap 90)  occupancy/1k [77 12 39 21 15 8 32 10]  carry->nest     239  born    0 died   18 (starved   16)
                own trail: route pk   43 end   14 along +0.0149  B nest->food [89,3106,6456,9560,8316]  blocked      325  kin swaps       0  ticks     36473  tumbles     15146 (homeward      928, 6.13%)  drops       1  chew parked      8 resumed      4 (      865 J)  DELIVERED     1  leg home n    2 med 11743 p90 11743 (laden n    1 med   709 p90   709)  appetite held         0 J of     21120  trips born-on-comb    1 (11 ants) / born-off    1 (9 ants)
                channel A: PEAK amt  22491 cells   76 (of 91 route)  POLARITY|| +0.03329 && +0.02681 SPAN +0.00199 edge  14.8  end nest->food [0,0,0,0,0]  nest   25  AtNest  7.94%
                Carrying: laden     47581  of which SPOIL      6396 ( 13.4%)
   90   12 hmute    2/2         2280      630        0    23952       18    5/20        1          4 5 5 6 0
                founded x   12..88   (nest cursor 48 MATERIAL x 26..70 11 of 20 founders born on it; food 138; nearest founder 50 cells out, farthest 126, nominal gap 90)  occupancy/1k [75 12 4 15 36 17 6 1]  carry->nest     138  born    0 died   18 (starved   15)
                own trail: route pk    0 end    0 along +0.0000  B nest->food [89,3092,6331,9430,8290]  blocked      246  kin swaps       0  ticks     28345  tumbles     11855 (homeward      527, 4.45%)  drops       0  chew parked      5 resumed      2 (        1 J)  DELIVERED     0  leg home n    1 med   709 p90   709 (laden n    1 med   709 p90   709)  appetite held         0 J of      9600  trips born-on-comb    0 (11 ants) / born-off    1 (9 ants)
                channel A: PEAK amt  14764 cells   61 (of 91 route)  POLARITY|| +0.01847 && +0.01273 SPAN +0.00785 edge  15.5  end nest->food [0,0,0,0,0]  nest   25  AtNest  7.74%
                Carrying: laden     31285  of which SPOIL     10813 ( 34.6%)
   90   12  self    0/0            0        0     5562        0        0    0/20        0         10 4 5 1 0
                founded x   12..88   (nest cursor 48 MATERIAL x 26..70 11 of 20 founders born on it; food 138; nearest founder 50 cells out, farthest 126, nominal gap 90)  occupancy/1k [59 11 5 2 1 0 0 0]  carry->nest       0  born    0 died   20 (starved   20)
                own trail: route pk    0 end    0 along +0.0000  B nest->food [0,0,0,0,0]  blocked      429  kin swaps       0  ticks     13515  tumbles      4070 (homeward        0, 0.00%)  drops       0  chew parked      0 resumed      0 (        0 J)  DELIVERED     0  leg home n    0 med     0 p90     0 (laden n    0 med     0 p90     0)  appetite held         0 J of         0  trips born-on-comb    0 (11 ants) / born-off    0 (9 ants)
                channel A: PEAK amt  25530 cells   56 (of 91 route)  POLARITY|| +0.14537 && +0.14081 SPAN +0.00821 edge   6.0  end nest->food [0,0,0,0,0]  nest   25  AtNest 32.75%
                Carrying: laden     10398  of which SPOIL     10398 (100.0%)
   90   12  mute    0/0            0     2916     5742     1206        0    2/20        0         11 5 1 3 0
                founded x   12..88   (nest cursor 48 MATERIAL x 26..70 11 of 20 founders born on it; food 138; nearest founder 50 cells out, farthest 126, nominal gap 90)  occupancy/1k [59 10 6 2 1 0 0 1]  carry->nest       6  born    0 died   20 (starved   20)
                own trail: route pk    0 end    0 along +0.0000  B nest->food [0,0,0,0,0]  blocked      359  kin swaps       0  ticks     13667  tumbles      4110 (homeward       39, 0.95%)  drops       0  chew parked      0 resumed      0 (        0 J)  DELIVERED     0  leg home n    0 med     0 p90     0 (laden n    0 med     0 p90     0)  appetite held         0 J of         0  trips born-on-comb    0 (11 ants) / born-off    0 (9 ants)
                channel A: PEAK amt  22682 cells   87 (of 91 route)  POLARITY|| +0.13141 && +0.11557 SPAN +0.00691 edge   6.6  end nest->food [0,0,0,0,0]  nest   25  AtNest 36.17%
                Carrying: laden     11700  of which SPOIL     10494 ( 89.7%)
   90   12 homeA    0/0            0        0     5364        0        0    0/20        0         11 5 1 3 0
                founded x   12..88   (nest cursor 48 MATERIAL x 26..70 11 of 20 founders born on it; food 138; nearest founder 50 cells out, farthest 126, nominal gap 90)  occupancy/1k [61 8 5 4 1 1 0 0]  carry->nest       0  born    0 died   20 (starved   20)
                own trail: route pk    0 end    0 along +0.0000  B nest->food [0,0,0,0,0]  blocked      495  kin swaps       0  ticks     13816  tumbles      4214 (homeward        0, 0.00%)  drops       0  chew parked      0 resumed      0 (        0 J)  DELIVERED     0  leg home n    0 med     0 p90     0 (laden n    0 med     0 p90     0)  appetite held         0 J of         0  trips born-on-comb    0 (11 ants) / born-off    0 (9 ants)
                channel A: PEAK amt  64589 cells   91 (of 91 route)  POLARITY|| +0.09936 && +0.09924 SPAN +0.00901 edge   0.9  end nest->food [0,0,0,0,0]  nest   25  AtNest 31.30%
                Carrying: laden     11832  of which SPOIL     11832 (100.0%)
   90   12 flatN    0/0            0        0     6228        0        0    0/20        0         11 5 2 2 0
                founded x   12..88   (nest cursor 48 MATERIAL x 26..70 11 of 20 founders born on it; food 138; nearest founder 50 cells out, farthest 126, nominal gap 90)  occupancy/1k [61 10 6 3 1 0 0 0]  carry->nest       0  born    0 died   20 (starved   20)
                own trail: route pk    0 end    0 along +0.0000  B nest->food [0,0,0,0,0]  blocked      412  kin swaps       0  ticks     14181  tumbles      4237 (homeward        0, 0.00%)  drops       0  chew parked      0 resumed      0 (        0 J)  DELIVERED     0  leg home n    0 med     0 p90     0 (laden n    0 med     0 p90     0)  appetite held         0 J of         0  trips born-on-comb    0 (11 ants) / born-off    0 (9 ants)
                channel A: PEAK amt  53025 cells   57 (of 91 route)  POLARITY|| +0.15865 && +0.14292 SPAN +0.00000 edge   6.1  end nest->food [0,0,0,0,0]  nest   25  AtNest 29.93%
                Carrying: laden     10722  of which SPOIL     10722 (100.0%)
   90   12 flatF    0/0         1164     1896     8148     6510        0    2/21        0         10 4 5 2 0
                founded x   12..88   (nest cursor 48 MATERIAL x 26..70 11 of 21 founders born on it; food 138; nearest founder 50 cells out, farthest 126, nominal gap 90)  occupancy/1k [59 10 3 5 2 1 0 6]  carry->nest      20  born    1 died   21 (starved   20)
                own trail: route pk    0 end    0 along +0.0000  B nest->food [0,0,0,0,0]  blocked      414  kin swaps       0  ticks     15058  tumbles      4719 (homeward      232, 4.92%)  drops       0  chew parked      0 resumed      0 (        0 J)  DELIVERED     0  leg home n    0 med     0 p90     0 (laden n    0 med     0 p90     0)  appetite held         0 J of      2880  trips born-on-comb    0 (11 ants) / born-off    0 (10 ants)
                channel A: PEAK amt  53025 cells   57 (of 91 route)  POLARITY|| -0.15869 && -0.14298 SPAN -0.00002 edge   6.1  end nest->food [0,0,0,0,0]  nest   25  AtNest 28.08%
                Carrying: laden     15336  of which SPOIL      8826 ( 57.6%)
   90   13  hand    3/3         2280      588        0    21642        0    6/20        0          5 6 3 6 0
                founded x   12..88   (nest cursor 48 MATERIAL x 26..70 11 of 20 founders born on it; food 138; nearest founder 50 cells out, farthest 126, nominal gap 90)  occupancy/1k [54 19 7 7 49 34 3 2]  carry->nest     107  born    0 died   17 (starved   15)
                own trail: route pk   14 end    0 along +0.0000  B nest->food [89,3092,6343,9575,8292]  blocked      222  kin swaps       0  ticks     29595  tumbles     12561 (homeward      451, 3.59%)  drops       0  chew parked      5 resumed      3 (        2 J)  DELIVERED     0  leg home n    0 med     0 p90     0 (laden n    0 med     0 p90     0)  appetite held         0 J of      9600  trips born-on-comb    0 (11 ants) / born-off    0 (9 ants)
                channel A: PEAK amt  12634 cells   61 (of 91 route)  POLARITY|| +0.01600 && +0.00882 SPAN +0.00336 edge  11.8  end nest->food [67,832,0,0,0]  nest   25  AtNest 10.68%
                Carrying: laden     26904  of which SPOIL      5262 ( 19.6%)
   90   13 hmute    2/1         5725      588        0    32121        0    8/23        1         6 3 4 10 0
                founded x   12..88   (nest cursor 48 MATERIAL x 26..70 11 of 23 founders born on it; food 138; nearest founder 50 cells out, farthest 126, nominal gap 90)  occupancy/1k [55 19 6 7 30 16 15 14]  carry->nest     140  born    3 died   21 (starved   17)
                own trail: route pk    0 end    0 along +0.0000  B nest->food [89,3092,6331,9430,8290]  blocked      213  kin swaps       0  ticks     27841  tumbles     11020 (homeward      759, 6.89%)  drops       0  chew parked      7 resumed      3 (        2 J)  DELIVERED     0  leg home n    1 med  4306 p90  4306 (laden n    0 med     0 p90     0)  appetite held         0 J of     15360  trips born-on-comb    0 (11 ants) / born-off    1 (12 ants)
                channel A: PEAK amt  12032 cells   68 (of 91 route)  POLARITY|| +0.01618 && +0.00106 SPAN -0.00436 edge  14.6  end nest->food [0,0,9,0,0]  nest   25  AtNest 12.13%
                Carrying: laden     37071  of which SPOIL      4950 ( 13.4%)
   90   13  self    0/0            0     3306     4812      936        0    1/20        0         10 7 2 1 0
                founded x   12..88   (nest cursor 48 MATERIAL x 26..70 11 of 20 founders born on it; food 138; nearest founder 50 cells out, farthest 126, nominal gap 90)  occupancy/1k [49 12 6 5 2 1 0 0]  carry->nest      49  born    0 died   20 (starved   20)
                own trail: route pk   57 end    0 along +0.0000  B nest->food [0,0,17,18,0]  blocked      336  kin swaps       0  ticks     13199  tumbles      3879 (homeward       13, 0.34%)  drops       0  chew parked      0 resumed      0 (        0 J)  DELIVERED     0  leg home n    0 med     0 p90     0 (laden n    0 med     0 p90     0)  appetite held         0 J of         0  trips born-on-comb    0 (11 ants) / born-off    0 (9 ants)
                channel A: PEAK amt  32262 cells   65 (of 91 route)  POLARITY|| +0.17568 && +0.16420 SPAN +0.00405 edge   6.2  end nest->food [0,0,0,0,0]  nest   25  AtNest 26.60%
                Carrying: laden      8628  of which SPOIL      7932 ( 91.9%)
   90   13  mute    1/1         1824     3048        0    14778        0    4/21        0         11 4 1 5 0
                founded x   12..88   (nest cursor 48 MATERIAL x 26..70 11 of 21 founders born on it; food 138; nearest founder 50 cells out, farthest 126, nominal gap 90)  occupancy/1k [48 13 3 4 9 4 9 6]  carry->nest      25  born    1 died   20 (starved   20)
                own trail: route pk    0 end    0 along +0.0000  B nest->food [0,0,0,0,0]  blocked      367  kin swaps       0  ticks     16632  tumbles      5399 (homeward      360, 6.67%)  drops       0  chew parked      2 resumed      1 (        1 J)  DELIVERED     0  leg home n    0 med     0 p90     0 (laden n    0 med     0 p90     0)  appetite held         0 J of      7680  trips born-on-comb    0 (11 ants) / born-off    0 (10 ants)
                channel A: PEAK amt  33193 cells   87 (of 91 route)  POLARITY|| +0.03967 && +0.06908 SPAN +0.00861 edge   9.1  end nest->food [0,0,2,0,0]  nest   25  AtNest 23.86%
                Carrying: laden     22740  of which SPOIL      8058 ( 35.4%)
   90   13 homeA    0/0            0     3270     4728      294        0    1/20        0         11 6 1 2 0
                founded x   12..88   (nest cursor 48 MATERIAL x 26..70 11 of 20 founders born on it; food 138; nearest founder 50 cells out, farthest 126, nominal gap 90)  occupancy/1k [50 12 4 5 3 1 0 0]  carry->nest       1  born    0 died   20 (starved   19)
                own trail: route pk    0 end    0 along +0.0000  B nest->food [0,0,0,0,0]  blocked      389  kin swaps       0  ticks     13132  tumbles      3885 (homeward       10, 0.26%)  drops       0  chew parked      0 resumed      0 (        0 J)  DELIVERED     0  leg home n    0 med     0 p90     0 (laden n    0 med     0 p90     0)  appetite held         0 J of         0  trips born-on-comb    0 (11 ants) / born-off    0 (9 ants)
                channel A: PEAK amt  65535 cells   91 (of 91 route)  POLARITY|| +0.09888 && +0.09876 SPAN +0.00968 edge   0.9  end nest->food [0,0,0,0,0]  nest   25  AtNest 29.40%
                Carrying: laden      9138  of which SPOIL      8844 ( 96.8%)
   90   13 flatN    0/0            0        0     4974        0        0    0/20        0         12 6 1 1 0
                founded x   12..88   (nest cursor 48 MATERIAL x 26..70 11 of 20 founders born on it; food 138; nearest founder 50 cells out, farthest 126, nominal gap 90)  occupancy/1k [56 11 4 5 2 0 0 0]  carry->nest       0  born    0 died   20 (starved   20)
                own trail: route pk    0 end    0 along +0.0000  B nest->food [0,0,0,0,0]  blocked      371  kin swaps       0  ticks     13420  tumbles      3885 (homeward        0, 0.00%)  drops       0  chew parked      0 resumed      0 (        0 J)  DELIVERED     0  leg home n    0 med     0 p90     0 (laden n    0 med     0 p90     0)  appetite held         0 J of         0  trips born-on-comb    0 (11 ants) / born-off    0 (9 ants)
                channel A: PEAK amt  53025 cells   57 (of 91 route)  POLARITY|| +0.15865 && +0.14292 SPAN +0.00000 edge   6.1  end nest->food [0,0,0,0,0]  nest   25  AtNest 32.24%
                Carrying: laden      8652  of which SPOIL      8652 (100.0%)
   90   13 flatF    0/0            0        0     4914        0        0    0/20        0         8 10 2 0 0
                founded x   12..88   (nest cursor 48 MATERIAL x 26..70 11 of 20 founders born on it; food 138; nearest founder 50 cells out, farthest 126, nominal gap 90)  occupancy/1k [50 16 6 4 1 0 0 0]  carry->nest       0  born    0 died   20 (starved   20)
                own trail: route pk    0 end    0 along +0.0000  B nest->food [0,0,0,0,0]  blocked      418  kin swaps       0  ticks     13204  tumbles      3896 (homeward        0, 0.00%)  drops       0  chew parked      0 resumed      0 (        0 J)  DELIVERED     0  leg home n    0 med     0 p90     0 (laden n    0 med     0 p90     0)  appetite held         0 J of         0  trips born-on-comb    0 (11 ants) / born-off    0 (9 ants)
                channel A: PEAK amt  53025 cells   57 (of 91 route)  POLARITY|| -0.15865 && -0.14292 SPAN +0.00000 edge   6.1  end nest->food [0,0,0,0,0]  nest   25  AtNest 31.16%
                Carrying: laden      9264  of which SPOIL      9264 (100.0%)
   90   14  hand    0/0         3418      564    17730    21630        0   10/21        0         4 2 3 12 0
                founded x   12..88   (nest cursor 48 MATERIAL x 26..70 11 of 21 founders born on it; food 138; nearest founder 50 cells out, farthest 126, nominal gap 90)  occupancy/1k [32 27 16 23 24 21 18 15]  carry->nest     110  born    1 died   21 (starved   20)
                own trail: route pk   22 end    0 along +0.0000  B nest->food [89,3093,6480,9492,8293]  blocked      301  kin swaps       0  ticks     30117  tumbles     12656 (homeward      413, 3.26%)  drops       0  chew parked      4 resumed      1 (        1 J)  DELIVERED     0  leg home n    0 med     0 p90     0 (laden n    0 med     0 p90     0)  appetite held         0 J of      9600  trips born-on-comb    0 (11 ants) / born-off    0 (10 ants)
                channel A: PEAK amt  20777 cells   82 (of 91 route)  POLARITY|| +0.02803 && +0.02146 SPAN +0.00859 edge  11.0  end nest->food [0,0,0,0,0]  nest   25  AtNest 12.35%
                Carrying: laden     29856  of which SPOIL      8226 ( 27.6%)
   90   14 hmute    0/0            0      564     8046     6906        0    3/20        0          5 3 7 5 0
                founded x   12..88   (nest cursor 48 MATERIAL x 26..70 11 of 20 founders born on it; food 138; nearest founder 50 cells out, farthest 126, nominal gap 90)  occupancy/1k [33 27 18 13 13 3 0 2]  carry->nest      42  born    0 died   20 (starved   19)
                own trail: route pk    0 end    0 along +0.0000  B nest->food [89,3092,6331,9430,8290]  blocked      280  kin swaps       0  ticks     19053  tumbles      8100 (homeward      185, 2.28%)  drops       0  chew parked      0 resumed      0 (        0 J)  DELIVERED     0  leg home n    0 med     0 p90     0 (laden n    0 med     0 p90     0)  appetite held         0 J of         0  trips born-on-comb    0 (11 ants) / born-off    0 (9 ants)
                channel A: PEAK amt  11193 cells   73 (of 91 route)  POLARITY|| +0.03849 && +0.02548 SPAN +0.01403 edge  12.3  end nest->food [0,0,0,0,0]  nest   25  AtNest 19.70%
                Carrying: laden     14034  of which SPOIL      7656 ( 54.6%)
   90   14  self    0/0         1200     2556     5064      114        0    2/21        0          9 7 2 3 0
                founded x   12..88   (nest cursor 48 MATERIAL x 26..70 11 of 21 founders born on it; food 138; nearest founder 50 cells out, farthest 126, nominal gap 90)  occupancy/1k [48 11 9 4 1 1 0 0]  carry->nest      -2  born    1 died   21 (starved   19)
                own trail: route pk    9 end    0 along +0.0000  B nest->food [0,0,0,0,0]  blocked      368  kin swaps       0  ticks     13159  tumbles      3838 (homeward        3, 0.08%)  drops       0  chew parked      0 resumed      0 (        0 J)  DELIVERED     0  leg home n    0 med     0 p90     0 (laden n    0 med     0 p90     0)  appetite held         0 J of         0  trips born-on-comb    0 (11 ants) / born-off    0 (10 ants)
                channel A: PEAK amt  21772 cells   79 (of 91 route)  POLARITY|| +0.15706 && +0.14411 SPAN +0.01835 edge   6.2  end nest->food [0,0,0,0,0]  nest   25  AtNest 26.83%
                Carrying: laden     11136  of which SPOIL     11022 ( 99.0%)
   90   14  mute    0/0            0     2118     5466     1590        0    1/20        0         11 3 4 2 0
                founded x   12..88   (nest cursor 48 MATERIAL x 26..70 11 of 20 founders born on it; food 138; nearest founder 50 cells out, farthest 126, nominal gap 90)  occupancy/1k [52 12 8 3 4 0 0 0]  carry->nest      38  born    0 died   20 (starved   20)
                own trail: route pk    0 end    0 along +0.0000  B nest->food [0,0,0,0,0]  blocked      381  kin swaps       0  ticks     13702  tumbles      3993 (homeward       61, 1.53%)  drops       0  chew parked      0 resumed      0 (        0 J)  DELIVERED     0  leg home n    0 med     0 p90     0 (laden n    0 med     0 p90     0)  appetite held         0 J of         0  trips born-on-comb    0 (11 ants) / born-off    0 (9 ants)
                channel A: PEAK amt  23600 cells   79 (of 91 route)  POLARITY|| +0.15374 && +0.13262 SPAN +0.01580 edge   6.2  end nest->food [0,0,0,0,0]  nest   25  AtNest 27.41%
                Carrying: laden     10698  of which SPOIL      9108 ( 85.1%)
   90   14 homeA    0/0          228     2118     7284     3396      318    1/20        1         13 4 2 1 0
                founded x   12..88   (nest cursor 48 MATERIAL x 26..70 11 of 20 founders born on it; food 138; nearest founder 50 cells out, farthest 126, nominal gap 90)  occupancy/1k [54 14 14 3 3 0 0 0]  carry->nest      63  born    0 died   20 (starved   20)
                own trail: route pk    0 end    0 along +0.0000  B nest->food [0,40,34,19,0]  blocked      408  kin swaps       0  ticks     15235  tumbles      4955 (homeward       65, 1.31%)  drops       4  chew parked      4 resumed      1 (      842 J)  DELIVERED     4  leg home n    1 med  2833 p90  2833 (laden n    1 med  2833 p90  2833)  appetite held         0 J of       960  trips born-on-comb    0 (11 ants) / born-off    1 (9 ants)
                channel A: PEAK amt  65535 cells   91 (of 91 route)  POLARITY|| +0.09894 && +0.09880 SPAN +0.01401 edge   0.9  end nest->food [0,0,0,0,0]  nest   25  AtNest 26.33%
                Carrying: laden     13518  of which SPOIL     10122 ( 74.9%)
   90   14 flatN    0/0         1200     2682     5292       96        0    2/21        0          9 8 1 3 0
                founded x   12..88   (nest cursor 48 MATERIAL x 26..70 11 of 21 founders born on it; food 138; nearest founder 50 cells out, farthest 126, nominal gap 90)  occupancy/1k [49 11 9 7 0 0 0 0]  carry->nest      -2  born    1 died   21 (starved   19)
                own trail: route pk    0 end    0 along +0.0000  B nest->food [0,0,0,0,0]  blocked      566  kin swaps       0  ticks     13430  tumbles      4191 (homeward        3, 0.07%)  drops       0  chew parked      0 resumed      0 (        0 J)  DELIVERED     0  leg home n    0 med     0 p90     0 (laden n    0 med     0 p90     0)  appetite held         0 J of         0  trips born-on-comb    0 (11 ants) / born-off    0 (10 ants)
                channel A: PEAK amt  53025 cells   57 (of 91 route)  POLARITY|| +0.15865 && +0.14292 SPAN +0.00000 edge   6.1  end nest->food [0,0,0,0,0]  nest   25  AtNest 26.78%
                Carrying: laden     14346  of which SPOIL     14250 ( 99.3%)
   90   14 flatF    0/0            0     2556     5352      114        0    1/20        0         11 7 1 1 0
                founded x   12..88   (nest cursor 48 MATERIAL x 26..70 11 of 20 founders born on it; food 138; nearest founder 50 cells out, farthest 126, nominal gap 90)  occupancy/1k [53 11 12 2 0 0 0 0]  carry->nest      -1  born    0 died   20 (starved   19)
                own trail: route pk    0 end    0 along +0.0000  B nest->food [0,0,0,0,0]  blocked      418  kin swaps       0  ticks     13491  tumbles      3991 (homeward        2, 0.05%)  drops       0  chew parked      0 resumed      0 (        0 J)  DELIVERED     0  leg home n    0 med     0 p90     0 (laden n    0 med     0 p90     0)  appetite held         0 J of         0  trips born-on-comb    0 (11 ants) / born-off    0 (9 ants)
                channel A: PEAK amt  53025 cells   57 (of 91 route)  POLARITY|| -0.15865 && -0.14292 SPAN +0.00000 edge   6.1  end nest->food [0,0,0,0,0]  nest   25  AtNest 24.22%
                Carrying: laden     10626  of which SPOIL     10512 ( 98.9%)
   90   15  hand    2/2         5976     1086        0    42608        0   11/21        2         4 1 3 13 0
                founded x   12..88   (nest cursor 48 MATERIAL x 26..70 11 of 21 founders born on it; food 138; nearest founder 50 cells out, farthest 126, nominal gap 90)  occupancy/1k [44 23 3 34 28 24 71 34]  carry->nest     198  born    1 died   19 (starved   15)
                own trail: route pk   31 end   21 along +0.0040  B nest->food [89,3092,6478,9793,8294]  blocked      209  kin swaps       0  ticks     44011  tumbles     19130 (homeward      930, 4.86%)  drops       0  chew parked      9 resumed      4 (        5 J)  DELIVERED     0  leg home n    2 med  6625 p90  6625 (laden n    0 med     0 p90     0)  appetite held         0 J of     21120  trips born-on-comb    0 (11 ants) / born-off    2 (10 ants)
                channel A: PEAK amt   9879 cells   82 (of 91 route)  POLARITY|| +0.02327 && +0.01816 SPAN +0.00232 edge  14.0  end nest->food [0,0,0,0,0]  nest   25  AtNest  5.21%
                Carrying: laden     46916  of which SPOIL      4308 (  9.2%)
   90   15 hmute    4/4         8473     1086        0    58800        0   12/21        4         4 2 1 14 0
                founded x   12..88   (nest cursor 48 MATERIAL x 26..70 11 of 21 founders born on it; food 138; nearest founder 50 cells out, farthest 126, nominal gap 90)  occupancy/1k [44 22 5 28 19 48 93 18]  carry->nest     236  born    1 died   17 (starved   12)
                own trail: route pk    0 end    0 along +0.0000  B nest->food [89,3092,6331,9430,8290]  blocked      471  kin swaps       0  ticks     47235  tumbles     18784 (homeward     1286, 6.85%)  drops       0  chew parked     15 resumed      9 (        8 J)  DELIVERED     0  leg home n    4 med  7999 p90 10183 (laden n    0 med     0 p90     0)  appetite held         0 J of     30720  trips born-on-comb    2 (11 ants) / born-off    2 (10 ants)
                channel A: PEAK amt  16127 cells   81 (of 91 route)  POLARITY|| +0.01662 && +0.00910 SPAN -0.00154 edge  15.1  end nest->food [0,0,0,0,0]  nest   25  AtNest  4.97%
                Carrying: laden     72539  of which SPOIL     17843 ( 24.6%)
   90   15  self    0/0            0        0     4482        0        0    0/20        0         10 8 2 0 0
                founded x   12..88   (nest cursor 48 MATERIAL x 26..70 11 of 20 founders born on it; food 138; nearest founder 50 cells out, farthest 126, nominal gap 90)  occupancy/1k [47 15 8 3 1 0 0 0]  carry->nest       0  born    0 died   20 (starved   20)
                own trail: route pk    0 end    0 along +0.0000  B nest->food [0,0,0,0,0]  blocked      540  kin swaps       0  ticks     12874  tumbles      3799 (homeward        0, 0.00%)  drops       0  chew parked      0 resumed      0 (        0 J)  DELIVERED     0  leg home n    0 med     0 p90     0 (laden n    0 med     0 p90     0)  appetite held         0 J of         0  trips born-on-comb    0 (11 ants) / born-off    0 (9 ants)
                channel A: PEAK amt  25865 cells   60 (of 91 route)  POLARITY|| +0.15006 && +0.12488 SPAN +0.00357 edge   6.6  end nest->food [0,0,0,0,0]  nest   25  AtNest 26.64%
                Carrying: laden     14220  of which SPOIL     14220 (100.0%)
   90   15  mute    0/0         2312     4146     9768     5646        0    3/22        0         13 4 2 3 0
                founded x   12..88   (nest cursor 48 MATERIAL x 26..70 11 of 22 founders born on it; food 138; nearest founder 50 cells out, farthest 126, nominal gap 90)  occupancy/1k [49 13 8 4 1 0 0 5]  carry->nest       6  born    2 died   22 (starved   21)
                own trail: route pk    0 end    0 along +0.0000  B nest->food [0,0,0,0,0]  blocked      593  kin swaps       0  ticks     14124  tumbles      4346 (homeward      180, 4.14%)  drops       0  chew parked      0 resumed      0 (        0 J)  DELIVERED     0  leg home n    0 med     0 p90     0 (laden n    0 med     0 p90     0)  appetite held         0 J of      2880  trips born-on-comb    0 (11 ants) / born-off    0 (11 ants)
                channel A: PEAK amt  33014 cells   88 (of 91 route)  POLARITY|| +0.15175 && +0.12812 SPAN -0.00427 edge   6.8  end nest->food [0,0,0,0,0]  nest   25  AtNest 24.52%
                Carrying: laden     21576  of which SPOIL     15930 ( 73.8%)
   90   15 homeA    0/0            0     3366     4374      552        0    1/20        0         10 6 3 1 0
                founded x   12..88   (nest cursor 48 MATERIAL x 26..70 11 of 20 founders born on it; food 138; nearest founder 50 cells out, farthest 126, nominal gap 90)  occupancy/1k [48 15 9 3 0 0 0 0]  carry->nest      54  born    0 died   20 (starved   20)
                own trail: route pk    0 end    0 along +0.0000  B nest->food [0,0,20,18,0]  blocked      540  kin swaps       0  ticks     13204  tumbles      3924 (homeward        6, 0.15%)  drops       0  chew parked      0 resumed      0 (        0 J)  DELIVERED     0  leg home n    0 med     0 p90     0 (laden n    0 med     0 p90     0)  appetite held         0 J of         0  trips born-on-comb    0 (11 ants) / born-off    0 (9 ants)
                channel A: PEAK amt  64392 cells   91 (of 91 route)  POLARITY|| +0.09850 && +0.09839 SPAN +0.01022 edge   0.9  end nest->food [0,0,0,0,0]  nest   25  AtNest 29.80%
                Carrying: laden     12354  of which SPOIL     11802 ( 95.5%)
   90   15 flatN    0/0            0     3744     4590      108        0    1/20        0          9 7 3 1 0
                founded x   12..88   (nest cursor 48 MATERIAL x 26..70 11 of 20 founders born on it; food 138; nearest founder 50 cells out, farthest 126, nominal gap 90)  occupancy/1k [45 15 11 5 0 0 0 0]  carry->nest      -4  born    0 died   20 (starved   20)
                own trail: route pk    0 end    0 along +0.0000  B nest->food [0,0,0,0,0]  blocked      397  kin swaps       0  ticks     13265  tumbles      3726 (homeward        0, 0.00%)  drops       0  chew parked      0 resumed      0 (        0 J)  DELIVERED     0  leg home n    0 med     0 p90     0 (laden n    0 med     0 p90     0)  appetite held         0 J of         0  trips born-on-comb    0 (11 ants) / born-off    0 (9 ants)
                channel A: PEAK amt  53025 cells   57 (of 91 route)  POLARITY|| +0.15865 && +0.14292 SPAN +0.00000 edge   6.1  end nest->food [0,0,0,0,0]  nest   25  AtNest 27.93%
                Carrying: laden     10914  of which SPOIL     10806 ( 99.0%)
   90   15 flatF    0/0            0        0     5148        0        0    0/20        0         11 4 4 1 0
                founded x   12..88   (nest cursor 48 MATERIAL x 26..70 11 of 20 founders born on it; food 138; nearest founder 50 cells out, farthest 126, nominal gap 90)  occupancy/1k [49 13 9 4 3 1 0 0]  carry->nest       0  born    0 died   20 (starved   20)
                own trail: route pk    0 end    0 along +0.0000  B nest->food [0,0,0,0,0]  blocked      409  kin swaps       0  ticks     13398  tumbles      3764 (homeward        0, 0.00%)  drops       0  chew parked      0 resumed      0 (        0 J)  DELIVERED     0  leg home n    0 med     0 p90     0 (laden n    0 med     0 p90     0)  appetite held         0 J of         0  trips born-on-comb    0 (11 ants) / born-off    0 (9 ants)
                channel A: PEAK amt  53025 cells   57 (of 91 route)  POLARITY|| -0.15865 && -0.14292 SPAN +0.00000 edge   6.1  end nest->food [0,0,0,0,0]  nest   25  AtNest 25.79%
                Carrying: laden      9930  of which SPOIL      9930 (100.0%)
   90   16  hand    2/2         4104      828        0    34375     3030    7/20        1         6 0 4 10 0
                founded x   12..88   (nest cursor 48 MATERIAL x 26..70 11 of 20 founders born on it; food 138; nearest founder 50 cells out, farthest 126, nominal gap 90)  occupancy/1k [49 18 12 13 46 22 38 23]  carry->nest     235  born    0 died   18 (starved   17)
                own trail: route pk   62 end   13 along -0.0057  B nest->food [89,3156,6464,10050,8294]  blocked      284  kin swaps       0  ticks     37488  tumbles     15490 (homeward      672, 4.34%)  drops      19  chew parked     25 resumed     19 (     4529 J)  DELIVERED    19  leg home n    1 med  2473 p90  2473 (laden n    1 med  2473 p90  2473)  appetite held         0 J of     17280  trips born-on-comb    0 (11 ants) / born-off    1 (9 ants)
                channel A: PEAK amt  10208 cells   86 (of 91 route)  POLARITY|| +0.04876 && +0.05618 SPAN +0.01224 edge  16.7  end nest->food [0,0,0,0,0]  nest   25  AtNest 11.42%
                Carrying: laden     41101  of which SPOIL      6726 ( 16.4%)
   90   16 hmute    3/3         3648      828        0    34801     1422    7/20        1         4 0 3 13 0
                founded x   12..88   (nest cursor 48 MATERIAL x 26..70 11 of 20 founders born on it; food 138; nearest founder 50 cells out, farthest 126, nominal gap 90)  occupancy/1k [42 17 18 33 50 29 11 4]  carry->nest     223  born    0 died   17 (starved   16)
                own trail: route pk    0 end    0 along +0.0000  B nest->food [89,3092,6331,9430,8290]  blocked      408  kin swaps       0  ticks     34688  tumbles     13659 (homeward      733, 5.37%)  drops       0  chew parked      9 resumed      4 (        2 J)  DELIVERED     0  leg home n    1 med  1003 p90  1003 (laden n    1 med  1003 p90  1003)  appetite held         0 J of     15360  trips born-on-comb    0 (11 ants) / born-off    1 (9 ants)
                channel A: PEAK amt   9345 cells   80 (of 91 route)  POLARITY|| +0.01841 && +0.01572 SPAN +0.00399 edge  12.7  end nest->food [0,0,0,0,0]  nest   25  AtNest  9.17%
                Carrying: laden     43555  of which SPOIL      8754 ( 20.1%)
   90   16  self    0/0            0        0     5274        0        0    0/20        0         12 1 7 0 0
                founded x   12..88   (nest cursor 48 MATERIAL x 26..70 11 of 20 founders born on it; food 138; nearest founder 50 cells out, farthest 126, nominal gap 90)  occupancy/1k [53 8 4 7 6 0 0 0]  carry->nest       0  born    0 died   20 (starved   20)
                own trail: route pk    0 end    0 along +0.0000  B nest->food [0,0,0,0,0]  blocked      370  kin swaps       0  ticks     13466  tumbles      3790 (homeward        0, 0.00%)  drops       0  chew parked      0 resumed      0 (        0 J)  DELIVERED     0  leg home n    0 med     0 p90     0 (laden n    0 med     0 p90     0)  appetite held         0 J of         0  trips born-on-comb    0 (11 ants) / born-off    0 (9 ants)
                channel A: PEAK amt  27489 cells   62 (of 91 route)  POLARITY|| +0.14401 && +0.12740 SPAN +0.00903 edge   6.5  end nest->food [0,0,0,0,0]  nest   25  AtNest 29.57%
                Carrying: laden      8856  of which SPOIL      8856 (100.0%)
   90   16  mute    0/0            0        0     5772        0        0    0/20        0          9 6 5 0 0
                founded x   12..88   (nest cursor 48 MATERIAL x 26..70 11 of 20 founders born on it; food 138; nearest founder 50 cells out, farthest 126, nominal gap 90)  occupancy/1k [53 11 6 3 5 0 0 0]  carry->nest       0  born    0 died   20 (starved   20)
                own trail: route pk    0 end    0 along +0.0000  B nest->food [0,0,0,0,0]  blocked      336  kin swaps       0  ticks     13634  tumbles      3829 (homeward        0, 0.00%)  drops       0  chew parked      0 resumed      0 (        0 J)  DELIVERED     0  leg home n    0 med     0 p90     0 (laden n    0 med     0 p90     0)  appetite held         0 J of         0  trips born-on-comb    0 (11 ants) / born-off    0 (9 ants)
                channel A: PEAK amt  28029 cells   60 (of 91 route)  POLARITY|| +0.13739 && +0.11400 SPAN +0.01702 edge   6.2  end nest->food [0,0,0,0,0]  nest   25  AtNest 27.72%
                Carrying: laden      7482  of which SPOIL      7482 (100.0%)
   90   16 homeA    0/0          228     1764     6792     1740        0    1/20        0         11 4 3 2 0
                founded x   12..88   (nest cursor 48 MATERIAL x 26..70 11 of 20 founders born on it; food 138; nearest founder 50 cells out, farthest 126, nominal gap 90)  occupancy/1k [53 8 6 4 8 5 0 0]  carry->nest      31  born    0 died   20 (starved   20)
                own trail: route pk    0 end    0 along +0.0000  B nest->food [0,0,0,36,0]  blocked      459  kin swaps       0  ticks     14557  tumbles      4409 (homeward       16, 0.36%)  drops       0  chew parked      1 resumed      0 (        0 J)  DELIVERED     0  leg home n    0 med     0 p90     0 (laden n    0 med     0 p90     0)  appetite held         0 J of       960  trips born-on-comb    0 (11 ants) / born-off    0 (9 ants)
                channel A: PEAK amt  65535 cells   91 (of 91 route)  POLARITY|| +0.09853 && +0.09842 SPAN +0.01434 edge   0.9  end nest->food [0,0,0,0,0]  nest   25  AtNest 29.20%
                Carrying: laden     12486  of which SPOIL     10746 ( 86.1%)
   90   16 flatN    0/0            0     1272     5328     2220        0    1/20        0          9 5 3 3 0
                founded x   12..88   (nest cursor 48 MATERIAL x 26..70 11 of 20 founders born on it; food 138; nearest founder 50 cells out, farthest 126, nominal gap 90)  occupancy/1k [53 9 4 3 5 3 0 0]  carry->nest      45  born    0 died   20 (starved   20)
                own trail: route pk    0 end    0 along +0.0000  B nest->food [0,0,0,0,0]  blocked      313  kin swaps       0  ticks     13502  tumbles      3815 (homeward       57, 1.49%)  drops       0  chew parked      0 resumed      0 (        0 J)  DELIVERED     0  leg home n    0 med     0 p90     0 (laden n    0 med     0 p90     0)  appetite held         0 J of         0  trips born-on-comb    0 (11 ants) / born-off    0 (9 ants)
                channel A: PEAK amt  53025 cells   57 (of 91 route)  POLARITY|| +0.15865 && +0.14292 SPAN +0.00000 edge   6.1  end nest->food [0,0,0,0,0]  nest   25  AtNest 31.16%
                Carrying: laden      9852  of which SPOIL      7632 ( 77.5%)
   90   16 flatF    0/0            0        0     5184        0        0    0/20        0         14 3 3 0 0
                founded x   12..88   (nest cursor 48 MATERIAL x 26..70 11 of 20 founders born on it; food 138; nearest founder 50 cells out, farthest 126, nominal gap 90)  occupancy/1k [55 10 6 3 2 0 0 0]  carry->nest       0  born    0 died   20 (starved   20)
                own trail: route pk    0 end    0 along +0.0000  B nest->food [0,0,0,0,0]  blocked      519  kin swaps       0  ticks     13310  tumbles      3947 (homeward        0, 0.00%)  drops       0  chew parked      0 resumed      0 (        0 J)  DELIVERED     0  leg home n    0 med     0 p90     0 (laden n    0 med     0 p90     0)  appetite held         0 J of         0  trips born-on-comb    0 (11 ants) / born-off    0 (9 ants)
                channel A: PEAK amt  53025 cells   57 (of 91 route)  POLARITY|| -0.15865 && -0.14292 SPAN +0.00000 edge   6.1  end nest->food [0,0,0,0,0]  nest   25  AtNest 29.90%
                Carrying: laden     11496  of which SPOIL     11496 (100.0%)
   90   17  hand    2/1         7861      480        0    44405        0   11/23        0         8 1 2 12 0
                founded x   12..88   (nest cursor 48 MATERIAL x 26..70 11 of 23 founders born on it; food 138; nearest founder 50 cells out, farthest 126, nominal gap 90)  occupancy/1k [59 10 17 5 5 19 55 86]  carry->nest     116  born    3 died   21 (starved   20)
                own trail: route pk   37 end   37 along -0.0625  B nest->food [89,3092,6445,9912,8309]  blocked      339  kin swaps       0  ticks     43937  tumbles     19734 (homeward     1325, 6.71%)  drops       0  chew parked      4 resumed      3 (        3 J)  DELIVERED     0  leg home n    0 med     0 p90     0 (laden n    0 med     0 p90     0)  appetite held         0 J of     23040  trips born-on-comb    0 (11 ants) / born-off    0 (12 ants)
                channel A: PEAK amt  11783 cells   71 (of 91 route)  POLARITY|| +0.03140 && +0.02992 SPAN -0.00715 edge  14.7  end nest->food [0,0,0,0,0]  nest   25  AtNest  3.55%
                Carrying: laden     50093  of which SPOIL      5688 ( 11.4%)
   90   17 hmute    7/6        12587      480        0    74698       96   15/26        1         7 2 2 15 0
                founded x   12..88   (nest cursor 48 MATERIAL x 26..70 11 of 26 founders born on it; food 138; nearest founder 50 cells out, farthest 126, nominal gap 90)  occupancy/1k [57 15 16 5 11 8 57 76]  carry->nest     168  born    6 died   19 (starved   12)
                own trail: route pk    0 end    0 along +0.0000  B nest->food [89,3092,6331,9430,8290]  blocked      435  kin swaps       0  ticks     41235  tumbles     18147 (homeward     1937, 10.67%)  drops       7  chew parked     19 resumed     14 (     6600 J)  DELIVERED     7  leg home n    1 med  1381 p90  1381 (laden n    1 med  1381 p90  1381)  appetite held         0 J of     37440  trips born-on-comb    0 (11 ants) / born-off    1 (15 ants)
                channel A: PEAK amt  11783 cells   82 (of 91 route)  POLARITY|| +0.01409 && +0.00372 SPAN -0.01227 edge  16.5  end nest->food [0,0,58,2,0]  nest   25  AtNest  5.98%
                Carrying: laden     85133  of which SPOIL     10435 ( 12.3%)
   90   17  self    0/0         2154      930    11094     7905        0    4/22        0         11 3 3 5 0
                founded x   12..88   (nest cursor 48 MATERIAL x 26..70 11 of 22 founders born on it; food 138; nearest founder 50 cells out, farthest 126, nominal gap 90)  occupancy/1k [51 5 9 8 2 4 6 2]  carry->nest      13  born    2 died   22 (starved   21)
                own trail: route pk   37 end    0 along +0.0000  B nest->food [0,0,0,65,3]  blocked      400  kin swaps       0  ticks     15027  tumbles      4816 (homeward      168, 3.49%)  drops       0  chew parked      2 resumed      2 (        1 J)  DELIVERED     0  leg home n    0 med     0 p90     0 (laden n    0 med     0 p90     0)  appetite held         0 J of      2880  trips born-on-comb    0 (11 ants) / born-off    0 (11 ants)
                channel A: PEAK amt  21351 cells   76 (of 91 route)  POLARITY|| +0.07718 && +0.09894 SPAN +0.00500 edge   7.5  end nest->food [0,0,0,0,0]  nest   25  AtNest 21.48%
                Carrying: laden     16911  of which SPOIL      9006 ( 53.3%)
   90   17  mute    0/0            0      930     4626      828        0    1/20        0         12 6 1 1 0
                founded x   12..88   (nest cursor 48 MATERIAL x 26..70 11 of 20 founders born on it; food 138; nearest founder 50 cells out, farthest 126, nominal gap 90)  occupancy/1k [55 8 11 3 1 0 0 0]  carry->nest      10  born    0 died   20 (starved   20)
                own trail: route pk    0 end    0 along +0.0000  B nest->food [0,0,0,0,0]  blocked      543  kin swaps       0  ticks     13591  tumbles      4175 (homeward       10, 0.24%)  drops       0  chew parked      0 resumed      0 (        0 J)  DELIVERED     0  leg home n    0 med     0 p90     0 (laden n    0 med     0 p90     0)  appetite held         0 J of         0  trips born-on-comb    0 (11 ants) / born-off    0 (9 ants)
                channel A: PEAK amt  29931 cells   61 (of 91 route)  POLARITY|| +0.14847 && +0.12316 SPAN +0.00467 edge   6.3  end nest->food [0,0,0,0,0]  nest   25  AtNest 23.66%
                Carrying: laden     12258  of which SPOIL     11430 ( 93.2%)
   90   17 homeA    0/0          228      936     5214     1740      600    1/20        1         13 5 1 1 0
                founded x   12..88   (nest cursor 48 MATERIAL x 26..70 11 of 20 founders born on it; food 138; nearest founder 50 cells out, farthest 126, nominal gap 90)  occupancy/1k [55 18 9 3 0 0 0 0]  carry->nest      70  born    0 died   20 (starved   20)
                own trail: route pk    0 end    0 along +0.0000  B nest->food [0,21,43,19,0]  blocked      447  kin swaps       0  ticks     14907  tumbles      4795 (homeward       20, 0.42%)  drops       8  chew parked      9 resumed      8 (     5296 J)  DELIVERED     8  leg home n    1 med  1111 p90  1111 (laden n    1 med  1111 p90  1111)  appetite held         0 J of       960  trips born-on-comb    0 (11 ants) / born-off    1 (9 ants)
                channel A: PEAK amt  65535 cells   91 (of 91 route)  POLARITY|| +0.09883 && +0.09872 SPAN +0.00741 edge   0.9  end nest->food [0,0,0,0,0]  nest   25  AtNest 27.20%
                Carrying: laden     13452  of which SPOIL     11712 ( 87.1%)
   90   17 flatN    0/0         1368      936    12348    10872     1800    2/20        1         11 5 2 2 0
                founded x   12..88   (nest cursor 48 MATERIAL x 26..70 11 of 20 founders born on it; food 138; nearest founder 50 cells out, farthest 126, nominal gap 90)  occupancy/1k [50 23 25 9 2 0 0 0]  carry->nest     128  born    0 died   20 (starved   20)
                own trail: route pk    0 end    0 along +0.0000  B nest->food [0,0,0,0,0]  blocked      673  kin swaps       0  ticks     18905  tumbles      6123 (homeward      209, 3.41%)  drops       0  chew parked      4 resumed      1 (        0 J)  DELIVERED     0  leg home n    1 med  3133 p90  3133 (laden n    1 med  3133 p90  3133)  appetite held         0 J of      5760  trips born-on-comb    0 (11 ants) / born-off    1 (9 ants)
                channel A: PEAK amt  53025 cells   57 (of 91 route)  POLARITY|| +0.15865 && +0.14292 SPAN +0.00000 edge   6.1  end nest->food [0,0,0,0,0]  nest   25  AtNest 22.80%
                Carrying: laden     27252  of which SPOIL     16380 ( 60.1%)
   90   17 flatF    1/1        13719      930        0    24585        0   15/32        0         10 5 1 8 8
                founded x   12..88   (nest cursor 48 MATERIAL x 26..70 11 of 32 founders born on it; food 138; nearest founder 50 cells out, farthest 126, nominal gap 90)  occupancy/1k [45 10 13 5 2 6 2 18]  carry->nest      44  born   12 died   29 (starved   21)
                own trail: route pk    0 end    0 along +0.0000  B nest->food [0,0,0,0,0]  blocked      333  kin swaps       0  ticks     17222  tumbles      5507 (homeward      454, 8.24%)  drops       0  chew parked      2 resumed      2 (        1 J)  DELIVERED     0  leg home n    0 med     0 p90     0 (laden n    0 med     0 p90     0)  appetite held         0 J of     10560  trips born-on-comb    0 (11 ants) / born-off    0 (21 ants)
                channel A: PEAK amt  53025 cells   57 (of 91 route)  POLARITY|| -0.15865 && -0.14292 SPAN +0.00000 edge   6.1  end nest->food [0,0,0,0,0]  nest   25  AtNest 21.69%
                Carrying: laden     32877  of which SPOIL     11778 ( 35.8%)
   90   18  hand    0/0         3420      816    17952    27948      672   10/20        1         4 1 0 15 0
                founded x   12..88   (nest cursor 48 MATERIAL x 26..70 11 of 20 founders born on it; food 138; nearest founder 50 cells out, farthest 126, nominal gap 90)  occupancy/1k [27 15 15 9 15 33 71 24]  carry->nest     167  born    0 died   20 (starved   16)
                own trail: route pk   64 end    0 along +0.0000  B nest->food [89,3102,6372,9896,8292]  blocked      232  kin swaps       0  ticks     35788  tumbles     15091 (homeward      615, 4.08%)  drops       1  chew parked      8 resumed      4 (      613 J)  DELIVERED     1  leg home n    1 med  3349 p90  3349 (laden n    1 med  3349 p90  3349)  appetite held         0 J of     14400  trips born-on-comb    0 (11 ants) / born-off    1 (9 ants)
                channel A: PEAK amt   9935 cells   85 (of 91 route)  POLARITY|| +0.01850 && +0.01245 SPAN +0.00182 edge  15.6  end nest->food [0,0,0,0,0]  nest   25  AtNest  7.20%
                Carrying: laden     30966  of which SPOIL      3018 (  9.7%)
   90   18 hmute    9/7        25293      816        0   109524        0   25/35        0         4 0 4 27 0
                founded x   12..88   (nest cursor 48 MATERIAL x 26..70 11 of 35 founders born on it; food 138; nearest founder 50 cells out, farthest 126, nominal gap 90)  occupancy/1k [27 14 9 11 22 18 43 131]  carry->nest     115  born   15 died   26 (starved   11)
                own trail: route pk    5 end    3 along +0.0000  B nest->food [89,3092,6331,9430,8290]  blocked      173  kin swaps       0  ticks     47893  tumbles     21509 (homeward     3088, 14.36%)  drops       0  chew parked     13 resumed      7 (        7 J)  DELIVERED     0  leg home n    0 med     0 p90     0 (laden n    0 med     0 p90     0)  appetite held         0 J of     58560  trips born-on-comb    0 (11 ants) / born-off    0 (24 ants)
                channel A: PEAK amt   9935 cells   85 (of 91 route)  POLARITY|| +0.01533 && +0.01858 SPAN +0.00535 edge  11.1  end nest->food [0,0,0,0,0]  nest   25  AtNest  5.17%
                Carrying: laden    113465  of which SPOIL      3941 (  3.5%)
   90   18  self    0/0            0     3426     4782     1752        0    3/20        0          9 7 1 3 0
                founded x   12..88   (nest cursor 48 MATERIAL x 26..70 11 of 20 founders born on it; food 138; nearest founder 50 cells out, farthest 126, nominal gap 90)  occupancy/1k [47 10 15 5 0 0 0 1]  carry->nest       4  born    0 died   20 (starved   20)
                own trail: route pk   12 end    0 along +0.0000  B nest->food [0,0,0,0,0]  blocked      396  kin swaps       0  ticks     13505  tumbles      3866 (homeward       72, 1.86%)  drops       0  chew parked      0 resumed      0 (        0 J)  DELIVERED     0  leg home n    0 med     0 p90     0 (laden n    0 med     0 p90     0)  appetite held         0 J of         0  trips born-on-comb    0 (11 ants) / born-off    0 (9 ants)
                channel A: PEAK amt  21116 cells   87 (of 91 route)  POLARITY|| +0.13834 && +0.10376 SPAN -0.00819 edge   6.3  end nest->food [0,0,0,0,0]  nest   25  AtNest 22.43%
                Carrying: laden     12372  of which SPOIL     10620 ( 85.8%)
   90   18  mute    0/0            0        0     4692        0        0    0/20        0         12 7 1 0 0
                founded x   12..88   (nest cursor 48 MATERIAL x 26..70 11 of 20 founders born on it; food 138; nearest founder 50 cells out, farthest 126, nominal gap 90)  occupancy/1k [51 12 11 4 1 0 0 0]  carry->nest       0  born    0 died   20 (starved   20)
                own trail: route pk    0 end    0 along +0.0000  B nest->food [0,0,0,0,0]  blocked      392  kin swaps       0  ticks     13359  tumbles      3718 (homeward        0, 0.00%)  drops       0  chew parked      0 resumed      0 (        0 J)  DELIVERED     0  leg home n    0 med     0 p90     0 (laden n    0 med     0 p90     0)  appetite held         0 J of         0  trips born-on-comb    0 (11 ants) / born-off    0 (9 ants)
                channel A: PEAK amt  33598 cells   64 (of 91 route)  POLARITY|| +0.17055 && +0.15668 SPAN -0.00182 edge   6.1  end nest->food [0,0,0,0,0]  nest   25  AtNest 26.30%
                Carrying: laden      8388  of which SPOIL      8388 (100.0%)
   90   18 homeA    0/0            0     2910     4692      720        0    2/20        0         10 6 1 3 0
                founded x   12..88   (nest cursor 48 MATERIAL x 26..70 11 of 20 founders born on it; food 138; nearest founder 50 cells out, farthest 126, nominal gap 90)  occupancy/1k [48 15 7 4 1 3 1 0]  carry->nest      20  born    0 died   20 (starved   20)
                own trail: route pk    0 end    0 along +0.0000  B nest->food [0,0,0,19,0]  blocked      512  kin swaps       0  ticks     13849  tumbles      4139 (homeward        9, 0.22%)  drops       0  chew parked      0 resumed      0 (        0 J)  DELIVERED     0  leg home n    0 med     0 p90     0 (laden n    0 med     0 p90     0)  appetite held         0 J of         0  trips born-on-comb    0 (11 ants) / born-off    0 (9 ants)
                channel A: PEAK amt  65535 cells   91 (of 91 route)  POLARITY|| +0.09830 && +0.09818 SPAN +0.00772 edge   0.9  end nest->food [0,0,0,0,0]  nest   25  AtNest 27.72%
                Carrying: laden     12654  of which SPOIL     11934 ( 94.3%)
   90   18 flatN    0/0            0        0     4824        0        0    0/20        0         10 8 1 1 0
                founded x   12..88   (nest cursor 48 MATERIAL x 26..70 11 of 20 founders born on it; food 138; nearest founder 50 cells out, farthest 126, nominal gap 90)  occupancy/1k [45 16 11 4 1 0 0 0]  carry->nest       0  born    0 died   20 (starved   20)
                own trail: route pk    0 end    0 along +0.0000  B nest->food [0,0,0,0,0]  blocked      546  kin swaps       0  ticks     13379  tumbles      3843 (homeward        0, 0.00%)  drops       0  chew parked      0 resumed      0 (        0 J)  DELIVERED     0  leg home n    0 med     0 p90     0 (laden n    0 med     0 p90     0)  appetite held         0 J of         0  trips born-on-comb    0 (11 ants) / born-off    0 (9 ants)
                channel A: PEAK amt  53025 cells   57 (of 91 route)  POLARITY|| +0.15865 && +0.14292 SPAN +0.00000 edge   6.1  end nest->food [0,0,0,0,0]  nest   25  AtNest 27.02%
                Carrying: laden     11304  of which SPOIL     11304 (100.0%)
   90   18 flatF    0/0            0     3942     4638      354        0    1/20        0         10 5 4 1 0
                founded x   12..88   (nest cursor 48 MATERIAL x 26..70 11 of 20 founders born on it; food 138; nearest founder 50 cells out, farthest 126, nominal gap 90)  occupancy/1k [41 13 13 7 1 1 0 0]  carry->nest      18  born    0 died   20 (starved   20)
                own trail: route pk    0 end    0 along +0.0000  B nest->food [0,0,0,0,0]  blocked      361  kin swaps       0  ticks     13201  tumbles      3707 (homeward        4, 0.11%)  drops       0  chew parked      0 resumed      0 (        0 J)  DELIVERED     0  leg home n    0 med     0 p90     0 (laden n    0 med     0 p90     0)  appetite held         0 J of         0  trips born-on-comb    0 (11 ants) / born-off    0 (9 ants)
                channel A: PEAK amt  53025 cells   57 (of 91 route)  POLARITY|| -0.15865 && -0.14292 SPAN +0.00000 edge   6.1  end nest->food [0,0,0,0,0]  nest   25  AtNest 27.11%
                Carrying: laden      9666  of which SPOIL      9312 ( 96.3%)

  larder put out, over the whole sweep: 96000-4662720 J, against a need near 46,800 J
    for 52 ants over 24,000 frames -- so these colonies are provisioned, not starved.
  intake off anything that is not the larder is ASSERTED to be 0 in every row, not printed.

  `self` vs `mute` is the real question: do the ants' OWN trails do anything?
  `visitors` is DISTINCT ants that reached the food over distinct ants that ever lived --
    recruitment, which `near` ant-ticks cannot see: 50 visitors and 1 resident read alike.
  `trips` is nest -> food -> nest, closed on the RETURN. `reach` buckets every ant by how
  `occupancy` is ant-ticks in 8 equal bands, NEST END FIRST, food end last -- a commuting
    colony is bimodal, a dispersing one slides its mass right, a homebody is a spike at 0.
  `carry->nest` is signed cells moved while holding larder, POSITIVE = homeward. Near zero
    means food is picked up and wandered with, which is a different fault from not finding it.
    far it ever got, as a share of the gap, so a commuting population is visible as a shape.
  `hand` vs `self` only says whether a laid ramp beats what they bootstrap.
  `hmute` is the DECAY BASELINE for `route pk`: our ramp laid, the ants silenced.
  `flatN`/`flatF` are the POLARITY metric's negative controls: a FLAT channel A blob over
    the nest half / the food half, ants' EmitA silenced. A field with no ramp in it at all.
    A correct metric reads 0 on both. POLARITY|| is predicted to read ~+0.12 and ~-0.12,
    which brackets every polarity figure in the report -- see `lay_flat`.
  `homeA` lays a channel A HOMING ramp and no food trail -- if laden ants only fail
    to route because they cannot find their way home, this is where their own B appears.
  `carry` is ant-ticks holding larder in the crop; `carry@nest` is those inside the +-26 nest band --
    that pair is the answer to "is food being carried back", which a cell census cannot give.
  `other J` must read 0 in every row: it is the check that `onlyfood` held.
  A gap where `alive` reaches 0 in every arm is measuring a dead colony, not a deaf one.
