  diet: larder=fruit onlyfood=on
  odometer A: recur=shipped emita=shipped biasa=shipped   odometer B: charb=shipped recurb=shipped emitb=shipped biasb=shipped carryb=shipped
trailfollow: mode=gap gate=shipped frames=24000 seeds=18 seed0=1 ants=20 relay=60 near=10 food=400 refill=400 stop=6000 homebias=0.25 cropcap=shipped hungergate=shipped
  gate shipped: off -45.0  on +0.5  along ±6.0
  landed 2026-09-09: units 0/1 = b2 (off -45, on +0.5, along 6); units 2/3 = saturated (off -45, on +30, along 6). See open-bugs-handoff.md Z7.

  gap seed   arm     alive     ate J  arrive@    dead@    carry    @nest  visitors  trips reach 0-25-50-75-100
----- ---- ----- --------- --------- -------- -------- -------- -------- --------- ------ ------------------
   90    1  hand  600/20     7619691     1146        0  2357580    15898 6229/6351     52  8 13 29 2156 4145
                founded x   12..88   (nest cursor 48 MATERIAL x 26..70 11 of 6351 founders born on it; food 138; nearest founder 50 cells out, farthest 126, nominal gap 90)  occupancy/1k [33 56 97 157 241 339 574 3285]  carry->nest     438  born 6351 died 5662 (starved   50)
                own trail: route pk   91 end   87 along -0.1872  B nest->food [93,6069,20125,35147,22679]  blocked    91132  kin swaps       0  ticks   1121658  tumbles    420275 (homeward    22054, 5.25%)  drops     488  chew parked    523 resumed    301 (   105958 J)  DELIVERED   331  leg home n   52 med  1501 p90  3001 (laden n   52 med  1501 p90  3001)  appetite held         0 J of    534720  trips born-on-comb    0 (21 ants) / born-off   52 (6330 ants)
                channel A: PEAK amt  15271 cells   86 (of 91 route)  POLARITY|| -0.02806 && -0.01757 SPAN -0.00721 edge  14.7  end nest->food [0,3432,0,1638,131]  nest   25  AtNest  0.65%
                Carrying: laden   2374056  of which SPOIL     22170 (  0.9%)
   90    1 hmute  557/20    10161647     1146        0  3688792      480 8226/8292      7    7 4 3 2851 5427
                founded x   12..88   (nest cursor 48 MATERIAL x 26..70 11 of 8292 founders born on it; food 138; nearest founder 50 cells out, farthest 126, nominal gap 90)  occupancy/1k [24 26 12 41 102 581 1475 6696]  carry->nest   -2237  born 8272 died 7423 (starved  138)
                own trail: route pk   77 end   68 along -0.1346  B nest->food [89,3098,6540,9956,9526]  blocked   111347  kin swaps       0  ticks   1900078  tumbles    804088 (homeward    41031, 5.10%)  drops      50  chew parked    743 resumed    259 (     2837 J)  DELIVERED    16  leg home n    7 med  1391 p90  2673 (laden n    7 med  1391 p90  2673)  appetite held         0 J of   1559040  trips born-on-comb    0 (12 ants) / born-off    7 (8280 ants)
                channel A: PEAK amt   8666 cells   79 (of 91 route)  POLARITY|| -0.00371 && -0.00201 SPAN -0.01031 edge  14.1  end nest->food [0,331,0,13,0]  nest   25  AtNest  0.10%
                Carrying: laden   3723634  of which SPOIL     65485 (  1.8%)
   90    1  self    0/0            0     5196     5526      216        0    1/20        0         14 3 2 1 0
                founded x   12..88   (nest cursor 48 MATERIAL x 26..70 11 of 20 founders born on it; food 138; nearest founder 50 cells out, farthest 126, nominal gap 90)  occupancy/1k [50 10 8 10 1 0 0 0]  carry->nest       5  born    0 died   20 (starved   20)
                own trail: route pk   20 end    0 along +0.0000  B nest->food [0,0,0,0,0]  blocked      338  kin swaps       0  ticks     13633  tumbles      3866 (homeward        4, 0.10%)  drops       0  chew parked      0 resumed      0 (        0 J)  DELIVERED     0  leg home n    0 med     0 p90     0 (laden n    0 med     0 p90     0)  appetite held         0 J of         0  trips born-on-comb    0 (11 ants) / born-off    0 (9 ants)
                channel A: PEAK amt  27104 cells   50 (of 91 route)  POLARITY|| +0.14776 && +0.13542 SPAN +0.00779 edge   7.3  end nest->food [0,0,0,0,0]  nest   25  AtNest 25.34%
                Carrying: laden      7320  of which SPOIL      7104 ( 97.0%)
   90    1  mute    0/0            0        0     5058        0        0    0/20        0         11 3 5 1 0
                founded x   12..88   (nest cursor 48 MATERIAL x 26..70 11 of 20 founders born on it; food 138; nearest founder 50 cells out, farthest 126, nominal gap 90)  occupancy/1k [47 12 7 9 3 1 0 0]  carry->nest       0  born    0 died   20 (starved   20)
                own trail: route pk    0 end    0 along +0.0000  B nest->food [0,0,0,0,0]  blocked      334  kin swaps       0  ticks     13753  tumbles      3872 (homeward        0, 0.00%)  drops       0  chew parked      0 resumed      0 (        0 J)  DELIVERED     0  leg home n    0 med     0 p90     0 (laden n    0 med     0 p90     0)  appetite held         0 J of         0  trips born-on-comb    0 (11 ants) / born-off    0 (9 ants)
                channel A: PEAK amt  24777 cells   70 (of 91 route)  POLARITY|| +0.15300 && +0.13688 SPAN +0.00826 edge   7.3  end nest->food [0,0,0,0,0]  nest   25  AtNest 25.49%
                Carrying: laden      7788  of which SPOIL      7788 (100.0%)
   90    1 homeA    0/0          228     3858     8580     1740        0    1/20        1         10 6 3 1 0
                founded x   12..88   (nest cursor 48 MATERIAL x 26..70 11 of 20 founders born on it; food 138; nearest founder 50 cells out, farthest 126, nominal gap 90)  occupancy/1k [41 16 11 12 3 0 0 0]  carry->nest      44  born    0 died   20 (starved   20)
                own trail: route pk    0 end    0 along +0.0000  B nest->food [0,0,39,18,0]  blocked      507  kin swaps       0  ticks     14588  tumbles      4418 (homeward        9, 0.20%)  drops       0  chew parked      1 resumed      0 (        0 J)  DELIVERED     0  leg home n    1 med  3619 p90  3619 (laden n    0 med     0 p90     0)  appetite held         0 J of       960  trips born-on-comb    1 (11 ants) / born-off    0 (9 ants)
                channel A: PEAK amt  65535 cells   91 (of 91 route)  POLARITY|| +0.08222 && +0.07890 SPAN +0.00813 edge   2.4  end nest->food [0,0,0,0,0]  nest   25  AtNest 22.86%
                Carrying: laden     13518  of which SPOIL     11778 ( 87.1%)
   90    1 flatN    0/0            0        0     5298        0        0    0/20        0         12 4 2 2 0
                founded x   12..88   (nest cursor 48 MATERIAL x 26..70 11 of 20 founders born on it; food 138; nearest founder 50 cells out, farthest 126, nominal gap 90)  occupancy/1k [47 15 6 10 3 0 0 0]  carry->nest       0  born    0 died   20 (starved   20)
                own trail: route pk    0 end    0 along +0.0000  B nest->food [0,0,0,0,0]  blocked      586  kin swaps       0  ticks     14069  tumbles      4254 (homeward        0, 0.00%)  drops       0  chew parked      0 resumed      0 (        0 J)  DELIVERED     0  leg home n    0 med     0 p90     0 (laden n    0 med     0 p90     0)  appetite held         0 J of         0  trips born-on-comb    0 (11 ants) / born-off    0 (9 ants)
                channel A: PEAK amt  53025 cells   57 (of 91 route)  POLARITY|| +0.15865 && +0.14292 SPAN +0.00000 edge   6.1  end nest->food [0,0,0,0,0]  nest   25  AtNest 23.77%
                Carrying: laden     11562  of which SPOIL     11562 (100.0%)
   90    1 flatF    0/0            0        0     5016        0        0    0/20        0         10 5 4 1 0
                founded x   12..88   (nest cursor 48 MATERIAL x 26..70 11 of 20 founders born on it; food 138; nearest founder 50 cells out, farthest 126, nominal gap 90)  occupancy/1k [43 14 13 7 1 0 0 0]  carry->nest       0  born    0 died   20 (starved   20)
                own trail: route pk    0 end    0 along +0.0000  B nest->food [0,0,0,0,0]  blocked      370  kin swaps       0  ticks     13603  tumbles      3857 (homeward        0, 0.00%)  drops       0  chew parked      0 resumed      0 (        0 J)  DELIVERED     0  leg home n    0 med     0 p90     0 (laden n    0 med     0 p90     0)  appetite held         0 J of         0  trips born-on-comb    0 (11 ants) / born-off    0 (9 ants)
                channel A: PEAK amt  53025 cells   57 (of 91 route)  POLARITY|| -0.15865 && -0.14292 SPAN +0.00000 edge   6.1  end nest->food [0,0,0,0,0]  nest   25  AtNest 28.23%
                Carrying: laden      9048  of which SPOIL      9048 (100.0%)
   90    2  hand    0/0         1644      600    11718    10114        0    9/21        0         5 0 4 12 0
                founded x   12..88   (nest cursor 48 MATERIAL x 26..70 11 of 21 founders born on it; food 138; nearest founder 50 cells out, farthest 126, nominal gap 90)  occupancy/1k [29 27 5 16 8 15 22 8]  carry->nest      14  born    1 died   21 (starved   18)
                own trail: route pk   20 end    0 along +0.0000  B nest->food [89,3092,6331,9525,8294]  blocked      114  kin swaps       0  ticks     22108  tumbles      9219 (homeward      106, 1.15%)  drops       0  chew parked      2 resumed      2 (        1 J)  DELIVERED     0  leg home n    0 med     0 p90     0 (laden n    0 med     0 p90     0)  appetite held         0 J of      2880  trips born-on-comb    0 (11 ants) / born-off    0 (10 ants)
                channel A: PEAK amt  13503 cells   85 (of 91 route)  POLARITY|| +0.03865 && +0.01999 SPAN -0.00600 edge   9.7  end nest->food [0,0,0,0,0]  nest   25  AtNest  6.46%
                Carrying: laden     13420  of which SPOIL      3306 ( 24.6%)
   90    2 hmute    1/1        45231      600        0    65090        0   44/58        3        4 2 5 23 24
                founded x   12..88   (nest cursor 48 MATERIAL x 26..70 11 of 58 founders born on it; food 138; nearest founder 50 cells out, farthest 126, nominal gap 90)  occupancy/1k [31 29 15 35 35 20 18 45]  carry->nest     179  born   38 died   56 (starved   20)
                own trail: route pk    0 end    0 along +0.0000  B nest->food [89,3092,6331,9430,8290]  blocked      725  kin swaps       0  ticks     37829  tumbles     15152 (homeward      850, 5.61%)  drops       0  chew parked      5 resumed      1 (        1 J)  DELIVERED     0  leg home n    3 med  6313 p90  7898 (laden n    0 med     0 p90     0)  appetite held         0 J of     26880  trips born-on-comb    0 (11 ants) / born-off    3 (47 ants)
                channel A: PEAK amt  19435 cells   73 (of 91 route)  POLARITY|| +0.03804 && +0.01575 SPAN -0.00533 edge  12.1  end nest->food [0,0,0,0,0]  nest   25  AtNest  5.17%
                Carrying: laden     75245  of which SPOIL     12045 ( 16.0%)
   90    2  self    0/0            0        0     4764        0        0    0/20        0          9 7 4 0 0
                founded x   12..88   (nest cursor 48 MATERIAL x 26..70 11 of 20 founders born on it; food 138; nearest founder 50 cells out, farthest 126, nominal gap 90)  occupancy/1k [49 11 9 6 1 0 0 0]  carry->nest       0  born    0 died   20 (starved   20)
                own trail: route pk    0 end    0 along +0.0000  B nest->food [0,0,0,0,0]  blocked      343  kin swaps       0  ticks     13253  tumbles      3774 (homeward        0, 0.00%)  drops       0  chew parked      0 resumed      0 (        0 J)  DELIVERED     0  leg home n    0 med     0 p90     0 (laden n    0 med     0 p90     0)  appetite held         0 J of         0  trips born-on-comb    0 (11 ants) / born-off    0 (9 ants)
                channel A: PEAK amt  31358 cells   65 (of 91 route)  POLARITY|| +0.12650 && +0.10384 SPAN +0.00715 edge   6.2  end nest->food [0,0,0,0,0]  nest   25  AtNest 30.10%
                Carrying: laden      9114  of which SPOIL      9114 (100.0%)
   90    2  mute    0/0            0        0     4830        0        0    0/20        0         11 6 3 0 0
                founded x   12..88   (nest cursor 48 MATERIAL x 26..70 11 of 20 founders born on it; food 138; nearest founder 50 cells out, farthest 126, nominal gap 90)  occupancy/1k [49 12 9 5 2 0 0 0]  carry->nest       0  born    0 died   20 (starved   20)
                own trail: route pk    0 end    0 along +0.0000  B nest->food [0,0,0,0,0]  blocked      274  kin swaps       0  ticks     13302  tumbles      3677 (homeward        0, 0.00%)  drops       0  chew parked      0 resumed      0 (        0 J)  DELIVERED     0  leg home n    0 med     0 p90     0 (laden n    0 med     0 p90     0)  appetite held         0 J of         0  trips born-on-comb    0 (11 ants) / born-off    0 (9 ants)
                channel A: PEAK amt  27369 cells   65 (of 91 route)  POLARITY|| +0.11335 && +0.08808 SPAN +0.00228 edge   6.5  end nest->food [0,0,0,0,0]  nest   25  AtNest 28.81%
                Carrying: laden      7080  of which SPOIL      7080 (100.0%)
   90    2 homeA    0/0         1380     2490    14430    11550        0    3/21        0         10 6 2 2 1
                founded x   12..88   (nest cursor 48 MATERIAL x 26..70 11 of 21 founders born on it; food 138; nearest founder 50 cells out, farthest 126, nominal gap 90)  occupancy/1k [47 14 10 5 1 1 3 9]  carry->nest      17  born    1 died   21 (starved   20)
                own trail: route pk   30 end    0 along +0.0000  B nest->food [0,0,0,86,49]  blocked      492  kin swaps       0  ticks     15412  tumbles      4845 (homeward      225, 4.64%)  drops       0  chew parked      0 resumed      0 (        0 J)  DELIVERED     0  leg home n    0 med     0 p90     0 (laden n    0 med     0 p90     0)  appetite held         0 J of      4800  trips born-on-comb    0 (11 ants) / born-off    0 (10 ants)
                channel A: PEAK amt  62881 cells   91 (of 91 route)  POLARITY|| +0.09722 && +0.09710 SPAN +0.01077 edge   0.9  end nest->food [0,0,0,0,0]  nest   25  AtNest 22.08%
                Carrying: laden     21042  of which SPOIL      9492 ( 45.1%)
   90    2 flatN    0/0            0        0     4764        0        0    0/20        0         10 4 5 1 0
                founded x   12..88   (nest cursor 48 MATERIAL x 26..70 11 of 20 founders born on it; food 138; nearest founder 50 cells out, farthest 126, nominal gap 90)  occupancy/1k [44 14 12 6 1 0 0 0]  carry->nest       0  born    0 died   20 (starved   20)
                own trail: route pk    0 end    0 along +0.0000  B nest->food [0,0,0,0,0]  blocked      552  kin swaps       0  ticks     13606  tumbles      4079 (homeward        0, 0.00%)  drops       0  chew parked      0 resumed      0 (        0 J)  DELIVERED     0  leg home n    0 med     0 p90     0 (laden n    0 med     0 p90     0)  appetite held         0 J of         0  trips born-on-comb    0 (11 ants) / born-off    0 (9 ants)
                channel A: PEAK amt  53025 cells   57 (of 91 route)  POLARITY|| +0.15865 && +0.14292 SPAN +0.00000 edge   6.1  end nest->food [0,0,0,0,0]  nest   25  AtNest 28.78%
                Carrying: laden     13506  of which SPOIL     13506 (100.0%)
   90    2 flatF    0/0            0        0     4830        0        0    0/20        0          9 9 1 1 0
                founded x   12..88   (nest cursor 48 MATERIAL x 26..70 11 of 20 founders born on it; food 138; nearest founder 50 cells out, farthest 126, nominal gap 90)  occupancy/1k [46 14 11 5 2 0 0 0]  carry->nest       0  born    0 died   20 (starved   20)
                own trail: route pk    0 end    0 along +0.0000  B nest->food [0,0,0,0,0]  blocked      391  kin swaps       0  ticks     13538  tumbles      3887 (homeward        0, 0.00%)  drops       0  chew parked      0 resumed      0 (        0 J)  DELIVERED     0  leg home n    0 med     0 p90     0 (laden n    0 med     0 p90     0)  appetite held         0 J of         0  trips born-on-comb    0 (11 ants) / born-off    0 (9 ants)
                channel A: PEAK amt  53025 cells   57 (of 91 route)  POLARITY|| -0.15865 && -0.14292 SPAN +0.00000 edge   6.1  end nest->food [0,0,0,0,0]  nest   25  AtNest 31.50%
                Carrying: laden      8370  of which SPOIL      8370 (100.0%)
   90    3  hand    9/9         8508      564        0    55380        0   12/22        0         6 1 1 13 1
                founded x   12..88   (nest cursor 48 MATERIAL x 26..70 11 of 22 founders born on it; food 138; nearest founder 50 cells out, farthest 126, nominal gap 90)  occupancy/1k [47 12 2 9 14 22 126 56]  carry->nest      93  born    2 died   13 (starved    9)
                own trail: route pk   37 end    0 along +0.0000  B nest->food [89,3092,6344,10003,8357]  blocked      388  kin swaps       0  ticks     48710  tumbles     21658 (homeward      783, 3.62%)  drops       0  chew parked      9 resumed      3 (        2 J)  DELIVERED     0  leg home n    0 med     0 p90     0 (laden n    0 med     0 p90     0)  appetite held         0 J of     29760  trips born-on-comb    0 (11 ants) / born-off    0 (11 ants)
                channel A: PEAK amt   8623 cells   85 (of 91 route)  POLARITY|| +0.00825 && +0.00120 SPAN -0.00247 edge  14.3  end nest->food [0,0,21,32,0]  nest   25  AtNest  3.25%
                Carrying: laden     63074  of which SPOIL     14666 ( 23.3%)
   90    3 hmute    2/2         4560      564        0    38562     3468    9/20        2         4 3 3 10 0
                founded x   12..88   (nest cursor 48 MATERIAL x 26..70 11 of 20 founders born on it; food 138; nearest founder 50 cells out, farthest 126, nominal gap 90)  occupancy/1k [52 17 15 12 23 20 54 11]  carry->nest     137  born    0 died   18 (starved   15)
                own trail: route pk    0 end    0 along +0.0000  B nest->food [89,3092,6331,9430,8290]  blocked      269  kin swaps       0  ticks     34832  tumbles     14273 (homeward      432, 3.03%)  drops      18  chew parked     18 resumed     13 (     4459 J)  DELIVERED    18  leg home n    2 med  6031 p90  6031 (laden n    1 med  1279 p90  1279)  appetite held         0 J of     19200  trips born-on-comb    0 (11 ants) / born-off    2 (9 ants)
                channel A: PEAK amt  17748 cells   77 (of 91 route)  POLARITY|| +0.01745 && +0.02350 SPAN +0.01670 edge  21.1  end nest->food [0,9,0,0,0]  nest   25  AtNest  8.41%
                Carrying: laden     45204  of which SPOIL      8382 ( 18.5%)
   90    3  self    0/0            0     3480     5574        0        0    1/20        0         12 4 3 1 0
                founded x   12..88   (nest cursor 48 MATERIAL x 26..70 11 of 20 founders born on it; food 138; nearest founder 50 cells out, farthest 126, nominal gap 90)  occupancy/1k [57 8 7 3 2 0 0 0]  carry->nest       0  born    0 died   20 (starved   19)
                own trail: route pk    0 end    0 along +0.0000  B nest->food [0,0,0,0,0]  blocked      444  kin swaps       0  ticks     13420  tumbles      4057 (homeward        0, 0.00%)  drops       0  chew parked      0 resumed      0 (        0 J)  DELIVERED     0  leg home n    0 med     0 p90     0 (laden n    0 med     0 p90     0)  appetite held         0 J of         0  trips born-on-comb    0 (11 ants) / born-off    0 (9 ants)
                channel A: PEAK amt  28163 cells   85 (of 91 route)  POLARITY|| +0.16134 && +0.14382 SPAN +0.01127 edge   6.9  end nest->food [0,0,0,0,0]  nest   25  AtNest 29.77%
                Carrying: laden     10800  of which SPOIL     10800 (100.0%)
   90    3  mute    0/0            0        0     7944        0        0    0/20        0          9 3 7 1 0
                founded x   12..88   (nest cursor 48 MATERIAL x 26..70 11 of 20 founders born on it; food 138; nearest founder 50 cells out, farthest 126, nominal gap 90)  occupancy/1k [49 13 11 4 1 0 0 0]  carry->nest       0  born    0 died   20 (starved   19)
                own trail: route pk    0 end    0 along +0.0000  B nest->food [0,0,0,0,0]  blocked      439  kin swaps       0  ticks     13632  tumbles      4116 (homeward        0, 0.00%)  drops       0  chew parked      0 resumed      0 (        0 J)  DELIVERED     0  leg home n    0 med     0 p90     0 (laden n    0 med     0 p90     0)  appetite held         0 J of         0  trips born-on-comb    0 (11 ants) / born-off    0 (9 ants)
                channel A: PEAK amt  30733 cells   79 (of 91 route)  POLARITY|| +0.14133 && +0.12195 SPAN +0.00803 edge   6.3  end nest->food [0,0,0,0,0]  nest   25  AtNest 29.46%
                Carrying: laden      8610  of which SPOIL      8610 (100.0%)
   90    3 homeA    0/0            0     2064     5196      546        0    2/20        0         12 4 2 2 0
                founded x   12..88   (nest cursor 48 MATERIAL x 26..70 11 of 20 founders born on it; food 138; nearest founder 50 cells out, farthest 126, nominal gap 90)  occupancy/1k [54 9 7 3 2 1 1 0]  carry->nest      36  born    0 died   20 (starved   19)
                own trail: route pk    0 end    0 along +0.0000  B nest->food [0,0,7,65,0]  blocked      403  kin swaps       0  ticks     13624  tumbles      4160 (homeward        1, 0.02%)  drops       0  chew parked      0 resumed      0 (        0 J)  DELIVERED     0  leg home n    0 med     0 p90     0 (laden n    0 med     0 p90     0)  appetite held         0 J of         0  trips born-on-comb    0 (11 ants) / born-off    0 (9 ants)
                channel A: PEAK amt  64776 cells   91 (of 91 route)  POLARITY|| +0.09835 && +0.09823 SPAN +0.01753 edge   0.9  end nest->food [0,0,0,0,0]  nest   25  AtNest 23.82%
                Carrying: laden     11424  of which SPOIL     10878 ( 95.2%)
   90    3 flatN    0/0            0     1998     5688     1320        0    2/20        0         12 1 5 1 1
                founded x   12..88   (nest cursor 48 MATERIAL x 26..70 11 of 20 founders born on it; food 138; nearest founder 50 cells out, farthest 126, nominal gap 90)  occupancy/1k [49 11 8 5 2 0 0 1]  carry->nest      -2  born    0 died   20 (starved   19)
                own trail: route pk    0 end    0 along +0.0000  B nest->food [0,0,0,0,0]  blocked      477  kin swaps       0  ticks     13394  tumbles      4058 (homeward       20, 0.49%)  drops       0  chew parked      0 resumed      0 (        0 J)  DELIVERED     0  leg home n    0 med     0 p90     0 (laden n    0 med     0 p90     0)  appetite held         0 J of         0  trips born-on-comb    0 (11 ants) / born-off    0 (9 ants)
                channel A: PEAK amt  53025 cells   57 (of 91 route)  POLARITY|| +0.15865 && +0.14292 SPAN +0.00000 edge   6.1  end nest->food [0,0,0,0,0]  nest   25  AtNest 24.21%
                Carrying: laden     14274  of which SPOIL     12954 ( 90.8%)
   90    3 flatF    0/0            0        0     5454        0        0    0/20        0         12 5 2 1 0
                founded x   12..88   (nest cursor 48 MATERIAL x 26..70 11 of 20 founders born on it; food 138; nearest founder 50 cells out, farthest 126, nominal gap 90)  occupancy/1k [55 10 8 4 2 0 0 0]  carry->nest       0  born    0 died   20 (starved   19)
                own trail: route pk    0 end    0 along +0.0000  B nest->food [0,0,0,0,0]  blocked      396  kin swaps       0  ticks     13514  tumbles      3944 (homeward        0, 0.00%)  drops       0  chew parked      0 resumed      0 (        0 J)  DELIVERED     0  leg home n    0 med     0 p90     0 (laden n    0 med     0 p90     0)  appetite held         0 J of         0  trips born-on-comb    0 (11 ants) / born-off    0 (9 ants)
                channel A: PEAK amt  53025 cells   57 (of 91 route)  POLARITY|| -0.15865 && -0.14292 SPAN +0.00000 edge   6.1  end nest->food [0,0,0,0,0]  nest   25  AtNest 26.81%
                Carrying: laden      9162  of which SPOIL      9162 (100.0%)
   90    4  hand    0/0         2568     1050    11562    14736        0    8/21        0          4 2 6 9 0
                founded x   12..88   (nest cursor 48 MATERIAL x 26..70 11 of 21 founders born on it; food 138; nearest founder 50 cells out, farthest 126, nominal gap 90)  occupancy/1k [53 11 8 15 28 25 15 8]  carry->nest     104  born    1 died   21 (starved   19)
                own trail: route pk   36 end    0 along +0.0000  B nest->food [89,3092,6405,9590,8293]  blocked      190  kin swaps       0  ticks     27600  tumbles     11735 (homeward      155, 1.32%)  drops       0  chew parked      2 resumed      2 (        2 J)  DELIVERED     0  leg home n    0 med     0 p90     0 (laden n    0 med     0 p90     0)  appetite held         0 J of      5760  trips born-on-comb    0 (11 ants) / born-off    0 (10 ants)
                channel A: PEAK amt  11068 cells   84 (of 91 route)  POLARITY|| +0.04338 && +0.02110 SPAN +0.00183 edge  13.8  end nest->food [0,0,0,0,0]  nest   25  AtNest  5.27%
                Carrying: laden     18275  of which SPOIL      3539 ( 19.4%)
   90    4 hmute    9/8        11700     1050        0    81861        0   14/22        1         3 2 0 17 0
                founded x   12..88   (nest cursor 48 MATERIAL x 26..70 11 of 22 founders born on it; food 138; nearest founder 50 cells out, farthest 126, nominal gap 90)  occupancy/1k [48 11 16 18 13 40 150 33]  carry->nest     253  born    2 died   13 (starved   10)
                own trail: route pk    0 end    0 along +0.0000  B nest->food [89,3092,6331,9430,8290]  blocked      523  kin swaps       0  ticks     55557  tumbles     23410 (homeward      988, 4.22%)  drops       0  chew parked     19 resumed     11 (        9 J)  DELIVERED     0  leg home n    1 med  4933 p90  4933 (laden n    0 med     0 p90     0)  appetite held         0 J of     43200  trips born-on-comb    1 (11 ants) / born-off    0 (11 ants)
                channel A: PEAK amt  11068 cells   86 (of 91 route)  POLARITY|| +0.02703 && +0.02814 SPAN +0.01176 edge  13.7  end nest->food [0,0,0,0,0]  nest   25  AtNest  3.34%
                Carrying: laden     94432  of which SPOIL     12571 ( 13.3%)
   90    4  self    1/1          684     1416        0     7416        0    1/20        0         10 5 4 1 0
                founded x   12..88   (nest cursor 48 MATERIAL x 26..70 11 of 20 founders born on it; food 138; nearest founder 50 cells out, farthest 126, nominal gap 90)  occupancy/1k [47 17 14 13 5 0 0 0]  carry->nest      65  born    0 died   19 (starved   19)
                own trail: route pk   47 end    0 along +0.0000  B nest->food [0,0,74,17,0]  blocked      555  kin swaps       0  ticks     16771  tumbles      5674 (homeward       72, 1.27%)  drops       0  chew parked      2 resumed      1 (        0 J)  DELIVERED     0  leg home n    0 med     0 p90     0 (laden n    0 med     0 p90     0)  appetite held         0 J of      2880  trips born-on-comb    0 (11 ants) / born-off    0 (9 ants)
                channel A: PEAK amt  34008 cells   52 (of 91 route)  POLARITY|| +0.04446 && +0.04058 SPAN -0.01635 edge   9.8  end nest->food [0,16,0,0,0]  nest   25  AtNest 23.84%
                Carrying: laden     22441  of which SPOIL     15025 ( 67.0%)
   90    4  mute    2/2         2052     1416        0    17352        0    3/20        0         10 3 2 5 0
                founded x   12..88   (nest cursor 48 MATERIAL x 26..70 11 of 20 founders born on it; food 138; nearest founder 50 cells out, farthest 126, nominal gap 90)  occupancy/1k [46 17 11 6 7 5 17 8]  carry->nest      52  born    0 died   18 (starved   18)
                own trail: route pk    0 end    0 along +0.0000  B nest->food [0,0,0,0,0]  blocked      501  kin swaps       0  ticks     20075  tumbles      7001 (homeward      253, 3.61%)  drops       0  chew parked      4 resumed      2 (        1 J)  DELIVERED     0  leg home n    0 med     0 p90     0 (laden n    0 med     0 p90     0)  appetite held         0 J of      8640  trips born-on-comb    0 (11 ants) / born-off    0 (9 ants)
                channel A: PEAK amt  25912 cells   81 (of 91 route)  POLARITY|| +0.03972 && +0.04719 SPAN +0.01880 edge  13.8  end nest->food [0,0,0,0,0]  nest   25  AtNest 20.30%
                Carrying: laden     31440  of which SPOIL     14088 ( 44.8%)
   90    4 homeA    0/0         5201     1416    12924    16134        0    5/23        1         10 3 5 5 0
                founded x   12..88   (nest cursor 48 MATERIAL x 26..70 11 of 23 founders born on it; food 138; nearest founder 50 cells out, farthest 126, nominal gap 90)  occupancy/1k [44 17 14 17 20 16 2 9]  carry->nest     177  born    3 died   23 (starved   22)
                own trail: route pk   24 end    0 along +0.0000  B nest->food [0,0,88,75,0]  blocked      471  kin swaps       0  ticks     23799  tumbles      8088 (homeward      155, 1.92%)  drops       0  chew parked      4 resumed      1 (        1 J)  DELIVERED     0  leg home n    1 med  5071 p90  5071 (laden n    0 med     0 p90     0)  appetite held         0 J of      8640  trips born-on-comb    0 (11 ants) / born-off    1 (12 ants)
                channel A: PEAK amt  62340 cells   91 (of 91 route)  POLARITY|| +0.06535 && +0.07062 SPAN +0.01667 edge   5.5  end nest->food [0,0,0,0,0]  nest   25  AtNest 17.27%
                Carrying: laden     26988  of which SPOIL     10854 ( 40.2%)
   90    4 flatN    1/1         1368     1416        0    11514     3006    2/20        1         13 0 3 4 0
                founded x   12..88   (nest cursor 48 MATERIAL x 26..70 11 of 20 founders born on it; food 138; nearest founder 50 cells out, farthest 126, nominal gap 90)  occupancy/1k [50 19 10 16 8 2 1 0]  carry->nest     117  born    0 died   19 (starved   19)
                own trail: route pk    0 end    0 along +0.0000  B nest->food [0,0,0,0,0]  blocked      566  kin swaps       0  ticks     18341  tumbles      6028 (homeward       85, 1.41%)  drops      11  chew parked     11 resumed      9 (      838 J)  DELIVERED    11  leg home n    1 med  1135 p90  1135 (laden n    1 med  1135 p90  1135)  appetite held         0 J of      5760  trips born-on-comb    0 (11 ants) / born-off    1 (9 ants)
                channel A: PEAK amt  53025 cells   57 (of 91 route)  POLARITY|| +0.15865 && +0.14292 SPAN +0.00000 edge   6.1  end nest->food [0,0,0,0,0]  nest   25  AtNest 22.25%
                Carrying: laden     26808  of which SPOIL     15294 ( 57.1%)
   90    4 flatF    0/0            0     1416     5070     3258        0    2/20        0         10 3 4 3 0
                founded x   12..88   (nest cursor 48 MATERIAL x 26..70 11 of 20 founders born on it; food 138; nearest founder 50 cells out, farthest 126, nominal gap 90)  occupancy/1k [47 12 7 8 2 2 0 2]  carry->nest      20  born    0 died   20 (starved   19)
                own trail: route pk    0 end    0 along +0.0000  B nest->food [0,0,0,0,0]  blocked      367  kin swaps       0  ticks     13830  tumbles      4132 (homeward       51, 1.23%)  drops       0  chew parked      0 resumed      0 (        0 J)  DELIVERED     0  leg home n    0 med     0 p90     0 (laden n    0 med     0 p90     0)  appetite held         0 J of         0  trips born-on-comb    0 (11 ants) / born-off    0 (9 ants)
                channel A: PEAK amt  53025 cells   57 (of 91 route)  POLARITY|| -0.15865 && -0.14292 SPAN +0.00000 edge   6.1  end nest->food [0,0,0,0,0]  nest   25  AtNest 25.49%
                Carrying: laden     11964  of which SPOIL      8706 ( 72.8%)
   90    5  hand    6/5         8328      534        0    47089        0   12/23        0         5 3 0 15 0
                founded x   12..88   (nest cursor 48 MATERIAL x 26..70 11 of 23 founders born on it; food 138; nearest founder 50 cells out, farthest 126, nominal gap 90)  occupancy/1k [45 13 11 20 16 40 76 33]  carry->nest     113  born    3 died   17 (starved   13)
                own trail: route pk   29 end   15 along -0.0899  B nest->food [89,3092,6391,10015,8295]  blocked      206  kin swaps       0  ticks     43020  tumbles     18712 (homeward      636, 3.40%)  drops       0  chew parked      9 resumed      3 (        2 J)  DELIVERED     0  leg home n    0 med     0 p90     0 (laden n    0 med     0 p90     0)  appetite held         0 J of     24960  trips born-on-comb    0 (11 ants) / born-off    0 (12 ants)
                channel A: PEAK amt  12398 cells   85 (of 91 route)  POLARITY|| +0.01763 && +0.01507 SPAN +0.00552 edge  12.9  end nest->food [0,0,0,0,0]  nest   25  AtNest  3.22%
                Carrying: laden     51571  of which SPOIL      4482 (  8.7%)
   90    5 hmute    1/1         2280      534        0    20959        0   10/20        0         3 1 3 13 0
                founded x   12..88   (nest cursor 48 MATERIAL x 26..70 11 of 20 founders born on it; food 138; nearest founder 50 cells out, farthest 126, nominal gap 90)  occupancy/1k [36 10 12 17 23 40 17 8]  carry->nest      88  born    0 died   19 (starved   17)
                own trail: route pk    0 end    0 along +0.0000  B nest->food [89,3092,6331,9430,8290]  blocked      138  kin swaps       0  ticks     27776  tumbles     11307 (homeward      278, 2.46%)  drops       0  chew parked      3 resumed      1 (        1 J)  DELIVERED     0  leg home n    0 med     0 p90     0 (laden n    0 med     0 p90     0)  appetite held         0 J of      9600  trips born-on-comb    0 (11 ants) / born-off    0 (9 ants)
                channel A: PEAK amt  10295 cells   86 (of 91 route)  POLARITY|| +0.01679 && +0.00512 SPAN -0.00917 edge  11.0  end nest->food [0,0,0,0,0]  nest   25  AtNest  4.41%
                Carrying: laden     24091  of which SPOIL      3132 ( 13.0%)
   90    5  self    0/0            0        0     5130        0        0    0/20        0         11 4 3 2 0
                founded x   12..88   (nest cursor 48 MATERIAL x 26..70 11 of 20 founders born on it; food 138; nearest founder 50 cells out, farthest 126, nominal gap 90)  occupancy/1k [48 12 7 8 1 0 0 0]  carry->nest       0  born    0 died   20 (starved   19)
                own trail: route pk    0 end    0 along +0.0000  B nest->food [0,0,0,0,0]  blocked      396  kin swaps       0  ticks     13119  tumbles      3852 (homeward        0, 0.00%)  drops       0  chew parked      0 resumed      0 (        0 J)  DELIVERED     0  leg home n    0 med     0 p90     0 (laden n    0 med     0 p90     0)  appetite held         0 J of         0  trips born-on-comb    0 (11 ants) / born-off    0 (9 ants)
                channel A: PEAK amt  34183 cells   72 (of 91 route)  POLARITY|| +0.22443 && +0.22242 SPAN +0.00323 edge   6.4  end nest->food [0,0,0,0,0]  nest   25  AtNest 33.08%
                Carrying: laden      9684  of which SPOIL      9684 (100.0%)
   90    5  mute    0/0            0        0     5100        0        0    0/20        0         12 4 4 0 0
                founded x   12..88   (nest cursor 48 MATERIAL x 26..70 11 of 20 founders born on it; food 138; nearest founder 50 cells out, farthest 126, nominal gap 90)  occupancy/1k [53 10 6 9 1 0 0 0]  carry->nest       0  born    0 died   20 (starved   19)
                own trail: route pk    0 end    0 along +0.0000  B nest->food [0,0,0,0,0]  blocked      350  kin swaps       0  ticks     13315  tumbles      3868 (homeward        0, 0.00%)  drops       0  chew parked      0 resumed      0 (        0 J)  DELIVERED     0  leg home n    0 med     0 p90     0 (laden n    0 med     0 p90     0)  appetite held         0 J of         0  trips born-on-comb    0 (11 ants) / born-off    0 (9 ants)
                channel A: PEAK amt  28393 cells   54 (of 91 route)  POLARITY|| +0.22165 && +0.23274 SPAN +0.01365 edge   6.1  end nest->food [0,0,0,0,0]  nest   25  AtNest 29.40%
                Carrying: laden      7458  of which SPOIL      7458 (100.0%)
   90    5 homeA    0/0            0        0     5100        0        0    0/20        0         11 8 0 1 0
                founded x   12..88   (nest cursor 48 MATERIAL x 26..70 11 of 20 founders born on it; food 138; nearest founder 50 cells out, farthest 126, nominal gap 90)  occupancy/1k [54 12 5 5 1 0 0 0]  carry->nest       0  born    0 died   20 (starved   19)
                own trail: route pk    0 end    0 along +0.0000  B nest->food [0,0,0,0,0]  blocked      473  kin swaps       0  ticks     13173  tumbles      3918 (homeward        0, 0.00%)  drops       0  chew parked      0 resumed      0 (        0 J)  DELIVERED     0  leg home n    0 med     0 p90     0 (laden n    0 med     0 p90     0)  appetite held         0 J of         0  trips born-on-comb    0 (11 ants) / born-off    0 (9 ants)
                channel A: PEAK amt  65535 cells   91 (of 91 route)  POLARITY|| +0.09915 && +0.09904 SPAN +0.01212 edge   0.9  end nest->food [0,0,0,0,0]  nest   25  AtNest 27.27%
                Carrying: laden     10650  of which SPOIL     10650 (100.0%)
   90    5 flatN    0/0            0        0     4770        0        0    0/20        0         10 5 2 3 0
                founded x   12..88   (nest cursor 48 MATERIAL x 26..70 11 of 20 founders born on it; food 138; nearest founder 50 cells out, farthest 126, nominal gap 90)  occupancy/1k [47 15 7 5 1 2 1 0]  carry->nest       0  born    0 died   20 (starved   19)
                own trail: route pk    0 end    0 along +0.0000  B nest->food [0,0,0,0,0]  blocked      616  kin swaps       0  ticks     13401  tumbles      4116 (homeward        0, 0.00%)  drops       0  chew parked      0 resumed      0 (        0 J)  DELIVERED     0  leg home n    0 med     0 p90     0 (laden n    0 med     0 p90     0)  appetite held         0 J of         0  trips born-on-comb    0 (11 ants) / born-off    0 (9 ants)
                channel A: PEAK amt  53025 cells   57 (of 91 route)  POLARITY|| +0.15865 && +0.14292 SPAN +0.00000 edge   6.1  end nest->food [0,0,0,0,0]  nest   25  AtNest 27.58%
                Carrying: laden     14298  of which SPOIL     14298 (100.0%)
   90    5 flatF    0/0            0        0     4620        0        0    0/20        0          9 8 3 0 0
                founded x   12..88   (nest cursor 48 MATERIAL x 26..70 11 of 20 founders born on it; food 138; nearest founder 50 cells out, farthest 126, nominal gap 90)  occupancy/1k [47 14 8 6 0 0 0 0]  carry->nest       0  born    0 died   20 (starved   19)
                own trail: route pk    0 end    0 along +0.0000  B nest->food [0,0,0,0,0]  blocked      454  kin swaps       0  ticks     12981  tumbles      3872 (homeward        0, 0.00%)  drops       0  chew parked      0 resumed      0 (        0 J)  DELIVERED     0  leg home n    0 med     0 p90     0 (laden n    0 med     0 p90     0)  appetite held         0 J of         0  trips born-on-comb    0 (11 ants) / born-off    0 (9 ants)
                channel A: PEAK amt  53025 cells   57 (of 91 route)  POLARITY|| -0.15865 && -0.14292 SPAN +0.00000 edge   6.1  end nest->food [0,0,0,0,0]  nest   25  AtNest 32.51%
                Carrying: laden     10200  of which SPOIL     10200 (100.0%)
   90    6  hand    0/0            0      528     8394     3672        0    3/20        0          8 4 3 4 1
                founded x   12..88   (nest cursor 48 MATERIAL x 26..70 11 of 20 founders born on it; food 138; nearest founder 50 cells out, farthest 126, nominal gap 90)  occupancy/1k [64 23 5 17 3 2 1 1]  carry->nest      19  born    0 died   20 (starved   19)
                own trail: route pk   14 end    0 along +0.0000  B nest->food [89,3092,6335,9573,8334]  blocked      111  kin swaps       0  ticks     20098  tumbles      8300 (homeward       38, 0.46%)  drops       0  chew parked      0 resumed      0 (        0 J)  DELIVERED     0  leg home n    0 med     0 p90     0 (laden n    0 med     0 p90     0)  appetite held         0 J of         0  trips born-on-comb    0 (11 ants) / born-off    0 (9 ants)
                channel A: PEAK amt   8627 cells   58 (of 91 route)  POLARITY|| +0.09147 && +0.05465 SPAN +0.00882 edge   8.8  end nest->food [0,0,0,0,0]  nest   25  AtNest 13.31%
                Carrying: laden      5214  of which SPOIL      1542 ( 29.6%)
   90    6 hmute    0/0         6233      528    23766    16752     1572   10/25        0          9 3 2 7 4
                founded x   12..88   (nest cursor 48 MATERIAL x 26..70 11 of 25 founders born on it; food 138; nearest founder 50 cells out, farthest 126, nominal gap 90)  occupancy/1k [63 23 11 20 7 4 4 9]  carry->nest      79  born    5 died   25 (starved   18)
                own trail: route pk    0 end    0 along +0.0000  B nest->food [89,3092,6331,9430,8290]  blocked      131  kin swaps       0  ticks     24067  tumbles      9811 (homeward      188, 1.92%)  drops       2  chew parked      5 resumed      4 (     1133 J)  DELIVERED     2  leg home n    0 med     0 p90     0 (laden n    0 med     0 p90     0)  appetite held         0 J of      6720  trips born-on-comb    0 (11 ants) / born-off    0 (14 ants)
                channel A: PEAK amt  14153 cells   58 (of 91 route)  POLARITY|| +0.04169 && +0.03351 SPAN +0.00370 edge   9.9  end nest->food [0,0,0,0,0]  nest   25  AtNest 12.96%
                Carrying: laden     19044  of which SPOIL      2418 ( 12.7%)
   90    6  self    0/0            0     2856     5814      282        0    1/20        0          9 6 4 1 0
                founded x   12..88   (nest cursor 48 MATERIAL x 26..70 11 of 20 founders born on it; food 138; nearest founder 50 cells out, farthest 126, nominal gap 90)  occupancy/1k [53 10 9 4 3 1 0 0]  carry->nest       8  born    0 died   20 (starved   20)
                own trail: route pk   20 end    0 along +0.0000  B nest->food [0,0,0,0,0]  blocked      499  kin swaps       0  ticks     13725  tumbles      4209 (homeward        5, 0.12%)  drops       0  chew parked      0 resumed      0 (        0 J)  DELIVERED     0  leg home n    0 med     0 p90     0 (laden n    0 med     0 p90     0)  appetite held         0 J of         0  trips born-on-comb    0 (11 ants) / born-off    0 (9 ants)
                channel A: PEAK amt  31307 cells   67 (of 91 route)  POLARITY|| +0.10479 && +0.07592 SPAN +0.00493 edge   6.7  end nest->food [0,0,0,0,0]  nest   25  AtNest 31.45%
                Carrying: laden     12834  of which SPOIL     12552 ( 97.8%)
   90    6  mute    0/0            0        0     5670        0        0    0/20        0          9 6 4 1 0
                founded x   12..88   (nest cursor 48 MATERIAL x 26..70 11 of 20 founders born on it; food 138; nearest founder 50 cells out, farthest 126, nominal gap 90)  occupancy/1k [56 8 6 5 3 1 0 0]  carry->nest       0  born    0 died   20 (starved   20)
                own trail: route pk    0 end    0 along +0.0000  B nest->food [0,0,0,0,0]  blocked      359  kin swaps       0  ticks     13645  tumbles      3986 (homeward        0, 0.00%)  drops       0  chew parked      0 resumed      0 (        0 J)  DELIVERED     0  leg home n    0 med     0 p90     0 (laden n    0 med     0 p90     0)  appetite held         0 J of         0  trips born-on-comb    0 (11 ants) / born-off    0 (9 ants)
                channel A: PEAK amt  29090 cells   70 (of 91 route)  POLARITY|| +0.14790 && +0.12286 SPAN +0.00215 edge   7.1  end nest->food [0,0,0,0,0]  nest   25  AtNest 32.34%
                Carrying: laden      9054  of which SPOIL      9054 (100.0%)
   90    6 homeA    0/0            0        0     5178        0        0    0/20        0         11 4 5 0 0
                founded x   12..88   (nest cursor 48 MATERIAL x 26..70 11 of 20 founders born on it; food 138; nearest founder 50 cells out, farthest 126, nominal gap 90)  occupancy/1k [56 10 10 4 1 0 0 0]  carry->nest       0  born    0 died   20 (starved   20)
                own trail: route pk    0 end    0 along +0.0000  B nest->food [0,0,0,0,0]  blocked      529  kin swaps       0  ticks     13770  tumbles      4176 (homeward        0, 0.00%)  drops       0  chew parked      0 resumed      0 (        0 J)  DELIVERED     0  leg home n    0 med     0 p90     0 (laden n    0 med     0 p90     0)  appetite held         0 J of         0  trips born-on-comb    0 (11 ants) / born-off    0 (9 ants)
                channel A: PEAK amt  62091 cells   91 (of 91 route)  POLARITY|| +0.09818 && +0.09807 SPAN +0.01387 edge   0.9  end nest->food [0,0,0,0,0]  nest   25  AtNest 29.27%
                Carrying: laden     11658  of which SPOIL     11658 (100.0%)
   90    6 flatN    0/0            0     2598     6012        0        0    1/20        0         10 5 4 1 0
                founded x   12..88   (nest cursor 48 MATERIAL x 26..70 11 of 20 founders born on it; food 138; nearest founder 50 cells out, farthest 126, nominal gap 90)  occupancy/1k [53 13 9 5 1 0 0 0]  carry->nest       0  born    0 died   20 (starved   20)
                own trail: route pk    0 end    0 along +0.0000  B nest->food [0,0,0,0,0]  blocked      493  kin swaps       0  ticks     14121  tumbles      4284 (homeward        0, 0.00%)  drops       0  chew parked      0 resumed      0 (        0 J)  DELIVERED     0  leg home n    0 med     0 p90     0 (laden n    0 med     0 p90     0)  appetite held         0 J of         0  trips born-on-comb    0 (11 ants) / born-off    0 (9 ants)
                channel A: PEAK amt  53025 cells   57 (of 91 route)  POLARITY|| +0.15865 && +0.14292 SPAN +0.00000 edge   6.1  end nest->food [0,0,0,0,0]  nest   25  AtNest 29.24%
                Carrying: laden     12390  of which SPOIL     12390 (100.0%)
   90    6 flatF    0/0            0     2814     5370      468        0    1/20        0         11 5 2 2 0
                founded x   12..88   (nest cursor 48 MATERIAL x 26..70 11 of 20 founders born on it; food 138; nearest founder 50 cells out, farthest 126, nominal gap 90)  occupancy/1k [56 11 7 4 1 0 0 0]  carry->nest       8  born    0 died   20 (starved   20)
                own trail: route pk    0 end    0 along +0.0000  B nest->food [0,0,0,0,0]  blocked      595  kin swaps       0  ticks     13826  tumbles      4238 (homeward        5, 0.12%)  drops       0  chew parked      0 resumed      0 (        0 J)  DELIVERED     0  leg home n    0 med     0 p90     0 (laden n    0 med     0 p90     0)  appetite held         0 J of         0  trips born-on-comb    0 (11 ants) / born-off    0 (9 ants)
                channel A: PEAK amt  53025 cells   57 (of 91 route)  POLARITY|| -0.15865 && -0.14292 SPAN +0.00000 edge   6.1  end nest->food [0,0,0,0,0]  nest   25  AtNest 28.69%
                Carrying: laden     11664  of which SPOIL     11196 ( 96.0%)
   90    7  hand    4/4         5268      540        0    39446        0    8/21        0          5 3 3 9 1
                founded x   12..88   (nest cursor 48 MATERIAL x 26..70 11 of 21 founders born on it; food 138; nearest founder 50 cells out, farthest 126, nominal gap 90)  occupancy/1k [49 29 10 12 15 44 36 33]  carry->nest     116  born    1 died   17 (starved   15)
                own trail: route pk   35 end   19 along -0.0296  B nest->food [89,3092,6580,9832,8310]  blocked      248  kin swaps       0  ticks     38399  tumbles     17071 (homeward      555, 3.25%)  drops       0  chew parked      5 resumed      2 (        3 J)  DELIVERED     0  leg home n    0 med     0 p90     0 (laden n    0 med     0 p90     0)  appetite held         0 J of     20160  trips born-on-comb    0 (11 ants) / born-off    0 (10 ants)
                channel A: PEAK amt  15256 cells   67 (of 91 route)  POLARITY|| +0.02756 && +0.03345 SPAN +0.01878 edge  15.7  end nest->food [0,0,0,0,0]  nest   25  AtNest 11.64%
                Carrying: laden     44973  of which SPOIL      5527 ( 12.3%)
   90    7 hmute    0/0         2052      540    12816    20034        0    7/20        0         5 2 3 10 0
                founded x   12..88   (nest cursor 48 MATERIAL x 26..70 11 of 20 founders born on it; food 138; nearest founder 50 cells out, farthest 126, nominal gap 90)  occupancy/1k [48 29 15 16 20 10 7 6]  carry->nest      91  born    0 died   20 (starved   17)
                own trail: route pk    0 end    0 along +0.0000  B nest->food [89,3092,6331,9430,8290]  blocked      242  kin swaps       0  ticks     25983  tumbles     10578 (homeward      225, 2.13%)  drops       0  chew parked      3 resumed      2 (        1 J)  DELIVERED     0  leg home n    0 med     0 p90     0 (laden n    0 med     0 p90     0)  appetite held         0 J of      8640  trips born-on-comb    0 (11 ants) / born-off    0 (9 ants)
                channel A: PEAK amt  16172 cells   83 (of 91 route)  POLARITY|| +0.04179 && +0.04518 SPAN +0.02017 edge  13.8  end nest->food [0,0,0,0,0]  nest   25  AtNest 16.70%
                Carrying: laden     25128  of which SPOIL      5094 ( 20.3%)
   90    7  self    0/0            0     2304     4446     1254        0    3/20        0         10 5 2 2 1
                founded x   12..88   (nest cursor 48 MATERIAL x 26..70 11 of 20 founders born on it; food 138; nearest founder 50 cells out, farthest 126, nominal gap 90)  occupancy/1k [46 13 5 8 2 0 0 1]  carry->nest      -1  born    0 died   20 (starved   20)
                own trail: route pk   23 end    0 along +0.0000  B nest->food [0,0,0,0,56]  blocked      391  kin swaps       0  ticks     13072  tumbles      3873 (homeward       16, 0.41%)  drops       0  chew parked      0 resumed      0 (        0 J)  DELIVERED     0  leg home n    0 med     0 p90     0 (laden n    0 med     0 p90     0)  appetite held         0 J of         0  trips born-on-comb    0 (11 ants) / born-off    0 (9 ants)
                channel A: PEAK amt  27540 cells   55 (of 91 route)  POLARITY|| +0.14856 && +0.12304 SPAN -0.00874 edge   6.5  end nest->food [0,0,0,0,0]  nest   25  AtNest 32.82%
                Carrying: laden      9486  of which SPOIL      8232 ( 86.8%)
   90    7  mute    0/0            0     2304     4776     3030        0    2/20        0         10 6 2 1 1
                founded x   12..88   (nest cursor 48 MATERIAL x 26..70 11 of 20 founders born on it; food 138; nearest founder 50 cells out, farthest 126, nominal gap 90)  occupancy/1k [49 12 6 6 1 0 1 2]  carry->nest      11  born    0 died   20 (starved   20)
                own trail: route pk    0 end    0 along +0.0000  B nest->food [0,0,0,0,0]  blocked      364  kin swaps       0  ticks     13459  tumbles      4056 (homeward       46, 1.13%)  drops       0  chew parked      0 resumed      0 (        0 J)  DELIVERED     0  leg home n    0 med     0 p90     0 (laden n    0 med     0 p90     0)  appetite held         0 J of         0  trips born-on-comb    0 (11 ants) / born-off    0 (9 ants)
                channel A: PEAK amt  31528 cells   87 (of 91 route)  POLARITY|| +0.14539 && +0.13309 SPAN +0.00549 edge   7.9  end nest->food [0,0,0,0,0]  nest   25  AtNest 29.49%
                Carrying: laden     12168  of which SPOIL      9138 ( 75.1%)
   90    7 homeA    0/0            0     2790     4710     1146        0    1/20        0          9 8 2 1 0
                founded x   12..88   (nest cursor 48 MATERIAL x 26..70 11 of 20 founders born on it; food 138; nearest founder 50 cells out, farthest 126, nominal gap 90)  occupancy/1k [46 14 9 5 1 0 0 0]  carry->nest      46  born    0 died   20 (starved   20)
                own trail: route pk    0 end    0 along +0.0000  B nest->food [0,0,52,18,0]  blocked      436  kin swaps       0  ticks     13032  tumbles      3886 (homeward        2, 0.05%)  drops       0  chew parked      0 resumed      0 (        0 J)  DELIVERED     0  leg home n    0 med     0 p90     0 (laden n    0 med     0 p90     0)  appetite held         0 J of         0  trips born-on-comb    0 (11 ants) / born-off    0 (9 ants)
                channel A: PEAK amt  65535 cells   91 (of 91 route)  POLARITY|| +0.09832 && +0.09821 SPAN +0.01156 edge   0.9  end nest->food [0,0,0,0,0]  nest   25  AtNest 33.03%
                Carrying: laden     11616  of which SPOIL     10470 ( 90.1%)
   90    7 flatN    0/0            0     3210     4926      378        0    1/20        0         11 6 2 0 1
                founded x   12..88   (nest cursor 48 MATERIAL x 26..70 11 of 20 founders born on it; food 138; nearest founder 50 cells out, farthest 126, nominal gap 90)  occupancy/1k [53 12 7 5 1 0 0 0]  carry->nest      -3  born    0 died   20 (starved   20)
                own trail: route pk    0 end    0 along +0.0000  B nest->food [0,0,0,0,0]  blocked      365  kin swaps       0  ticks     13450  tumbles      3921 (homeward        3, 0.08%)  drops       0  chew parked      0 resumed      0 (        0 J)  DELIVERED     0  leg home n    0 med     0 p90     0 (laden n    0 med     0 p90     0)  appetite held         0 J of         0  trips born-on-comb    0 (11 ants) / born-off    0 (9 ants)
                channel A: PEAK amt  53025 cells   57 (of 91 route)  POLARITY|| +0.15865 && +0.14292 SPAN +0.00000 edge   6.1  end nest->food [0,0,0,0,0]  nest   25  AtNest 29.32%
                Carrying: laden      9276  of which SPOIL      8898 ( 95.9%)
   90    7 flatF    1/1         1848     2520        0    10470        0    2/21        0          9 8 2 2 0
                founded x   12..88   (nest cursor 48 MATERIAL x 26..70 11 of 21 founders born on it; food 138; nearest founder 50 cells out, farthest 126, nominal gap 90)  occupancy/1k [50 11 9 6 8 7 2 6]  carry->nest      23  born    1 died   20 (starved   20)
                own trail: route pk    0 end    0 along +0.0000  B nest->food [0,0,0,0,0]  blocked      389  kin swaps       0  ticks     17078  tumbles      5446 (homeward      157, 2.88%)  drops       0  chew parked      1 resumed      0 (        0 J)  DELIVERED     0  leg home n    0 med     0 p90     0 (laden n    0 med     0 p90     0)  appetite held         0 J of      5760  trips born-on-comb    0 (11 ants) / born-off    0 (10 ants)
                channel A: PEAK amt  53025 cells   57 (of 91 route)  POLARITY|| -0.14244 && -0.13007 SPAN -0.00191 edge   6.7  end nest->food [0,0,0,0,0]  nest   25  AtNest 25.52%
                Carrying: laden     20418  of which SPOIL      9948 ( 48.7%)
   90    8  hand    2/1        11065      576        0    30972        0   15/29        0         4 3 7 15 0
                founded x   12..88   (nest cursor 48 MATERIAL x 26..70 11 of 29 founders born on it; food 138; nearest founder 50 cells out, farthest 126, nominal gap 90)  occupancy/1k [25 35 13 9 9 1 26 25]  carry->nest     121  born    9 died   27 (starved   19)
                own trail: route pk   17 end   16 along -0.0921  B nest->food [89,3092,6361,9665,8323]  blocked      245  kin swaps       0  ticks     24274  tumbles     10612 (homeward      409, 3.85%)  drops       0  chew parked      2 resumed      1 (        1 J)  DELIVERED     0  leg home n    0 med     0 p90     0 (laden n    0 med     0 p90     0)  appetite held         0 J of     10560  trips born-on-comb    0 (11 ants) / born-off    0 (18 ants)
                channel A: PEAK amt  13216 cells   68 (of 91 route)  POLARITY|| +0.03424 && +0.06790 SPAN +0.00714 edge  10.0  end nest->food [0,0,0,0,0]  nest   25  AtNest  4.75%
                Carrying: laden     35772  of which SPOIL     11778 ( 32.9%)
   90    8 hmute  306/2      3770793      576        0  1060676      854 2999/3038      3     9 8 2 987 2032
                founded x   12..88   (nest cursor 48 MATERIAL x 26..70 11 of 3038 founders born on it; food 138; nearest founder 50 cells out, farthest 126, nominal gap 90)  occupancy/1k [26 41 14 31 54 95 161 1629]  carry->nest     227  born 3019 died 2653 (starved   21)
                own trail: route pk   91 end   90 along -0.0841  B nest->food [89,3094,6451,9913,9421]  blocked    21042  kin swaps       0  ticks    549825  tumbles    220259 (homeward    11467, 5.21%)  drops      11  chew parked    134 resumed     42 (      662 J)  DELIVERED    11  leg home n    3 med   541 p90  1425 (laden n    3 med   541 p90  1425)  appetite held         0 J of    328320  trips born-on-comb    0 (11 ants) / born-off    3 (3027 ants)
                channel A: PEAK amt  10750 cells   81 (of 91 route)  POLARITY|| -0.00137 && +0.00174 SPAN -0.00120 edge  10.9  end nest->food [0,0,0,2020,48]  nest   25  AtNest  0.37%
                Carrying: laden   1067459  of which SPOIL      9799 (  0.9%)
   90    8  self    0/0          228     2670     9240     3888        0    3/20        0         12 3 1 4 0
                founded x   12..88   (nest cursor 48 MATERIAL x 26..70 11 of 20 founders born on it; food 138; nearest founder 50 cells out, farthest 126, nominal gap 90)  occupancy/1k [44 11 5 7 3 2 7 8]  carry->nest      44  born    0 died   20 (starved   20)
                own trail: route pk   47 end    0 along +0.0000  B nest->food [0,0,1,18,0]  blocked      380  kin swaps       0  ticks     15011  tumbles      4812 (homeward       34, 0.71%)  drops       0  chew parked      1 resumed      1 (        0 J)  DELIVERED     0  leg home n    0 med     0 p90     0 (laden n    0 med     0 p90     0)  appetite held         0 J of       960  trips born-on-comb    0 (11 ants) / born-off    0 (9 ants)
                channel A: PEAK amt  28438 cells   82 (of 91 route)  POLARITY|| +0.08925 && +0.07290 SPAN -0.00371 edge  11.5  end nest->food [0,0,0,0,0]  nest   25  AtNest 25.03%
                Carrying: laden     13344  of which SPOIL      9456 ( 70.9%)
   90    8  mute    0/0            0     3702     6018     2334        0    1/20        0         11 5 3 1 0
                founded x   12..88   (nest cursor 48 MATERIAL x 26..70 11 of 20 founders born on it; food 138; nearest founder 50 cells out, farthest 126, nominal gap 90)  occupancy/1k [42 12 11 7 3 1 0 0]  carry->nest      46  born    0 died   20 (starved   20)
                own trail: route pk    0 end    0 along +0.0000  B nest->food [0,0,0,0,0]  blocked      525  kin swaps       0  ticks     13272  tumbles      4063 (homeward       23, 0.57%)  drops       0  chew parked      0 resumed      0 (        0 J)  DELIVERED     0  leg home n    0 med     0 p90     0 (laden n    0 med     0 p90     0)  appetite held         0 J of         0  trips born-on-comb    0 (11 ants) / born-off    0 (9 ants)
                channel A: PEAK amt  27632 cells   64 (of 91 route)  POLARITY|| +0.13654 && +0.11169 SPAN +0.00142 edge   8.0  end nest->food [0,0,0,0,0]  nest   25  AtNest 28.34%
                Carrying: laden     13842  of which SPOIL     11508 ( 83.1%)
   90    8 homeA    0/0            0     3660     6438     1848        0    1/20        0         11 5 1 3 0
                founded x   12..88   (nest cursor 48 MATERIAL x 26..70 11 of 20 founders born on it; food 138; nearest founder 50 cells out, farthest 126, nominal gap 90)  occupancy/1k [44 12 6 11 6 2 1 0]  carry->nest      39  born    0 died   20 (starved   20)
                own trail: route pk    0 end    0 along +0.0000  B nest->food [0,0,105,19,0]  blocked      451  kin swaps       0  ticks     14124  tumbles      4471 (homeward       11, 0.25%)  drops       0  chew parked      0 resumed      0 (        0 J)  DELIVERED     0  leg home n    0 med     0 p90     0 (laden n    0 med     0 p90     0)  appetite held         0 J of         0  trips born-on-comb    0 (11 ants) / born-off    0 (9 ants)
                channel A: PEAK amt  65535 cells   91 (of 91 route)  POLARITY|| +0.09782 && +0.09770 SPAN +0.01690 edge   0.9  end nest->food [0,0,0,0,0]  nest   25  AtNest 23.15%
                Carrying: laden     12576  of which SPOIL     10728 ( 85.3%)
   90    8 flatN    0/0            0     3024     5118     1596      102    3/20        1          9 5 3 3 0
                founded x   12..88   (nest cursor 48 MATERIAL x 26..70 11 of 20 founders born on it; food 138; nearest founder 50 cells out, farthest 126, nominal gap 90)  occupancy/1k [41 12 7 11 2 1 0 0]  carry->nest      53  born    0 died   20 (starved   19)
                own trail: route pk    0 end    0 along +0.0000  B nest->food [0,0,0,0,0]  blocked      389  kin swaps       0  ticks     13252  tumbles      3908 (homeward        8, 0.20%)  drops       0  chew parked      0 resumed      0 (        0 J)  DELIVERED     0  leg home n    1 med   709 p90   709 (laden n    1 med   709 p90   709)  appetite held         0 J of         0  trips born-on-comb    0 (11 ants) / born-off    1 (9 ants)
                channel A: PEAK amt  53025 cells   57 (of 91 route)  POLARITY|| +0.15865 && +0.14292 SPAN +0.00000 edge   6.1  end nest->food [0,0,0,0,0]  nest   25  AtNest 27.48%
                Carrying: laden     11556  of which SPOIL      9960 ( 86.2%)
   90    8 flatF    0/0          228     3294    10842     1740        0    2/20        1         13 1 4 2 0
                founded x   12..88   (nest cursor 48 MATERIAL x 26..70 11 of 20 founders born on it; food 138; nearest founder 50 cells out, farthest 126, nominal gap 90)  occupancy/1k [45 10 9 9 8 2 1 0]  carry->nest      31  born    0 died   20 (starved   20)
                own trail: route pk    0 end    0 along +0.0000  B nest->food [0,0,0,0,0]  blocked      460  kin swaps       0  ticks     14674  tumbles      4335 (homeward        9, 0.21%)  drops       0  chew parked      1 resumed      0 (        0 J)  DELIVERED     0  leg home n    1 med  4837 p90  4837 (laden n    0 med     0 p90     0)  appetite held         0 J of       960  trips born-on-comb    0 (11 ants) / born-off    1 (9 ants)
                channel A: PEAK amt  53025 cells   57 (of 91 route)  POLARITY|| -0.15865 && -0.14292 SPAN +0.00000 edge   6.1  end nest->food [0,0,0,0,0]  nest   25  AtNest 26.52%
                Carrying: laden     12978  of which SPOIL     11238 ( 86.6%)
   90    9  hand    0/0         4152      660    20922    25347        0   10/21        0         7 4 0 10 0
                founded x   12..88   (nest cursor 48 MATERIAL x 26..70 11 of 21 founders born on it; food 138; nearest founder 50 cells out, farthest 126, nominal gap 90)  occupancy/1k [59 10 19 10 16 26 49 21]  carry->nest      74  born    1 died   21 (starved   19)
                own trail: route pk   37 end    0 along +0.0000  B nest->food [89,3092,6564,9914,8292]  blocked      167  kin swaps       0  ticks     35977  tumbles     15451 (homeward      288, 1.86%)  drops       0  chew parked      5 resumed      0 (        0 J)  DELIVERED     0  leg home n    0 med     0 p90     0 (laden n    0 med     0 p90     0)  appetite held         0 J of     13440  trips born-on-comb    0 (11 ants) / born-off    0 (10 ants)
                channel A: PEAK amt  10416 cells   77 (of 91 route)  POLARITY|| +0.02093 && +0.00767 SPAN -0.00189 edge  13.1  end nest->food [0,0,0,0,0]  nest   25  AtNest  3.90%
                Carrying: laden     27657  of which SPOIL      2310 (  8.4%)
   90    9 hmute  588/19     8181930      660        0  2210499    14948 6393/6531     29 13 14 29 2212 4263
                founded x   12..88   (nest cursor 48 MATERIAL x 26..70 11 of 6531 founders born on it; food 138; nearest founder 50 cells out, farthest 126, nominal gap 90)  occupancy/1k [81 77 177 165 246 360 599 3585]  carry->nest       2  born 6531 died 5769 (starved   68)
                own trail: route pk   18 end    2 along -0.0173  B nest->food [89,3092,6331,9432,8313]  blocked    63133  kin swaps       0  ticks   1123613  tumbles    437916 (homeward    17118, 3.91%)  drops     275  chew parked    581 resumed    255 (    80972 J)  DELIVERED   253  leg home n   29 med  1653 p90  2733 (laden n   20 med  1546 p90  2372)  appetite held         0 J of    964800  trips born-on-comb    0 (21 ants) / born-off   29 (6510 ants)
                channel A: PEAK amt  21112 cells   91 (of 91 route)  POLARITY|| +0.00079 && +0.00906 SPAN +0.00753 edge   9.4  end nest->food [944,10265,53,343,45]  nest   25  AtNest  0.80%
                Carrying: laden   2245759  of which SPOIL     41870 (  1.9%)
   90    9  self    0/0            0     3186     4650      828        0    1/20        0         12 4 3 1 0
                founded x   12..88   (nest cursor 48 MATERIAL x 26..70 11 of 20 founders born on it; food 138; nearest founder 50 cells out, farthest 126, nominal gap 90)  occupancy/1k [54 7 11 4 2 0 0 0]  carry->nest      21  born    0 died   20 (starved   20)
                own trail: route pk   32 end    0 along +0.0000  B nest->food [0,0,0,110,0]  blocked      601  kin swaps       0  ticks     13710  tumbles      4131 (homeward        6, 0.15%)  drops       0  chew parked      0 resumed      0 (        0 J)  DELIVERED     0  leg home n    0 med     0 p90     0 (laden n    0 med     0 p90     0)  appetite held         0 J of         0  trips born-on-comb    0 (11 ants) / born-off    0 (9 ants)
                channel A: PEAK amt  29970 cells   51 (of 91 route)  POLARITY|| +0.17105 && +0.14702 SPAN +0.00425 edge   6.5  end nest->food [0,0,0,0,0]  nest   25  AtNest 29.68%
                Carrying: laden     12402  of which SPOIL     11574 ( 93.3%)
   90    9  mute    0/0            0     3870     4632      144        0    1/20        0         11 7 1 1 0
                founded x   12..88   (nest cursor 48 MATERIAL x 26..70 11 of 20 founders born on it; food 138; nearest founder 50 cells out, farthest 126, nominal gap 90)  occupancy/1k [46 12 13 5 2 0 0 0]  carry->nest      -1  born    0 died   20 (starved   20)
                own trail: route pk    0 end    0 along +0.0000  B nest->food [0,0,0,0,0]  blocked      395  kin swaps       0  ticks     13469  tumbles      3813 (homeward        2, 0.05%)  drops       0  chew parked      0 resumed      0 (        0 J)  DELIVERED     0  leg home n    0 med     0 p90     0 (laden n    0 med     0 p90     0)  appetite held         0 J of         0  trips born-on-comb    0 (11 ants) / born-off    0 (9 ants)
                channel A: PEAK amt  35703 cells   48 (of 91 route)  POLARITY|| +0.14067 && +0.11290 SPAN +0.00272 edge   6.5  end nest->food [0,0,0,0,0]  nest   25  AtNest 28.07%
                Carrying: laden      8076  of which SPOIL      7932 ( 98.2%)
   90    9 homeA    0/0            0        0     4764        0        0    0/20        0         11 6 1 2 0
                founded x   12..88   (nest cursor 48 MATERIAL x 26..70 11 of 20 founders born on it; food 138; nearest founder 50 cells out, farthest 126, nominal gap 90)  occupancy/1k [52 9 9 7 2 0 0 0]  carry->nest       0  born    0 died   20 (starved   20)
                own trail: route pk    0 end    0 along +0.0000  B nest->food [0,0,0,0,0]  blocked      445  kin swaps       0  ticks     13660  tumbles      4001 (homeward        0, 0.00%)  drops       0  chew parked      0 resumed      0 (        0 J)  DELIVERED     0  leg home n    0 med     0 p90     0 (laden n    0 med     0 p90     0)  appetite held         0 J of         0  trips born-on-comb    0 (11 ants) / born-off    0 (9 ants)
                channel A: PEAK amt  65535 cells   91 (of 91 route)  POLARITY|| +0.09898 && +0.09887 SPAN +0.01603 edge   0.9  end nest->food [0,0,0,0,0]  nest   25  AtNest 29.38%
                Carrying: laden     10644  of which SPOIL     10644 (100.0%)
   90    9 flatN    0/0            0     3582     4734      438        0    1/20        0         12 5 2 0 1
                founded x   12..88   (nest cursor 48 MATERIAL x 26..70 11 of 20 founders born on it; food 138; nearest founder 50 cells out, farthest 126, nominal gap 90)  occupancy/1k [59 6 8 4 3 0 0 0]  carry->nest     -11  born    0 died   20 (starved   20)
                own trail: route pk    0 end    0 along +0.0000  B nest->food [0,0,0,0,0]  blocked      374  kin swaps       0  ticks     13782  tumbles      3903 (homeward        4, 0.10%)  drops       0  chew parked      0 resumed      0 (        0 J)  DELIVERED     0  leg home n    0 med     0 p90     0 (laden n    0 med     0 p90     0)  appetite held         0 J of         0  trips born-on-comb    0 (11 ants) / born-off    0 (9 ants)
                channel A: PEAK amt  53025 cells   57 (of 91 route)  POLARITY|| +0.15865 && +0.14292 SPAN +0.00000 edge   6.1  end nest->food [0,0,0,0,0]  nest   25  AtNest 27.72%
                Carrying: laden      8532  of which SPOIL      8094 ( 94.9%)
   90    9 flatF    0/0            0        0     4734        0        0    0/20        0         12 5 3 0 0
                founded x   12..88   (nest cursor 48 MATERIAL x 26..70 11 of 20 founders born on it; food 138; nearest founder 50 cells out, farthest 126, nominal gap 90)  occupancy/1k [58 9 9 3 1 0 0 0]  carry->nest       0  born    0 died   20 (starved   20)
                own trail: route pk    0 end    0 along +0.0000  B nest->food [0,0,0,0,0]  blocked      416  kin swaps       0  ticks     13702  tumbles      3921 (homeward        0, 0.00%)  drops       0  chew parked      0 resumed      0 (        0 J)  DELIVERED     0  leg home n    0 med     0 p90     0 (laden n    0 med     0 p90     0)  appetite held         0 J of         0  trips born-on-comb    0 (11 ants) / born-off    0 (9 ants)
                channel A: PEAK amt  53025 cells   57 (of 91 route)  POLARITY|| -0.15865 && -0.14292 SPAN +0.00000 edge   6.1  end nest->food [0,0,0,0,0]  nest   25  AtNest 32.35%
                Carrying: laden      7746  of which SPOIL      7746 (100.0%)
   90   10  hand    0/0         2052      696    13530    17898        0    4/20        0          2 4 6 8 0
                founded x   12..88   (nest cursor 48 MATERIAL x 26..70 11 of 20 founders born on it; food 138; nearest founder 50 cells out, farthest 126, nominal gap 90)  occupancy/1k [63 6 12 13 47 28 8 2]  carry->nest     101  born    0 died   20 (starved   18)
                own trail: route pk   32 end    0 along +0.0000  B nest->food [89,3092,6495,9661,8293]  blocked      142  kin swaps       0  ticks     30559  tumbles     13137 (homeward      204, 1.55%)  drops       0  chew parked      3 resumed      1 (        1 J)  DELIVERED     0  leg home n    0 med     0 p90     0 (laden n    0 med     0 p90     0)  appetite held         0 J of      8640  trips born-on-comb    0 (11 ants) / born-off    0 (9 ants)
                channel A: PEAK amt  13449 cells   73 (of 91 route)  POLARITY|| +0.03689 && +0.02893 SPAN +0.00073 edge  13.8  end nest->food [0,0,0,0,0]  nest   25  AtNest  6.36%
                Carrying: laden     20586  of which SPOIL      2688 ( 13.1%)
   90   10 hmute    3/2        10744      696        0    49078        0   14/26        2         4 6 2 14 0
                founded x   12..88   (nest cursor 48 MATERIAL x 26..70 11 of 26 founders born on it; food 138; nearest founder 50 cells out, farthest 126, nominal gap 90)  occupancy/1k [63 3 15 16 9 16 39 38]  carry->nest      77  born    6 died   23 (starved   14)
                own trail: route pk    0 end    0 along +0.0000  B nest->food [89,3092,6331,9430,8290]  blocked      196  kin swaps       0  ticks     33936  tumbles     14425 (homeward      544, 3.77%)  drops       0  chew parked      8 resumed      6 (        5 J)  DELIVERED     0  leg home n    2 med 16981 p90 16981 (laden n    0 med     0 p90     0)  appetite held         0 J of     24000  trips born-on-comb    0 (11 ants) / born-off    2 (15 ants)
                channel A: PEAK amt  13023 cells   69 (of 91 route)  POLARITY|| +0.02527 && +0.02304 SPAN +0.00964 edge  16.6  end nest->food [0,0,0,0,0]  nest   25  AtNest  6.97%
                Carrying: laden     54293  of which SPOIL      8701 ( 16.0%)
   90   10  self    0/0            0     2700     4836     1278        0    3/20        0         11 5 1 2 1
                founded x   12..88   (nest cursor 48 MATERIAL x 26..70 11 of 20 founders born on it; food 138; nearest founder 50 cells out, farthest 126, nominal gap 90)  occupancy/1k [50 11 6 3 1 2 1 1]  carry->nest      23  born    0 died   20 (starved   20)
                own trail: route pk   36 end    0 along +0.0000  B nest->food [0,0,0,24,27]  blocked      306  kin swaps       0  ticks     13194  tumbles      3813 (homeward       20, 0.52%)  drops       0  chew parked      0 resumed      0 (        0 J)  DELIVERED     0  leg home n    0 med     0 p90     0 (laden n    0 med     0 p90     0)  appetite held         0 J of         0  trips born-on-comb    0 (11 ants) / born-off    0 (9 ants)
                channel A: PEAK amt  20381 cells   84 (of 91 route)  POLARITY|| +0.12034 && +0.09282 SPAN +0.00636 edge   6.9  end nest->food [0,0,0,0,0]  nest   25  AtNest 29.07%
                Carrying: laden      9186  of which SPOIL      7908 ( 86.1%)
   90   10  mute    0/0            0     2700     4788      936        0    3/20        0         12 5 0 3 0
                founded x   12..88   (nest cursor 48 MATERIAL x 26..70 11 of 20 founders born on it; food 138; nearest founder 50 cells out, farthest 126, nominal gap 90)  occupancy/1k [51 12 4 3 1 2 0 1]  carry->nest       0  born    0 died   20 (starved   19)
                own trail: route pk    0 end    0 along +0.0000  B nest->food [0,0,0,0,0]  blocked      293  kin swaps       0  ticks     12962  tumbles      3732 (homeward        7, 0.19%)  drops       0  chew parked      0 resumed      0 (        0 J)  DELIVERED     0  leg home n    0 med     0 p90     0 (laden n    0 med     0 p90     0)  appetite held         0 J of         0  trips born-on-comb    0 (11 ants) / born-off    0 (9 ants)
                channel A: PEAK amt  25570 cells   79 (of 91 route)  POLARITY|| +0.12602 && +0.09711 SPAN +0.00475 edge   8.0  end nest->food [0,0,0,0,0]  nest   25  AtNest 30.64%
                Carrying: laden     10062  of which SPOIL      9384 ( 93.3%)
   90   10 homeA    0/0         1164     1938     8700     7776        0    2/21        0         13 3 3 2 0
                founded x   12..88   (nest cursor 48 MATERIAL x 26..70 11 of 21 founders born on it; food 138; nearest founder 50 cells out, farthest 126, nominal gap 90)  occupancy/1k [60 7 8 2 2 1 0 5]  carry->nest      64  born    1 died   21 (starved   21)
                own trail: route pk   60 end    0 along +0.0000  B nest->food [0,0,37,66,0]  blocked      394  kin swaps       0  ticks     14873  tumbles      4478 (homeward      133, 2.97%)  drops       0  chew parked      0 resumed      0 (        0 J)  DELIVERED     0  leg home n    0 med     0 p90     0 (laden n    0 med     0 p90     0)  appetite held         0 J of      2880  trips born-on-comb    0 (11 ants) / born-off    0 (10 ants)
                channel A: PEAK amt  64537 cells   91 (of 91 route)  POLARITY|| +0.09866 && +0.09854 SPAN +0.01159 edge   0.9  end nest->food [0,0,0,0,0]  nest   25  AtNest 27.66%
                Carrying: laden     16590  of which SPOIL      8814 ( 53.1%)
   90   10 flatN    0/0            0     1938     5070      144        0    2/20        0         13 3 1 3 0
                founded x   12..88   (nest cursor 48 MATERIAL x 26..70 11 of 20 founders born on it; food 138; nearest founder 50 cells out, farthest 126, nominal gap 90)  occupancy/1k [56 7 7 4 3 1 0 0]  carry->nest      -3  born    0 died   20 (starved   19)
                own trail: route pk    0 end    0 along +0.0000  B nest->food [0,0,0,0,0]  blocked      450  kin swaps       0  ticks     13599  tumbles      3974 (homeward        1, 0.03%)  drops       0  chew parked      0 resumed      0 (        0 J)  DELIVERED     0  leg home n    0 med     0 p90     0 (laden n    0 med     0 p90     0)  appetite held         0 J of         0  trips born-on-comb    0 (11 ants) / born-off    0 (9 ants)
                channel A: PEAK amt  53025 cells   57 (of 91 route)  POLARITY|| +0.15865 && +0.14292 SPAN +0.00000 edge   6.1  end nest->food [0,0,0,0,0]  nest   25  AtNest 27.42%
                Carrying: laden      8256  of which SPOIL      8112 ( 98.3%)
   90   10 flatF    0/0         2328     1866    10038    10086        0    5/22        0         12 2 3 5 0
                founded x   12..88   (nest cursor 48 MATERIAL x 26..70 11 of 22 founders born on it; food 138; nearest founder 50 cells out, farthest 126, nominal gap 90)  occupancy/1k [55 8 6 4 1 3 4 6]  carry->nest      46  born    2 died   22 (starved   21)
                own trail: route pk    0 end    0 along +0.0000  B nest->food [0,0,0,0,0]  blocked      439  kin swaps       0  ticks     15271  tumbles      4609 (homeward      158, 3.43%)  drops       0  chew parked      0 resumed      0 (        0 J)  DELIVERED     0  leg home n    0 med     0 p90     0 (laden n    0 med     0 p90     0)  appetite held         0 J of      2880  trips born-on-comb    0 (11 ants) / born-off    0 (11 ants)
                channel A: PEAK amt  53025 cells   57 (of 91 route)  POLARITY|| -0.15699 && -0.14322 SPAN -0.00030 edge   6.1  end nest->food [0,0,0,0,0]  nest   25  AtNest 22.76%
                Carrying: laden     19128  of which SPOIL      9042 ( 47.3%)
   90   11  hand    2/2        43657      756        0    50789        0   45/57        0         2 6 2 38 9
                founded x   12..88   (nest cursor 48 MATERIAL x 26..70 11 of 57 founders born on it; food 138; nearest founder 50 cells out, farthest 126, nominal gap 90)  occupancy/1k [34 25 10 13 6 17 79 81]  carry->nest     152  born   37 died   51 (starved   19)
                own trail: route pk   40 end   27 along -0.0650  B nest->food [89,3092,6348,9932,8318]  blocked      251  kin swaps       0  ticks     44662  tumbles     20061 (homeward      628, 3.13%)  drops       0  chew parked      6 resumed      4 (        2 J)  DELIVERED     0  leg home n    0 med     0 p90     0 (laden n    0 med     0 p90     0)  appetite held         0 J of     24000  trips born-on-comb    0 (11 ants) / born-off    0 (46 ants)
                channel A: PEAK amt   9997 cells   86 (of 91 route)  POLARITY|| +0.02261 && +0.03293 SPAN +0.00423 edge  10.8  end nest->food [0,0,0,0,0]  nest   25  AtNest  4.44%
                Carrying: laden     55883  of which SPOIL      5094 (  9.1%)
   90   11 hmute    6/5         9055      756        0    60787        0   12/23        2         6 2 1 14 0
                founded x   12..88   (nest cursor 48 MATERIAL x 26..70 11 of 23 founders born on it; food 138; nearest founder 50 cells out, farthest 126, nominal gap 90)  occupancy/1k [38 26 10 16 18 14 83 31]  carry->nest     142  born    3 died   17 (starved   15)
                own trail: route pk    0 end    0 along +0.0000  B nest->food [89,3092,6331,9430,8290]  blocked      248  kin swaps       0  ticks     39819  tumbles     16541 (homeward      791, 4.78%)  drops       0  chew parked     11 resumed      6 (        6 J)  DELIVERED     0  leg home n    2 med  6691 p90  6691 (laden n    0 med     0 p90     0)  appetite held         0 J of     30720  trips born-on-comb    0 (11 ants) / born-off    2 (12 ants)
                channel A: PEAK amt   9953 cells   79 (of 91 route)  POLARITY|| +0.02097 && +0.02538 SPAN +0.00714 edge  14.9  end nest->food [0,0,0,0,0]  nest   25  AtNest  3.40%
                Carrying: laden     67087  of which SPOIL      6300 (  9.4%)
   90   11  self    0/0            0        0     5070        0        0    0/20        0         14 1 4 1 0
                founded x   12..88   (nest cursor 48 MATERIAL x 26..70 11 of 20 founders born on it; food 138; nearest founder 50 cells out, farthest 126, nominal gap 90)  occupancy/1k [49 8 4 8 5 3 0 0]  carry->nest       0  born    0 died   20 (starved   20)
                own trail: route pk    0 end    0 along +0.0000  B nest->food [0,0,0,0,0]  blocked      458  kin swaps       0  ticks     13120  tumbles      3807 (homeward        0, 0.00%)  drops       0  chew parked      0 resumed      0 (        0 J)  DELIVERED     0  leg home n    0 med     0 p90     0 (laden n    0 med     0 p90     0)  appetite held         0 J of         0  trips born-on-comb    0 (11 ants) / born-off    0 (9 ants)
                channel A: PEAK amt  23057 cells   67 (of 91 route)  POLARITY|| +0.16053 && +0.12589 SPAN -0.00020 edge   8.0  end nest->food [0,0,0,0,0]  nest   25  AtNest 28.70%
                Carrying: laden     11784  of which SPOIL     11784 (100.0%)
   90   11  mute    0/0            0        0     5004        0        0    0/20        0         12 4 4 0 0
                founded x   12..88   (nest cursor 48 MATERIAL x 26..70 11 of 20 founders born on it; food 138; nearest founder 50 cells out, farthest 126, nominal gap 90)  occupancy/1k [48 10 5 8 5 0 0 0]  carry->nest       0  born    0 died   20 (starved   20)
                own trail: route pk    0 end    0 along +0.0000  B nest->food [0,0,0,0,0]  blocked      395  kin swaps       0  ticks     13247  tumbles      3793 (homeward        0, 0.00%)  drops       0  chew parked      0 resumed      0 (        0 J)  DELIVERED     0  leg home n    0 med     0 p90     0 (laden n    0 med     0 p90     0)  appetite held         0 J of         0  trips born-on-comb    0 (11 ants) / born-off    0 (9 ants)
                channel A: PEAK amt  26061 cells   47 (of 91 route)  POLARITY|| +0.15981 && +0.12596 SPAN -0.01004 edge   6.9  end nest->food [0,0,0,0,0]  nest   25  AtNest 29.04%
                Carrying: laden      9342  of which SPOIL      9342 (100.0%)
   90   11 homeA    0/0            0     3018     5166      540        0    2/20        0         10 4 3 3 0
                founded x   12..88   (nest cursor 48 MATERIAL x 26..70 11 of 20 founders born on it; food 138; nearest founder 50 cells out, farthest 126, nominal gap 90)  occupancy/1k [45 7 8 11 5 1 2 0]  carry->nest      12  born    0 died   20 (starved   20)
                own trail: route pk    0 end    0 along +0.0000  B nest->food [0,0,0,0,0]  blocked      439  kin swaps       0  ticks     13574  tumbles      3934 (homeward        9, 0.23%)  drops       0  chew parked      0 resumed      0 (        0 J)  DELIVERED     0  leg home n    0 med     0 p90     0 (laden n    0 med     0 p90     0)  appetite held         0 J of         0  trips born-on-comb    0 (11 ants) / born-off    0 (9 ants)
                channel A: PEAK amt  64040 cells   91 (of 91 route)  POLARITY|| +0.09845 && +0.09833 SPAN +0.01064 edge   0.9  end nest->food [0,0,0,0,0]  nest   25  AtNest 24.56%
                Carrying: laden     11202  of which SPOIL     10662 ( 95.2%)
   90   11 flatN    0/0            0     3006     4656     2298        0    2/20        0          9 5 4 2 0
                founded x   12..88   (nest cursor 48 MATERIAL x 26..70 11 of 20 founders born on it; food 138; nearest founder 50 cells out, farthest 126, nominal gap 90)  occupancy/1k [41 13 8 11 4 0 0 0]  carry->nest      99  born    0 died   20 (starved   20)
                own trail: route pk    0 end    0 along +0.0000  B nest->food [0,0,0,0,0]  blocked      468  kin swaps       0  ticks     13509  tumbles      3932 (homeward       26, 0.66%)  drops       0  chew parked      0 resumed      0 (        0 J)  DELIVERED     0  leg home n    0 med     0 p90     0 (laden n    0 med     0 p90     0)  appetite held         0 J of         0  trips born-on-comb    0 (11 ants) / born-off    0 (9 ants)
                channel A: PEAK amt  53025 cells   57 (of 91 route)  POLARITY|| +0.15865 && +0.14292 SPAN +0.00000 edge   6.1  end nest->food [0,0,0,0,0]  nest   25  AtNest 25.91%
                Carrying: laden     13050  of which SPOIL     10752 ( 82.4%)
   90   11 flatF    0/0            0     3474     4884      876        0    1/20        0          8 6 5 1 0
                founded x   12..88   (nest cursor 48 MATERIAL x 26..70 11 of 20 founders born on it; food 138; nearest founder 50 cells out, farthest 126, nominal gap 90)  occupancy/1k [41 13 12 9 2 0 0 0]  carry->nest      11  born    0 died   20 (starved   20)
                own trail: route pk    0 end    0 along +0.0000  B nest->food [0,0,0,0,0]  blocked      477  kin swaps       0  ticks     13377  tumbles      3909 (homeward        6, 0.15%)  drops       0  chew parked      0 resumed      0 (        0 J)  DELIVERED     0  leg home n    0 med     0 p90     0 (laden n    0 med     0 p90     0)  appetite held         0 J of         0  trips born-on-comb    0 (11 ants) / born-off    0 (9 ants)
                channel A: PEAK amt  53025 cells   57 (of 91 route)  POLARITY|| -0.15865 && -0.14292 SPAN +0.00000 edge   6.1  end nest->food [0,0,0,0,0]  nest   25  AtNest 24.18%
                Carrying: laden     13110  of which SPOIL     12234 ( 93.3%)
   90   12  hand    1/1         1596      630        0    15121        0    5/20        0          5 7 2 6 0
                founded x   12..88   (nest cursor 48 MATERIAL x 26..70 11 of 20 founders born on it; food 138; nearest founder 50 cells out, farthest 126, nominal gap 90)  occupancy/1k [75 10 2 6 9 24 10 2]  carry->nest      62  born    0 died   19 (starved   17)
                own trail: route pk   15 end   13 along -0.0025  B nest->food [89,3093,6438,9553,8294]  blocked      110  kin swaps       0  ticks     23752  tumbles      9981 (homeward      167, 1.67%)  drops       0  chew parked      3 resumed      2 (        1 J)  DELIVERED     0  leg home n    0 med     0 p90     0 (laden n    0 med     0 p90     0)  appetite held         0 J of      6720  trips born-on-comb    0 (11 ants) / born-off    0 (9 ants)
                channel A: PEAK amt  21155 cells   65 (of 91 route)  POLARITY|| +0.02958 && +0.03614 SPAN +0.00422 edge  10.8  end nest->food [0,0,0,0,0]  nest   25  AtNest  8.55%
                Carrying: laden     17191  of which SPOIL      2070 ( 12.0%)
   90   12 hmute    0/0            0      630     8010     5604      264    4/20        0          5 8 1 6 0
                founded x   12..88   (nest cursor 48 MATERIAL x 26..70 11 of 20 founders born on it; food 138; nearest founder 50 cells out, farthest 126, nominal gap 90)  occupancy/1k [74 9 3 9 6 4 5 1]  carry->nest      78  born    0 died   20 (starved   18)
                own trail: route pk    0 end    0 along +0.0000  B nest->food [89,3092,6331,9430,8290]  blocked      254  kin swaps       0  ticks     19365  tumbles      8106 (homeward       49, 0.60%)  drops       0  chew parked      0 resumed      0 (        0 J)  DELIVERED     0  leg home n    0 med     0 p90     0 (laden n    0 med     0 p90     0)  appetite held         0 J of         0  trips born-on-comb    0 (11 ants) / born-off    0 (9 ants)
                channel A: PEAK amt  16268 cells   57 (of 91 route)  POLARITY|| +0.06303 && +0.02621 SPAN -0.00714 edge  10.5  end nest->food [0,0,0,0,0]  nest   25  AtNest 11.73%
                Carrying: laden     11754  of which SPOIL      6846 ( 58.2%)
   90   12  self    0/0            0        0     5562        0        0    0/20        0         10 4 5 1 0
                founded x   12..88   (nest cursor 48 MATERIAL x 26..70 11 of 20 founders born on it; food 138; nearest founder 50 cells out, farthest 126, nominal gap 90)  occupancy/1k [59 11 5 2 1 0 0 0]  carry->nest       0  born    0 died   20 (starved   20)
                own trail: route pk    0 end    0 along +0.0000  B nest->food [0,0,0,0,0]  blocked      429  kin swaps       0  ticks     13515  tumbles      4070 (homeward        0, 0.00%)  drops       0  chew parked      0 resumed      0 (        0 J)  DELIVERED     0  leg home n    0 med     0 p90     0 (laden n    0 med     0 p90     0)  appetite held         0 J of         0  trips born-on-comb    0 (11 ants) / born-off    0 (9 ants)
                channel A: PEAK amt  25530 cells   56 (of 91 route)  POLARITY|| +0.14537 && +0.14081 SPAN +0.00821 edge   6.0  end nest->food [0,0,0,0,0]  nest   25  AtNest 32.75%
                Carrying: laden     10398  of which SPOIL     10398 (100.0%)
   90   12  mute    0/0            0     2916     5706     1320        0    2/20        0         11 5 1 3 0
                founded x   12..88   (nest cursor 48 MATERIAL x 26..70 11 of 20 founders born on it; food 138; nearest founder 50 cells out, farthest 126, nominal gap 90)  occupancy/1k [59 10 6 2 1 0 0 1]  carry->nest       4  born    0 died   20 (starved   20)
                own trail: route pk    0 end    0 along +0.0000  B nest->food [0,0,0,0,0]  blocked      352  kin swaps       0  ticks     13629  tumbles      4080 (homeward       23, 0.56%)  drops       0  chew parked      0 resumed      0 (        0 J)  DELIVERED     0  leg home n    0 med     0 p90     0 (laden n    0 med     0 p90     0)  appetite held         0 J of         0  trips born-on-comb    0 (11 ants) / born-off    0 (9 ants)
                channel A: PEAK amt  22682 cells   87 (of 91 route)  POLARITY|| +0.14136 && +0.13146 SPAN +0.00907 edge   6.8  end nest->food [0,0,0,0,0]  nest   25  AtNest 34.86%
                Carrying: laden     11232  of which SPOIL      9912 ( 88.2%)
   90   12 homeA    0/0            0        0     5364        0        0    0/20        0         11 5 1 3 0
                founded x   12..88   (nest cursor 48 MATERIAL x 26..70 11 of 20 founders born on it; food 138; nearest founder 50 cells out, farthest 126, nominal gap 90)  occupancy/1k [61 8 5 4 1 1 0 0]  carry->nest       0  born    0 died   20 (starved   20)
                own trail: route pk    0 end    0 along +0.0000  B nest->food [0,0,0,0,0]  blocked      495  kin swaps       0  ticks     13816  tumbles      4214 (homeward        0, 0.00%)  drops       0  chew parked      0 resumed      0 (        0 J)  DELIVERED     0  leg home n    0 med     0 p90     0 (laden n    0 med     0 p90     0)  appetite held         0 J of         0  trips born-on-comb    0 (11 ants) / born-off    0 (9 ants)
                channel A: PEAK amt  64589 cells   91 (of 91 route)  POLARITY|| +0.09936 && +0.09924 SPAN +0.00901 edge   0.9  end nest->food [0,0,0,0,0]  nest   25  AtNest 31.30%
                Carrying: laden     11832  of which SPOIL     11832 (100.0%)
   90   12 flatN    0/0            0        0     6228        0        0    0/20        0         11 5 2 2 0
                founded x   12..88   (nest cursor 48 MATERIAL x 26..70 11 of 20 founders born on it; food 138; nearest founder 50 cells out, farthest 126, nominal gap 90)  occupancy/1k [61 10 6 3 1 0 0 0]  carry->nest       0  born    0 died   20 (starved   20)
                own trail: route pk    0 end    0 along +0.0000  B nest->food [0,0,0,0,0]  blocked      412  kin swaps       0  ticks     14181  tumbles      4237 (homeward        0, 0.00%)  drops       0  chew parked      0 resumed      0 (        0 J)  DELIVERED     0  leg home n    0 med     0 p90     0 (laden n    0 med     0 p90     0)  appetite held         0 J of         0  trips born-on-comb    0 (11 ants) / born-off    0 (9 ants)
                channel A: PEAK amt  53025 cells   57 (of 91 route)  POLARITY|| +0.15865 && +0.14292 SPAN +0.00000 edge   6.1  end nest->food [0,0,0,0,0]  nest   25  AtNest 29.93%
                Carrying: laden     10722  of which SPOIL     10722 (100.0%)
   90   12 flatF   12/1        50513     1896        0    76311        0   42/61        0       10 4 5 32 10
                founded x   12..88   (nest cursor 48 MATERIAL x 26..70 11 of 61 founders born on it; food 138; nearest founder 50 cells out, farthest 126, nominal gap 90)  occupancy/1k [59 10 3 5 2 1 1 87]  carry->nest      -3  born   41 died   48 (starved   20)
                own trail: route pk   10 end    4 along +0.0000  B nest->food [0,0,0,0,1]  blocked      421  kin swaps       0  ticks     30216  tumbles     12094 (homeward     1116, 9.23%)  drops       0  chew parked      3 resumed      1 (        1 J)  DELIVERED     0  leg home n    0 med     0 p90     0 (laden n    0 med     0 p90     0)  appetite held         0 J of     32640  trips born-on-comb    0 (11 ants) / born-off    0 (50 ants)
                channel A: PEAK amt  53025 cells   57 (of 91 route)  POLARITY|| -0.06714 && -0.11649 SPAN -0.00299 edge   7.0  end nest->food [0,0,0,0,0]  nest   25  AtNest 14.60%
                Carrying: laden     85147  of which SPOIL     10203 ( 12.0%)
   90   13  hand    0/0        10187      588    17130    22566        0   14/27        0         6 2 3 15 1
                founded x   12..88   (nest cursor 48 MATERIAL x 26..70 11 of 27 founders born on it; food 138; nearest founder 50 cells out, farthest 126, nominal gap 90)  occupancy/1k [55 18 4 5 7 16 48 50]  carry->nest      99  born    7 died   27 (starved   21)
                own trail: route pk   41 end    0 along +0.0000  B nest->food [89,3092,6331,9657,8318]  blocked      215  kin swaps       0  ticks     34287  tumbles     15076 (homeward      261, 1.73%)  drops       0  chew parked      4 resumed      2 (        1 J)  DELIVERED     0  leg home n    0 med     0 p90     0 (laden n    0 med     0 p90     0)  appetite held         0 J of      9600  trips born-on-comb    0 (11 ants) / born-off    0 (16 ants)
                channel A: PEAK amt  10084 cells   76 (of 91 route)  POLARITY|| +0.01967 && +0.00045 SPAN -0.00862 edge  12.8  end nest->food [0,0,0,0,0]  nest   25  AtNest  8.62%
                Carrying: laden     26128  of which SPOIL      3562 ( 13.6%)
   90   13 hmute   32/4       112504      588        0    99154        0  107/117       1        6 3 0 65 43
                founded x   12..88   (nest cursor 48 MATERIAL x 26..70 11 of 117 founders born on it; food 138; nearest founder 50 cells out, farthest 126, nominal gap 90)  occupancy/1k [54 18 8 7 9 26 39 81]  carry->nest     148  born   97 died   83 (starved   12)
                own trail: route pk   10 end    9 along -0.1781  B nest->food [89,3092,6331,9430,8291]  blocked      305  kin swaps       0  ticks     41393  tumbles     17029 (homeward     1227, 7.21%)  drops       0  chew parked     11 resumed      7 (        4 J)  DELIVERED     0  leg home n    1 med  7921 p90  7921 (laden n    0 med     0 p90     0)  appetite held         0 J of     34560  trips born-on-comb    1 (11 ants) / born-off    0 (106 ants)
                channel A: PEAK amt  12032 cells   78 (of 91 route)  POLARITY|| +0.00749 && -0.01623 SPAN -0.02250 edge  15.1  end nest->food [0,0,79,17,0]  nest   25  AtNest  7.71%
                Carrying: laden    103754  of which SPOIL     10689 ( 10.3%)
   90   13  self    0/0            0     3306     4962     1488        0    1/20        0         10 7 2 1 0
                founded x   12..88   (nest cursor 48 MATERIAL x 26..70 11 of 20 founders born on it; food 138; nearest founder 50 cells out, farthest 126, nominal gap 90)  occupancy/1k [49 12 6 5 3 0 0 0]  carry->nest      48  born    0 died   20 (starved   20)
                own trail: route pk   52 end    0 along +0.0000  B nest->food [0,0,56,18,0]  blocked      336  kin swaps       0  ticks     13228  tumbles      3900 (homeward       20, 0.51%)  drops       0  chew parked      0 resumed      0 (        0 J)  DELIVERED     0  leg home n    0 med     0 p90     0 (laden n    0 med     0 p90     0)  appetite held         0 J of         0  trips born-on-comb    0 (11 ants) / born-off    0 (9 ants)
                channel A: PEAK amt  32262 cells   65 (of 91 route)  POLARITY|| +0.17519 && +0.16382 SPAN +0.00493 edge   6.2  end nest->food [0,0,0,0,0]  nest   25  AtNest 26.56%
                Carrying: laden      9138  of which SPOIL      7650 ( 83.7%)
   90   13  mute    0/0         3552     3048    11205     9119        0    6/23        0         11 4 1 7 0
                founded x   12..88   (nest cursor 48 MATERIAL x 26..70 11 of 23 founders born on it; food 138; nearest founder 50 cells out, farthest 126, nominal gap 90)  occupancy/1k [48 13 3 3 3 3 0 9]  carry->nest      -5  born    3 died   23 (starved   19)
                own trail: route pk    0 end    0 along +0.0000  B nest->food [0,0,0,0,0]  blocked      354  kin swaps       0  ticks     14417  tumbles      4492 (homeward      176, 3.92%)  drops       0  chew parked      0 resumed      0 (        0 J)  DELIVERED     0  leg home n    0 med     0 p90     0 (laden n    0 med     0 p90     0)  appetite held         0 J of      3840  trips born-on-comb    0 (11 ants) / born-off    0 (12 ants)
                channel A: PEAK amt  33193 cells   87 (of 91 route)  POLARITY|| +0.10280 && +0.11787 SPAN +0.00890 edge   9.2  end nest->food [0,0,0,0,0]  nest   25  AtNest 27.54%
                Carrying: laden     16987  of which SPOIL      8323 ( 49.0%)
   90   13 homeA    0/0            0     3270     4728      294        0    1/20        0         11 6 1 2 0
                founded x   12..88   (nest cursor 48 MATERIAL x 26..70 11 of 20 founders born on it; food 138; nearest founder 50 cells out, farthest 126, nominal gap 90)  occupancy/1k [50 12 4 5 3 1 0 0]  carry->nest       1  born    0 died   20 (starved   19)
                own trail: route pk    0 end    0 along +0.0000  B nest->food [0,0,0,0,0]  blocked      389  kin swaps       0  ticks     13132  tumbles      3885 (homeward        5, 0.13%)  drops       0  chew parked      0 resumed      0 (        0 J)  DELIVERED     0  leg home n    0 med     0 p90     0 (laden n    0 med     0 p90     0)  appetite held         0 J of         0  trips born-on-comb    0 (11 ants) / born-off    0 (9 ants)
                channel A: PEAK amt  65535 cells   91 (of 91 route)  POLARITY|| +0.09888 && +0.09876 SPAN +0.00968 edge   0.9  end nest->food [0,0,0,0,0]  nest   25  AtNest 29.40%
                Carrying: laden      9138  of which SPOIL      8844 ( 96.8%)
   90   13 flatN    0/0            0        0     4974        0        0    0/20        0         12 6 1 1 0
                founded x   12..88   (nest cursor 48 MATERIAL x 26..70 11 of 20 founders born on it; food 138; nearest founder 50 cells out, farthest 126, nominal gap 90)  occupancy/1k [56 11 4 5 2 0 0 0]  carry->nest       0  born    0 died   20 (starved   20)
                own trail: route pk    0 end    0 along +0.0000  B nest->food [0,0,0,0,0]  blocked      371  kin swaps       0  ticks     13420  tumbles      3885 (homeward        0, 0.00%)  drops       0  chew parked      0 resumed      0 (        0 J)  DELIVERED     0  leg home n    0 med     0 p90     0 (laden n    0 med     0 p90     0)  appetite held         0 J of         0  trips born-on-comb    0 (11 ants) / born-off    0 (9 ants)
                channel A: PEAK amt  53025 cells   57 (of 91 route)  POLARITY|| +0.15865 && +0.14292 SPAN +0.00000 edge   6.1  end nest->food [0,0,0,0,0]  nest   25  AtNest 32.24%
                Carrying: laden      8652  of which SPOIL      8652 (100.0%)
   90   13 flatF    0/0            0        0     4914        0        0    0/20        0         8 10 2 0 0
                founded x   12..88   (nest cursor 48 MATERIAL x 26..70 11 of 20 founders born on it; food 138; nearest founder 50 cells out, farthest 126, nominal gap 90)  occupancy/1k [50 16 6 4 1 0 0 0]  carry->nest       0  born    0 died   20 (starved   20)
                own trail: route pk    0 end    0 along +0.0000  B nest->food [0,0,0,0,0]  blocked      418  kin swaps       0  ticks     13204  tumbles      3896 (homeward        0, 0.00%)  drops       0  chew parked      0 resumed      0 (        0 J)  DELIVERED     0  leg home n    0 med     0 p90     0 (laden n    0 med     0 p90     0)  appetite held         0 J of         0  trips born-on-comb    0 (11 ants) / born-off    0 (9 ants)
                channel A: PEAK amt  53025 cells   57 (of 91 route)  POLARITY|| -0.15865 && -0.14292 SPAN +0.00000 edge   6.1  end nest->food [0,0,0,0,0]  nest   25  AtNest 31.16%
                Carrying: laden      9264  of which SPOIL      9264 (100.0%)
   90   14  hand    0/0          684      564     9858    13500      258    8/20        0         3 0 5 12 0
                founded x   12..88   (nest cursor 48 MATERIAL x 26..70 11 of 20 founders born on it; food 138; nearest founder 50 cells out, farthest 126, nominal gap 90)  occupancy/1k [31 15 18 25 13 14 14 3]  carry->nest      99  born    0 died   20 (starved   19)
                own trail: route pk   27 end    0 along +0.0000  B nest->food [89,3096,6373,9490,8292]  blocked      228  kin swaps       0  ticks     22831  tumbles      9553 (homeward      115, 1.20%)  drops       0  chew parked      2 resumed      1 (        0 J)  DELIVERED     0  leg home n    0 med     0 p90     0 (laden n    0 med     0 p90     0)  appetite held         0 J of      2880  trips born-on-comb    0 (11 ants) / born-off    0 (9 ants)
                channel A: PEAK amt  11781 cells   86 (of 91 route)  POLARITY|| +0.04384 && +0.02727 SPAN +0.00235 edge   8.8  end nest->food [0,0,0,0,0]  nest   25  AtNest 14.24%
                Carrying: laden     19980  of which SPOIL      9966 ( 49.9%)
   90   14 hmute    1/1         2964      564        0    25812        0    6/20        0          4 3 7 6 0
                founded x   12..88   (nest cursor 48 MATERIAL x 26..70 11 of 20 founders born on it; food 138; nearest founder 50 cells out, farthest 126, nominal gap 90)  occupancy/1k [37 20 20 29 38 14 8 4]  carry->nest     160  born    0 died   19 (starved   18)
                own trail: route pk    0 end    0 along +0.0000  B nest->food [89,3092,6331,9430,8290]  blocked      398  kin swaps       0  ticks     29019  tumbles     11441 (homeward      283, 2.47%)  drops       0  chew parked      7 resumed      0 (        0 J)  DELIVERED     0  leg home n    0 med     0 p90     0 (laden n    0 med     0 p90     0)  appetite held         0 J of     12480  trips born-on-comb    0 (11 ants) / born-off    0 (9 ants)
                channel A: PEAK amt  16146 cells   79 (of 91 route)  POLARITY|| +0.02621 && +0.03161 SPAN +0.01262 edge  10.6  end nest->food [0,0,0,0,0]  nest   25  AtNest 14.09%
                Carrying: laden     34968  of which SPOIL      9156 ( 26.2%)
   90   14  self    0/0         1200     2556     5064      114        0    2/21        0          9 7 2 3 0
                founded x   12..88   (nest cursor 48 MATERIAL x 26..70 11 of 21 founders born on it; food 138; nearest founder 50 cells out, farthest 126, nominal gap 90)  occupancy/1k [48 11 9 4 1 1 0 0]  carry->nest      -2  born    1 died   21 (starved   19)
                own trail: route pk    9 end    0 along +0.0000  B nest->food [0,0,0,0,0]  blocked      368  kin swaps       0  ticks     13159  tumbles      3838 (homeward        1, 0.03%)  drops       0  chew parked      0 resumed      0 (        0 J)  DELIVERED     0  leg home n    0 med     0 p90     0 (laden n    0 med     0 p90     0)  appetite held         0 J of         0  trips born-on-comb    0 (11 ants) / born-off    0 (10 ants)
                channel A: PEAK amt  21772 cells   79 (of 91 route)  POLARITY|| +0.15706 && +0.14411 SPAN +0.01835 edge   6.2  end nest->food [0,0,0,0,0]  nest   25  AtNest 26.83%
                Carrying: laden     11136  of which SPOIL     11022 ( 99.0%)
   90   14  mute    0/0            0     2118     5466     1554        0    2/20        0         11 3 4 2 0
                founded x   12..88   (nest cursor 48 MATERIAL x 26..70 11 of 20 founders born on it; food 138; nearest founder 50 cells out, farthest 126, nominal gap 90)  occupancy/1k [52 12 8 3 3 0 0 0]  carry->nest      33  born    0 died   20 (starved   19)
                own trail: route pk    0 end    0 along +0.0000  B nest->food [0,0,0,0,0]  blocked      364  kin swaps       0  ticks     13685  tumbles      3968 (homeward       23, 0.58%)  drops       0  chew parked      0 resumed      0 (        0 J)  DELIVERED     0  leg home n    0 med     0 p90     0 (laden n    0 med     0 p90     0)  appetite held         0 J of         0  trips born-on-comb    0 (11 ants) / born-off    0 (9 ants)
                channel A: PEAK amt  23600 cells   62 (of 91 route)  POLARITY|| +0.15710 && +0.13416 SPAN +0.01447 edge   6.1  end nest->food [0,0,0,0,0]  nest   25  AtNest 27.53%
                Carrying: laden     10530  of which SPOIL      8976 ( 85.2%)
   90   14 homeA    0/0            0     2118     5328     2556        0    1/20        0         13 4 2 1 0
                founded x   12..88   (nest cursor 48 MATERIAL x 26..70 11 of 20 founders born on it; food 138; nearest founder 50 cells out, farthest 126, nominal gap 90)  occupancy/1k [53 11 8 5 2 0 0 0]  carry->nest      57  born    0 died   20 (starved   20)
                own trail: route pk    0 end    0 along +0.0000  B nest->food [0,0,28,18,0]  blocked      370  kin swaps       0  ticks     13757  tumbles      4218 (homeward       34, 0.81%)  drops       0  chew parked      0 resumed      0 (        0 J)  DELIVERED     0  leg home n    0 med     0 p90     0 (laden n    0 med     0 p90     0)  appetite held         0 J of         0  trips born-on-comb    0 (11 ants) / born-off    0 (9 ants)
                channel A: PEAK amt  62495 cells   91 (of 91 route)  POLARITY|| +0.09890 && +0.09878 SPAN +0.01634 edge   0.9  end nest->food [0,0,0,0,0]  nest   25  AtNest 26.32%
                Carrying: laden     12840  of which SPOIL     10284 ( 80.1%)
   90   14 flatN    0/0         1200     2682     5292       96        0    2/21        0          9 8 1 3 0
                founded x   12..88   (nest cursor 48 MATERIAL x 26..70 11 of 21 founders born on it; food 138; nearest founder 50 cells out, farthest 126, nominal gap 90)  occupancy/1k [49 11 9 7 0 0 0 0]  carry->nest      -2  born    1 died   21 (starved   19)
                own trail: route pk    0 end    0 along +0.0000  B nest->food [0,0,0,0,0]  blocked      566  kin swaps       0  ticks     13430  tumbles      4191 (homeward        1, 0.02%)  drops       0  chew parked      0 resumed      0 (        0 J)  DELIVERED     0  leg home n    0 med     0 p90     0 (laden n    0 med     0 p90     0)  appetite held         0 J of         0  trips born-on-comb    0 (11 ants) / born-off    0 (10 ants)
                channel A: PEAK amt  53025 cells   57 (of 91 route)  POLARITY|| +0.15865 && +0.14292 SPAN +0.00000 edge   6.1  end nest->food [0,0,0,0,0]  nest   25  AtNest 26.78%
                Carrying: laden     14346  of which SPOIL     14250 ( 99.3%)
   90   14 flatF    0/0            0     2556     5352      114        0    1/20        0         11 7 1 1 0
                founded x   12..88   (nest cursor 48 MATERIAL x 26..70 11 of 20 founders born on it; food 138; nearest founder 50 cells out, farthest 126, nominal gap 90)  occupancy/1k [53 11 12 2 0 0 0 0]  carry->nest      -1  born    0 died   20 (starved   19)
                own trail: route pk    0 end    0 along +0.0000  B nest->food [0,0,0,0,0]  blocked      418  kin swaps       0  ticks     13491  tumbles      3991 (homeward        1, 0.03%)  drops       0  chew parked      0 resumed      0 (        0 J)  DELIVERED     0  leg home n    0 med     0 p90     0 (laden n    0 med     0 p90     0)  appetite held         0 J of         0  trips born-on-comb    0 (11 ants) / born-off    0 (9 ants)
                channel A: PEAK amt  53025 cells   57 (of 91 route)  POLARITY|| -0.15865 && -0.14292 SPAN +0.00000 edge   6.1  end nest->food [0,0,0,0,0]  nest   25  AtNest 24.22%
                Carrying: laden     10626  of which SPOIL     10512 ( 98.9%)
   90   15  hand    0/0         3420     1086    19686    27438        0    9/20        1         4 3 2 11 0
                founded x   12..88   (nest cursor 48 MATERIAL x 26..70 11 of 20 founders born on it; food 138; nearest founder 50 cells out, farthest 126, nominal gap 90)  occupancy/1k [43 23 2 18 5 8 95 22]  carry->nest      74  born    0 died   20 (starved   17)
                own trail: route pk   29 end    0 along +0.0000  B nest->food [89,3092,6333,9640,8292]  blocked      184  kin swaps       0  ticks     36762  tumbles     15908 (homeward      294, 1.85%)  drops       0  chew parked      7 resumed      3 (        4 J)  DELIVERED     0  leg home n    1 med  4627 p90  4627 (laden n    0 med     0 p90     0)  appetite held         0 J of     14400  trips born-on-comb    1 (11 ants) / born-off    0 (9 ants)
                channel A: PEAK amt   9879 cells   86 (of 91 route)  POLARITY|| +0.02927 && +0.03974 SPAN +0.00888 edge  12.9  end nest->food [0,0,0,0,0]  nest   25  AtNest  5.92%
                Carrying: laden     31620  of which SPOIL      4182 ( 13.2%)
   90   15 hmute   11/8        17324     1086        0    85378        0   18/27        2         5 1 2 18 1
                founded x   12..88   (nest cursor 48 MATERIAL x 26..70 11 of 27 founders born on it; food 138; nearest founder 50 cells out, farthest 126, nominal gap 90)  occupancy/1k [46 21 7 23 33 28 91 46]  carry->nest     181  born    7 died   16 (starved   10)
                own trail: route pk    0 end    0 along +0.0000  B nest->food [89,3092,6331,9430,8290]  blocked      343  kin swaps       0  ticks     50137  tumbles     20914 (homeward     1001, 4.79%)  drops       0  chew parked     17 resumed      9 (        8 J)  DELIVERED     0  leg home n    2 med  5233 p90  5233 (laden n    0 med     0 p90     0)  appetite held         0 J of     46080  trips born-on-comb    1 (11 ants) / born-off    1 (16 ants)
                channel A: PEAK amt  10345 cells   83 (of 91 route)  POLARITY|| +0.01944 && +0.01106 SPAN -0.00502 edge  19.0  end nest->food [1546,72,0,0,0]  nest   25  AtNest  4.41%
                Carrying: laden     92002  of which SPOIL     17551 ( 19.1%)
   90   15  self    0/0            0        0     4482        0        0    0/20        0         10 8 2 0 0
                founded x   12..88   (nest cursor 48 MATERIAL x 26..70 11 of 20 founders born on it; food 138; nearest founder 50 cells out, farthest 126, nominal gap 90)  occupancy/1k [47 15 8 3 1 0 0 0]  carry->nest       0  born    0 died   20 (starved   20)
                own trail: route pk    0 end    0 along +0.0000  B nest->food [0,0,0,0,0]  blocked      540  kin swaps       0  ticks     12874  tumbles      3799 (homeward        0, 0.00%)  drops       0  chew parked      0 resumed      0 (        0 J)  DELIVERED     0  leg home n    0 med     0 p90     0 (laden n    0 med     0 p90     0)  appetite held         0 J of         0  trips born-on-comb    0 (11 ants) / born-off    0 (9 ants)
                channel A: PEAK amt  25865 cells   60 (of 91 route)  POLARITY|| +0.15006 && +0.12488 SPAN +0.00357 edge   6.6  end nest->food [0,0,0,0,0]  nest   25  AtNest 26.64%
                Carrying: laden     14220  of which SPOIL     14220 (100.0%)
   90   15  mute    0/0         2542     4146    11202     6822        0    3/22        0         13 4 2 3 0
                founded x   12..88   (nest cursor 48 MATERIAL x 26..70 11 of 22 founders born on it; food 138; nearest founder 50 cells out, farthest 126, nominal gap 90)  occupancy/1k [49 13 8 4 1 1 1 6]  carry->nest      -3  born    2 died   22 (starved   19)
                own trail: route pk    5 end    0 along +0.0000  B nest->food [0,0,0,0,0]  blocked      589  kin swaps       0  ticks     14393  tumbles      4478 (homeward       92, 2.05%)  drops       0  chew parked      0 resumed      0 (        0 J)  DELIVERED     0  leg home n    0 med     0 p90     0 (laden n    0 med     0 p90     0)  appetite held         0 J of      2880  trips born-on-comb    0 (11 ants) / born-off    0 (11 ants)
                channel A: PEAK amt  33014 cells   88 (of 91 route)  POLARITY|| +0.15175 && +0.12812 SPAN -0.00427 edge   6.8  end nest->food [0,0,0,0,0]  nest   25  AtNest 24.03%
                Carrying: laden     22752  of which SPOIL     15930 ( 70.0%)
   90   15 homeA    0/0            0     3366     4410      738       36    1/20        1         10 6 3 1 0
                founded x   12..88   (nest cursor 48 MATERIAL x 26..70 11 of 20 founders born on it; food 138; nearest founder 50 cells out, farthest 126, nominal gap 90)  occupancy/1k [48 14 9 3 0 0 0 0]  carry->nest      55  born    0 died   20 (starved   20)
                own trail: route pk    0 end    0 along +0.0000  B nest->food [0,0,46,19,0]  blocked      534  kin swaps       0  ticks     13222  tumbles      3934 (homeward        9, 0.23%)  drops       0  chew parked      0 resumed      0 (        0 J)  DELIVERED     0  leg home n    1 med   475 p90   475 (laden n    1 med   475 p90   475)  appetite held         0 J of         0  trips born-on-comb    0 (11 ants) / born-off    1 (9 ants)
                channel A: PEAK amt  64392 cells   91 (of 91 route)  POLARITY|| +0.09855 && +0.09844 SPAN +0.01059 edge   0.9  end nest->food [0,0,0,0,0]  nest   25  AtNest 29.63%
                Carrying: laden     12414  of which SPOIL     11676 ( 94.1%)
   90   15 flatN    0/0            0     3744     4590      108        0    1/20        0          9 7 3 1 0
                founded x   12..88   (nest cursor 48 MATERIAL x 26..70 11 of 20 founders born on it; food 138; nearest founder 50 cells out, farthest 126, nominal gap 90)  occupancy/1k [45 15 11 5 0 0 0 0]  carry->nest      -4  born    0 died   20 (starved   20)
                own trail: route pk    0 end    0 along +0.0000  B nest->food [0,0,0,0,0]  blocked      397  kin swaps       0  ticks     13265  tumbles      3726 (homeward        0, 0.00%)  drops       0  chew parked      0 resumed      0 (        0 J)  DELIVERED     0  leg home n    0 med     0 p90     0 (laden n    0 med     0 p90     0)  appetite held         0 J of         0  trips born-on-comb    0 (11 ants) / born-off    0 (9 ants)
                channel A: PEAK amt  53025 cells   57 (of 91 route)  POLARITY|| +0.15865 && +0.14292 SPAN +0.00000 edge   6.1  end nest->food [0,0,0,0,0]  nest   25  AtNest 27.93%
                Carrying: laden     10914  of which SPOIL     10806 ( 99.0%)
   90   15 flatF    0/0            0        0     5148        0        0    0/20        0         11 4 4 1 0
                founded x   12..88   (nest cursor 48 MATERIAL x 26..70 11 of 20 founders born on it; food 138; nearest founder 50 cells out, farthest 126, nominal gap 90)  occupancy/1k [49 13 9 4 3 1 0 0]  carry->nest       0  born    0 died   20 (starved   20)
                own trail: route pk    0 end    0 along +0.0000  B nest->food [0,0,0,0,0]  blocked      409  kin swaps       0  ticks     13398  tumbles      3764 (homeward        0, 0.00%)  drops       0  chew parked      0 resumed      0 (        0 J)  DELIVERED     0  leg home n    0 med     0 p90     0 (laden n    0 med     0 p90     0)  appetite held         0 J of         0  trips born-on-comb    0 (11 ants) / born-off    0 (9 ants)
                channel A: PEAK amt  53025 cells   57 (of 91 route)  POLARITY|| -0.15865 && -0.14292 SPAN +0.00000 edge   6.1  end nest->food [0,0,0,0,0]  nest   25  AtNest 25.79%
                Carrying: laden      9930  of which SPOIL      9930 (100.0%)
   90   16  hand    0/0         2508      828    14136    22710        0    5/20        2          4 4 3 9 0
                founded x   12..88   (nest cursor 48 MATERIAL x 26..70 11 of 20 founders born on it; food 138; nearest founder 50 cells out, farthest 126, nominal gap 90)  occupancy/1k [47 15 14 33 22 32 10 5]  carry->nest     177  born    0 died   20 (starved   18)
                own trail: route pk   50 end    0 along +0.0000  B nest->food [89,3093,6446,9946,8295]  blocked      292  kin swaps       0  ticks     30222  tumbles     12335 (homeward      215, 1.74%)  drops       0  chew parked      6 resumed      1 (        0 J)  DELIVERED     0  leg home n    2 med  6637 p90  6637 (laden n    0 med     0 p90     0)  appetite held         0 J of     10560  trips born-on-comb    1 (11 ants) / born-off    1 (9 ants)
                channel A: PEAK amt  10484 cells   79 (of 91 route)  POLARITY|| +0.03396 && +0.02262 SPAN +0.00311 edge  14.7  end nest->food [0,0,0,0,0]  nest   25  AtNest 12.58%
                Carrying: laden     29772  of which SPOIL      7062 ( 23.7%)
   90   16 hmute   10/5        14322      828        0    61451        0   17/27        1         4 1 4 18 0
                founded x   12..88   (nest cursor 48 MATERIAL x 26..70 11 of 27 founders born on it; food 138; nearest founder 50 cells out, farthest 126, nominal gap 90)  occupancy/1k [42 13 14 16 31 19 82 39]  carry->nest     147  born    7 died   17 (starved   12)
                own trail: route pk    0 end    0 along +0.0000  B nest->food [89,3092,6331,9430,8290]  blocked      348  kin swaps       0  ticks     43367  tumbles     17955 (homeward      877, 4.88%)  drops       0  chew parked     10 resumed      8 (        7 J)  DELIVERED     0  leg home n    1 med 12559 p90 12559 (laden n    0 med     0 p90     0)  appetite held         0 J of     31680  trips born-on-comb    0 (11 ants) / born-off    1 (16 ants)
                channel A: PEAK amt   9016 cells   86 (of 91 route)  POLARITY|| +0.01508 && +0.01954 SPAN +0.00074 edge  11.6  end nest->food [0,0,0,0,0]  nest   25  AtNest  6.97%
                Carrying: laden     69983  of which SPOIL      8532 ( 12.2%)
   90   16  self    0/0            0        0     5274        0        0    0/20        0         12 1 7 0 0
                founded x   12..88   (nest cursor 48 MATERIAL x 26..70 11 of 20 founders born on it; food 138; nearest founder 50 cells out, farthest 126, nominal gap 90)  occupancy/1k [53 8 4 7 6 0 0 0]  carry->nest       0  born    0 died   20 (starved   20)
                own trail: route pk    0 end    0 along +0.0000  B nest->food [0,0,0,0,0]  blocked      370  kin swaps       0  ticks     13466  tumbles      3790 (homeward        0, 0.00%)  drops       0  chew parked      0 resumed      0 (        0 J)  DELIVERED     0  leg home n    0 med     0 p90     0 (laden n    0 med     0 p90     0)  appetite held         0 J of         0  trips born-on-comb    0 (11 ants) / born-off    0 (9 ants)
                channel A: PEAK amt  27489 cells   62 (of 91 route)  POLARITY|| +0.14401 && +0.12740 SPAN +0.00903 edge   6.5  end nest->food [0,0,0,0,0]  nest   25  AtNest 29.57%
                Carrying: laden      8856  of which SPOIL      8856 (100.0%)
   90   16  mute    0/0            0        0     5772        0        0    0/20        0          9 6 5 0 0
                founded x   12..88   (nest cursor 48 MATERIAL x 26..70 11 of 20 founders born on it; food 138; nearest founder 50 cells out, farthest 126, nominal gap 90)  occupancy/1k [53 11 6 3 5 0 0 0]  carry->nest       0  born    0 died   20 (starved   20)
                own trail: route pk    0 end    0 along +0.0000  B nest->food [0,0,0,0,0]  blocked      336  kin swaps       0  ticks     13634  tumbles      3829 (homeward        0, 0.00%)  drops       0  chew parked      0 resumed      0 (        0 J)  DELIVERED     0  leg home n    0 med     0 p90     0 (laden n    0 med     0 p90     0)  appetite held         0 J of         0  trips born-on-comb    0 (11 ants) / born-off    0 (9 ants)
                channel A: PEAK amt  28029 cells   60 (of 91 route)  POLARITY|| +0.13739 && +0.11400 SPAN +0.01702 edge   6.2  end nest->food [0,0,0,0,0]  nest   25  AtNest 27.72%
                Carrying: laden      7482  of which SPOIL      7482 (100.0%)
   90   16 homeA    0/0          228     1764     6120     2160        0    2/20        0         11 4 2 3 0
                founded x   12..88   (nest cursor 48 MATERIAL x 26..70 11 of 20 founders born on it; food 138; nearest founder 50 cells out, farthest 126, nominal gap 90)  occupancy/1k [54 7 6 5 7 4 0 0]  carry->nest      38  born    0 died   20 (starved   20)
                own trail: route pk    0 end    0 along +0.0000  B nest->food [0,0,44,36,0]  blocked      463  kin swaps       0  ticks     14740  tumbles      4491 (homeward       17, 0.38%)  drops       0  chew parked      1 resumed      0 (        0 J)  DELIVERED     0  leg home n    0 med     0 p90     0 (laden n    0 med     0 p90     0)  appetite held         0 J of       960  trips born-on-comb    0 (11 ants) / born-off    0 (9 ants)
                channel A: PEAK amt  65535 cells   91 (of 91 route)  POLARITY|| +0.09841 && +0.09829 SPAN +0.01612 edge   0.9  end nest->food [0,0,0,0,0]  nest   25  AtNest 28.83%
                Carrying: laden     12750  of which SPOIL     10590 ( 83.1%)
   90   16 flatN    0/0            0     1272     5244      480        0    2/20        0         10 4 2 4 0
                founded x   12..88   (nest cursor 48 MATERIAL x 26..70 11 of 20 founders born on it; food 138; nearest founder 50 cells out, farthest 126, nominal gap 90)  occupancy/1k [51 11 4 3 4 2 0 0]  carry->nest      13  born    0 died   20 (starved   19)
                own trail: route pk    0 end    0 along +0.0000  B nest->food [0,0,0,0,0]  blocked      365  kin swaps       0  ticks     13194  tumbles      3764 (homeward        4, 0.11%)  drops       0  chew parked      0 resumed      0 (        0 J)  DELIVERED     0  leg home n    0 med     0 p90     0 (laden n    0 med     0 p90     0)  appetite held         0 J of         0  trips born-on-comb    0 (11 ants) / born-off    0 (9 ants)
                channel A: PEAK amt  53025 cells   57 (of 91 route)  POLARITY|| +0.15865 && +0.14292 SPAN +0.00000 edge   6.1  end nest->food [0,0,0,0,0]  nest   25  AtNest 31.71%
                Carrying: laden      9702  of which SPOIL      9222 ( 95.1%)
   90   16 flatF    0/0            0        0     5184        0        0    0/20        0         14 3 3 0 0
                founded x   12..88   (nest cursor 48 MATERIAL x 26..70 11 of 20 founders born on it; food 138; nearest founder 50 cells out, farthest 126, nominal gap 90)  occupancy/1k [55 10 6 3 2 0 0 0]  carry->nest       0  born    0 died   20 (starved   20)
                own trail: route pk    0 end    0 along +0.0000  B nest->food [0,0,0,0,0]  blocked      519  kin swaps       0  ticks     13310  tumbles      3947 (homeward        0, 0.00%)  drops       0  chew parked      0 resumed      0 (        0 J)  DELIVERED     0  leg home n    0 med     0 p90     0 (laden n    0 med     0 p90     0)  appetite held         0 J of         0  trips born-on-comb    0 (11 ants) / born-off    0 (9 ants)
                channel A: PEAK amt  53025 cells   57 (of 91 route)  POLARITY|| -0.15865 && -0.14292 SPAN +0.00000 edge   6.1  end nest->food [0,0,0,0,0]  nest   25  AtNest 29.90%
                Carrying: laden     11496  of which SPOIL     11496 (100.0%)
   90   17  hand    6/6         5244      480        0    40128        0    8/20        1          8 3 0 9 0
                founded x   12..88   (nest cursor 48 MATERIAL x 26..70 11 of 20 founders born on it; food 138; nearest founder 50 cells out, farthest 126, nominal gap 90)  occupancy/1k [60 9 15 3 16 28 41 88]  carry->nest     111  born    0 died   14 (starved   13)
                own trail: route pk   34 end    0 along +0.0000  B nest->food [89,3092,6384,9728,8298]  blocked      311  kin swaps       0  ticks     43950  tumbles     19508 (homeward      607, 3.11%)  drops       0  chew parked      5 resumed      0 (        0 J)  DELIVERED     0  leg home n    1 med  2203 p90  2203 (laden n    0 med     0 p90     0)  appetite held         0 J of     22080  trips born-on-comb    0 (11 ants) / born-off    1 (9 ants)
                channel A: PEAK amt  11783 cells   68 (of 91 route)  POLARITY|| +0.02010 && +0.01968 SPAN +0.00329 edge  14.8  end nest->food [0,0,3,0,0]  nest   25  AtNest  3.76%
                Carrying: laden     45630  of which SPOIL      5502 ( 12.1%)
   90   17 hmute    7/7        11112      480        0    67105        0   15/24        1         8 0 1 15 0
                founded x   12..88   (nest cursor 48 MATERIAL x 26..70 11 of 24 founders born on it; food 138; nearest founder 50 cells out, farthest 126, nominal gap 90)  occupancy/1k [58 7 16 6 10 15 106 58]  carry->nest     142  born    4 died   17 (starved   11)
                own trail: route pk    0 end    0 along +0.0000  B nest->food [89,3092,6331,9430,8290]  blocked      462  kin swaps       0  ticks     46650  tumbles     20320 (homeward      915, 4.50%)  drops       0  chew parked     12 resumed      8 (        6 J)  DELIVERED     0  leg home n    1 med  9199 p90  9199 (laden n    0 med     0 p90     0)  appetite held         0 J of     32640  trips born-on-comb    0 (11 ants) / born-off    1 (13 ants)
                channel A: PEAK amt  11783 cells   83 (of 91 route)  POLARITY|| +0.02816 && +0.03845 SPAN -0.00659 edge  13.6  end nest->food [0,0,0,0,0]  nest   25  AtNest  3.50%
                Carrying: laden     83036  of which SPOIL     15931 ( 19.2%)
   90   17  self    0/0          228      930     8478     5568        0    1/20        0         10 3 2 5 0
                founded x   12..88   (nest cursor 48 MATERIAL x 26..70 11 of 20 founders born on it; food 138; nearest founder 50 cells out, farthest 126, nominal gap 90)  occupancy/1k [50 5 8 8 8 7 2 0]  carry->nest       9  born    0 died   20 (starved   20)
                own trail: route pk   35 end    0 along +0.0000  B nest->food [0,0,4,102,4]  blocked      384  kin swaps       0  ticks     15300  tumbles      4963 (homeward       43, 0.87%)  drops       0  chew parked      0 resumed      0 (        0 J)  DELIVERED     0  leg home n    0 med     0 p90     0 (laden n    0 med     0 p90     0)  appetite held         0 J of       960  trips born-on-comb    0 (11 ants) / born-off    0 (9 ants)
                channel A: PEAK amt  21351 cells   74 (of 91 route)  POLARITY|| +0.09787 && +0.08123 SPAN +0.00143 edge   8.0  end nest->food [0,0,0,0,0]  nest   25  AtNest 21.72%
                Carrying: laden     14910  of which SPOIL      9342 ( 62.7%)
   90   17  mute    0/0            0      930     4608      912        0    1/20        0         12 6 1 1 0
                founded x   12..88   (nest cursor 48 MATERIAL x 26..70 11 of 20 founders born on it; food 138; nearest founder 50 cells out, farthest 126, nominal gap 90)  occupancy/1k [55 8 11 3 1 0 0 0]  carry->nest      18  born    0 died   20 (starved   20)
                own trail: route pk    0 end    0 along +0.0000  B nest->food [0,0,0,0,0]  blocked      557  kin swaps       0  ticks     13604  tumbles      4192 (homeward        6, 0.14%)  drops       0  chew parked      0 resumed      0 (        0 J)  DELIVERED     0  leg home n    0 med     0 p90     0 (laden n    0 med     0 p90     0)  appetite held         0 J of         0  trips born-on-comb    0 (11 ants) / born-off    0 (9 ants)
                channel A: PEAK amt  29931 cells   61 (of 91 route)  POLARITY|| +0.14810 && +0.12274 SPAN +0.00473 edge   6.3  end nest->food [0,0,0,0,0]  nest   25  AtNest 23.60%
                Carrying: laden     12546  of which SPOIL     11634 ( 92.7%)
   90   17 homeA    0/0          228      936     6294     1752        0    2/20        1         13 3 2 2 0
                founded x   12..88   (nest cursor 48 MATERIAL x 26..70 11 of 20 founders born on it; food 138; nearest founder 50 cells out, farthest 126, nominal gap 90)  occupancy/1k [52 10 8 13 1 1 0 0]  carry->nest      45  born    0 died   20 (starved   20)
                own trail: route pk    0 end    0 along +0.0000  B nest->food [0,0,44,19,0]  blocked      477  kin swaps       0  ticks     14675  tumbles      4551 (homeward       12, 0.26%)  drops       0  chew parked      1 resumed      0 (        0 J)  DELIVERED     0  leg home n    1 med  3421 p90  3421 (laden n    0 med     0 p90     0)  appetite held         0 J of       960  trips born-on-comb    0 (11 ants) / born-off    1 (9 ants)
                channel A: PEAK amt  65535 cells   91 (of 91 route)  POLARITY|| +0.09878 && +0.09865 SPAN +0.00674 edge   0.9  end nest->food [0,0,0,0,0]  nest   25  AtNest 23.13%
                Carrying: laden     13644  of which SPOIL     11892 ( 87.2%)
   90   17 flatN    0/0         1368      936    12360    10848        0    2/20        1         11 4 3 2 0
                founded x   12..88   (nest cursor 48 MATERIAL x 26..70 11 of 20 founders born on it; food 138; nearest founder 50 cells out, farthest 126, nominal gap 90)  occupancy/1k [49 16 25 19 2 0 0 0]  carry->nest     106  born    0 died   20 (starved   20)
                own trail: route pk    0 end    0 along +0.0000  B nest->food [0,0,0,0,0]  blocked      510  kin swaps       0  ticks     19283  tumbles      6139 (homeward      101, 1.65%)  drops       0  chew parked      4 resumed      0 (        0 J)  DELIVERED     0  leg home n    1 med  8977 p90  8977 (laden n    0 med     0 p90     0)  appetite held         0 J of      5760  trips born-on-comb    0 (11 ants) / born-off    1 (9 ants)
                channel A: PEAK amt  53025 cells   57 (of 91 route)  POLARITY|| +0.15865 && +0.14292 SPAN +0.00000 edge   6.1  end nest->food [0,0,0,0,0]  nest   25  AtNest 19.43%
                Carrying: laden     22140  of which SPOIL     11292 ( 51.0%)
   90   17 flatF    0/0            0      930     5556     1890        0    1/20        0         11 5 3 1 0
                founded x   12..88   (nest cursor 48 MATERIAL x 26..70 11 of 20 founders born on it; food 138; nearest founder 50 cells out, farthest 126, nominal gap 90)  occupancy/1k [46 11 12 5 1 1 0 0]  carry->nest      25  born    0 died   20 (starved   20)
                own trail: route pk    0 end    0 along +0.0000  B nest->food [0,0,0,0,0]  blocked      374  kin swaps       0  ticks     13307  tumbles      3945 (homeward       13, 0.33%)  drops       0  chew parked      0 resumed      0 (        0 J)  DELIVERED     0  leg home n    0 med     0 p90     0 (laden n    0 med     0 p90     0)  appetite held         0 J of         0  trips born-on-comb    0 (11 ants) / born-off    0 (9 ants)
                channel A: PEAK amt  53025 cells   57 (of 91 route)  POLARITY|| -0.15865 && -0.14292 SPAN +0.00000 edge   6.1  end nest->food [0,0,0,0,0]  nest   25  AtNest 26.94%
                Carrying: laden     11352  of which SPOIL      9462 ( 83.4%)
   90   18  hand    4/4         5244      816        0    43328        0   10/20        2         4 0 5 11 0
                founded x   12..88   (nest cursor 48 MATERIAL x 26..70 11 of 20 founders born on it; food 138; nearest founder 50 cells out, farthest 126, nominal gap 90)  occupancy/1k [28 15 12 10 23 20 54 66]  carry->nest      94  born    0 died   16 (starved   11)
                own trail: route pk   37 end   13 along -0.0489  B nest->food [89,3092,6334,9559,8293]  blocked      193  kin swaps       0  ticks     38742  tumbles     16852 (homeward      558, 3.31%)  drops       0  chew parked      8 resumed      4 (        2 J)  DELIVERED     0  leg home n    2 med 10915 p90 10915 (laden n    0 med     0 p90     0)  appetite held         0 J of     22080  trips born-on-comb    0 (11 ants) / born-off    2 (9 ants)
                channel A: PEAK amt   9935 cells   87 (of 91 route)  POLARITY|| +0.01817 && +0.00710 SPAN -0.01356 edge  10.7  end nest->food [0,0,0,0,0]  nest   25  AtNest  6.61%
                Carrying: laden     47492  of which SPOIL      4164 (  8.8%)
   90   18 hmute    7/7        12099      816        0    77958        0   15/23        1         4 0 2 17 0
                founded x   12..88   (nest cursor 48 MATERIAL x 26..70 11 of 23 founders born on it; food 138; nearest founder 50 cells out, farthest 126, nominal gap 90)  occupancy/1k [27 15 11 8 14 25 128 40]  carry->nest     154  born    3 died   16 (starved   10)
                own trail: route pk    0 end    0 along +0.0000  B nest->food [89,3092,6331,9430,8290]  blocked      219  kin swaps       0  ticks     45393  tumbles     19604 (homeward     1028, 5.24%)  drops       0  chew parked     16 resumed      8 (        6 J)  DELIVERED     0  leg home n    1 med  4525 p90  4525 (laden n    0 med     0 p90     0)  appetite held         0 J of     40320  trips born-on-comb    0 (11 ants) / born-off    1 (12 ants)
                channel A: PEAK amt   9935 cells   85 (of 91 route)  POLARITY|| +0.01811 && +0.02251 SPAN +0.00587 edge  11.8  end nest->food [0,0,0,11,0]  nest   25  AtNest  5.69%
                Carrying: laden     82767  of which SPOIL      7228 (  8.7%)
   90   18  self    0/0            0     3426     4782     1752        0    3/20        0          9 7 1 3 0
                founded x   12..88   (nest cursor 48 MATERIAL x 26..70 11 of 20 founders born on it; food 138; nearest founder 50 cells out, farthest 126, nominal gap 90)  occupancy/1k [47 10 15 5 0 0 0 1]  carry->nest       4  born    0 died   20 (starved   20)
                own trail: route pk   12 end    0 along +0.0000  B nest->food [0,0,0,0,0]  blocked      396  kin swaps       0  ticks     13505  tumbles      3867 (homeward       41, 1.06%)  drops       0  chew parked      0 resumed      0 (        0 J)  DELIVERED     0  leg home n    0 med     0 p90     0 (laden n    0 med     0 p90     0)  appetite held         0 J of         0  trips born-on-comb    0 (11 ants) / born-off    0 (9 ants)
                channel A: PEAK amt  21116 cells   87 (of 91 route)  POLARITY|| +0.13835 && +0.10382 SPAN -0.00815 edge   6.3  end nest->food [0,0,0,0,0]  nest   25  AtNest 22.43%
                Carrying: laden     12372  of which SPOIL     10620 ( 85.8%)
   90   18  mute    0/0            0        0     4692        0        0    0/20        0         12 7 1 0 0
                founded x   12..88   (nest cursor 48 MATERIAL x 26..70 11 of 20 founders born on it; food 138; nearest founder 50 cells out, farthest 126, nominal gap 90)  occupancy/1k [51 12 11 4 1 0 0 0]  carry->nest       0  born    0 died   20 (starved   20)
                own trail: route pk    0 end    0 along +0.0000  B nest->food [0,0,0,0,0]  blocked      392  kin swaps       0  ticks     13359  tumbles      3718 (homeward        0, 0.00%)  drops       0  chew parked      0 resumed      0 (        0 J)  DELIVERED     0  leg home n    0 med     0 p90     0 (laden n    0 med     0 p90     0)  appetite held         0 J of         0  trips born-on-comb    0 (11 ants) / born-off    0 (9 ants)
                channel A: PEAK amt  33598 cells   64 (of 91 route)  POLARITY|| +0.17055 && +0.15668 SPAN -0.00182 edge   6.1  end nest->food [0,0,0,0,0]  nest   25  AtNest 26.30%
                Carrying: laden      8388  of which SPOIL      8388 (100.0%)
   90   18 homeA    0/0            0     2910     4824      558        0    2/20        0         10 6 1 3 0
                founded x   12..88   (nest cursor 48 MATERIAL x 26..70 11 of 20 founders born on it; food 138; nearest founder 50 cells out, farthest 126, nominal gap 90)  occupancy/1k [48 15 7 4 1 3 1 0]  carry->nest      27  born    0 died   20 (starved   20)
                own trail: route pk    0 end    0 along +0.0000  B nest->food [0,0,0,19,0]  blocked      511  kin swaps       0  ticks     13860  tumbles      4147 (homeward        3, 0.07%)  drops       0  chew parked      0 resumed      0 (        0 J)  DELIVERED     0  leg home n    0 med     0 p90     0 (laden n    0 med     0 p90     0)  appetite held         0 J of         0  trips born-on-comb    0 (11 ants) / born-off    0 (9 ants)
                channel A: PEAK amt  65535 cells   91 (of 91 route)  POLARITY|| +0.09830 && +0.09818 SPAN +0.00772 edge   0.9  end nest->food [0,0,0,0,0]  nest   25  AtNest 27.68%
                Carrying: laden     12492  of which SPOIL     11934 ( 95.5%)
   90   18 flatN    0/0            0        0     4824        0        0    0/20        0         10 8 1 1 0
                founded x   12..88   (nest cursor 48 MATERIAL x 26..70 11 of 20 founders born on it; food 138; nearest founder 50 cells out, farthest 126, nominal gap 90)  occupancy/1k [45 16 11 4 1 0 0 0]  carry->nest       0  born    0 died   20 (starved   20)
                own trail: route pk    0 end    0 along +0.0000  B nest->food [0,0,0,0,0]  blocked      546  kin swaps       0  ticks     13379  tumbles      3843 (homeward        0, 0.00%)  drops       0  chew parked      0 resumed      0 (        0 J)  DELIVERED     0  leg home n    0 med     0 p90     0 (laden n    0 med     0 p90     0)  appetite held         0 J of         0  trips born-on-comb    0 (11 ants) / born-off    0 (9 ants)
                channel A: PEAK amt  53025 cells   57 (of 91 route)  POLARITY|| +0.15865 && +0.14292 SPAN +0.00000 edge   6.1  end nest->food [0,0,0,0,0]  nest   25  AtNest 27.02%
                Carrying: laden     11304  of which SPOIL     11304 (100.0%)
   90   18 flatF    0/0            0     3942     4638      354        0    1/20        0         10 5 4 1 0
                founded x   12..88   (nest cursor 48 MATERIAL x 26..70 11 of 20 founders born on it; food 138; nearest founder 50 cells out, farthest 126, nominal gap 90)  occupancy/1k [41 13 13 7 1 1 0 0]  carry->nest      12  born    0 died   20 (starved   20)
                own trail: route pk    0 end    0 along +0.0000  B nest->food [0,0,0,0,0]  blocked      361  kin swaps       0  ticks     13201  tumbles      3707 (homeward        2, 0.05%)  drops       0  chew parked      0 resumed      0 (        0 J)  DELIVERED     0  leg home n    0 med     0 p90     0 (laden n    0 med     0 p90     0)  appetite held         0 J of         0  trips born-on-comb    0 (11 ants) / born-off    0 (9 ants)
                channel A: PEAK amt  53025 cells   57 (of 91 route)  POLARITY|| -0.15865 && -0.14292 SPAN +0.00000 edge   6.1  end nest->food [0,0,0,0,0]  nest   25  AtNest 27.11%
                Carrying: laden      9666  of which SPOIL      9312 ( 96.3%)

  larder put out, over the whole sweep: 96000-5271360 J, against a need near 46,800 J
    for 52 ants over 24,000 frames -- so these colonies are provisioned, not starved.
  intake off anything that is not the larder is ASSERTED to be 0 in every row, not printed.

  `self` vs `mute` is the real question: do the ants' OWN trails do anything?
  `visitors` is DISTINCT ants that reached the food over distinct ants that ever lived --
    recruitment, which `near` ant-ticks cannot see: 50 visitors and 1 resident read alike.
  `trips` is nest -> food -> nest, closed on the RETURN. `reach` buckets every ant by how
  `occupancy` is ant-ticks in 8 equal bands, NEST END FIRST, food end last -- a commuting
    colony is bimodal, a dispersing one slides its mass right, a homebody is a spike at 0.
  `carry->nest` is signed cells moved while holding larder, POSITIVE = homeward. Near zero
    means food is picked up and wandered with, which is a different fault from not finding it.
    far it ever got, as a share of the gap, so a commuting population is visible as a shape.
  `hand` vs `self` only says whether a laid ramp beats what they bootstrap.
  `hmute` is the DECAY BASELINE for `route pk`: our ramp laid, the ants silenced.
  `flatN`/`flatF` are the POLARITY metric's negative controls: a FLAT channel A blob over
    the nest half / the food half, ants' EmitA silenced. A field with no ramp in it at all.
    A correct metric reads 0 on both. POLARITY|| is predicted to read ~+0.12 and ~-0.12,
    which brackets every polarity figure in the report -- see `lay_flat`.
  `homeA` lays a channel A HOMING ramp and no food trail -- if laden ants only fail
    to route because they cannot find their way home, this is where their own B appears.
  `carry` is ant-ticks holding larder in the crop; `carry@nest` is those inside the +-26 nest band --
    that pair is the answer to "is food being carried back", which a cell census cannot give.
  `other J` must read 0 in every row: it is the check that `onlyfood` held.
  A gap where `alive` reaches 0 in every arm is measuring a dead colony, not a deaf one.
