  diet: larder=fruit onlyfood=on
  odometer A: recur=shipped emita=shipped biasa=shipped   odometer B: charb=shipped recurb=shipped emitb=shipped biasb=shipped carryb=shipped
trailfollow: mode=gap gate=shipped frames=24000 seeds=24 seed0=1 ants=20 relay=60 near=10 food=400 refill=400 stop=6000 homebias=shipped cropcap=shipped hungergate=shipped arho=shipped brho=shipped adiffuse=shipped arise=off/off tumble=shipped persist=shipped tumblegrad=shipped homewire=shipped
  gate shipped: off -45.0  on +0.5  along ±6.0
  landed 2026-09-09: units 0/1 = b2 (off -45, on +0.5, along 6); units 2/3 = saturated (off -45, on +30, along 6). See open-bugs-handoff.md Z7.

  gap seed   arm     alive     ate J  arrive@    dead@    carry    @nest  visitors  trips reach 0-25-50-75-100
----- ---- ----- --------- --------- -------- -------- -------- -------- --------- ------ ------------------
    TRACE laden ants: n 68060  mean PheroAAlong -0.11327  MEAN |PheroAAlong| 0.12766  mean P(move) 0.1564  mean trail term (h0+h1 -> Move) -1.01236  net cells homeward 302 (+0.004437/tick)
    TRACE laden TICKS by what the sensor cell is -- the geometry test  [5.71 frames/tick, must equal tick_interval]:
      air (nose in open sky)             n     3824 ( 32.1% of ticks)   mean along -0.1043   usable (>= +0.02)   2.6%   frozen  65.5%
      solid (nose in ground)             n     4654 ( 39.0% of ticks)   mean along -0.0913   usable (>= +0.02)   1.6%   frozen  73.3%
      surface (a trail could be here)    n     3447 ( 28.9% of ticks)   mean along -0.1352   usable (>= +0.02)   7.0%   frozen  72.6%
      => of 8421 FROZEN laden ticks (P(move) exactly 0), 70% had the nose in sky or ground
    TRACE freeze runs: n 551   median 3 ticks   p90 35   longest 203
    TRACE split by the sign of `along` -- the run-and-tumble test:
      facing UP-gradient     n     3434   P(move) 0.4600   not resting   67.1%   P(move)|>0 0.6854   cells homeward      183 (+0.053291/tick)
      facing DOWN-gradient   n    26508   P(move) 0.0689   not resting   20.0%   P(move)|>0 0.3443   cells homeward      137 (+0.005168/tick)
      no readable gradient   n    38118   P(move) 0.1898   not resting   33.3%   P(move)|>0 0.5703   cells homeward      -18 (-0.000472/tick)
      => P(move) up-gradient minus down-gradient: +0.3911  (the homing drive; ~0 means the circuit is inert)
    TRACE PheroAAlong histogram (-1..+1 in ninths): [-0.89]96 [-0.67]2580 [-0.44]9138 [-0.22]10368 [+0.00]44330 [+0.22]1070 [+0.44]412 [+0.67]54 [+0.89]12
    TRACE homing gate: opens at Carrying >= 0.9890; OPEN on 68060 of 68060 laden decisions (100.00%)
    TRACE the same split, GATE OPEN only -- the only rows where the pair can respond at all:
        facing UP-gradient   n     3434   P(move) 0.4600   not resting   67.1%   P(move)|>0 0.6854   cells homeward      183 (+0.053291/tick)
        facing DOWN-gradient n    26508   P(move) 0.0689   not resting   20.0%   P(move)|>0 0.3443   cells homeward      137 (+0.005168/tick)
      => with the gate open, P(move) up minus down: +0.3911; cells homeward up minus down: +0.048122/tick
         (positive cells-homeward means the ramp the colony built points at the NEST)
    TRACE of the 68060 gate-open decisions, 0 (0.0%) are ants ALSO holding spoil -- see `tr_gate_open_spoil`
    TRACE split by whether the homing gate is OPEN -- the conversion test:
      gate OPEN              n    68060   P(move) 0.1564   not resting   29.8%   P(move)|>0 0.5243   cells homeward      302 (+0.004437/tick)
      gate SHUT              n 0
    TRACE WHY A LADEN ANT IS NOT PUTTING ITS LOAD DOWN -- its own `Drop` output, by how far the nearest nest material is:
       nearest nest material  laden ticks   % of laden  P(drop)      drops
           ADJACENT (AtNest)         5274         7.7%   0.4961        151   <- the only row where Drop can fire
                     2 cells           36         0.1%   0.0000          0
                     4 cells          138         0.2%   0.0000          0
                     8 cells           24         0.0%   0.0000          0
                    16 cells         2364         3.5%   0.0000          1
                    32 cells         4152         6.1%   0.0000          2
              further / none        56072        82.4%   0.0000         21
    TRACE ...and when it misses by 2-4 cells, is the miss SIDEWAYS or UPWARD? (rows = |dx|, cols = |dy|)
                  |dy|=0         1         2         3        4+
        |dx|=1      0.0%      0.0%     10.3%      0.0%      0.0%
        |dx|=2      0.0%     10.3%      0.0%      0.0%      0.0%
        |dx|=4     31.0%     48.3%      0.0%      0.0%      0.0%
      MISSED ONLY UPWARD (|dx|<=1, |dy|>=2) -- standing on the doorstep, head too high: 10.3%
    TRACE CAN IT SMELL THE LAST FEW CELLS? -- channel A one step TOWARD the comb vs one step AWAY, at a 2-4 cell miss:
      n 174  |  mean toward 1905.3  mean away 1675.8  |  toward is STRONGER on 100.0% of ticks, equal on 0.0%
      and what the ANT reads there -- its own PheroAAlong: pointed AT the comb -0.0471 (n 66)  |  pointed away -0.1719 (n 108)
      A cue only works if BOTH lines are good: the plane has to carry it AND the nose has to see it.
    TRACE WOULD A TWO-FORWARD-SAMPLE COMPARATOR READ THE PLANE? -- `(far - near) / (far + near + guard)`, neither term the ant's own cell:
        near/far blind (both 0) along POINTED HOME     along AWAY separation
           1 / 2        39.5%        -0.0387        -0.0412    +0.0025
           1 / 3        39.3%        -0.0972        -0.0967    -0.0004
           2 / 4        39.4%        -0.1242        -0.1178    -0.0064
           3 / 6        41.6%        -0.1942        -0.1550    -0.0393
          6 / 12        51.6%        -0.1856        -0.2072    +0.0216   <- Z29's literal suggestion
      SEPARATION IS THE COLUMN. The shipped `(ahead - here)` reads -0.20 home against -0.24 away:
      a gap of 0.04 and NEGATIVE in both. A comparator earns its place by making that gap real
      AND by not being blind -- a pair that reads 0.0 most of the time is not a sensor.
    TRACE DOES SMELLING OVER TIME CARRY THE DIRECTION? -- `(live - lagged) / (live + lagged + guard)` on the ant's OWN cell,
      exponential lag 0.995, read off the plane with no wiring. Bucketed by distance from home, because heading and
      distance are correlated: an ant pointed away has usually just left the nest and stands in the bright end of the ramp.
            distance    state     ticks    along HOME     ticks    along AWAY   separation   mean level
           0-8 cells    moved       913       +0.0191       443       +0.0236      -0.0044        125.0
           0-8 cells   frozen      1467       +0.0817       636       +0.0474      +0.0344        536.5
          8-20 cells   frozen        30       +0.4764        21       +0.5920      -0.1157       1274.3
         20-45 cells    moved       145       +0.2729         8       +0.1842      +0.0887        632.0
         20-45 cells   frozen       195       +0.2143       372       +0.1422      +0.0720        511.1
           45+ cells    moved       102       +0.1025         7       -0.0687      +0.1712        434.0
           45+ cells   frozen       843       -0.0516       652       -0.1381      +0.0865        298.7
      SEPARATION IS THE COLUMN, and `moved` is the row that matters -- a frozen ant is watching its OWN
      deposit climb on a cell it never left, which reads as up-gradient while it goes nowhere.
      Compare against the spatial table above: that one separates +0.0617 at 6/12 on the shipped world.
      AND READ THE LEVEL COLUMN. Channel A is a ramp, so the level is a function of distance -- and §7.48's
      fit cancels the wiring's level term at ONE value of it (`w_in` 0.12). If the level moves across these
      bands, no constant `w_in` cancels it everywhere and the wiring is right at one distance from home.
      READ THE TOP ROW'S SHARE. `(AtNest, Drop, 1.0889)` against `(Bias, Drop, -0.2)` puts P(drop) at
      EXACTLY 0 anywhere below adjacency, at any crop fill. So a small top row means the ants never
      REACH the comb, and a large one with few drops would mean they reach it and decline.
    TRACE does pointing HOME give a POSITIVE reading? -- the three-way fix test, see `tr_align`:
      heading vs home          n  mean along % positive   P(move)
        -1.0..-0.6       8881     -0.1878      11.3%    0.0301
        -0.6..-0.2        800      0.0068       7.5%    0.0750
        -0.2..+0.2       4296     -0.1757       2.6%    0.1409
        +0.2..+0.6       1145     -0.0646       1.4%    0.4924
        +0.6..+1.0      19473     -0.1831       5.7%    0.4336   <- POINTED AT HOME: this row is the answer
    TRACE response vs crop fill -- P(home) should CLIMB with fill; a step or a flat line is the defect:
           fill          n   P(move)   P(home)   P(away)    cells/tick
        0.9-1.0      68060    0.1564    0.0090    0.0046     +0.004437   <- the gate threshold falls inside this bin
    TRACE Move pre-squash terms, mean over the decisions each one was live for:
      h2               -2.32500   (live in 74276 of 68060)
      h3               +2.10950   (live in 74276 of 68060)
      Bias             +2.00000   (live in 74276 of 68060)
      Energy           -1.41605   (live in 74276 of 68060)
      h1               -0.80587   (live in 74276 of 68060)   <- THE TRAIL. `PheroAAlong` reaches `Move` here and nowhere else.
      FoodAdjacent     -0.50488   (live in 74276 of 68060)
      HomeAligned      +0.38679   (live in 74276 of 68060)
      KinNeed          +0.20634   (live in 74276 of 68060)
      Stillness        +0.18700   (live in 74276 of 68060)
      Crowding         -0.15179   (live in 74276 of 68060)
      h0               -0.12192   (live in 74276 of 68060)   <- THE TRAIL. `PheroAAlong` reaches `Move` here and nowhere else.
      TempAboveAmb     -0.00000   (live in 3985 of 68060)
      Alarm            +0.00000   (live in 74276 of 68060)
    TRACE focal ant: 11448 decisions written to /tmp/trailfollow-focal-seed1-gap90.csv
   90    1  hand    9/6        20523      804        0    68060     5454   21/32        3         5 1 2 24 0
                A READ  ant-readable homeward along >= 0.02 on  56.6% of route-cell samples | FOODWARD  16.0% | plane lit on  75.4% | peak amt  20313 cells  88
                THE LOOP, ANT BY ANT:
                  0. lived                                     32    100.0% of prev    100.0% of all
                  1. reached the food                          21     65.6% of prev     65.6% of all
                  2. picked food up out there                  17     81.0% of prev     53.1% of all
                  3. turned for home with it                    5     29.4% of prev     15.6% of all
                  4. got back to the nest still holding it      2     40.0% of prev      6.2% of all
                  5. PUT IT DOWN there                          2    100.0% of prev      6.2% of all
                  6. went back out again                        1     50.0% of prev      3.1% of all
                  7. reached the food a SECOND time             0      0.0% of prev      0.0% of all
                RETURN LEDGER reached food   21 of   32 ants | came back    3 | trips laden    2 empty    1 | LOOPERS    2 of   32 ants ( 9.5% of those that reached food), repeat    0, most loops by one ant   1
                BY ANCHOR AT PICKUP  anchor ON nest material:    2 loops /    5 pickups ( 40.0%) | anchor OFF it:    0 /   14 (  0.0%)
                BY BIRTH SITE  born ON comb:   2 of   7 that reached food looped ( 28.6%) | born OFF comb:   0 of  14 (  0.0%)
                LEGS legs[1555,631,10981] laden[1555,631]
                founded x   12..88   (nest cursor 48 MATERIAL x 26..70 11 of 32 founders born on it; food 138; nearest founder 50 cells out, farthest 126, nominal gap 90)  occupancy/1k [36 15 13 56 21 34 27 81]  carry->nest     302  born   12 died   23 (starved   19)
                own trail: route pk   74 end   14 along -0.1181  B nest->food [89,3127,6452,9615,8321]  blocked      374  kin swaps       0  ticks     48415  tumbles     20307 (homeward     1030, 5.07%)  drops     344  DELIVERED   344  leg home n    3 med  1555 p90 10981 (laden n    2 med  1555 p90  1555)  appetite held         0 J of  11454720  trips born-on-comb    2 (12 ants) / born-off    1 (20 ants)
                channel A: PEAK amt  20313 cells   88 (of 91 route)  POLARITY|| +0.14334 && +0.13663 SPAN +0.02620 edge   6.7  end nest->food [4481,3810,37,0,0]  nest   25  AtNest  7.74%
                Carrying: laden     75222  of which SPOIL      7162 (  9.5%)
    TRACE laden ants: n 55297  mean PheroAAlong -0.27516  MEAN |PheroAAlong| 0.31060  mean P(move) 0.0940  mean trail term (h0+h1 -> Move) -2.52155  net cells homeward 521 (+0.009422/tick)
    TRACE laden TICKS by what the sensor cell is -- the geometry test  [6.00 frames/tick, must equal tick_interval]:
      air (nose in open sky)             n     4596 ( 49.9% of ticks)   mean along -0.3082   usable (>= +0.02)   3.4%   frozen  88.6%
      solid (nose in ground)             n     2676 ( 29.0% of ticks)   mean along -0.3153   usable (>= +0.02)   2.8%   frozen  81.8%
      surface (a trail could be here)    n     1941 ( 21.1% of ticks)   mean along -0.1411   usable (>= +0.02)  26.4%   frozen  52.1%
      => of 7271 FROZEN laden ticks (P(move) exactly 0), 86% had the nose in sky or ground
    TRACE freeze runs: n 436   median 4 ticks   p90 48   longest 294
    TRACE split by the sign of `along` -- the run-and-tumble test:
      facing UP-gradient     n     4686   P(move) 0.5336   not resting   85.5%   P(move)|>0 0.6239   cells homeward      316 (+0.067435/tick)
      facing DOWN-gradient   n    49291   P(move) 0.0462   not resting   14.3%   P(move)|>0 0.3225   cells homeward      151 (+0.003063/tick)
      no readable gradient   n     1320   P(move) 0.3194   not resting   44.5%   P(move)|>0 0.7169   cells homeward       54 (+0.040909/tick)
      => P(move) up-gradient minus down-gradient: +0.4874  (the homing drive; ~0 means the circuit is inert)
    TRACE PheroAAlong histogram (-1..+1 in ninths): [-0.89]174 [-0.67]3720 [-0.44]18102 [-0.22]24451 [+0.00]5298 [+0.22]3054 [+0.44]390 [+0.67]90 [+0.89]18
    TRACE homing gate: opens at Carrying >= 0.9890; OPEN on 55297 of 55297 laden decisions (100.00%)
    TRACE the same split, GATE OPEN only -- the only rows where the pair can respond at all:
        facing UP-gradient   n     4686   P(move) 0.5336   not resting   85.5%   P(move)|>0 0.6239   cells homeward      316 (+0.067435/tick)
        facing DOWN-gradient n    49291   P(move) 0.0462   not resting   14.3%   P(move)|>0 0.3225   cells homeward      151 (+0.003063/tick)
      => with the gate open, P(move) up minus down: +0.4874; cells homeward up minus down: +0.064371/tick
         (positive cells-homeward means the ramp the colony built points at the NEST)
    TRACE of the 55297 gate-open decisions, 0 (0.0%) are ants ALSO holding spoil -- see `tr_gate_open_spoil`
    TRACE split by whether the homing gate is OPEN -- the conversion test:
      gate OPEN              n    55297   P(move) 0.0940   not resting   21.1%   P(move)|>0 0.4460   cells homeward      521 (+0.009422/tick)
      gate SHUT              n 0
    TRACE WHY A LADEN ANT IS NOT PUTTING ITS LOAD DOWN -- its own `Drop` output, by how far the nearest nest material is:
       nearest nest material  laden ticks   % of laden  P(drop)      drops
           ADJACENT (AtNest)        14070        25.4%   0.4913        203   <- the only row where Drop can fire
                     2 cells         8682        15.7%   0.0000          0
                     4 cells         4350         7.9%   0.0000          2
                     8 cells         2293         4.1%   0.0000          0
                    16 cells         3642         6.6%   0.0000          2
                    32 cells         1854         3.4%   0.0000          0
              further / none        20406        36.9%   0.0000          4
    TRACE ...and when it misses by 2-4 cells, is the miss SIDEWAYS or UPWARD? (rows = |dx|, cols = |dy|)
                  |dy|=0         1         2         3        4+
        |dx|=0      0.0%      0.0%     13.6%      0.0%      0.0%
        |dx|=1      0.0%      0.0%     38.2%      4.5%      0.0%
        |dx|=2      0.0%      3.4%     11.5%     18.1%      0.1%
        |dx|=3      0.0%      0.0%      0.0%      0.6%      0.3%
        |dx|=4      0.0%      4.5%      5.1%      0.0%      0.0%
      MISSED ONLY UPWARD (|dx|<=1, |dy|>=2) -- standing on the doorstep, head too high: 56.3%
    TRACE CAN IT SMELL THE LAST FEW CELLS? -- channel A one step TOWARD the comb vs one step AWAY, at a 2-4 cell miss:
      n 13032  |  mean toward 5269.4  mean away 4576.0  |  toward is STRONGER on 90.4% of ticks, equal on 0.0%
      and what the ANT reads there -- its own PheroAAlong: pointed AT the comb -0.2585 (n 3858)  |  pointed away -0.3080 (n 9174)
      A cue only works if BOTH lines are good: the plane has to carry it AND the nose has to see it.
    TRACE WOULD A TWO-FORWARD-SAMPLE COMPARATOR READ THE PLANE? -- `(far - near) / (far + near + guard)`, neither term the ant's own cell:
        near/far blind (both 0) along POINTED HOME     along AWAY separation
           1 / 2         1.7%        -0.0365        -0.0407    +0.0041
           1 / 3         1.6%        -0.0830        -0.0881    +0.0050
           2 / 4         2.0%        -0.1005        -0.0984    -0.0022
           3 / 6         3.6%        -0.1542        -0.1499    -0.0043
          6 / 12        16.0%        -0.2096        -0.3297    +0.1201   <- Z29's literal suggestion
      SEPARATION IS THE COLUMN. The shipped `(ahead - here)` reads -0.20 home against -0.24 away:
      a gap of 0.04 and NEGATIVE in both. A comparator earns its place by making that gap real
      AND by not being blind -- a pair that reads 0.0 most of the time is not a sensor.
    TRACE DOES SMELLING OVER TIME CARRY THE DIRECTION? -- `(live - lagged) / (live + lagged + guard)` on the ant's OWN cell,
      exponential lag 0.995, read off the plane with no wiring. Bucketed by distance from home, because heading and
      distance are correlated: an ant pointed away has usually just left the nest and stands in the bright end of the ramp.
            distance    state     ticks    along HOME     ticks    along AWAY   separation   mean level
           0-8 cells    moved       147       +0.2849        84       +0.3362      -0.0513       4488.6
           0-8 cells   frozen       687       +0.2463      1652       +0.1284      +0.1179       5156.7
          8-20 cells    moved       150       +0.1973        48       +0.0878      +0.1095       2328.3
          8-20 cells   frozen       499       +0.1508       510       +0.1022      +0.0486       3919.9
         20-45 cells    moved       241       -0.0229         8       -0.0673      +0.0444        171.3
         20-45 cells   frozen       459       +0.0189       790       +0.0252      -0.0063        180.9
           45+ cells    moved       114       +0.0344         5       -0.1703      +0.2047        354.0
           45+ cells   frozen      1020       -0.0718       436       -0.1587      +0.0868        189.1
      SEPARATION IS THE COLUMN, and `moved` is the row that matters -- a frozen ant is watching its OWN
      deposit climb on a cell it never left, which reads as up-gradient while it goes nowhere.
      Compare against the spatial table above: that one separates +0.0617 at 6/12 on the shipped world.
      AND READ THE LEVEL COLUMN. Channel A is a ramp, so the level is a function of distance -- and §7.48's
      fit cancels the wiring's level term at ONE value of it (`w_in` 0.12). If the level moves across these
      bands, no constant `w_in` cancels it everywhere and the wiring is right at one distance from home.
      READ THE TOP ROW'S SHARE. `(AtNest, Drop, 1.0889)` against `(Bias, Drop, -0.2)` puts P(drop) at
      EXACTLY 0 anywhere below adjacency, at any crop fill. So a small top row means the ants never
      REACH the comb, and a large one with few drops would mean they reach it and decline.
    TRACE does pointing HOME give a POSITIVE reading? -- the three-way fix test, see `tr_align`:
      heading vs home          n  mean along % positive   P(move)
        -1.0..-0.6      15109     -0.2153      15.1%    0.0356
        -0.6..-0.2       1068     -0.2557       4.5%    0.0000
        -0.2..+0.2       6048     -0.3050       0.3%    0.0076
        +0.2..+0.6       1356     -0.2863       0.9%    0.0306
        +0.6..+1.0      17592     -0.2588      11.6%    0.2458   <- POINTED AT HOME: this row is the answer
    TRACE response vs crop fill -- P(home) should CLIMB with fill; a step or a flat line is the defect:
           fill          n   P(move)   P(home)   P(away)    cells/tick
        0.9-1.0      55297    0.0940    0.0119    0.0024     +0.009422   <- the gate threshold falls inside this bin
    TRACE Move pre-squash terms, mean over the decisions each one was live for:
      h2               -2.14310   (live in 74918 of 55297)
      Bias             +2.00000   (live in 74918 of 55297)
      h0               -1.40227   (live in 74918 of 55297)   <- THE TRAIL. `PheroAAlong` reaches `Move` here and nowhere else.
      h3               +1.35936   (live in 74918 of 55297)
      Energy           -1.18779   (live in 74918 of 55297)
      h1               -0.45975   (live in 74918 of 55297)   <- THE TRAIL. `PheroAAlong` reaches `Move` here and nowhere else.
      KinNeed          +0.45422   (live in 74918 of 55297)
      Crowding         -0.19715   (live in 74918 of 55297)
      Stillness        +0.19247   (live in 74918 of 55297)
      HomeAligned      +0.07894   (live in 74918 of 55297)
      FoodAdjacent     -0.06788   (live in 74918 of 55297)
      Alarm            +0.00000   (live in 74918 of 55297)
    TRACE focal ant: 23101 decisions written to /tmp/trailfollow-focal-seed2-gap90.csv
   90    2  hand    7/7         7230      600        0    55297    31339    8/20       11          5 5 2 8 0
                A READ  ant-readable homeward along >= 0.02 on  53.5% of route-cell samples | FOODWARD  21.3% | plane lit on  74.9% | peak amt  25204 cells  87
                THE LOOP, ANT BY ANT:
                  0. lived                                     20    100.0% of prev    100.0% of all
                  1. reached the food                           8     40.0% of prev     40.0% of all
                  2. picked food up out there                   7     87.5% of prev     35.0% of all
                  3. turned for home with it                    6     85.7% of prev     30.0% of all
                  4. got back to the nest still holding it      5     83.3% of prev     25.0% of all
                  5. PUT IT DOWN there                          4     80.0% of prev     20.0% of all
                  6. went back out again                        3     75.0% of prev     15.0% of all
                  7. reached the food a SECOND time             2     66.7% of prev     10.0% of all
                RETURN LEDGER reached food    8 of   20 ants | came back    8 | trips laden    7 empty    4 | LOOPERS    5 of   20 ants (62.5% of those that reached food), repeat    2, most loops by one ant   2
                BY ANCHOR AT PICKUP  anchor ON nest material:    3 loops /    5 pickups ( 60.0%) | anchor OFF it:    4 /    7 ( 57.1%)
                BY BIRTH SITE  born ON comb:   1 of   3 that reached food looped ( 33.3%) | born OFF comb:   4 of   5 ( 80.0%)
                LEGS legs[901,2185,1447,2191,2083,1957,8119,5557,3391,475,7891] laden[901,2185,1447,2191,2083,1957,475]
                founded x   12..88   (nest cursor 48 MATERIAL x 26..70 11 of 20 founders born on it; food 138; nearest founder 50 cells out, farthest 126, nominal gap 90)  occupancy/1k [24 147 89 7 13 17 43 18]  carry->nest     521  born    0 died   13 (starved   12)
                own trail: route pk   77 end   12 along -0.0023  B nest->food [89,3379,6492,9672,8291]  blocked      306  kin swaps       0  ticks     60093  tumbles     27244 (homeward     1126, 4.13%)  drops     946  DELIVERED   946  leg home n   11 med  2185 p90  7891 (laden n    7 med  1957 p90  2185)  appetite held         0 J of   8857920  trips born-on-comb    3 (11 ants) / born-off    8 (9 ants)
                channel A: PEAK amt  25204 cells   87 (of 91 route)  POLARITY|| +0.13217 && +0.12426 SPAN +0.00243 edge   7.1  end nest->food [1320,11853,1275,0,0]  nest   25  AtNest 23.92%
                Carrying: laden     62743  of which SPOIL      7446 ( 11.9%)
    TRACE laden ants: n 22686  mean PheroAAlong -0.25514  MEAN |PheroAAlong| 0.33247  mean P(move) 0.1612  mean trail term (h0+h1 -> Move) -2.04468  net cells homeward 397 (+0.017500/tick)
    TRACE laden TICKS by what the sensor cell is -- the geometry test  [6.00 frames/tick, must equal tick_interval]:
      air (nose in open sky)             n     1333 ( 35.3% of ticks)   mean along -0.3148   usable (>= +0.02)  13.4%   frozen  80.3%
      solid (nose in ground)             n     1207 ( 31.9% of ticks)   mean along -0.3854   usable (>= +0.02)   3.0%   frozen  82.6%
      surface (a trail could be here)    n     1240 ( 32.8% of ticks)   mean along -0.0641   usable (>= +0.02)  39.4%   frozen  36.7%
      => of 2523 FROZEN laden ticks (P(move) exactly 0), 82% had the nose in sky or ground
    TRACE freeze runs: n 275   median 3 ticks   p90 22   longest 117
    TRACE split by the sign of `along` -- the run-and-tumble test:
      facing UP-gradient     n     4362   P(move) 0.4334   not resting   68.1%   P(move)|>0 0.6366   cells homeward      259 (+0.059376/tick)
      facing DOWN-gradient   n    17772   P(move) 0.0834   not resting   23.5%   P(move)|>0 0.3545   cells homeward      108 (+0.006077/tick)
      no readable gradient   n      552   P(move) 0.5139   not resting   70.7%   P(move)|>0 0.7274   cells homeward       30 (+0.054348/tick)
      => P(move) up-gradient minus down-gradient: +0.3500  (the homing drive; ~0 means the circuit is inert)
    TRACE PheroAAlong histogram (-1..+1 in ninths): [-0.89]174 [-0.67]2946 [-0.44]6906 [-0.22]6564 [+0.00]2838 [+0.22]2676 [+0.44]432 [+0.67]96 [+0.89]54
    TRACE homing gate: opens at Carrying >= 0.9890; OPEN on 22686 of 22686 laden decisions (100.00%)
    TRACE the same split, GATE OPEN only -- the only rows where the pair can respond at all:
        facing UP-gradient   n     4362   P(move) 0.4334   not resting   68.1%   P(move)|>0 0.6366   cells homeward      259 (+0.059376/tick)
        facing DOWN-gradient n    17772   P(move) 0.0834   not resting   23.5%   P(move)|>0 0.3545   cells homeward      108 (+0.006077/tick)
      => with the gate open, P(move) up minus down: +0.3500; cells homeward up minus down: +0.053299/tick
         (positive cells-homeward means the ramp the colony built points at the NEST)
    TRACE of the 22686 gate-open decisions, 0 (0.0%) are ants ALSO holding spoil -- see `tr_gate_open_spoil`
    TRACE split by whether the homing gate is OPEN -- the conversion test:
      gate OPEN              n    22686   P(move) 0.1612   not resting   33.2%   P(move)|>0 0.4848   cells homeward      397 (+0.017500/tick)
      gate SHUT              n 0
    TRACE WHY A LADEN ANT IS NOT PUTTING ITS LOAD DOWN -- its own `Drop` output, by how far the nearest nest material is:
       nearest nest material  laden ticks   % of laden  P(drop)      drops
           ADJACENT (AtNest)         2376        10.5%   0.4917         40   <- the only row where Drop can fire
                     2 cells         2406        10.6%   0.0000          0
                     4 cells          402         1.8%   0.0000          1
                     8 cells          438         1.9%   0.0000          0
                    16 cells         3060        13.5%   0.0000          0
                    32 cells         3390        14.9%   0.0000          1
              further / none        10614        46.8%   0.0000          0
    TRACE ...and when it misses by 2-4 cells, is the miss SIDEWAYS or UPWARD? (rows = |dx|, cols = |dy|)
                  |dy|=0         1         2         3        4+
        |dx|=0      0.0%      0.0%     15.4%      0.0%      0.0%
        |dx|=1      0.0%      0.0%      7.1%      1.1%      0.0%
        |dx|=2      0.0%      0.2%     63.0%      0.9%      0.0%
        |dx|=3      0.0%      0.0%      0.0%      7.7%      0.4%
        |dx|=4      0.0%      4.3%      0.0%      0.0%      0.0%
      MISSED ONLY UPWARD (|dx|<=1, |dy|>=2) -- standing on the doorstep, head too high: 23.5%
    TRACE CAN IT SMELL THE LAST FEW CELLS? -- channel A one step TOWARD the comb vs one step AWAY, at a 2-4 cell miss:
      n 2808  |  mean toward 6171.3  mean away 6772.7  |  toward is STRONGER on 28.4% of ticks, equal on 0.0%
      and what the ANT reads there -- its own PheroAAlong: pointed AT the comb -0.3491 (n 1230)  |  pointed away -0.2886 (n 1578)
      A cue only works if BOTH lines are good: the plane has to carry it AND the nose has to see it.
    TRACE WOULD A TWO-FORWARD-SAMPLE COMPARATOR READ THE PLANE? -- `(far - near) / (far + near + guard)`, neither term the ant's own cell:
        near/far blind (both 0) along POINTED HOME     along AWAY separation
           1 / 2         2.7%        -0.0470        -0.0159    -0.0311
           1 / 3         2.6%        -0.1009        -0.0573    -0.0436
           2 / 4         4.7%        -0.1188        -0.0932    -0.0256
           3 / 6         5.3%        -0.1748        -0.1467    -0.0281
          6 / 12         9.9%        -0.1685        -0.1551    -0.0134   <- Z29's literal suggestion
      SEPARATION IS THE COLUMN. The shipped `(ahead - here)` reads -0.20 home against -0.24 away:
      a gap of 0.04 and NEGATIVE in both. A comparator earns its place by making that gap real
      AND by not being blind -- a pair that reads 0.0 most of the time is not a sensor.
    TRACE DOES SMELLING OVER TIME CARRY THE DIRECTION? -- `(live - lagged) / (live + lagged + guard)` on the ant's OWN cell,
      exponential lag 0.995, read off the plane with no wiring. Bucketed by distance from home, because heading and
      distance are correlated: an ant pointed away has usually just left the nest and stands in the bright end of the ramp.
            distance    state     ticks    along HOME     ticks    along AWAY   separation   mean level
           0-8 cells    moved        85       +0.3017        67       +0.2604      +0.0413       3189.8
           0-8 cells   frozen       600       +0.1373       574       +0.0849      +0.0524       3524.1
          8-20 cells    moved       101       +0.2378        17       +0.3564      -0.1185       1542.7
          8-20 cells   frozen        61       +0.2696        79       +0.2424      +0.0272       2199.2
         20-45 cells    moved       185       +0.0976         7       +0.0983      -0.0007        290.5
         20-45 cells   frozen       423       +0.1509       285       +0.1704      -0.0196        324.9
           45+ cells    moved        78       +0.2382         3       +0.0090      +0.2292        378.4
           45+ cells   frozen       326       +0.0476       382       -0.0441      +0.0916        282.0
      SEPARATION IS THE COLUMN, and `moved` is the row that matters -- a frozen ant is watching its OWN
      deposit climb on a cell it never left, which reads as up-gradient while it goes nowhere.
      Compare against the spatial table above: that one separates +0.0617 at 6/12 on the shipped world.
      AND READ THE LEVEL COLUMN. Channel A is a ramp, so the level is a function of distance -- and §7.48's
      fit cancels the wiring's level term at ONE value of it (`w_in` 0.12). If the level moves across these
      bands, no constant `w_in` cancels it everywhere and the wiring is right at one distance from home.
      READ THE TOP ROW'S SHARE. `(AtNest, Drop, 1.0889)` against `(Bias, Drop, -0.2)` puts P(drop) at
      EXACTLY 0 anywhere below adjacency, at any crop fill. So a small top row means the ants never
      REACH the comb, and a large one with few drops would mean they reach it and decline.
    TRACE does pointing HOME give a POSITIVE reading? -- the three-way fix test, see `tr_align`:
      heading vs home          n  mean along % positive   P(move)
        -1.0..-0.6       7170     -0.1530      33.8%    0.0423
        -0.6..-0.2        678     -0.2736       0.0%    0.0000
        -0.2..+0.2       1566     -0.3788       0.4%    0.0499
        +0.2..+0.6        864     -0.2237       0.0%    0.0067
        +0.6..+1.0       9432     -0.2852      17.6%    0.3256   <- POINTED AT HOME: this row is the answer
    TRACE response vs crop fill -- P(home) should CLIMB with fill; a step or a flat line is the defect:
           fill          n   P(move)   P(home)   P(away)    cells/tick
        0.9-1.0      22686    0.1612    0.0203    0.0028     +0.017500   <- the gate threshold falls inside this bin
    TRACE Move pre-squash terms, mean over the decisions each one was live for:
      h2               -2.08390   (live in 28206 of 22686)
      Bias             +2.00000   (live in 28206 of 22686)
      h3               +1.68656   (live in 28206 of 22686)
      h0               -1.10784   (live in 28206 of 22686)   <- THE TRAIL. `PheroAAlong` reaches `Move` here and nowhere else.
      Energy           -1.10634   (live in 28206 of 22686)
      h1               -0.53745   (live in 28206 of 22686)   <- THE TRAIL. `PheroAAlong` reaches `Move` here and nowhere else.
      KinNeed          +0.37730   (live in 28206 of 22686)
      HomeAligned      +0.20515   (live in 28206 of 22686)
      Crowding         -0.09399   (live in 28206 of 22686)
      Stillness        +0.06170   (live in 28206 of 22686)
      FoodAdjacent     -0.03496   (live in 28206 of 22686)
      Alarm            +0.00000   (live in 28206 of 22686)
    TRACE focal ant: 10746 decisions written to /tmp/trailfollow-focal-seed3-gap90.csv
   90    3  hand    0/0         2970      564    20178    22686     5406    8/20        5          4 2 6 8 0
                A READ  ant-readable homeward along >= 0.02 on  49.7% of route-cell samples | FOODWARD  21.6% | plane lit on  71.3% | peak amt  25134 cells  86
                THE LOOP, ANT BY ANT:
                  0. lived                                     20    100.0% of prev    100.0% of all
                  1. reached the food                           8     40.0% of prev     40.0% of all
                  2. picked food up out there                   7     87.5% of prev     35.0% of all
                  3. turned for home with it                    6     85.7% of prev     30.0% of all
                  4. got back to the nest still holding it      2     33.3% of prev     10.0% of all
                  5. PUT IT DOWN there                          1     50.0% of prev      5.0% of all
                  6. went back out again                        1    100.0% of prev      5.0% of all
                  7. reached the food a SECOND time             0      0.0% of prev      0.0% of all
                RETURN LEDGER reached food    8 of   20 ants | came back    5 | trips laden    2 empty    3 | LOOPERS    2 of   20 ants (25.0% of those that reached food), repeat    0, most loops by one ant   1
                BY ANCHOR AT PICKUP  anchor ON nest material:    0 loops /    3 pickups (  0.0%) | anchor OFF it:    2 /    6 ( 33.3%)
                BY BIRTH SITE  born ON comb:   0 of   3 that reached food looped (  0.0%) | born OFF comb:   2 of   5 ( 40.0%)
                LEGS legs[1687,2857,6607,2881,8893] laden[1687,2857]
                founded x   12..88   (nest cursor 48 MATERIAL x 26..70 11 of 20 founders born on it; food 138; nearest founder 50 cells out, farthest 126, nominal gap 90)  occupancy/1k [39 44 27 34 13 10 25 6]  carry->nest     397  born    0 died   20 (starved   18)
                own trail: route pk   61 end    0 along +0.0000  B nest->food [89,3125,6498,9627,8291]  blocked      274  kin swaps       0  ticks     33657  tumbles     13897 (homeward      336, 2.42%)  drops     187  DELIVERED   187  leg home n    5 med  2881 p90  8893 (laden n    2 med  2857 p90  2857)  appetite held         0 J of   3638400  trips born-on-comb    1 (11 ants) / born-off    4 (9 ants)
                channel A: PEAK amt  25134 cells   86 (of 91 route)  POLARITY|| +0.13236 && +0.12186 SPAN +0.00145 edge   7.2  end nest->food [1763,3815,860,0,0]  nest   25  AtNest 15.34%
                Carrying: laden     29184  of which SPOIL      6498 ( 22.3%)
    TRACE laden ants: n 50508  mean PheroAAlong -0.26481  MEAN |PheroAAlong| 0.30768  mean P(move) 0.1143  mean trail term (h0+h1 -> Move) -2.26600  net cells homeward 573 (+0.011345/tick)
    TRACE laden TICKS by what the sensor cell is -- the geometry test  [6.00 frames/tick, must equal tick_interval]:
      air (nose in open sky)             n     3625 ( 43.1% of ticks)   mean along -0.3345   usable (>= +0.02)   3.6%   frozen  83.2%
      solid (nose in ground)             n     2332 ( 27.7% of ticks)   mean along -0.3299   usable (>= +0.02)   5.2%   frozen  82.0%
      surface (a trail could be here)    n     2460 ( 29.2% of ticks)   mean along -0.1004   usable (>= +0.02)  34.6%   frozen  62.2%
      => of 6459 FROZEN laden ticks (P(move) exactly 0), 76% had the nose in sky or ground
    TRACE freeze runs: n 438   median 4 ticks   p90 36   longest 230
    TRACE split by the sign of `along` -- the run-and-tumble test:
      facing UP-gradient     n     7266   P(move) 0.3697   not resting   56.2%   P(move)|>0 0.6574   cells homeward      322 (+0.044316/tick)
      facing DOWN-gradient   n    42402   P(move) 0.0663   not resting   17.1%   P(move)|>0 0.3871   cells homeward      222 (+0.005236/tick)
      no readable gradient   n      840   P(move) 0.3283   not resting   47.1%   P(move)|>0 0.6965   cells homeward       29 (+0.034524/tick)
      => P(move) up-gradient minus down-gradient: +0.3034  (the homing drive; ~0 means the circuit is inert)
    TRACE PheroAAlong histogram (-1..+1 in ninths): [-0.89]600 [-0.67]5238 [-0.44]15078 [-0.22]17208 [+0.00]8184 [+0.22]3504 [+0.44]612 [+0.67]84 [+0.89]0
    TRACE homing gate: opens at Carrying >= 0.9890; OPEN on 50508 of 50508 laden decisions (100.00%)
    TRACE the same split, GATE OPEN only -- the only rows where the pair can respond at all:
        facing UP-gradient   n     7266   P(move) 0.3697   not resting   56.2%   P(move)|>0 0.6574   cells homeward      322 (+0.044316/tick)
        facing DOWN-gradient n    42402   P(move) 0.0663   not resting   17.1%   P(move)|>0 0.3871   cells homeward      222 (+0.005236/tick)
      => with the gate open, P(move) up minus down: +0.3034; cells homeward up minus down: +0.039080/tick
         (positive cells-homeward means the ramp the colony built points at the NEST)
    TRACE of the 50508 gate-open decisions, 114 (0.2%) are ants ALSO holding spoil -- see `tr_gate_open_spoil`
    TRACE split by whether the homing gate is OPEN -- the conversion test:
      gate OPEN              n    50508   P(move) 0.1143   not resting   23.3%   P(move)|>0 0.4915   cells homeward      573 (+0.011345/tick)
      gate SHUT              n 0
    TRACE WHY A LADEN ANT IS NOT PUTTING ITS LOAD DOWN -- its own `Drop` output, by how far the nearest nest material is:
       nearest nest material  laden ticks   % of laden  P(drop)      drops
           ADJACENT (AtNest)         4098         8.1%   0.4905         20   <- the only row where Drop can fire
                     2 cells         9864        19.5%   0.0000          2
                     4 cells          390         0.8%   0.0000          0
                     8 cells         1320         2.6%   0.0000          0
                    16 cells         1698         3.4%   0.0000          1
                    32 cells         8484        16.8%   0.0000          2
              further / none        24654        48.8%   0.0000          4
    TRACE ...and when it misses by 2-4 cells, is the miss SIDEWAYS or UPWARD? (rows = |dx|, cols = |dy|)
                  |dy|=0         1         2         3        4+
        |dx|=0      0.0%      0.0%      1.2%      0.0%      0.0%
        |dx|=1      0.0%      0.0%     42.8%      1.7%      0.0%
        |dx|=2      0.0%      4.1%     48.1%      0.0%      0.0%
        |dx|=4      0.0%      1.7%      0.4%      0.1%      0.0%
      MISSED ONLY UPWARD (|dx|<=1, |dy|>=2) -- standing on the doorstep, head too high: 45.7%
    TRACE CAN IT SMELL THE LAST FEW CELLS? -- channel A one step TOWARD the comb vs one step AWAY, at a 2-4 cell miss:
      n 10254  |  mean toward 2511.0  mean away 2139.7  |  toward is STRONGER on 93.9% of ticks, equal on 0.0%
      and what the ANT reads there -- its own PheroAAlong: pointed AT the comb -0.2798 (n 4128)  |  pointed away -0.3490 (n 6126)
      A cue only works if BOTH lines are good: the plane has to carry it AND the nose has to see it.
    TRACE WOULD A TWO-FORWARD-SAMPLE COMPARATOR READ THE PLANE? -- `(far - near) / (far + near + guard)`, neither term the ant's own cell:
        near/far blind (both 0) along POINTED HOME     along AWAY separation
           1 / 2         0.9%        -0.0406        -0.0265    -0.0141
           1 / 3         0.8%        -0.0972        -0.0743    -0.0229
           2 / 4         1.1%        -0.1225        -0.1093    -0.0133
           3 / 6         1.4%        -0.1850        -0.1860    +0.0010
          6 / 12         8.8%        -0.2348        -0.2795    +0.0447   <- Z29's literal suggestion
      SEPARATION IS THE COLUMN. The shipped `(ahead - here)` reads -0.20 home against -0.24 away:
      a gap of 0.04 and NEGATIVE in both. A comparator earns its place by making that gap real
      AND by not being blind -- a pair that reads 0.0 most of the time is not a sensor.
    TRACE DOES SMELLING OVER TIME CARRY THE DIRECTION? -- `(live - lagged) / (live + lagged + guard)` on the ant's OWN cell,
      exponential lag 0.995, read off the plane with no wiring. Bucketed by distance from home, because heading and
      distance are correlated: an ant pointed away has usually just left the nest and stands in the bright end of the ramp.
            distance    state     ticks    along HOME     ticks    along AWAY   separation   mean level
           0-8 cells    moved       126       +0.2840       171       +0.1649      +0.1190       1642.6
           0-8 cells   frozen      1116       +0.1341      1322       +0.1197      +0.0144       2324.2
          8-20 cells    moved       104       +0.2024        11       +0.0748      +0.1276        584.8
          8-20 cells   frozen       159       +0.1440       326       +0.0899      +0.0541        633.9
         20-45 cells    moved       301       +0.1420        26       +0.0504      +0.0916        483.1
         20-45 cells   frozen       642       +0.1330       909       +0.0922      +0.0408        577.7
           45+ cells    moved       147       +0.0423        11       -0.1700      +0.2122        370.2
           45+ cells   frozen       758       -0.2100      1366       -0.1161      -0.0939        314.1
      SEPARATION IS THE COLUMN, and `moved` is the row that matters -- a frozen ant is watching its OWN
      deposit climb on a cell it never left, which reads as up-gradient while it goes nowhere.
      Compare against the spatial table above: that one separates +0.0617 at 6/12 on the shipped world.
      AND READ THE LEVEL COLUMN. Channel A is a ramp, so the level is a function of distance -- and §7.48's
      fit cancels the wiring's level term at ONE value of it (`w_in` 0.12). If the level moves across these
      bands, no constant `w_in` cancels it everywhere and the wiring is right at one distance from home.
      READ THE TOP ROW'S SHARE. `(AtNest, Drop, 1.0889)` against `(Bias, Drop, -0.2)` puts P(drop) at
      EXACTLY 0 anywhere below adjacency, at any crop fill. So a small top row means the ants never
      REACH the comb, and a large one with few drops would mean they reach it and decline.
    TRACE does pointing HOME give a POSITIVE reading? -- the three-way fix test, see `tr_align`:
      heading vs home          n  mean along % positive   P(move)
        -1.0..-0.6      18540     -0.2187      25.2%    0.0297
        -0.6..-0.2        828     -0.3258       0.7%    0.0020
        -0.2..+0.2       7386     -0.3097       0.9%    0.0133
        +0.2..+0.6        222     -0.2457       0.0%    0.0170
        +0.6..+1.0      18066     -0.2995      11.7%    0.2646   <- POINTED AT HOME: this row is the answer
    TRACE response vs crop fill -- P(home) should CLIMB with fill; a step or a flat line is the defect:
           fill          n   P(move)   P(home)   P(away)    cells/tick
        0.9-1.0      50508    0.1143    0.0144    0.0031     +0.011345   <- the gate threshold falls inside this bin
    TRACE Move pre-squash terms, mean over the decisions each one was live for:
      h2               -2.03653   (live in 69012 of 50508)
      Bias             +2.00000   (live in 69012 of 50508)
      h3               +1.37691   (live in 69012 of 50508)
      h0               -1.29076   (live in 69012 of 50508)   <- THE TRAIL. `PheroAAlong` reaches `Move` here and nowhere else.
      Energy           -1.19788   (live in 69012 of 50508)
      h1               -0.36850   (live in 69012 of 50508)   <- THE TRAIL. `PheroAAlong` reaches `Move` here and nowhere else.
      KinNeed          +0.33872   (live in 69012 of 50508)
      Stillness        +0.15396   (live in 69012 of 50508)
      Crowding         -0.15354   (live in 69012 of 50508)
      HomeAligned      -0.04360   (live in 69012 of 50508)
      FoodAdjacent     -0.02242   (live in 69012 of 50508)
      Alarm            +0.00000   (live in 69012 of 50508)
    TRACE focal ant: 20244 decisions written to /tmp/trailfollow-focal-seed4-gap90.csv
   90    4  hand    0/0         6608     1050    22110    50508    14856   11/20       11         5 1 1 13 0
                A READ  ant-readable homeward along >= 0.02 on  58.3% of route-cell samples | FOODWARD  19.7% | plane lit on  79.6% | peak amt  30046 cells  88
                THE LOOP, ANT BY ANT:
                  0. lived                                     20    100.0% of prev    100.0% of all
                  1. reached the food                          11     55.0% of prev     55.0% of all
                  2. picked food up out there                  10     90.9% of prev     50.0% of all
                  3. turned for home with it                    8     80.0% of prev     40.0% of all
                  4. got back to the nest still holding it      6     75.0% of prev     30.0% of all
                  5. PUT IT DOWN there                          4     66.7% of prev     20.0% of all
                  6. went back out again                        4    100.0% of prev     20.0% of all
                  7. reached the food a SECOND time             1     25.0% of prev      5.0% of all
                RETURN LEDGER reached food   11 of   20 ants | came back   10 | trips laden    6 empty    5 | LOOPERS    5 of   20 ants (45.5% of those that reached food), repeat    1, most loops by one ant   2
                BY ANCHOR AT PICKUP  anchor ON nest material:    3 loops /    7 pickups ( 42.9%) | anchor OFF it:    3 /    9 ( 33.3%)
                BY BIRTH SITE  born ON comb:   2 of   6 that reached food looped ( 33.3%) | born OFF comb:   3 of   5 ( 60.0%)
                LEGS legs[1195,1327,1357,1489,1207,757,10285,11815,6421,14641,9973] laden[1195,1327,1357,1489,1207,757]
                founded x   12..88   (nest cursor 48 MATERIAL x 26..70 11 of 20 founders born on it; food 138; nearest founder 50 cells out, farthest 126, nominal gap 90)  occupancy/1k [37 42 49 37 31 24 81 10]  carry->nest     573  born    0 died   20 (starved   20)
                own trail: route pk   76 end    0 along +0.0000  B nest->food [89,3319,6509,9725,8291]  blocked      462  kin swaps       0  ticks     52335  tumbles     22122 (homeward     1011, 4.57%)  drops     339  DELIVERED   339  leg home n   11 med  1489 p90 11815 (laden n    6 med  1327 p90  1489)  appetite held         0 J of   8096640  trips born-on-comb    5 (11 ants) / born-off    6 (9 ants)
                channel A: PEAK amt  30046 cells   88 (of 91 route)  POLARITY|| +0.10793 && +0.09527 SPAN +0.01853 edge   5.7  end nest->food [979,11497,234,0,0]  nest   25  AtNest 13.55%
                Carrying: laden     58206  of which SPOIL      7812 ( 13.4%)
    TRACE laden ants: n 10440  mean PheroAAlong -0.29443  MEAN |PheroAAlong| 0.35026  mean P(move) 0.2212  mean trail term (h0+h1 -> Move) -2.16146  net cells homeward 272 (+0.026054/tick)
    TRACE laden TICKS by what the sensor cell is -- the geometry test  [6.00 frames/tick, must equal tick_interval]:
      air (nose in open sky)             n      708 ( 40.7% of ticks)   mean along -0.3559   usable (>= +0.02)  12.1%   frozen  78.4%
      solid (nose in ground)             n      404 ( 23.2% of ticks)   mean along -0.3987   usable (>= +0.02)   4.2%   frozen  71.8%
      surface (a trail could be here)    n      628 ( 36.1% of ticks)   mean along -0.1580   usable (>= +0.02)  29.9%   frozen  42.7%
      => of 1113 FROZEN laden ticks (P(move) exactly 0), 76% had the nose in sky or ground
    TRACE freeze runs: n 131   median 3 ticks   p90 15   longest 116
    TRACE split by the sign of `along` -- the run-and-tumble test:
      facing UP-gradient     n     1878   P(move) 0.5959   not resting   78.0%   P(move)|>0 0.7644   cells homeward      107 (+0.056976/tick)
      facing DOWN-gradient   n     7920   P(move) 0.1031   not resting   22.7%   P(move)|>0 0.4535   cells homeward      116 (+0.014646/tick)
      no readable gradient   n      642   P(move) 0.5824   not resting   77.6%   P(move)|>0 0.7508   cells homeward       49 (+0.076324/tick)
      => P(move) up-gradient minus down-gradient: +0.4928  (the homing drive; ~0 means the circuit is inert)
    TRACE PheroAAlong histogram (-1..+1 in ninths): [-0.89]696 [-0.67]1512 [-0.44]2940 [-0.22]2112 [+0.00]2406 [+0.22]468 [+0.44]246 [+0.67]60 [+0.89]0
    TRACE homing gate: opens at Carrying >= 0.9890; OPEN on 10440 of 10440 laden decisions (100.00%)
    TRACE the same split, GATE OPEN only -- the only rows where the pair can respond at all:
        facing UP-gradient   n     1878   P(move) 0.5959   not resting   78.0%   P(move)|>0 0.7644   cells homeward      107 (+0.056976/tick)
        facing DOWN-gradient n     7920   P(move) 0.1031   not resting   22.7%   P(move)|>0 0.4535   cells homeward      116 (+0.014646/tick)
      => with the gate open, P(move) up minus down: +0.4928; cells homeward up minus down: +0.042329/tick
         (positive cells-homeward means the ramp the colony built points at the NEST)
    TRACE of the 10440 gate-open decisions, 0 (0.0%) are ants ALSO holding spoil -- see `tr_gate_open_spoil`
    TRACE split by whether the homing gate is OPEN -- the conversion test:
      gate OPEN              n    10440   P(move) 0.2212   not resting   36.0%   P(move)|>0 0.6138   cells homeward      272 (+0.026054/tick)
      gate SHUT              n 0
    TRACE WHY A LADEN ANT IS NOT PUTTING ITS LOAD DOWN -- its own `Drop` output, by how far the nearest nest material is:
       nearest nest material  laden ticks   % of laden  P(drop)      drops
                     4 cells          744         7.1%   0.0000          0
                     8 cells          156         1.5%   0.0000          0
                    16 cells          636         6.1%   0.0000          0
                    32 cells         2730        26.1%   0.0000          0
              further / none         6174        59.1%   0.0000          0
    TRACE ...and when it misses by 2-4 cells, is the miss SIDEWAYS or UPWARD? (rows = |dx|, cols = |dy|)
                  |dy|=0         1         2         3        4+
        |dx|=4      0.0%      0.0%    100.0%      0.0%      0.0%
      MISSED ONLY UPWARD (|dx|<=1, |dy|>=2) -- standing on the doorstep, head too high: 0.0%
    TRACE CAN IT SMELL THE LAST FEW CELLS? -- channel A one step TOWARD the comb vs one step AWAY, at a 2-4 cell miss:
      n 744  |  mean toward 3439.2  mean away 2125.9  |  toward is STRONGER on 100.0% of ticks, equal on 0.0%
      and what the ANT reads there -- its own PheroAAlong: pointed AT the comb -0.4879 (n 198)  |  pointed away -0.7104 (n 546)
      A cue only works if BOTH lines are good: the plane has to carry it AND the nose has to see it.
    TRACE WOULD A TWO-FORWARD-SAMPLE COMPARATOR READ THE PLANE? -- `(far - near) / (far + near + guard)`, neither term the ant's own cell:
        near/far blind (both 0) along POINTED HOME     along AWAY separation
           1 / 2         7.1%        -0.0293        -0.0741    +0.0449
           1 / 3         6.7%        -0.0730        -0.1688    +0.0958
           2 / 4         6.7%        -0.0953        -0.1909    +0.0955
           3 / 6         6.9%        -0.1446        -0.2522    +0.1076
          6 / 12        17.2%        -0.1494        -0.2892    +0.1398   <- Z29's literal suggestion
      SEPARATION IS THE COLUMN. The shipped `(ahead - here)` reads -0.20 home against -0.24 away:
      a gap of 0.04 and NEGATIVE in both. A comparator earns its place by making that gap real
      AND by not being blind -- a pair that reads 0.0 most of the time is not a sensor.
    TRACE DOES SMELLING OVER TIME CARRY THE DIRECTION? -- `(live - lagged) / (live + lagged + guard)` on the ant's OWN cell,
      exponential lag 0.995, read off the plane with no wiring. Bucketed by distance from home, because heading and
      distance are correlated: an ant pointed away has usually just left the nest and stands in the bright end of the ramp.
            distance    state     ticks    along HOME     ticks    along AWAY   separation   mean level
           0-8 cells    moved        38       +0.2891        33       +0.2718      +0.0173       1563.5
           0-8 cells   frozen       193       +0.2873       177       +0.3096      -0.0222       1803.7
          8-20 cells    moved        63       +0.4016         7       +0.2999      +0.1018       1222.3
          8-20 cells   frozen        91       +0.4622       148       +0.4065      +0.0557       1103.7
         20-45 cells    moved       143       +0.1814         9       +0.0599      +0.1215        581.6
         20-45 cells   frozen       145       +0.2449       400       +0.2626      -0.0177       1233.0
           45+ cells   frozen        66       +0.0879        52       +0.0546      +0.0332        473.5
      SEPARATION IS THE COLUMN, and `moved` is the row that matters -- a frozen ant is watching its OWN
      deposit climb on a cell it never left, which reads as up-gradient while it goes nowhere.
      Compare against the spatial table above: that one separates +0.0617 at 6/12 on the shipped world.
      AND READ THE LEVEL COLUMN. Channel A is a ramp, so the level is a function of distance -- and §7.48's
      fit cancels the wiring's level term at ONE value of it (`w_in` 0.12). If the level moves across these
      bands, no constant `w_in` cancels it everywhere and the wiring is right at one distance from home.
      READ THE TOP ROW'S SHARE. `(AtNest, Drop, 1.0889)` against `(Bias, Drop, -0.2)` puts P(drop) at
      EXACTLY 0 anywhere below adjacency, at any crop fill. So a small top row means the ants never
      REACH the comb, and a large one with few drops would mean they reach it and decline.
    TRACE does pointing HOME give a POSITIVE reading? -- the three-way fix test, see `tr_align`:
      heading vs home          n  mean along % positive   P(move)
        -1.0..-0.6       4020     -0.3904      15.1%    0.0148
        -0.6..-0.2        192     -0.6048       0.0%    0.0000
        -0.2..+0.2       1218     -0.3619       0.5%    0.0318
        +0.2..+0.6        108     -0.8167       0.0%    0.0000
        +0.6..+1.0       4248     -0.1839      25.4%    0.4859   <- POINTED AT HOME: this row is the answer
    TRACE response vs crop fill -- P(home) should CLIMB with fill; a step or a flat line is the defect:
           fill          n   P(move)   P(home)   P(away)    cells/tick
        0.9-1.0      10440    0.2212    0.0295    0.0034     +0.026054   <- the gate threshold falls inside this bin
    TRACE Move pre-squash terms, mean over the decisions each one was live for:
      h2               -2.00168   (live in 16284 of 10440)
      Bias             +2.00000   (live in 16284 of 10440)
      h0               -1.39153   (live in 16284 of 10440)   <- THE TRAIL. `PheroAAlong` reaches `Move` here and nowhere else.
      h3               +0.96066   (live in 16284 of 10440)
      Energy           -0.93845   (live in 16284 of 10440)
      KinNeed          +0.49439   (live in 16284 of 10440)
      Crowding         -0.12050   (live in 16284 of 10440)
      Stillness        +0.04504   (live in 16284 of 10440)
      HomeAligned      +0.03262   (live in 16284 of 10440)
      h1               +0.00430   (live in 16284 of 10440)   <- THE TRAIL. `PheroAAlong` reaches `Move` here and nowhere else.
      Alarm            +0.00000   (live in 16284 of 10440)
      FoodAdjacent     +0.00000   (live in 16284 of 10440)
    TRACE focal ant: 7584 decisions written to /tmp/trailfollow-focal-seed5-gap90.csv
   90    5  hand    0/0         1368      534    10800    10440      870    8/20        2         5 0 5 10 0
                A READ  ant-readable homeward along >= 0.02 on  61.7% of route-cell samples | FOODWARD   7.6% | plane lit on  67.4% | peak amt  12182 cells  86
                THE LOOP, ANT BY ANT:
                  0. lived                                     20    100.0% of prev    100.0% of all
                  1. reached the food                           8     40.0% of prev     40.0% of all
                  2. picked food up out there                   6     75.0% of prev     30.0% of all
                  3. turned for home with it                    6    100.0% of prev     30.0% of all
                  4. got back to the nest still holding it      1     16.7% of prev      5.0% of all
                  5. PUT IT DOWN there                          0      0.0% of prev      0.0% of all
                  6. went back out again                        0      0.0% of prev      0.0% of all
                  7. reached the food a SECOND time             0      0.0% of prev      0.0% of all
                RETURN LEDGER reached food    8 of   20 ants | came back    2 | trips laden    1 empty    1 | LOOPERS    1 of   20 ants (12.5% of those that reached food), repeat    0, most loops by one ant   1
                BY ANCHOR AT PICKUP  anchor ON nest material:    0 loops /    2 pickups (  0.0%) | anchor OFF it:    1 /    4 ( 25.0%)
                BY BIRTH SITE  born ON comb:   0 of   3 that reached food looped (  0.0%) | born OFF comb:   1 of   5 ( 20.0%)
                LEGS legs[757,3955] laden[757]
                founded x   12..88   (nest cursor 48 MATERIAL x 26..70 11 of 20 founders born on it; food 138; nearest founder 50 cells out, farthest 126, nominal gap 90)  occupancy/1k [31 14 15 24 42 23 4 2]  carry->nest     272  born    0 died   20 (starved   19)
                own trail: route pk   46 end    0 along +0.0000  B nest->food [89,3096,6469,9553,8290]  blocked      153  kin swaps       0  ticks     26739  tumbles     11005 (homeward      106, 0.96%)  drops       0  DELIVERED     0  leg home n    2 med  3955 p90  3955 (laden n    1 med   757 p90   757)  appetite held         0 J of   1676160  trips born-on-comb    0 (11 ants) / born-off    2 (9 ants)
                channel A: PEAK amt  12182 cells   86 (of 91 route)  POLARITY|| +0.15464 && +0.15082 SPAN +0.01610 edge   5.9  end nest->food [1422,217,0,0,0]  nest   25  AtNest 10.53%
                Carrying: laden     13308  of which SPOIL      2868 ( 21.6%)
    TRACE laden ants: n 45013  mean PheroAAlong -0.27850  MEAN |PheroAAlong| 0.30810  mean P(move) 0.1274  mean trail term (h0+h1 -> Move) -2.39730  net cells homeward 470 (+0.010441/tick)
    TRACE laden TICKS by what the sensor cell is -- the geometry test  [6.00 frames/tick, must equal tick_interval]:
      air (nose in open sky)             n     3233 ( 43.1% of ticks)   mean along -0.3249   usable (>= +0.02)   5.2%   frozen  85.4%
      solid (nose in ground)             n     2382 ( 31.7% of ticks)   mean along -0.3714   usable (>= +0.02)   1.1%   frozen  79.3%
      surface (a trail could be here)    n     1888 ( 25.2% of ticks)   mean along -0.0820   usable (>= +0.02)  28.3%   frozen  56.2%
      => of 5710 FROZEN laden ticks (P(move) exactly 0), 81% had the nose in sky or ground
    TRACE freeze runs: n 574   median 3 ticks   p90 20   longest 175
    TRACE split by the sign of `along` -- the run-and-tumble test:
      facing UP-gradient     n     5238   P(move) 0.5347   not resting   72.1%   P(move)|>0 0.7421   cells homeward      290 (+0.055365/tick)
      facing DOWN-gradient   n    39439   P(move) 0.0701   not resting   17.1%   P(move)|>0 0.4094   cells homeward      165 (+0.004184/tick)
      no readable gradient   n      336   P(move) 0.4938   not resting   67.9%   P(move)|>0 0.7277   cells homeward       15 (+0.044643/tick)
      => P(move) up-gradient minus down-gradient: +0.4646  (the homing drive; ~0 means the circuit is inert)
    TRACE PheroAAlong histogram (-1..+1 in ninths): [-0.89]306 [-0.67]6037 [-0.44]10926 [-0.22]17172 [+0.00]8460 [+0.22]1626 [+0.44]360 [+0.67]102 [+0.89]24
    TRACE homing gate: opens at Carrying >= 0.9890; OPEN on 45013 of 45013 laden decisions (100.00%)
    TRACE the same split, GATE OPEN only -- the only rows where the pair can respond at all:
        facing UP-gradient   n     5238   P(move) 0.5347   not resting   72.1%   P(move)|>0 0.7421   cells homeward      290 (+0.055365/tick)
        facing DOWN-gradient n    39439   P(move) 0.0701   not resting   17.1%   P(move)|>0 0.4094   cells homeward      165 (+0.004184/tick)
      => with the gate open, P(move) up minus down: +0.4646; cells homeward up minus down: +0.051181/tick
         (positive cells-homeward means the ramp the colony built points at the NEST)
    TRACE of the 45013 gate-open decisions, 0 (0.0%) are ants ALSO holding spoil -- see `tr_gate_open_spoil`
    TRACE split by whether the homing gate is OPEN -- the conversion test:
      gate OPEN              n    45013   P(move) 0.1274   not resting   23.9%   P(move)|>0 0.5329   cells homeward      470 (+0.010441/tick)
      gate SHUT              n 0
    TRACE WHY A LADEN ANT IS NOT PUTTING ITS LOAD DOWN -- its own `Drop` output, by how far the nearest nest material is:
       nearest nest material  laden ticks   % of laden  P(drop)      drops
           ADJACENT (AtNest)         6924        15.4%   0.4901         54   <- the only row where Drop can fire
                     2 cells         6498        14.4%   0.0000          1
                     4 cells           30         0.1%   0.0000          0
                     8 cells         2263         5.0%   0.0000          1
                    16 cells         1176         2.6%   0.0000          1
                    32 cells         7452        16.6%   0.0000          1
              further / none        20670        45.9%   0.0000          4
    TRACE ...and when it misses by 2-4 cells, is the miss SIDEWAYS or UPWARD? (rows = |dx|, cols = |dy|)
                  |dy|=0         1         2         3        4+
        |dx|=1      0.0%      0.0%     80.4%      0.0%      0.0%
        |dx|=2      0.0%      7.8%     11.3%      0.0%      0.0%
        |dx|=4      0.0%      0.5%      0.0%      0.0%      0.0%
      MISSED ONLY UPWARD (|dx|<=1, |dy|>=2) -- standing on the doorstep, head too high: 80.4%
    TRACE CAN IT SMELL THE LAST FEW CELLS? -- channel A one step TOWARD the comb vs one step AWAY, at a 2-4 cell miss:
      n 6528  |  mean toward 2759.7  mean away 2333.4  |  toward is STRONGER on 74.2% of ticks, equal on 0.0%
      and what the ANT reads there -- its own PheroAAlong: pointed AT the comb -0.3424 (n 3324)  |  pointed away -0.3218 (n 3204)
      A cue only works if BOTH lines are good: the plane has to carry it AND the nose has to see it.
    TRACE WOULD A TWO-FORWARD-SAMPLE COMPARATOR READ THE PLANE? -- `(far - near) / (far + near + guard)`, neither term the ant's own cell:
        near/far blind (both 0) along POINTED HOME     along AWAY separation
           1 / 2         0.7%        -0.0390        -0.0491    +0.0101
           1 / 3         0.7%        -0.0960        -0.1102    +0.0141
           2 / 4         0.8%        -0.1205        -0.1281    +0.0076
           3 / 6         1.0%        -0.1827        -0.1973    +0.0145
          6 / 12         3.4%        -0.2389        -0.3098    +0.0709   <- Z29's literal suggestion
      SEPARATION IS THE COLUMN. The shipped `(ahead - here)` reads -0.20 home against -0.24 away:
      a gap of 0.04 and NEGATIVE in both. A comparator earns its place by making that gap real
      AND by not being blind -- a pair that reads 0.0 most of the time is not a sensor.
    TRACE DOES SMELLING OVER TIME CARRY THE DIRECTION? -- `(live - lagged) / (live + lagged + guard)` on the ant's OWN cell,
      exponential lag 0.995, read off the plane with no wiring. Bucketed by distance from home, because heading and
      distance are correlated: an ant pointed away has usually just left the nest and stands in the bright end of the ramp.
            distance    state     ticks    along HOME     ticks    along AWAY   separation   mean level
           0-8 cells    moved        74       +0.3695       289       +0.0847      +0.2847       2397.5
           0-8 cells   frozen      1078       +0.0698      1117       +0.1066      -0.0367       2526.9
          8-20 cells    moved        92       +0.4095         1       +0.5589      -0.1494       2026.0
          8-20 cells   frozen        82       +0.4279       252       +0.2060      +0.2218       2337.5
         20-45 cells    moved       245       +0.2309        13       -0.1374      +0.3682        822.5
         20-45 cells   frozen       716       +0.2507       621       +0.2221      +0.0286        933.1
           45+ cells    moved       107       +0.1349         4       +0.0148      +0.1201        526.5
           45+ cells   frozen       696       -0.0454       460       -0.0335      -0.0120        342.5
      SEPARATION IS THE COLUMN, and `moved` is the row that matters -- a frozen ant is watching its OWN
      deposit climb on a cell it never left, which reads as up-gradient while it goes nowhere.
      Compare against the spatial table above: that one separates +0.0617 at 6/12 on the shipped world.
      AND READ THE LEVEL COLUMN. Channel A is a ramp, so the level is a function of distance -- and §7.48's
      fit cancels the wiring's level term at ONE value of it (`w_in` 0.12). If the level moves across these
      bands, no constant `w_in` cancels it everywhere and the wiring is right at one distance from home.
      READ THE TOP ROW'S SHARE. `(AtNest, Drop, 1.0889)` against `(Bias, Drop, -0.2)` puts P(drop) at
      EXACTLY 0 anywhere below adjacency, at any crop fill. So a small top row means the ants never
      REACH the comb, and a large one with few drops would mean they reach it and decline.
    TRACE does pointing HOME give a POSITIVE reading? -- the three-way fix test, see `tr_align`:
      heading vs home          n  mean along % positive   P(move)
        -1.0..-0.6      13248     -0.2978      14.2%    0.0136
        -0.6..-0.2         90     -0.5928       0.0%    0.0000
        -0.2..+0.2       4416     -0.3610       2.9%    0.0307
        +0.2..+0.6        217     -0.4553       0.0%    0.0000
        +0.6..+1.0      17172     -0.2773      13.6%    0.2712   <- POINTED AT HOME: this row is the answer
    TRACE response vs crop fill -- P(home) should CLIMB with fill; a step or a flat line is the defect:
           fill          n   P(move)   P(home)   P(away)    cells/tick
        0.9-1.0      45013    0.1274    0.0152    0.0047     +0.010441   <- the gate threshold falls inside this bin
    TRACE Move pre-squash terms, mean over the decisions each one was live for:
      h2               -2.22467   (live in 53053 of 45013)
      Bias             +2.00000   (live in 53053 of 45013)
      h3               +1.82822   (live in 53053 of 45013)
      Energy           -1.25484   (live in 53053 of 45013)
      h0               -1.15271   (live in 53053 of 45013)   <- THE TRAIL. `PheroAAlong` reaches `Move` here and nowhere else.
      h1               -0.88175   (live in 53053 of 45013)   <- THE TRAIL. `PheroAAlong` reaches `Move` here and nowhere else.
      KinNeed          +0.34413   (live in 53053 of 45013)
      HomeAligned      +0.17638   (live in 53053 of 45013)
      Stillness        +0.15426   (live in 53053 of 45013)
      Crowding         -0.12469   (live in 53053 of 45013)
      FoodAdjacent     -0.04010   (live in 53053 of 45013)
      Alarm            +0.00000   (live in 53053 of 45013)
    TRACE focal ant: 15012 decisions written to /tmp/trailfollow-focal-seed6-gap90.csv
   90    6  hand    3/3         5888      528        0    45013    13993    9/20        5         4 2 2 12 0
                A READ  ant-readable homeward along >= 0.02 on  59.3% of route-cell samples | FOODWARD  18.9% | plane lit on  78.2% | peak amt  13092 cells  88
                THE LOOP, ANT BY ANT:
                  0. lived                                     20    100.0% of prev    100.0% of all
                  1. reached the food                           9     45.0% of prev     45.0% of all
                  2. picked food up out there                   8     88.9% of prev     40.0% of all
                  3. turned for home with it                    6     75.0% of prev     30.0% of all
                  4. got back to the nest still holding it      2     33.3% of prev     10.0% of all
                  5. PUT IT DOWN there                          2    100.0% of prev     10.0% of all
                  6. went back out again                        2    100.0% of prev     10.0% of all
                  7. reached the food a SECOND time             1     50.0% of prev      5.0% of all
                RETURN LEDGER reached food    9 of   20 ants | came back    4 | trips laden    2 empty    3 | LOOPERS    1 of   20 ants (11.1% of those that reached food), repeat    1, most loops by one ant   2
                BY ANCHOR AT PICKUP  anchor ON nest material:    1 loops /    5 pickups ( 20.0%) | anchor OFF it:    1 /    7 ( 14.3%)
                BY BIRTH SITE  born ON comb:   0 of   4 that reached food looped (  0.0%) | born OFF comb:   1 of   5 ( 20.0%)
                LEGS legs[2425,4693,3283,637,6517] laden[2425,637]
                founded x   12..88   (nest cursor 48 MATERIAL x 26..70 11 of 20 founders born on it; food 138; nearest founder 50 cells out, farthest 126, nominal gap 90)  occupancy/1k [47 24 41 75 27 29 24 8]  carry->nest     470  born    0 died   17 (starved   17)
                own trail: route pk   77 end    0 along +0.0000  B nest->food [89,3231,6583,9786,8291]  blocked      284  kin swaps       0  ticks     46378  tumbles     20225 (homeward      831, 4.11%)  drops     558  DELIVERED   558  leg home n    5 med  3283 p90  6517 (laden n    2 med  2425 p90  2425)  appetite held         0 J of   7213440  trips born-on-comb    2 (11 ants) / born-off    3 (9 ants)
                channel A: PEAK amt  13092 cells   88 (of 91 route)  POLARITY|| +0.10749 && +0.09698 SPAN +0.00932 edge   5.7  end nest->food [733,5890,0,0,0]  nest   25  AtNest 12.80%
                Carrying: laden     51157  of which SPOIL      6144 ( 12.0%)
    TRACE laden ants: n 159522  mean PheroAAlong -0.21895  MEAN |PheroAAlong| 0.24261  mean P(move) 0.0899  mean trail term (h0+h1 -> Move) -1.90590  net cells homeward 646 (+0.004050/tick)
    TRACE laden TICKS by what the sensor cell is -- the geometry test  [5.98 frames/tick, must equal tick_interval]:
      air (nose in open sky)             n     9932 ( 37.2% of ticks)   mean along -0.2377   usable (>= +0.02)   9.1%   frozen  77.4%
      solid (nose in ground)             n    11304 ( 42.4% of ticks)   mean along -0.2136   usable (>= +0.02)   2.6%   frozen  83.5%
      surface (a trail could be here)    n     5433 ( 20.4% of ticks)   mean along -0.1832   usable (>= +0.02)  12.7%   frozen  78.3%
      => of 21380 FROZEN laden ticks (P(move) exactly 0), 80% had the nose in sky or ground
    TRACE freeze runs: n 1476   median 3 ticks   p90 36   longest 657
    TRACE split by the sign of `along` -- the run-and-tumble test:
      facing UP-gradient     n    12847   P(move) 0.3614   not resting   55.6%   P(move)|>0 0.6506   cells homeward      364 (+0.028333/tick)
      facing DOWN-gradient   n   117908   P(move) 0.0459   not resting   12.2%   P(move)|>0 0.3764   cells homeward      290 (+0.002460/tick)
      no readable gradient   n    28767   P(move) 0.1491   not resting   33.3%   P(move)|>0 0.4477   cells homeward       -8 (-0.000278/tick)
      => P(move) up-gradient minus down-gradient: +0.3155  (the homing drive; ~0 means the circuit is inert)
    TRACE PheroAAlong histogram (-1..+1 in ninths): [-0.89]1518 [-0.67]12925 [-0.44]38911 [-0.22]41433 [+0.00]58584 [+0.22]4612 [+0.44]1325 [+0.67]209 [+0.89]5
    TRACE homing gate: opens at Carrying >= 0.9890; OPEN on 159522 of 159522 laden decisions (100.00%)
    TRACE the same split, GATE OPEN only -- the only rows where the pair can respond at all:
        facing UP-gradient   n    12847   P(move) 0.3614   not resting   55.6%   P(move)|>0 0.6506   cells homeward      364 (+0.028333/tick)
        facing DOWN-gradient n   117908   P(move) 0.0459   not resting   12.2%   P(move)|>0 0.3764   cells homeward      290 (+0.002460/tick)
      => with the gate open, P(move) up minus down: +0.3155; cells homeward up minus down: +0.025874/tick
         (positive cells-homeward means the ramp the colony built points at the NEST)
    TRACE of the 159522 gate-open decisions, 3613 (2.3%) are ants ALSO holding spoil -- see `tr_gate_open_spoil`
    TRACE split by whether the homing gate is OPEN -- the conversion test:
      gate OPEN              n   159522   P(move) 0.0899   not resting   19.5%   P(move)|>0 0.4613   cells homeward      646 (+0.004050/tick)
      gate SHUT              n 0
    TRACE WHY A LADEN ANT IS NOT PUTTING ITS LOAD DOWN -- its own `Drop` output, by how far the nearest nest material is:
       nearest nest material  laden ticks   % of laden  P(drop)      drops
           ADJACENT (AtNest)         8136         5.1%   0.4911        100   <- the only row where Drop can fire
                     2 cells         5052         3.2%   0.0000          0
                     4 cells          925         0.6%   0.0000          1
                     8 cells          138         0.1%   0.0000          0
                    16 cells         4164         2.6%   0.0000          1
                    32 cells         6900         4.3%   0.0000          3
              further / none       134207        84.1%   0.0000         38
    TRACE ...and when it misses by 2-4 cells, is the miss SIDEWAYS or UPWARD? (rows = |dx|, cols = |dy|)
                  |dy|=0         1         2         3        4+
        |dx|=1      0.0%      0.0%     24.1%      0.0%      0.0%
        |dx|=2      0.0%     23.4%     37.0%      0.0%      0.0%
        |dx|=4      0.0%      0.3%     15.1%      0.1%      0.0%
      MISSED ONLY UPWARD (|dx|<=1, |dy|>=2) -- standing on the doorstep, head too high: 24.1%
    TRACE CAN IT SMELL THE LAST FEW CELLS? -- channel A one step TOWARD the comb vs one step AWAY, at a 2-4 cell miss:
      n 5977  |  mean toward 2669.9  mean away 2215.1  |  toward is STRONGER on 59.7% of ticks, equal on 0.0%
      and what the ANT reads there -- its own PheroAAlong: pointed AT the comb -0.4503 (n 3121)  |  pointed away -0.4800 (n 2856)
      A cue only works if BOTH lines are good: the plane has to carry it AND the nose has to see it.
    TRACE WOULD A TWO-FORWARD-SAMPLE COMPARATOR READ THE PLANE? -- `(far - near) / (far + near + guard)`, neither term the ant's own cell:
        near/far blind (both 0) along POINTED HOME     along AWAY separation
           1 / 2        10.8%        -0.0606        -0.0455    -0.0151
           1 / 3        10.4%        -0.1210        -0.1051    -0.0159
           2 / 4        13.9%        -0.1244        -0.1280    +0.0035
           3 / 6        20.8%        -0.1767        -0.1948    +0.0181
          6 / 12        44.3%        -0.2369        -0.2324    -0.0045   <- Z29's literal suggestion
      SEPARATION IS THE COLUMN. The shipped `(ahead - here)` reads -0.20 home against -0.24 away:
      a gap of 0.04 and NEGATIVE in both. A comparator earns its place by making that gap real
      AND by not being blind -- a pair that reads 0.0 most of the time is not a sensor.
    TRACE DOES SMELLING OVER TIME CARRY THE DIRECTION? -- `(live - lagged) / (live + lagged + guard)` on the ant's OWN cell,
      exponential lag 0.995, read off the plane with no wiring. Bucketed by distance from home, because heading and
      distance are correlated: an ant pointed away has usually just left the nest and stands in the bright end of the ramp.
            distance    state     ticks    along HOME     ticks    along AWAY   separation   mean level
           0-8 cells    moved       380       +0.0375       985       +0.0007      +0.0368        219.0
           0-8 cells   frozen      6697       +0.0390      6041       -0.0152      +0.0542        486.7
          8-20 cells    moved        99       +0.0870         5       +0.2747      -0.1877        731.3
          8-20 cells   frozen       181       +0.2076       283       +0.0940      +0.1136       1140.9
         20-45 cells    moved       325       -0.0016        11       -0.1345      +0.1329        513.0
         20-45 cells   frozen       955       +0.0606      1788       -0.0337      +0.0943        518.0
           45+ cells    moved       228       +0.0552        14       -0.1711      +0.2263        581.1
           45+ cells   frozen      1082       -0.0233      1574       -0.0471      +0.0238        482.9
      SEPARATION IS THE COLUMN, and `moved` is the row that matters -- a frozen ant is watching its OWN
      deposit climb on a cell it never left, which reads as up-gradient while it goes nowhere.
      Compare against the spatial table above: that one separates +0.0617 at 6/12 on the shipped world.
      AND READ THE LEVEL COLUMN. Channel A is a ramp, so the level is a function of distance -- and §7.48's
      fit cancels the wiring's level term at ONE value of it (`w_in` 0.12). If the level moves across these
      bands, no constant `w_in` cancels it everywhere and the wiring is right at one distance from home.
      READ THE TOP ROW'S SHARE. `(AtNest, Drop, 1.0889)` against `(Bias, Drop, -0.2)` puts P(drop) at
      EXACTLY 0 anywhere below adjacency, at any crop fill. So a small top row means the ants never
      REACH the comb, and a large one with few drops would mean they reach it and decline.
    TRACE does pointing HOME give a POSITIVE reading? -- the three-way fix test, see `tr_align`:
      heading vs home          n  mean along % positive   P(move)
        -1.0..-0.6      47907     -0.1980      12.5%    0.0126
        -0.6..-0.2       1884     -0.1805      13.8%    0.0671
        -0.2..+0.2      17424     -0.2790       5.7%    0.0425
        +0.2..+0.6       1021     -0.1709       7.7%    0.2060
        +0.6..+1.0      56360     -0.2744       5.8%    0.1999   <- POINTED AT HOME: this row is the answer
    TRACE response vs crop fill -- P(home) should CLIMB with fill; a step or a flat line is the defect:
           fill          n   P(move)   P(home)   P(away)    cells/tick
        0.9-1.0     159522    0.0899    0.0074    0.0034     +0.004050   <- the gate threshold falls inside this bin
    TRACE Move pre-squash terms, mean over the decisions each one was live for:
      h2               -2.31357   (live in 175807 of 159522)
      h3               +2.07619   (live in 175807 of 159522)
      Bias             +2.00000   (live in 175807 of 159522)
      Energy           -1.56051   (live in 175807 of 159522)
      h1               -0.99616   (live in 175807 of 159522)   <- THE TRAIL. `PheroAAlong` reaches `Move` here and nowhere else.
      h0               -0.73353   (live in 175807 of 159522)   <- THE TRAIL. `PheroAAlong` reaches `Move` here and nowhere else.
      Stillness        +0.31653   (live in 175807 of 159522)
      FoodAdjacent     -0.30555   (live in 175807 of 159522)
      Crowding         -0.22306   (live in 175807 of 159522)
      KinNeed          +0.15735   (live in 175807 of 159522)
      HomeAligned      +0.12401   (live in 175807 of 159522)
      Alarm            +0.00000   (live in 175807 of 159522)
      h7               +0.00000   (live in 67351 of 159522)
    TRACE focal ant: 23257 decisions written to /tmp/trailfollow-focal-seed7-gap90.csv
   90    7  hand   30/15       59645      576        0   159522    15793   49/55        6         5 0 1 49 0
                A READ  ant-readable homeward along >= 0.02 on  55.6% of route-cell samples | FOODWARD  25.5% | plane lit on  80.2% | peak amt  14230 cells  88
                THE LOOP, ANT BY ANT:
                  0. lived                                     55    100.0% of prev    100.0% of all
                  1. reached the food                          49     89.1% of prev     89.1% of all
                  2. picked food up out there                  40     81.6% of prev     72.7% of all
                  3. turned for home with it                    9     22.5% of prev     16.4% of all
                  4. got back to the nest still holding it      5     55.6% of prev      9.1% of all
                  5. PUT IT DOWN there                          5    100.0% of prev      9.1% of all
                  6. went back out again                        2     40.0% of prev      3.6% of all
                  7. reached the food a SECOND time             0      0.0% of prev      0.0% of all
                RETURN LEDGER reached food   49 of   55 ants | came back    6 | trips laden    3 empty    3 | LOOPERS    3 of   55 ants ( 6.1% of those that reached food), repeat    0, most loops by one ant   1
                BY ANCHOR AT PICKUP  anchor ON nest material:    3 loops /   12 pickups ( 25.0%) | anchor OFF it:    0 /   38 (  0.0%)
                BY BIRTH SITE  born ON comb:   3 of   9 that reached food looped ( 33.3%) | born OFF comb:   0 of  40 (  0.0%)
                LEGS legs[2335,1831,5785,7597,8893,907] laden[2335,1831,907]
                founded x   12..88   (nest cursor 48 MATERIAL x 26..70 11 of 55 founders born on it; food 138; nearest founder 50 cells out, farthest 126, nominal gap 90)  occupancy/1k [32 20 71 30 10 31 87 217]  carry->nest     646  born   35 died   25 (starved    6)
                own trail: route pk   76 end   66 along -0.0166  B nest->food [89,3236,6520,9835,8305]  blocked      388  kin swaps       0  ticks     84125  tumbles     37708 (homeward     4424, 11.73%)  drops     616  DELIVERED   616  leg home n    6 med  5785 p90  8893 (laden n    3 med  1831 p90  2335)  appetite held         0 J of  25623360  trips born-on-comb    4 (11 ants) / born-off    2 (44 ants)
                channel A: PEAK amt  14230 cells   88 (of 91 route)  POLARITY|| +0.10736 && +0.10565 SPAN +0.03031 edge   9.9  end nest->food [1304,2340,0,0,0]  nest   25  AtNest  6.22%
                Carrying: laden    165018  of which SPOIL      9109 (  5.5%)
    TRACE laden ants: n 39552  mean PheroAAlong -0.26099  MEAN |PheroAAlong| 0.31684  mean P(move) 0.1389  mean trail term (h0+h1 -> Move) -2.33925  net cells homeward 485 (+0.012262/tick)
    TRACE laden TICKS by what the sensor cell is -- the geometry test  [6.00 frames/tick, must equal tick_interval]:
      air (nose in open sky)             n     2737 ( 41.5% of ticks)   mean along -0.3095   usable (>= +0.02)   6.1%   frozen  82.6%
      solid (nose in ground)             n     1815 ( 27.5% of ticks)   mean along -0.3800   usable (>= +0.02)   1.5%   frozen  80.9%
      surface (a trail could be here)    n     2040 ( 30.9% of ticks)   mean along -0.0900   usable (>= +0.02)  26.0%   frozen  49.9%
      => of 4747 FROZEN laden ticks (P(move) exactly 0), 79% had the nose in sky or ground
    TRACE freeze runs: n 436   median 3 ticks   p90 27   longest 146
    TRACE split by the sign of `along` -- the run-and-tumble test:
      facing UP-gradient     n     4536   P(move) 0.5137   not resting   81.7%   P(move)|>0 0.6284   cells homeward      276 (+0.060847/tick)
      facing DOWN-gradient   n    33894   P(move) 0.0758   not resting   19.1%   P(move)|>0 0.3971   cells homeward      139 (+0.004101/tick)
      no readable gradient   n     1122   P(move) 0.5293   not resting   79.7%   P(move)|>0 0.6643   cells homeward       70 (+0.062389/tick)
      => P(move) up-gradient minus down-gradient: +0.4379  (the homing drive; ~0 means the circuit is inert)
    TRACE PheroAAlong histogram (-1..+1 in ninths): [-0.89]222 [-0.67]3774 [-0.44]11934 [-0.22]15978 [+0.00]4278 [+0.22]2346 [+0.44]630 [+0.67]372 [+0.89]18
    TRACE homing gate: opens at Carrying >= 0.9890; OPEN on 39552 of 39552 laden decisions (100.00%)
    TRACE the same split, GATE OPEN only -- the only rows where the pair can respond at all:
        facing UP-gradient   n     4536   P(move) 0.5137   not resting   81.7%   P(move)|>0 0.6284   cells homeward      276 (+0.060847/tick)
        facing DOWN-gradient n    33894   P(move) 0.0758   not resting   19.1%   P(move)|>0 0.3971   cells homeward      139 (+0.004101/tick)
      => with the gate open, P(move) up minus down: +0.4379; cells homeward up minus down: +0.056746/tick
         (positive cells-homeward means the ramp the colony built points at the NEST)
    TRACE of the 39552 gate-open decisions, 12 (0.0%) are ants ALSO holding spoil -- see `tr_gate_open_spoil`
    TRACE split by whether the homing gate is OPEN -- the conversion test:
      gate OPEN              n    39552   P(move) 0.1389   not resting   28.0%   P(move)|>0 0.4962   cells homeward      485 (+0.012262/tick)
      gate SHUT              n 0
    TRACE WHY A LADEN ANT IS NOT PUTTING ITS LOAD DOWN -- its own `Drop` output, by how far the nearest nest material is:
       nearest nest material  laden ticks   % of laden  P(drop)      drops
           ADJACENT (AtNest)         3642         9.2%   0.4903         38   <- the only row where Drop can fire
                     2 cells         4626        11.7%   0.0000          0
                     4 cells          360         0.9%   0.0000          0
                     8 cells         3150         8.0%   0.0000          1
                    16 cells         2082         5.3%   0.0000          0
                    32 cells         6222        15.7%   0.0000          1
              further / none        19470        49.2%   0.0000          4
    TRACE ...and when it misses by 2-4 cells, is the miss SIDEWAYS or UPWARD? (rows = |dx|, cols = |dy|)
                  |dy|=0         1         2         3        4+
        |dx|=1      0.0%      0.0%     14.6%      0.0%      0.0%
        |dx|=2      0.0%     64.9%     13.4%      1.0%      0.0%
        |dx|=4      0.0%      1.8%      4.2%      0.2%      0.0%
      MISSED ONLY UPWARD (|dx|<=1, |dy|>=2) -- standing on the doorstep, head too high: 14.6%
    TRACE CAN IT SMELL THE LAST FEW CELLS? -- channel A one step TOWARD the comb vs one step AWAY, at a 2-4 cell miss:
      n 4986  |  mean toward 1994.2  mean away 1819.6  |  toward is STRONGER on 74.0% of ticks, equal on 0.0%
      and what the ANT reads there -- its own PheroAAlong: pointed AT the comb -0.2844 (n 1224)  |  pointed away -0.2912 (n 3762)
      A cue only works if BOTH lines are good: the plane has to carry it AND the nose has to see it.
    TRACE WOULD A TWO-FORWARD-SAMPLE COMPARATOR READ THE PLANE? -- `(far - near) / (far + near + guard)`, neither term the ant's own cell:
        near/far blind (both 0) along POINTED HOME     along AWAY separation
           1 / 2         3.2%        -0.0465        -0.0348    -0.0117
           1 / 3         3.1%        -0.1074        -0.0805    -0.0269
           2 / 4         3.4%        -0.1273        -0.0969    -0.0304
           3 / 6         4.2%        -0.1690        -0.1397    -0.0293
          6 / 12        24.3%        -0.1516        -0.2292    +0.0775   <- Z29's literal suggestion
      SEPARATION IS THE COLUMN. The shipped `(ahead - here)` reads -0.20 home against -0.24 away:
      a gap of 0.04 and NEGATIVE in both. A comparator earns its place by making that gap real
      AND by not being blind -- a pair that reads 0.0 most of the time is not a sensor.
    TRACE DOES SMELLING OVER TIME CARRY THE DIRECTION? -- `(live - lagged) / (live + lagged + guard)` on the ant's OWN cell,
      exponential lag 0.995, read off the plane with no wiring. Bucketed by distance from home, because heading and
      distance are correlated: an ant pointed away has usually just left the nest and stands in the bright end of the ramp.
            distance    state     ticks    along HOME     ticks    along AWAY   separation   mean level
           0-8 cells    moved       141       +0.2097       192       +0.1205      +0.0893       1146.2
           0-8 cells   frozen       823       +0.2908       840       +0.1657      +0.1251       1547.0
          8-20 cells    moved        94       +0.2484        10       +0.4638      -0.2154        677.7
          8-20 cells   frozen        78       +0.4813        29       +0.4723      +0.0091       1771.7
         20-45 cells    moved       218       +0.1590        11       +0.2383      -0.0793        247.9
         20-45 cells   frozen       486       +0.0253       426       +0.0342      -0.0088        241.7
           45+ cells    moved       145       +0.1648         9       +0.1873      -0.0225        301.5
           45+ cells   frozen      1017       -0.0328       715       -0.0673      +0.0345        194.5
      SEPARATION IS THE COLUMN, and `moved` is the row that matters -- a frozen ant is watching its OWN
      deposit climb on a cell it never left, which reads as up-gradient while it goes nowhere.
      Compare against the spatial table above: that one separates +0.0617 at 6/12 on the shipped world.
      AND READ THE LEVEL COLUMN. Channel A is a ramp, so the level is a function of distance -- and §7.48's
      fit cancels the wiring's level term at ONE value of it (`w_in` 0.12). If the level moves across these
      bands, no constant `w_in` cancels it everywhere and the wiring is right at one distance from home.
      READ THE TOP ROW'S SHARE. `(AtNest, Drop, 1.0889)` against `(Bias, Drop, -0.2)` puts P(drop) at
      EXACTLY 0 anywhere below adjacency, at any crop fill. So a small top row means the ants never
      REACH the comb, and a large one with few drops would mean they reach it and decline.
    TRACE does pointing HOME give a POSITIVE reading? -- the three-way fix test, see `tr_align`:
      heading vs home          n  mean along % positive   P(move)
        -1.0..-0.6      10590     -0.1805      24.1%    0.0672
        -0.6..-0.2        174     -0.3026       6.9%    0.0463
        -0.2..+0.2       4782     -0.3160       0.5%    0.0109
        +0.2..+0.6        270     -0.3789       6.7%    0.1409
        +0.6..+1.0      15654     -0.3078       9.5%    0.2709   <- POINTED AT HOME: this row is the answer
    TRACE response vs crop fill -- P(home) should CLIMB with fill; a step or a flat line is the defect:
           fill          n   P(move)   P(home)   P(away)    cells/tick
        0.9-1.0      39552    0.1389    0.0166    0.0043     +0.012262   <- the gate threshold falls inside this bin
    TRACE Move pre-squash terms, mean over the decisions each one was live for:
      h2               -2.05540   (live in 52842 of 39552)
      Bias             +2.00000   (live in 52842 of 39552)
      h3               +1.45279   (live in 52842 of 39552)
      h0               -1.31414   (live in 52842 of 39552)   <- THE TRAIL. `PheroAAlong` reaches `Move` here and nowhere else.
      Energy           -1.15925   (live in 52842 of 39552)
      h1               -0.43746   (live in 52842 of 39552)   <- THE TRAIL. `PheroAAlong` reaches `Move` here and nowhere else.
      KinNeed          +0.42567   (live in 52842 of 39552)
      HomeAligned      +0.25175   (live in 52842 of 39552)
      Crowding         -0.16036   (live in 52842 of 39552)
      Stillness        +0.11725   (live in 52842 of 39552)
      FoodAdjacent     -0.01866   (live in 52842 of 39552)
      Alarm            +0.00000   (live in 52842 of 39552)
    TRACE focal ant: 18516 decisions written to /tmp/trailfollow-focal-seed8-gap90.csv
   90    8  hand    0/0         5175      726    19302    39552     9216   10/20        7         5 3 0 12 0
                A READ  ant-readable homeward along >= 0.02 on  53.2% of route-cell samples | FOODWARD  18.6% | plane lit on  72.6% | peak amt  15655 cells  87
                THE LOOP, ANT BY ANT:
                  0. lived                                     20    100.0% of prev    100.0% of all
                  1. reached the food                          10     50.0% of prev     50.0% of all
                  2. picked food up out there                  10    100.0% of prev     50.0% of all
                  3. turned for home with it                    8     80.0% of prev     40.0% of all
                  4. got back to the nest still holding it      7     87.5% of prev     35.0% of all
                  5. PUT IT DOWN there                          4     57.1% of prev     20.0% of all
                  6. went back out again                        4    100.0% of prev     20.0% of all
                  7. reached the food a SECOND time             0      0.0% of prev      0.0% of all
                RETURN LEDGER reached food   10 of   20 ants | came back    7 | trips laden    7 empty    0 | LOOPERS    7 of   20 ants (70.0% of those that reached food), repeat    0, most loops by one ant   1
                BY ANCHOR AT PICKUP  anchor ON nest material:    2 loops /    7 pickups ( 28.6%) | anchor OFF it:    5 /    5 (100.0%)
                BY BIRTH SITE  born ON comb:   2 of   5 that reached food looped ( 40.0%) | born OFF comb:   5 of   5 (100.0%)
                LEGS legs[961,3193,2113,2737,2125,715,2503] laden[961,3193,2113,2737,2125,715,2503]
                founded x   12..88   (nest cursor 48 MATERIAL x 26..70 11 of 20 founders born on it; food 138; nearest founder 50 cells out, farthest 126, nominal gap 90)  occupancy/1k [28 29 76 51 19 26 34 10]  carry->nest     485  born    0 died   20 (starved   18)
                own trail: route pk   71 end    0 along +0.0000  B nest->food [89,3274,6512,9692,8291]  blocked      276  kin swaps       0  ticks     46276  tumbles     20053 (homeward      680, 3.39%)  drops     271  DELIVERED   271  leg home n    7 med  2125 p90  2737 (laden n    7 med  2125 p90  2737)  appetite held         0 J of   6340800  trips born-on-comb    2 (11 ants) / born-off    5 (9 ants)
                channel A: PEAK amt  15655 cells   87 (of 91 route)  POLARITY|| +0.11801 && +0.10801 SPAN +0.02500 edge   6.1  end nest->food [608,866,17,0,0]  nest   25  AtNest  9.51%
                Carrying: laden     44592  of which SPOIL      5052 ( 11.3%)
    TRACE laden ants: n 38100  mean PheroAAlong -0.27040  MEAN |PheroAAlong| 0.31169  mean P(move) 0.1119  mean trail term (h0+h1 -> Move) -2.28208  net cells homeward 490 (+0.012861/tick)
    TRACE laden TICKS by what the sensor cell is -- the geometry test  [6.00 frames/tick, must equal tick_interval]:
      air (nose in open sky)             n     2440 ( 38.4% of ticks)   mean along -0.3543   usable (>= +0.02)   4.5%   frozen  85.7%
      solid (nose in ground)             n     1852 ( 29.2% of ticks)   mean along -0.3342   usable (>= +0.02)   3.5%   frozen  83.6%
      surface (a trail could be here)    n     2057 ( 32.4% of ticks)   mean along -0.1133   usable (>= +0.02)  24.3%   frozen  62.8%
      => of 4933 FROZEN laden ticks (P(move) exactly 0), 74% had the nose in sky or ground
    TRACE freeze runs: n 387   median 5 ticks   p90 29   longest 162
    TRACE split by the sign of `along` -- the run-and-tumble test:
      facing UP-gradient     n     4728   P(move) 0.4041   not resting   55.8%   P(move)|>0 0.7237   cells homeward      219 (+0.046320/tick)
      facing DOWN-gradient   n    32544   P(move) 0.0598   not resting   16.3%   P(move)|>0 0.3671   cells homeward      210 (+0.006453/tick)
      no readable gradient   n      828   P(move) 0.4893   not resting   66.7%   P(move)|>0 0.7339   cells homeward       61 (+0.073671/tick)
      => P(move) up-gradient minus down-gradient: +0.3442  (the homing drive; ~0 means the circuit is inert)
    TRACE PheroAAlong histogram (-1..+1 in ninths): [-0.89]366 [-0.67]5208 [-0.44]10236 [-0.22]11880 [+0.00]8022 [+0.22]1746 [+0.44]372 [+0.67]252 [+0.89]18
    TRACE homing gate: opens at Carrying >= 0.9890; OPEN on 38100 of 38100 laden decisions (100.00%)
    TRACE the same split, GATE OPEN only -- the only rows where the pair can respond at all:
        facing UP-gradient   n     4728   P(move) 0.4041   not resting   55.8%   P(move)|>0 0.7237   cells homeward      219 (+0.046320/tick)
        facing DOWN-gradient n    32544   P(move) 0.0598   not resting   16.3%   P(move)|>0 0.3671   cells homeward      210 (+0.006453/tick)
      => with the gate open, P(move) up minus down: +0.3442; cells homeward up minus down: +0.039867/tick
         (positive cells-homeward means the ramp the colony built points at the NEST)
    TRACE of the 38100 gate-open decisions, 36 (0.1%) are ants ALSO holding spoil -- see `tr_gate_open_spoil`
    TRACE split by whether the homing gate is OPEN -- the conversion test:
      gate OPEN              n    38100   P(move) 0.1119   not resting   22.3%   P(move)|>0 0.5018   cells homeward      490 (+0.012861/tick)
      gate SHUT              n 0
    TRACE WHY A LADEN ANT IS NOT PUTTING ITS LOAD DOWN -- its own `Drop` output, by how far the nearest nest material is:
       nearest nest material  laden ticks   % of laden  P(drop)      drops
           ADJACENT (AtNest)         4104        10.8%   0.4927         76   <- the only row where Drop can fire
                     2 cells         5124        13.4%   0.0000          1
                     4 cells          306         0.8%   0.0000          0
                     8 cells          390         1.0%   0.0000          0
                    16 cells          468         1.2%   0.0000          0
                    32 cells         6030        15.8%   0.0000          1
              further / none        21678        56.9%   0.0000          2
    TRACE ...and when it misses by 2-4 cells, is the miss SIDEWAYS or UPWARD? (rows = |dx|, cols = |dy|)
                  |dy|=0         1         2         3        4+
        |dx|=1      0.0%      0.0%     31.6%      0.0%      0.0%
        |dx|=2      0.0%     11.5%     51.3%      0.0%      0.0%
        |dx|=4      0.0%      5.3%      0.3%      0.0%      0.0%
      MISSED ONLY UPWARD (|dx|<=1, |dy|>=2) -- standing on the doorstep, head too high: 31.6%
    TRACE CAN IT SMELL THE LAST FEW CELLS? -- channel A one step TOWARD the comb vs one step AWAY, at a 2-4 cell miss:
      n 5430  |  mean toward 3948.2  mean away 3973.0  |  toward is STRONGER on 16.1% of ticks, equal on 0.0%
      and what the ANT reads there -- its own PheroAAlong: pointed AT the comb -0.2831 (n 3144)  |  pointed away -0.1856 (n 2286)
      A cue only works if BOTH lines are good: the plane has to carry it AND the nose has to see it.
    TRACE WOULD A TWO-FORWARD-SAMPLE COMPARATOR READ THE PLANE? -- `(far - near) / (far + near + guard)`, neither term the ant's own cell:
        near/far blind (both 0) along POINTED HOME     along AWAY separation
           1 / 2         2.7%        -0.0398        -0.0457    +0.0059
           1 / 3         2.6%        -0.0869        -0.1001    +0.0132
           2 / 4         4.5%        -0.0976        -0.1119    +0.0143
           3 / 6         7.3%        -0.1360        -0.1514    +0.0153
          6 / 12        24.0%        -0.1593        -0.2238    +0.0646   <- Z29's literal suggestion
      SEPARATION IS THE COLUMN. The shipped `(ahead - here)` reads -0.20 home against -0.24 away:
      a gap of 0.04 and NEGATIVE in both. A comparator earns its place by making that gap real
      AND by not being blind -- a pair that reads 0.0 most of the time is not a sensor.
    TRACE DOES SMELLING OVER TIME CARRY THE DIRECTION? -- `(live - lagged) / (live + lagged + guard)` on the ant's OWN cell,
      exponential lag 0.995, read off the plane with no wiring. Bucketed by distance from home, because heading and
      distance are correlated: an ant pointed away has usually just left the nest and stands in the bright end of the ramp.
            distance    state     ticks    along HOME     ticks    along AWAY   separation   mean level
           0-8 cells    moved        69       +0.3016        81       +0.1921      +0.1095       2092.5
           0-8 cells   frozen       480       +0.1153       926       +0.0417      +0.0736       3057.9
          8-20 cells    moved        84       +0.1962         5       -0.1741      +0.3704        984.3
          8-20 cells   frozen       245       +0.1924       459       +0.1861      +0.0063        997.3
         20-45 cells    moved       245       +0.1252        11       +0.1755      -0.0503        556.4
         20-45 cells   frozen       596       +0.0949       744       +0.1162      -0.0213        703.6
           45+ cells    moved       138       +0.1981        11       -0.0087      +0.2068        467.4
           45+ cells   frozen       750       -0.0625       580       -0.0858      +0.0233        246.4
      SEPARATION IS THE COLUMN, and `moved` is the row that matters -- a frozen ant is watching its OWN
      deposit climb on a cell it never left, which reads as up-gradient while it goes nowhere.
      Compare against the spatial table above: that one separates +0.0617 at 6/12 on the shipped world.
      AND READ THE LEVEL COLUMN. Channel A is a ramp, so the level is a function of distance -- and §7.48's
      fit cancels the wiring's level term at ONE value of it (`w_in` 0.12). If the level moves across these
      bands, no constant `w_in` cancels it everywhere and the wiring is right at one distance from home.
      READ THE TOP ROW'S SHARE. `(AtNest, Drop, 1.0889)` against `(Bias, Drop, -0.2)` puts P(drop) at
      EXACTLY 0 anywhere below adjacency, at any crop fill. So a small top row means the ants never
      REACH the comb, and a large one with few drops would mean they reach it and decline.
    TRACE does pointing HOME give a POSITIVE reading? -- the three-way fix test, see `tr_align`:
      heading vs home          n  mean along % positive   P(move)
        -1.0..-0.6      11712     -0.2480      22.5%    0.0157
        -0.2..+0.2       7434     -0.2643       0.5%    0.0156
        +0.6..+1.0      13464     -0.2545      12.9%    0.2736   <- POINTED AT HOME: this row is the answer
    TRACE response vs crop fill -- P(home) should CLIMB with fill; a step or a flat line is the defect:
           fill          n   P(move)   P(home)   P(away)    cells/tick
        0.9-1.0      38100    0.1119    0.0148    0.0019     +0.012861   <- the gate threshold falls inside this bin
    TRACE Move pre-squash terms, mean over the decisions each one was live for:
      h2               -2.07186   (live in 49386 of 38100)
      Bias             +2.00000   (live in 49386 of 38100)
      h3               +1.54469   (live in 49386 of 38100)
      Energy           -1.28428   (live in 49386 of 38100)
      h0               -1.22122   (live in 49386 of 38100)   <- THE TRAIL. `PheroAAlong` reaches `Move` here and nowhere else.
      h1               -0.54010   (live in 49386 of 38100)   <- THE TRAIL. `PheroAAlong` reaches `Move` here and nowhere else.
      KinNeed          +0.27675   (live in 49386 of 38100)
      Stillness        +0.13473   (live in 49386 of 38100)
      Crowding         -0.10004   (live in 49386 of 38100)
      HomeAligned      +0.08785   (live in 49386 of 38100)
      FoodAdjacent     -0.03425   (live in 49386 of 38100)
      Alarm            +0.00000   (live in 49386 of 38100)
    TRACE focal ant: 14772 decisions written to /tmp/trailfollow-focal-seed9-gap90.csv
   90    9  hand    3/3         4987      642        0    38100     9606    9/20        5         5 1 4 10 0
                A READ  ant-readable homeward along >= 0.02 on  62.5% of route-cell samples | FOODWARD  18.8% | plane lit on  81.0% | peak amt  21698 cells  87
                THE LOOP, ANT BY ANT:
                  0. lived                                     20    100.0% of prev    100.0% of all
                  1. reached the food                           9     45.0% of prev     45.0% of all
                  2. picked food up out there                   9    100.0% of prev     45.0% of all
                  3. turned for home with it                    7     77.8% of prev     35.0% of all
                  4. got back to the nest still holding it      3     42.9% of prev     15.0% of all
                  5. PUT IT DOWN there                          2     66.7% of prev     10.0% of all
                  6. went back out again                        2    100.0% of prev     10.0% of all
                  7. reached the food a SECOND time             0      0.0% of prev      0.0% of all
                RETURN LEDGER reached food    9 of   20 ants | came back    5 | trips laden    3 empty    2 | LOOPERS    3 of   20 ants (33.3% of those that reached food), repeat    0, most loops by one ant   1
                BY ANCHOR AT PICKUP  anchor ON nest material:    1 loops /    8 pickups ( 12.5%) | anchor OFF it:    2 /    6 ( 33.3%)
                BY BIRTH SITE  born ON comb:   1 of   4 that reached food looped ( 25.0%) | born OFF comb:   2 of   5 ( 40.0%)
                LEGS legs[2059,1567,2725,2689,2773] laden[1567,2689,2773]
                founded x   12..88   (nest cursor 48 MATERIAL x 26..70 11 of 20 founders born on it; food 138; nearest founder 50 cells out, farthest 126, nominal gap 90)  occupancy/1k [33 46 38 36 36 31 28 6]  carry->nest     490  born    0 died   17 (starved   17)
                own trail: route pk   53 end    0 along +0.0000  B nest->food [89,3277,6485,9744,8291]  blocked      491  kin swaps       0  ticks     42901  tumbles     17931 (homeward      562, 3.13%)  drops     277  DELIVERED   277  leg home n    5 med  2689 p90  2773 (laden n    3 med  2689 p90  2773)  appetite held         0 J of   6109440  trips born-on-comb    1 (11 ants) / born-off    4 (9 ants)
                channel A: PEAK amt  21698 cells   87 (of 91 route)  POLARITY|| +0.11901 && +0.11214 SPAN +0.01917 edge   7.2  end nest->food [6934,3378,276,0,0]  nest   25  AtNest 14.15%
                Carrying: laden     50001  of which SPOIL     11937 ( 23.9%)
    TRACE laden ants: n 13920  mean PheroAAlong -0.28021  MEAN |PheroAAlong| 0.34491  mean P(move) 0.2308  mean trail term (h0+h1 -> Move) -2.22530  net cells homeward 364 (+0.026149/tick)
    TRACE laden TICKS by what the sensor cell is -- the geometry test  [6.00 frames/tick, must equal tick_interval]:
      air (nose in open sky)             n      914 ( 39.4% of ticks)   mean along -0.3470   usable (>= +0.02)   8.0%   frozen  71.7%
      solid (nose in ground)             n      680 ( 29.3% of ticks)   mean along -0.3931   usable (>= +0.02)   4.0%   frozen  73.7%
      surface (a trail could be here)    n      726 ( 31.3% of ticks)   mean along -0.0904   usable (>= +0.02)  30.6%   frozen  28.1%
      => of 1360 FROZEN laden ticks (P(move) exactly 0), 85% had the nose in sky or ground
    TRACE freeze runs: n 182   median 3 ticks   p90 17   longest 151
    TRACE split by the sign of `along` -- the run-and-tumble test:
      facing UP-gradient     n     2040   P(move) 0.6290   not resting   90.6%   P(move)|>0 0.6944   cells homeward      147 (+0.072059/tick)
      facing DOWN-gradient   n    11328   P(move) 0.1377   not resting   30.2%   P(move)|>0 0.4552   cells homeward      158 (+0.013948/tick)
      no readable gradient   n      552   P(move) 0.6707   not resting   88.0%   P(move)|>0 0.7617   cells homeward       59 (+0.106884/tick)
      => P(move) up-gradient minus down-gradient: +0.4914  (the homing drive; ~0 means the circuit is inert)
    TRACE PheroAAlong histogram (-1..+1 in ninths): [-0.89]150 [-0.67]2442 [-0.44]3972 [-0.22]3642 [+0.00]2256 [+0.22]1014 [+0.44]366 [+0.67]78 [+0.89]0
    TRACE homing gate: opens at Carrying >= 0.9890; OPEN on 13920 of 13920 laden decisions (100.00%)
    TRACE the same split, GATE OPEN only -- the only rows where the pair can respond at all:
        facing UP-gradient   n     2040   P(move) 0.6290   not resting   90.6%   P(move)|>0 0.6944   cells homeward      147 (+0.072059/tick)
        facing DOWN-gradient n    11328   P(move) 0.1377   not resting   30.2%   P(move)|>0 0.4552   cells homeward      158 (+0.013948/tick)
      => with the gate open, P(move) up minus down: +0.4914; cells homeward up minus down: +0.058111/tick
         (positive cells-homeward means the ramp the colony built points at the NEST)
    TRACE of the 13920 gate-open decisions, 0 (0.0%) are ants ALSO holding spoil -- see `tr_gate_open_spoil`
    TRACE split by whether the homing gate is OPEN -- the conversion test:
      gate OPEN              n    13920   P(move) 0.2308   not resting   41.4%   P(move)|>0 0.5578   cells homeward      364 (+0.026149/tick)
      gate SHUT              n 0
    TRACE WHY A LADEN ANT IS NOT PUTTING ITS LOAD DOWN -- its own `Drop` output, by how far the nearest nest material is:
       nearest nest material  laden ticks   % of laden  P(drop)      drops
                     4 cells           72         0.5%   0.0000          0
                     8 cells          954         6.9%   0.0000          0
                    16 cells         1074         7.7%   0.0000          0
                    32 cells         3816        27.4%   0.0000          0
              further / none         8004        57.5%   0.0000          0
    TRACE ...and when it misses by 2-4 cells, is the miss SIDEWAYS or UPWARD? (rows = |dx|, cols = |dy|)
                  |dy|=0         1         2         3        4+
        |dx|=4      0.0%     83.3%     16.7%      0.0%      0.0%
      MISSED ONLY UPWARD (|dx|<=1, |dy|>=2) -- standing on the doorstep, head too high: 0.0%
    TRACE CAN IT SMELL THE LAST FEW CELLS? -- channel A one step TOWARD the comb vs one step AWAY, at a 2-4 cell miss:
      n 72  |  mean toward 2794.3  mean away 2976.7  |  toward is STRONGER on 16.7% of ticks, equal on 0.0%
      and what the ANT reads there -- its own PheroAAlong: pointed AT the comb -0.1222 (n 36)  |  pointed away -0.2118 (n 36)
      A cue only works if BOTH lines are good: the plane has to carry it AND the nose has to see it.
    TRACE WOULD A TWO-FORWARD-SAMPLE COMPARATOR READ THE PLANE? -- `(far - near) / (far + near + guard)`, neither term the ant's own cell:
        near/far blind (both 0) along POINTED HOME     along AWAY separation
           1 / 2         4.4%        -0.0343        -0.0483    +0.0140
           1 / 3         4.4%        -0.0773        -0.1205    +0.0432
           2 / 4         4.8%        -0.0912        -0.1549    +0.0637
           3 / 6         5.5%        -0.1358        -0.2163    +0.0805
          6 / 12        15.4%        -0.1662        -0.2628    +0.0966   <- Z29's literal suggestion
      SEPARATION IS THE COLUMN. The shipped `(ahead - here)` reads -0.20 home against -0.24 away:
      a gap of 0.04 and NEGATIVE in both. A comparator earns its place by making that gap real
      AND by not being blind -- a pair that reads 0.0 most of the time is not a sensor.
    TRACE DOES SMELLING OVER TIME CARRY THE DIRECTION? -- `(live - lagged) / (live + lagged + guard)` on the ant's OWN cell,
      exponential lag 0.995, read off the plane with no wiring. Bucketed by distance from home, because heading and
      distance are correlated: an ant pointed away has usually just left the nest and stands in the bright end of the ramp.
            distance    state     ticks    along HOME     ticks    along AWAY   separation   mean level
           0-8 cells    moved        62       +0.4218        47       +0.4077      +0.0142       1633.6
           0-8 cells   frozen       236       +0.3930       363       +0.3606      +0.0324       1533.6
          8-20 cells    moved        76       +0.3333         3       +0.7198      -0.3866       1519.7
          8-20 cells   frozen        41       +0.5071        32       +0.4864      +0.0207       2486.5
         20-45 cells    moved       198       +0.1509        13       +0.0583      +0.0926        553.8
         20-45 cells   frozen       371       +0.1639       390       +0.2199      -0.0559        669.8
           45+ cells    moved        81       +0.1174         3       +0.0335      +0.0838        479.3
           45+ cells   frozen       189       -0.0633       177       -0.0888      +0.0255        336.2
      SEPARATION IS THE COLUMN, and `moved` is the row that matters -- a frozen ant is watching its OWN
      deposit climb on a cell it never left, which reads as up-gradient while it goes nowhere.
      Compare against the spatial table above: that one separates +0.0617 at 6/12 on the shipped world.
      AND READ THE LEVEL COLUMN. Channel A is a ramp, so the level is a function of distance -- and §7.48's
      fit cancels the wiring's level term at ONE value of it (`w_in` 0.12). If the level moves across these
      bands, no constant `w_in` cancels it everywhere and the wiring is right at one distance from home.
      READ THE TOP ROW'S SHARE. `(AtNest, Drop, 1.0889)` against `(Bias, Drop, -0.2)` puts P(drop) at
      EXACTLY 0 anywhere below adjacency, at any crop fill. So a small top row means the ants never
      REACH the comb, and a large one with few drops would mean they reach it and decline.
    TRACE does pointing HOME give a POSITIVE reading? -- the three-way fix test, see `tr_align`:
      heading vs home          n  mean along % positive   P(move)
        -1.0..-0.6       4824     -0.2941      17.9%    0.0563
        -0.6..-0.2        504     -0.4123       0.0%    0.0039
        -0.2..+0.2       1866     -0.3656       0.3%    0.0096
        +0.2..+0.6        324     -0.4311       0.0%    0.0270
        +0.6..+1.0       6222     -0.2318      17.9%    0.4607   <- POINTED AT HOME: this row is the answer
    TRACE response vs crop fill -- P(home) should CLIMB with fill; a step or a flat line is the defect:
           fill          n   P(move)   P(home)   P(away)    cells/tick
        0.9-1.0      13920    0.2308    0.0293    0.0032     +0.026149   <- the gate threshold falls inside this bin
    TRACE Move pre-squash terms, mean over the decisions each one was live for:
      Bias             +2.00000   (live in 21816 of 13920)
      h2               -1.94136   (live in 21816 of 13920)
      h0               -1.44108   (live in 21816 of 13920)   <- THE TRAIL. `PheroAAlong` reaches `Move` here and nowhere else.
      h3               +0.98243   (live in 21816 of 13920)
      Energy           -0.81981   (live in 21816 of 13920)
      KinNeed          +0.52588   (live in 21816 of 13920)
      HomeAligned      +0.17799   (live in 21816 of 13920)
      Crowding         -0.10344   (live in 21816 of 13920)
      Stillness        +0.03099   (live in 21816 of 13920)
      h1               +0.01977   (live in 21816 of 13920)   <- THE TRAIL. `PheroAAlong` reaches `Move` here and nowhere else.
      Alarm            +0.00000   (live in 21816 of 13920)
      FoodAdjacent     +0.00000   (live in 21816 of 13920)
    TRACE focal ant: 9636 decisions written to /tmp/trailfollow-focal-seed10-gap90.csv
   90   10  hand    0/0         1824      648    11340    13920       84    9/20        3          3 1 7 9 0
                A READ  ant-readable homeward along >= 0.02 on  52.6% of route-cell samples | FOODWARD   9.0% | plane lit on  66.9% | peak amt  12439 cells  87
                THE LOOP, ANT BY ANT:
                  0. lived                                     20    100.0% of prev    100.0% of all
                  1. reached the food                           9     45.0% of prev     45.0% of all
                  2. picked food up out there                   8     88.9% of prev     40.0% of all
                  3. turned for home with it                    7     87.5% of prev     35.0% of all
                  4. got back to the nest still holding it      1     14.3% of prev      5.0% of all
                  5. PUT IT DOWN there                          1    100.0% of prev      5.0% of all
                  6. went back out again                        1    100.0% of prev      5.0% of all
                  7. reached the food a SECOND time             0      0.0% of prev      0.0% of all
                RETURN LEDGER reached food    9 of   20 ants | came back    3 | trips laden    1 empty    2 | LOOPERS    1 of   20 ants (11.1% of those that reached food), repeat    0, most loops by one ant   1
                BY ANCHOR AT PICKUP  anchor ON nest material:    1 loops /    4 pickups ( 25.0%) | anchor OFF it:    0 /    4 (  0.0%)
                BY BIRTH SITE  born ON comb:   1 of   4 that reached food looped ( 25.0%) | born OFF comb:   0 of   5 (  0.0%)
                LEGS legs[3103,3079,1615] laden[1615]
                founded x   12..88   (nest cursor 48 MATERIAL x 26..70 11 of 20 founders born on it; food 138; nearest founder 50 cells out, farthest 126, nominal gap 90)  occupancy/1k [33 12 21 36 35 27 11 2]  carry->nest     364  born    0 died   20 (starved   19)
                own trail: route pk   52 end    0 along +0.0000  B nest->food [89,3096,6522,9658,8290]  blocked      142  kin swaps       0  ticks     29939  tumbles     12232 (homeward      134, 1.10%)  drops       0  DELIVERED     0  leg home n    3 med  3079 p90  3103 (laden n    1 med  1615 p90  1615)  appetite held         0 J of   2234880  trips born-on-comb    3 (11 ants) / born-off    0 (9 ants)
                channel A: PEAK amt  12439 cells   87 (of 91 route)  POLARITY|| +0.13336 && +0.12435 SPAN +0.01538 edge   5.8  end nest->food [412,215,0,0,0]  nest   25  AtNest  8.96%
                Carrying: laden     15354  of which SPOIL      1434 (  9.3%)
    TRACE laden ants: n 29941  mean PheroAAlong -0.32389  MEAN |PheroAAlong| 0.36669  mean P(move) 0.1395  mean trail term (h0+h1 -> Move) -2.45686  net cells homeward 425 (+0.014195/tick)
    TRACE laden TICKS by what the sensor cell is -- the geometry test  [6.00 frames/tick, must equal tick_interval]:
      air (nose in open sky)             n     2216 ( 44.4% of ticks)   mean along -0.4288   usable (>= +0.02)   5.0%   frozen  81.0%
      solid (nose in ground)             n     1062 ( 21.3% of ticks)   mean along -0.4390   usable (>= +0.02)   0.8%   frozen  77.3%
      surface (a trail could be here)    n     1713 ( 34.3% of ticks)   mean along -0.1168   usable (>= +0.02)  22.0%   frozen  59.6%
      => of 3636 FROZEN laden ticks (P(move) exactly 0), 72% had the nose in sky or ground
    TRACE freeze runs: n 346   median 4 ticks   p90 30   longest 148
    TRACE split by the sign of `along` -- the run-and-tumble test:
      facing UP-gradient     n     3252   P(move) 0.5782   not resting   84.1%   P(move)|>0 0.6872   cells homeward      206 (+0.063346/tick)
      facing DOWN-gradient   n    25489   P(move) 0.0658   not resting   17.3%   P(move)|>0 0.3790   cells homeward      142 (+0.005571/tick)
      no readable gradient   n     1200   P(move) 0.5170   not resting   81.0%   P(move)|>0 0.6382   cells homeward       77 (+0.064167/tick)
      => P(move) up-gradient minus down-gradient: +0.5124  (the homing drive; ~0 means the circuit is inert)
    TRACE PheroAAlong histogram (-1..+1 in ninths): [-0.89]396 [-0.67]7290 [-0.44]7836 [-0.22]7579 [+0.00]4668 [+0.22]1632 [+0.44]360 [+0.67]174 [+0.89]6
    TRACE homing gate: opens at Carrying >= 0.9890; OPEN on 29941 of 29941 laden decisions (100.00%)
    TRACE the same split, GATE OPEN only -- the only rows where the pair can respond at all:
        facing UP-gradient   n     3252   P(move) 0.5782   not resting   84.1%   P(move)|>0 0.6872   cells homeward      206 (+0.063346/tick)
        facing DOWN-gradient n    25489   P(move) 0.0658   not resting   17.3%   P(move)|>0 0.3790   cells homeward      142 (+0.005571/tick)
      => with the gate open, P(move) up minus down: +0.5124; cells homeward up minus down: +0.057775/tick
         (positive cells-homeward means the ramp the colony built points at the NEST)
    TRACE of the 29941 gate-open decisions, 0 (0.0%) are ants ALSO holding spoil -- see `tr_gate_open_spoil`
    TRACE split by whether the homing gate is OPEN -- the conversion test:
      gate OPEN              n    29941   P(move) 0.1395   not resting   27.2%   P(move)|>0 0.5137   cells homeward      425 (+0.014195/tick)
      gate SHUT              n 0
    TRACE WHY A LADEN ANT IS NOT PUTTING ITS LOAD DOWN -- its own `Drop` output, by how far the nearest nest material is:
       nearest nest material  laden ticks   % of laden  P(drop)      drops
           ADJACENT (AtNest)         4423        14.8%   0.4885          0   <- the only row where Drop can fire
                     2 cells          300         1.0%   0.0000          0
                     4 cells           12         0.0%   0.0000          0
                     8 cells         1008         3.4%   0.0000          0
                    16 cells         3714        12.4%   0.0000          2
                    32 cells         7362        24.6%   0.0000          2
              further / none        13122        43.8%   0.0000          1
    TRACE ...and when it misses by 2-4 cells, is the miss SIDEWAYS or UPWARD? (rows = |dx|, cols = |dy|)
                  |dy|=0         1         2         3        4+
        |dx|=1      0.0%      0.0%     59.6%      0.0%      0.0%
        |dx|=2      0.0%     23.1%     13.5%      1.9%      0.0%
        |dx|=4      0.0%      0.0%      0.0%      1.9%      0.0%
      MISSED ONLY UPWARD (|dx|<=1, |dy|>=2) -- standing on the doorstep, head too high: 59.6%
    TRACE CAN IT SMELL THE LAST FEW CELLS? -- channel A one step TOWARD the comb vs one step AWAY, at a 2-4 cell miss:
      n 312  |  mean toward 3189.7  mean away 2977.3  |  toward is STRONGER on 67.3% of ticks, equal on 0.0%
      and what the ANT reads there -- its own PheroAAlong: pointed AT the comb -0.1957 (n 126)  |  pointed away -0.6317 (n 186)
      A cue only works if BOTH lines are good: the plane has to carry it AND the nose has to see it.
    TRACE WOULD A TWO-FORWARD-SAMPLE COMPARATOR READ THE PLANE? -- `(far - near) / (far + near + guard)`, neither term the ant's own cell:
        near/far blind (both 0) along POINTED HOME     along AWAY separation
           1 / 2         5.4%        -0.0622        -0.0604    -0.0018
           1 / 3         5.3%        -0.1389        -0.1293    -0.0095
           2 / 4         5.4%        -0.1604        -0.1493    -0.0111
           3 / 6         6.0%        -0.2342        -0.2298    -0.0044
          6 / 12        10.2%        -0.2367        -0.2833    +0.0466   <- Z29's literal suggestion
      SEPARATION IS THE COLUMN. The shipped `(ahead - here)` reads -0.20 home against -0.24 away:
      a gap of 0.04 and NEGATIVE in both. A comparator earns its place by making that gap real
      AND by not being blind -- a pair that reads 0.0 most of the time is not a sensor.
    TRACE DOES SMELLING OVER TIME CARRY THE DIRECTION? -- `(live - lagged) / (live + lagged + guard)` on the ant's OWN cell,
      exponential lag 0.995, read off the plane with no wiring. Bucketed by distance from home, because heading and
      distance are correlated: an ant pointed away has usually just left the nest and stands in the bright end of the ramp.
            distance    state     ticks    along HOME     ticks    along AWAY   separation   mean level
           0-8 cells    moved        75       +0.4015       126       +0.1824      +0.2191       1998.2
           0-8 cells   frozen       900       +0.2587       673       +0.2601      -0.0013       2172.9
          8-20 cells    moved        86       +0.2345         4       +0.0540      +0.1805        448.3
          8-20 cells   frozen        97       +0.2501       119       +0.3735      -0.1234        609.1
         20-45 cells    moved       218       +0.0845         6       +0.0630      +0.0215        336.0
         20-45 cells   frozen       320       +0.0592       427       +0.0556      +0.0036        535.0
           45+ cells    moved       105       +0.1416         3       -0.2088      +0.3504        451.1
           45+ cells   frozen       387       +0.0943       403       +0.0835      +0.0108        479.8
      SEPARATION IS THE COLUMN, and `moved` is the row that matters -- a frozen ant is watching its OWN
      deposit climb on a cell it never left, which reads as up-gradient while it goes nowhere.
      Compare against the spatial table above: that one separates +0.0617 at 6/12 on the shipped world.
      AND READ THE LEVEL COLUMN. Channel A is a ramp, so the level is a function of distance -- and §7.48's
      fit cancels the wiring's level term at ONE value of it (`w_in` 0.12). If the level moves across these
      bands, no constant `w_in` cancels it everywhere and the wiring is right at one distance from home.
      READ THE TOP ROW'S SHARE. `(AtNest, Drop, 1.0889)` against `(Bias, Drop, -0.2)` puts P(drop) at
      EXACTLY 0 anywhere below adjacency, at any crop fill. So a small top row means the ants never
      REACH the comb, and a large one with few drops would mean they reach it and decline.
    TRACE does pointing HOME give a POSITIVE reading? -- the three-way fix test, see `tr_align`:
      heading vs home          n  mean along % positive   P(move)
        -1.0..-0.6       7788     -0.2941      14.6%    0.0275
        -0.6..-0.2        738     -0.4794       4.1%    0.0131
        -0.2..+0.2       2628     -0.4377       0.5%    0.0215
        +0.2..+0.6        408     -0.4323       1.5%    0.0114
        +0.6..+1.0      12186     -0.3542      12.4%    0.2824   <- POINTED AT HOME: this row is the answer
    TRACE response vs crop fill -- P(home) should CLIMB with fill; a step or a flat line is the defect:
           fill          n   P(move)   P(home)   P(away)    cells/tick
        0.9-1.0      29941    0.1395    0.0175    0.0033     +0.014195   <- the gate threshold falls inside this bin
    TRACE Move pre-squash terms, mean over the decisions each one was live for:
      h2               -2.04287   (live in 39355 of 29941)
      Bias             +2.00000   (live in 39355 of 29941)
      h3               +1.50392   (live in 39355 of 29941)
      h0               -1.33346   (live in 39355 of 29941)   <- THE TRAIL. `PheroAAlong` reaches `Move` here and nowhere else.
      Energy           -1.16830   (live in 39355 of 29941)
      h1               -0.53651   (live in 39355 of 29941)   <- THE TRAIL. `PheroAAlong` reaches `Move` here and nowhere else.
      KinNeed          +0.36242   (live in 39355 of 29941)
      HomeAligned      +0.24166   (live in 39355 of 29941)
      Crowding         -0.12057   (live in 39355 of 29941)
      Stillness        +0.08331   (live in 39355 of 29941)
      FoodAdjacent     -0.00177   (live in 39355 of 29941)
      Alarm            +0.00000   (live in 39355 of 29941)
    TRACE focal ant: 14640 decisions written to /tmp/trailfollow-focal-seed11-gap90.csv
   90   11  hand    1/1         3918      828        0    29941     4765    9/20        3         5 0 3 12 0
                A READ  ant-readable homeward along >= 0.02 on  62.4% of route-cell samples | FOODWARD  10.9% | plane lit on  71.5% | peak amt  15226 cells  87
                THE LOOP, ANT BY ANT:
                  0. lived                                     20    100.0% of prev    100.0% of all
                  1. reached the food                           9     45.0% of prev     45.0% of all
                  2. picked food up out there                   9    100.0% of prev     45.0% of all
                  3. turned for home with it                    8     88.9% of prev     40.0% of all
                  4. got back to the nest still holding it      3     37.5% of prev     15.0% of all
                  5. PUT IT DOWN there                          3    100.0% of prev     15.0% of all
                  6. went back out again                        2     66.7% of prev     10.0% of all
                  7. reached the food a SECOND time             1     50.0% of prev      5.0% of all
                RETURN LEDGER reached food    9 of   20 ants | came back    3 | trips laden    1 empty    2 | LOOPERS    1 of   20 ants (11.1% of those that reached food), repeat    0, most loops by one ant   1
                BY ANCHOR AT PICKUP  anchor ON nest material:    0 loops /    4 pickups (  0.0%) | anchor OFF it:    1 /    6 ( 16.7%)
                BY BIRTH SITE  born ON comb:   0 of   4 that reached food looped (  0.0%) | born OFF comb:   1 of   5 ( 20.0%)
                LEGS legs[685,3007,4999] laden[685]
                founded x   12..88   (nest cursor 48 MATERIAL x 26..70 11 of 20 founders born on it; food 138; nearest founder 50 cells out, farthest 126, nominal gap 90)  occupancy/1k [31 17 25 52 42 28 20 3]  carry->nest     425  born    0 died   19 (starved   18)
                own trail: route pk   56 end   10 along +0.0000  B nest->food [89,3140,6518,9708,8291]  blocked      267  kin swaps       0  ticks     37096  tumbles     15686 (homeward      461, 2.94%)  drops     364  DELIVERED   364  leg home n    3 med  3007 p90  4999 (laden n    1 med   685 p90   685)  appetite held         0 J of   4800000  trips born-on-comb    2 (11 ants) / born-off    1 (9 ants)
                channel A: PEAK amt  15226 cells   87 (of 91 route)  POLARITY|| +0.14967 && +0.14357 SPAN +0.01077 edge   5.9  end nest->food [1787,757,0,0,0]  nest   25  AtNest 10.69%
                Carrying: laden     37885  of which SPOIL      7944 ( 21.0%)
    TRACE laden ants: n 32058  mean PheroAAlong -0.26680  MEAN |PheroAAlong| 0.32042  mean P(move) 0.1389  mean trail term (h0+h1 -> Move) -2.15125  net cells homeward 414 (+0.012914/tick)
    TRACE laden TICKS by what the sensor cell is -- the geometry test  [6.00 frames/tick, must equal tick_interval]:
      air (nose in open sky)             n     2130 ( 39.9% of ticks)   mean along -0.3733   usable (>= +0.02)   7.0%   frozen  83.5%
      solid (nose in ground)             n     1277 ( 23.9% of ticks)   mean along -0.3953   usable (>= +0.02)   1.3%   frozen  87.5%
      surface (a trail could be here)    n     1936 ( 36.2% of ticks)   mean along -0.0648   usable (>= +0.02)  36.9%   frozen  60.8%
      => of 4073 FROZEN laden ticks (P(move) exactly 0), 71% had the nose in sky or ground
    TRACE freeze runs: n 375   median 3 ticks   p90 19   longest 219
    TRACE split by the sign of `along` -- the run-and-tumble test:
      facing UP-gradient     n     5490   P(move) 0.4326   not resting   57.9%   P(move)|>0 0.7469   cells homeward      301 (+0.054827/tick)
      facing DOWN-gradient   n    25608   P(move) 0.0591   not resting   14.4%   P(move)|>0 0.4106   cells homeward       48 (+0.001874/tick)
      no readable gradient   n      960   P(move) 0.5880   not resting   78.8%   P(move)|>0 0.7466   cells homeward       65 (+0.067708/tick)
      => P(move) up-gradient minus down-gradient: +0.3735  (the homing drive; ~0 means the circuit is inert)
    TRACE PheroAAlong histogram (-1..+1 in ninths): [-0.89]228 [-0.67]5166 [-0.44]8328 [-0.22]9888 [+0.00]5160 [+0.22]2820 [+0.44]306 [+0.67]132 [+0.89]30
    TRACE homing gate: opens at Carrying >= 0.9890; OPEN on 32058 of 32058 laden decisions (100.00%)
    TRACE the same split, GATE OPEN only -- the only rows where the pair can respond at all:
        facing UP-gradient   n     5490   P(move) 0.4326   not resting   57.9%   P(move)|>0 0.7469   cells homeward      301 (+0.054827/tick)
        facing DOWN-gradient n    25608   P(move) 0.0591   not resting   14.4%   P(move)|>0 0.4106   cells homeward       48 (+0.001874/tick)
      => with the gate open, P(move) up minus down: +0.3735; cells homeward up minus down: +0.052953/tick
         (positive cells-homeward means the ramp the colony built points at the NEST)
    TRACE of the 32058 gate-open decisions, 1740 (5.4%) are ants ALSO holding spoil -- see `tr_gate_open_spoil`
    TRACE split by whether the homing gate is OPEN -- the conversion test:
      gate OPEN              n    32058   P(move) 0.1389   not resting   23.8%   P(move)|>0 0.5843   cells homeward      414 (+0.012914/tick)
      gate SHUT              n 0
    TRACE WHY A LADEN ANT IS NOT PUTTING ITS LOAD DOWN -- its own `Drop` output, by how far the nearest nest material is:
       nearest nest material  laden ticks   % of laden  P(drop)      drops
           ADJACENT (AtNest)         5178        16.2%   0.4917         83   <- the only row where Drop can fire
                     2 cells         3780        11.8%   0.0000          0
                     4 cells          558         1.7%   0.0000          1
                     8 cells         2064         6.4%   0.0000          1
                    16 cells         2100         6.6%   0.0000          0
                    32 cells         5880        18.3%   0.0000          1
              further / none        12498        39.0%   0.0000          0
    TRACE ...and when it misses by 2-4 cells, is the miss SIDEWAYS or UPWARD? (rows = |dx|, cols = |dy|)
                  |dy|=0         1         2         3        4+
        |dx|=1      0.0%      0.0%     40.8%      0.0%      0.0%
        |dx|=2      0.0%     40.2%      6.1%      0.0%      0.0%
        |dx|=4      0.0%      6.6%      6.2%      0.0%      0.0%
      MISSED ONLY UPWARD (|dx|<=1, |dy|>=2) -- standing on the doorstep, head too high: 40.8%
    TRACE CAN IT SMELL THE LAST FEW CELLS? -- channel A one step TOWARD the comb vs one step AWAY, at a 2-4 cell miss:
      n 4338  |  mean toward 3388.5  mean away 3250.9  |  toward is STRONGER on 45.6% of ticks, equal on 0.3%
      and what the ANT reads there -- its own PheroAAlong: pointed AT the comb -0.3450 (n 2502)  |  pointed away -0.4815 (n 1836)
      A cue only works if BOTH lines are good: the plane has to carry it AND the nose has to see it.
    TRACE WOULD A TWO-FORWARD-SAMPLE COMPARATOR READ THE PLANE? -- `(far - near) / (far + near + guard)`, neither term the ant's own cell:
        near/far blind (both 0) along POINTED HOME     along AWAY separation
           1 / 2         4.3%        -0.0370        -0.0400    +0.0029
           1 / 3         4.2%        -0.1065        -0.1041    -0.0023
           2 / 4         4.2%        -0.1432        -0.1324    -0.0108
           3 / 6         4.1%        -0.2132        -0.2006    -0.0126
          6 / 12         6.4%        -0.2880        -0.2744    -0.0136   <- Z29's literal suggestion
      SEPARATION IS THE COLUMN. The shipped `(ahead - here)` reads -0.20 home against -0.24 away:
      a gap of 0.04 and NEGATIVE in both. A comparator earns its place by making that gap real
      AND by not being blind -- a pair that reads 0.0 most of the time is not a sensor.
    TRACE DOES SMELLING OVER TIME CARRY THE DIRECTION? -- `(live - lagged) / (live + lagged + guard)` on the ant's OWN cell,
      exponential lag 0.995, read off the plane with no wiring. Bucketed by distance from home, because heading and
      distance are correlated: an ant pointed away has usually just left the nest and stands in the bright end of the ramp.
            distance    state     ticks    along HOME     ticks    along AWAY   separation   mean level
           0-8 cells    moved        84       +0.3324       127       +0.2397      +0.0927       1900.3
           0-8 cells   frozen       897       +0.1622       730       +0.1340      +0.0283       2601.4
          8-20 cells   frozen        84       +0.1297        59       +0.0738      +0.0559        865.0
         20-45 cells    moved       244       +0.1622        10       +0.1517      +0.0105        577.1
         20-45 cells   frozen       612       +0.2906       804       +0.1625      +0.1281        817.4
           45+ cells    moved        91       +0.0642         7       -0.2358      +0.3000        334.4
           45+ cells   frozen        66       +0.0707        92       +0.1307      -0.0600        518.9
      SEPARATION IS THE COLUMN, and `moved` is the row that matters -- a frozen ant is watching its OWN
      deposit climb on a cell it never left, which reads as up-gradient while it goes nowhere.
      Compare against the spatial table above: that one separates +0.0617 at 6/12 on the shipped world.
      AND READ THE LEVEL COLUMN. Channel A is a ramp, so the level is a function of distance -- and §7.48's
      fit cancels the wiring's level term at ONE value of it (`w_in` 0.12). If the level moves across these
      bands, no constant `w_in` cancels it everywhere and the wiring is right at one distance from home.
      READ THE TOP ROW'S SHARE. `(AtNest, Drop, 1.0889)` against `(Bias, Drop, -0.2)` puts P(drop) at
      EXACTLY 0 anywhere below adjacency, at any crop fill. So a small top row means the ants never
      REACH the comb, and a large one with few drops would mean they reach it and decline.
    TRACE does pointing HOME give a POSITIVE reading? -- the three-way fix test, see `tr_align`:
      heading vs home          n  mean along % positive   P(move)
        -1.0..-0.6       8298     -0.2423      33.2%    0.0199
        -0.6..-0.2        162     -0.3036       0.0%    0.0000
        -0.2..+0.2       3498     -0.4412       0.3%    0.0119
        +0.2..+0.6        156     -0.2882       0.0%    0.0211
        +0.6..+1.0      11856     -0.2806      16.3%    0.3070   <- POINTED AT HOME: this row is the answer
    TRACE response vs crop fill -- P(home) should CLIMB with fill; a step or a flat line is the defect:
           fill          n   P(move)   P(home)   P(away)    cells/tick
        0.9-1.0      32058    0.1389    0.0171    0.0041     +0.012914   <- the gate threshold falls inside this bin
    TRACE Move pre-squash terms, mean over the decisions each one was live for:
      h2               -2.14539   (live in 38688 of 32058)
      Bias             +2.00000   (live in 38688 of 32058)
      h3               +1.77988   (live in 38688 of 32058)
      Energy           -1.28615   (live in 38688 of 32058)
      h0               -1.09099   (live in 38688 of 32058)   <- THE TRAIL. `PheroAAlong` reaches `Move` here and nowhere else.
      h1               -0.69235   (live in 38688 of 32058)   <- THE TRAIL. `PheroAAlong` reaches `Move` here and nowhere else.
      KinNeed          +0.27756   (live in 38688 of 32058)
      HomeAligned      +0.21684   (live in 38688 of 32058)
      Stillness        +0.12824   (live in 38688 of 32058)
      Crowding         -0.08909   (live in 38688 of 32058)
      FoodAdjacent     -0.04911   (live in 38688 of 32058)
      Alarm            +0.00000   (live in 38688 of 32058)
    TRACE focal ant: 10110 decisions written to /tmp/trailfollow-focal-seed12-gap90.csv
   90   12  hand    3/3         4195      630        0    32058    10404    9/20        6         4 2 3 11 0
                A READ  ant-readable homeward along >= 0.02 on  59.1% of route-cell samples | FOODWARD  17.3% | plane lit on  76.0% | peak amt  14933 cells  86
                THE LOOP, ANT BY ANT:
                  0. lived                                     20    100.0% of prev    100.0% of all
                  1. reached the food                           9     45.0% of prev     45.0% of all
                  2. picked food up out there                   7     77.8% of prev     35.0% of all
                  3. turned for home with it                    6     85.7% of prev     30.0% of all
                  4. got back to the nest still holding it      3     50.0% of prev     15.0% of all
                  5. PUT IT DOWN there                          3    100.0% of prev     15.0% of all
                  6. went back out again                        2     66.7% of prev     10.0% of all
                  7. reached the food a SECOND time             0      0.0% of prev      0.0% of all
                RETURN LEDGER reached food    9 of   20 ants | came back    6 | trips laden    2 empty    4 | LOOPERS    2 of   20 ants (22.2% of those that reached food), repeat    0, most loops by one ant   1
                BY ANCHOR AT PICKUP  anchor ON nest material:    0 loops /    2 pickups (  0.0%) | anchor OFF it:    2 /    8 ( 25.0%)
                BY BIRTH SITE  born ON comb:   0 of   4 that reached food looped (  0.0%) | born OFF comb:   2 of   5 ( 40.0%)
                LEGS legs[7177,973,5119,6049,3439,1687] laden[973,1687]
                founded x   12..88   (nest cursor 48 MATERIAL x 26..70 11 of 20 founders born on it; food 138; nearest founder 50 cells out, farthest 126, nominal gap 90)  occupancy/1k [35 42 43 13 27 42 20 4]  carry->nest     414  born    0 died   17 (starved   16)
                own trail: route pk   71 end    0 along +0.0000  B nest->food [89,3190,6462,9714,8291]  blocked      179  kin swaps       0  ticks     38268  tumbles     15972 (homeward      439, 2.75%)  drops     380  DELIVERED   380  leg home n    6 med  5119 p90  7177 (laden n    2 med  1687 p90  1687)  appetite held         0 J of   5139840  trips born-on-comb    2 (11 ants) / born-off    4 (9 ants)
                channel A: PEAK amt  14933 cells   86 (of 91 route)  POLARITY|| +0.12149 && +0.11040 SPAN +0.02226 edge   5.9  end nest->food [1289,2589,0,0,0]  nest   25  AtNest 16.09%
                Carrying: laden     36948  of which SPOIL      6630 ( 17.9%)
    TRACE laden ants: n 36727  mean PheroAAlong -0.29402  MEAN |PheroAAlong| 0.34753  mean P(move) 0.1466  mean trail term (h0+h1 -> Move) -2.31493  net cells homeward 467 (+0.012715/tick)
    TRACE laden TICKS by what the sensor cell is -- the geometry test  [6.00 frames/tick, must equal tick_interval]:
      air (nose in open sky)             n     2492 ( 40.7% of ticks)   mean along -0.3361   usable (>= +0.02)  10.0%   frozen  82.7%
      solid (nose in ground)             n     1747 ( 28.5% of ticks)   mean along -0.3876   usable (>= +0.02)  12.1%   frozen  79.0%
      surface (a trail could be here)    n     1882 ( 30.7% of ticks)   mean along -0.1515   usable (>= +0.02)  24.7%   frozen  46.7%
      => of 4321 FROZEN laden ticks (P(move) exactly 0), 80% had the nose in sky or ground
    TRACE freeze runs: n 434   median 3 ticks   p90 19   longest 240
    TRACE split by the sign of `along` -- the run-and-tumble test:
      facing UP-gradient     n     5802   P(move) 0.4343   not resting   69.8%   P(move)|>0 0.6222   cells homeward      279 (+0.048087/tick)
      facing DOWN-gradient   n    30121   P(move) 0.0792   not resting   20.2%   P(move)|>0 0.3916   cells homeward      122 (+0.004050/tick)
      no readable gradient   n      804   P(move) 0.5939   not resting   81.3%   P(move)|>0 0.7302   cells homeward       66 (+0.082090/tick)
      => P(move) up-gradient minus down-gradient: +0.3551  (the homing drive; ~0 means the circuit is inert)
    TRACE PheroAAlong histogram (-1..+1 in ninths): [-0.89]234 [-0.67]7290 [-0.44]10344 [-0.22]10009 [+0.00]5886 [+0.22]2190 [+0.44]594 [+0.67]180 [+0.89]0
    TRACE homing gate: opens at Carrying >= 0.9890; OPEN on 36727 of 36727 laden decisions (100.00%)
    TRACE the same split, GATE OPEN only -- the only rows where the pair can respond at all:
        facing UP-gradient   n     5802   P(move) 0.4343   not resting   69.8%   P(move)|>0 0.6222   cells homeward      279 (+0.048087/tick)
        facing DOWN-gradient n    30121   P(move) 0.0792   not resting   20.2%   P(move)|>0 0.3916   cells homeward      122 (+0.004050/tick)
      => with the gate open, P(move) up minus down: +0.3551; cells homeward up minus down: +0.044037/tick
         (positive cells-homeward means the ramp the colony built points at the NEST)
    TRACE of the 36727 gate-open decisions, 0 (0.0%) are ants ALSO holding spoil -- see `tr_gate_open_spoil`
    TRACE split by whether the homing gate is OPEN -- the conversion test:
      gate OPEN              n    36727   P(move) 0.1466   not resting   29.4%   P(move)|>0 0.4986   cells homeward      467 (+0.012715/tick)
      gate SHUT              n 0
    TRACE WHY A LADEN ANT IS NOT PUTTING ITS LOAD DOWN -- its own `Drop` output, by how far the nearest nest material is:
       nearest nest material  laden ticks   % of laden  P(drop)      drops
           ADJACENT (AtNest)         6181        16.8%   0.4919        108   <- the only row where Drop can fire
                     2 cells         3510         9.6%   0.0000          0
                     4 cells          906         2.5%   0.0000          1
                     8 cells         2430         6.6%   0.0000          1
                    16 cells         7266        19.8%   0.0000          3
                    32 cells         8592        23.4%   0.0000          2
              further / none         7842        21.4%   0.0000          0
    TRACE ...and when it misses by 2-4 cells, is the miss SIDEWAYS or UPWARD? (rows = |dx|, cols = |dy|)
                  |dy|=0         1         2         3        4+
        |dx|=0      0.0%      0.0%     15.8%      0.0%      0.0%
        |dx|=1      0.0%      0.0%     47.4%      0.8%      0.0%
        |dx|=2      0.0%     12.4%      3.9%     11.4%      0.0%
        |dx|=4      0.0%      0.0%      8.3%      0.0%      0.0%
      MISSED ONLY UPWARD (|dx|<=1, |dy|>=2) -- standing on the doorstep, head too high: 64.0%
    TRACE CAN IT SMELL THE LAST FEW CELLS? -- channel A one step TOWARD the comb vs one step AWAY, at a 2-4 cell miss:
      n 4416  |  mean toward 3920.9  mean away 3683.6  |  toward is STRONGER on 54.3% of ticks, equal on 0.8%
      and what the ANT reads there -- its own PheroAAlong: pointed AT the comb -0.3925 (n 2694)  |  pointed away -0.3884 (n 1722)
      A cue only works if BOTH lines are good: the plane has to carry it AND the nose has to see it.
    TRACE WOULD A TWO-FORWARD-SAMPLE COMPARATOR READ THE PLANE? -- `(far - near) / (far + near + guard)`, neither term the ant's own cell:
        near/far blind (both 0) along POINTED HOME     along AWAY separation
           1 / 2         2.8%        -0.0635        -0.0246    -0.0389
           1 / 3         2.8%        -0.1318        -0.0687    -0.0630
           2 / 4         3.0%        -0.1411        -0.0920    -0.0491
           3 / 6         3.6%        -0.2099        -0.1447    -0.0652
          6 / 12         6.5%        -0.2506        -0.2648    +0.0142   <- Z29's literal suggestion
      SEPARATION IS THE COLUMN. The shipped `(ahead - here)` reads -0.20 home against -0.24 away:
      a gap of 0.04 and NEGATIVE in both. A comparator earns its place by making that gap real
      AND by not being blind -- a pair that reads 0.0 most of the time is not a sensor.
    TRACE DOES SMELLING OVER TIME CARRY THE DIRECTION? -- `(live - lagged) / (live + lagged + guard)` on the ant's OWN cell,
      exponential lag 0.995, read off the plane with no wiring. Bucketed by distance from home, because heading and
      distance are correlated: an ant pointed away has usually just left the nest and stands in the bright end of the ramp.
            distance    state     ticks    along HOME     ticks    along AWAY   separation   mean level
           0-8 cells    moved       144       +0.1564       214       +0.1178      +0.0386       1728.7
           0-8 cells   frozen      1873       +0.1288      1029       +0.0762      +0.0526       2085.2
          8-20 cells    moved       109       +0.0454         1       +0.3546      -0.3092        531.4
          8-20 cells   frozen        87       +0.2905       241       +0.3189      -0.0284       1016.9
         20-45 cells    moved       252       +0.0107        27       -0.3152      +0.3259        363.8
         20-45 cells   frozen       293       +0.1422       184       +0.0827      +0.0595        485.2
           45+ cells    moved        66       +0.1389         4       -0.1866      +0.3255        418.3
           45+ cells   frozen       111       +0.0846        54       +0.0352      +0.0494        400.6
      SEPARATION IS THE COLUMN, and `moved` is the row that matters -- a frozen ant is watching its OWN
      deposit climb on a cell it never left, which reads as up-gradient while it goes nowhere.
      Compare against the spatial table above: that one separates +0.0617 at 6/12 on the shipped world.
      AND READ THE LEVEL COLUMN. Channel A is a ramp, so the level is a function of distance -- and §7.48's
      fit cancels the wiring's level term at ONE value of it (`w_in` 0.12). If the level moves across these
      bands, no constant `w_in` cancels it everywhere and the wiring is right at one distance from home.
      READ THE TOP ROW'S SHARE. `(AtNest, Drop, 1.0889)` against `(Bias, Drop, -0.2)` puts P(drop) at
      EXACTLY 0 anywhere below adjacency, at any crop fill. So a small top row means the ants never
      REACH the comb, and a large one with few drops would mean they reach it and decline.
    TRACE does pointing HOME give a POSITIVE reading? -- the three-way fix test, see `tr_align`:
      heading vs home          n  mean along % positive   P(move)
        -1.0..-0.6       7512     -0.1568      44.5%    0.0772
        -0.6..-0.2        354     -0.2228      22.0%    0.0542
        -0.2..+0.2       2946     -0.3036       9.0%    0.0774
        +0.2..+0.6        576     -0.3313       3.1%    0.0750
        +0.6..+1.0      16812     -0.3591       9.7%    0.2439   <- POINTED AT HOME: this row is the answer
    TRACE response vs crop fill -- P(home) should CLIMB with fill; a step or a flat line is the defect:
           fill          n   P(move)   P(home)   P(away)    cells/tick
        0.9-1.0      36727    0.1466    0.0178    0.0051     +0.012715   <- the gate threshold falls inside this bin
    TRACE Move pre-squash terms, mean over the decisions each one was live for:
      h2               -2.07763   (live in 46022 of 36727)
      Bias             +2.00000   (live in 46022 of 36727)
      h3               +1.65927   (live in 46022 of 36727)
      Energy           -1.29283   (live in 46022 of 36727)
      h0               -1.22191   (live in 46022 of 36727)   <- THE TRAIL. `PheroAAlong` reaches `Move` here and nowhere else.
      h1               -0.62646   (live in 46022 of 36727)   <- THE TRAIL. `PheroAAlong` reaches `Move` here and nowhere else.
      HomeAligned      +0.54570   (live in 46022 of 36727)
      KinNeed          +0.29787   (live in 46022 of 36727)
      Stillness        +0.12207   (live in 46022 of 36727)
      Crowding         -0.11511   (live in 46022 of 36727)
      FoodAdjacent     -0.11358   (live in 46022 of 36727)
      Alarm            +0.00000   (live in 46022 of 36727)
    TRACE focal ant: 23299 decisions written to /tmp/trailfollow-focal-seed13-gap90.csv
   90   13  hand    2/2         4803      600        0    36727    10825    9/20        5         5 4 1 10 0
                A READ  ant-readable homeward along >= 0.02 on  51.1% of route-cell samples | FOODWARD  18.1% | plane lit on  68.4% | peak amt  19289 cells  87
                THE LOOP, ANT BY ANT:
                  0. lived                                     20    100.0% of prev    100.0% of all
                  1. reached the food                           9     45.0% of prev     45.0% of all
                  2. picked food up out there                   7     77.8% of prev     35.0% of all
                  3. turned for home with it                    7    100.0% of prev     35.0% of all
                  4. got back to the nest still holding it      4     57.1% of prev     20.0% of all
                  5. PUT IT DOWN there                          4    100.0% of prev     20.0% of all
                  6. went back out again                        3     75.0% of prev     15.0% of all
                  7. reached the food a SECOND time             0      0.0% of prev      0.0% of all
                RETURN LEDGER reached food    9 of   20 ants | came back    5 | trips laden    3 empty    2 | LOOPERS    3 of   20 ants (33.3% of those that reached food), repeat    0, most loops by one ant   1
                BY ANCHOR AT PICKUP  anchor ON nest material:    1 loops /    2 pickups ( 50.0%) | anchor OFF it:    2 /    7 ( 28.6%)
                BY BIRTH SITE  born ON comb:   1 of   4 that reached food looped ( 25.0%) | born OFF comb:   2 of   5 ( 40.0%)
                LEGS legs[793,1093,1375,2905,4879] laden[793,1093,1375]
                founded x   12..88   (nest cursor 48 MATERIAL x 26..70 11 of 20 founders born on it; food 138; nearest founder 50 cells out, farthest 126, nominal gap 90)  occupancy/1k [33 37 51 62 13 13 19 2]  carry->nest     467  born    0 died   18 (starved   16)
                own trail: route pk   64 end    0 along +0.0000  B nest->food [89,3141,6550,9671,8291]  blocked      252  kin swaps       0  ticks     39257  tumbles     16512 (homeward      696, 4.22%)  drops     443  DELIVERED   443  leg home n    5 med  1375 p90  4879 (laden n    3 med  1093 p90  1375)  appetite held         0 J of   5884800  trips born-on-comb    1 (11 ants) / born-off    4 (9 ants)
                channel A: PEAK amt  19289 cells   87 (of 91 route)  POLARITY|| +0.13488 && +0.12881 SPAN +0.03581 edge   6.7  end nest->food [1620,1346,0,0,0]  nest   25  AtNest 13.13%
                Carrying: laden     41851  of which SPOIL      5124 ( 12.2%)
    TRACE laden ants: n 29847  mean PheroAAlong -0.25700  MEAN |PheroAAlong| 0.29247  mean P(move) 0.1263  mean trail term (h0+h1 -> Move) -2.22294  net cells homeward 405 (+0.013569/tick)
    TRACE laden TICKS by what the sensor cell is -- the geometry test  [6.01 frames/tick, must equal tick_interval]:
      air (nose in open sky)             n     2133 ( 42.9% of ticks)   mean along -0.3044   usable (>= +0.02)   5.7%   frozen  84.1%
      solid (nose in ground)             n     1378 ( 27.7% of ticks)   mean along -0.3592   usable (>= +0.02)   1.7%   frozen  85.9%
      surface (a trail could be here)    n     1459 ( 29.4% of ticks)   mean along -0.0916   usable (>= +0.02)  25.3%   frozen  57.4%
      => of 3815 FROZEN laden ticks (P(move) exactly 0), 78% had the nose in sky or ground
    TRACE freeze runs: n 281   median 3 ticks   p90 39   longest 224
    TRACE split by the sign of `along` -- the run-and-tumble test:
      facing UP-gradient     n     4014   P(move) 0.4327   not resting   63.1%   P(move)|>0 0.6860   cells homeward      210 (+0.052317/tick)
      facing DOWN-gradient   n    25361   P(move) 0.0706   not resting   16.0%   P(move)|>0 0.4424   cells homeward      190 (+0.007492/tick)
      no readable gradient   n      472   P(move) 0.5153   not resting   79.0%   P(move)|>0 0.6521   cells homeward        5 (+0.010593/tick)
      => P(move) up-gradient minus down-gradient: +0.3621  (the homing drive; ~0 means the circuit is inert)
    TRACE PheroAAlong histogram (-1..+1 in ninths): [-0.89]354 [-0.67]2982 [-0.44]9052 [-0.22]8893 [+0.00]6796 [+0.22]1302 [+0.44]354 [+0.67]102 [+0.89]12
    TRACE homing gate: opens at Carrying >= 0.9890; OPEN on 29847 of 29847 laden decisions (100.00%)
    TRACE the same split, GATE OPEN only -- the only rows where the pair can respond at all:
        facing UP-gradient   n     4014   P(move) 0.4327   not resting   63.1%   P(move)|>0 0.6860   cells homeward      210 (+0.052317/tick)
        facing DOWN-gradient n    25361   P(move) 0.0706   not resting   16.0%   P(move)|>0 0.4424   cells homeward      190 (+0.007492/tick)
      => with the gate open, P(move) up minus down: +0.3621; cells homeward up minus down: +0.044825/tick
         (positive cells-homeward means the ramp the colony built points at the NEST)
    TRACE of the 29847 gate-open decisions, 0 (0.0%) are ants ALSO holding spoil -- see `tr_gate_open_spoil`
    TRACE split by whether the homing gate is OPEN -- the conversion test:
      gate OPEN              n    29847   P(move) 0.1263   not resting   23.3%   P(move)|>0 0.5424   cells homeward      405 (+0.013569/tick)
      gate SHUT              n 0
    TRACE WHY A LADEN ANT IS NOT PUTTING ITS LOAD DOWN -- its own `Drop` output, by how far the nearest nest material is:
       nearest nest material  laden ticks   % of laden  P(drop)      drops
           ADJACENT (AtNest)         1806         6.1%   0.4885          0   <- the only row where Drop can fire
                     2 cells            6         0.0%   0.0000          0
                     4 cells           48         0.2%   0.0000          0
                     8 cells         1788         6.0%   0.0000          1
                    16 cells          846         2.8%   0.0000          0
                    32 cells         4614        15.5%   0.0000          1
              further / none        20739        69.5%   0.0000          2
    TRACE ...and when it misses by 2-4 cells, is the miss SIDEWAYS or UPWARD? (rows = |dx|, cols = |dy|)
                  |dy|=0         1         2         3        4+
        |dx|=2      0.0%      0.0%     11.1%      0.0%      0.0%
        |dx|=4      0.0%      0.0%     88.9%      0.0%      0.0%
      MISSED ONLY UPWARD (|dx|<=1, |dy|>=2) -- standing on the doorstep, head too high: 0.0%
    TRACE CAN IT SMELL THE LAST FEW CELLS? -- channel A one step TOWARD the comb vs one step AWAY, at a 2-4 cell miss:
      n 54  |  mean toward 3454.8  mean away 2775.7  |  toward is STRONGER on 100.0% of ticks, equal on 0.0%
      and what the ANT reads there -- its own PheroAAlong: pointed AT the comb +0.1750 (n 30)  |  pointed away -0.4315 (n 24)
      A cue only works if BOTH lines are good: the plane has to carry it AND the nose has to see it.
    TRACE WOULD A TWO-FORWARD-SAMPLE COMPARATOR READ THE PLANE? -- `(far - near) / (far + near + guard)`, neither term the ant's own cell:
        near/far blind (both 0) along POINTED HOME     along AWAY separation
           1 / 2         0.6%        -0.0373        -0.0400    +0.0028
           1 / 3         0.5%        -0.0924        -0.0912    -0.0012
           2 / 4         1.6%        -0.1159        -0.1108    -0.0052
           3 / 6         2.8%        -0.1681        -0.1701    +0.0021
          6 / 12        12.8%        -0.1931        -0.2505    +0.0573   <- Z29's literal suggestion
      SEPARATION IS THE COLUMN. The shipped `(ahead - here)` reads -0.20 home against -0.24 away:
      a gap of 0.04 and NEGATIVE in both. A comparator earns its place by making that gap real
      AND by not being blind -- a pair that reads 0.0 most of the time is not a sensor.
    TRACE DOES SMELLING OVER TIME CARRY THE DIRECTION? -- `(live - lagged) / (live + lagged + guard)` on the ant's OWN cell,
      exponential lag 0.995, read off the plane with no wiring. Bucketed by distance from home, because heading and
      distance are correlated: an ant pointed away has usually just left the nest and stands in the bright end of the ramp.
            distance    state     ticks    along HOME     ticks    along AWAY   separation   mean level
           0-8 cells    moved        54       +0.3346        64       +0.1990      +0.1357       1834.8
           0-8 cells   frozen       278       +0.1938       357       +0.1504      +0.0433       1903.6
          8-20 cells    moved        51       +0.1749         3       +0.0979      +0.0770        908.3
          8-20 cells   frozen        71       +0.0759        42       +0.1580      -0.0821        644.5
         20-45 cells    moved       237       +0.1562        20       -0.1294      +0.2856        623.9
         20-45 cells   frozen       887       +0.0951      1387       +0.0176      +0.0775        588.1
           45+ cells    moved       126       +0.0600        11       -0.3337      +0.3937        440.4
           45+ cells   frozen       350       -0.0165       423       +0.0537      -0.0702        444.6
      SEPARATION IS THE COLUMN, and `moved` is the row that matters -- a frozen ant is watching its OWN
      deposit climb on a cell it never left, which reads as up-gradient while it goes nowhere.
      Compare against the spatial table above: that one separates +0.0617 at 6/12 on the shipped world.
      AND READ THE LEVEL COLUMN. Channel A is a ramp, so the level is a function of distance -- and §7.48's
      fit cancels the wiring's level term at ONE value of it (`w_in` 0.12). If the level moves across these
      bands, no constant `w_in` cancels it everywhere and the wiring is right at one distance from home.
      READ THE TOP ROW'S SHARE. `(AtNest, Drop, 1.0889)` against `(Bias, Drop, -0.2)` puts P(drop) at
      EXACTLY 0 anywhere below adjacency, at any crop fill. So a small top row means the ants never
      REACH the comb, and a large one with few drops would mean they reach it and decline.
    TRACE does pointing HOME give a POSITIVE reading? -- the three-way fix test, see `tr_align`:
      heading vs home          n  mean along % positive   P(move)
        -1.0..-0.6       9859     -0.2342      19.2%    0.0155
        -0.6..-0.2         67     -0.2677       0.0%    0.0000
        -0.2..+0.2       5247     -0.3082       0.1%    0.0245
        +0.2..+0.6         86     -0.3018       0.0%    0.2808
        +0.6..+1.0      10988     -0.2874      14.6%    0.2947   <- POINTED AT HOME: this row is the answer
    TRACE response vs crop fill -- P(home) should CLIMB with fill; a step or a flat line is the defect:
           fill          n   P(move)   P(home)   P(away)    cells/tick
        0.9-1.0      29847    0.1263    0.0156    0.0020     +0.013569   <- the gate threshold falls inside this bin
    TRACE Move pre-squash terms, mean over the decisions each one was live for:
      h2               -2.05490   (live in 37839 of 29847)
      Bias             +2.00000   (live in 37839 of 29847)
      h3               +1.62023   (live in 37839 of 29847)
      Energy           -1.19365   (live in 37839 of 29847)
      h0               -1.15336   (live in 37839 of 29847)   <- THE TRAIL. `PheroAAlong` reaches `Move` here and nowhere else.
      h1               -0.60070   (live in 37839 of 29847)   <- THE TRAIL. `PheroAAlong` reaches `Move` here and nowhere else.
      KinNeed          +0.25129   (live in 37839 of 29847)
      Stillness        +0.14382   (live in 37839 of 29847)
      Crowding         -0.07482   (live in 37839 of 29847)
      HomeAligned      +0.04854   (live in 37839 of 29847)
      FoodAdjacent     -0.00371   (live in 37839 of 29847)
      Alarm            +0.00000   (live in 37839 of 29847)
    TRACE focal ant: 13218 decisions written to /tmp/trailfollow-focal-seed14-gap90.csv
   90   14  hand    0/0         5103     1638    22080    29847     1866   10/21        2         6 0 1 14 0
                A READ  ant-readable homeward along >= 0.02 on  54.2% of route-cell samples | FOODWARD  22.0% | plane lit on  78.4% | peak amt  23002 cells  87
                THE LOOP, ANT BY ANT:
                  0. lived                                     21    100.0% of prev    100.0% of all
                  1. reached the food                          10     47.6% of prev     47.6% of all
                  2. picked food up out there                   9     90.0% of prev     42.9% of all
                  3. turned for home with it                    5     55.6% of prev     23.8% of all
                  4. got back to the nest still holding it      1     20.0% of prev      4.8% of all
                  5. PUT IT DOWN there                          1    100.0% of prev      4.8% of all
                  6. went back out again                        0      0.0% of prev      0.0% of all
                  7. reached the food a SECOND time             0      0.0% of prev      0.0% of all
                RETURN LEDGER reached food   10 of   21 ants | came back    2 | trips laden    1 empty    1 | LOOPERS    1 of   21 ants (10.0% of those that reached food), repeat    0, most loops by one ant   1
                BY ANCHOR AT PICKUP  anchor ON nest material:    1 loops /    5 pickups ( 20.0%) | anchor OFF it:    0 /    8 (  0.0%)
                BY BIRTH SITE  born ON comb:   1 of   4 that reached food looped ( 25.0%) | born OFF comb:   0 of   6 (  0.0%)
                LEGS legs[6499,1639] laden[1639]
                founded x   12..88   (nest cursor 48 MATERIAL x 26..70 11 of 21 founders born on it; food 138; nearest founder 50 cells out, farthest 126, nominal gap 90)  occupancy/1k [38 16 32 14 27 45 38 6]  carry->nest     405  born    1 died   21 (starved   19)
                own trail: route pk   69 end    0 along +0.0000  B nest->food [89,3118,6428,9764,8291]  blocked      495  kin swaps       0  ticks     36618  tumbles     14934 (homeward      454, 3.04%)  drops     145  DELIVERED   145  leg home n    2 med  6499 p90  6499 (laden n    1 med  1639 p90  1639)  appetite held         0 J of   4781760  trips born-on-comb    1 (11 ants) / born-off    1 (10 ants)
                channel A: PEAK amt  23002 cells   87 (of 91 route)  POLARITY|| +0.12151 && +0.11461 SPAN +0.01032 edge   5.8  end nest->food [1569,2080,1,0,0]  nest   25  AtNest  9.01%
                Carrying: laden     38487  of which SPOIL      8640 ( 22.4%)
    TRACE laden ants: n 48264  mean PheroAAlong -0.30246  MEAN |PheroAAlong| 0.33040  mean P(move) 0.0855  mean trail term (h0+h1 -> Move) -2.66480  net cells homeward 437 (+0.009054/tick)
    TRACE laden TICKS by what the sensor cell is -- the geometry test  [6.00 frames/tick, must equal tick_interval]:
      air (nose in open sky)             n     3849 ( 47.9% of ticks)   mean along -0.3476   usable (>= +0.02)   2.6%   frozen  90.5%
      solid (nose in ground)             n     2257 ( 28.1% of ticks)   mean along -0.3550   usable (>= +0.02)   2.6%   frozen  89.1%
      surface (a trail could be here)    n     1935 ( 24.1% of ticks)   mean along -0.1510   usable (>= +0.02)  22.9%   frozen  59.6%
      => of 6649 FROZEN laden ticks (P(move) exactly 0), 83% had the nose in sky or ground
    TRACE freeze runs: n 368   median 4 ticks   p90 64   longest 281
    TRACE split by the sign of `along` -- the run-and-tumble test:
      facing UP-gradient     n     4422   P(move) 0.4821   not resting   64.9%   P(move)|>0 0.7433   cells homeward      248 (+0.056083/tick)
      facing DOWN-gradient   n    43668   P(move) 0.0442   not resting   12.4%   P(move)|>0 0.3574   cells homeward      180 (+0.004122/tick)
      no readable gradient   n      174   P(move) 0.3747   not resting   48.3%   P(move)|>0 0.7762   cells homeward        9 (+0.051724/tick)
      => P(move) up-gradient minus down-gradient: +0.4379  (the homing drive; ~0 means the circuit is inert)
    TRACE PheroAAlong histogram (-1..+1 in ninths): [-0.89]180 [-0.67]4584 [-0.44]17814 [-0.22]18432 [+0.00]5448 [+0.22]1272 [+0.44]324 [+0.67]108 [+0.89]102
    TRACE homing gate: opens at Carrying >= 0.9890; OPEN on 48264 of 48264 laden decisions (100.00%)
    TRACE the same split, GATE OPEN only -- the only rows where the pair can respond at all:
        facing UP-gradient   n     4422   P(move) 0.4821   not resting   64.9%   P(move)|>0 0.7433   cells homeward      248 (+0.056083/tick)
        facing DOWN-gradient n    43668   P(move) 0.0442   not resting   12.4%   P(move)|>0 0.3574   cells homeward      180 (+0.004122/tick)
      => with the gate open, P(move) up minus down: +0.4379; cells homeward up minus down: +0.051961/tick
         (positive cells-homeward means the ramp the colony built points at the NEST)
    TRACE of the 48264 gate-open decisions, 150 (0.3%) are ants ALSO holding spoil -- see `tr_gate_open_spoil`
    TRACE split by whether the homing gate is OPEN -- the conversion test:
      gate OPEN              n    48264   P(move) 0.0855   not resting   17.3%   P(move)|>0 0.4941   cells homeward      437 (+0.009054/tick)
      gate SHUT              n 0
    TRACE WHY A LADEN ANT IS NOT PUTTING ITS LOAD DOWN -- its own `Drop` output, by how far the nearest nest material is:
       nearest nest material  laden ticks   % of laden  P(drop)      drops
           ADJACENT (AtNest)         8952        18.5%   0.4936        128   <- the only row where Drop can fire
                     2 cells         7140        14.8%   0.0000          0
                     4 cells          468         1.0%   0.0000          0
                     8 cells         2340         4.8%   0.0000          0
                    16 cells         1962         4.1%   0.0000          0
                    32 cells         6042        12.5%   0.0000          1
              further / none        21360        44.3%   0.0000          8
    TRACE ...and when it misses by 2-4 cells, is the miss SIDEWAYS or UPWARD? (rows = |dx|, cols = |dy|)
                  |dy|=0         1         2         3        4+
        |dx|=0      0.0%      0.0%     19.3%      0.0%      0.0%
        |dx|=1      0.0%      0.0%     43.4%      0.9%      0.0%
        |dx|=2      0.0%      1.0%     30.1%      2.4%      0.0%
        |dx|=3      0.0%      0.0%      0.0%      2.3%      0.2%
        |dx|=4      0.0%      0.2%      0.2%      0.0%      0.1%
      MISSED ONLY UPWARD (|dx|<=1, |dy|>=2) -- standing on the doorstep, head too high: 63.6%
    TRACE CAN IT SMELL THE LAST FEW CELLS? -- channel A one step TOWARD the comb vs one step AWAY, at a 2-4 cell miss:
      n 7608  |  mean toward 6489.9  mean away 6048.0  |  toward is STRONGER on 51.3% of ticks, equal on 0.0%
      and what the ANT reads there -- its own PheroAAlong: pointed AT the comb -0.2674 (n 4080)  |  pointed away -0.4013 (n 3528)
      A cue only works if BOTH lines are good: the plane has to carry it AND the nose has to see it.
    TRACE WOULD A TWO-FORWARD-SAMPLE COMPARATOR READ THE PLANE? -- `(far - near) / (far + near + guard)`, neither term the ant's own cell:
        near/far blind (both 0) along POINTED HOME     along AWAY separation
           1 / 2         0.5%        -0.0317        -0.0482    +0.0165
           1 / 3         0.5%        -0.0822        -0.1156    +0.0335
           2 / 4         0.8%        -0.1138        -0.1312    +0.0174
           3 / 6         1.6%        -0.1877        -0.1791    -0.0085
          6 / 12        11.1%        -0.2068        -0.2814    +0.0745   <- Z29's literal suggestion
      SEPARATION IS THE COLUMN. The shipped `(ahead - here)` reads -0.20 home against -0.24 away:
      a gap of 0.04 and NEGATIVE in both. A comparator earns its place by making that gap real
      AND by not being blind -- a pair that reads 0.0 most of the time is not a sensor.
    TRACE DOES SMELLING OVER TIME CARRY THE DIRECTION? -- `(live - lagged) / (live + lagged + guard)` on the ant's OWN cell,
      exponential lag 0.995, read off the plane with no wiring. Bucketed by distance from home, because heading and
      distance are correlated: an ant pointed away has usually just left the nest and stands in the bright end of the ramp.
            distance    state     ticks    along HOME     ticks    along AWAY   separation   mean level
           0-8 cells    moved        93       +0.2880        73       +0.2638      +0.0242       5355.4
           0-8 cells   frozen       580       +0.1811      1202       +0.1827      -0.0016       6673.9
          8-20 cells    moved        92       +0.3296         1       +0.9547      -0.6251       3697.4
          8-20 cells   frozen       298       +0.2779       259       +0.3026      -0.0247       4406.2
         20-45 cells    moved       244       +0.1693         2       +0.1357      +0.0336        904.0
         20-45 cells   frozen       828       +0.2254       730       +0.1747      +0.0508        850.2
           45+ cells    moved       109       +0.0228         1       +0.0370      -0.0142        516.7
           45+ cells   frozen      1050       -0.1511       667       -0.0925      -0.0586        271.0
      SEPARATION IS THE COLUMN, and `moved` is the row that matters -- a frozen ant is watching its OWN
      deposit climb on a cell it never left, which reads as up-gradient while it goes nowhere.
      Compare against the spatial table above: that one separates +0.0617 at 6/12 on the shipped world.
      AND READ THE LEVEL COLUMN. Channel A is a ramp, so the level is a function of distance -- and §7.48's
      fit cancels the wiring's level term at ONE value of it (`w_in` 0.12). If the level moves across these
      bands, no constant `w_in` cancels it everywhere and the wiring is right at one distance from home.
      READ THE TOP ROW'S SHARE. `(AtNest, Drop, 1.0889)` against `(Bias, Drop, -0.2)` puts P(drop) at
      EXACTLY 0 anywhere below adjacency, at any crop fill. So a small top row means the ants never
      REACH the comb, and a large one with few drops would mean they reach it and decline.
    TRACE does pointing HOME give a POSITIVE reading? -- the three-way fix test, see `tr_align`:
      heading vs home          n  mean along % positive   P(move)
        -1.0..-0.6      13368     -0.2957      13.7%    0.0051
        -0.6..-0.2        378     -0.4371       0.0%    0.0000
        -0.2..+0.2       4716     -0.3494       0.0%    0.0047
        +0.2..+0.6        366     -0.3141       0.0%    0.0165
        +0.6..+1.0      18642     -0.2811      11.0%    0.1946   <- POINTED AT HOME: this row is the answer
    TRACE response vs crop fill -- P(home) should CLIMB with fill; a step or a flat line is the defect:
           fill          n   P(move)   P(home)   P(away)    cells/tick
        0.9-1.0      48264    0.0855    0.0110    0.0019     +0.009054   <- the gate threshold falls inside this bin
    TRACE Move pre-squash terms, mean over the decisions each one was live for:
      h2               -2.09772   (live in 62346 of 48264)
      Bias             +2.00000   (live in 62346 of 48264)
      h3               +1.54644   (live in 62346 of 48264)
      h0               -1.40920   (live in 62346 of 48264)   <- THE TRAIL. `PheroAAlong` reaches `Move` here and nowhere else.
      Energy           -1.38701   (live in 62346 of 48264)
      h1               -0.65456   (live in 62346 of 48264)   <- THE TRAIL. `PheroAAlong` reaches `Move` here and nowhere else.
      KinNeed          +0.24160   (live in 62346 of 48264)
      Stillness        +0.20849   (live in 62346 of 48264)
      HomeAligned      +0.16850   (live in 62346 of 48264)
      Crowding         -0.15619   (live in 62346 of 48264)
      FoodAdjacent     -0.06136   (live in 62346 of 48264)
      Alarm            +0.00000   (live in 62346 of 48264)
    TRACE focal ant: 17562 decisions written to /tmp/trailfollow-focal-seed15-gap90.csv
   90   15  hand    1/1         6311     1458        0    48264    17364    8/20        9         3 3 4 10 0
                A READ  ant-readable homeward along >= 0.02 on  60.3% of route-cell samples | FOODWARD  19.5% | plane lit on  78.6% | peak amt  29375 cells  87
                THE LOOP, ANT BY ANT:
                  0. lived                                     20    100.0% of prev    100.0% of all
                  1. reached the food                           8     40.0% of prev     40.0% of all
                  2. picked food up out there                   8    100.0% of prev     40.0% of all
                  3. turned for home with it                    8    100.0% of prev     40.0% of all
                  4. got back to the nest still holding it      5     62.5% of prev     25.0% of all
                  5. PUT IT DOWN there                          4     80.0% of prev     20.0% of all
                  6. went back out again                        4    100.0% of prev     20.0% of all
                  7. reached the food a SECOND time             1     25.0% of prev      5.0% of all
                RETURN LEDGER reached food    8 of   20 ants | came back    8 | trips laden    3 empty    6 | LOOPERS    3 of   20 ants (37.5% of those that reached food), repeat    0, most loops by one ant   1
                BY ANCHOR AT PICKUP  anchor ON nest material:    1 loops /    4 pickups ( 25.0%) | anchor OFF it:    2 /    5 ( 40.0%)
                BY BIRTH SITE  born ON comb:   1 of   3 that reached food looped ( 33.3%) | born OFF comb:   2 of   5 ( 40.0%)
                LEGS legs[949,2029,3313,8635,6049,6253,6733,10435,1921] laden[949,2029,3313]
                founded x   12..88   (nest cursor 48 MATERIAL x 26..70 11 of 20 founders born on it; food 138; nearest founder 50 cells out, farthest 126, nominal gap 90)  occupancy/1k [23 121 66 33 22 15 14 9]  carry->nest     437  born    0 died   19 (starved   17)
                own trail: route pk   62 end    7 along +0.0000  B nest->food [89,3244,6523,9650,8291]  blocked      354  kin swaps       0  ticks     51186  tumbles     22158 (homeward     1212, 5.47%)  drops     530  DELIVERED   530  leg home n    9 med  6049 p90  8635 (laden n    3 med  2029 p90  3313)  appetite held         0 J of   7731840  trips born-on-comb    3 (11 ants) / born-off    6 (9 ants)
                channel A: PEAK amt  29375 cells   87 (of 91 route)  POLARITY|| +0.12825 && +0.11907 SPAN +0.00981 edge   5.9  end nest->food [1986,7606,1953,0,0]  nest   25  AtNest 17.66%
                Carrying: laden     54288  of which SPOIL      6174 ( 11.4%)
    TRACE laden ants: n 43898  mean PheroAAlong -0.28884  MEAN |PheroAAlong| 0.32487  mean P(move) 0.1374  mean trail term (h0+h1 -> Move) -2.56344  net cells homeward 543 (+0.012370/tick)
    TRACE laden TICKS by what the sensor cell is -- the geometry test  [6.01 frames/tick, must equal tick_interval]:
      air (nose in open sky)             n     3335 ( 45.6% of ticks)   mean along -0.3584   usable (>= +0.02)   2.2%   frozen  87.1%
      solid (nose in ground)             n     1409 ( 19.3% of ticks)   mean along -0.3871   usable (>= +0.02)   1.7%   frozen  77.4%
      surface (a trail could be here)    n     2565 ( 35.1% of ticks)   mean along -0.1449   usable (>= +0.02)  18.5%   frozen  54.9%
      => of 5405 FROZEN laden ticks (P(move) exactly 0), 74% had the nose in sky or ground
    TRACE freeze runs: n 418   median 4 ticks   p90 31   longest 317
    TRACE split by the sign of `along` -- the run-and-tumble test:
      facing UP-gradient     n     3660   P(move) 0.6393   not resting   89.7%   P(move)|>0 0.7130   cells homeward      311 (+0.084973/tick)
      facing DOWN-gradient   n    39471   P(move) 0.0820   not resting   19.2%   P(move)|>0 0.4280   cells homeward      181 (+0.004586/tick)
      no readable gradient   n      767   P(move) 0.5916   not resting   77.4%   P(move)|>0 0.7639   cells homeward       51 (+0.066493/tick)
      => P(move) up-gradient minus down-gradient: +0.5573  (the homing drive; ~0 means the circuit is inert)
    TRACE PheroAAlong histogram (-1..+1 in ninths): [-0.89]192 [-0.67]4548 [-0.44]14459 [-0.22]17289 [+0.00]4857 [+0.22]2000 [+0.44]444 [+0.67]91 [+0.89]18
    TRACE homing gate: opens at Carrying >= 0.9890; OPEN on 43898 of 43898 laden decisions (100.00%)
    TRACE the same split, GATE OPEN only -- the only rows where the pair can respond at all:
        facing UP-gradient   n     3660   P(move) 0.6393   not resting   89.7%   P(move)|>0 0.7130   cells homeward      311 (+0.084973/tick)
        facing DOWN-gradient n    39471   P(move) 0.0820   not resting   19.2%   P(move)|>0 0.4280   cells homeward      181 (+0.004586/tick)
      => with the gate open, P(move) up minus down: +0.5573; cells homeward up minus down: +0.080387/tick
         (positive cells-homeward means the ramp the colony built points at the NEST)
    TRACE of the 43898 gate-open decisions, 0 (0.0%) are ants ALSO holding spoil -- see `tr_gate_open_spoil`
    TRACE split by whether the homing gate is OPEN -- the conversion test:
      gate OPEN              n    43898   P(move) 0.1374   not resting   26.1%   P(move)|>0 0.5272   cells homeward      543 (+0.012370/tick)
      gate SHUT              n 0
    TRACE WHY A LADEN ANT IS NOT PUTTING ITS LOAD DOWN -- its own `Drop` output, by how far the nearest nest material is:
       nearest nest material  laden ticks   % of laden  P(drop)      drops
           ADJACENT (AtNest)        10093        23.0%   0.4959        266   <- the only row where Drop can fire
                     2 cells        10615        24.2%   0.0000          7
                     4 cells         1032         2.4%   0.0000          0
                     8 cells         1206         2.7%   0.0000          0
                    16 cells         4596        10.5%   0.0000          2
                    32 cells         8454        19.3%   0.0000          2
              further / none         7902        18.0%   0.0000          0
    TRACE ...and when it misses by 2-4 cells, is the miss SIDEWAYS or UPWARD? (rows = |dx|, cols = |dy|)
                  |dy|=0         1         2         3        4+
        |dx|=0      0.0%      0.0%      0.3%      0.0%      0.0%
        |dx|=1      0.0%      0.0%     37.8%      0.0%      0.0%
        |dx|=2      0.0%     14.0%     39.1%      0.8%      0.0%
        |dx|=4      0.0%      2.2%      0.0%      0.2%      5.7%
      MISSED ONLY UPWARD (|dx|<=1, |dy|>=2) -- standing on the doorstep, head too high: 38.0%
    TRACE CAN IT SMELL THE LAST FEW CELLS? -- channel A one step TOWARD the comb vs one step AWAY, at a 2-4 cell miss:
      n 11647  |  mean toward 3322.0  mean away 2753.5  |  toward is STRONGER on 72.5% of ticks, equal on 0.1%
      and what the ANT reads there -- its own PheroAAlong: pointed AT the comb -0.3194 (n 4980)  |  pointed away -0.3316 (n 6667)
      A cue only works if BOTH lines are good: the plane has to carry it AND the nose has to see it.
    TRACE WOULD A TWO-FORWARD-SAMPLE COMPARATOR READ THE PLANE? -- `(far - near) / (far + near + guard)`, neither term the ant's own cell:
        near/far blind (both 0) along POINTED HOME     along AWAY separation
           1 / 2         2.1%        -0.0456        -0.0503    +0.0048
           1 / 3         2.1%        -0.1027        -0.1012    -0.0015
           2 / 4         2.2%        -0.1153        -0.1037    -0.0116
           3 / 6         2.3%        -0.1664        -0.1583    -0.0081
          6 / 12         3.2%        -0.2521        -0.3345    +0.0825   <- Z29's literal suggestion
      SEPARATION IS THE COLUMN. The shipped `(ahead - here)` reads -0.20 home against -0.24 away:
      a gap of 0.04 and NEGATIVE in both. A comparator earns its place by making that gap real
      AND by not being blind -- a pair that reads 0.0 most of the time is not a sensor.
    TRACE DOES SMELLING OVER TIME CARRY THE DIRECTION? -- `(live - lagged) / (live + lagged + guard)` on the ant's OWN cell,
      exponential lag 0.995, read off the plane with no wiring. Bucketed by distance from home, because heading and
      distance are correlated: an ant pointed away has usually just left the nest and stands in the bright end of the ramp.
            distance    state     ticks    along HOME     ticks    along AWAY   separation   mean level
           0-8 cells    moved       155       +0.1001       213       +0.0755      +0.0246       2456.0
           0-8 cells   frozen      1028       +0.0813      1728       -0.0935      +0.1748       3000.2
          8-20 cells    moved       127       +0.1735         1       +0.3085      -0.1350       1516.5
          8-20 cells   frozen       422       +0.2134       557       +0.1517      +0.0616       2192.4
         20-45 cells    moved       260       +0.0223         1       +0.0000      +0.0223        854.8
         20-45 cells   frozen       249       +0.1910       205       +0.1926      -0.0016       1094.6
           45+ cells    moved       113       -0.2347         5       -0.4603      +0.2256        573.9
           45+ cells   frozen       187       -0.3922        54       -0.3172      -0.0750        490.6
      SEPARATION IS THE COLUMN, and `moved` is the row that matters -- a frozen ant is watching its OWN
      deposit climb on a cell it never left, which reads as up-gradient while it goes nowhere.
      Compare against the spatial table above: that one separates +0.0617 at 6/12 on the shipped world.
      AND READ THE LEVEL COLUMN. Channel A is a ramp, so the level is a function of distance -- and §7.48's
      fit cancels the wiring's level term at ONE value of it (`w_in` 0.12). If the level moves across these
      bands, no constant `w_in` cancels it everywhere and the wiring is right at one distance from home.
      READ THE TOP ROW'S SHARE. `(AtNest, Drop, 1.0889)` against `(Bias, Drop, -0.2)` puts P(drop) at
      EXACTLY 0 anywhere below adjacency, at any crop fill. So a small top row means the ants never
      REACH the comb, and a large one with few drops would mean they reach it and decline.
    TRACE does pointing HOME give a POSITIVE reading? -- the three-way fix test, see `tr_align`:
      heading vs home          n  mean along % positive   P(move)
        -1.0..-0.6      10476     -0.2668      14.2%    0.0507
        -0.6..-0.2        302     -0.2581       0.0%    0.0430
        -0.2..+0.2       6004     -0.3046       0.5%    0.0282
        +0.2..+0.6        495     -0.3033       0.0%    0.0650
        +0.6..+1.0      14658     -0.2926      11.0%    0.3256   <- POINTED AT HOME: this row is the answer
    TRACE response vs crop fill -- P(home) should CLIMB with fill; a step or a flat line is the defect:
           fill          n   P(move)   P(home)   P(away)    cells/tick
        0.9-1.0      43898    0.1374    0.0166    0.0042     +0.012370   <- the gate threshold falls inside this bin
    TRACE Move pre-squash terms, mean over the decisions each one was live for:
      h2               -2.29830   (live in 48908 of 43898)
      h3               +2.02676   (live in 48908 of 43898)
      Bias             +2.00000   (live in 48908 of 43898)
      h0               -1.19714   (live in 48908 of 43898)   <- THE TRAIL. `PheroAAlong` reaches `Move` here and nowhere else.
      h1               -1.10409   (live in 48908 of 43898)   <- THE TRAIL. `PheroAAlong` reaches `Move` here and nowhere else.
      Energy           -1.03060   (live in 48908 of 43898)
      KinNeed          +0.46452   (live in 48908 of 43898)
      HomeAligned      +0.23075   (live in 48908 of 43898)
      Stillness        +0.16688   (live in 48908 of 43898)
      FoodAdjacent     -0.14032   (live in 48908 of 43898)
      Crowding         -0.13905   (live in 48908 of 43898)
      Alarm            +0.00000   (live in 48908 of 43898)
    TRACE focal ant: 6750 decisions written to /tmp/trailfollow-focal-seed16-gap90.csv
   90   16  hand    5/5         6935      810        0    43898    23228   11/21        9         4 1 2 14 0
                A READ  ant-readable homeward along >= 0.02 on  60.3% of route-cell samples | FOODWARD  18.8% | plane lit on  78.2% | peak amt  19952 cells  88
                THE LOOP, ANT BY ANT:
                  0. lived                                     21    100.0% of prev    100.0% of all
                  1. reached the food                          11     52.4% of prev     52.4% of all
                  2. picked food up out there                  10     90.9% of prev     47.6% of all
                  3. turned for home with it                    9     90.0% of prev     42.9% of all
                  4. got back to the nest still holding it      8     88.9% of prev     38.1% of all
                  5. PUT IT DOWN there                          6     75.0% of prev     28.6% of all
                  6. went back out again                        4     66.7% of prev     19.0% of all
                  7. reached the food a SECOND time             1     25.0% of prev      4.8% of all
                RETURN LEDGER reached food   11 of   21 ants | came back    8 | trips laden    6 empty    3 | LOOPERS    5 of   21 ants (45.5% of those that reached food), repeat    1, most loops by one ant   2
                BY ANCHOR AT PICKUP  anchor ON nest material:    4 loops /    6 pickups ( 66.7%) | anchor OFF it:    2 /    5 ( 40.0%)
                BY BIRTH SITE  born ON comb:   2 of   5 that reached food looped ( 40.0%) | born OFF comb:   3 of   6 ( 50.0%)
                LEGS legs[697,1183,2881,763,835,4369,5977,7735,679] laden[697,1183,2881,763,835,679]
                founded x   12..88   (nest cursor 48 MATERIAL x 26..70 11 of 21 founders born on it; food 138; nearest founder 50 cells out, farthest 126, nominal gap 90)  occupancy/1k [41 16 118 43 34 16 10 3]  carry->nest     543  born    1 died   16 (starved   12)
                own trail: route pk   73 end   12 along -0.0005  B nest->food [89,3456,6571,9683,8291]  blocked      232  kin swaps       0  ticks     47433  tumbles     19997 (homeward      853, 4.27%)  drops     674  DELIVERED   674  leg home n    9 med  1183 p90  5977 (laden n    6 med   835 p90  2881)  appetite held         0 J of   7022400  trips born-on-comb    4 (11 ants) / born-off    5 (10 ants)
                channel A: PEAK amt  19952 cells   88 (of 91 route)  POLARITY|| +0.11492 && +0.10469 SPAN +0.02401 edge   5.7  end nest->food [1163,2711,252,0,0]  nest   25  AtNest 14.33%
                Carrying: laden     46604  of which SPOIL      2706 (  5.8%)
    TRACE laden ants: n 60644  mean PheroAAlong -0.18736  MEAN |PheroAAlong| 0.20500  mean P(move) 0.1440  mean trail term (h0+h1 -> Move) -1.69713  net cells homeward 307 (+0.005062/tick)
    TRACE laden TICKS by what the sensor cell is -- the geometry test  [5.67 frames/tick, must equal tick_interval]:
      air (nose in open sky)             n     3267 ( 30.5% of ticks)   mean along -0.2287   usable (>= +0.02)   3.3%   frozen  71.0%
      solid (nose in ground)             n     5034 ( 47.0% of ticks)   mean along -0.1633   usable (>= +0.02)   2.2%   frozen  72.6%
      surface (a trail could be here)    n     2404 ( 22.5% of ticks)   mean along -0.1380   usable (>= +0.02)  10.6%   frozen  64.1%
      => of 7512 FROZEN laden ticks (P(move) exactly 0), 79% had the nose in sky or ground
    TRACE freeze runs: n 830   median 2 ticks   p90 16   longest 239
    TRACE split by the sign of `along` -- the run-and-tumble test:
      facing UP-gradient     n     3091   P(move) 0.5733   not resting   79.3%   P(move)|>0 0.7233   cells homeward      195 (+0.063086/tick)
      facing DOWN-gradient   n    39954   P(move) 0.0738   not resting   18.1%   P(move)|>0 0.4072   cells homeward       55 (+0.001377/tick)
      no readable gradient   n    17599   P(move) 0.2278   not resting   43.1%   P(move)|>0 0.5284   cells homeward       57 (+0.003239/tick)
      => P(move) up-gradient minus down-gradient: +0.4994  (the homing drive; ~0 means the circuit is inert)
    TRACE PheroAAlong histogram (-1..+1 in ninths): [-0.89]294 [-0.67]3858 [-0.44]11730 [-0.22]16663 [+0.00]26188 [+0.22]1501 [+0.44]278 [+0.67]120 [+0.89]12
    TRACE homing gate: opens at Carrying >= 0.9890; OPEN on 60644 of 60644 laden decisions (100.00%)
    TRACE the same split, GATE OPEN only -- the only rows where the pair can respond at all:
        facing UP-gradient   n     3091   P(move) 0.5733   not resting   79.3%   P(move)|>0 0.7233   cells homeward      195 (+0.063086/tick)
        facing DOWN-gradient n    39954   P(move) 0.0738   not resting   18.1%   P(move)|>0 0.4072   cells homeward       55 (+0.001377/tick)
      => with the gate open, P(move) up minus down: +0.4994; cells homeward up minus down: +0.061710/tick
         (positive cells-homeward means the ramp the colony built points at the NEST)
    TRACE of the 60644 gate-open decisions, 0 (0.0%) are ants ALSO holding spoil -- see `tr_gate_open_spoil`
    TRACE split by whether the homing gate is OPEN -- the conversion test:
      gate OPEN              n    60644   P(move) 0.1440   not resting   28.5%   P(move)|>0 0.5052   cells homeward      307 (+0.005062/tick)
      gate SHUT              n 0
    TRACE WHY A LADEN ANT IS NOT PUTTING ITS LOAD DOWN -- its own `Drop` output, by how far the nearest nest material is:
       nearest nest material  laden ticks   % of laden  P(drop)      drops
           ADJACENT (AtNest)         5082         8.4%   0.4890         50   <- the only row where Drop can fire
                     2 cells         6570        10.8%   0.0000          0
                     4 cells           12         0.0%   0.0000          0
                     8 cells           24         0.0%   0.0000          0
                    16 cells         1446         2.4%   0.0000          0
                    32 cells         7458        12.3%   0.0000          2
              further / none        40052        66.0%   0.0000         19
    TRACE ...and when it misses by 2-4 cells, is the miss SIDEWAYS or UPWARD? (rows = |dx|, cols = |dy|)
                  |dy|=0         1         2         3        4+
        |dx|=0      0.0%      0.0%      0.2%      0.0%      0.0%
        |dx|=1      0.0%      0.0%     38.9%      0.0%      0.0%
        |dx|=2      0.0%     13.9%     46.8%      0.0%      0.0%
        |dx|=4      0.0%      0.1%      0.1%      0.0%      0.0%
      MISSED ONLY UPWARD (|dx|<=1, |dy|>=2) -- standing on the doorstep, head too high: 39.1%
    TRACE CAN IT SMELL THE LAST FEW CELLS? -- channel A one step TOWARD the comb vs one step AWAY, at a 2-4 cell miss:
      n 6582  |  mean toward 3257.7  mean away 3261.2  |  toward is STRONGER on 52.0% of ticks, equal on 0.0%
      and what the ANT reads there -- its own PheroAAlong: pointed AT the comb -0.3765 (n 3600)  |  pointed away -0.3233 (n 2982)
      A cue only works if BOTH lines are good: the plane has to carry it AND the nose has to see it.
    TRACE WOULD A TWO-FORWARD-SAMPLE COMPARATOR READ THE PLANE? -- `(far - near) / (far + near + guard)`, neither term the ant's own cell:
        near/far blind (both 0) along POINTED HOME     along AWAY separation
           1 / 2        28.3%        -0.0489        -0.0433    -0.0056
           1 / 3        28.1%        -0.1044        -0.0868    -0.0176
           2 / 4        33.2%        -0.1170        -0.0992    -0.0178
           3 / 6        40.5%        -0.1782        -0.1541    -0.0240
          6 / 12        52.3%        -0.2100        -0.1964    -0.0137   <- Z29's literal suggestion
      SEPARATION IS THE COLUMN. The shipped `(ahead - here)` reads -0.20 home against -0.24 away:
      a gap of 0.04 and NEGATIVE in both. A comparator earns its place by making that gap real
      AND by not being blind -- a pair that reads 0.0 most of the time is not a sensor.
    TRACE DOES SMELLING OVER TIME CARRY THE DIRECTION? -- `(live - lagged) / (live + lagged + guard)` on the ant's OWN cell,
      exponential lag 0.995, read off the plane with no wiring. Bucketed by distance from home, because heading and
      distance are correlated: an ant pointed away has usually just left the nest and stands in the bright end of the ramp.
            distance    state     ticks    along HOME     ticks    along AWAY   separation   mean level
           0-8 cells    moved       274       +0.0536       872       +0.0042      +0.0494        266.8
           0-8 cells   frozen      2340       +0.0938      2672       +0.0196      +0.0742       1128.8
          8-20 cells    moved        56       +0.2803         1       +0.2416      +0.0386        585.0
          8-20 cells   frozen        84       +0.4457        48       +0.1343      +0.3114        590.3
         20-45 cells    moved       158       +0.1487         6       +0.1819      -0.0332        253.9
         20-45 cells   frozen       383       +0.1050       313       +0.0090      +0.0959        258.9
           45+ cells    moved       107       +0.0868        24       -0.1480      +0.2348        336.5
           45+ cells   frozen       752       -0.2890       941       -0.3657      +0.0768        169.3
      SEPARATION IS THE COLUMN, and `moved` is the row that matters -- a frozen ant is watching its OWN
      deposit climb on a cell it never left, which reads as up-gradient while it goes nowhere.
      Compare against the spatial table above: that one separates +0.0617 at 6/12 on the shipped world.
      AND READ THE LEVEL COLUMN. Channel A is a ramp, so the level is a function of distance -- and §7.48's
      fit cancels the wiring's level term at ONE value of it (`w_in` 0.12). If the level moves across these
      bands, no constant `w_in` cancels it everywhere and the wiring is right at one distance from home.
      READ THE TOP ROW'S SHARE. `(AtNest, Drop, 1.0889)` against `(Bias, Drop, -0.2)` puts P(drop) at
      EXACTLY 0 anywhere below adjacency, at any crop fill. So a small top row means the ants never
      REACH the comb, and a large one with few drops would mean they reach it and decline.
    TRACE does pointing HOME give a POSITIVE reading? -- the three-way fix test, see `tr_align`:
      heading vs home          n  mean along % positive   P(move)
        -1.0..-0.6      13275     -0.1572       8.6%    0.0207
        -0.6..-0.2        470     -0.4238       2.6%    0.0361
        -0.2..+0.2      15172     -0.1386       1.1%    0.0900
        +0.2..+0.6        823     -0.2859       0.0%    0.1427
        +0.6..+1.0      21025     -0.2533       7.0%    0.3033   <- POINTED AT HOME: this row is the answer
    TRACE response vs crop fill -- P(home) should CLIMB with fill; a step or a flat line is the defect:
           fill          n   P(move)   P(home)   P(away)    cells/tick
        0.9-1.0      60644    0.1440    0.0105    0.0054     +0.005062   <- the gate threshold falls inside this bin
    TRACE Move pre-squash terms, mean over the decisions each one was live for:
      h2               -2.31714   (live in 64640 of 60644)
      h3               +2.20938   (live in 64640 of 60644)
      Bias             +2.00000   (live in 64640 of 60644)
      Energy           -1.28425   (live in 64640 of 60644)
      h1               -1.06529   (live in 64640 of 60644)   <- THE TRAIL. `PheroAAlong` reaches `Move` here and nowhere else.
      h0               -0.52725   (live in 64640 of 60644)   <- THE TRAIL. `PheroAAlong` reaches `Move` here and nowhere else.
      HomeAligned      +0.32178   (live in 64640 of 60644)
      FoodAdjacent     -0.27209   (live in 64640 of 60644)
      KinNeed          +0.23432   (live in 64640 of 60644)
      Stillness        +0.12529   (live in 64640 of 60644)
      Crowding         -0.10251   (live in 64640 of 60644)
      Alarm            +0.00000   (live in 64640 of 60644)
    TRACE focal ant: 9228 decisions written to /tmp/trailfollow-focal-seed17-gap90.csv
   90   17  hand    2/2        10305      480        0    60644    11892   12/23        3         4 0 2 17 0
                A READ  ant-readable homeward along >= 0.02 on  59.1% of route-cell samples | FOODWARD  20.3% | plane lit on  78.6% | peak amt  15771 cells  88
                THE LOOP, ANT BY ANT:
                  0. lived                                     23    100.0% of prev    100.0% of all
                  1. reached the food                          12     52.2% of prev     52.2% of all
                  2. picked food up out there                  11     91.7% of prev     47.8% of all
                  3. turned for home with it                    5     45.5% of prev     21.7% of all
                  4. got back to the nest still holding it      2     40.0% of prev      8.7% of all
                  5. PUT IT DOWN there                          2    100.0% of prev      8.7% of all
                  6. went back out again                        1     50.0% of prev      4.3% of all
                  7. reached the food a SECOND time             0      0.0% of prev      0.0% of all
                RETURN LEDGER reached food   12 of   23 ants | came back    3 | trips laden    2 empty    1 | LOOPERS    2 of   23 ants (16.7% of those that reached food), repeat    0, most loops by one ant   1
                BY ANCHOR AT PICKUP  anchor ON nest material:    1 loops /    4 pickups ( 25.0%) | anchor OFF it:    1 /    8 ( 12.5%)
                BY BIRTH SITE  born ON comb:   0 of   3 that reached food looped (  0.0%) | born OFF comb:   2 of   9 ( 22.2%)
                LEGS legs[1459,9085,853] laden[1459,853]
                founded x   12..88   (nest cursor 48 MATERIAL x 26..70 11 of 23 founders born on it; food 138; nearest founder 50 cells out, farthest 126, nominal gap 90)  occupancy/1k [40 26 28 19 32 17 28 89]  carry->nest     307  born    3 died   21 (starved   18)
                own trail: route pk   74 end    9 along -0.0280  B nest->food [89,3211,6444,9571,8315]  blocked      183  kin swaps       0  ticks     47910  tumbles     20901 (homeward     1964, 9.40%)  drops     350  DELIVERED   350  leg home n    3 med  1459 p90  9085 (laden n    2 med  1459 p90  1459)  appetite held         0 J of  10290240  trips born-on-comb    0 (11 ants) / born-off    3 (12 ants)
                channel A: PEAK amt  15771 cells   88 (of 91 route)  POLARITY|| +0.10839 && +0.09828 SPAN +0.00740 edge   6.8  end nest->food [565,5072,8,0,0]  nest   25  AtNest  7.95%
                Carrying: laden     63536  of which SPOIL      2892 (  4.6%)
    TRACE laden ants: n 17340  mean PheroAAlong -0.26385  MEAN |PheroAAlong| 0.30519  mean P(move) 0.1530  mean trail term (h0+h1 -> Move) -2.16107  net cells homeward 347 (+0.020012/tick)
    TRACE laden TICKS by what the sensor cell is -- the geometry test  [6.00 frames/tick, must equal tick_interval]:
      air (nose in open sky)             n      846 ( 29.3% of ticks)   mean along -0.3712   usable (>= +0.02)   5.1%   frozen  82.5%
      solid (nose in ground)             n      682 ( 23.6% of ticks)   mean along -0.2279   usable (>= +0.02)   6.3%   frozen  77.7%
      surface (a trail could be here)    n     1362 ( 47.1% of ticks)   mean along -0.2152   usable (>= +0.02)   9.8%   frozen  63.3%
      => of 2090 FROZEN laden ticks (P(move) exactly 0), 59% had the nose in sky or ground
    TRACE freeze runs: n 137   median 4 ticks   p90 32   longest 194
    TRACE split by the sign of `along` -- the run-and-tumble test:
      facing UP-gradient     n     1398   P(move) 0.6802   not resting   90.1%   P(move)|>0 0.7547   cells homeward      132 (+0.094421/tick)
      facing DOWN-gradient   n    13320   P(move) 0.0596   not resting   17.0%   P(move)|>0 0.3509   cells homeward       99 (+0.007432/tick)
      no readable gradient   n     2622   P(move) 0.3465   not resting   48.7%   P(move)|>0 0.7109   cells homeward      116 (+0.044241/tick)
      => P(move) up-gradient minus down-gradient: +0.6206  (the homing drive; ~0 means the circuit is inert)
    TRACE PheroAAlong histogram (-1..+1 in ninths): [-0.89]48 [-0.67]3858 [-0.44]2796 [-0.22]5082 [+0.00]4572 [+0.22]546 [+0.44]252 [+0.67]132 [+0.89]54
    TRACE homing gate: opens at Carrying >= 0.9890; OPEN on 17340 of 17340 laden decisions (100.00%)
    TRACE the same split, GATE OPEN only -- the only rows where the pair can respond at all:
        facing UP-gradient   n     1398   P(move) 0.6802   not resting   90.1%   P(move)|>0 0.7547   cells homeward      132 (+0.094421/tick)
        facing DOWN-gradient n    13320   P(move) 0.0596   not resting   17.0%   P(move)|>0 0.3509   cells homeward       99 (+0.007432/tick)
      => with the gate open, P(move) up minus down: +0.6206; cells homeward up minus down: +0.086988/tick
         (positive cells-homeward means the ramp the colony built points at the NEST)
    TRACE of the 17340 gate-open decisions, 120 (0.7%) are ants ALSO holding spoil -- see `tr_gate_open_spoil`
    TRACE split by whether the homing gate is OPEN -- the conversion test:
      gate OPEN              n    17340   P(move) 0.1530   not resting   27.7%   P(move)|>0 0.5528   cells homeward      347 (+0.020012/tick)
      gate SHUT              n 0
    TRACE WHY A LADEN ANT IS NOT PUTTING ITS LOAD DOWN -- its own `Drop` output, by how far the nearest nest material is:
       nearest nest material  laden ticks   % of laden  P(drop)      drops
           ADJACENT (AtNest)         3120        18.0%   0.5044        129   <- the only row where Drop can fire
                     2 cells          312         1.8%   0.0000          0
                     4 cells          270         1.6%   0.0000          0
                     8 cells          282         1.6%   0.0000          1
                    16 cells         2028        11.7%   0.0000          0
                    32 cells         4482        25.8%   0.0000          0
              further / none         6846        39.5%   0.0000          0
    TRACE ...and when it misses by 2-4 cells, is the miss SIDEWAYS or UPWARD? (rows = |dx|, cols = |dy|)
                  |dy|=0         1         2         3        4+
        |dx|=0      0.0%      0.0%      1.0%      0.0%      0.0%
        |dx|=1      0.0%      0.0%      5.2%      0.0%      0.0%
        |dx|=2      0.0%     23.7%     23.7%      0.0%      0.0%
        |dx|=4      0.0%     46.4%      0.0%      0.0%      0.0%
      MISSED ONLY UPWARD (|dx|<=1, |dy|>=2) -- standing on the doorstep, head too high: 6.2%
    TRACE CAN IT SMELL THE LAST FEW CELLS? -- channel A one step TOWARD the comb vs one step AWAY, at a 2-4 cell miss:
      n 582  |  mean toward 3144.9  mean away 2742.0  |  toward is STRONGER on 82.5% of ticks, equal on 0.0%
      and what the ANT reads there -- its own PheroAAlong: pointed AT the comb -0.1670 (n 264)  |  pointed away -0.5244 (n 318)
      A cue only works if BOTH lines are good: the plane has to carry it AND the nose has to see it.
    TRACE WOULD A TWO-FORWARD-SAMPLE COMPARATOR READ THE PLANE? -- `(far - near) / (far + near + guard)`, neither term the ant's own cell:
        near/far blind (both 0) along POINTED HOME     along AWAY separation
           1 / 2        19.7%        -0.0612        -0.0768    +0.0156
           1 / 3        19.7%        -0.1126        -0.1479    +0.0353
           2 / 4        20.2%        -0.0977        -0.1300    +0.0322
           3 / 6        23.4%        -0.1035        -0.1446    +0.0411
          6 / 12        43.8%        -0.0983        -0.0892    -0.0091   <- Z29's literal suggestion
      SEPARATION IS THE COLUMN. The shipped `(ahead - here)` reads -0.20 home against -0.24 away:
      a gap of 0.04 and NEGATIVE in both. A comparator earns its place by making that gap real
      AND by not being blind -- a pair that reads 0.0 most of the time is not a sensor.
    TRACE DOES SMELLING OVER TIME CARRY THE DIRECTION? -- `(live - lagged) / (live + lagged + guard)` on the ant's OWN cell,
      exponential lag 0.995, read off the plane with no wiring. Bucketed by distance from home, because heading and
      distance are correlated: an ant pointed away has usually just left the nest and stands in the bright end of the ramp.
            distance    state     ticks    along HOME     ticks    along AWAY   separation   mean level
           0-8 cells    moved        59       +0.3255        29       +0.3862      -0.0607       1743.2
           0-8 cells   frozen       270       +0.3914       376       +0.3618      +0.0296       1040.1
          8-20 cells    moved        87       +0.0332         2       -0.2424      +0.2756        444.7
          8-20 cells   frozen        35       +0.0204       214       -0.3137      +0.3342         75.8
         20-45 cells    moved       152       +0.0420         7       +0.0335      +0.0085        212.4
         20-45 cells   frozen       268       +0.1395        41       -0.0008      +0.1402        375.0
           45+ cells    moved        70       +0.1545         4       +0.0623      +0.0922        469.0
           45+ cells   frozen       376       -0.1690       217       -0.1787      +0.0097        259.7
      SEPARATION IS THE COLUMN, and `moved` is the row that matters -- a frozen ant is watching its OWN
      deposit climb on a cell it never left, which reads as up-gradient while it goes nowhere.
      Compare against the spatial table above: that one separates +0.0617 at 6/12 on the shipped world.
      AND READ THE LEVEL COLUMN. Channel A is a ramp, so the level is a function of distance -- and §7.48's
      fit cancels the wiring's level term at ONE value of it (`w_in` 0.12). If the level moves across these
      bands, no constant `w_in` cancels it everywhere and the wiring is right at one distance from home.
      READ THE TOP ROW'S SHARE. `(AtNest, Drop, 1.0889)` against `(Bias, Drop, -0.2)` puts P(drop) at
      EXACTLY 0 anywhere below adjacency, at any crop fill. So a small top row means the ants never
      REACH the comb, and a large one with few drops would mean they reach it and decline.
    TRACE does pointing HOME give a POSITIVE reading? -- the three-way fix test, see `tr_align`:
      heading vs home          n  mean along % positive   P(move)
        -1.0..-0.6       4854     -0.2479       7.8%    0.0179
        -0.6..-0.2         12     -0.7106       0.0%    0.0000
        -0.2..+0.2       1272     -0.3025       1.4%    0.0600
        +0.2..+0.6         42     -0.2978      14.3%    0.2548
        +0.6..+1.0       7104     -0.2576      13.1%    0.3393   <- POINTED AT HOME: this row is the answer
    TRACE response vs crop fill -- P(home) should CLIMB with fill; a step or a flat line is the defect:
           fill          n   P(move)   P(home)   P(away)    cells/tick
        0.9-1.0      17340    0.1530    0.0212    0.0012     +0.020012   <- the gate threshold falls inside this bin
    TRACE Move pre-squash terms, mean over the decisions each one was live for:
      Bias             +2.00000   (live in 23250 of 17340)
      h2               -1.95951   (live in 23250 of 17340)
      h3               +1.48024   (live in 23250 of 17340)
      Energy           -1.25147   (live in 23250 of 17340)
      h0               -1.18945   (live in 23250 of 17340)   <- THE TRAIL. `PheroAAlong` reaches `Move` here and nowhere else.
      h1               -0.42321   (live in 23250 of 17340)   <- THE TRAIL. `PheroAAlong` reaches `Move` here and nowhere else.
      HomeAligned      +0.32118   (live in 23250 of 17340)
      KinNeed          +0.29674   (live in 23250 of 17340)
      Stillness        +0.11991   (live in 23250 of 17340)
      FoodAdjacent     -0.11445   (live in 23250 of 17340)
      Crowding         -0.10226   (live in 23250 of 17340)
      Alarm            +0.00000   (live in 23250 of 17340)
    TRACE focal ant: 9390 decisions written to /tmp/trailfollow-focal-seed18-gap90.csv
   90   18  hand    0/0         2989      876    16020    17340     3828    7/21        2         3 4 2 12 0
                A READ  ant-readable homeward along >= 0.02 on  52.5% of route-cell samples | FOODWARD  16.9% | plane lit on  68.5% | peak amt  23098 cells  87
                THE LOOP, ANT BY ANT:
                  0. lived                                     21    100.0% of prev    100.0% of all
                  1. reached the food                           7     33.3% of prev     33.3% of all
                  2. picked food up out there                   6     85.7% of prev     28.6% of all
                  3. turned for home with it                    5     83.3% of prev     23.8% of all
                  4. got back to the nest still holding it      2     40.0% of prev      9.5% of all
                  5. PUT IT DOWN there                          2    100.0% of prev      9.5% of all
                  6. went back out again                        1     50.0% of prev      4.8% of all
                  7. reached the food a SECOND time             0      0.0% of prev      0.0% of all
                RETURN LEDGER reached food    7 of   21 ants | came back    2 | trips laden    2 empty    0 | LOOPERS    2 of   21 ants (28.6% of those that reached food), repeat    0, most loops by one ant   1
                BY ANCHOR AT PICKUP  anchor ON nest material:    1 loops /    3 pickups ( 33.3%) | anchor OFF it:    1 /    5 ( 20.0%)
                BY BIRTH SITE  born ON comb:   1 of   2 that reached food looped ( 50.0%) | born OFF comb:   1 of   5 ( 20.0%)
                LEGS legs[1087,1315] laden[1087,1315]
                founded x   12..88   (nest cursor 48 MATERIAL x 26..70 11 of 21 founders born on it; food 138; nearest founder 50 cells out, farthest 126, nominal gap 90)  occupancy/1k [30 25 22 36 18 20 14 4]  carry->nest     347  born    1 died   21 (starved   19)
                own trail: route pk   62 end    0 along +0.0000  B nest->food [89,3159,6454,9572,8291]  blocked      205  kin swaps       0  ticks     28919  tumbles     12047 (homeward      281, 2.33%)  drops     196  DELIVERED   196  leg home n    2 med  1315 p90  1315 (laden n    2 med  1315 p90  1315)  appetite held         0 J of   2780160  trips born-on-comb    1 (12 ants) / born-off    1 (9 ants)
                channel A: PEAK amt  23098 cells   87 (of 91 route)  POLARITY|| +0.14331 && +0.13811 SPAN +0.02207 edge   6.9  end nest->food [1417,1622,9,0,0]  nest   25  AtNest 15.48%
                Carrying: laden     21720  of which SPOIL      4500 ( 20.7%)
    TRACE laden ants: n 28573  mean PheroAAlong -0.25661  MEAN |PheroAAlong| 0.30433  mean P(move) 0.1517  mean trail term (h0+h1 -> Move) -2.21421  net cells homeward 214 (+0.007490/tick)
    TRACE laden TICKS by what the sensor cell is -- the geometry test  [6.00 frames/tick, must equal tick_interval]:
      air (nose in open sky)             n     2429 ( 51.0% of ticks)   mean along -0.3377   usable (>= +0.02)   4.4%   frozen  85.5%
      solid (nose in ground)             n      698 ( 14.7% of ticks)   mean along -0.3053   usable (>= +0.02)   9.2%   frozen  60.0%
      surface (a trail could be here)    n     1635 ( 34.3% of ticks)   mean along -0.1153   usable (>= +0.02)  26.5%   frozen  56.8%
      => of 3426 FROZEN laden ticks (P(move) exactly 0), 73% had the nose in sky or ground
    TRACE freeze runs: n 339   median 3 ticks   p90 23   longest 169
    TRACE split by the sign of `along` -- the run-and-tumble test:
      facing UP-gradient     n     3894   P(move) 0.4950   not resting   78.7%   P(move)|>0 0.6287   cells homeward      203 (+0.052131/tick)
      facing DOWN-gradient   n    23437   P(move) 0.0755   not resting   17.4%   P(move)|>0 0.4328   cells homeward      -83 (-0.003541/tick)
      no readable gradient   n     1242   P(move) 0.5152   not resting   69.6%   P(move)|>0 0.7406   cells homeward       94 (+0.075684/tick)
      => P(move) up-gradient minus down-gradient: +0.4195  (the homing drive; ~0 means the circuit is inert)
    TRACE PheroAAlong histogram (-1..+1 in ninths): [-0.89]174 [-0.67]2773 [-0.44]8610 [-0.22]10164 [+0.00]4074 [+0.22]2514 [+0.44]186 [+0.67]60 [+0.89]18
    TRACE homing gate: opens at Carrying >= 0.9890; OPEN on 28573 of 28573 laden decisions (100.00%)
    TRACE the same split, GATE OPEN only -- the only rows where the pair can respond at all:
        facing UP-gradient   n     3894   P(move) 0.4950   not resting   78.7%   P(move)|>0 0.6287   cells homeward      203 (+0.052131/tick)
        facing DOWN-gradient n    23437   P(move) 0.0755   not resting   17.4%   P(move)|>0 0.4328   cells homeward      -83 (-0.003541/tick)
      => with the gate open, P(move) up minus down: +0.4195; cells homeward up minus down: +0.055673/tick
         (positive cells-homeward means the ramp the colony built points at the NEST)
    TRACE of the 28573 gate-open decisions, 114 (0.4%) are ants ALSO holding spoil -- see `tr_gate_open_spoil`
    TRACE split by whether the homing gate is OPEN -- the conversion test:
      gate OPEN              n    28573   P(move) 0.1517   not resting   28.1%   P(move)|>0 0.5409   cells homeward      214 (+0.007490/tick)
      gate SHUT              n 0
    TRACE WHY A LADEN ANT IS NOT PUTTING ITS LOAD DOWN -- its own `Drop` output, by how far the nearest nest material is:
       nearest nest material  laden ticks   % of laden  P(drop)      drops
           ADJACENT (AtNest)        12120        42.4%   0.4919        168   <- the only row where Drop can fire
                     2 cells         6109        21.4%   0.0000          1
                     4 cells          258         0.9%   0.0000          0
                     8 cells          804         2.8%   0.0000          0
                    16 cells         2598         9.1%   0.0000          0
                    32 cells         4668        16.3%   0.0000          2
              further / none         2016         7.1%   0.0000          0
    TRACE ...and when it misses by 2-4 cells, is the miss SIDEWAYS or UPWARD? (rows = |dx|, cols = |dy|)
                  |dy|=0         1         2         3        4+
        |dx|=0      0.0%      0.0%     22.1%      0.0%      0.0%
        |dx|=1      0.0%      0.0%     55.1%      1.4%      0.0%
        |dx|=2      0.0%      1.1%     17.6%      2.0%      0.0%
        |dx|=4      0.0%      0.7%      0.0%      0.0%      0.0%
      MISSED ONLY UPWARD (|dx|<=1, |dy|>=2) -- standing on the doorstep, head too high: 78.6%
    TRACE CAN IT SMELL THE LAST FEW CELLS? -- channel A one step TOWARD the comb vs one step AWAY, at a 2-4 cell miss:
      n 6367  |  mean toward 7556.6  mean away 8120.0  |  toward is STRONGER on 32.5% of ticks, equal on 0.0%
      and what the ANT reads there -- its own PheroAAlong: pointed AT the comb -0.4152 (n 2935)  |  pointed away -0.3851 (n 3432)
      A cue only works if BOTH lines are good: the plane has to carry it AND the nose has to see it.
    TRACE WOULD A TWO-FORWARD-SAMPLE COMPARATOR READ THE PLANE? -- `(far - near) / (far + near + guard)`, neither term the ant's own cell:
        near/far blind (both 0) along POINTED HOME     along AWAY separation
           1 / 2         8.9%        -0.0501        -0.0339    -0.0162
           1 / 3         8.7%        -0.1009        -0.0714    -0.0295
           2 / 4         8.7%        -0.1029        -0.0776    -0.0253
           3 / 6         8.8%        -0.1501        -0.1136    -0.0364
          6 / 12        10.3%        -0.2477        -0.1678    -0.0798   <- Z29's literal suggestion
      SEPARATION IS THE COLUMN. The shipped `(ahead - here)` reads -0.20 home against -0.24 away:
      a gap of 0.04 and NEGATIVE in both. A comparator earns its place by making that gap real
      AND by not being blind -- a pair that reads 0.0 most of the time is not a sensor.
    TRACE DOES SMELLING OVER TIME CARRY THE DIRECTION? -- `(live - lagged) / (live + lagged + guard)` on the ant's OWN cell,
      exponential lag 0.995, read off the plane with no wiring. Bucketed by distance from home, because heading and
      distance are correlated: an ant pointed away has usually just left the nest and stands in the bright end of the ramp.
            distance    state     ticks    along HOME     ticks    along AWAY   separation   mean level
           0-8 cells    moved       149       +0.2018       263       +0.1293      +0.0725       3580.6
           0-8 cells   frozen       725       +0.1636       748       +0.1388      +0.0248       6041.4
          8-20 cells    moved        73       +0.2216        11       +0.3256      -0.1040       1927.9
          8-20 cells   frozen       132       +0.2184       142       +0.2527      -0.0343       2006.2
         20-45 cells    moved       106       +0.0329         5       -0.0676      +0.1005        289.8
         20-45 cells   frozen        49       +0.1622        35       +0.1236      +0.0386       1749.3
           45+ cells    moved        15       -0.0334         6       -0.4716      +0.4383          2.8
           45+ cells   frozen        13       -0.1254        14       -0.1211      -0.0042          2.0
      SEPARATION IS THE COLUMN, and `moved` is the row that matters -- a frozen ant is watching its OWN
      deposit climb on a cell it never left, which reads as up-gradient while it goes nowhere.
      Compare against the spatial table above: that one separates +0.0617 at 6/12 on the shipped world.
      AND READ THE LEVEL COLUMN. Channel A is a ramp, so the level is a function of distance -- and §7.48's
      fit cancels the wiring's level term at ONE value of it (`w_in` 0.12). If the level moves across these
      bands, no constant `w_in` cancels it everywhere and the wiring is right at one distance from home.
      READ THE TOP ROW'S SHARE. `(AtNest, Drop, 1.0889)` against `(Bias, Drop, -0.2)` puts P(drop) at
      EXACTLY 0 anywhere below adjacency, at any crop fill. So a small top row means the ants never
      REACH the comb, and a large one with few drops would mean they reach it and decline.
    TRACE does pointing HOME give a POSITIVE reading? -- the three-way fix test, see `tr_align`:
      heading vs home          n  mean along % positive   P(move)
        -1.0..-0.6       5052     -0.1001      43.0%    0.1184
        -0.6..-0.2        336     -0.4461       3.6%    0.0249
        -0.2..+0.2       2166     -0.3474      10.0%    0.1179
        +0.2..+0.6        636     -0.3647       0.9%    0.0312
        +0.6..+1.0       6781     -0.2369      12.5%    0.4293   <- POINTED AT HOME: this row is the answer
    TRACE response vs crop fill -- P(home) should CLIMB with fill; a step or a flat line is the defect:
           fill          n   P(move)   P(home)   P(away)    cells/tick
        0.9-1.0      28573    0.1517    0.0153    0.0078     +0.007490   <- the gate threshold falls inside this bin
    TRACE Move pre-squash terms, mean over the decisions each one was live for:
      h2               -2.22843   (live in 35215 of 28573)
      Bias             +2.00000   (live in 35215 of 28573)
      h3               +1.65501   (live in 35215 of 28573)
      h0               -1.14780   (live in 35215 of 28573)   <- THE TRAIL. `PheroAAlong` reaches `Move` here and nowhere else.
      Energy           -1.08694   (live in 35215 of 28573)
      h1               -0.64932   (live in 35215 of 28573)   <- THE TRAIL. `PheroAAlong` reaches `Move` here and nowhere else.
      KinNeed          +0.47863   (live in 35215 of 28573)
      Stillness        +0.19639   (live in 35215 of 28573)
      HomeAligned      +0.13808   (live in 35215 of 28573)
      Crowding         -0.13470   (live in 35215 of 28573)
      FoodAdjacent     -0.10179   (live in 35215 of 28573)
      Alarm            +0.00000   (live in 35215 of 28573)
    TRACE focal ant: 8382 decisions written to /tmp/trailfollow-focal-seed19-gap90.csv
   90   19  hand    2/2         3736      636        0    28573    18763    4/20        2          6 2 3 9 0
                A READ  ant-readable homeward along >= 0.02 on  54.5% of route-cell samples | FOODWARD  14.3% | plane lit on  68.7% | peak amt  29378 cells  84
                THE LOOP, ANT BY ANT:
                  0. lived                                     20    100.0% of prev    100.0% of all
                  1. reached the food                           4     20.0% of prev     20.0% of all
                  2. picked food up out there                   3     75.0% of prev     15.0% of all
                  3. turned for home with it                    3    100.0% of prev     15.0% of all
                  4. got back to the nest still holding it      2     66.7% of prev     10.0% of all
                  5. PUT IT DOWN there                          2    100.0% of prev     10.0% of all
                  6. went back out again                        1     50.0% of prev      5.0% of all
                  7. reached the food a SECOND time             0      0.0% of prev      0.0% of all
                RETURN LEDGER reached food    4 of   20 ants | came back    2 | trips laden    2 empty    0 | LOOPERS    2 of   20 ants (50.0% of those that reached food), repeat    0, most loops by one ant   1
                BY ANCHOR AT PICKUP  anchor ON nest material:    0 loops /    0 pickups (  0.0%) | anchor OFF it:    2 /    4 ( 50.0%)
                BY BIRTH SITE  born ON comb:   0 of   1 that reached food looped (  0.0%) | born OFF comb:   2 of   3 ( 66.7%)
                LEGS legs[1111,661] laden[1111,661]
                founded x   12..88   (nest cursor 48 MATERIAL x 26..70 11 of 20 founders born on it; food 138; nearest founder 50 cells out, farthest 126, nominal gap 90)  occupancy/1k [44 96 12 14 27 18 11 2]  carry->nest     214  born    0 died   18 (starved   17)
                own trail: route pk   81 end   10 along +0.0058  B nest->food [89,3164,6427,9510,8290]  blocked      240  kin swaps       0  ticks     38057  tumbles     16614 (homeward      306, 1.84%)  drops     866  DELIVERED   866  leg home n    2 med  1111 p90  1111 (laden n    2 med  1111 p90  1111)  appetite held         0 J of   4576320  trips born-on-comb    0 (11 ants) / born-off    2 (9 ants)
                channel A: PEAK amt  29378 cells   84 (of 91 route)  POLARITY|| +0.14725 && +0.14164 SPAN +0.01895 edge   6.0  end nest->food [2044,6964,56,0,0]  nest   25  AtNest 32.22%
                Carrying: laden     34201  of which SPOIL      5742 ( 16.8%)
    TRACE laden ants: n 30552  mean PheroAAlong -0.24797  MEAN |PheroAAlong| 0.28117  mean P(move) 0.1369  mean trail term (h0+h1 -> Move) -2.14400  net cells homeward 474 (+0.015515/tick)
    TRACE laden TICKS by what the sensor cell is -- the geometry test  [6.00 frames/tick, must equal tick_interval]:
      air (nose in open sky)             n     2400 ( 47.2% of ticks)   mean along -0.2754   usable (>= +0.02)   5.7%   frozen  79.0%
      solid (nose in ground)             n     1235 ( 24.3% of ticks)   mean along -0.4150   usable (>= +0.02)   0.6%   frozen  83.3%
      surface (a trail could be here)    n     1454 ( 28.6% of ticks)   mean along -0.0603   usable (>= +0.02)  30.1%   frozen  61.6%
      => of 3821 FROZEN laden ticks (P(move) exactly 0), 77% had the nose in sky or ground
    TRACE freeze runs: n 336   median 3 ticks   p90 20   longest 232
    TRACE split by the sign of `along` -- the run-and-tumble test:
      facing UP-gradient     n     3840   P(move) 0.5066   not resting   66.4%   P(move)|>0 0.7629   cells homeward      234 (+0.060937/tick)
      facing DOWN-gradient   n    26250   P(move) 0.0734   not resting   17.7%   P(move)|>0 0.4141   cells homeward      194 (+0.007390/tick)
      no readable gradient   n      462   P(move) 0.6742   not resting   88.3%   P(move)|>0 0.7634   cells homeward       46 (+0.099567/tick)
      => P(move) up-gradient minus down-gradient: +0.4332  (the homing drive; ~0 means the circuit is inert)
    TRACE PheroAAlong histogram (-1..+1 in ninths): [-0.89]312 [-0.67]3696 [-0.44]6876 [-0.22]10842 [+0.00]6684 [+0.22]1902 [+0.44]168 [+0.67]60 [+0.89]12
    TRACE homing gate: opens at Carrying >= 0.9890; OPEN on 30552 of 30552 laden decisions (100.00%)
    TRACE the same split, GATE OPEN only -- the only rows where the pair can respond at all:
        facing UP-gradient   n     3840   P(move) 0.5066   not resting   66.4%   P(move)|>0 0.7629   cells homeward      234 (+0.060937/tick)
        facing DOWN-gradient n    26250   P(move) 0.0734   not resting   17.7%   P(move)|>0 0.4141   cells homeward      194 (+0.007390/tick)
      => with the gate open, P(move) up minus down: +0.4332; cells homeward up minus down: +0.053547/tick
         (positive cells-homeward means the ramp the colony built points at the NEST)
    TRACE of the 30552 gate-open decisions, 0 (0.0%) are ants ALSO holding spoil -- see `tr_gate_open_spoil`
    TRACE split by whether the homing gate is OPEN -- the conversion test:
      gate OPEN              n    30552   P(move) 0.1369   not resting   24.9%   P(move)|>0 0.5498   cells homeward      474 (+0.015515/tick)
      gate SHUT              n 0
    TRACE WHY A LADEN ANT IS NOT PUTTING ITS LOAD DOWN -- its own `Drop` output, by how far the nearest nest material is:
       nearest nest material  laden ticks   % of laden  P(drop)      drops
           ADJACENT (AtNest)         1614         5.3%   0.4999         51   <- the only row where Drop can fire
                     2 cells         5994        19.6%   0.0000          1
                     4 cells          234         0.8%   0.0000          0
                     8 cells          126         0.4%   0.0000          0
                    16 cells         1920         6.3%   0.0000          0
                    32 cells         8610        28.2%   0.0000          3
              further / none        12054        39.5%   0.0000          0
    TRACE ...and when it misses by 2-4 cells, is the miss SIDEWAYS or UPWARD? (rows = |dx|, cols = |dy|)
                  |dy|=0         1         2         3        4+
        |dx|=0      0.0%      0.0%      0.7%      0.0%      0.0%
        |dx|=1      0.0%      0.0%     30.3%      0.0%      0.0%
        |dx|=2      0.0%     54.5%     10.7%      0.8%      0.0%
        |dx|=4      0.0%      2.6%      0.2%      0.2%      0.0%
      MISSED ONLY UPWARD (|dx|<=1, |dy|>=2) -- standing on the doorstep, head too high: 31.0%
    TRACE CAN IT SMELL THE LAST FEW CELLS? -- channel A one step TOWARD the comb vs one step AWAY, at a 2-4 cell miss:
      n 6228  |  mean toward 2634.3  mean away 2407.8  |  toward is STRONGER on 43.7% of ticks, equal on 0.6%
      and what the ANT reads there -- its own PheroAAlong: pointed AT the comb -0.2770 (n 1950)  |  pointed away -0.1739 (n 4278)
      A cue only works if BOTH lines are good: the plane has to carry it AND the nose has to see it.
    TRACE WOULD A TWO-FORWARD-SAMPLE COMPARATOR READ THE PLANE? -- `(far - near) / (far + near + guard)`, neither term the ant's own cell:
        near/far blind (both 0) along POINTED HOME     along AWAY separation
           1 / 2         1.6%        -0.0336        -0.0361    +0.0025
           1 / 3         1.5%        -0.0817        -0.0843    +0.0026
           2 / 4         1.6%        -0.1027        -0.1035    +0.0007
           3 / 6         1.7%        -0.1607        -0.1751    +0.0145
          6 / 12         3.8%        -0.2490        -0.3469    +0.0979   <- Z29's literal suggestion
      SEPARATION IS THE COLUMN. The shipped `(ahead - here)` reads -0.20 home against -0.24 away:
      a gap of 0.04 and NEGATIVE in both. A comparator earns its place by making that gap real
      AND by not being blind -- a pair that reads 0.0 most of the time is not a sensor.
    TRACE DOES SMELLING OVER TIME CARRY THE DIRECTION? -- `(live - lagged) / (live + lagged + guard)` on the ant's OWN cell,
      exponential lag 0.995, read off the plane with no wiring. Bucketed by distance from home, because heading and
      distance are correlated: an ant pointed away has usually just left the nest and stands in the bright end of the ramp.
            distance    state     ticks    along HOME     ticks    along AWAY   separation   mean level
           0-8 cells    moved        52       +0.4166        91       +0.0926      +0.3241       2289.7
           0-8 cells   frozen       293       +0.0660       992       -0.0425      +0.1085       2593.9
          8-20 cells    moved        90       +0.3217         3       +0.1459      +0.1758       1548.7
          8-20 cells   frozen       201       +0.3168       384       +0.1810      +0.1357       1432.0
         20-45 cells    moved       267       +0.3062        13       +0.2182      +0.0880       1131.5
         20-45 cells   frozen       485       +0.3001      1353       +0.1457      +0.1545       1561.3
           45+ cells    moved       125       +0.1923         1       -0.4045      +0.5968        779.9
           45+ cells   frozen       124       +0.0481        83       +0.0361      +0.0119        722.4
      SEPARATION IS THE COLUMN, and `moved` is the row that matters -- a frozen ant is watching its OWN
      deposit climb on a cell it never left, which reads as up-gradient while it goes nowhere.
      Compare against the spatial table above: that one separates +0.0617 at 6/12 on the shipped world.
      AND READ THE LEVEL COLUMN. Channel A is a ramp, so the level is a function of distance -- and §7.48's
      fit cancels the wiring's level term at ONE value of it (`w_in` 0.12). If the level moves across these
      bands, no constant `w_in` cancels it everywhere and the wiring is right at one distance from home.
      READ THE TOP ROW'S SHARE. `(AtNest, Drop, 1.0889)` against `(Bias, Drop, -0.2)` puts P(drop) at
      EXACTLY 0 anywhere below adjacency, at any crop fill. So a small top row means the ants never
      REACH the comb, and a large one with few drops would mean they reach it and decline.
    TRACE does pointing HOME give a POSITIVE reading? -- the three-way fix test, see `tr_align`:
      heading vs home          n  mean along % positive   P(move)
        -1.0..-0.6       8868     -0.2338      17.2%    0.0074
        -0.2..+0.2       9306     -0.2934       0.5%    0.0109
        +0.2..+0.6         36     -0.2637       0.0%    0.1958
        +0.6..+1.0       9198     -0.2485      20.1%    0.4014   <- POINTED AT HOME: this row is the answer
    TRACE response vs crop fill -- P(home) should CLIMB with fill; a step or a flat line is the defect:
           fill          n   P(move)   P(home)   P(away)    cells/tick
        0.9-1.0      30552    0.1369    0.0177    0.0022     +0.015515   <- the gate threshold falls inside this bin
    TRACE Move pre-squash terms, mean over the decisions each one was live for:
      h2               -2.06386   (live in 37488 of 30552)
      Bias             +2.00000   (live in 37488 of 30552)
      h3               +1.74866   (live in 37488 of 30552)
      Energy           -1.11079   (live in 37488 of 30552)
      h0               -1.06835   (live in 37488 of 30552)   <- THE TRAIL. `PheroAAlong` reaches `Move` here and nowhere else.
      h1               -0.67961   (live in 37488 of 30552)   <- THE TRAIL. `PheroAAlong` reaches `Move` here and nowhere else.
      KinNeed          +0.41828   (live in 37488 of 30552)
      Crowding         -0.14456   (live in 37488 of 30552)
      Stillness        +0.13938   (live in 37488 of 30552)
      FoodAdjacent     -0.02841   (live in 37488 of 30552)
      HomeAligned      +0.01486   (live in 37488 of 30552)
      Alarm            +0.00000   (live in 37488 of 30552)
    TRACE focal ant: 10416 decisions written to /tmp/trailfollow-focal-seed20-gap90.csv
   90   20  hand    0/0         3998      672    16374    30552     8736    9/20        6         4 0 2 14 0
                A READ  ant-readable homeward along >= 0.02 on  59.9% of route-cell samples | FOODWARD  15.2% | plane lit on  78.3% | peak amt  28894 cells  88
                THE LOOP, ANT BY ANT:
                  0. lived                                     20    100.0% of prev    100.0% of all
                  1. reached the food                           9     45.0% of prev     45.0% of all
                  2. picked food up out there                   8     88.9% of prev     40.0% of all
                  3. turned for home with it                    7     87.5% of prev     35.0% of all
                  4. got back to the nest still holding it      3     42.9% of prev     15.0% of all
                  5. PUT IT DOWN there                          3    100.0% of prev     15.0% of all
                  6. went back out again                        3    100.0% of prev     15.0% of all
                  7. reached the food a SECOND time             1     33.3% of prev      5.0% of all
                RETURN LEDGER reached food    9 of   20 ants | came back    5 | trips laden    3 empty    3 | LOOPERS    2 of   20 ants (22.2% of those that reached food), repeat    1, most loops by one ant   2
                BY ANCHOR AT PICKUP  anchor ON nest material:    2 loops /    6 pickups ( 33.3%) | anchor OFF it:    1 /    5 ( 20.0%)
                BY BIRTH SITE  born ON comb:   1 of   5 that reached food looped ( 20.0%) | born OFF comb:   1 of   4 ( 25.0%)
                LEGS legs[529,1117,2827,5455,4957,2569] laden[529,1117,2569]
                founded x   12..88   (nest cursor 48 MATERIAL x 26..70 11 of 20 founders born on it; food 138; nearest founder 50 cells out, farthest 126, nominal gap 90)  occupancy/1k [38 5 60 26 42 27 22 3]  carry->nest     474  born    0 died   20 (starved   20)
                own trail: route pk   72 end    0 along +0.0000  B nest->food [89,3277,6537,9748,8291]  blocked      271  kin swaps       0  ticks     37928  tumbles     15296 (homeward      515, 3.37%)  drops     108  DELIVERED   108  leg home n    6 med  2827 p90  5455 (laden n    3 med  1117 p90  2569)  appetite held         0 J of   4898880  trips born-on-comb    3 (11 ants) / born-off    3 (9 ants)
                channel A: PEAK amt  28894 cells   88 (of 91 route)  POLARITY|| +0.13736 && +0.12997 SPAN +0.01713 edge   5.4  end nest->food [2975,2464,112,0,0]  nest   25  AtNest  8.35%
                Carrying: laden     36018  of which SPOIL      5466 ( 15.2%)
    TRACE laden ants: n 39324  mean PheroAAlong -0.25637  MEAN |PheroAAlong| 0.27128  mean P(move) 0.1134  mean trail term (h0+h1 -> Move) -2.38476  net cells homeward 523 (+0.013300/tick)
    TRACE laden TICKS by what the sensor cell is -- the geometry test  [6.00 frames/tick, must equal tick_interval]:
      air (nose in open sky)             n     3907 ( 59.6% of ticks)   mean along -0.2764   usable (>= +0.02)   2.2%   frozen  83.5%
      solid (nose in ground)             n     1280 ( 19.5% of ticks)   mean along -0.3419   usable (>= +0.02)   1.2%   frozen  72.5%
      surface (a trail could be here)    n     1367 ( 20.9% of ticks)   mean along -0.1190   usable (>= +0.02)  17.4%   frozen  66.0%
      => of 5094 FROZEN laden ticks (P(move) exactly 0), 82% had the nose in sky or ground
    TRACE freeze runs: n 387   median 3 ticks   p90 26   longest 350
    TRACE split by the sign of `along` -- the run-and-tumble test:
      facing UP-gradient     n     2388   P(move) 0.6635   not resting   84.7%   P(move)|>0 0.7836   cells homeward      183 (+0.076633/tick)
      facing DOWN-gradient   n    36438   P(move) 0.0695   not resting   17.2%   P(move)|>0 0.4033   cells homeward      295 (+0.008096/tick)
      no readable gradient   n      498   P(move) 0.6886   not resting   91.6%   P(move)|>0 0.7520   cells homeward       45 (+0.090361/tick)
      => P(move) up-gradient minus down-gradient: +0.5940  (the homing drive; ~0 means the circuit is inert)
    TRACE PheroAAlong histogram (-1..+1 in ninths): [-0.89]222 [-0.67]4818 [-0.44]6594 [-0.22]18570 [+0.00]8256 [+0.22]678 [+0.44]132 [+0.67]42 [+0.89]12
    TRACE homing gate: opens at Carrying >= 0.9890; OPEN on 39324 of 39324 laden decisions (100.00%)
    TRACE the same split, GATE OPEN only -- the only rows where the pair can respond at all:
        facing UP-gradient   n     2388   P(move) 0.6635   not resting   84.7%   P(move)|>0 0.7836   cells homeward      183 (+0.076633/tick)
        facing DOWN-gradient n    36438   P(move) 0.0695   not resting   17.2%   P(move)|>0 0.4033   cells homeward      295 (+0.008096/tick)
      => with the gate open, P(move) up minus down: +0.5940; cells homeward up minus down: +0.068537/tick
         (positive cells-homeward means the ramp the colony built points at the NEST)
    TRACE of the 39324 gate-open decisions, 24 (0.1%) are ants ALSO holding spoil -- see `tr_gate_open_spoil`
    TRACE split by whether the homing gate is OPEN -- the conversion test:
      gate OPEN              n    39324   P(move) 0.1134   not resting   22.3%   P(move)|>0 0.5092   cells homeward      523 (+0.013300/tick)
      gate SHUT              n 0
    TRACE WHY A LADEN ANT IS NOT PUTTING ITS LOAD DOWN -- its own `Drop` output, by how far the nearest nest material is:
       nearest nest material  laden ticks   % of laden  P(drop)      drops
           ADJACENT (AtNest)         4884        12.4%   0.4905         26   <- the only row where Drop can fire
                     2 cells        15462        39.3%   0.0000          5
                     4 cells          186         0.5%   0.0000          0
                     8 cells          150         0.4%   0.0000          0
                    16 cells          498         1.3%   0.0000          0
                    32 cells         3540         9.0%   0.0000          1
              further / none        14604        37.1%   0.0000          3
    TRACE ...and when it misses by 2-4 cells, is the miss SIDEWAYS or UPWARD? (rows = |dx|, cols = |dy|)
                  |dy|=0         1         2         3        4+
        |dx|=1      0.0%      0.0%     39.8%      0.0%      0.0%
        |dx|=2      0.0%     15.2%     43.8%      0.3%      0.0%
        |dx|=3      0.0%      0.0%      0.0%      0.0%      0.1%
        |dx|=4      0.0%      0.5%      0.1%      0.2%      0.0%
      MISSED ONLY UPWARD (|dx|<=1, |dy|>=2) -- standing on the doorstep, head too high: 39.8%
    TRACE CAN IT SMELL THE LAST FEW CELLS? -- channel A one step TOWARD the comb vs one step AWAY, at a 2-4 cell miss:
      n 15648  |  mean toward 2232.9  mean away 2133.4  |  toward is STRONGER on 68.8% of ticks, equal on 0.0%
      and what the ANT reads there -- its own PheroAAlong: pointed AT the comb -0.1596 (n 4974)  |  pointed away -0.2187 (n 10674)
      A cue only works if BOTH lines are good: the plane has to carry it AND the nose has to see it.
    TRACE WOULD A TWO-FORWARD-SAMPLE COMPARATOR READ THE PLANE? -- `(far - near) / (far + near + guard)`, neither term the ant's own cell:
        near/far blind (both 0) along POINTED HOME     along AWAY separation
           1 / 2         1.4%        -0.0381        -0.0386    +0.0006
           1 / 3         1.3%        -0.0849        -0.0850    +0.0000
           2 / 4         1.3%        -0.0974        -0.0991    +0.0017
           3 / 6         1.4%        -0.1513        -0.1654    +0.0140
          6 / 12         2.9%        -0.2304        -0.3090    +0.0787   <- Z29's literal suggestion
      SEPARATION IS THE COLUMN. The shipped `(ahead - here)` reads -0.20 home against -0.24 away:
      a gap of 0.04 and NEGATIVE in both. A comparator earns its place by making that gap real
      AND by not being blind -- a pair that reads 0.0 most of the time is not a sensor.
    TRACE DOES SMELLING OVER TIME CARRY THE DIRECTION? -- `(live - lagged) / (live + lagged + guard)` on the ant's OWN cell,
      exponential lag 0.995, read off the plane with no wiring. Bucketed by distance from home, because heading and
      distance are correlated: an ant pointed away has usually just left the nest and stands in the bright end of the ramp.
            distance    state     ticks    along HOME     ticks    along AWAY   separation   mean level
           0-8 cells    moved        74       +0.3401       115       +0.1144      +0.2257       2541.4
           0-8 cells   frozen       464       +0.1413      2176       +0.0694      +0.0719       2279.4
          8-20 cells    moved       101       +0.2850         3       +0.4493      -0.1643       1463.3
          8-20 cells   frozen       173       +0.3199       479       +0.3211      -0.0012        871.0
         20-45 cells    moved       258       +0.2402         6       +0.2474      -0.0072       1214.6
         20-45 cells   frozen       444       +0.2040       627       +0.1382      +0.0658       1240.5
           45+ cells    moved       137       +0.2449         2       +0.1878      +0.0571        944.5
           45+ cells   frozen       375       +0.0861       288       +0.0337      +0.0524        710.2
      SEPARATION IS THE COLUMN, and `moved` is the row that matters -- a frozen ant is watching its OWN
      deposit climb on a cell it never left, which reads as up-gradient while it goes nowhere.
      Compare against the spatial table above: that one separates +0.0617 at 6/12 on the shipped world.
      AND READ THE LEVEL COLUMN. Channel A is a ramp, so the level is a function of distance -- and §7.48's
      fit cancels the wiring's level term at ONE value of it (`w_in` 0.12). If the level moves across these
      bands, no constant `w_in` cancels it everywhere and the wiring is right at one distance from home.
      READ THE TOP ROW'S SHARE. `(AtNest, Drop, 1.0889)` against `(Bias, Drop, -0.2)` puts P(drop) at
      EXACTLY 0 anywhere below adjacency, at any crop fill. So a small top row means the ants never
      REACH the comb, and a large one with few drops would mean they reach it and decline.
    TRACE does pointing HOME give a POSITIVE reading? -- the three-way fix test, see `tr_align`:
      heading vs home          n  mean along % positive   P(move)
        -1.0..-0.6      14298     -0.2828       3.8%    0.0047
        -0.6..-0.2         96     -0.4655       0.0%    0.0000
        -0.2..+0.2       8694     -0.2289       1.2%    0.0337
        +0.2..+0.6        228     -0.4089       0.0%    0.0181
        +0.6..+1.0      11070     -0.2558      15.2%    0.3617   <- POINTED AT HOME: this row is the answer
    TRACE response vs crop fill -- P(home) should CLIMB with fill; a step or a flat line is the defect:
           fill          n   P(move)   P(home)   P(away)    cells/tick
        0.9-1.0      39324    0.1134    0.0149    0.0016     +0.013300   <- the gate threshold falls inside this bin
    TRACE Move pre-squash terms, mean over the decisions each one was live for:
      h2               -2.26936   (live in 45270 of 39324)
      Bias             +2.00000   (live in 45270 of 39324)
      h3               +1.91085   (live in 45270 of 39324)
      Energy           -1.15303   (live in 45270 of 39324)
      h0               -1.08487   (live in 45270 of 39324)   <- THE TRAIL. `PheroAAlong` reaches `Move` here and nowhere else.
      h1               -0.98707   (live in 45270 of 39324)   <- THE TRAIL. `PheroAAlong` reaches `Move` here and nowhere else.
      KinNeed          +0.40569   (live in 45270 of 39324)
      Stillness        +0.19508   (live in 45270 of 39324)
      HomeAligned      -0.18029   (live in 45270 of 39324)
      Crowding         -0.15930   (live in 45270 of 39324)
      FoodAdjacent     -0.02045   (live in 45270 of 39324)
      Alarm            +0.00000   (live in 45270 of 39324)
    TRACE focal ant: 9432 decisions written to /tmp/trailfollow-focal-seed21-gap90.csv
   90   21  hand    0/0         5142      630    22176    39324    20712   12/20        7         3 0 0 17 0
                A READ  ant-readable homeward along >= 0.02 on  64.2% of route-cell samples | FOODWARD  12.9% | plane lit on  80.0% | peak amt  32397 cells  88
                THE LOOP, ANT BY ANT:
                  0. lived                                     20    100.0% of prev    100.0% of all
                  1. reached the food                          12     60.0% of prev     60.0% of all
                  2. picked food up out there                   9     75.0% of prev     45.0% of all
                  3. turned for home with it                    9    100.0% of prev     45.0% of all
                  4. got back to the nest still holding it      7     77.8% of prev     35.0% of all
                  5. PUT IT DOWN there                          7    100.0% of prev     35.0% of all
                  6. went back out again                        5     71.4% of prev     25.0% of all
                  7. reached the food a SECOND time             0      0.0% of prev      0.0% of all
                RETURN LEDGER reached food   12 of   20 ants | came back    7 | trips laden    6 empty    1 | LOOPERS    6 of   20 ants (50.0% of those that reached food), repeat    0, most loops by one ant   1
                BY ANCHOR AT PICKUP  anchor ON nest material:    5 loops /    7 pickups ( 71.4%) | anchor OFF it:    1 /    3 ( 33.3%)
                BY BIRTH SITE  born ON comb:   5 of   7 that reached food looped ( 71.4%) | born OFF comb:   1 of   5 ( 20.0%)
                LEGS legs[1243,1903,2497,1789,655,691,8611] laden[1243,1903,2497,1789,655,691]
                founded x   12..88   (nest cursor 48 MATERIAL x 26..70 11 of 20 founders born on it; food 138; nearest founder 50 cells out, farthest 126, nominal gap 90)  occupancy/1k [27 46 47 16 45 29 34 9]  carry->nest     523  born    0 died   20 (starved   18)
                own trail: route pk   75 end    0 along +0.0000  B nest->food [89,3746,6519,9678,8291]  blocked      277  kin swaps       0  ticks     42946  tumbles     18250 (homeward      929, 5.09%)  drops     303  DELIVERED   303  leg home n    7 med  1789 p90  2497 (laden n    6 med  1789 p90  2497)  appetite held         0 J of   6299520  trips born-on-comb    6 (11 ants) / born-off    1 (9 ants)
                channel A: PEAK amt  32397 cells   88 (of 91 route)  POLARITY|| +0.13128 && +0.11934 SPAN +0.01254 edge   5.2  end nest->food [6009,8684,713,74,0]  nest   25  AtNest 13.22%
                Carrying: laden     45132  of which SPOIL      5832 ( 12.9%)
    TRACE laden ants: n 24396  mean PheroAAlong -0.25058  MEAN |PheroAAlong| 0.29051  mean P(move) 0.1695  mean trail term (h0+h1 -> Move) -2.20933  net cells homeward 322 (+0.013199/tick)
    TRACE laden TICKS by what the sensor cell is -- the geometry test  [6.00 frames/tick, must equal tick_interval]:
      air (nose in open sky)             n     1884 ( 46.3% of ticks)   mean along -0.3199   usable (>= +0.02)   6.8%   frozen  73.8%
      solid (nose in ground)             n      803 ( 19.7% of ticks)   mean along -0.3377   usable (>= +0.02)   1.0%   frozen  62.9%
      surface (a trail could be here)    n     1379 ( 33.9% of ticks)   mean along -0.1052   usable (>= +0.02)  22.5%   frozen  62.8%
      => of 2762 FROZEN laden ticks (P(move) exactly 0), 69% had the nose in sky or ground
    TRACE freeze runs: n 378   median 3 ticks   p90 10   longest 123
    TRACE split by the sign of `along` -- the run-and-tumble test:
      facing UP-gradient     n     2772   P(move) 0.5198   not resting   77.3%   P(move)|>0 0.6727   cells homeward      178 (+0.064214/tick)
      facing DOWN-gradient   n    20388   P(move) 0.0963   not resting   23.0%   P(move)|>0 0.4181   cells homeward       59 (+0.002894/tick)
      no readable gradient   n     1236   P(move) 0.5910   not resting   79.6%   P(move)|>0 0.7424   cells homeward       85 (+0.068770/tick)
      => P(move) up-gradient minus down-gradient: +0.4234  (the homing drive; ~0 means the circuit is inert)
    TRACE PheroAAlong histogram (-1..+1 in ninths): [-0.89]372 [-0.67]2982 [-0.44]5076 [-0.22]10272 [+0.00]4098 [+0.22]1134 [+0.44]312 [+0.67]138 [+0.89]12
    TRACE homing gate: opens at Carrying >= 0.9890; OPEN on 24396 of 24396 laden decisions (100.00%)
    TRACE the same split, GATE OPEN only -- the only rows where the pair can respond at all:
        facing UP-gradient   n     2772   P(move) 0.5198   not resting   77.3%   P(move)|>0 0.6727   cells homeward      178 (+0.064214/tick)
        facing DOWN-gradient n    20388   P(move) 0.0963   not resting   23.0%   P(move)|>0 0.4181   cells homeward       59 (+0.002894/tick)
      => with the gate open, P(move) up minus down: +0.4234; cells homeward up minus down: +0.061320/tick
         (positive cells-homeward means the ramp the colony built points at the NEST)
    TRACE of the 24396 gate-open decisions, 18 (0.1%) are ants ALSO holding spoil -- see `tr_gate_open_spoil`
    TRACE split by whether the homing gate is OPEN -- the conversion test:
      gate OPEN              n    24396   P(move) 0.1695   not resting   32.1%   P(move)|>0 0.5286   cells homeward      322 (+0.013199/tick)
      gate SHUT              n 0
    TRACE WHY A LADEN ANT IS NOT PUTTING ITS LOAD DOWN -- its own `Drop` output, by how far the nearest nest material is:
       nearest nest material  laden ticks   % of laden  P(drop)      drops
           ADJACENT (AtNest)         2832        11.6%   0.4975         98   <- the only row where Drop can fire
                     2 cells         4044        16.6%   0.0000          3
                     4 cells          318         1.3%   0.0000          0
                     8 cells          786         3.2%   0.0000          0
                    16 cells         3216        13.2%   0.0000          1
                    32 cells         7944        32.6%   0.0000          2
              further / none         5256        21.5%   0.0000          0
    TRACE ...and when it misses by 2-4 cells, is the miss SIDEWAYS or UPWARD? (rows = |dx|, cols = |dy|)
                  |dy|=0         1         2         3        4+
        |dx|=1      0.0%      0.0%     43.9%      0.0%      0.0%
        |dx|=2      0.0%     20.8%     28.1%      0.8%      0.0%
        |dx|=4      0.0%      6.2%      0.3%      0.0%      0.0%
      MISSED ONLY UPWARD (|dx|<=1, |dy|>=2) -- standing on the doorstep, head too high: 43.9%
    TRACE CAN IT SMELL THE LAST FEW CELLS? -- channel A one step TOWARD the comb vs one step AWAY, at a 2-4 cell miss:
      n 4362  |  mean toward 2141.5  mean away 2041.4  |  toward is STRONGER on 63.3% of ticks, equal on 0.3%
      and what the ANT reads there -- its own PheroAAlong: pointed AT the comb -0.3061 (n 1272)  |  pointed away -0.2655 (n 3090)
      A cue only works if BOTH lines are good: the plane has to carry it AND the nose has to see it.
    TRACE WOULD A TWO-FORWARD-SAMPLE COMPARATOR READ THE PLANE? -- `(far - near) / (far + near + guard)`, neither term the ant's own cell:
        near/far blind (both 0) along POINTED HOME     along AWAY separation
           1 / 2         6.8%        -0.0369        -0.0366    -0.0002
           1 / 3         6.6%        -0.0957        -0.0810    -0.0146
           2 / 4         7.0%        -0.1278        -0.0974    -0.0303
           3 / 6         6.9%        -0.1980        -0.1673    -0.0307
          6 / 12         9.5%        -0.2849        -0.3539    +0.0691   <- Z29's literal suggestion
      SEPARATION IS THE COLUMN. The shipped `(ahead - here)` reads -0.20 home against -0.24 away:
      a gap of 0.04 and NEGATIVE in both. A comparator earns its place by making that gap real
      AND by not being blind -- a pair that reads 0.0 most of the time is not a sensor.
    TRACE DOES SMELLING OVER TIME CARRY THE DIRECTION? -- `(live - lagged) / (live + lagged + guard)` on the ant's OWN cell,
      exponential lag 0.995, read off the plane with no wiring. Bucketed by distance from home, because heading and
      distance are correlated: an ant pointed away has usually just left the nest and stands in the bright end of the ramp.
            distance    state     ticks    along HOME     ticks    along AWAY   separation   mean level
           0-8 cells    moved        80       +0.3525       266       +0.1204      +0.2321       2653.8
           0-8 cells   frozen       772       +0.2001      1238       +0.0692      +0.1308       2382.7
          8-20 cells    moved        79       +0.3451         2       +0.2553      +0.0898       1570.0
          8-20 cells   frozen        78       +0.3159        48       +0.3187      -0.0028       1650.7
         20-45 cells    moved       163       +0.1309        13       -0.0042      +0.1352        483.6
         20-45 cells   frozen       269       +0.2369       172       +0.2231      +0.0138        804.7
           45+ cells    moved        37       +0.1090         7       -0.0522      +0.1613        378.5
           45+ cells   frozen        38       +0.1090        24       +0.0000      +0.1090        264.0
      SEPARATION IS THE COLUMN, and `moved` is the row that matters -- a frozen ant is watching its OWN
      deposit climb on a cell it never left, which reads as up-gradient while it goes nowhere.
      Compare against the spatial table above: that one separates +0.0617 at 6/12 on the shipped world.
      AND READ THE LEVEL COLUMN. Channel A is a ramp, so the level is a function of distance -- and §7.48's
      fit cancels the wiring's level term at ONE value of it (`w_in` 0.12). If the level moves across these
      bands, no constant `w_in` cancels it everywhere and the wiring is right at one distance from home.
      READ THE TOP ROW'S SHARE. `(AtNest, Drop, 1.0889)` against `(Bias, Drop, -0.2)` puts P(drop) at
      EXACTLY 0 anywhere below adjacency, at any crop fill. So a small top row means the ants never
      REACH the comb, and a large one with few drops would mean they reach it and decline.
    TRACE does pointing HOME give a POSITIVE reading? -- the three-way fix test, see `tr_align`:
      heading vs home          n  mean along % positive   P(move)
        -1.0..-0.6       7566     -0.2391      18.2%    0.0345
        -0.6..-0.2         60     -0.4086      10.0%    0.0669
        -0.2..+0.2       3786     -0.2412       0.6%    0.0682
        +0.2..+0.6        174     -0.2757       0.0%    0.0182
        +0.6..+1.0       8172     -0.2835      15.1%    0.4242   <- POINTED AT HOME: this row is the answer
    TRACE response vs crop fill -- P(home) should CLIMB with fill; a step or a flat line is the defect:
           fill          n   P(move)   P(home)   P(away)    cells/tick
        0.9-1.0      24396    0.1695    0.0190    0.0058     +0.013199   <- the gate threshold falls inside this bin
    TRACE Move pre-squash terms, mean over the decisions each one was live for:
      h2               -2.20628   (live in 30330 of 24396)
      Bias             +2.00000   (live in 30330 of 24396)
      h3               +1.63562   (live in 30330 of 24396)
      h0               -1.12993   (live in 30330 of 24396)   <- THE TRAIL. `PheroAAlong` reaches `Move` here and nowhere else.
      Energy           -0.96209   (live in 30330 of 24396)
      h1               -0.64789   (live in 30330 of 24396)   <- THE TRAIL. `PheroAAlong` reaches `Move` here and nowhere else.
      KinNeed          +0.57406   (live in 30330 of 24396)
      Crowding         -0.15964   (live in 30330 of 24396)
      FoodAdjacent     -0.07733   (live in 30330 of 24396)
      HomeAligned      +0.06305   (live in 30330 of 24396)
      Stillness        +0.04624   (live in 30330 of 24396)
      Alarm            +0.00000   (live in 30330 of 24396)
    TRACE focal ant: 7674 decisions written to /tmp/trailfollow-focal-seed22-gap90.csv
   90   22  hand    0/0         3191      666    19014    24396     7560    7/20        2          5 1 5 9 0
                A READ  ant-readable homeward along >= 0.02 on  53.7% of route-cell samples | FOODWARD  15.2% | plane lit on  66.8% | peak amt  28984 cells  86
                THE LOOP, ANT BY ANT:
                  0. lived                                     20    100.0% of prev    100.0% of all
                  1. reached the food                           7     35.0% of prev     35.0% of all
                  2. picked food up out there                   5     71.4% of prev     25.0% of all
                  3. turned for home with it                    5    100.0% of prev     25.0% of all
                  4. got back to the nest still holding it      2     40.0% of prev     10.0% of all
                  5. PUT IT DOWN there                          1     50.0% of prev      5.0% of all
                  6. went back out again                        1    100.0% of prev      5.0% of all
                  7. reached the food a SECOND time             0      0.0% of prev      0.0% of all
                RETURN LEDGER reached food    7 of   20 ants | came back    2 | trips laden    1 empty    1 | LOOPERS    1 of   20 ants (14.3% of those that reached food), repeat    0, most loops by one ant   1
                BY ANCHOR AT PICKUP  anchor ON nest material:    1 loops /    1 pickups (100.0%) | anchor OFF it:    0 /    5 (  0.0%)
                BY BIRTH SITE  born ON comb:   1 of   2 that reached food looped ( 50.0%) | born OFF comb:   0 of   5 (  0.0%)
                LEGS legs[1375,5425] laden[1375]
                founded x   12..88   (nest cursor 48 MATERIAL x 26..70 11 of 20 founders born on it; food 138; nearest founder 50 cells out, farthest 126, nominal gap 90)  occupancy/1k [49 18 67 32 23 12 13 4]  carry->nest     322  born    0 died   20 (starved   19)
                own trail: route pk   62 end    0 along +0.0000  B nest->food [89,3305,6525,9561,8291]  blocked      172  kin swaps       0  ticks     36692  tumbles     15645 (homeward      454, 2.90%)  drops     199  DELIVERED   199  leg home n    2 med  5425 p90  5425 (laden n    1 med  1375 p90  1375)  appetite held         0 J of   3910080  trips born-on-comb    1 (11 ants) / born-off    1 (9 ants)
                channel A: PEAK amt  28984 cells   86 (of 91 route)  POLARITY|| +0.13241 && +0.11948 SPAN +0.02578 edge   6.0  end nest->food [1225,2574,745,0,0]  nest   25  AtNest  7.20%
                Carrying: laden     27204  of which SPOIL      2826 ( 10.4%)
    TRACE laden ants: n 31063  mean PheroAAlong -0.28908  MEAN |PheroAAlong| 0.32515  mean P(move) 0.1083  mean trail term (h0+h1 -> Move) -2.51509  net cells homeward 355 (+0.011428/tick)
    TRACE laden TICKS by what the sensor cell is -- the geometry test  [6.00 frames/tick, must equal tick_interval]:
      air (nose in open sky)             n     2585 ( 49.9% of ticks)   mean along -0.3474   usable (>= +0.02)   2.3%   frozen  90.8%
      solid (nose in ground)             n     1245 ( 24.0% of ticks)   mean along -0.3871   usable (>= +0.02)   1.4%   frozen  80.6%
      surface (a trail could be here)    n     1348 ( 26.0% of ticks)   mean along -0.0866   usable (>= +0.02)  25.6%   frozen  57.1%
      => of 4122 FROZEN laden ticks (P(move) exactly 0), 81% had the nose in sky or ground
    TRACE freeze runs: n 252   median 4 ticks   p90 40   longest 501
    TRACE split by the sign of `along` -- the run-and-tumble test:
      facing UP-gradient     n     2700   P(move) 0.5978   not resting   79.8%   P(move)|>0 0.7494   cells homeward      231 (+0.085556/tick)
      facing DOWN-gradient   n    27031   P(move) 0.0415   not resting   11.6%   P(move)|>0 0.3578   cells homeward       90 (+0.003330/tick)
      no readable gradient   n     1332   P(move) 0.4724   not resting   78.8%   P(move)|>0 0.5992   cells homeward       34 (+0.025526/tick)
      => P(move) up-gradient minus down-gradient: +0.5564  (the homing drive; ~0 means the circuit is inert)
    TRACE PheroAAlong histogram (-1..+1 in ninths): [-0.89]144 [-0.67]3804 [-0.44]9852 [-0.22]11413 [+0.00]4218 [+0.22]1044 [+0.44]468 [+0.67]114 [+0.89]6
    TRACE homing gate: opens at Carrying >= 0.9890; OPEN on 31063 of 31063 laden decisions (100.00%)
    TRACE the same split, GATE OPEN only -- the only rows where the pair can respond at all:
        facing UP-gradient   n     2700   P(move) 0.5978   not resting   79.8%   P(move)|>0 0.7494   cells homeward      231 (+0.085556/tick)
        facing DOWN-gradient n    27031   P(move) 0.0415   not resting   11.6%   P(move)|>0 0.3578   cells homeward       90 (+0.003330/tick)
      => with the gate open, P(move) up minus down: +0.5564; cells homeward up minus down: +0.082226/tick
         (positive cells-homeward means the ramp the colony built points at the NEST)
    TRACE of the 31063 gate-open decisions, 0 (0.0%) are ants ALSO holding spoil -- see `tr_gate_open_spoil`
    TRACE split by whether the homing gate is OPEN -- the conversion test:
      gate OPEN              n    31063   P(move) 0.1083   not resting   20.4%   P(move)|>0 0.5309   cells homeward      355 (+0.011428/tick)
      gate SHUT              n 0
    TRACE WHY A LADEN ANT IS NOT PUTTING ITS LOAD DOWN -- its own `Drop` output, by how far the nearest nest material is:
       nearest nest material  laden ticks   % of laden  P(drop)      drops
           ADJACENT (AtNest)         8929        28.7%   0.4890         94   <- the only row where Drop can fire
                     2 cells         5190        16.7%   0.0000          0
                     4 cells          492         1.6%   0.0000          0
                     8 cells          156         0.5%   0.0000          0
                    16 cells         1626         5.2%   0.0000          0
                    32 cells         3672        11.8%   0.0000          1
              further / none        10998        35.4%   0.0000          0
    TRACE ...and when it misses by 2-4 cells, is the miss SIDEWAYS or UPWARD? (rows = |dx|, cols = |dy|)
                  |dy|=0         1         2         3        4+
        |dx|=0      0.0%      0.0%     17.4%      0.0%      0.0%
        |dx|=1      0.0%      0.0%     13.3%      3.5%      0.0%
        |dx|=2      0.0%      8.8%     51.8%      0.1%      0.0%
        |dx|=3      0.0%      0.0%      0.0%      5.0%      0.0%
        |dx|=4      0.0%      0.0%      0.1%      0.0%      0.0%
      MISSED ONLY UPWARD (|dx|<=1, |dy|>=2) -- standing on the doorstep, head too high: 34.2%
    TRACE CAN IT SMELL THE LAST FEW CELLS? -- channel A one step TOWARD the comb vs one step AWAY, at a 2-4 cell miss:
      n 5682  |  mean toward 4410.9  mean away 4572.4  |  toward is STRONGER on 40.4% of ticks, equal on 0.0%
      and what the ANT reads there -- its own PheroAAlong: pointed AT the comb -0.3763 (n 3324)  |  pointed away -0.3389 (n 2358)
      A cue only works if BOTH lines are good: the plane has to carry it AND the nose has to see it.
    TRACE WOULD A TWO-FORWARD-SAMPLE COMPARATOR READ THE PLANE? -- `(far - near) / (far + near + guard)`, neither term the ant's own cell:
        near/far blind (both 0) along POINTED HOME     along AWAY separation
           1 / 2         7.6%        -0.0601        -0.0625    +0.0024
           1 / 3         6.8%        -0.1398        -0.1298    -0.0100
           2 / 4         7.0%        -0.1565        -0.1387    -0.0178
           3 / 6         8.1%        -0.1915        -0.1896    -0.0019
          6 / 12        20.9%        -0.1675        -0.2518    +0.0843   <- Z29's literal suggestion
      SEPARATION IS THE COLUMN. The shipped `(ahead - here)` reads -0.20 home against -0.24 away:
      a gap of 0.04 and NEGATIVE in both. A comparator earns its place by making that gap real
      AND by not being blind -- a pair that reads 0.0 most of the time is not a sensor.
    TRACE DOES SMELLING OVER TIME CARRY THE DIRECTION? -- `(live - lagged) / (live + lagged + guard)` on the ant's OWN cell,
      exponential lag 0.995, read off the plane with no wiring. Bucketed by distance from home, because heading and
      distance are correlated: an ant pointed away has usually just left the nest and stands in the bright end of the ramp.
            distance    state     ticks    along HOME     ticks    along AWAY   separation   mean level
           0-8 cells    moved        66       +0.4086        90       +0.2265      +0.1822       2733.8
           0-8 cells   frozen       602       +0.1757       650       +0.1009      +0.0748       3798.5
          8-20 cells   frozen       100       +0.3951        72       +0.2920      +0.1032        592.8
         20-45 cells    moved       192       +0.1246         3       -0.0846      +0.2092        308.0
         20-45 cells   frozen       322       +0.1956       475       +0.1899      +0.0058        603.8
           45+ cells    moved        84       +0.1624         4       -0.0699      +0.2322        350.0
           45+ cells   frozen       256       +0.1107       392       +0.0692      +0.0416        270.4
      SEPARATION IS THE COLUMN, and `moved` is the row that matters -- a frozen ant is watching its OWN
      deposit climb on a cell it never left, which reads as up-gradient while it goes nowhere.
      Compare against the spatial table above: that one separates +0.0617 at 6/12 on the shipped world.
      AND READ THE LEVEL COLUMN. Channel A is a ramp, so the level is a function of distance -- and §7.48's
      fit cancels the wiring's level term at ONE value of it (`w_in` 0.12). If the level moves across these
      bands, no constant `w_in` cancels it everywhere and the wiring is right at one distance from home.
      READ THE TOP ROW'S SHARE. `(AtNest, Drop, 1.0889)` against `(Bias, Drop, -0.2)` puts P(drop) at
      EXACTLY 0 anywhere below adjacency, at any crop fill. So a small top row means the ants never
      REACH the comb, and a large one with few drops would mean they reach it and decline.
    TRACE does pointing HOME give a POSITIVE reading? -- the three-way fix test, see `tr_align`:
      heading vs home          n  mean along % positive   P(move)
        -1.0..-0.6       6864     -0.2711      14.2%    0.0250
        -0.6..-0.2         60     -0.3131       0.0%    0.0000
        -0.2..+0.2       3690     -0.4092       0.3%    0.0074
        +0.2..+0.6         18     -0.2664       0.0%    0.0756
        +0.6..+1.0       9642     -0.2939      14.6%    0.2910   <- POINTED AT HOME: this row is the answer
    TRACE response vs crop fill -- P(home) should CLIMB with fill; a step or a flat line is the defect:
           fill          n   P(move)   P(home)   P(away)    cells/tick
        0.9-1.0      31063    0.1083    0.0140    0.0026     +0.011428   <- the gate threshold falls inside this bin
    TRACE Move pre-squash terms, mean over the decisions each one was live for:
      Bias             +2.00000   (live in 45631 of 31063)
      h2               -1.82253   (live in 45631 of 31063)
      h0               -1.47290   (live in 45631 of 31063)   <- THE TRAIL. `PheroAAlong` reaches `Move` here and nowhere else.
      Energy           -1.22523   (live in 45631 of 31063)
      h3               +1.22325   (live in 45631 of 31063)
      KinNeed          +0.25182   (live in 45631 of 31063)
      h1               -0.24055   (live in 45631 of 31063)   <- THE TRAIL. `PheroAAlong` reaches `Move` here and nowhere else.
      Stillness        +0.22083   (live in 45631 of 31063)
      HomeAligned      +0.17543   (live in 45631 of 31063)
      Crowding         -0.14042   (live in 45631 of 31063)
      FoodAdjacent     -0.08572   (live in 45631 of 31063)
      Alarm            +0.00000   (live in 45631 of 31063)
    TRACE focal ant: 22464 decisions written to /tmp/trailfollow-focal-seed23-gap90.csv
   90   23  hand    2/2         4065      546        0    31063    14617    7/20        5          5 1 5 9 0
                A READ  ant-readable homeward along >= 0.02 on  49.0% of route-cell samples | FOODWARD  20.1% | plane lit on  68.8% | peak amt  22284 cells  86
                THE LOOP, ANT BY ANT:
                  0. lived                                     20    100.0% of prev    100.0% of all
                  1. reached the food                           7     35.0% of prev     35.0% of all
                  2. picked food up out there                   7    100.0% of prev     35.0% of all
                  3. turned for home with it                    6     85.7% of prev     30.0% of all
                  4. got back to the nest still holding it      3     50.0% of prev     15.0% of all
                  5. PUT IT DOWN there                          3    100.0% of prev     15.0% of all
                  6. went back out again                        0      0.0% of prev      0.0% of all
                  7. reached the food a SECOND time             0      0.0% of prev      0.0% of all
                RETURN LEDGER reached food    7 of   20 ants | came back    5 | trips laden    1 empty    4 | LOOPERS    1 of   20 ants (14.3% of those that reached food), repeat    0, most loops by one ant   1
                BY ANCHOR AT PICKUP  anchor ON nest material:    0 loops /    2 pickups (  0.0%) | anchor OFF it:    1 /    7 ( 14.3%)
                BY BIRTH SITE  born ON comb:   0 of   2 that reached food looped (  0.0%) | born OFF comb:   1 of   5 ( 20.0%)
                LEGS legs[4339,3643,4303,739,4759] laden[739]
                founded x   12..88   (nest cursor 48 MATERIAL x 26..70 11 of 20 founders born on it; food 138; nearest founder 50 cells out, farthest 126, nominal gap 90)  occupancy/1k [23 56 29 35 22 20 23 1]  carry->nest     355  born    0 died   18 (starved   17)
                own trail: route pk   67 end    9 along +0.0000  B nest->food [89,3175,6485,9634,8290]  blocked      185  kin swaps       0  ticks     35629  tumbles     15004 (homeward      338, 2.25%)  drops     542  DELIVERED   542  leg home n    5 med  4303 p90  4759 (laden n    1 med   739 p90   739)  appetite held         0 J of   4979520  trips born-on-comb    1 (11 ants) / born-off    4 (9 ants)
                channel A: PEAK amt  22284 cells   86 (of 91 route)  POLARITY|| +0.12336 && +0.11378 SPAN +0.01806 edge   6.1  end nest->food [441,2206,43,0,0]  nest   25  AtNest 20.53%
                Carrying: laden     34705  of which SPOIL      3642 ( 10.5%)
    TRACE laden ants: n 33888  mean PheroAAlong -0.24591  MEAN |PheroAAlong| 0.30494  mean P(move) 0.1399  mean trail term (h0+h1 -> Move) -2.07006  net cells homeward 421 (+0.012423/tick)
    TRACE laden TICKS by what the sensor cell is -- the geometry test  [6.00 frames/tick, must equal tick_interval]:
      air (nose in open sky)             n     2247 ( 39.8% of ticks)   mean along -0.3071   usable (>= +0.02)  10.0%   frozen  83.5%
      solid (nose in ground)             n     1231 ( 21.8% of ticks)   mean along -0.3447   usable (>= +0.02)   4.2%   frozen  80.3%
      surface (a trail could be here)    n     2170 ( 38.4% of ticks)   mean along -0.1265   usable (>= +0.02)  27.6%   frozen  56.7%
      => of 4096 FROZEN laden ticks (P(move) exactly 0), 70% had the nose in sky or ground
    TRACE freeze runs: n 383   median 4 ticks   p90 23   longest 222
    TRACE split by the sign of `along` -- the run-and-tumble test:
      facing UP-gradient     n     5712   P(move) 0.4558   not resting   68.7%   P(move)|>0 0.6636   cells homeward      293 (+0.051296/tick)
      facing DOWN-gradient   n    27036   P(move) 0.0544   not resting   16.4%   P(move)|>0 0.3324   cells homeward       30 (+0.001110/tick)
      no readable gradient   n     1140   P(move) 0.5835   not resting   84.2%   P(move)|>0 0.6929   cells homeward       98 (+0.085965/tick)
      => P(move) up-gradient minus down-gradient: +0.4014  (the homing drive; ~0 means the circuit is inert)
    TRACE PheroAAlong histogram (-1..+1 in ninths): [-0.89]1164 [-0.67]2526 [-0.44]8922 [-0.22]11766 [+0.00]6204 [+0.22]2526 [+0.44]672 [+0.67]84 [+0.89]24
    TRACE homing gate: opens at Carrying >= 0.9890; OPEN on 33888 of 33888 laden decisions (100.00%)
    TRACE the same split, GATE OPEN only -- the only rows where the pair can respond at all:
        facing UP-gradient   n     5712   P(move) 0.4558   not resting   68.7%   P(move)|>0 0.6636   cells homeward      293 (+0.051296/tick)
        facing DOWN-gradient n    27036   P(move) 0.0544   not resting   16.4%   P(move)|>0 0.3324   cells homeward       30 (+0.001110/tick)
      => with the gate open, P(move) up minus down: +0.4014; cells homeward up minus down: +0.050186/tick
         (positive cells-homeward means the ramp the colony built points at the NEST)
    TRACE of the 33888 gate-open decisions, 0 (0.0%) are ants ALSO holding spoil -- see `tr_gate_open_spoil`
    TRACE split by whether the homing gate is OPEN -- the conversion test:
      gate OPEN              n    33888   P(move) 0.1399   not resting   27.5%   P(move)|>0 0.5091   cells homeward      421 (+0.012423/tick)
      gate SHUT              n 0
    TRACE WHY A LADEN ANT IS NOT PUTTING ITS LOAD DOWN -- its own `Drop` output, by how far the nearest nest material is:
       nearest nest material  laden ticks   % of laden  P(drop)      drops
           ADJACENT (AtNest)          720         2.1%   0.4882          0   <- the only row where Drop can fire
                     2 cells          720         2.1%   0.0000          0
                     4 cells          138         0.4%   0.0000          0
                     8 cells         3144         9.3%   0.0000          1
                    16 cells         5802        17.1%   0.0000          1
                    32 cells        10158        30.0%   0.0000          3
              further / none        13206        39.0%   0.0000          4
    TRACE ...and when it misses by 2-4 cells, is the miss SIDEWAYS or UPWARD? (rows = |dx|, cols = |dy|)
                  |dy|=0         1         2         3        4+
        |dx|=1      0.0%      0.0%     65.7%      0.0%      0.0%
        |dx|=2      0.0%     11.2%      7.0%      0.0%      0.0%
        |dx|=4      0.0%      0.0%     12.6%      3.5%      0.0%
      MISSED ONLY UPWARD (|dx|<=1, |dy|>=2) -- standing on the doorstep, head too high: 65.7%
    TRACE CAN IT SMELL THE LAST FEW CELLS? -- channel A one step TOWARD the comb vs one step AWAY, at a 2-4 cell miss:
      n 858  |  mean toward 4237.5  mean away 3035.5  |  toward is STRONGER on 88.1% of ticks, equal on 0.0%
      and what the ANT reads there -- its own PheroAAlong: pointed AT the comb -0.3150 (n 378)  |  pointed away -0.3416 (n 480)
      A cue only works if BOTH lines are good: the plane has to carry it AND the nose has to see it.
    TRACE WOULD A TWO-FORWARD-SAMPLE COMPARATOR READ THE PLANE? -- `(far - near) / (far + near + guard)`, neither term the ant's own cell:
        near/far blind (both 0) along POINTED HOME     along AWAY separation
           1 / 2         4.2%        -0.0487        -0.0374    -0.0114
           1 / 3         3.9%        -0.1090        -0.0789    -0.0301
           2 / 4         5.9%        -0.1260        -0.0888    -0.0372
           3 / 6         7.1%        -0.1622        -0.1447    -0.0175
          6 / 12        23.3%        -0.1460        -0.2541    +0.1081   <- Z29's literal suggestion
      SEPARATION IS THE COLUMN. The shipped `(ahead - here)` reads -0.20 home against -0.24 away:
      a gap of 0.04 and NEGATIVE in both. A comparator earns its place by making that gap real
      AND by not being blind -- a pair that reads 0.0 most of the time is not a sensor.
    TRACE DOES SMELLING OVER TIME CARRY THE DIRECTION? -- `(live - lagged) / (live + lagged + guard)` on the ant's OWN cell,
      exponential lag 0.995, read off the plane with no wiring. Bucketed by distance from home, because heading and
      distance are correlated: an ant pointed away has usually just left the nest and stands in the bright end of the ramp.
            distance    state     ticks    along HOME     ticks    along AWAY   separation   mean level
           0-8 cells    moved       116       +0.2154       176       +0.1402      +0.0752       1083.4
           0-8 cells   frozen      1045       +0.2026      1058       +0.1652      +0.0374       1317.5
          8-20 cells    moved       106       +0.1890         3       +0.3401      -0.1511        688.6
          8-20 cells   frozen       352       +0.2218       283       +0.3108      -0.0890       1753.5
         20-45 cells    moved       209       -0.0399         3       +0.0000      -0.0399        130.2
         20-45 cells   frozen       370       -0.0398       168       +0.0004      -0.0402        208.9
           45+ cells    moved        67       +0.0689         6       -0.1042      +0.1731        211.1
           45+ cells   frozen       665       -0.1691       256       -0.1037      -0.0655        140.1
      SEPARATION IS THE COLUMN, and `moved` is the row that matters -- a frozen ant is watching its OWN
      deposit climb on a cell it never left, which reads as up-gradient while it goes nowhere.
      Compare against the spatial table above: that one separates +0.0617 at 6/12 on the shipped world.
      AND READ THE LEVEL COLUMN. Channel A is a ramp, so the level is a function of distance -- and §7.48's
      fit cancels the wiring's level term at ONE value of it (`w_in` 0.12). If the level moves across these
      bands, no constant `w_in` cancels it everywhere and the wiring is right at one distance from home.
      READ THE TOP ROW'S SHARE. `(AtNest, Drop, 1.0889)` against `(Bias, Drop, -0.2)` puts P(drop) at
      EXACTLY 0 anywhere below adjacency, at any crop fill. So a small top row means the ants never
      REACH the comb, and a large one with few drops would mean they reach it and decline.
    TRACE does pointing HOME give a POSITIVE reading? -- the three-way fix test, see `tr_align`:
      heading vs home          n  mean along % positive   P(move)
        -1.0..-0.6       8016     -0.1842      36.3%    0.0486
        -0.6..-0.2        270     -0.4648       0.0%    0.0000
        -0.2..+0.2       4056     -0.2432       6.2%    0.0463
        +0.2..+0.6        300     -0.3319       8.0%    0.0610
        +0.6..+1.0      16704     -0.2821      11.1%    0.2171   <- POINTED AT HOME: this row is the answer
    TRACE response vs crop fill -- P(home) should CLIMB with fill; a step or a flat line is the defect:
           fill          n   P(move)   P(home)   P(away)    cells/tick
        0.9-1.0      33888    0.1399    0.0168    0.0044     +0.012423   <- the gate threshold falls inside this bin
    TRACE Move pre-squash terms, mean over the decisions each one was live for:
      Bias             +2.00000   (live in 45168 of 33888)
      h2               -1.95197   (live in 45168 of 33888)
      h3               +1.49567   (live in 45168 of 33888)
      Energy           -1.49202   (live in 45168 of 33888)
      h0               -1.18022   (live in 45168 of 33888)   <- THE TRAIL. `PheroAAlong` reaches `Move` here and nowhere else.
      HomeAligned      +0.47856   (live in 45168 of 33888)
      h1               -0.37325   (live in 45168 of 33888)   <- THE TRAIL. `PheroAAlong` reaches `Move` here and nowhere else.
      KinNeed          +0.19576   (live in 45168 of 33888)
      Stillness        +0.11178   (live in 45168 of 33888)
      Crowding         -0.11150   (live in 45168 of 33888)
      FoodAdjacent     -0.01536   (live in 45168 of 33888)
      Alarm            +0.00000   (live in 45168 of 33888)
    TRACE focal ant: 16506 decisions written to /tmp/trailfollow-focal-seed24-gap90.csv
   90   24  hand    0/0         4432      810    17742    33888     1638    8/20        4          6 2 4 8 0
                A READ  ant-readable homeward along >= 0.02 on  49.8% of route-cell samples | FOODWARD  20.3% | plane lit on  68.6% | peak amt  14336 cells  86
                THE LOOP, ANT BY ANT:
                  0. lived                                     20    100.0% of prev    100.0% of all
                  1. reached the food                           8     40.0% of prev     40.0% of all
                  2. picked food up out there                   7     87.5% of prev     35.0% of all
                  3. turned for home with it                    6     85.7% of prev     30.0% of all
                  4. got back to the nest still holding it      3     50.0% of prev     15.0% of all
                  5. PUT IT DOWN there                          1     33.3% of prev      5.0% of all
                  6. went back out again                        1    100.0% of prev      5.0% of all
                  7. reached the food a SECOND time             0      0.0% of prev      0.0% of all
                RETURN LEDGER reached food    8 of   20 ants | came back    4 | trips laden    2 empty    2 | LOOPERS    2 of   20 ants (25.0% of those that reached food), repeat    0, most loops by one ant   1
                BY ANCHOR AT PICKUP  anchor ON nest material:    1 loops /    2 pickups ( 50.0%) | anchor OFF it:    1 /    7 ( 14.3%)
                BY BIRTH SITE  born ON comb:   1 of   3 that reached food looped ( 33.3%) | born OFF comb:   1 of   5 ( 20.0%)
                LEGS legs[2101,4255,8251,10099] laden[2101,4255]
                founded x   12..88   (nest cursor 48 MATERIAL x 26..70 11 of 20 founders born on it; food 138; nearest founder 50 cells out, farthest 126, nominal gap 90)  occupancy/1k [39 25 59 68 16 22 11 5]  carry->nest     421  born    0 died   20 (starved   17)
                own trail: route pk   68 end    0 along +0.0000  B nest->food [89,3124,6536,9611,8291]  blocked      389  kin swaps       0  ticks     41491  tumbles     18205 (homeward      798, 4.38%)  drops      49  DELIVERED    49  leg home n    4 med  8251 p90 10099 (laden n    2 med  4255 p90  4255)  appetite held         0 J of   5430720  trips born-on-comb    2 (11 ants) / born-off    2 (9 ants)
                channel A: PEAK amt  14336 cells   86 (of 91 route)  POLARITY|| +0.11288 && +0.10493 SPAN +0.00821 edge   7.9  end nest->food [514,919,0,0,0]  nest   25  AtNest 10.37%
                Carrying: laden     42036  of which SPOIL      8148 ( 19.4%)

  larder put out, over the whole sweep: 97440-144960 J, against a need near 46,800 J
    for 52 ants over 24,000 frames -- so these colonies are provisioned, not starved.
  intake off anything that is not the larder is ASSERTED to be 0 in every row, not printed.

  `self` vs `mute` is the real question: do the ants' OWN trails do anything?
  `visitors` is DISTINCT ants that reached the food over distinct ants that ever lived --
    recruitment, which `near` ant-ticks cannot see: 50 visitors and 1 resident read alike.
  `trips` is nest -> food -> nest, closed on the RETURN. `reach` buckets every ant by how
  `occupancy` is ant-ticks in 8 equal bands, NEST END FIRST, food end last -- a commuting
    colony is bimodal, a dispersing one slides its mass right, a homebody is a spike at 0.
  `carry->nest` is signed cells moved while holding larder, POSITIVE = homeward. Near zero
    means food is picked up and wandered with, which is a different fault from not finding it.
    far it ever got, as a share of the gap, so a commuting population is visible as a shape.
  `hand` vs `self` only says whether a laid ramp beats what they bootstrap.
  `hmute` is the DECAY BASELINE for `route pk`: our ramp laid, the ants silenced.
  `flatN`/`flatF` are the POLARITY metric's negative controls: a FLAT channel A blob over
    the nest half / the food half, ants' EmitA silenced. A field with no ramp in it at all.
    A correct metric reads 0 on both. POLARITY|| is predicted to read ~+0.12 and ~-0.12,
    which brackets every polarity figure in the report -- see `lay_flat`.
  `homeA` lays a channel A HOMING ramp and no food trail -- if laden ants only fail
    to route because they cannot find their way home, this is where their own B appears.
  `carry` is ant-ticks holding larder in the crop; `carry@nest` is those inside the +-26 nest band --
    that pair is the answer to "is food being carried back", which a cell census cannot give.
  `other J` must read 0 in every row: it is the check that `onlyfood` held.
  A gap where `alive` reaches 0 in every arm is measuring a dead colony, not a deaf one.
